shot_id,arrival_time_us,start_time_us,finish_time_us,worker_id,latency_us,response_time_us,deadline_us,deadline_miss,backlog,pauli_frame_lag,pauli_frame_lag_violation,selected_decoder,prediction,observable,logical_error,logical_boundary,rounds_until_boundary,boundary_drain,boundary_commit_success,ai_model_type,ai_history_length,ai_risk_score,ai_hard_runtime_score,ai_runtime_pred,ai_confidence,fast_wrong_prob,fast_logical_fail_prob,hard_runtime_prob,safe_fast_prob,combined_fast_risk
12,84.0,84.0,108.3,0,24.3,24.299999999999997,112.0,False,1,0,False,accurate,1,1,False,False,87,False,True,,,,,,,,,,,
13,91.0,108.3,112.99417000671228,0,4.694170006712284,21.99417000671228,119.0,False,2,1,False,fast,0,0,False,False,86,False,True,,,,,,,,,,,
16,112.0,112.99417000671228,134.57750816653174,0,21.583338159819473,22.577508166531743,140.0,False,2,1,False,accurate,0,0,False,False,83,False,True,,,,,,,,,,,
17,119.0,134.57750816653174,153.9645895504952,0,19.387081383963434,34.96458955049519,147.0,True,2,1,False,accurate,1,1,False,False,82,False,False,,,,,,,,,,,
25,175.0,175.0,189.20000076293945,0,14.200000762939453,14.200000762939453,203.0,False,1,0,False,accurate,1,1,False,False,74,False,True,,,,,,,,,,,
27,189.0,189.20000076293945,193.5,0,4.299999237060547,4.5,217.0,False,2,1,False,fast,0,0,False,False,72,False,True,,,,,,,,,,,
29,203.0,203.0,220.20000076293945,0,17.200000762939453,17.200000762939453,231.0,False,1,0,False,accurate,1,1,False,False,70,False,True,,,,,,,,,,,
31,217.0,220.20000076293945,224.5999984741211,0,4.399997711181641,7.599998474121094,245.0,False,2,1,False,fast,0,0,False,False,68,False,True,,,,,,,,,,,
32,224.0,224.5999984741211,229.20000076293945,0,4.600002288818359,5.200000762939453,252.0,False,2,1,False,fast,0,0,False,False,67,False,True,,,,,,,,,,,
34,238.0,238.0,253.00000381469727,0,15.000003814697266,15.000003814697266,266.0,False,1,0,False,accurate,1,1,False,False,65,False,True,,,,,,,,,,,
35,245.0,253.00000381469727,257.2000045776367,0,4.200000762939453,12.200004577636719,273.0,False,2,1,False,fast,0,0,False,False,64,False,True,,,,,,,,,,,
36,252.0,257.2000045776367,261.7000045776367,0,4.5,9.700004577636719,280.0,False,3,2,False,fast,0,0,False,False,63,False,True,,,,,,,,,,,
38,266.0,266.0,270.5999984741211,0,4.599998474121094,4.599998474121094,294.0,False,1,0,False,fast,0,0,False,False,61,False,True,,,,,,,,,,,
41,287.0,287.0,291.5,0,4.5,4.5,315.0,False,1,0,False,fast,0,0,False,False,58,False,True,,,,,,,,,,,
42,294.0,294.0,316.0,0,22.0,22.0,322.0,False,1,0,False,accurate,0,0,False,False,57,False,True,,,,,,,,,,,
44,308.0,316.0,339.79999923706055,0,23.799999237060547,31.799999237060547,336.0,True,2,1,False,accurate,0,0,False,False,55,False,False,,,,,,,,,,,
46,322.0,339.79999923706055,361.39999771118164,0,21.599998474121094,39.39999771118164,350.0,True,2,1,False,accurate,0,0,False,False,53,False,False,,,,,,,,,,,
47,329.0,361.39999771118164,365.6999969482422,0,4.299999237060547,36.69999694824219,357.0,True,3,2,False,fast,0,0,False,False,52,False,False,,,,,,,,,,,
49,343.0,365.6999969482422,369.89999771118164,0,4.200000762939453,26.89999771118164,371.0,False,3,2,False,fast,0,0,False,False,50,False,True,,,,,,,,,,,
50,350.0,369.89999771118164,385.79999923706055,0,15.900001525878906,35.79999923706055,378.0,True,4,3,False,accurate,1,1,False,False,49,False,False,,,,,,,,,,,
51,357.0,385.79999923706055,406.5999984741211,0,20.799999237060547,49.599998474121094,385.0,True,5,4,False,fast,0,0,False,False,48,False,False,,,,,,,,,,,
52,364.0,406.5999984741211,421.99999237060547,0,15.399993896484375,57.99999237060547,392.0,True,5,4,False,accurate,1,1,False,False,47,False,False,,,,,,,,,,,
55,385.0,421.99999237060547,426.6999969482422,0,4.700004577636719,41.69999694824219,413.0,True,4,3,False,fast,0,0,False,False,44,False,False,,,,,,,,,,,
58,406.0,426.6999969482422,431.49999618530273,0,4.799999237060547,25.499996185302734,434.0,False,4,3,False,fast,0,0,False,False,41,False,True,,,,,,,,,,,
60,420.0,431.49999618530273,446.39999771118164,0,14.900001525878906,26.39999771118164,448.0,False,4,3,False,fast,0,0,False,False,39,False,True,,,,,,,,,,,
62,434.0,446.39999771118164,450.5999946594238,0,4.1999969482421875,16.599994659423828,462.0,False,2,1,False,fast,0,0,False,False,37,False,True,,,,,,,,,,,
64,448.0,450.5999946594238,455.09999084472656,0,4.499996185302734,7.0999908447265625,476.0,False,2,1,False,fast,0,0,False,False,35,False,True,,,,,,,,,,,
65,455.0,455.09999084472656,469.69998931884766,0,14.599998474121094,14.699989318847656,483.0,False,2,1,False,accurate,1,1,False,False,34,False,True,,,,,,,,,,,
72,504.0,504.0,508.50000381469727,0,4.500003814697266,4.500003814697266,532.0,False,1,0,False,fast,0,0,False,False,27,False,True,,,,,,,,,,,
76,532.0,532.0,536.3999977111816,0,4.399997711181641,4.399997711181641,560.0,False,1,0,False,fast,0,0,False,False,23,False,True,,,,,,,,,,,
78,546.0,546.0,557.5,0,11.5,11.5,574.0,False,1,0,False,accurate,1,1,False,False,21,False,True,,,,,,,,,,,
79,553.0,557.5,561.7000007629395,0,4.200000762939453,8.700000762939453,581.0,False,2,1,False,fast,0,0,False,False,20,False,True,,,,,,,,,,,
80,560.0,561.7000007629395,577.7999992370605,0,16.099998474121094,17.799999237060547,588.0,False,2,1,False,accurate,0,1,True,False,19,False,True,,,,,,,,,,,
83,581.0,581.0,585.0999984741211,0,4.099998474121094,4.099998474121094,609.0,False,1,0,False,fast,0,0,False,False,16,False,True,,,,,,,,,,,
84,588.0,588.0,592.2999992370605,0,4.299999237060547,4.299999237060547,616.0,False,1,0,False,fast,0,0,False,False,15,False,True,,,,,,,,,,,
92,644.0,644.0,648.2000007629395,0,4.200000762939453,4.200000762939453,672.0,False,1,0,False,fast,0,0,False,False,7,False,True,,,,,,,,,,,
93,651.0,651.0,655.4000015258789,0,4.400001525878906,4.400001525878906,679.0,False,1,0,False,fast,0,0,False,False,6,False,True,,,,,,,,,,,
95,665.0,665.0,669.2000045776367,0,4.200004577636719,4.200004577636719,693.0,False,1,0,False,fast,0,0,False,False,4,False,True,,,,,,,,,,,
97,679.0,679.0,683.2999992370605,0,4.299999237060547,4.299999237060547,707.0,False,1,0,False,fast,0,0,False,False,2,True,True,,,,,,,,,,,
98,686.0,686.0,690.2000007629395,0,4.200000762939453,4.200000762939453,714.0,False,1,0,False,fast,0,0,False,False,1,True,True,,,,,,,,,,,
100,700.0,700.0,704.2999992370605,0,4.299999237060547,4.299999237060547,728.0,False,1,0,False,fast,0,0,False,False,99,False,True,,,,,,,,,,,
101,707.0,707.0,711.2000007629395,0,4.200000762939453,4.200000762939453,735.0,False,1,0,False,fast,0,0,False,False,98,False,True,,,,,,,,,,,
103,721.0,721.0,725.2000045776367,0,4.200004577636719,4.200004577636719,749.0,False,1,0,False,fast,0,0,False,False,96,False,True,,,,,,,,,,,
109,763.0,763.0,767.2999992370605,0,4.299999237060547,4.299999237060547,791.0,False,1,0,False,fast,0,0,False,False,90,False,True,,,,,,,,,,,
111,777.0,777.0,781.1000022888184,0,4.100002288818359,4.100002288818359,805.0,False,1,0,False,fast,0,0,False,False,88,False,True,,,,,,,,,,,
112,784.0,784.0,804.8999977111816,0,20.89999771118164,20.89999771118164,812.0,False,1,0,False,accurate,1,1,False,False,87,False,True,,,,,,,,,,,
114,798.0,804.8999977111816,809.1999969482422,0,4.299999237060547,11.199996948242188,826.0,False,2,1,False,fast,0,0,False,False,85,False,True,,,,,,,,,,,
117,819.0,819.0,823.1999969482422,0,4.1999969482421875,4.1999969482421875,847.0,False,1,0,False,fast,0,0,False,False,82,False,True,,,,,,,,,,,
119,833.0,833.0,837.2000007629395,0,4.200000762939453,4.200000762939453,861.0,False,1,0,False,fast,0,0,False,False,80,False,True,,,,,,,,,,,
125,875.0,875.0,887.9999961853027,0,12.999996185302734,12.999996185302734,903.0,False,1,0,False,accurate,1,1,False,False,74,False,True,,,,,,,,,,,
128,896.0,896.0,900.3000030517578,0,4.3000030517578125,4.3000030517578125,924.0,False,1,0,False,fast,0,0,False,False,71,False,True,,,,,,,,,,,
136,952.0,952.0,967.5999984741211,0,15.599998474121094,15.599998474121094,980.0,False,1,0,False,accurate,1,1,False,False,63,False,True,,,,,,,,,,,
138,966.0,967.5999984741211,982.3999977111816,0,14.799999237060547,16.39999771118164,994.0,False,2,1,False,accurate,1,1,False,False,61,False,True,,,,,,,,,,,
139,973.0,982.3999977111816,992.2000007629395,0,9.800003051757812,19.200000762939453,1001.0,False,2,1,False,fast,0,0,False,False,60,False,True,,,,,,,,,,,
141,987.0,992.2000007629395,996.8000030517578,0,4.600002288818359,9.800003051757812,1015.0,False,2,1,False,fast,0,0,False,False,58,False,True,,,,,,,,,,,
142,994.0,996.8000030517578,1001.3000068664551,0,4.500003814697266,7.300006866455078,1022.0,False,2,1,False,fast,0,0,False,False,57,False,True,,,,,,,,,,,
144,1008.0,1008.0,1035.2999992370605,0,27.299999237060547,27.299999237060547,1036.0,False,1,0,False,accurate,0,0,False,False,55,False,True,,,,,,,,,,,
146,1022.0,1035.2999992370605,1042.0,0,6.700000762939453,20.0,1050.0,False,2,1,False,fast,0,0,False,False,53,False,True,,,,,,,,,,,
152,1064.0,1064.0,1083.099998474121,0,19.099998474121094,19.099998474121094,1092.0,False,1,0,False,accurate,0,0,False,False,47,False,True,,,,,,,,,,,
153,1071.0,1083.099998474121,1088.2999954223633,0,5.1999969482421875,17.29999542236328,1099.0,False,2,1,False,fast,0,0,False,False,46,False,True,,,,,,,,,,,
154,1078.0,1088.2999954223633,1093.4999961853027,0,5.200000762939453,15.499996185302734,1106.0,False,3,2,False,fast,0,0,False,False,45,False,True,,,,,,,,,,,
156,1092.0,1093.4999961853027,1098.3999938964844,0,4.899997711181641,6.399993896484375,1120.0,False,2,1,False,fast,0,0,False,False,43,False,True,,,,,,,,,,,
158,1106.0,1106.0,1110.3999977111816,0,4.399997711181641,4.399997711181641,1134.0,False,1,0,False,fast,0,0,False,False,41,False,True,,,,,,,,,,,
159,1113.0,1113.0,1130.2999954223633,0,17.29999542236328,17.29999542236328,1141.0,False,1,0,False,accurate,1,1,False,False,40,False,True,,,,,,,,,,,
161,1127.0,1130.2999954223633,1156.0308310910066,0,25.730835668643294,29.030831091006576,1155.0,True,2,1,False,accurate,1,1,False,False,38,False,False,,,,,,,,,,,
163,1141.0,1156.0308310910066,1180.5408323212464,0,24.510001230239865,39.5408323212464,1169.0,True,2,1,False,accurate,0,0,False,False,36,False,False,,,,,,,,,,,
168,1176.0,1180.5408323212464,1209.8741659327347,0,29.333333611488342,33.87416593273474,1204.0,True,2,1,False,accurate,0,0,False,False,31,False,False,,,,,,,,,,,
171,1197.0,1209.8741659327347,1228.7687452477217,0,18.894579314986824,31.768745247721654,1225.0,True,2,1,False,accurate,1,1,False,False,28,False,False,,,,,,,,,,,
173,1211.0,1228.7687452477217,1247.7887423247098,0,19.019997076988204,36.7887423247098,1239.0,True,2,1,False,accurate,0,0,False,False,26,False,False,,,,,,,,,,,
175,1225.0,1247.7887423247098,1263.8224884718657,0,16.03374614715576,38.822488471865654,1253.0,True,3,2,False,accurate,1,1,False,False,24,False,False,,,,,,,,,,,
177,1239.0,1263.8224884718657,1282.7279059480627,0,18.905417476197076,43.7279059480627,1267.0,True,3,2,False,accurate,0,0,False,False,22,False,False,,,,,,,,,,,
179,1253.0,1282.7279059480627,1306.3320751657088,0,23.604169217646113,53.33207516570883,1281.0,True,3,2,False,accurate,0,0,False,False,20,False,False,,,,,,,,,,,
180,1260.0,1306.3320751657088,1311.1887426254152,0,4.8566674597064665,51.188742625415216,1288.0,True,4,3,False,fast,0,0,False,False,19,False,False,,,,,,,,,,,
186,1302.0,1311.1887426254152,1315.688738810718,0,4.499996185302734,13.68873881071795,1330.0,False,3,2,False,fast,0,0,False,False,13,False,True,,,,,,,,,,,
187,1309.0,1315.688738810718,1331.188738810718,0,15.5,22.18873881071795,1337.0,False,3,2,False,accurate,1,1,False,False,12,False,True,,,,,,,,,,,
188,1316.0,1331.188738810718,1336.6887426254152,0,5.500003814697266,20.688742625415216,1344.0,False,2,1,False,fast,0,0,False,False,11,False,True,,,,,,,,,,,
189,1323.0,1336.6887426254152,1341.1887426254152,0,4.5,18.188742625415216,1351.0,False,3,2,False,fast,0,0,False,False,10,False,True,,,,,,,,,,,
190,1330.0,1341.1887426254152,1354.7887449142336,0,13.60000228881836,24.788744914233575,1358.0,False,4,3,False,accurate,1,1,False,False,9,False,True,,,,,,,,,,,
195,1365.0,1365.0,1385.8999977111816,0,20.89999771118164,20.89999771118164,1393.0,False,1,0,False,accurate,0,0,False,False,4,False,True,,,,,,,,,,,
196,1372.0,1385.8999977111816,1390.599998474121,0,4.700000762939453,18.599998474121094,1400.0,False,2,1,False,fast,0,0,False,False,3,False,True,,,,,,,,,,,
197,1379.0,1390.599998474121,1395.900001525879,0,5.3000030517578125,16.900001525878906,1407.0,False,3,2,False,fast,0,0,False,False,2,True,True,,,,,,,,,,,
199,1393.0,1395.900001525879,1400.8000030517578,0,4.900001525878906,7.8000030517578125,1421.0,False,2,1,False,fast,0,0,False,True,0,True,True,,,,,,,,,,,
201,1407.0,1407.0,1411.900001525879,0,4.900001525878906,4.900001525878906,1435.0,False,1,0,False,fast,0,0,False,False,98,False,True,,,,,,,,,,,
202,1414.0,1414.0,1419.2000007629395,0,5.200000762939453,5.200000762939453,1442.0,False,1,0,False,fast,0,0,False,False,97,False,True,,,,,,,,,,,
207,1449.0,1449.0,1462.0,0,13.0,13.0,1477.0,False,1,0,False,accurate,1,1,False,False,92,False,True,,,,,,,,,,,
209,1463.0,1463.0,1468.2000007629395,0,5.200000762939453,5.200000762939453,1491.0,False,1,0,False,fast,0,0,False,False,90,False,True,,,,,,,,,,,
210,1470.0,1470.0,1484.5,0,14.5,14.5,1498.0,False,1,0,False,accurate,1,1,False,False,89,False,True,,,,,,,,,,,
214,1498.0,1498.0,1503.400001525879,0,5.400001525878906,5.400001525878906,1526.0,False,1,0,False,fast,0,0,False,False,85,False,True,,,,,,,,,,,
216,1512.0,1512.0,1517.3999938964844,0,5.399993896484375,5.399993896484375,1540.0,False,1,0,False,fast,0,0,False,False,83,False,True,,,,,,,,,,,
218,1526.0,1526.0,1531.5,0,5.5,5.5,1554.0,False,1,0,False,fast,0,0,False,False,81,False,True,,,,,,,,,,,
221,1547.0,1547.0,1552.3000030517578,0,5.3000030517578125,5.3000030517578125,1575.0,False,1,0,False,fast,0,0,False,False,78,False,True,,,,,,,,,,,
222,1554.0,1554.0,1558.400001525879,0,4.400001525878906,4.400001525878906,1582.0,False,1,0,False,fast,0,0,False,False,77,False,True,,,,,,,,,,,
224,1568.0,1568.0,1591.5,0,23.5,23.5,1596.0,False,1,0,False,fast,0,0,False,False,75,False,True,,,,,,,,,,,
225,1575.0,1591.5,1596.3000030517578,0,4.8000030517578125,21.300003051757812,1603.0,False,2,1,False,fast,0,0,False,False,74,False,True,,,,,,,,,,,
226,1582.0,1596.3000030517578,1600.900001525879,0,4.599998474121094,18.900001525878906,1610.0,False,3,2,False,fast,0,0,False,False,73,False,True,,,,,,,,,,,
231,1617.0,1617.0,1621.400001525879,0,4.400001525878906,4.400001525878906,1645.0,False,1,0,False,fast,0,0,False,False,68,False,True,,,,,,,,,,,
232,1624.0,1624.0,1628.6000022888184,0,4.600002288818359,4.600002288818359,1652.0,False,1,0,False,fast,0,0,False,False,67,False,True,,,,,,,,,,,
239,1673.0,1673.0,1677.7999992370605,0,4.799999237060547,4.799999237060547,1701.0,False,1,0,False,fast,0,0,False,False,60,False,True,,,,,,,,,,,
243,1701.0,1701.0,1704.2000045776367,0,3.2000045776367188,3.2000045776367188,1729.0,False,1,0,False,fast,0,0,False,False,56,False,True,,,,,,,,,,,
244,1708.0,1708.0,1711.1000022888184,0,3.1000022888183594,3.1000022888183594,1736.0,False,1,0,False,fast,0,0,False,False,55,False,True,,,,,,,,,,,
245,1715.0,1715.0,1717.8999977111816,0,2.8999977111816406,2.8999977111816406,1743.0,False,1,0,False,fast,0,0,False,False,54,False,True,,,,,,,,,,,
246,1722.0,1722.0,1724.8000030517578,0,2.8000030517578125,2.8000030517578125,1750.0,False,1,0,False,fast,0,0,False,False,53,False,True,,,,,,,,,,,
247,1729.0,1729.0,1737.900001525879,0,8.900001525878906,8.900001525878906,1757.0,False,1,0,False,fast,0,0,False,False,52,False,True,,,,,,,,,,,
248,1736.0,1737.900001525879,1740.8000030517578,0,2.9000015258789062,4.8000030517578125,1764.0,False,2,1,False,fast,0,0,False,False,51,False,True,,,,,,,,,,,
251,1757.0,1757.0,1759.9999961853027,0,2.9999961853027344,2.9999961853027344,1785.0,False,1,0,False,fast,0,0,False,False,48,False,True,,,,,,,,,,,
252,1764.0,1764.0,1766.8999977111816,0,2.8999977111816406,2.8999977111816406,1792.0,False,1,0,False,fast,0,0,False,False,47,False,True,,,,,,,,,,,
253,1771.0,1771.0,1773.7999992370605,0,2.799999237060547,2.799999237060547,1799.0,False,1,0,False,fast,0,0,False,False,46,False,True,,,,,,,,,,,
255,1785.0,1785.0,1787.900001525879,0,2.9000015258789062,2.9000015258789062,1813.0,False,1,0,False,fast,0,0,False,False,44,False,True,,,,,,,,,,,
256,1792.0,1792.0,1794.8000030517578,0,2.8000030517578125,2.8000030517578125,1820.0,False,1,0,False,fast,0,0,False,False,43,False,True,,,,,,,,,,,
257,1799.0,1799.0,1802.0000038146973,0,3.0000038146972656,3.0000038146972656,1827.0,False,1,0,False,fast,0,0,False,False,42,False,True,,,,,,,,,,,
259,1813.0,1813.0,1815.7000007629395,0,2.700000762939453,2.700000762939453,1841.0,False,1,0,False,fast,0,0,False,False,40,False,True,,,,,,,,,,,
266,1862.0,1862.0,1864.7999992370605,0,2.799999237060547,2.799999237060547,1890.0,False,1,0,False,fast,0,0,False,False,33,False,True,,,,,,,,,,,
267,1869.0,1869.0,1881.6000022888184,0,12.60000228881836,12.60000228881836,1897.0,False,1,0,False,accurate,1,1,False,False,32,False,True,,,,,,,,,,,
268,1876.0,1881.6000022888184,1884.400001525879,0,2.799999237060547,8.400001525878906,1904.0,False,2,1,False,fast,0,0,False,False,31,False,True,,,,,,,,,,,
272,1904.0,1904.0,1906.6000022888184,0,2.6000022888183594,2.6000022888183594,1932.0,False,1,0,False,fast,0,0,False,False,27,False,True,,,,,,,,,,,
274,1918.0,1918.0,1932.2000007629395,0,14.200000762939453,14.200000762939453,1946.0,False,1,0,False,accurate,1,1,False,False,25,False,True,,,,,,,,,,,
275,1925.0,1932.2000007629395,1935.0,0,2.799999237060547,10.0,1953.0,False,2,1,False,fast,0,0,False,False,24,False,True,,,,,,,,,,,
276,1932.0,1935.0,1937.7999992370605,0,2.799999237060547,5.799999237060547,1960.0,False,3,2,False,fast,0,0,False,False,23,False,True,,,,,,,,,,,
278,1946.0,1946.0,1948.7999992370605,0,2.799999237060547,2.799999237060547,1974.0,False,1,0,False,fast,0,0,False,False,21,False,True,,,,,,,,,,,
279,1953.0,1953.0,1955.7000007629395,0,2.700000762939453,2.700000762939453,1981.0,False,1,0,False,fast,0,0,False,False,20,False,True,,,,,,,,,,,
282,1974.0,1974.0,1976.7000045776367,0,2.7000045776367188,2.7000045776367188,2002.0,False,1,0,False,fast,0,0,False,False,17,False,True,,,,,,,,,,,
283,1981.0,1981.0,1994.0,0,13.0,13.0,2009.0,False,1,0,False,accurate,1,1,False,False,16,False,True,,,,,,,,,,,
287,2009.0,2009.0,2011.6999969482422,0,2.6999969482421875,2.6999969482421875,2037.0,False,1,0,False,fast,0,0,False,False,12,False,True,,,,,,,,,,,
290,2030.0,2030.0,2032.5999946594238,0,2.599994659423828,2.599994659423828,2058.0,False,1,0,False,fast,0,0,False,False,9,False,True,,,,,,,,,,,
291,2037.0,2037.0,2039.7999992370605,0,2.799999237060547,2.799999237060547,2065.0,False,1,0,False,fast,0,0,False,False,8,False,True,,,,,,,,,,,
295,2065.0,2065.0,2067.599998474121,0,2.5999984741210938,2.5999984741210938,2093.0,False,1,0,False,fast,0,0,False,False,4,False,True,,,,,,,,,,,
298,2086.0,2086.0,2088.699996948242,0,2.6999969482421875,2.6999969482421875,2114.0,False,1,0,False,fast,0,0,False,False,1,True,True,,,,,,,,,,,
303,2121.0,2121.0,2123.7000007629395,0,2.700000762939453,2.700000762939453,2149.0,False,1,0,False,fast,0,0,False,False,96,False,True,,,,,,,,,,,
304,2128.0,2128.0,2130.699996948242,0,2.6999969482421875,2.6999969482421875,2156.0,False,1,0,False,fast,0,0,False,False,95,False,True,,,,,,,,,,,
306,2142.0,2142.0,2144.6000022888184,0,2.6000022888183594,2.6000022888183594,2170.0,False,1,0,False,fast,0,0,False,False,93,False,True,,,,,,,,,,,
307,2149.0,2149.0,2151.800003051758,0,2.8000030517578125,2.8000030517578125,2177.0,False,1,0,False,fast,0,0,False,False,92,False,True,,,,,,,,,,,
309,2163.0,2163.0,2165.800003051758,0,2.8000030517578125,2.8000030517578125,2191.0,False,1,0,False,fast,0,0,False,False,90,False,True,,,,,,,,,,,
310,2170.0,2170.0,2172.7999992370605,0,2.799999237060547,2.799999237060547,2198.0,False,1,0,False,fast,0,0,False,False,89,False,True,,,,,,,,,,,
312,2184.0,2184.0,2186.7000045776367,0,2.7000045776367188,2.7000045776367188,2212.0,False,1,0,False,fast,0,0,False,False,87,False,True,,,,,,,,,,,
313,2191.0,2191.0,2193.7000007629395,0,2.700000762939453,2.700000762939453,2219.0,False,1,0,False,fast,0,0,False,False,86,False,True,,,,,,,,,,,
316,2212.0,2212.0,2224.3999977111816,0,12.39999771118164,12.39999771118164,2240.0,False,1,0,False,accurate,1,1,False,False,83,False,True,,,,,,,,,,,
319,2233.0,2233.0,2245.7999992370605,0,12.799999237060547,12.799999237060547,2261.0,False,1,0,False,accurate,1,1,False,False,80,False,True,,,,,,,,,,,
322,2254.0,2254.0,2273.700000166893,0,19.700000166893005,19.700000166893005,2282.0,False,1,0,False,accurate,1,1,False,False,77,False,True,,,,,,,,,,,
323,2261.0,2273.700000166893,2332.2337489366532,0,58.53374876976012,71.23374893665323,2289.0,True,2,1,False,accurate,1,1,False,False,76,False,False,,,,,,,,,,,
325,2275.0,2332.2337489366532,2352.437915784121,0,20.204166847467423,77.43791578412083,2303.0,True,2,1,False,accurate,0,0,False,False,74,False,False,,,,,,,,,,,
327,2289.0,2352.437915784121,2374.277079965274,0,21.839164181153,85.27707996527397,2317.0,True,3,2,False,accurate,1,1,False,False,72,False,False,,,,,,,,,,,
328,2296.0,2374.277079965274,2396.277074579001,0,21.99999461372688,100.27707457900078,2324.0,True,4,3,False,accurate,0,0,False,False,71,False,False,,,,,,,,,,,
329,2303.0,2396.277074579001,2399.2020685708526,0,2.9249939918518066,96.20206857085259,2331.0,True,5,4,False,fast,0,0,False,False,70,False,False,,,,,,,,,,,
330,2310.0,2399.2020685708526,2415.961237220963,0,16.759168650110542,105.96123722096308,2338.0,True,6,5,True,accurate,1,1,False,False,69,False,False,,,,,,,,,,,
331,2317.0,2415.961237220963,2418.842902206779,0,2.881664985815678,101.84290220677894,2345.0,True,7,6,True,fast,0,0,False,False,68,False,False,,,,,,,,,,,
333,2331.0,2418.842902206779,2438.9195699868606,0,20.076667780081436,107.91956998686055,2359.0,True,8,7,True,accurate,0,0,False,False,66,False,False,,,,,,,,,,,
337,2359.0,2438.9195699868606,2454.0920726553604,0,15.172502668499929,95.09207265536043,2387.0,True,7,6,True,accurate,1,1,False,False,62,False,False,,,,,,,,,,,
339,2373.0,2454.0920726553604,2468.873324358911,0,14.781251703550412,95.87332435891085,2401.0,True,8,7,True,accurate,1,1,False,False,60,False,False,,,,,,,,,,,
340,2380.0,2468.873324358911,2490.7599893898273,0,21.88666503091653,110.7599893898273,2408.0,True,8,7,True,accurate,1,1,False,False,59,False,False,,,,,,,,,,,
342,2394.0,2490.7599893898273,2493.4033211731416,0,2.643331783314545,99.40332117314165,2422.0,True,9,8,True,fast,0,0,False,False,57,False,False,,,,,,,,,,,
343,2401.0,2493.4033211731416,2496.125818096623,0,2.722496923481424,95.12581809662288,2429.0,True,8,7,True,fast,0,0,False,False,56,False,False,,,,,,,,,,,
346,2422.0,2496.125818096623,2498.8258226742596,0,2.7000045776367188,76.8258226742596,2450.0,True,7,6,True,fast,0,0,False,False,53,False,False,,,,,,,,,,,
348,2436.0,2498.8258226742596,2501.6258257260174,0,2.8000030517578125,65.62582572601741,2464.0,True,8,7,True,fast,0,0,False,False,51,False,False,,,,,,,,,,,
350,2450.0,2501.6258257260174,2504.425824963078,0,2.799999237060547,54.42582496307796,2478.0,True,8,7,True,fast,0,0,False,False,49,False,False,,,,,,,,,,,
351,2457.0,2504.425824963078,2507.025823437199,0,2.5999984741210938,50.02582343719905,2485.0,True,8,7,True,fast,0,0,False,False,48,False,False,,,,,,,,,,,
353,2471.0,2507.025823437199,2509.7258242001385,0,2.700000762939453,38.725824200138504,2499.0,True,8,7,True,fast,0,0,False,False,46,False,False,,,,,,,,,,,
354,2478.0,2509.7258242001385,2512.525823437199,0,2.799999237060547,34.52582343719905,2506.0,True,9,8,True,fast,0,0,False,False,45,False,False,,,,,,,,,,,
356,2492.0,2512.525823437199,2515.12582191132,0,2.5999984741210938,23.125821911320145,2520.0,False,9,8,True,fast,0,0,False,False,43,False,False,,,,,,,,,,,
357,2499.0,2515.12582191132,2517.9258211483807,0,2.799999237060547,18.92582114838069,2527.0,False,7,6,True,fast,0,0,False,False,42,False,False,,,,,,,,,,,
358,2506.0,2517.9258211483807,2520.62582191132,0,2.700000762939453,14.625821911320145,2534.0,False,6,5,True,fast,0,0,False,False,41,False,False,,,,,,,,,,,
362,2534.0,2534.0,2536.7000007629395,0,2.700000762939453,2.700000762939453,2562.0,False,1,0,False,fast,0,0,False,False,37,False,True,,,,,,,,,,,
368,2576.0,2576.0,2578.6000022888184,0,2.6000022888183594,2.6000022888183594,2604.0,False,1,0,False,fast,0,0,False,False,31,False,True,,,,,,,,,,,
370,2590.0,2590.0,2592.7000045776367,0,2.7000045776367188,2.7000045776367188,2618.0,False,1,0,False,fast,0,0,False,False,29,False,True,,,,,,,,,,,
371,2597.0,2597.0,2599.6000022888184,0,2.6000022888183594,2.6000022888183594,2625.0,False,1,0,False,fast,0,0,False,False,28,False,True,,,,,,,,,,,
372,2604.0,2604.0,2606.7000045776367,0,2.7000045776367188,2.7000045776367188,2632.0,False,1,0,False,fast,0,0,False,False,27,False,True,,,,,,,,,,,
373,2611.0,2611.0,2624.900001525879,0,13.900001525878906,13.900001525878906,2639.0,False,1,0,False,accurate,1,1,False,False,26,False,True,,,,,,,,,,,
375,2625.0,2625.0,2640.1000022888184,0,15.10000228881836,15.10000228881836,2653.0,False,1,0,False,accurate,1,1,False,False,24,False,True,,,,,,,,,,,
379,2653.0,2653.0,2655.6000022888184,0,2.6000022888183594,2.6000022888183594,2681.0,False,1,0,False,fast,0,0,False,False,20,False,True,,,,,,,,,,,
382,2674.0,2674.0,2676.7000007629395,0,2.700000762939453,2.700000762939453,2702.0,False,1,0,False,fast,0,0,False,False,17,False,True,,,,,,,,,,,
383,2681.0,2681.0,2692.7000007629395,0,11.700000762939453,11.700000762939453,2709.0,False,1,0,False,accurate,1,1,False,False,16,False,True,,,,,,,,,,,
384,2688.0,2692.7000007629395,2695.599998474121,0,2.8999977111816406,7.599998474121094,2716.0,False,2,1,False,fast,0,0,False,False,15,False,True,,,,,,,,,,,
393,2751.0,2751.0,2753.599998474121,0,2.5999984741210938,2.5999984741210938,2779.0,False,1,0,False,fast,0,0,False,False,6,False,True,,,,,,,,,,,
395,2765.0,2765.0,2767.7999992370605,0,2.799999237060547,2.799999237060547,2793.0,False,1,0,False,fast,0,0,False,False,4,False,True,,,,,,,,,,,
396,2772.0,2772.0,2774.7999992370605,0,2.799999237060547,2.799999237060547,2800.0,False,1,0,False,fast,0,0,False,False,3,False,True,,,,,,,,,,,
397,2779.0,2779.0,2781.6000022888184,0,2.6000022888183594,2.6000022888183594,2807.0,False,1,0,False,fast,0,0,False,False,2,True,True,,,,,,,,,,,
400,2800.0,2800.0,2802.7999992370605,0,2.799999237060547,2.799999237060547,2828.0,False,1,0,False,fast,0,0,False,False,99,False,True,,,,,,,,,,,
404,2828.0,2828.0,2830.7000007629395,0,2.700000762939453,2.700000762939453,2856.0,False,1,0,False,fast,0,0,False,False,95,False,True,,,,,,,,,,,
405,2835.0,2835.0,2847.5,0,12.5,12.5,2863.0,False,1,0,False,accurate,1,1,False,False,94,False,True,,,,,,,,,,,
410,2870.0,2870.0,2872.7000007629395,0,2.700000762939453,2.700000762939453,2898.0,False,1,0,False,fast,0,0,False,False,89,False,True,,,,,,,,,,,
411,2877.0,2877.0,2879.599998474121,0,2.5999984741210938,2.5999984741210938,2905.0,False,1,0,False,fast,0,0,False,False,88,False,True,,,,,,,,,,,
415,2905.0,2905.0,2921.5000038146973,0,16.500003814697266,16.500003814697266,2933.0,False,1,0,False,accurate,1,1,False,False,84,False,True,,,,,,,,,,,
418,2926.0,2926.0,2928.6000022888184,0,2.6000022888183594,2.6000022888183594,2954.0,False,1,0,False,fast,0,0,False,False,81,False,True,,,,,,,,,,,
421,2947.0,2947.0,2950.199996948242,0,3.1999969482421875,3.1999969482421875,2975.0,False,1,0,False,fast,0,0,False,False,78,False,True,,,,,,,,,,,
426,2982.0,2982.0,2984.7999992370605,0,2.799999237060547,2.799999237060547,3010.0,False,1,0,False,fast,0,0,False,False,73,False,True,,,,,,,,,,,
428,2996.0,2996.0,2998.7000007629395,0,2.700000762939453,2.700000762939453,3024.0,False,1,0,False,fast,0,0,False,False,71,False,True,,,,,,,,,,,
430,3010.0,3010.0,3012.599998474121,0,2.5999984741210938,2.5999984741210938,3038.0,False,1,0,False,fast,0,0,False,False,69,False,True,,,,,,,,,,,
432,3024.0,3024.0,3026.599998474121,0,2.5999984741210938,2.5999984741210938,3052.0,False,1,0,False,fast,0,0,False,False,67,False,True,,,,,,,,,,,
433,3031.0,3031.0,3052.1000022888184,0,21.10000228881836,21.10000228881836,3059.0,False,1,0,False,accurate,0,0,False,False,66,False,True,,,,,,,,,,,
434,3038.0,3052.1000022888184,3054.800003051758,0,2.700000762939453,16.800003051757812,3066.0,False,2,1,False,fast,0,0,False,False,65,False,True,,,,,,,,,,,
435,3045.0,3054.800003051758,3057.5000038146973,0,2.700000762939453,12.500003814697266,3073.0,False,3,2,False,fast,0,0,False,False,64,False,True,,,,,,,,,,,
436,3052.0,3057.5000038146973,3060.300003051758,0,2.799999237060547,8.300003051757812,3080.0,False,4,3,False,fast,0,0,False,False,63,False,True,,,,,,,,,,,
439,3073.0,3073.0,3075.7999992370605,0,2.799999237060547,2.799999237060547,3101.0,False,1,0,False,fast,0,0,False,False,60,False,True,,,,,,,,,,,
441,3087.0,3087.0,3089.7000007629395,0,2.700000762939453,2.700000762939453,3115.0,False,1,0,False,fast,0,0,False,False,58,False,True,,,,,,,,,,,
444,3108.0,3108.0,3110.7000007629395,0,2.700000762939453,2.700000762939453,3136.0,False,1,0,False,fast,0,0,False,False,55,False,True,,,,,,,,,,,
445,3115.0,3115.0,3128.400001525879,0,13.400001525878906,13.400001525878906,3143.0,False,1,0,False,accurate,1,1,False,False,54,False,True,,,,,,,,,,,
446,3122.0,3128.400001525879,3145.0,0,16.599998474121094,23.0,3150.0,False,2,1,False,accurate,1,1,False,False,53,False,True,,,,,,,,,,,
447,3129.0,3145.0,3147.7000007629395,0,2.700000762939453,18.700000762939453,3157.0,False,2,1,False,fast,0,0,False,False,52,False,True,,,,,,,,,,,
450,3150.0,3150.0,3154.2999992370605,0,4.299999237060547,4.299999237060547,3178.0,False,1,0,False,fast,0,0,False,False,49,False,True,,,,,,,,,,,
453,3171.0,3171.0,3174.0000038146973,0,3.0000038146972656,3.0000038146972656,3199.0,False,1,0,False,fast,0,0,False,False,46,False,True,,,,,,,,,,,
456,3192.0,3192.0,3204.6000022888184,0,12.60000228881836,12.60000228881836,3220.0,False,1,0,False,accurate,1,1,False,False,43,False,True,,,,,,,,,,,
457,3199.0,3204.6000022888184,3207.599998474121,0,2.9999961853027344,8.599998474121094,3227.0,False,2,1,False,fast,0,0,False,False,42,False,True,,,,,,,,,,,
459,3213.0,3213.0,3223.5,0,10.5,10.5,3241.0,False,1,0,False,accurate,1,1,False,False,40,False,True,,,,,,,,,,,
461,3227.0,3227.0,3238.1000022888184,0,11.10000228881836,11.10000228881836,3255.0,False,1,0,False,accurate,1,1,False,False,38,False,True,,,,,,,,,,,
464,3248.0,3248.0,3250.7999992370605,0,2.799999237060547,2.799999237060547,3276.0,False,1,0,False,fast,0,0,False,False,35,False,True,,,,,,,,,,,
465,3255.0,3255.0,3257.7000007629395,0,2.700000762939453,2.700000762939453,3283.0,False,1,0,False,fast,0,0,False,False,34,False,True,,,,,,,,,,,
468,3276.0,3276.0,3278.900001525879,0,2.9000015258789062,2.9000015258789062,3304.0,False,1,0,False,fast,0,0,False,False,31,False,True,,,,,,,,,,,
471,3297.0,3297.0,3299.699996948242,0,2.6999969482421875,2.6999969482421875,3325.0,False,1,0,False,fast,0,0,False,False,28,False,True,,,,,,,,,,,
473,3311.0,3311.0,3313.699996948242,0,2.6999969482421875,2.6999969482421875,3339.0,False,1,0,False,fast,0,0,False,False,26,False,True,,,,,,,,,,,
475,3325.0,3325.0,3338.900001525879,0,13.900001525878906,13.900001525878906,3353.0,False,1,0,False,accurate,1,1,False,False,24,False,True,,,,,,,,,,,
477,3339.0,3339.0,3357.2999954223633,0,18.29999542236328,18.29999542236328,3367.0,False,1,0,False,accurate,1,1,False,False,22,False,True,,,,,,,,,,,
478,3346.0,3357.2999954223633,3359.9999961853027,0,2.700000762939453,13.999996185302734,3374.0,False,2,1,False,fast,0,0,False,False,21,False,True,,,,,,,,,,,
480,3360.0,3360.0,3380.909998703003,0,20.90999870300293,20.90999870300311,3388.0,False,1,0,False,accurate,0,0,False,False,19,False,True,,,,,,,,,,,
482,3374.0,3380.909998703003,3402.415835976005,0,21.505837273001703,28.415835976004928,3402.0,True,2,1,False,accurate,0,0,False,False,17,False,False,,,,,,,,,,,
485,3395.0,3402.415835976005,3425.7283421132965,0,23.312506137291646,30.72834211329655,3423.0,True,2,1,False,accurate,1,1,False,False,14,False,False,,,,,,,,,,,
487,3409.0,3425.7283421132965,3462.974588343303,0,37.24624623000625,53.97458834330291,3437.0,True,2,1,False,accurate,0,0,False,False,12,False,False,,,,,,,,,,,
488,3416.0,3462.974588343303,3498.174588677089,0,35.20000033378601,82.1745886770891,3444.0,True,3,2,False,accurate,1,1,False,False,11,False,False,,,,,,,,,,,
489,3423.0,3498.174588677089,3546.4745919672655,0,48.30000329017639,123.4745919672655,3451.0,True,4,3,False,accurate,0,0,False,False,10,False,False,,,,,,,,,,,
491,3437.0,3546.4745919672655,3549.3562611810376,0,2.881669213771829,112.35626118103755,3465.0,True,4,3,False,fast,0,0,False,False,8,False,False,,,,,,,,,,,
494,3458.0,3549.3562611810376,3571.4437590911994,0,22.087497910161826,113.44375909119935,3486.0,True,5,4,False,accurate,0,0,False,False,5,False,False,,,,,,,,,,,
498,3486.0,3571.4437590911994,3574.1737614944586,0,2.7300024032592773,88.17376149445863,3514.0,True,5,4,False,fast,0,0,False,False,1,True,False,,,,,,,,,,,
506,3542.0,3574.1737614944586,3576.773763783277,0,2.6000022888183594,34.77376378327699,3570.0,True,5,4,False,fast,0,0,False,False,93,False,False,,,,,,,,,,,
508,3556.0,3576.773763783277,3579.4737683609137,0,2.7000045776367188,23.47376836091371,3584.0,False,4,3,False,fast,0,0,False,False,91,False,True,,,,,,,,,,,
509,3563.0,3579.4737683609137,3593.573766835035,0,14.099998474121094,30.573766835034803,3591.0,True,5,4,False,accurate,1,1,False,False,90,False,False,,,,,,,,,,,
511,3577.0,3593.573766835035,3596.3737660720953,0,2.799999237060547,19.37376607209535,3605.0,False,3,2,False,fast,0,0,False,False,88,False,True,,,,,,,,,,,
512,3584.0,3596.3737660720953,3599.173765309156,0,2.799999237060547,15.173765309155897,3612.0,False,3,2,False,fast,0,0,False,False,87,False,True,,,,,,,,,,,
516,3612.0,3612.0,3614.7000007629395,0,2.700000762939453,2.700000762939453,3640.0,False,1,0,False,fast,0,0,False,False,83,False,True,,,,,,,,,,,
518,3626.0,3626.0,3651.7000007629395,0,25.700000762939453,25.700000762939453,3654.0,False,1,0,False,accurate,0,0,False,False,81,False,True,,,,,,,,,,,
523,3661.0,3661.0,3663.599998474121,0,2.5999984741210938,2.5999984741210938,3689.0,False,1,0,False,fast,0,0,False,False,76,False,True,,,,,,,,,,,
525,3675.0,3675.0,3708.1000022888184,0,33.10000228881836,33.10000228881836,3703.0,True,1,0,False,accurate,0,0,False,False,74,False,False,,,,,,,,,,,
526,3682.0,3708.1000022888184,3710.800003051758,0,2.700000762939453,28.800003051757812,3710.0,True,2,1,False,fast,0,0,False,False,73,False,False,,,,,,,,,,,
530,3710.0,3710.800003051758,3732.2000007629395,0,21.39999771118164,22.200000762939453,3738.0,False,2,1,False,accurate,1,1,False,False,69,False,True,,,,,,,,,,,
531,3717.0,3732.2000007629395,3734.8999977111816,0,2.6999969482421875,17.89999771118164,3745.0,False,2,1,False,fast,0,0,False,False,68,False,True,,,,,,,,,,,
532,3724.0,3734.8999977111816,3737.599994659424,0,2.6999969482421875,13.599994659423828,3752.0,False,3,2,False,fast,0,0,False,False,67,False,True,,,,,,,,,,,
536,3752.0,3752.0,3754.6000022888184,0,2.6000022888183594,2.6000022888183594,3780.0,False,1,0,False,fast,0,0,False,False,63,False,True,,,,,,,,,,,
542,3794.0,3794.0,3796.7999992370605,0,2.799999237060547,2.799999237060547,3822.0,False,1,0,False,fast,0,0,False,False,57,False,True,,,,,,,,,,,
543,3801.0,3801.0,3830.2999954223633,0,29.29999542236328,29.29999542236328,3829.0,True,1,0,False,accurate,0,0,False,False,56,False,False,,,,,,,,,,,
544,3808.0,3830.2999954223633,3833.099994659424,0,2.799999237060547,25.099994659423828,3836.0,False,2,1,False,fast,0,0,False,False,55,False,True,,,,,,,,,,,
546,3822.0,3833.099994659424,3855.5999908447266,0,22.499996185302734,33.59999084472656,3850.0,True,3,2,False,accurate,1,1,False,False,53,False,False,,,,,,,,,,,
550,3850.0,3855.5999908447266,3868.899990081787,0,13.299999237060547,18.89999008178711,3878.0,False,2,1,False,accurate,1,1,False,False,49,False,True,,,,,,,,,,,
551,3857.0,3868.899990081787,3871.6999893188477,0,2.799999237060547,14.699989318847656,3885.0,False,2,1,False,fast,0,0,False,False,48,False,True,,,,,,,,,,,
552,3864.0,3871.6999893188477,3874.5999870300293,0,2.8999977111816406,10.599987030029297,3892.0,False,3,2,False,fast,0,0,False,False,47,False,True,,,,,,,,,,,
553,3871.0,3874.5999870300293,3877.1999893188477,0,2.6000022888183594,6.199989318847656,3899.0,False,3,2,False,fast,0,0,False,False,46,False,True,,,,,,,,,,,
554,3878.0,3878.0,3881.2999992370605,0,3.299999237060547,3.299999237060547,3906.0,False,1,0,False,fast,0,0,False,False,45,False,True,,,,,,,,,,,
556,3892.0,3892.0,3895.0,0,3.0,3.0,3920.0,False,1,0,False,fast,0,0,False,False,43,False,True,,,,,,,,,,,
563,3941.0,3941.0,3943.6000022888184,0,2.6000022888183594,2.6000022888183594,3969.0,False,1,0,False,fast,0,0,False,False,36,False,True,,,,,,,,,,,
569,3983.0,3983.0,3996.1000022888184,0,13.10000228881836,13.10000228881836,4011.0,False,1,0,False,accurate,1,1,False,False,30,False,True,,,,,,,,,,,
571,3997.0,3997.0,3999.6000022888184,0,2.6000022888183594,2.6000022888183594,4025.0,False,1,0,False,fast,0,0,False,False,28,False,True,,,,,,,,,,,
572,4004.0,4004.0,4006.900001525879,0,2.9000015258789062,2.9000015258789062,4032.0,False,1,0,False,fast,0,0,False,False,27,False,True,,,,,,,,,,,
573,4011.0,4011.0,4024.2000007629395,0,13.200000762939453,13.200000762939453,4039.0,False,1,0,False,accurate,1,1,False,False,26,False,True,,,,,,,,,,,
575,4025.0,4025.0,4027.7000007629395,0,2.700000762939453,2.700000762939453,4053.0,False,1,0,False,fast,0,0,False,False,24,False,True,,,,,,,,,,,
578,4046.0,4046.0,4048.7999992370605,0,2.799999237060547,2.799999237060547,4074.0,False,1,0,False,fast,0,0,False,False,21,False,True,,,,,,,,,,,
579,4053.0,4053.0,4055.7000007629395,0,2.700000762939453,2.700000762939453,4081.0,False,1,0,False,fast,0,0,False,False,20,False,True,,,,,,,,,,,
581,4067.0,4067.0,4082.900001525879,0,15.900001525878906,15.900001525878906,4095.0,False,1,0,False,accurate,1,1,False,False,18,False,True,,,,,,,,,,,
582,4074.0,4082.900001525879,4088.400001525879,0,5.5,14.400001525878906,4102.0,False,2,1,False,fast,0,0,False,False,17,False,True,,,,,,,,,,,
587,4109.0,4109.0,4116.300003051758,0,7.3000030517578125,7.3000030517578125,4137.0,False,1,0,False,fast,0,0,False,False,12,False,True,,,,,,,,,,,
591,4137.0,4137.0,4143.700000762939,0,6.700000762939453,6.700000762939453,4165.0,False,1,0,False,fast,0,0,False,False,8,False,True,,,,,,,,,,,
594,4158.0,4158.0,4161.400001525879,0,3.4000015258789062,3.4000015258789062,4186.0,False,1,0,False,fast,0,0,False,False,5,False,True,,,,,,,,,,,
598,4186.0,4186.0,4188.999996185303,0,2.9999961853027344,2.9999961853027344,4214.0,False,1,0,False,fast,0,0,False,False,1,True,True,,,,,,,,,,,
599,4193.0,4193.0,4195.899997711182,0,2.8999977111816406,2.8999977111816406,4221.0,False,1,0,False,fast,0,0,False,True,0,True,True,,,,,,,,,,,
601,4207.0,4207.0,4209.900001525879,0,2.9000015258789062,2.9000015258789062,4235.0,False,1,0,False,fast,0,0,False,False,98,False,True,,,,,,,,,,,
603,4221.0,4221.0,4242.900001525879,0,21.900001525878906,21.900001525878906,4249.0,False,1,0,False,accurate,0,0,False,False,96,False,True,,,,,,,,,,,
604,4228.0,4242.900001525879,4255.200004577637,0,12.300003051757812,27.20000457763672,4256.0,False,2,1,False,accurate,1,1,False,False,95,False,True,,,,,,,,,,,
606,4242.0,4255.200004577637,4258.700004577637,0,3.5,16.70000457763672,4270.0,False,3,2,False,fast,0,0,False,False,93,False,True,,,,,,,,,,,
614,4298.0,4298.0,4301.0,0,3.0,3.0,4326.0,False,1,0,False,fast,0,0,False,False,85,False,True,,,,,,,,,,,
621,4347.0,4347.0,4360.400001525879,0,13.400001525878906,13.400001525878906,4375.0,False,1,0,False,accurate,1,1,False,False,78,False,True,,,,,,,,,,,
625,4375.0,4375.0,4377.900001525879,0,2.9000015258789062,2.9000015258789062,4403.0,False,1,0,False,fast,0,0,False,False,74,False,True,,,,,,,,,,,
628,4396.0,4396.0,4398.699996948242,0,2.6999969482421875,2.6999969482421875,4424.0,False,1,0,False,fast,0,0,False,False,71,False,True,,,,,,,,,,,
633,4431.0,4431.0,4435.599998474121,0,4.599998474121094,4.599998474121094,4459.0,False,1,0,False,fast,0,0,False,False,66,False,True,,,,,,,,,,,
635,4445.0,4445.0,4463.0,0,18.0,18.0,4473.0,False,1,0,False,accurate,1,1,False,False,64,False,True,,,,,,,,,,,
637,4459.0,4463.0,4467.200000762939,0,4.200000762939453,8.200000762939453,4487.0,False,2,1,False,fast,0,0,False,False,62,False,True,,,,,,,,,,,
640,4480.0,4480.0,4503.459998703003,0,23.459998703002928,23.459998703003293,4508.0,False,1,0,False,accurate,0,0,False,False,59,False,True,,,,,,,,,,,
641,4487.0,4503.459998703003,4530.193331813813,0,26.733333110809326,43.19333181381262,4515.0,True,2,1,False,accurate,1,1,False,False,58,False,False,,,,,,,,,,,
645,4515.0,4530.193331813813,4550.863747479717,0,20.67041566590467,35.86374747971695,4543.0,True,2,1,False,accurate,0,0,False,False,54,False,False,,,,,,,,,,,
649,4543.0,4550.863747479717,4554.01374662141,0,3.1499991416931152,11.013746621410064,4571.0,False,2,1,False,fast,0,0,False,False,50,False,True,,,,,,,,,,,
652,4564.0,4564.0,4584.520001029969,0,20.520001029968263,20.520001029968626,4592.0,False,1,0,False,accurate,0,0,False,False,47,False,True,,,,,,,,,,,
654,4578.0,4584.520001029969,4601.440837228596,0,16.920836198627935,23.440837228596138,4606.0,False,2,1,False,accurate,1,1,False,False,45,False,True,,,,,,,,,,,
658,4606.0,4606.0,4608.939999198914,0,2.9399991989135743,2.939999198913938,4634.0,False,1,0,False,fast,0,0,False,False,41,False,True,,,,,,,,,,,
659,4613.0,4613.0,4616.020834919909,0,3.0208349199096345,3.020834919909248,4641.0,False,1,0,False,fast,0,0,False,False,40,False,True,,,,,,,,,,,
660,4620.0,4620.0,4622.893332547744,0,2.8933325477441145,2.8933325477437393,4648.0,False,1,0,False,fast,0,0,False,False,39,False,True,,,,,,,,,,,
686,4802.0,4802.0,4817.199996948242,0,15.199996948242188,15.199996948242188,4830.0,False,1,0,False,accurate,1,1,False,False,13,False,True,,,,,,,,,,,
687,4809.0,4817.199996948242,4830.399997711182,0,13.200000762939453,21.39999771118164,4837.0,False,2,1,False,accurate,1,1,False,False,12,False,True,,,,,,,,,,,
691,4837.0,4837.0,4865.5,0,28.5,28.5,4865.0,True,1,0,False,accurate,0,0,False,False,8,False,False,,,,,,,,,,,
693,4851.0,4865.5,4868.400001525879,0,2.9000015258789062,17.400001525878906,4879.0,False,2,1,False,fast,0,0,False,False,6,False,True,,,,,,,,,,,
695,4865.0,4868.400001525879,4872.799999237061,0,4.399997711181641,7.799999237060547,4893.0,False,3,2,False,fast,0,0,False,False,4,False,True,,,,,,,,,,,
700,4900.0,4900.0,4904.700000762939,0,4.700000762939453,4.700000762939453,4928.0,False,1,0,False,fast,0,0,False,False,99,False,True,,,,,,,,,,,
704,4928.0,4928.0,4932.000003814697,0,4.000003814697266,4.000003814697266,4956.0,False,1,0,False,fast,0,0,False,False,95,False,True,,,,,,,,,,,
705,4935.0,4935.0,4939.200000762939,0,4.200000762939453,4.200000762939453,4963.0,False,1,0,False,fast,0,0,False,False,94,False,True,,,,,,,,,,,
708,4956.0,4956.0,4969.100002288818,0,13.10000228881836,13.10000228881836,4984.0,False,1,0,False,accurate,1,1,False,False,91,False,True,,,,,,,,,,,
715,5005.0,5005.0,5024.899997711182,0,19.89999771118164,19.89999771118164,5033.0,False,1,0,False,accurate,0,0,False,False,84,False,True,,,,,,,,,,,
718,5026.0,5026.0,5038.600002288818,0,12.60000228881836,12.60000228881836,5054.0,False,1,0,False,accurate,1,1,False,False,81,False,True,,,,,,,,,,,
720,5040.0,5040.0,5056.400001525879,0,16.400001525878906,16.400001525878906,5068.0,False,1,0,False,accurate,1,1,False,False,79,False,True,,,,,,,,,,,
724,5068.0,5068.0,5081.0,0,13.0,13.0,5096.0,False,1,0,False,accurate,1,1,False,False,75,False,True,,,,,,,,,,,
725,5075.0,5081.0,5098.299999237061,0,17.299999237060547,23.299999237060547,5103.0,False,2,1,False,accurate,1,1,False,False,74,False,True,,,,,,,,,,,
727,5089.0,5098.299999237061,5102.900001525879,0,4.600002288818359,13.900001525878906,5117.0,False,2,1,False,fast,0,0,False,False,72,False,True,,,,,,,,,,,
738,5166.0,5166.0,5170.500003814697,0,4.500003814697266,4.500003814697266,5194.0,False,1,0,False,fast,0,0,False,False,61,False,True,,,,,,,,,,,
739,5173.0,5173.0,5189.5,0,16.5,16.5,5201.0,False,1,0,False,accurate,1,1,False,False,60,False,True,,,,,,,,,,,
741,5187.0,5189.5,5201.200000762939,0,11.700000762939453,14.200000762939453,5215.0,False,2,1,False,accurate,1,1,False,False,58,False,True,,,,,,,,,,,
747,5229.0,5229.0,5233.500003814697,0,4.500003814697266,4.500003814697266,5257.0,False,1,0,False,fast,0,0,False,False,52,False,True,,,,,,,,,,,
752,5264.0,5264.0,5276.299999237061,0,12.299999237060547,12.299999237060547,5292.0,False,1,0,False,accurate,1,1,False,False,47,False,True,,,,,,,,,,,
753,5271.0,5276.299999237061,5280.799999237061,0,4.5,9.799999237060547,5299.0,False,2,1,False,fast,0,0,False,False,46,False,True,,,,,,,,,,,
755,5285.0,5285.0,5289.5,0,4.5,4.5,5313.0,False,1,0,False,fast,0,0,False,False,44,False,True,,,,,,,,,,,
756,5292.0,5292.0,5296.399993896484,0,4.399993896484375,4.399993896484375,5320.0,False,1,0,False,fast,0,0,False,False,43,False,True,,,,,,,,,,,
760,5320.0,5320.0,5324.499996185303,0,4.499996185302734,4.499996185302734,5348.0,False,1,0,False,fast,0,0,False,False,39,False,True,,,,,,,,,,,
763,5341.0,5341.0,5363.899997711182,0,22.89999771118164,22.89999771118164,5369.0,False,1,0,False,accurate,0,1,True,False,36,False,True,,,,,,,,,,,
764,5348.0,5363.899997711182,5368.499996185303,0,4.599998474121094,20.499996185302734,5376.0,False,2,1,False,fast,0,0,False,False,35,False,True,,,,,,,,,,,
769,5383.0,5383.0,5387.099998474121,0,4.099998474121094,4.099998474121094,5411.0,False,1,0,False,fast,0,0,False,False,30,False,True,,,,,,,,,,,
770,5390.0,5390.0,5394.099998474121,0,4.099998474121094,4.099998474121094,5418.0,False,1,0,False,fast,0,0,False,False,29,False,True,,,,,,,,,,,
774,5418.0,5418.0,5422.600002288818,0,4.600002288818359,4.600002288818359,5446.0,False,1,0,False,fast,0,0,False,False,25,False,True,,,,,,,,,,,
776,5432.0,5432.0,5436.500003814697,0,4.500003814697266,4.500003814697266,5460.0,False,1,0,False,fast,0,0,False,False,23,False,True,,,,,,,,,,,
778,5446.0,5446.0,5457.299999237061,0,11.299999237060547,11.299999237060547,5474.0,False,1,0,False,accurate,1,1,False,False,21,False,True,,,,,,,,,,,
779,5453.0,5457.299999237061,5461.5,0,4.200000762939453,8.5,5481.0,False,2,1,False,fast,0,0,False,False,20,False,True,,,,,,,,,,,
780,5460.0,5461.5,5480.600002288818,0,19.10000228881836,20.60000228881836,5488.0,False,2,1,False,accurate,0,0,False,False,19,False,True,,,,,,,,,,,
784,5488.0,5488.0,5507.700000762939,0,19.700000762939453,19.700000762939453,5516.0,False,1,0,False,accurate,0,0,False,False,15,False,True,,,,,,,,,,,
791,5537.0,5537.0,5541.500003814697,0,4.500003814697266,4.500003814697266,5565.0,False,1,0,False,fast,0,0,False,False,8,False,True,,,,,,,,,,,
793,5551.0,5551.0,5555.400001525879,0,4.400001525878906,4.400001525878906,5579.0,False,1,0,False,fast,0,0,False,False,6,False,True,,,,,,,,,,,
794,5558.0,5558.0,5562.299999237061,0,4.299999237060547,4.299999237060547,5586.0,False,1,0,False,fast,0,0,False,False,5,False,True,,,,,,,,,,,
796,5572.0,5572.0,5585.599998474121,0,13.599998474121094,13.599998474121094,5600.0,False,1,0,False,accurate,1,1,False,False,3,False,True,,,,,,,,,,,
797,5579.0,5585.599998474121,5590.100002288818,0,4.500003814697266,11.10000228881836,5607.0,False,2,1,False,fast,0,0,False,False,2,True,True,,,,,,,,,,,
798,5586.0,5590.100002288818,5594.500003814697,0,4.400001525878906,8.500003814697266,5614.0,False,2,1,False,fast,0,0,False,False,1,True,True,,,,,,,,,,,
801,5607.0,5607.0,5630.725840784311,0,23.72584078431123,23.725840784311004,5635.0,False,1,0,False,accurate,0,0,False,False,98,False,True,,,,,,,,,,,
805,5635.0,5635.0,5657.069168049892,0,22.0691680498918,22.06916804989214,5663.0,False,1,0,False,accurate,1,1,False,False,94,False,True,,,,,,,,,,,
808,5656.0,5657.069168049892,5684.789164955815,0,27.71999690592286,28.789164955815068,5684.0,True,2,1,False,accurate,0,0,False,False,91,False,False,,,,,,,,,,,
810,5670.0,5684.789164955815,5705.773333564202,0,20.98416860838729,35.7733335642024,5698.0,True,2,1,False,accurate,0,0,False,False,89,False,False,,,,,,,,,,,
811,5677.0,5705.773333564202,5725.357496219476,0,19.58416265527403,48.35749621947616,5705.0,True,3,2,False,accurate,1,1,False,False,88,False,False,,,,,,,,,,,
812,5684.0,5725.357496219476,5731.297497897943,0,5.940001678466797,47.297497897942776,5712.0,True,4,3,False,fast,0,0,False,False,87,False,False,,,,,,,,,,,
814,5698.0,5731.297497897943,5748.347498791615,0,17.0500008936723,50.34749879161518,5726.0,True,4,3,False,accurate,1,1,False,False,85,False,False,,,,,,,,,,,
815,5705.0,5748.347498791615,5753.184994690816,0,4.837495899200439,48.184994690815984,5733.0,True,5,4,False,fast,0,0,False,False,84,False,False,,,,,,,,,,,
818,5726.0,5753.184994690816,5773.042492001455,0,19.85749731063843,47.042492001454775,5754.0,True,4,3,False,accurate,0,0,False,False,81,False,False,,,,,,,,,,,
819,5733.0,5773.042492001455,5777.625826919874,0,4.583334918419518,44.62582691987427,5761.0,True,4,3,False,fast,0,0,False,False,80,False,False,,,,,,,,,,,
820,5740.0,5777.625826919874,5782.172495167653,0,4.546668247779212,42.172495167653324,5768.0,True,5,4,False,fast,0,0,False,False,79,False,False,,,,,,,,,,,
827,5789.0,5789.0,5808.799995422363,0,19.79999542236328,19.79999542236328,5817.0,False,1,0,False,accurate,0,0,False,False,72,False,True,,,,,,,,,,,
828,5796.0,5808.799995422363,5822.0,0,13.200004577636719,26.0,5824.0,False,2,1,False,accurate,1,1,False,False,71,False,True,,,,,,,,,,,
829,5803.0,5822.0,5838.900001525879,0,16.900001525878906,35.900001525878906,5831.0,True,3,2,False,accurate,1,1,False,False,70,False,False,,,,,,,,,,,
830,5810.0,5838.900001525879,5843.600006103516,0,4.700004577636719,33.600006103515625,5838.0,True,3,2,False,fast,0,0,False,False,69,False,False,,,,,,,,,,,
833,5831.0,5843.600006103516,5861.5000076293945,0,17.900001525878906,30.50000762939453,5859.0,True,3,2,False,accurate,1,1,False,False,66,False,False,,,,,,,,,,,
834,5838.0,5861.5000076293945,5865.900009155273,0,4.400001525878906,27.900009155273438,5866.0,False,4,3,False,fast,0,0,False,False,65,False,True,,,,,,,,,,,
836,5852.0,5865.900009155273,5870.500011444092,0,4.600002288818359,18.500011444091797,5880.0,False,3,2,False,fast,0,0,False,False,63,False,True,,,,,,,,,,,
837,5859.0,5870.500011444092,5881.500011444092,0,11.0,22.500011444091797,5887.0,False,4,3,False,accurate,1,1,False,False,62,False,True,,,,,,,,,,,
839,5873.0,5881.500011444092,5893.500011444092,0,12.0,20.500011444091797,5901.0,False,2,1,False,accurate,1,1,False,False,60,False,True,,,,,,,,,,,
842,5894.0,5894.0,5898.200000762939,0,4.200000762939453,4.200000762939453,5922.0,False,1,0,False,fast,0,0,False,False,57,False,True,,,,,,,,,,,
843,5901.0,5901.0,5905.400001525879,0,4.400001525878906,4.400001525878906,5929.0,False,1,0,False,fast,0,0,False,False,56,False,True,,,,,,,,,,,
845,5915.0,5915.0,5919.100002288818,0,4.100002288818359,4.100002288818359,5943.0,False,1,0,False,fast,0,0,False,False,54,False,True,,,,,,,,,,,
846,5922.0,5922.0,5926.599998474121,0,4.599998474121094,4.599998474121094,5950.0,False,1,0,False,fast,0,0,False,False,53,False,True,,,,,,,,,,,
849,5943.0,5943.0,5947.499996185303,0,4.499996185302734,4.499996185302734,5971.0,False,1,0,False,fast,0,0,False,False,50,False,True,,,,,,,,,,,
850,5950.0,5950.0,5954.500003814697,0,4.500003814697266,4.500003814697266,5978.0,False,1,0,False,fast,0,0,False,False,49,False,True,,,,,,,,,,,
854,5978.0,5978.0,5982.899997711182,0,4.899997711181641,4.899997711181641,6006.0,False,1,0,False,fast,0,0,False,False,45,False,True,,,,,,,,,,,
857,5999.0,5999.0,6003.599998474121,0,4.599998474121094,4.599998474121094,6027.0,False,1,0,False,fast,0,0,False,False,42,False,True,,,,,,,,,,,
864,6048.0,6048.0,6059.900005340576,0,11.900005340576172,11.900005340576172,6076.0,False,1,0,False,accurate,1,1,False,False,35,False,True,,,,,,,,,,,
867,6069.0,6069.0,6085.200000762939,0,16.200000762939453,16.200000762939453,6097.0,False,1,0,False,accurate,1,1,False,False,32,False,True,,,,,,,,,,,
868,6076.0,6085.200000762939,6089.900005340576,0,4.700004577636719,13.900005340576172,6104.0,False,2,1,False,fast,0,0,False,False,31,False,True,,,,,,,,,,,
870,6090.0,6090.0,6101.899997711182,0,11.89999771118164,11.89999771118164,6118.0,False,1,0,False,accurate,1,1,False,False,29,False,True,,,,,,,,,,,
872,6104.0,6104.0,6108.500003814697,0,4.500003814697266,4.500003814697266,6132.0,False,1,0,False,fast,0,0,False,False,27,False,True,,,,,,,,,,,
874,6118.0,6118.0,6132.099998474121,0,14.099998474121094,14.099998474121094,6146.0,False,1,0,False,accurate,1,1,False,False,25,False,True,,,,,,,,,,,
878,6146.0,6146.0,6150.400001525879,0,4.400001525878906,4.400001525878906,6174.0,False,1,0,False,fast,0,0,False,False,21,False,True,,,,,,,,,,,
880,6160.0,6160.0,6164.299999237061,0,4.299999237060547,4.299999237060547,6188.0,False,1,0,False,fast,0,0,False,False,19,False,True,,,,,,,,,,,
881,6167.0,6167.0,6171.799999237061,0,4.799999237060547,4.799999237060547,6195.0,False,1,0,False,fast,0,0,False,False,18,False,True,,,,,,,,,,,
884,6188.0,6188.0,6192.299999237061,0,4.299999237060547,4.299999237060547,6216.0,False,1,0,False,fast,0,0,False,False,15,False,True,,,,,,,,,,,
887,6209.0,6209.0,6213.400001525879,0,4.400001525878906,4.400001525878906,6237.0,False,1,0,False,fast,0,0,False,False,12,False,True,,,,,,,,,,,
890,6230.0,6230.0,6234.399993896484,0,4.399993896484375,4.399993896484375,6258.0,False,1,0,False,fast,0,0,False,False,9,False,True,,,,,,,,,,,
891,6237.0,6237.0,6241.300003051758,0,4.3000030517578125,4.3000030517578125,6265.0,False,1,0,False,fast,0,0,False,False,8,False,True,,,,,,,,,,,
893,6251.0,6251.0,6264.600002288818,0,13.60000228881836,13.60000228881836,6279.0,False,1,0,False,accurate,1,1,False,False,6,False,True,,,,,,,,,,,
895,6265.0,6265.0,6269.400001525879,0,4.400001525878906,4.400001525878906,6293.0,False,1,0,False,fast,0,0,False,False,4,False,True,,,,,,,,,,,
896,6272.0,6272.0,6276.699996948242,0,4.6999969482421875,4.6999969482421875,6300.0,False,1,0,False,fast,0,0,False,False,3,False,True,,,,,,,,,,,
899,6293.0,6293.0,6297.299999237061,0,4.299999237060547,4.299999237060547,6321.0,False,1,0,False,fast,0,0,False,True,0,True,True,,,,,,,,,,,
903,6321.0,6321.0,6324.900001525879,0,3.9000015258789062,3.9000015258789062,6349.0,False,1,0,False,fast,0,0,False,False,96,False,True,,,,,,,,,,,
906,6342.0,6342.0,6358.300003051758,0,16.300003051757812,16.300003051757812,6370.0,False,1,0,False,accurate,1,1,False,False,93,False,True,,,,,,,,,,,
909,6363.0,6363.0,6367.400001525879,0,4.400001525878906,4.400001525878906,6391.0,False,1,0,False,fast,0,0,False,False,90,False,True,,,,,,,,,,,
911,6377.0,6377.0,6381.399997711182,0,4.399997711181641,4.399997711181641,6405.0,False,1,0,False,fast,0,0,False,False,88,False,True,,,,,,,,,,,
912,6384.0,6384.0,6388.900001525879,0,4.900001525878906,4.900001525878906,6412.0,False,1,0,False,fast,0,0,False,False,87,False,True,,,,,,,,,,,
914,6398.0,6398.0,6402.599998474121,0,4.599998474121094,4.599998474121094,6426.0,False,1,0,False,fast,0,0,False,False,85,False,True,,,,,,,,,,,
925,6475.0,6475.0,6479.600002288818,0,4.600002288818359,4.600002288818359,6503.0,False,1,0,False,fast,0,0,False,False,74,False,True,,,,,,,,,,,
929,6503.0,6503.0,6517.400001525879,0,14.400001525878906,14.400001525878906,6531.0,False,1,0,False,accurate,1,1,False,False,70,False,True,,,,,,,,,,,
930,6510.0,6517.400001525879,6537.900001525879,0,20.5,27.900001525878906,6538.0,False,2,1,False,accurate,0,0,False,False,69,False,True,,,,,,,,,,,
932,6524.0,6537.900001525879,6555.700000762939,0,17.799999237060547,31.700000762939453,6552.0,True,2,1,False,accurate,1,1,False,False,67,False,False,,,,,,,,,,,
936,6552.0,6555.700000762939,6560.100002288818,0,4.400001525878906,8.10000228881836,6580.0,False,2,1,False,fast,0,0,False,False,63,False,True,,,,,,,,,,,
937,6559.0,6560.100002288818,6583.699996948242,0,23.599994659423828,24.699996948242188,6587.0,False,2,1,False,accurate,0,0,False,False,62,False,True,,,,,,,,,,,
938,6566.0,6583.699996948242,6610.699993133545,0,26.999996185302734,44.69999313354492,6594.0,True,2,1,False,accurate,0,0,False,False,61,False,False,,,,,,,,,,,
942,6594.0,6610.699993133545,6622.299995422363,0,11.60000228881836,28.29999542236328,6622.0,True,2,1,False,accurate,1,1,False,False,57,False,False,,,,,,,,,,,
943,6601.0,6622.299995422363,6642.099998474121,0,19.800003051757812,41.099998474121094,6629.0,True,3,2,False,accurate,0,0,False,False,56,False,False,,,,,,,,,,,
949,6643.0,6643.0,6647.499996185303,0,4.499996185302734,4.499996185302734,6671.0,False,1,0,False,fast,0,0,False,False,50,False,True,,,,,,,,,,,
950,6650.0,6650.0,6654.5,0,4.5,4.5,6678.0,False,1,0,False,fast,0,0,False,False,49,False,True,,,,,,,,,,,
951,6657.0,6657.0,6661.700004577637,0,4.700004577636719,4.700004577636719,6685.0,False,1,0,False,fast,0,0,False,False,48,False,True,,,,,,,,,,,
955,6685.0,6685.0,6701.0,0,16.0,16.0,6713.0,False,1,0,False,accurate,1,1,False,False,44,False,True,,,,,,,,,,,
956,6692.0,6701.0,6705.799999237061,0,4.799999237060547,13.799999237060547,6720.0,False,2,1,False,fast,0,0,False,False,43,False,True,,,,,,,,,,,
957,6699.0,6705.799999237061,6725.999996185303,0,20.199996948242188,26.999996185302734,6727.0,False,3,2,False,accurate,1,1,False,False,42,False,True,,,,,,,,,,,
958,6706.0,6725.999996185303,6730.399993896484,0,4.399997711181641,24.399993896484375,6734.0,False,2,1,False,fast,0,0,False,False,41,False,True,,,,,,,,,,,
962,6734.0,6734.0,6753.043330989679,0,19.04333098967868,19.043330989678907,6762.0,False,1,0,False,accurate,0,0,False,False,37,False,True,,,,,,,,,,,
964,6748.0,6753.043330989679,6772.834997482499,0,19.791666492819786,24.834997482498693,6776.0,False,2,1,False,accurate,0,0,False,False,35,False,True,,,,,,,,,,,
965,6755.0,6772.834997482499,6798.789576305151,0,25.954578822652458,43.78957630515106,6783.0,True,2,1,False,accurate,0,0,False,False,34,False,False,,,,,,,,,,,
967,6769.0,6798.789576305151,6818.983326117396,0,20.19374981224537,49.983326117396246,6797.0,True,3,2,False,accurate,1,1,False,False,32,False,False,,,,,,,,,,,
971,6797.0,6818.983326117396,6823.749158622225,0,4.765832504828768,26.749158622224968,6825.0,False,3,2,False,fast,0,0,False,False,28,False,True,,,,,,,,,,,
974,6818.0,6823.749158622225,6828.407491120497,0,4.658332498272261,10.40749112049707,6846.0,False,3,2,False,fast,0,0,False,False,25,False,True,,,,,,,,,,,
975,6825.0,6828.407491120497,6833.029990300337,0,4.622499179840088,8.029990300336976,6853.0,False,2,1,False,fast,0,0,False,False,24,False,True,,,,,,,,,,,
976,6832.0,6833.029990300337,6837.723321201006,0,4.6933309006690935,5.7233212010060015,6860.0,False,2,1,False,fast,0,0,False,False,23,False,True,,,,,,,,,,,
977,6839.0,6839.0,6843.6566682728135,0,4.656668272813158,4.6566682728134765,6867.0,False,1,0,False,fast,0,0,False,False,22,False,True,,,,,,,,,,,
978,6846.0,6846.0,6850.725,0,4.7250000000000005,4.725000000000364,6874.0,False,1,0,False,fast,0,0,False,False,21,False,True,,,,,,,,,,,
980,6860.0,6860.0,6864.443332549235,0,4.44333254923423,4.443332549234583,6888.0,False,1,0,False,fast,0,0,False,False,19,False,True,,,,,,,,,,,
981,6867.0,6867.0,6880.70250248909,0,13.702502489089964,13.702502489089966,6895.0,False,1,0,False,accurate,1,1,False,False,18,False,True,,,,,,,,,,,
985,6895.0,6895.0,6899.099998474121,0,4.099998474121094,4.099998474121094,6923.0,False,1,0,False,fast,0,0,False,False,14,False,True,,,,,,,,,,,
986,6902.0,6902.0,6906.200000762939,0,4.200000762939453,4.200000762939453,6930.0,False,1,0,False,fast,0,0,False,False,13,False,True,,,,,,,,,,,
989,6923.0,6923.0,6927.400001525879,0,4.400001525878906,4.400001525878906,6951.0,False,1,0,False,fast,0,0,False,False,10,False,True,,,,,,,,,,,
994,6958.0,6958.0,7001.799999237061,0,43.79999923706055,43.79999923706055,6986.0,True,1,0,False,accurate,0,0,False,False,5,False,False,,,,,,,,,,,
996,6972.0,7001.799999237061,7022.200000762939,0,20.400001525878906,50.20000076293945,7000.0,True,2,1,False,accurate,0,0,False,False,3,False,False,,,,,,,,,,,
997,6979.0,7022.200000762939,7024.800003051758,0,2.6000022888183594,45.80000305175781,7007.0,True,3,2,False,fast,0,0,False,False,2,True,False,,,,,,,,,,,
998,6986.0,7024.800003051758,7044.599998474121,0,19.79999542236328,58.599998474121094,7014.0,True,4,3,False,accurate,0,0,False,False,1,True,False,,,,,,,,,,,
999,6993.0,7044.599998474121,7047.299995422363,0,2.6999969482421875,54.29999542236328,7021.0,True,5,4,False,fast,0,0,False,True,0,True,False,,,,,,,,,,,
1003,7021.0,7047.299995422363,7068.099994659424,0,20.799999237060547,47.09999465942383,7049.0,True,5,4,False,accurate,0,0,False,False,96,False,False,,,,,,,,,,,
1004,7028.0,7068.099994659424,7070.699996948242,0,2.6000022888183594,42.69999694824219,7056.0,True,4,3,False,fast,0,0,False,False,95,False,False,,,,,,,,,,,
1005,7035.0,7070.699996948242,7073.399993896484,0,2.6999969482421875,38.399993896484375,7063.0,True,5,4,False,fast,0,0,False,False,94,False,False,,,,,,,,,,,
1006,7042.0,7073.399993896484,7076.099994659424,0,2.700000762939453,34.09999465942383,7070.0,True,6,5,True,fast,0,0,False,False,93,False,False,,,,,,,,,,,
1008,7056.0,7076.099994659424,7093.099990844727,0,16.999996185302734,37.09999084472656,7084.0,True,5,4,False,accurate,1,1,False,False,91,False,False,,,,,,,,,,,
1009,7063.0,7093.099990844727,7095.799991607666,0,2.700000762939453,32.799991607666016,7091.0,True,6,5,True,fast,0,0,False,False,90,False,False,,,,,,,,,,,
1010,7070.0,7095.799991607666,7117.899990081787,0,22.099998474121094,47.89999008178711,7098.0,True,6,5,True,fast,0,0,False,False,89,False,False,,,,,,,,,,,
1014,7098.0,7117.899990081787,7122.499988555908,0,4.599998474121094,24.499988555908203,7126.0,False,2,1,False,fast,0,0,False,False,85,False,True,,,,,,,,,,,
1015,7105.0,7122.499988555908,7138.099990844727,0,15.60000228881836,33.09999084472656,7133.0,True,3,2,False,accurate,1,1,False,False,84,False,False,,,,,,,,,,,
1016,7112.0,7138.099990844727,7143.099990844727,0,5.0,31.099990844726562,7140.0,True,4,3,False,fast,0,0,False,False,83,False,False,,,,,,,,,,,
1017,7119.0,7143.099990844727,7147.899990081787,0,4.799999237060547,28.89999008178711,7147.0,True,4,3,False,fast,0,0,False,False,82,False,False,,,,,,,,,,,
1018,7126.0,7147.899990081787,7152.199989318848,0,4.299999237060547,26.199989318847656,7154.0,False,4,3,False,fast,0,0,False,False,81,False,True,,,,,,,,,,,
1019,7133.0,7152.199989318848,7156.699989318848,0,4.5,23.699989318847656,7161.0,False,5,4,False,fast,0,0,False,False,80,False,True,,,,,,,,,,,
1021,7147.0,7156.699989318848,7170.699989318848,0,14.0,23.699989318847656,7175.0,False,4,3,False,accurate,1,1,False,False,78,False,True,,,,,,,,,,,
1022,7154.0,7170.699989318848,7173.4999923706055,0,2.8000030517578125,19.49999237060547,7182.0,False,3,2,False,fast,0,0,False,False,77,False,True,,,,,,,,,,,
1024,7168.0,7173.4999923706055,7187.899990081787,0,14.39999771118164,19.89999008178711,7196.0,False,3,2,False,accurate,1,1,False,False,75,False,True,,,,,,,,,,,
1035,7245.0,7245.0,7247.800003051758,0,2.8000030517578125,2.8000030517578125,7273.0,False,1,0,False,fast,0,0,False,False,64,False,True,,,,,,,,,,,
1037,7259.0,7259.0,7263.200000762939,0,4.200000762939453,4.200000762939453,7287.0,False,1,0,False,fast,0,0,False,False,62,False,True,,,,,,,,,,,
1038,7266.0,7266.0,7279.200000762939,0,13.200000762939453,13.200000762939453,7294.0,False,1,0,False,accurate,1,1,False,False,61,False,True,,,,,,,,,,,
1040,7280.0,7280.0,7282.900001525879,0,2.9000015258789062,2.9000015258789062,7308.0,False,1,0,False,fast,0,0,False,False,59,False,True,,,,,,,,,,,
1042,7294.0,7294.0,7298.299999237061,0,4.299999237060547,4.299999237060547,7322.0,False,1,0,False,fast,0,0,False,False,57,False,True,,,,,,,,,,,
1046,7322.0,7322.0,7334.299999237061,0,12.299999237060547,12.299999237060547,7350.0,False,1,0,False,accurate,1,1,False,False,53,False,True,,,,,,,,,,,
1048,7336.0,7336.0,7356.0,0,20.0,20.0,7364.0,False,1,0,False,accurate,0,0,False,False,51,False,True,,,,,,,,,,,
1049,7343.0,7356.0,7370.400001525879,0,14.400001525878906,27.400001525878906,7371.0,False,2,1,False,accurate,1,1,False,False,50,False,True,,,,,,,,,,,
1050,7350.0,7370.400001525879,7373.299999237061,0,2.8999977111816406,23.299999237060547,7378.0,False,3,2,False,fast,0,0,False,False,49,False,True,,,,,,,,,,,
1051,7357.0,7373.299999237061,7392.699996948242,0,19.39999771118164,35.69999694824219,7385.0,True,3,2,False,accurate,0,0,False,False,48,False,False,,,,,,,,,,,
1052,7364.0,7392.699996948242,7395.599994659424,0,2.8999977111816406,31.599994659423828,7392.0,True,4,3,False,fast,0,0,False,False,47,False,False,,,,,,,,,,,
1061,7427.0,7427.0,7443.600002288818,0,16.60000228881836,16.60000228881836,7455.0,False,1,0,False,accurate,1,1,False,False,38,False,True,,,,,,,,,,,
1064,7448.0,7448.0,7451.200004577637,0,3.2000045776367188,3.2000045776367188,7476.0,False,1,0,False,fast,0,0,False,False,35,False,True,,,,,,,,,,,
1065,7455.0,7455.0,7457.699996948242,0,2.6999969482421875,2.6999969482421875,7483.0,False,1,0,False,fast,0,0,False,False,34,False,True,,,,,,,,,,,
1066,7462.0,7462.0,7464.699996948242,0,2.6999969482421875,2.6999969482421875,7490.0,False,1,0,False,fast,0,0,False,False,33,False,True,,,,,,,,,,,
1067,7469.0,7469.0,7485.699996948242,0,16.699996948242188,16.699996948242188,7497.0,False,1,0,False,accurate,1,1,False,False,32,False,True,,,,,,,,,,,
1068,7476.0,7485.699996948242,7488.399993896484,0,2.6999969482421875,12.399993896484375,7504.0,False,2,1,False,fast,0,0,False,False,31,False,True,,,,,,,,,,,
1069,7483.0,7488.399993896484,7502.399993896484,0,14.0,19.399993896484375,7511.0,False,3,2,False,accurate,1,1,False,False,30,False,True,,,,,,,,,,,
1070,7490.0,7502.399993896484,7516.9999923706055,0,14.599998474121094,26.99999237060547,7518.0,False,2,1,False,accurate,1,1,False,False,29,False,True,,,,,,,,,,,
1076,7532.0,7532.0,7534.800003051758,0,2.8000030517578125,2.8000030517578125,7560.0,False,1,0,False,fast,0,0,False,False,23,False,True,,,,,,,,,,,
1077,7539.0,7539.0,7541.799999237061,0,2.799999237060547,2.799999237060547,7567.0,False,1,0,False,fast,0,0,False,False,22,False,True,,,,,,,,,,,
1078,7546.0,7546.0,7548.699996948242,0,2.6999969482421875,2.6999969482421875,7574.0,False,1,0,False,fast,0,0,False,False,21,False,True,,,,,,,,,,,
1080,7560.0,7560.0,7562.800003051758,0,2.8000030517578125,2.8000030517578125,7588.0,False,1,0,False,fast,0,0,False,False,19,False,True,,,,,,,,,,,
1084,7588.0,7588.0,7611.599998474121,0,23.599998474121094,23.599998474121094,7616.0,False,1,0,False,accurate,1,1,False,False,15,False,True,,,,,,,,,,,
1088,7616.0,7616.0,7628.900001525879,0,12.900001525878906,12.900001525878906,7644.0,False,1,0,False,accurate,1,1,False,False,11,False,True,,,,,,,,,,,
1089,7623.0,7628.900001525879,7641.200000762939,0,12.299999237060547,18.200000762939453,7651.0,False,2,1,False,accurate,1,1,False,False,10,False,True,,,,,,,,,,,
1090,7630.0,7641.200000762939,7643.899997711182,0,2.6999969482421875,13.89999771118164,7658.0,False,2,1,False,fast,0,0,False,False,9,False,True,,,,,,,,,,,
1096,7672.0,7672.0,7675.0,0,3.0,3.0,7700.0,False,1,0,False,fast,0,0,False,False,3,False,True,,,,,,,,,,,
1098,7686.0,7686.0,7697.599998474121,0,11.599998474121094,11.599998474121094,7714.0,False,1,0,False,accurate,1,1,False,False,1,True,True,,,,,,,,,,,
1099,7693.0,7697.599998474121,7708.899997711182,0,11.299999237060547,15.89999771118164,7721.0,False,2,1,False,accurate,1,1,False,True,0,True,True,,,,,,,,,,,
1103,7721.0,7721.0,7723.800003051758,0,2.8000030517578125,2.8000030517578125,7749.0,False,1,0,False,fast,0,0,False,False,96,False,True,,,,,,,,,,,
1108,7756.0,7756.0,7759.099998474121,0,3.0999984741210938,3.0999984741210938,7784.0,False,1,0,False,fast,0,0,False,False,91,False,True,,,,,,,,,,,
1109,7763.0,7763.0,7766.0,0,3.0,3.0,7791.0,False,1,0,False,fast,0,0,False,False,90,False,True,,,,,,,,,,,
1110,7770.0,7770.0,7772.799999237061,0,2.799999237060547,2.799999237060547,7798.0,False,1,0,False,fast,0,0,False,False,89,False,True,,,,,,,,,,,
1114,7798.0,7798.0,7800.700000762939,0,2.700000762939453,2.700000762939453,7826.0,False,1,0,False,fast,0,0,False,False,85,False,True,,,,,,,,,,,
1115,7805.0,7805.0,7808.300003051758,0,3.3000030517578125,3.3000030517578125,7833.0,False,1,0,False,fast,0,0,False,False,84,False,True,,,,,,,,,,,
1116,7812.0,7812.0,7814.699996948242,0,2.6999969482421875,2.6999969482421875,7840.0,False,1,0,False,fast,0,0,False,False,83,False,True,,,,,,,,,,,
1126,7882.0,7882.0,7903.044998836517,0,21.044998836517333,21.044998836517152,7910.0,False,1,0,False,accurate,0,0,False,False,73,False,True,,,,,,,,,,,
1128,7896.0,7903.044998836517,7923.431662339568,0,20.386663503050773,27.431662339567993,7924.0,False,2,1,False,accurate,1,1,False,False,71,False,True,,,,,,,,,,,
1131,7917.0,7923.431662339568,7942.602081303994,0,19.170418964425746,25.602081303994055,7945.0,False,2,1,False,accurate,0,0,False,False,68,False,True,,,,,,,,,,,
1135,7945.0,7945.0,7960.15,0,15.149999999999999,15.149999999999636,7973.0,False,1,0,False,accurate,1,1,False,False,64,False,True,,,,,,,,,,,
1138,7966.0,7966.0,7968.835000801087,0,2.835000801086426,2.8350008010866077,7994.0,False,1,0,False,fast,0,0,False,False,61,False,True,,,,,,,,,,,
1141,7987.0,7987.0,8001.572501659393,0,14.572501659393309,14.57250165939331,8015.0,False,1,0,False,accurate,1,1,False,False,58,False,True,,,,,,,,,,,
1142,7994.0,8001.572501659393,8004.520836545477,0,2.948334886084001,10.520836545477323,8022.0,False,2,1,False,fast,0,0,False,False,57,False,True,,,,,,,,,,,
1143,8001.0,8004.520836545477,8007.344169110209,0,2.8233325647314387,6.344169110208895,8029.0,False,3,2,False,fast,0,0,False,False,56,False,True,,,,,,,,,,,
1145,8015.0,8015.0,8017.700004577637,0,2.7000045776367188,2.7000045776367188,8043.0,False,1,0,False,fast,0,0,False,False,54,False,True,,,,,,,,,,,
1148,8036.0,8036.0,8038.799999237061,0,2.799999237060547,2.799999237060547,8064.0,False,1,0,False,fast,0,0,False,False,51,False,True,,,,,,,,,,,
1149,8043.0,8043.0,8061.799999237061,0,18.799999237060547,18.799999237060547,8071.0,False,1,0,False,accurate,1,1,False,False,50,False,True,,,,,,,,,,,
1151,8057.0,8061.799999237061,8077.299995422363,0,15.499996185302734,20.29999542236328,8085.0,False,2,1,False,fast,0,0,False,False,48,False,True,,,,,,,,,,,
1152,8064.0,8077.299995422363,8080.099994659424,0,2.799999237060547,16.099994659423828,8092.0,False,2,1,False,fast,0,0,False,False,47,False,True,,,,,,,,,,,
1154,8078.0,8080.099994659424,8082.899993896484,0,2.799999237060547,4.899993896484375,8106.0,False,2,1,False,fast,0,0,False,False,45,False,True,,,,,,,,,,,
1158,8106.0,8106.0,8123.200000762939,0,17.200000762939453,17.200000762939453,8134.0,False,1,0,False,accurate,1,1,False,False,41,False,True,,,,,,,,,,,
1165,8155.0,8155.0,8182.200000762939,0,27.200000762939453,27.200000762939453,8183.0,False,1,0,False,accurate,0,0,False,False,34,False,True,,,,,,,,,,,
1167,8169.0,8182.200000762939,8184.900001525879,0,2.700000762939453,15.900001525878906,8197.0,False,2,1,False,fast,0,0,False,False,32,False,True,,,,,,,,,,,
1169,8183.0,8184.900001525879,8189.000003814697,0,4.100002288818359,6.000003814697266,8211.0,False,2,1,False,fast,0,0,False,False,30,False,True,,,,,,,,,,,
1173,8211.0,8211.0,8225.399997711182,0,14.39999771118164,14.39999771118164,8239.0,False,1,0,False,accurate,1,1,False,False,26,False,True,,,,,,,,,,,
1175,8225.0,8225.399997711182,8239.499996185303,0,14.099998474121094,14.499996185302734,8253.0,False,2,1,False,accurate,1,1,False,False,24,False,True,,,,,,,,,,,
1177,8239.0,8239.499996185303,8242.399993896484,0,2.8999977111816406,3.399993896484375,8267.0,False,2,1,False,fast,0,0,False,False,22,False,True,,,,,,,,,,,
1179,8253.0,8253.0,8255.900001525879,0,2.9000015258789062,2.9000015258789062,8281.0,False,1,0,False,fast,0,0,False,False,20,False,True,,,,,,,,,,,
1185,8295.0,8295.0,8297.79999923706,0,2.799999237060547,2.799999237060547,8323.0,False,1,0,False,fast,0,0,False,False,14,False,True,,,,,,,,,,,
1190,8330.0,8330.0,8333.100002288818,0,3.1000022888183594,3.1000022888183594,8358.0,False,1,0,False,fast,0,0,False,False,9,False,True,,,,,,,,,,,
1193,8351.0,8351.0,8355.20000076294,0,4.200000762939453,4.200000762939453,8379.0,False,1,0,False,fast,0,0,False,False,6,False,True,,,,,,,,,,,
1195,8365.0,8365.0,8367.79999923706,0,2.799999237060547,2.799999237060547,8393.0,False,1,0,False,fast,0,0,False,False,4,False,True,,,,,,,,,,,
1199,8393.0,8393.0,8405.899997711182,0,12.89999771118164,12.89999771118164,8421.0,False,1,0,False,accurate,1,1,False,True,0,True,True,,,,,,,,,,,
1201,8407.0,8407.0,8410.000003814697,0,3.0000038146972656,3.0000038146972656,8435.0,False,1,0,False,fast,0,0,False,False,98,False,True,,,,,,,,,,,
1206,8442.0,8442.0,8467.900001525879,0,25.900001525878906,25.900001525878906,8470.0,False,1,0,False,accurate,0,0,False,False,93,False,True,,,,,,,,,,,
1207,8449.0,8467.900001525879,8495.29999923706,0,27.39999771118164,46.29999923706055,8477.0,True,2,1,False,accurate,1,1,False,False,92,False,False,,,,,,,,,,,
1210,8470.0,8495.29999923706,8516.70000076294,0,21.400001525878906,46.70000076293945,8498.0,True,2,1,False,accurate,0,0,False,False,89,False,False,,,,,,,,,,,
1213,8491.0,8516.70000076294,8528.79999923706,0,12.099998474121094,37.79999923706055,8519.0,True,3,2,False,accurate,1,1,False,False,86,False,False,,,,,,,,,,,
1215,8505.0,8528.79999923706,8533.299995422363,0,4.499996185302734,28.29999542236328,8533.0,True,3,2,False,fast,0,0,False,False,84,False,False,,,,,,,,,,,
1220,8540.0,8540.0,8543.0,0,3.0,3.0,8568.0,False,1,0,False,fast,0,0,False,False,79,False,True,,,,,,,,,,,
1221,8547.0,8547.0,8559.5,0,12.5,12.5,8575.0,False,1,0,False,accurate,1,1,False,False,78,False,True,,,,,,,,,,,
1222,8554.0,8559.5,8570.0,0,10.5,16.0,8582.0,False,2,1,False,fast,0,0,False,False,77,False,True,,,,,,,,,,,
1223,8561.0,8570.0,8572.900001525879,0,2.9000015258789062,11.900001525878906,8589.0,False,2,1,False,fast,0,0,False,False,76,False,True,,,,,,,,,,,
1228,8596.0,8596.0,8599.0,0,3.0,3.0,8624.0,False,1,0,False,fast,0,0,False,False,71,False,True,,,,,,,,,,,
1229,8603.0,8603.0,8630.79999923706,0,27.799999237060547,27.799999237060547,8631.0,False,1,0,False,accurate,1,1,False,False,70,False,True,,,,,,,,,,,
1231,8617.0,8630.79999923706,8651.099998474121,0,20.299999237060547,34.099998474121094,8645.0,True,2,1,False,accurate,1,1,False,False,68,False,False,,,,,,,,,,,
1238,8666.0,8666.0,8685.0,0,19.0,19.0,8694.0,False,1,0,False,accurate,0,0,False,False,61,False,True,,,,,,,,,,,
1239,8673.0,8685.0,8687.900001525879,0,2.9000015258789062,14.900001525878906,8701.0,False,2,1,False,fast,0,0,False,False,60,False,True,,,,,,,,,,,
1240,8680.0,8687.900001525879,8703.70000076294,0,15.799999237060547,23.700000762939453,8708.0,False,3,2,False,accurate,1,1,False,False,59,False,True,,,,,,,,,,,
1253,8771.0,8771.0,8773.79999923706,0,2.799999237060547,2.799999237060547,8799.0,False,1,0,False,fast,0,0,False,False,46,False,True,,,,,,,,,,,
1260,8820.0,8820.0,8822.699996948242,0,2.6999969482421875,2.6999969482421875,8848.0,False,1,0,False,fast,0,0,False,False,39,False,True,,,,,,,,,,,
1262,8834.0,8834.0,8837.0,0,3.0,3.0,8862.0,False,1,0,False,fast,0,0,False,False,37,False,True,,,,,,,,,,,
1263,8841.0,8841.0,8844.0,0,3.0,3.0,8869.0,False,1,0,False,fast,0,0,False,False,36,False,True,,,,,,,,,,,
1264,8848.0,8848.0,8850.900001525879,0,2.9000015258789062,2.9000015258789062,8876.0,False,1,0,False,fast,0,0,False,False,35,False,True,,,,,,,,,,,
1266,8862.0,8862.0,8874.5,0,12.5,12.5,8890.0,False,1,0,False,accurate,1,1,False,False,33,False,True,,,,,,,,,,,
1274,8918.0,8918.0,8920.70000076294,0,2.700000762939453,2.700000762939453,8946.0,False,1,0,False,fast,0,0,False,False,25,False,True,,,,,,,,,,,
1275,8925.0,8925.0,8927.600002288818,0,2.6000022888183594,2.6000022888183594,8953.0,False,1,0,False,fast,0,0,False,False,24,False,True,,,,,,,,,,,
1276,8932.0,8932.0,8945.400001525879,0,13.400001525878906,13.400001525878906,8960.0,False,1,0,False,accurate,1,1,False,False,23,False,True,,,,,,,,,,,
1279,8953.0,8953.0,8968.200004577637,0,15.200004577636719,15.200004577636719,8981.0,False,1,0,False,accurate,1,1,False,False,20,False,True,,,,,,,,,,,
1283,8981.0,8981.0,9006.31624507904,0,25.316245079040524,25.316245079040527,9009.0,False,1,0,False,accurate,1,1,False,False,16,False,True,,,,,,,,,,,
1285,8995.0,9006.31624507904,9026.36499762992,0,20.04875255088014,31.364997629920254,9023.0,True,2,1,False,accurate,0,0,False,False,14,False,False,,,,,,,,,,,
1286,9002.0,9026.36499762992,9046.799999956886,0,20.435002326965332,44.799999956885586,9030.0,True,3,2,False,accurate,0,0,False,False,13,False,False,,,,,,,,,,,
1289,9023.0,9046.799999956886,9052.424999956886,0,5.625,29.424999956885586,9051.0,True,3,2,False,fast,0,0,False,False,10,False,False,,,,,,,,,,,
1291,9037.0,9052.424999956886,9070.216252240736,0,17.79125228385133,33.21625224073614,9065.0,True,3,2,False,accurate,1,1,False,False,8,False,False,,,,,,,,,,,
1295,9065.0,9070.216252240736,9085.492505130369,0,15.276252889633177,20.492505130368954,9093.0,False,2,1,False,accurate,1,1,False,False,4,False,True,,,,,,,,,,,
1296,9072.0,9085.492505130369,9100.415836665927,0,14.923331535557896,28.41583666592669,9100.0,True,2,1,False,accurate,1,1,False,False,3,False,False,,,,,,,,,,,
1298,9086.0,9100.415836665927,9103.145839069186,0,2.7300024032592773,17.145839069185968,9114.0,False,2,1,False,fast,0,0,False,False,1,True,True,,,,,,,,,,,
1302,9114.0,9114.0,9130.510002449453,0,16.51000244945288,16.510002449453168,9142.0,False,1,0,False,accurate,1,1,False,False,97,False,True,,,,,,,,,,,
1303,9121.0,9130.510002449453,9133.131671424657,0,2.62166897520423,12.131671424656815,9149.0,False,2,1,False,fast,0,0,False,False,96,False,True,,,,,,,,,,,
1305,9135.0,9135.0,9149.699996948242,0,14.699996948242188,14.699996948242188,9163.0,False,1,0,False,accurate,1,1,False,False,94,False,True,,,,,,,,,,,
1307,9149.0,9149.699996948242,9152.199996948242,0,2.5,3.1999969482421875,9177.0,False,2,1,False,fast,0,0,False,False,92,False,True,,,,,,,,,,,
1308,9156.0,9156.0,9158.599998474121,0,2.5999984741210938,2.5999984741210938,9184.0,False,1,0,False,fast,0,0,False,False,91,False,True,,,,,,,,,,,
1311,9177.0,9177.0,9179.600002288818,0,2.6000022888183594,2.6000022888183594,9205.0,False,1,0,False,fast,0,0,False,False,88,False,True,,,,,,,,,,,
1313,9191.0,9191.0,9203.29999923706,0,12.299999237060547,12.299999237060547,9219.0,False,1,0,False,accurate,1,1,False,False,86,False,True,,,,,,,,,,,
1314,9198.0,9203.29999923706,9223.999996185303,0,20.699996948242188,25.999996185302734,9226.0,False,2,1,False,accurate,1,1,False,False,85,False,True,,,,,,,,,,,
1317,9219.0,9223.999996185303,9226.599994659424,0,2.5999984741210938,7.599994659423828,9247.0,False,2,1,False,fast,0,0,False,False,82,False,True,,,,,,,,,,,
1320,9240.0,9240.0,9242.5,0,2.5,2.5,9268.0,False,1,0,False,fast,0,0,False,False,79,False,True,,,,,,,,,,,
1322,9254.0,9254.0,9256.79999923706,0,2.799999237060547,2.799999237060547,9282.0,False,1,0,False,fast,0,0,False,False,77,False,True,,,,,,,,,,,
1324,9268.0,9268.0,9271.099998474121,0,3.0999984741210938,3.0999984741210938,9296.0,False,1,0,False,fast,0,0,False,False,75,False,True,,,,,,,,,,,
1328,9296.0,9296.0,9298.699996948242,0,2.6999969482421875,2.6999969482421875,9324.0,False,1,0,False,fast,0,0,False,False,71,False,True,,,,,,,,,,,
1329,9303.0,9303.0,9305.600002288818,0,2.6000022888183594,2.6000022888183594,9331.0,False,1,0,False,fast,0,0,False,False,70,False,True,,,,,,,,,,,
1331,9317.0,9317.0,9319.700004577637,0,2.7000045776367188,2.7000045776367188,9345.0,False,1,0,False,fast,0,0,False,False,68,False,True,,,,,,,,,,,
1333,9331.0,9331.0,9333.699996948242,0,2.6999969482421875,2.6999969482421875,9359.0,False,1,0,False,fast,0,0,False,False,66,False,True,,,,,,,,,,,
1335,9345.0,9345.0,9357.899997711182,0,12.89999771118164,12.89999771118164,9373.0,False,1,0,False,accurate,1,1,False,False,64,False,True,,,,,,,,,,,
1336,9352.0,9357.899997711182,9376.79999923706,0,18.900001525878906,24.799999237060547,9380.0,False,2,1,False,accurate,1,1,False,False,63,False,True,,,,,,,,,,,
1339,9373.0,9376.79999923706,9379.399997711182,0,2.5999984741210938,6.399997711181641,9401.0,False,2,1,False,fast,0,0,False,False,60,False,True,,,,,,,,,,,
1344,9408.0,9408.0,9410.70000076294,0,2.700000762939453,2.700000762939453,9436.0,False,1,0,False,fast,0,0,False,False,55,False,True,,,,,,,,,,,
1347,9429.0,9429.0,9431.70000076294,0,2.700000762939453,2.700000762939453,9457.0,False,1,0,False,fast,0,0,False,False,52,False,True,,,,,,,,,,,
1349,9443.0,9443.0,9445.500003814697,0,2.5000038146972656,2.5000038146972656,9471.0,False,1,0,False,fast,0,0,False,False,50,False,True,,,,,,,,,,,
1351,9457.0,9457.0,9470.5,0,13.5,13.5,9485.0,False,1,0,False,accurate,1,1,False,False,48,False,True,,,,,,,,,,,
1352,9464.0,9470.5,9473.29999923706,0,2.799999237060547,9.299999237060547,9492.0,False,2,1,False,fast,0,0,False,False,47,False,True,,,,,,,,,,,
1357,9499.0,9499.0,9501.599998474121,0,2.5999984741210938,2.5999984741210938,9527.0,False,1,0,False,fast,0,0,False,False,42,False,True,,,,,,,,,,,
1362,9534.0,9534.0,9553.29999923706,0,19.299999237060547,19.299999237060547,9562.0,False,1,0,False,accurate,1,1,False,False,37,False,True,,,,,,,,,,,
1368,9576.0,9576.0,9578.79999923706,0,2.799999237060547,2.799999237060547,9604.0,False,1,0,False,fast,0,0,False,False,31,False,True,,,,,,,,,,,
1371,9597.0,9597.0,9599.699996948242,0,2.6999969482421875,2.6999969482421875,9625.0,False,1,0,False,fast,0,0,False,False,28,False,True,,,,,,,,,,,
1372,9604.0,9604.0,9606.699996948242,0,2.6999969482421875,2.6999969482421875,9632.0,False,1,0,False,fast,0,0,False,False,27,False,True,,,,,,,,,,,
1377,9639.0,9639.0,9641.599998474121,0,2.5999984741210938,2.5999984741210938,9667.0,False,1,0,False,fast,0,0,False,False,22,False,True,,,,,,,,,,,
1379,9653.0,9653.0,9655.600002288818,0,2.6000022888183594,2.6000022888183594,9681.0,False,1,0,False,fast,0,0,False,False,20,False,True,,,,,,,,,,,
1382,9674.0,9674.0,9689.300003051758,0,15.300003051757812,15.300003051757812,9702.0,False,1,0,False,accurate,1,1,False,False,17,False,True,,,,,,,,,,,
1383,9681.0,9689.300003051758,9692.000003814697,0,2.700000762939453,11.000003814697266,9709.0,False,2,1,False,fast,0,0,False,False,16,False,True,,,,,,,,,,,
1385,9695.0,9695.0,9697.699996948242,0,2.6999969482421875,2.6999969482421875,9723.0,False,1,0,False,fast,0,0,False,False,14,False,True,,,,,,,,,,,
1386,9702.0,9702.0,9722.5,0,20.5,20.5,9730.0,False,1,0,False,accurate,0,0,False,False,13,False,True,,,,,,,,,,,
1395,9765.0,9765.0,9777.100002288818,0,12.10000228881836,12.10000228881836,9793.0,False,1,0,False,accurate,1,1,False,False,4,False,True,,,,,,,,,,,
1396,9772.0,9777.100002288818,9780.70000076294,0,3.5999984741210938,8.700000762939453,9800.0,False,2,1,False,fast,0,0,False,False,3,False,True,,,,,,,,,,,
1406,9842.0,9842.0,9845.0,0,3.0,3.0,9870.0,False,1,0,False,fast,0,0,False,False,93,False,True,,,,,,,,,,,
1408,9856.0,9856.0,9858.900001525879,0,2.9000015258789062,2.9000015258789062,9884.0,False,1,0,False,fast,0,0,False,False,91,False,True,,,,,,,,,,,
1411,9877.0,9877.0,9879.599998474121,0,2.5999984741210938,2.5999984741210938,9905.0,False,1,0,False,fast,0,0,False,False,88,False,True,,,,,,,,,,,
1413,9891.0,9891.0,9895.099998474121,0,4.099998474121094,4.099998474121094,9919.0,False,1,0,False,fast,0,0,False,False,86,False,True,,,,,,,,,,,
1415,9905.0,9905.0,9907.79999923706,0,2.799999237060547,2.799999237060547,9933.0,False,1,0,False,fast,0,0,False,False,84,False,True,,,,,,,,,,,
1417,9919.0,9919.0,9921.900001525879,0,2.9000015258789062,2.9000015258789062,9947.0,False,1,0,False,fast,0,0,False,False,82,False,True,,,,,,,,,,,
1419,9933.0,9933.0,9952.099998474121,0,19.099998474121094,19.099998474121094,9961.0,False,1,0,False,accurate,1,1,False,False,80,False,True,,,,,,,,,,,
1426,9982.0,9982.0,9984.699996948242,0,2.6999969482421875,2.6999969482421875,10010.0,False,1,0,False,fast,0,0,False,False,73,False,True,,,,,,,,,,,
1427,9989.0,9989.0,10006.29999923706,0,17.299999237060547,17.299999237060547,10017.0,False,1,0,False,accurate,1,0,True,False,72,False,True,,,,,,,,,,,
1429,10003.0,10006.29999923706,10035.099998474121,0,28.799999237060547,32.099998474121094,10031.0,True,2,1,False,accurate,0,0,False,False,70,False,False,,,,,,,,,,,
1431,10017.0,10035.099998474121,10055.0,0,19.900001525878906,38.0,10045.0,True,2,1,False,accurate,0,0,False,False,68,False,False,,,,,,,,,,,
1432,10024.0,10055.0,10076.600002288818,0,21.60000228881836,52.60000228881836,10052.0,True,3,2,False,accurate,0,0,False,False,67,False,False,,,,,,,,,,,
1433,10031.0,10076.600002288818,10101.29999923706,0,24.699996948242188,70.29999923706055,10059.0,True,4,3,False,accurate,1,1,False,False,66,False,False,,,,,,,,,,,
1439,10073.0,10101.29999923706,10103.999996185303,0,2.6999969482421875,30.999996185302734,10101.0,True,3,2,False,fast,0,0,False,False,60,False,False,,,,,,,,,,,
1440,10080.0,10103.999996185303,10133.2399974823,0,29.240001296997068,53.23999748230017,10108.0,True,3,2,False,accurate,1,1,False,False,59,False,False,,,,,,,,,,,
1441,10087.0,10133.2399974823,10155.796247294546,0,22.55624981224537,68.79624729454554,10115.0,True,4,3,False,accurate,0,0,False,False,58,False,False,,,,,,,,,,,
1442,10094.0,10155.796247294546,10176.645415390332,0,20.849168095787377,82.64541539033235,10122.0,True,5,4,False,accurate,0,0,False,False,57,False,False,,,,,,,,,,,
1443,10101.0,10176.645415390332,10196.317910469374,0,19.672495079040527,95.3179104693736,10129.0,True,6,5,True,accurate,0,0,False,False,56,False,False,,,,,,,,,,,
1446,10122.0,10196.317910469374,10199.537909591993,0,3.2199991226196287,77.5379095919925,10150.0,True,5,4,False,fast,0,0,False,False,53,False,False,,,,,,,,,,,
1447,10129.0,10199.537909591993,10219.881246159872,0,20.34333656787869,90.88124615987181,10157.0,True,6,5,True,accurate,0,0,False,False,52,False,False,,,,,,,,,,,
1448,10136.0,10219.881246159872,10246.13458198011,0,26.253335820237815,110.13458198010994,10164.0,True,6,5,True,accurate,1,1,False,False,51,False,False,,,,,,,,,,,
1451,10157.0,10246.13458198011,10249.12708283643,0,2.9925008563200666,92.12708283643042,10185.0,True,6,5,True,fast,0,0,False,False,48,False,False,,,,,,,,,,,
1453,10171.0,10249.12708283643,10252.074579510292,0,2.9474966738621333,81.0745795102921,10199.0,True,7,6,True,fast,0,0,False,False,46,False,False,,,,,,,,,,,
1454,10178.0,10252.074579510292,10273.38708432287,0,21.312504812578336,95.38708432287058,10206.0,True,7,6,True,accurate,0,0,False,False,45,False,False,,,,,,,,,,,
1456,10192.0,10273.38708432287,10276.373750181298,0,2.986665858427682,84.37375018129751,10220.0,True,8,7,True,fast,0,0,False,False,43,False,False,,,,,,,,,,,
1457,10199.0,10276.373750181298,10292.268751008212,0,15.8950008269151,93.26875100821235,10227.0,True,8,7,True,accurate,1,1,False,False,42,False,False,,,,,,,,,,,
1459,10213.0,10292.268751008212,10317.935419345398,0,25.66666833718617,104.93541934539826,10241.0,True,8,7,True,accurate,0,0,False,False,40,False,False,,,,,,,,,,,
1464,10248.0,10317.935419345398,10320.635420108338,0,2.700000762939453,72.63542010833771,10276.0,True,7,6,True,fast,0,0,False,False,35,False,False,,,,,,,,,,,
1466,10262.0,10320.635420108338,10333.53541781952,0,12.89999771118164,71.53541781951935,10290.0,True,6,5,True,accurate,1,1,False,False,33,False,False,,,,,,,,,,,
1471,10297.0,10333.53541781952,10336.235422397156,0,2.7000045776367188,39.23542239715607,10325.0,True,4,3,False,fast,0,0,False,False,28,False,False,,,,,,,,,,,
1474,10318.0,10336.235422397156,10339.035421634217,0,2.799999237060547,21.03542163421662,10346.0,False,4,3,False,fast,0,0,False,False,25,False,True,,,,,,,,,,,
1476,10332.0,10339.035421634217,10350.435423160096,0,11.400001525878906,18.435423160095525,10360.0,False,4,3,False,accurate,1,1,False,False,23,False,True,,,,,,,,,,,
1479,10353.0,10353.0,10355.70000076294,0,2.700000762939453,2.700000762939453,10381.0,False,1,0,False,fast,0,0,False,False,20,False,True,,,,,,,,,,,
1487,10409.0,10409.0,10411.700004577637,0,2.7000045776367188,2.7000045776367188,10437.0,False,1,0,False,fast,0,0,False,False,12,False,True,,,,,,,,,,,
1491,10437.0,10437.0,10439.600002288818,0,2.6000022888183594,2.6000022888183594,10465.0,False,1,0,False,fast,0,0,False,False,8,False,True,,,,,,,,,,,
1492,10444.0,10444.0,10461.699996948242,0,17.699996948242188,17.699996948242188,10472.0,False,1,0,False,accurate,1,1,False,False,7,False,True,,,,,,,,,,,
1496,10472.0,10472.0,10475.0,0,3.0,3.0,10500.0,False,1,0,False,fast,0,0,False,False,3,False,True,,,,,,,,,,,
1497,10479.0,10479.0,10481.70000076294,0,2.700000762939453,2.700000762939453,10507.0,False,1,0,False,fast,0,0,False,False,2,True,True,,,,,,,,,,,
1499,10493.0,10493.0,10507.100002288818,0,14.10000228881836,14.10000228881836,10521.0,False,1,0,False,accurate,1,1,False,True,0,True,True,,,,,,,,,,,
1501,10507.0,10507.100002288818,10509.800003051758,0,2.700000762939453,2.8000030517578125,10535.0,False,2,1,False,fast,0,0,False,False,98,False,True,,,,,,,,,,,
1503,10521.0,10521.0,10539.20000076294,0,18.200000762939453,18.200000762939453,10549.0,False,1,0,False,accurate,1,1,False,False,96,False,True,,,,,,,,,,,
1505,10535.0,10539.20000076294,10541.900005340576,0,2.7000045776367188,6.900005340576172,10563.0,False,2,1,False,fast,0,0,False,False,94,False,True,,,,,,,,,,,
1509,10563.0,10563.0,10584.5,0,21.5,21.5,10591.0,False,1,0,False,accurate,1,1,False,False,90,False,True,,,,,,,,,,,
1510,10570.0,10584.5,10587.300003051758,0,2.8000030517578125,17.300003051757812,10598.0,False,2,1,False,fast,0,0,False,False,89,False,True,,,,,,,,,,,
1513,10591.0,10591.0,10593.599998474121,0,2.5999984741210938,2.5999984741210938,10619.0,False,1,0,False,fast,0,0,False,False,86,False,True,,,,,,,,,,,
1519,10633.0,10633.0,10635.70000076294,0,2.700000762939453,2.700000762939453,10661.0,False,1,0,False,fast,0,0,False,False,80,False,True,,,,,,,,,,,
1522,10654.0,10654.0,10664.699996948242,0,10.699996948242188,10.699996948242188,10682.0,False,1,0,False,accurate,1,1,False,False,77,False,True,,,,,,,,,,,
1525,10675.0,10675.0,10688.000003814697,0,13.000003814697266,13.000003814697266,10703.0,False,1,0,False,accurate,1,1,False,False,74,False,True,,,,,,,,,,,
1530,10710.0,10710.0,10712.600002288818,0,2.6000022888183594,2.6000022888183594,10738.0,False,1,0,False,fast,0,0,False,False,69,False,True,,,,,,,,,,,
1531,10717.0,10717.0,10719.70000076294,0,2.700000762939453,2.700000762939453,10745.0,False,1,0,False,fast,0,0,False,False,68,False,True,,,,,,,,,,,
1537,10759.0,10759.0,10761.79999923706,0,2.799999237060547,2.799999237060547,10787.0,False,1,0,False,fast,0,0,False,False,62,False,True,,,,,,,,,,,
1540,10780.0,10780.0,10782.79999923706,0,2.799999237060547,2.799999237060547,10808.0,False,1,0,False,fast,0,0,False,False,59,False,True,,,,,,,,,,,
1541,10787.0,10787.0,10798.600002288818,0,11.60000228881836,11.60000228881836,10815.0,False,1,0,False,accurate,1,1,False,False,58,False,True,,,,,,,,,,,
1547,10829.0,10829.0,10831.900001525879,0,2.9000015258789062,2.9000015258789062,10857.0,False,1,0,False,fast,0,0,False,False,52,False,True,,,,,,,,,,,
1550,10850.0,10850.0,10852.699996948242,0,2.6999969482421875,2.6999969482421875,10878.0,False,1,0,False,fast,0,0,False,False,49,False,True,,,,,,,,,,,
1554,10878.0,10878.0,10880.699996948242,0,2.6999969482421875,2.6999969482421875,10906.0,False,1,0,False,fast,0,0,False,False,45,False,True,,,,,,,,,,,
1555,10885.0,10885.0,10899.699996948242,0,14.699996948242188,14.699996948242188,10913.0,False,1,0,False,accurate,1,1,False,False,44,False,True,,,,,,,,,,,
1556,10892.0,10899.699996948242,10902.70000076294,0,3.0000038146972656,10.700000762939453,10920.0,False,2,1,False,fast,0,0,False,False,43,False,True,,,,,,,,,,,
1560,10920.0,10920.0,10923.0,0,3.0,3.0,10948.0,False,1,0,False,fast,0,0,False,False,39,False,True,,,,,,,,,,,
1562,10934.0,10934.0,10936.79999923706,0,2.799999237060547,2.799999237060547,10962.0,False,1,0,False,fast,0,0,False,False,37,False,True,,,,,,,,,,,
1565,10955.0,10955.0,10957.79999923706,0,2.799999237060547,2.799999237060547,10983.0,False,1,0,False,fast,0,0,False,False,34,False,True,,,,,,,,,,,
1566,10962.0,10962.0,10964.600002288818,0,2.6000022888183594,2.6000022888183594,10990.0,False,1,0,False,fast,0,0,False,False,33,False,True,,,,,,,,,,,
1569,10983.0,10983.0,11000.400001525879,0,17.400001525878906,17.400001525878906,11011.0,False,1,0,False,accurate,1,1,False,False,30,False,True,,,,,,,,,,,
1575,11025.0,11025.0,11027.699996948242,0,2.6999969482421875,2.6999969482421875,11053.0,False,1,0,False,fast,0,0,False,False,24,False,True,,,,,,,,,,,
1577,11039.0,11039.0,11041.70000076294,0,2.700000762939453,2.700000762939453,11067.0,False,1,0,False,fast,0,0,False,False,22,False,True,,,,,,,,,,,
1578,11046.0,11046.0,11048.699996948242,0,2.6999969482421875,2.6999969482421875,11074.0,False,1,0,False,fast,0,0,False,False,21,False,True,,,,,,,,,,,
1582,11074.0,11074.0,11076.899997711182,0,2.8999977111816406,2.8999977111816406,11102.0,False,1,0,False,fast,0,0,False,False,17,False,True,,,,,,,,,,,
1583,11081.0,11081.0,11083.900001525879,0,2.9000015258789062,2.9000015258789062,11109.0,False,1,0,False,fast,0,0,False,False,16,False,True,,,,,,,,,,,
1587,11109.0,11109.0,11111.699996948242,0,2.6999969482421875,2.6999969482421875,11137.0,False,1,0,False,fast,0,0,False,False,12,False,True,,,,,,,,,,,
1588,11116.0,11116.0,11130.599998474121,0,14.599998474121094,14.599998474121094,11144.0,False,1,0,False,accurate,1,1,False,False,11,False,True,,,,,,,,,,,
1590,11130.0,11130.599998474121,11147.5,0,16.900001525878906,17.5,11158.0,False,2,1,False,accurate,1,1,False,False,9,False,True,,,,,,,,,,,
1596,11172.0,11172.0,11174.79999923706,0,2.799999237060547,2.799999237060547,11200.0,False,1,0,False,fast,0,0,False,False,3,False,True,,,,,,,,,,,
1598,11186.0,11186.0,11188.800003051758,0,2.8000030517578125,2.8000030517578125,11214.0,False,1,0,False,fast,0,0,False,False,1,True,True,,,,,,,,,,,
1599,11193.0,11193.0,11204.900001525879,0,11.900001525878906,11.900001525878906,11221.0,False,1,0,False,accurate,1,1,False,True,0,True,True,,,,,,,,,,,
1602,11214.0,11214.0,11234.356669344108,0,20.35666934410733,20.356669344108013,11242.0,False,1,0,False,accurate,0,0,False,False,97,False,True,,,,,,,,,,,
1608,11256.0,11256.0,11277.120002438227,0,21.120002438227356,21.120002438226948,11284.0,False,1,0,False,accurate,1,1,False,False,91,False,True,,,,,,,,,,,
1610,11270.0,11277.120002438227,11296.41416998883,0,19.29416755060354,26.4141699888296,11298.0,False,2,1,False,accurate,0,0,False,False,89,False,True,,,,,,,,,,,
1611,11277.0,11296.41416998883,11320.135832685826,0,23.72166269699728,43.135832685826244,11305.0,True,3,2,False,accurate,0,0,False,False,88,False,False,,,,,,,,,,,
1612,11284.0,11320.135832685826,11323.10583352506,0,2.9700008392333985,39.10583352506001,11312.0,True,3,2,False,fast,0,0,False,False,87,False,False,,,,,,,,,,,
1617,11319.0,11323.10583352506,11326.069170082606,0,2.9633365575472452,7.069170082606433,11347.0,False,3,2,False,fast,0,0,False,False,82,False,True,,,,,,,,,,,
1619,11333.0,11333.0,11356.031252552719,0,23.031252552717913,23.031252552718797,11361.0,False,1,0,False,accurate,1,1,False,False,80,False,True,,,,,,,,,,,
1620,11340.0,11356.031252552719,11358.71792158708,0,2.6866690343618416,18.717921587080127,11368.0,False,2,1,False,fast,0,0,False,False,79,False,True,,,,,,,,,,,
1626,11382.0,11382.0,11384.700004577637,0,2.7000045776367188,2.7000045776367188,11410.0,False,1,0,False,fast,0,0,False,False,73,False,True,,,,,,,,,,,
1631,11417.0,11417.0,11430.199996948242,0,13.199996948242188,13.199996948242188,11445.0,False,1,0,False,accurate,1,1,False,False,68,False,True,,,,,,,,,,,
1633,11431.0,11431.0,11445.699996948242,0,14.699996948242188,14.699996948242188,11459.0,False,1,0,False,accurate,1,1,False,False,66,False,True,,,,,,,,,,,
1634,11438.0,11445.699996948242,11448.399993896484,0,2.6999969482421875,10.399993896484375,11466.0,False,2,1,False,fast,0,0,False,False,65,False,True,,,,,,,,,,,
1636,11452.0,11452.0,11454.79999923706,0,2.799999237060547,2.799999237060547,11480.0,False,1,0,False,fast,0,0,False,False,63,False,True,,,,,,,,,,,
1639,11473.0,11473.0,11475.70000076294,0,2.700000762939453,2.700000762939453,11501.0,False,1,0,False,fast,0,0,False,False,60,False,True,,,,,,,,,,,
1643,11501.0,11501.0,11503.800003051758,0,2.8000030517578125,2.8000030517578125,11529.0,False,1,0,False,fast,0,0,False,False,56,False,True,,,,,,,,,,,
1649,11543.0,11543.0,11545.70000076294,0,2.700000762939453,2.700000762939453,11571.0,False,1,0,False,fast,0,0,False,False,50,False,True,,,,,,,,,,,
1652,11564.0,11564.0,11577.199996948242,0,13.199996948242188,13.199996948242188,11592.0,False,1,0,False,accurate,1,1,False,False,47,False,True,,,,,,,,,,,
1653,11571.0,11577.199996948242,11579.899997711182,0,2.700000762939453,8.89999771118164,11599.0,False,2,1,False,fast,0,0,False,False,46,False,True,,,,,,,,,,,
1656,11592.0,11592.0,11594.699996948242,0,2.6999969482421875,2.6999969482421875,11620.0,False,1,0,False,fast,0,0,False,False,43,False,True,,,,,,,,,,,
1657,11599.0,11599.0,11601.79999923706,0,2.799999237060547,2.799999237060547,11627.0,False,1,0,False,fast,0,0,False,False,42,False,True,,,,,,,,,,,
1658,11606.0,11606.0,11608.699996948242,0,2.6999969482421875,2.6999969482421875,11634.0,False,1,0,False,fast,0,0,False,False,41,False,True,,,,,,,,,,,
1659,11613.0,11613.0,11615.599998474121,0,2.5999984741210938,2.5999984741210938,11641.0,False,1,0,False,fast,0,0,False,False,40,False,True,,,,,,,,,,,
1661,11627.0,11627.0,11629.70000076294,0,2.700000762939453,2.700000762939453,11655.0,False,1,0,False,fast,0,0,False,False,38,False,True,,,,,,,,,,,
1662,11634.0,11634.0,11636.70000076294,0,2.700000762939453,2.700000762939453,11662.0,False,1,0,False,fast,0,0,False,False,37,False,True,,,,,,,,,,,
1663,11641.0,11641.0,11643.600002288818,0,2.6000022888183594,2.6000022888183594,11669.0,False,1,0,False,fast,0,0,False,False,36,False,True,,,,,,,,,,,
1670,11690.0,11690.0,11703.999996185303,0,13.999996185302734,13.999996185302734,11718.0,False,1,0,False,accurate,1,1,False,False,29,False,True,,,,,,,,,,,
1673,11711.0,11711.0,11713.79999923706,0,2.799999237060547,2.799999237060547,11739.0,False,1,0,False,fast,0,0,False,False,26,False,True,,,,,,,,,,,
1675,11725.0,11725.0,11727.79999923706,0,2.799999237060547,2.799999237060547,11753.0,False,1,0,False,fast,0,0,False,False,24,False,True,,,,,,,,,,,
1680,11760.0,11760.0,11762.79999923706,0,2.799999237060547,2.799999237060547,11788.0,False,1,0,False,fast,0,0,False,False,19,False,True,,,,,,,,,,,
1681,11767.0,11767.0,11770.0,0,3.0,3.0,11795.0,False,1,0,False,fast,0,0,False,False,18,False,True,,,,,,,,,,,
1682,11774.0,11774.0,11776.79999923706,0,2.799999237060547,2.799999237060547,11802.0,False,1,0,False,fast,0,0,False,False,17,False,True,,,,,,,,,,,
1683,11781.0,11781.0,11783.699996948242,0,2.6999969482421875,2.6999969482421875,11809.0,False,1,0,False,fast,0,0,False,False,16,False,True,,,,,,,,,,,
1686,11802.0,11802.0,11806.20000076294,0,4.200000762939453,4.200000762939453,11830.0,False,1,0,False,fast,0,0,False,False,13,False,True,,,,,,,,,,,
1690,11830.0,11830.0,11833.900001525879,0,3.9000015258789062,3.9000015258789062,11858.0,False,1,0,False,fast,0,0,False,False,9,False,True,,,,,,,,,,,
1693,11851.0,11851.0,11862.29999923706,0,11.299999237060547,11.299999237060547,11879.0,False,1,0,False,accurate,1,1,False,False,6,False,True,,,,,,,,,,,
1694,11858.0,11862.29999923706,11876.900001525879,0,14.60000228881836,18.900001525878906,11886.0,False,2,1,False,accurate,1,1,False,False,5,False,True,,,,,,,,,,,
1696,11872.0,11876.900001525879,11894.600002288818,0,17.700000762939453,22.60000228881836,11900.0,False,2,1,False,accurate,1,1,False,False,3,False,True,,,,,,,,,,,
1697,11879.0,11894.600002288818,11897.70000076294,0,3.0999984741210938,18.700000762939453,11907.0,False,2,1,False,fast,0,0,False,False,2,True,True,,,,,,,,,,,
1701,11907.0,11907.0,11918.899997711182,0,11.89999771118164,11.89999771118164,11935.0,False,1,0,False,fast,0,0,False,False,98,False,True,,,,,,,,,,,
1702,11914.0,11918.899997711182,11921.899997711182,0,3.0,7.899997711181641,11942.0,False,2,1,False,fast,0,0,False,False,97,False,True,,,,,,,,,,,
1703,11921.0,11921.899997711182,11938.999996185303,0,17.099998474121094,17.999996185302734,11949.0,False,2,1,False,accurate,1,1,False,False,96,False,True,,,,,,,,,,,
1704,11928.0,11938.999996185303,11957.899993896484,0,18.89999771118164,29.899993896484375,11956.0,True,2,1,False,fast,0,0,False,False,95,False,False,,,,,,,,,,,
1710,11970.0,11970.0,11972.900001525879,0,2.9000015258789062,2.9000015258789062,11998.0,False,1,0,False,fast,0,0,False,False,89,False,True,,,,,,,,,,,
1711,11977.0,11977.0,11992.70000076294,0,15.700000762939453,15.700000762939453,12005.0,False,1,0,False,accurate,1,1,False,False,88,False,True,,,,,,,,,,,
1713,11991.0,11992.70000076294,12019.800003051758,0,27.10000228881836,28.800003051757812,12019.0,True,2,1,False,accurate,1,1,False,False,86,False,False,,,,,,,,,,,
1714,11998.0,12019.800003051758,12043.700004577637,0,23.900001525878906,45.70000457763672,12026.0,True,2,1,False,accurate,0,0,False,False,85,False,False,,,,,,,,,,,
1719,12033.0,12043.700004577637,12046.500003814697,0,2.799999237060547,13.500003814697266,12061.0,False,2,1,False,fast,0,0,False,False,80,False,True,,,,,,,,,,,
1721,12047.0,12047.0,12057.700004577637,0,10.700004577636719,10.700004577636719,12075.0,False,1,0,False,accurate,1,1,False,False,78,False,True,,,,,,,,,,,
1722,12054.0,12057.700004577637,12073.200008392334,0,15.500003814697266,19.200008392333984,12082.0,False,2,1,False,accurate,1,1,False,False,77,False,True,,,,,,,,,,,
1724,12068.0,12073.200008392334,12075.900005340576,0,2.6999969482421875,7.900005340576172,12096.0,False,2,1,False,fast,0,0,False,False,75,False,True,,,,,,,,,,,
1729,12103.0,12103.0,12105.79999923706,0,2.799999237060547,2.799999237060547,12131.0,False,1,0,False,fast,0,0,False,False,70,False,True,,,,,,,,,,,
1730,12110.0,12110.0,12112.699996948242,0,2.6999969482421875,2.6999969482421875,12138.0,False,1,0,False,fast,0,0,False,False,69,False,True,,,,,,,,,,,
1732,12124.0,12124.0,12127.0,0,3.0,3.0,12152.0,False,1,0,False,fast,0,0,False,False,67,False,True,,,,,,,,,,,
1734,12138.0,12138.0,12141.099998474121,0,3.0999984741210938,3.0999984741210938,12166.0,False,1,0,False,fast,0,0,False,False,65,False,True,,,,,,,,,,,
1735,12145.0,12145.0,12147.79999923706,0,2.799999237060547,2.799999237060547,12173.0,False,1,0,False,fast,0,0,False,False,64,False,True,,,,,,,,,,,
1737,12159.0,12159.0,12161.79999923706,0,2.799999237060547,2.799999237060547,12187.0,False,1,0,False,fast,0,0,False,False,62,False,True,,,,,,,,,,,
1740,12180.0,12180.0,12182.900001525879,0,2.9000015258789062,2.9000015258789062,12208.0,False,1,0,False,fast,0,0,False,False,59,False,True,,,,,,,,,,,
1742,12194.0,12194.0,12196.79999923706,0,2.799999237060547,2.799999237060547,12222.0,False,1,0,False,fast,0,0,False,False,57,False,True,,,,,,,,,,,
1749,12243.0,12243.0,12245.79999923706,0,2.799999237060547,2.799999237060547,12271.0,False,1,0,False,fast,0,0,False,False,50,False,True,,,,,,,,,,,
1750,12250.0,12250.0,12265.5,0,15.5,15.5,12278.0,False,1,0,False,accurate,1,1,False,False,49,False,True,,,,,,,,,,,
1753,12271.0,12271.0,12273.800003051758,0,2.8000030517578125,2.8000030517578125,12299.0,False,1,0,False,fast,0,0,False,False,46,False,True,,,,,,,,,,,
1754,12278.0,12278.0,12291.700004577637,0,13.700004577636719,13.700004577636719,12306.0,False,1,0,False,accurate,1,1,False,False,45,False,True,,,,,,,,,,,
1759,12313.0,12313.0,12340.299995422363,0,27.29999542236328,27.29999542236328,12341.0,False,1,0,False,accurate,0,0,False,False,40,False,True,,,,,,,,,,,
1760,12320.0,12340.299995422363,12362.740003204346,0,22.44000778198242,42.74000320434607,12348.0,True,2,1,False,accurate,0,0,False,False,39,False,False,,,,,,,,,,,
1761,12327.0,12362.740003204346,12386.131669676304,0,23.39166647195816,59.13166967630423,12355.0,True,3,2,False,accurate,0,0,False,False,38,False,False,,,,,,,,,,,
1771,12397.0,12397.0,12400.103336726825,0,3.103336726824455,3.1033367268246366,12425.0,False,1,0,False,fast,0,0,False,False,28,False,True,,,,,,,,,,,
1772,12404.0,12404.0,12426.814996910096,0,22.814996910095218,22.814996910095942,12432.0,False,1,0,False,accurate,0,0,False,False,27,False,True,,,,,,,,,,,
1774,12418.0,12426.814996910096,12448.515000735124,0,21.700003825028716,30.515000735123976,12446.0,True,2,1,False,accurate,1,1,False,False,25,False,False,,,,,,,,,,,
1775,12425.0,12448.515000735124,12469.598751698335,0,21.08375096321106,44.598751698335036,12453.0,True,3,2,False,accurate,0,0,False,False,24,False,False,,,,,,,,,,,
1776,12432.0,12469.598751698335,12491.675420371394,0,22.076668673058364,59.67542037139356,12460.0,True,3,2,False,accurate,0,0,False,False,23,False,False,,,,,,,,,,,
1779,12453.0,12491.675420371394,12494.592090214193,0,2.9166698427995015,41.59209021419338,12481.0,True,3,2,False,fast,0,0,False,False,20,False,False,,,,,,,,,,,
1780,12460.0,12494.592090214193,12516.47875524511,0,21.88666503091653,56.47875524511073,12488.0,True,4,3,False,accurate,0,0,False,False,19,False,False,,,,,,,,,,,
1782,12474.0,12516.47875524511,12519.325421137513,0,2.8466658924023305,45.32542113751333,12502.0,True,4,3,False,fast,0,0,False,False,17,False,False,,,,,,,,,,,
1783,12481.0,12519.325421137513,12538.776668798366,0,19.451247660852967,57.77666879836579,12509.0,True,5,4,False,accurate,0,0,False,False,16,False,False,,,,,,,,,,,
1785,12495.0,12538.776668798366,12541.676666509547,0,2.8999977111816406,46.67666650954743,12523.0,True,4,3,False,fast,0,0,False,False,14,False,False,,,,,,,,,,,
1786,12502.0,12541.676666509547,12544.476665746608,0,2.799999237060547,42.47666574660798,12530.0,True,5,4,False,fast,0,0,False,False,13,False,False,,,,,,,,,,,
1790,12530.0,12544.476665746608,12547.376667272487,0,2.9000015258789062,17.376667272486884,12558.0,False,4,3,False,fast,0,0,False,False,9,False,True,,,,,,,,,,,
1792,12544.0,12547.376667272487,12550.276668798366,0,2.9000015258789062,6.27666879836579,12572.0,False,3,2,False,fast,0,0,False,False,7,False,True,,,,,,,,,,,
1794,12558.0,12558.0,12560.70000076294,0,2.700000762939453,2.700000762939453,12586.0,False,1,0,False,fast,0,0,False,False,5,False,True,,,,,,,,,,,
1798,12586.0,12586.0,12588.700004577637,0,2.7000045776367188,2.7000045776367188,12614.0,False,1,0,False,fast,0,0,False,False,1,True,True,,,,,,,,,,,
1799,12593.0,12593.0,12595.79999923706,0,2.799999237060547,2.799999237060547,12621.0,False,1,0,False,fast,0,0,False,True,0,True,True,,,,,,,,,,,
1803,12621.0,12621.0,12634.0,0,13.0,13.0,12649.0,False,1,0,False,accurate,1,1,False,False,96,False,True,,,,,,,,,,,
1805,12635.0,12635.0,12637.70000076294,0,2.700000762939453,2.700000762939453,12663.0,False,1,0,False,fast,0,0,False,False,94,False,True,,,,,,,,,,,
1812,12684.0,12684.0,12686.699996948242,0,2.6999969482421875,2.6999969482421875,12712.0,False,1,0,False,fast,0,0,False,False,87,False,True,,,,,,,,,,,
1815,12705.0,12705.0,12707.70000076294,0,2.700000762939453,2.700000762939453,12733.0,False,1,0,False,fast,0,0,False,False,84,False,True,,,,,,,,,,,
1816,12712.0,12712.0,12714.79999923706,0,2.799999237060547,2.799999237060547,12740.0,False,1,0,False,fast,0,0,False,False,83,False,True,,,,,,,,,,,
1817,12719.0,12719.0,12734.79999923706,0,15.799999237060547,15.799999237060547,12747.0,False,1,0,False,accurate,1,1,False,False,82,False,True,,,,,,,,,,,
1820,12740.0,12740.0,12742.70000076294,0,2.700000762939453,2.700000762939453,12768.0,False,1,0,False,fast,0,0,False,False,79,False,True,,,,,,,,,,,
1821,12747.0,12747.0,12759.399997711182,0,12.39999771118164,12.39999771118164,12775.0,False,1,0,False,accurate,1,1,False,False,78,False,True,,,,,,,,,,,
1825,12775.0,12775.0,12777.79999923706,0,2.799999237060547,2.799999237060547,12803.0,False,1,0,False,fast,0,0,False,False,74,False,True,,,,,,,,,,,
1826,12782.0,12782.0,12797.29999923706,0,15.299999237060547,15.299999237060547,12810.0,False,1,0,False,accurate,1,1,False,False,73,False,True,,,,,,,,,,,
1828,12796.0,12797.29999923706,12800.099998474121,0,2.799999237060547,4.099998474121094,12824.0,False,2,1,False,fast,0,0,False,False,71,False,True,,,,,,,,,,,
1831,12817.0,12817.0,12819.699996948242,0,2.6999969482421875,2.6999969482421875,12845.0,False,1,0,False,fast,0,0,False,False,68,False,True,,,,,,,,,,,
1833,12831.0,12831.0,12833.79999923706,0,2.799999237060547,2.799999237060547,12859.0,False,1,0,False,fast,0,0,False,False,66,False,True,,,,,,,,,,,
1834,12838.0,12838.0,12840.800003051758,0,2.8000030517578125,2.8000030517578125,12866.0,False,1,0,False,fast,0,0,False,False,65,False,True,,,,,,,,,,,
1836,12852.0,12852.0,12854.699996948242,0,2.6999969482421875,2.6999969482421875,12880.0,False,1,0,False,fast,0,0,False,False,63,False,True,,,,,,,,,,,
1837,12859.0,12859.0,12880.5,0,21.5,21.5,12887.0,False,1,0,False,accurate,1,1,False,False,62,False,True,,,,,,,,,,,
1838,12866.0,12880.5,12893.79999923706,0,13.299999237060547,27.799999237060547,12894.0,False,2,1,False,accurate,1,1,False,False,61,False,True,,,,,,,,,,,
1840,12880.0,12893.79999923706,12912.70000076294,0,18.900001525878906,32.70000076293945,12908.0,True,3,2,False,accurate,1,1,False,False,59,False,False,,,,,,,,,,,
1842,12894.0,12912.70000076294,12932.400001525879,0,19.700000762939453,38.400001525878906,12922.0,True,2,1,False,accurate,0,0,False,False,57,False,False,,,,,,,,,,,
1844,12908.0,12932.400001525879,12937.0,0,4.599998474121094,29.0,12936.0,True,3,2,False,fast,0,0,False,False,55,False,False,,,,,,,,,,,
1849,12943.0,12943.0,12959.100002288818,0,16.10000228881836,16.10000228881836,12971.0,False,1,0,False,accurate,1,1,False,False,50,False,True,,,,,,,,,,,
1850,12950.0,12959.100002288818,12963.900001525879,0,4.799999237060547,13.900001525878906,12978.0,False,2,1,False,fast,0,0,False,False,49,False,True,,,,,,,,,,,
1852,12964.0,12964.0,12968.70000076294,0,4.700000762939453,4.700000762939453,12992.0,False,1,0,False,fast,0,0,False,False,47,False,True,,,,,,,,,,,
1854,12978.0,12978.0,12992.599998474121,0,14.599998474121094,14.599998474121094,13006.0,False,1,0,False,fast,0,0,False,False,45,False,True,,,,,,,,,,,
1857,12999.0,12999.0,13003.599998474121,0,4.599998474121094,4.599998474121094,13027.0,False,1,0,False,fast,0,0,False,False,42,False,True,,,,,,,,,,,
1868,13076.0,13076.0,13080.899997711182,0,4.899997711181641,4.899997711181641,13104.0,False,1,0,False,fast,0,0,False,False,31,False,True,,,,,,,,,,,
1872,13104.0,13104.0,13108.79999923706,0,4.799999237060547,4.799999237060547,13132.0,False,1,0,False,fast,0,0,False,False,27,False,True,,,,,,,,,,,
1875,13125.0,13125.0,13129.29999923706,0,4.299999237060547,4.299999237060547,13153.0,False,1,0,False,fast,0,0,False,False,24,False,True,,,,,,,,,,,
1882,13174.0,13174.0,13178.999996185303,0,4.999996185302734,4.999996185302734,13202.0,False,1,0,False,fast,0,0,False,False,17,False,True,,,,,,,,,,,
1885,13195.0,13195.0,13199.70000076294,0,4.700000762939453,4.700000762939453,13223.0,False,1,0,False,fast,0,0,False,False,14,False,True,,,,,,,,,,,
1887,13209.0,13209.0,13213.099998474121,0,4.099998474121094,4.099998474121094,13237.0,False,1,0,False,fast,0,0,False,False,12,False,True,,,,,,,,,,,
1890,13230.0,13230.0,13234.900001525879,0,4.900001525878906,4.900001525878906,13258.0,False,1,0,False,fast,0,0,False,False,9,False,True,,,,,,,,,,,
1894,13258.0,13258.0,13274.400001525879,0,16.400001525878906,16.400001525878906,13286.0,False,1,0,False,accurate,1,1,False,False,5,False,True,,,,,,,,,,,
1901,13307.0,13307.0,13322.400001525879,0,15.400001525878906,15.400001525878906,13335.0,False,1,0,False,accurate,1,1,False,False,98,False,True,,,,,,,,,,,
1902,13314.0,13322.400001525879,13327.5,0,5.099998474121094,13.5,13342.0,False,2,1,False,fast,0,0,False,False,97,False,True,,,,,,,,,,,
1903,13321.0,13327.5,13331.70000076294,0,4.200000762939453,10.700000762939453,13349.0,False,3,2,False,fast,0,0,False,False,96,False,True,,,,,,,,,,,
1904,13328.0,13331.70000076294,13336.200004577637,0,4.500003814697266,8.200004577636719,13356.0,False,2,1,False,fast,0,0,False,False,95,False,True,,,,,,,,,,,
1906,13342.0,13342.0,13363.100002288818,0,21.10000228881836,21.10000228881836,13370.0,False,1,0,False,accurate,1,1,False,False,93,False,True,,,,,,,,,,,
1908,13356.0,13363.100002288818,13368.20000076294,0,5.099998474121094,12.200000762939453,13384.0,False,2,1,False,fast,0,0,False,False,91,False,True,,,,,,,,,,,
1909,13363.0,13368.20000076294,13372.800003051758,0,4.600002288818359,9.800003051757812,13391.0,False,3,2,False,fast,0,0,False,False,90,False,True,,,,,,,,,,,
1910,13370.0,13372.800003051758,13377.400005340576,0,4.600002288818359,7.400005340576172,13398.0,False,2,1,False,fast,0,0,False,False,89,False,True,,,,,,,,,,,
1911,13377.0,13377.400005340576,13390.200008392334,0,12.800003051757812,13.200008392333984,13405.0,False,2,1,False,accurate,1,1,False,False,88,False,True,,,,,,,,,,,
1912,13384.0,13390.200008392334,13395.300006866455,0,5.099998474121094,11.300006866455078,13412.0,False,2,1,False,fast,0,0,False,False,87,False,True,,,,,,,,,,,
1913,13391.0,13395.300006866455,13400.400005340576,0,5.099998474121094,9.400005340576172,13419.0,False,2,1,False,fast,0,0,False,False,86,False,True,,,,,,,,,,,
1916,13412.0,13412.0,13425.600002288818,0,13.60000228881836,13.60000228881836,13440.0,False,1,0,False,accurate,1,1,False,False,83,False,True,,,,,,,,,,,
1918,13426.0,13426.0,13431.400001525879,0,5.400001525878906,5.400001525878906,13454.0,False,1,0,False,fast,0,0,False,False,81,False,True,,,,,,,,,,,
1923,13461.0,13461.0,13486.8,0,25.799999999999997,25.799999999999272,13489.0,False,1,0,False,accurate,1,1,False,False,76,False,True,,,,,,,,,,,
1925,13475.0,13486.8,13510.267914505202,0,23.467914505203545,35.2679145052025,13503.0,True,2,1,False,accurate,0,0,False,False,74,False,False,,,,,,,,,,,
1927,13489.0,13510.267914505202,13518.373746068279,0,8.10583156307539,29.373746068278706,13517.0,True,2,1,False,fast,0,0,False,False,72,False,False,,,,,,,,,,,
1931,13517.0,13518.373746068279,13537.544165032705,0,19.170418964425746,20.54416503270477,13545.0,False,2,1,False,accurate,0,0,False,False,68,False,True,,,,,,,,,,,
1932,13524.0,13537.544165032705,13563.464166062673,0,25.92000102996826,39.46416606267303,13552.0,True,2,1,False,accurate,1,1,False,False,67,False,False,,,,,,,,,,,
1933,13531.0,13563.464166062673,13586.050419204732,0,22.586253142058865,55.05041920473195,13559.0,True,3,2,False,accurate,0,0,False,False,66,False,False,,,,,,,,,,,
1939,13573.0,13586.050419204732,13591.675420788824,0,5.625001584092774,18.67542078882434,13601.0,False,2,1,False,fast,0,0,False,False,60,False,True,,,,,,,,,,,
1940,13580.0,13591.675420788824,13607.308754170836,0,15.633333382010461,27.308754170835527,13608.0,False,3,2,False,accurate,1,1,False,False,59,False,True,,,,,,,,,,,
1944,13608.0,13608.0,13613.499996185303,0,5.499996185302734,5.499996185302734,13636.0,False,1,0,False,fast,0,0,False,False,55,False,True,,,,,,,,,,,
1945,13615.0,13615.0,13620.0,0,5.0,5.0,13643.0,False,1,0,False,fast,0,0,False,False,54,False,True,,,,,,,,,,,
1947,13629.0,13629.0,13633.500003814697,0,4.500003814697266,4.500003814697266,13657.0,False,1,0,False,fast,0,0,False,False,52,False,True,,,,,,,,,,,
1948,13636.0,13636.0,13640.400001525879,0,4.400001525878906,4.400001525878906,13664.0,False,1,0,False,fast,0,0,False,False,51,False,True,,,,,,,,,,,
1951,13657.0,13657.0,13669.400001525879,0,12.400001525878906,12.400001525878906,13685.0,False,1,0,False,accurate,1,1,False,False,48,False,True,,,,,,,,,,,
1954,13678.0,13678.0,13693.0,0,15.0,15.0,13706.0,False,1,0,False,accurate,1,1,False,False,45,False,True,,,,,,,,,,,
1955,13685.0,13693.0,13707.5,0,14.5,22.5,13713.0,False,2,1,False,accurate,1,1,False,False,44,False,True,,,,,,,,,,,
1958,13706.0,13707.5,13711.79999923706,0,4.299999237060547,5.799999237060547,13734.0,False,2,1,False,fast,0,0,False,False,41,False,True,,,,,,,,,,,
1960,13720.0,13720.0,13725.899997711182,0,5.899997711181641,5.899997711181641,13748.0,False,1,0,False,fast,0,0,False,False,39,False,True,,,,,,,,,,,
1963,13741.0,13741.0,13745.200004577637,0,4.200004577636719,4.200004577636719,13769.0,False,1,0,False,fast,0,0,False,False,36,False,True,,,,,,,,,,,
1965,13755.0,13755.0,13759.29999923706,0,4.299999237060547,4.299999237060547,13783.0,False,1,0,False,fast,0,0,False,False,34,False,True,,,,,,,,,,,
1966,13762.0,13762.0,13775.400001525879,0,13.400001525878906,13.400001525878906,13790.0,False,1,0,False,accurate,1,1,False,False,33,False,True,,,,,,,,,,,
1968,13776.0,13776.0,13781.399997711182,0,5.399997711181641,5.399997711181641,13804.0,False,1,0,False,fast,0,0,False,False,31,False,True,,,,,,,,,,,
1971,13797.0,13797.0,13809.5,0,12.5,12.5,13825.0,False,1,0,False,accurate,1,1,False,False,28,False,True,,,,,,,,,,,
1972,13804.0,13809.5,13831.999996185303,0,22.499996185302734,27.999996185302734,13832.0,False,2,1,False,accurate,1,1,False,False,27,False,True,,,,,,,,,,,
1973,13811.0,13831.999996185303,13837.099998474121,0,5.100002288818359,26.099998474121094,13839.0,False,2,1,False,fast,0,0,False,False,26,False,True,,,,,,,,,,,
1974,13818.0,13837.099998474121,13868.899997711182,0,31.799999237060547,50.89999771118164,13846.0,True,3,2,False,accurate,0,0,False,False,25,False,False,,,,,,,,,,,
1975,13825.0,13868.899997711182,13873.899997711182,0,5.0,48.89999771118164,13853.0,True,4,3,False,fast,0,0,False,False,24,False,False,,,,,,,,,,,
1976,13832.0,13873.899997711182,13878.399993896484,0,4.499996185302734,46.399993896484375,13860.0,True,4,3,False,fast,0,0,False,False,23,False,False,,,,,,,,,,,
1978,13846.0,13878.399993896484,13883.199993133545,0,4.799999237060547,37.19999313354492,13874.0,True,4,3,False,fast,0,0,False,False,21,False,False,,,,,,,,,,,
1983,13881.0,13883.199993133545,13899.399990081787,0,16.199996948242188,18.39999008178711,13909.0,False,2,1,False,accurate,1,1,False,False,16,False,True,,,,,,,,,,,
1985,13895.0,13899.399990081787,13915.399990081787,0,16.0,20.39999008178711,13923.0,False,2,1,False,accurate,1,1,False,False,14,False,True,,,,,,,,,,,
1986,13902.0,13915.399990081787,13933.299991607666,0,17.900001525878906,31.299991607666016,13930.0,True,2,1,False,accurate,1,1,False,False,13,False,False,,,,,,,,,,,
1991,13937.0,13937.0,13940.0,0,3.0,3.0,13965.0,False,1,0,False,fast,0,0,False,False,8,False,True,,,,,,,,,,,
1997,13979.0,13979.0,13992.399997711182,0,13.39999771118164,13.39999771118164,14007.0,False,1,0,False,fast,0,0,False,False,2,True,True,,,,,,,,,,,
1998,13986.0,13992.399997711182,14007.999996185303,0,15.599998474121094,21.999996185302734,14014.0,False,2,1,False,accurate,1,1,False,False,1,True,True,,,,,,,,,,,
1999,13993.0,14007.999996185303,14022.399997711182,0,14.400001525878906,29.39999771118164,14021.0,True,2,1,False,accurate,1,1,False,True,0,True,False,,,,,,,,,,,
2004,14028.0,14028.0,14030.699996948242,0,2.6999969482421875,2.6999969482421875,14056.0,False,1,0,False,fast,0,0,False,False,95,False,True,,,,,,,,,,,
2007,14049.0,14049.0,14051.699996948242,0,2.6999969482421875,2.6999969482421875,14077.0,False,1,0,False,fast,0,0,False,False,92,False,True,,,,,,,,,,,
2011,14077.0,14077.0,14088.5,0,11.5,11.5,14105.0,False,1,0,False,accurate,1,1,False,False,88,False,True,,,,,,,,,,,
2012,14084.0,14088.5,14101.700004577637,0,13.200004577636719,17.70000457763672,14112.0,False,2,1,False,fast,0,0,False,False,87,False,True,,,,,,,,,,,
2017,14119.0,14119.0,14132.599998474121,0,13.599998474121094,13.599998474121094,14147.0,False,1,0,False,accurate,1,1,False,False,82,False,True,,,,,,,,,,,
2021,14147.0,14147.0,14149.79999923706,0,2.799999237060547,2.799999237060547,14175.0,False,1,0,False,fast,0,0,False,False,78,False,True,,,,,,,,,,,
2023,14161.0,14161.0,14163.699996948242,0,2.6999969482421875,2.6999969482421875,14189.0,False,1,0,False,fast,0,0,False,False,76,False,True,,,,,,,,,,,
2025,14175.0,14175.0,14177.70000076294,0,2.700000762939453,2.700000762939453,14203.0,False,1,0,False,fast,0,0,False,False,74,False,True,,,,,,,,,,,
2029,14203.0,14203.0,14205.600002288818,0,2.6000022888183594,2.6000022888183594,14231.0,False,1,0,False,fast,0,0,False,False,70,False,True,,,,,,,,,,,
2035,14245.0,14245.0,14247.79999923706,0,2.799999237060547,2.799999237060547,14273.0,False,1,0,False,fast,0,0,False,False,64,False,True,,,,,,,,,,,
2036,14252.0,14252.0,14254.899997711182,0,2.8999977111816406,2.8999977111816406,14280.0,False,1,0,False,fast,0,0,False,False,63,False,True,,,,,,,,,,,
2038,14266.0,14266.0,14268.899997711182,0,2.8999977111816406,2.8999977111816406,14294.0,False,1,0,False,fast,0,0,False,False,61,False,True,,,,,,,,,,,
2040,14280.0,14280.0,14283.29999923706,0,3.299999237060547,3.299999237060547,14308.0,False,1,0,False,fast,0,0,False,False,59,False,True,,,,,,,,,,,
2044,14308.0,14308.0,14310.800003051758,0,2.8000030517578125,2.8000030517578125,14336.0,False,1,0,False,fast,0,0,False,False,55,False,True,,,,,,,,,,,
2045,14315.0,14315.0,14331.899997711182,0,16.89999771118164,16.89999771118164,14343.0,False,1,0,False,accurate,1,1,False,False,54,False,True,,,,,,,,,,,
2046,14322.0,14331.899997711182,14352.199996948242,0,20.299999237060547,30.199996948242188,14350.0,True,2,1,False,accurate,0,0,False,False,53,False,False,,,,,,,,,,,
2048,14336.0,14352.199996948242,14354.799995422363,0,2.5999984741210938,18.79999542236328,14364.0,False,2,1,False,fast,0,0,False,False,51,False,True,,,,,,,,,,,
2049,14343.0,14354.799995422363,14357.699993133545,0,2.8999977111816406,14.699993133544922,14371.0,False,3,2,False,fast,0,0,False,False,50,False,True,,,,,,,,,,,
2050,14350.0,14357.699993133545,14368.799991607666,0,11.099998474121094,18.799991607666016,14378.0,False,4,3,False,accurate,1,1,False,False,49,False,True,,,,,,,,,,,
2054,14378.0,14378.0,14395.799995422363,0,17.79999542236328,17.79999542236328,14406.0,False,1,0,False,accurate,1,1,False,False,45,False,True,,,,,,,,,,,
2055,14385.0,14395.799995422363,14415.899997711182,0,20.10000228881836,30.89999771118164,14413.0,True,2,1,False,accurate,0,0,False,False,44,False,False,,,,,,,,,,,
2060,14420.0,14420.0,14422.79999923706,0,2.799999237060547,2.799999237060547,14448.0,False,1,0,False,fast,0,0,False,False,39,False,True,,,,,,,,,,,
2061,14427.0,14427.0,14429.700004577637,0,2.7000045776367188,2.7000045776367188,14455.0,False,1,0,False,fast,0,0,False,False,38,False,True,,,,,,,,,,,
2062,14434.0,14434.0,14436.699996948242,0,2.6999969482421875,2.6999969482421875,14462.0,False,1,0,False,fast,0,0,False,False,37,False,True,,,,,,,,,,,
2063,14441.0,14441.0,14456.999996185303,0,15.999996185302734,15.999996185302734,14469.0,False,1,0,False,accurate,1,1,False,False,36,False,True,,,,,,,,,,,
2064,14448.0,14456.999996185303,14494.999996185303,0,38.0,46.999996185302734,14476.0,True,2,1,False,accurate,0,0,False,False,35,False,False,,,,,,,,,,,
2066,14462.0,14494.999996185303,14523.899997711182,0,28.900001525878906,61.89999771118164,14490.0,True,2,1,False,accurate,1,1,False,False,33,False,False,,,,,,,,,,,
2067,14469.0,14523.899997711182,14560.199996948242,0,36.29999923706055,91.19999694824219,14497.0,True,3,2,False,accurate,1,1,False,False,32,False,False,,,,,,,,,,,
2068,14476.0,14560.199996948242,14584.299995422363,0,24.099998474121094,108.29999542236328,14504.0,True,4,3,False,accurate,0,0,False,False,31,False,False,,,,,,,,,,,
2070,14490.0,14584.299995422363,14611.499992370605,0,27.199996948242188,121.49999237060547,14518.0,True,5,4,False,accurate,0,0,False,False,29,False,False,,,,,,,,,,,
2072,14504.0,14611.499992370605,14644.199993133545,0,32.70000076293945,140.19999313354492,14532.0,True,5,4,False,accurate,0,0,False,False,27,False,False,,,,,,,,,,,
2074,14518.0,14644.199993133545,14669.899993896484,0,25.700000762939453,151.89999389648438,14546.0,True,6,5,True,accurate,0,0,False,False,25,False,False,,,,,,,,,,,
2075,14525.0,14669.899993896484,14693.499992370605,0,23.599998474121094,168.49999237060547,14553.0,True,6,5,True,accurate,0,0,False,False,24,False,False,,,,,,,,,,,
2078,14546.0,14693.499992370605,14727.499992370605,0,34.0,181.49999237060547,14574.0,True,7,6,True,accurate,0,0,False,False,21,False,False,,,,,,,,,,,
2080,14560.0,14727.499992370605,14769.659991073608,0,42.15999870300293,209.65999107360767,14588.0,True,8,7,True,accurate,1,1,False,False,19,False,False,,,,,,,,,,,
2083,14581.0,14769.659991073608,14813.519986152649,0,43.85999507904052,232.51998615264893,14609.0,True,8,7,True,accurate,0,0,False,False,16,False,False,,,,,,,,,,,
2084,14588.0,14813.519986152649,14853.41998701016,0,39.90000085751215,265.4199870101602,14616.0,True,8,7,True,accurate,1,1,False,False,15,False,False,,,,,,,,,,,
2086,14602.0,14853.41998701016,14885.749988173642,0,32.33000116348266,283.7499881736421,14630.0,True,9,8,True,accurate,0,0,False,False,13,False,False,,,,,,,,,,,
2091,14637.0,14885.749988173642,14917.332902002134,0,31.582913828492135,280.3329020021338,14665.0,True,9,8,True,accurate,0,0,False,False,8,False,False,,,,,,,,,,,
2096,14672.0,14917.332902002134,14942.61623547802,0,25.283333475887776,270.6162354780208,14700.0,True,8,7,True,accurate,0,0,False,False,3,False,False,,,,,,,,,,,
2097,14679.0,14942.61623547802,14973.683738973436,0,31.06750349541503,294.68373897343554,14707.0,True,9,8,True,accurate,0,0,False,False,2,True,False,,,,,,,,,,,
2102,14714.0,14973.683738973436,15000.142076387452,0,26.45833741401633,286.1420763874521,14742.0,True,9,8,True,accurate,1,1,False,False,97,False,False,,,,,,,,,,,
2107,14749.0,15000.142076387452,15023.542081728028,0,23.400005340576172,274.5420817280283,14777.0,True,9,8,True,accurate,0,0,False,False,92,False,False,,,,,,,,,,,
2110,14770.0,15023.542081728028,15047.342080965089,0,23.799999237060547,277.3420809650888,14798.0,True,9,8,True,accurate,0,0,False,False,89,False,False,,,,,,,,,,,
2111,14777.0,15047.342080965089,15078.94207943921,0,31.599998474121094,301.9420794392099,14805.0,True,10,9,True,accurate,0,0,False,False,88,False,False,,,,,,,,,,,
2112,14784.0,15078.94207943921,15104.542081728028,0,25.60000228881836,320.5420817280283,14812.0,True,11,10,True,accurate,1,1,False,False,87,False,False,,,,,,,,,,,
2115,14805.0,15104.542081728028,15129.042081728028,0,24.5,324.0420817280283,14833.0,True,12,11,True,accurate,1,1,False,False,84,False,False,,,,,,,,,,,
2117,14819.0,15129.042081728028,15153.24207867627,0,24.199996948242188,334.24207867627047,14847.0,True,12,11,True,accurate,0,0,False,False,82,False,False,,,,,,,,,,,
2120,14840.0,15153.24207867627,15185.542077913331,0,32.29999923706055,345.542077913331,14868.0,True,13,12,True,accurate,0,0,False,False,79,False,False,,,,,,,,,,,
2124,14868.0,15185.542077913331,15206.94207943921,0,21.400001525878906,338.9420794392099,14896.0,True,13,12,True,accurate,0,0,False,False,75,False,False,,,,,,,,,,,
2126,14882.0,15206.94207943921,15227.842080965089,0,20.900001525878906,345.8420809650888,14910.0,True,14,13,True,accurate,1,1,False,False,73,False,False,,,,,,,,,,,
2127,14889.0,15227.842080965089,15251.542081728028,0,23.700000762939453,362.5420817280283,14917.0,True,14,13,True,accurate,1,1,False,False,72,False,False,,,,,,,,,,,
2128,14896.0,15251.542081728028,15272.542081728028,0,21.0,376.5420817280283,14924.0,True,15,14,True,accurate,0,0,False,False,71,False,False,,,,,,,,,,,
2132,14924.0,15272.542081728028,15295.442083253907,0,22.900001525878906,371.4420832539072,14952.0,True,15,14,True,accurate,0,0,False,False,67,False,False,,,,,,,,,,,
2137,14959.0,15295.442083253907,15314.44207943921,0,18.999996185302734,355.4420794392099,14987.0,True,15,14,True,accurate,0,0,False,False,62,False,False,,,,,,,,,,,
2139,14973.0,15314.44207943921,15341.242082490968,0,26.800003051757812,368.24208249096773,15001.0,True,16,15,True,accurate,0,0,False,False,60,False,False,,,,,,,,,,,
2142,14994.0,15341.242082490968,15369.542085542726,0,28.300003051757812,375.54208554272554,15022.0,True,16,15,True,accurate,0,0,False,False,57,False,False,,,,,,,,,,,
2145,15015.0,15369.542085542726,15393.142087831544,0,23.60000228881836,378.1420878315439,15043.0,True,16,15,True,accurate,0,0,False,False,54,False,False,,,,,,,,,,,
2146,15022.0,15393.142087831544,15435.442090883302,0,42.30000305175781,413.4420908833017,15050.0,True,17,16,True,accurate,0,0,False,False,53,False,False,,,,,,,,,,,
2147,15029.0,15435.442090883302,15440.34209240918,0,4.900001525878906,411.3420924091806,15057.0,True,17,16,True,fast,0,0,False,False,52,False,False,,,,,,,,,,,
2154,15078.0,15440.34209240918,15467.54209317212,0,27.200000762939453,389.5420931721201,15106.0,True,17,16,True,accurate,1,1,False,False,45,False,False,,,,,,,,,,,
2155,15085.0,15467.54209317212,15488.642087831544,0,21.099994659423828,403.6420878315439,15113.0,True,17,16,True,accurate,1,1,False,False,44,False,False,,,,,,,,,,,
2156,15092.0,15488.642087831544,15510.942087068604,0,22.299999237060547,418.94208706860445,15120.0,True,18,17,True,accurate,0,0,False,False,43,False,False,,,,,,,,,,,
2159,15113.0,15510.942087068604,15533.042089357423,0,22.10000228881836,420.0420893574228,15141.0,True,18,17,True,accurate,0,0,False,False,40,False,False,,,,,,,,,,,
2163,15141.0,15533.042089357423,15563.042089357423,0,30.0,422.0420893574228,15169.0,True,18,17,True,accurate,0,0,False,False,36,False,False,,,,,,,,,,,
2166,15162.0,15563.042089357423,15589.942090883302,0,26.900001525878906,427.9420908833017,15190.0,True,18,17,True,accurate,0,0,False,False,33,False,False,,,,,,,,,,,
2168,15176.0,15589.942090883302,15626.042089357423,0,36.099998474121094,450.0420893574228,15204.0,True,19,18,True,accurate,0,0,False,False,31,False,False,,,,,,,,,,,
2172,15204.0,15626.042089357423,15630.542089357423,0,4.5,426.5420893574228,15232.0,True,19,18,True,fast,0,0,False,False,27,False,False,,,,,,,,,,,
2173,15211.0,15630.542089357423,15634.842088594483,0,4.299999237060547,423.84208859448336,15239.0,True,19,18,True,fast,0,0,False,False,26,False,False,,,,,,,,,,,
2175,15225.0,15634.842088594483,15639.642091646241,0,4.8000030517578125,414.64209164624117,15253.0,True,20,19,True,fast,0,0,False,False,24,False,False,,,,,,,,,,,
2176,15232.0,15639.642091646241,15643.942090883302,0,4.299999237060547,411.9420908833017,15260.0,True,20,19,True,fast,0,0,False,False,23,False,False,,,,,,,,,,,
2178,15246.0,15643.942090883302,15648.542089357423,0,4.599998474121094,402.5420893574228,15274.0,True,21,20,True,fast,0,0,False,False,21,False,False,,,,,,,,,,,
2179,15253.0,15648.542089357423,15652.842088594483,0,4.299999237060547,399.84208859448336,15281.0,True,21,20,True,fast,0,0,False,False,20,False,False,,,,,,,,,,,
2183,15281.0,15652.842088594483,15657.342088594483,0,4.5,376.34208859448336,15309.0,True,21,20,True,fast,0,0,False,False,16,False,False,,,,,,,,,,,
2185,15295.0,15657.342088594483,15661.842084779786,0,4.499996185302734,366.8420847797861,15323.0,True,22,21,True,fast,0,0,False,False,14,False,False,,,,,,,,,,,
2186,15302.0,15661.842084779786,15676.342088594483,0,14.500003814697266,374.34208859448336,15330.0,True,22,21,True,accurate,1,1,False,False,13,False,False,,,,,,,,,,,
2187,15309.0,15676.342088594483,15680.742086305665,0,4.399997711181641,371.742086305665,15337.0,True,23,22,True,fast,0,0,False,False,12,False,False,,,,,,,,,,,
2192,15344.0,15680.742086305665,15693.342084779786,0,12.599998474121094,349.3420847797861,15372.0,True,22,21,True,accurate,1,1,False,False,7,False,False,,,,,,,,,,,
2193,15351.0,15693.342084779786,15697.742086305665,0,4.400001525878906,346.742086305665,15379.0,True,23,22,True,fast,0,0,False,False,6,False,False,,,,,,,,,,,
2197,15379.0,15697.742086305665,15702.342084779786,0,4.599998474121094,323.3420847797861,15407.0,True,23,22,True,fast,0,0,False,False,2,True,False,,,,,,,,,,,
2198,15386.0,15702.342084779786,15706.642087831544,0,4.3000030517578125,320.6420878315439,15414.0,True,24,23,True,fast,0,0,False,False,1,True,False,,,,,,,,,,,
2202,15414.0,15706.642087831544,15711.342084779786,0,4.6999969482421875,297.3420847797861,15442.0,True,24,23,True,fast,0,0,False,False,97,False,False,,,,,,,,,,,
2203,15421.0,15711.342084779786,15725.942087068604,0,14.60000228881836,304.94208706860445,15449.0,True,25,24,True,fast,0,0,False,False,96,False,False,,,,,,,,,,,
2205,15435.0,15725.942087068604,15731.742086305665,0,5.799999237060547,296.742086305665,15463.0,True,26,25,True,fast,0,0,False,False,94,False,False,,,,,,,,,,,
2207,15449.0,15731.742086305665,15746.442087068604,0,14.700000762939453,297.44208706860445,15477.0,True,25,24,True,fast,0,0,False,False,92,False,False,,,,,,,,,,,
2210,15470.0,15746.442087068604,15763.542085542726,0,17.099998474121094,293.54208554272554,15498.0,True,25,24,True,accurate,1,1,False,False,89,False,False,,,,,,,,,,,
2211,15477.0,15763.542085542726,15783.842080965089,0,20.29999542236328,306.8420809650888,15505.0,True,26,25,True,accurate,0,0,False,False,88,False,False,,,,,,,,,,,
2212,15484.0,15783.842080965089,15796.542077913331,0,12.699996948242188,312.542077913331,15512.0,True,27,26,True,accurate,1,1,False,False,87,False,False,,,,,,,,,,,
2214,15498.0,15796.542077913331,15800.842077150392,0,4.299999237060547,302.84207715039156,15526.0,True,27,26,True,fast,0,0,False,False,85,False,False,,,,,,,,,,,
2215,15505.0,15800.842077150392,15805.342077150392,0,4.5,300.34207715039156,15533.0,True,28,27,True,fast,0,0,False,False,84,False,False,,,,,,,,,,,
2219,15533.0,15805.342077150392,15810.14208020215,0,4.8000030517578125,277.1420802021494,15561.0,True,28,27,True,fast,0,0,False,False,80,False,False,,,,,,,,,,,
2224,15568.0,15810.14208020215,15825.042081728028,0,14.900001525878906,257.0420817280283,15596.0,True,27,26,True,fast,0,0,False,False,75,False,False,,,,,,,,,,,
2225,15575.0,15825.042081728028,15829.542081728028,0,4.5,254.54208172802828,15603.0,True,28,27,True,fast,0,0,False,False,74,False,False,,,,,,,,,,,
2227,15589.0,15829.542081728028,15833.842080965089,0,4.299999237060547,244.84208096508883,15617.0,True,29,28,True,fast,0,0,False,False,72,False,False,,,,,,,,,,,
2230,15610.0,15833.842080965089,15838.342080965089,0,4.5,228.34208096508883,15638.0,True,29,28,True,fast,0,0,False,False,69,False,False,,,,,,,,,,,
2232,15624.0,15838.342080965089,15842.742082490968,0,4.400001525878906,218.74208249096773,15652.0,True,30,29,True,fast,0,0,False,False,67,False,False,,,,,,,,,,,
2233,15631.0,15842.742082490968,15846.94207943921,0,4.1999969482421875,215.94207943920992,15659.0,True,29,28,True,fast,0,0,False,False,66,False,False,,,,,,,,,,,
2235,15645.0,15846.94207943921,15852.642076387452,0,5.6999969482421875,207.6420763874521,15673.0,True,27,26,True,fast,0,0,False,False,64,False,False,,,,,,,,,,,
2238,15666.0,15852.642076387452,15857.342077150392,0,4.700000762939453,191.34207715039156,15694.0,True,24,23,True,fast,0,0,False,False,61,False,False,,,,,,,,,,,
2241,15687.0,15857.342077150392,15882.404576941775,0,25.062499791383743,195.4045769417753,15715.0,True,23,22,True,accurate,0,0,False,False,58,False,False,,,,,,,,,,,
2245,15715.0,15882.404576941775,15903.230412832943,0,20.825835891167344,188.23041283294333,15743.0,True,19,18,True,accurate,0,0,False,False,54,False,False,,,,,,,,,,,
2247,15729.0,15903.230412832943,15925.069577014096,0,21.839164181153,196.06957701409556,15757.0,True,19,18,True,accurate,0,0,False,False,52,False,False,,,,,,,,,,,
2249,15743.0,15925.069577014096,15930.469576155789,0,5.399999141693115,187.46957615578867,15771.0,True,19,18,True,fast,0,0,False,False,50,False,False,,,,,,,,,,,
2250,15750.0,15930.469576155789,15951.87624368553,0,21.406667529741913,201.87624368553043,15778.0,True,19,18,True,accurate,0,0,False,False,49,False,False,,,,,,,,,,,
2252,15764.0,15951.87624368553,15974.016245745466,0,22.140002059936524,210.01624574546622,15792.0,True,19,18,True,accurate,0,0,False,False,47,False,False,,,,,,,,,,,
2254,15778.0,15974.016245745466,16001.270410294479,0,27.25416454901299,223.270410294479,15806.0,True,20,19,True,accurate,0,0,False,False,45,False,False,,,,,,,,,,,
2257,15799.0,16001.270410294479,16004.127911096559,0,2.857500802079835,205.12791109655882,15827.0,True,19,18,True,fast,0,0,False,False,42,False,False,,,,,,,,,,,
2260,15820.0,16004.127911096559,16017.304576952305,0,13.176665855745473,197.30457695230507,15848.0,True,17,16,True,accurate,1,1,False,False,39,False,False,,,,,,,,,,,
2261,15827.0,16017.304576952305,16032.529572803822,0,15.224995851516722,205.5295728038218,15855.0,True,17,16,True,accurate,1,1,False,False,38,False,False,,,,,,,,,,,
2265,15855.0,16032.529572803822,16060.129571277943,0,27.599998474121094,205.1295712779429,15883.0,True,12,11,True,accurate,1,1,False,False,34,False,False,,,,,,,,,,,
2268,15876.0,16060.129571277943,16062.829572040882,0,2.700000762939453,186.82957204088234,15904.0,True,12,11,True,fast,0,0,False,False,31,False,False,,,,,,,,,,,
2269,15883.0,16062.829572040882,16075.329572040882,0,12.5,192.32957204088234,15911.0,True,12,11,True,accurate,1,1,False,False,30,False,False,,,,,,,,,,,
2272,15904.0,16075.329572040882,16091.4295743297,0,16.10000228881836,187.4295743297007,15932.0,True,12,11,True,accurate,1,1,False,False,27,False,False,,,,,,,,,,,
2274,15918.0,16091.4295743297,16094.32957585558,0,2.9000015258789062,176.3295758555796,15946.0,True,13,12,True,fast,0,0,False,False,25,False,False,,,,,,,,,,,
2283,15981.0,16094.32957585558,16097.029576618519,0,2.700000762939453,116.02957661851906,16009.0,True,10,9,True,fast,0,0,False,False,16,False,False,,,,,,,,,,,
2285,15995.0,16097.029576618519,16112.129578907337,0,15.10000228881836,117.12957890733742,16023.0,True,11,10,True,accurate,1,1,False,False,14,False,False,,,,,,,,,,,
2287,16009.0,16112.129578907337,16116.129582722035,0,4.000003814697266,107.12958272203468,16037.0,True,10,9,True,fast,0,0,False,False,12,False,False,,,,,,,,,,,
2291,16037.0,16116.129582722035,16118.929581959095,0,2.799999237060547,81.92958195909523,16065.0,True,9,8,True,fast,0,0,False,False,8,False,False,,,,,,,,,,,
2292,16044.0,16118.929581959095,16122.029584247914,0,3.1000022888183594,78.02958424791359,16072.0,True,10,9,True,fast,0,0,False,False,7,False,False,,,,,,,,,,,
2296,16072.0,16122.029584247914,16124.729585010853,0,2.700000762939453,52.72958501085304,16100.0,True,9,8,True,fast,0,0,False,False,3,False,False,,,,,,,,,,,
2297,16079.0,16124.729585010853,16127.829587299671,0,3.1000022888183594,48.8295872996714,16107.0,True,9,8,True,fast,0,0,False,False,2,True,False,,,,,,,,,,,
2299,16093.0,16127.829587299671,16141.72958882555,0,13.900001525878906,48.72958882555031,16121.0,True,9,8,True,fast,0,0,False,True,0,True,False,,,,,,,,,,,
2300,16100.0,16141.72958882555,16144.329591114369,0,2.6000022888183594,44.32959111436867,16128.0,True,8,7,True,fast,0,0,False,False,99,False,False,,,,,,,,,,,
2304,16128.0,16144.329591114369,16147.12959035143,0,2.799999237060547,19.129590351429215,16156.0,False,3,2,False,fast,0,0,False,False,95,False,True,,,,,,,,,,,
2308,16156.0,16156.0,16159.199996948242,0,3.1999969482421875,3.1999969482421875,16184.0,False,1,0,False,fast,0,0,False,False,91,False,True,,,,,,,,,,,
2309,16163.0,16163.0,16165.900001525879,0,2.9000015258789062,2.9000015258789062,16191.0,False,1,0,False,fast,0,0,False,False,90,False,True,,,,,,,,,,,
2315,16205.0,16205.0,16220.199996948242,0,15.199996948242188,15.199996948242188,16233.0,False,1,0,False,fast,0,0,False,False,84,False,True,,,,,,,,,,,
2317,16219.0,16220.199996948242,16231.499996185303,0,11.299999237060547,12.499996185302734,16247.0,False,2,1,False,accurate,1,1,False,False,82,False,True,,,,,,,,,,,
2319,16233.0,16233.0,16235.900001525879,0,2.9000015258789062,2.9000015258789062,16261.0,False,1,0,False,fast,0,0,False,False,80,False,True,,,,,,,,,,,
2323,16261.0,16261.0,16263.79999923706,0,2.799999237060547,2.799999237060547,16289.0,False,1,0,False,fast,0,0,False,False,76,False,True,,,,,,,,,,,
2328,16296.0,16296.0,16298.800003051758,0,2.8000030517578125,2.8000030517578125,16324.0,False,1,0,False,fast,0,0,False,False,71,False,True,,,,,,,,,,,
2330,16310.0,16310.0,16321.5,0,11.5,11.5,16338.0,False,1,0,False,accurate,1,1,False,False,69,False,True,,,,,,,,,,,
2331,16317.0,16321.5,16324.499996185303,0,2.9999961853027344,7.499996185302734,16345.0,False,2,1,False,fast,0,0,False,False,68,False,True,,,,,,,,,,,
2333,16331.0,16331.0,16333.70000076294,0,2.700000762939453,2.700000762939453,16359.0,False,1,0,False,fast,0,0,False,False,66,False,True,,,,,,,,,,,
2337,16359.0,16359.0,16374.399997711182,0,15.39999771118164,15.39999771118164,16387.0,False,1,0,False,accurate,1,1,False,False,62,False,True,,,,,,,,,,,
2339,16373.0,16374.399997711182,16377.099998474121,0,2.700000762939453,4.099998474121094,16401.0,False,2,1,False,fast,0,0,False,False,60,False,True,,,,,,,,,,,
2341,16387.0,16387.0,16399.39999771118,0,12.39999771118164,12.39999771118164,16415.0,False,1,0,False,accurate,1,1,False,False,58,False,True,,,,,,,,,,,
2343,16401.0,16401.0,16427.499996185303,0,26.499996185302734,26.499996185302734,16429.0,False,1,0,False,accurate,0,0,False,False,56,False,True,,,,,,,,,,,
2344,16408.0,16427.499996185303,16445.599994659424,0,18.099998474121094,37.59999465942383,16436.0,True,2,1,False,accurate,1,1,False,False,55,False,False,,,,,,,,,,,
2349,16443.0,16445.599994659424,16448.299991607666,0,2.6999969482421875,5.299991607666016,16471.0,False,2,1,False,fast,0,0,False,False,50,False,True,,,,,,,,,,,
2351,16457.0,16457.0,16474.70000076294,0,17.700000762939453,17.700000762939453,16485.0,False,1,0,False,accurate,1,0,True,False,48,False,True,,,,,,,,,,,
2352,16464.0,16474.70000076294,16493.500003814697,0,18.800003051757812,29.500003814697266,16492.0,True,2,1,False,fast,0,0,False,False,47,False,False,,,,,,,,,,,
2354,16478.0,16493.500003814697,16506.09999847412,0,12.599994659423828,28.099998474121094,16506.0,True,2,1,False,accurate,1,1,False,False,45,False,False,,,,,,,,,,,
2355,16485.0,16506.09999847412,16525.799995422363,0,19.699996948242188,40.79999542236328,16513.0,True,3,2,False,accurate,0,0,False,False,44,False,False,,,,,,,,,,,
2356,16492.0,16525.799995422363,16529.59999847412,0,3.8000030517578125,37.599998474121094,16520.0,True,4,3,False,fast,0,0,False,False,43,False,False,,,,,,,,,,,
2357,16499.0,16529.59999847412,16543.699996948242,0,14.099998474121094,44.69999694824219,16527.0,True,4,3,False,accurate,1,1,False,False,42,False,False,,,,,,,,,,,
2362,16534.0,16543.699996948242,16546.39999771118,0,2.700000762939453,12.39999771118164,16562.0,False,2,1,False,fast,0,0,False,False,37,False,True,,,,,,,,,,,
2363,16541.0,16546.39999771118,16560.09999847412,0,13.700000762939453,19.099998474121094,16569.0,False,3,2,False,accurate,1,1,False,False,36,False,True,,,,,,,,,,,
2365,16555.0,16560.09999847412,16562.89999771118,0,2.799999237060547,7.899997711181641,16583.0,False,2,1,False,fast,0,0,False,False,34,False,True,,,,,,,,,,,
2367,16569.0,16569.0,16579.70000076294,0,10.700000762939453,10.700000762939453,16597.0,False,1,0,False,fast,0,0,False,False,32,False,True,,,,,,,,,,,
2369,16583.0,16583.0,16585.59999847412,0,2.5999984741210938,2.5999984741210938,16611.0,False,1,0,False,fast,0,0,False,False,30,False,True,,,,,,,,,,,
2370,16590.0,16590.0,16592.60000228882,0,2.6000022888183594,2.6000022888183594,16618.0,False,1,0,False,fast,0,0,False,False,29,False,True,,,,,,,,,,,
2374,16618.0,16618.0,16634.59999847412,0,16.599998474121094,16.599998474121094,16646.0,False,1,0,False,accurate,1,1,False,False,25,False,True,,,,,,,,,,,
2386,16702.0,16702.0,16704.800003051758,0,2.8000030517578125,2.8000030517578125,16730.0,False,1,0,False,fast,0,0,False,False,13,False,True,,,,,,,,,,,
2387,16709.0,16709.0,16713.20000076294,0,4.200000762939453,4.200000762939453,16737.0,False,1,0,False,fast,0,0,False,False,12,False,True,,,,,,,,,,,
2388,16716.0,16716.0,16730.20000076294,0,14.200000762939453,14.200000762939453,16744.0,False,1,0,False,accurate,1,1,False,False,11,False,True,,,,,,,,,,,
2390,16730.0,16730.20000076294,16733.0,0,2.799999237060547,3.0,16758.0,False,2,1,False,fast,0,0,False,False,9,False,True,,,,,,,,,,,
2391,16737.0,16737.0,16739.60000228882,0,2.6000022888183594,2.6000022888183594,16765.0,False,1,0,False,fast,0,0,False,False,8,False,True,,,,,,,,,,,
2394,16758.0,16758.0,16770.5,0,12.5,12.5,16786.0,False,1,0,False,accurate,1,1,False,False,5,False,True,,,,,,,,,,,
2397,16779.0,16779.0,16781.70000076294,0,2.700000762939453,2.700000762939453,16807.0,False,1,0,False,fast,0,0,False,False,2,True,True,,,,,,,,,,,
2399,16793.0,16793.0,16796.29999923706,0,3.299999237060547,3.299999237060547,16821.0,False,1,0,False,fast,0,0,False,True,0,True,True,,,,,,,,,,,
2405,16835.0,16835.0,16863.44125499745,0,28.441254997452145,28.441254997451324,16863.0,True,1,0,False,accurate,1,1,False,False,94,False,False,,,,,,,,,,,
2406,16842.0,16863.44125499745,16883.266254997452,0,19.825,41.26625499745205,16870.0,True,2,1,False,accurate,0,0,False,False,93,False,False,,,,,,,,,,,
2415,16905.0,16905.0,16930.88125,0,25.881249999999998,25.881249999998545,16933.0,False,1,0,False,accurate,0,0,False,False,84,False,True,,,,,,,,,,,
2419,16933.0,16933.0,16951.677082402457,0,18.677082402457795,18.677082402457017,16961.0,False,1,0,False,accurate,1,1,False,False,80,False,True,,,,,,,,,,,
2420,16940.0,16951.677082402457,16954.46708319351,0,2.7900007910529783,14.467083193510916,16968.0,False,2,1,False,fast,0,0,False,False,79,False,True,,,,,,,,,,,
2425,16975.0,16975.0,16977.699996948242,0,2.6999969482421875,2.6999969482421875,17003.0,False,1,0,False,fast,0,0,False,False,74,False,True,,,,,,,,,,,
2426,16982.0,16982.0,17016.60000228882,0,34.60000228881836,34.60000228881836,17010.0,True,1,0,False,accurate,0,0,False,False,73,False,False,,,,,,,,,,,
2427,16989.0,17016.60000228882,17019.59999847412,0,2.9999961853027344,30.599998474121094,17017.0,True,2,1,False,fast,0,0,False,False,72,False,False,,,,,,,,,,,
2429,17003.0,17019.59999847412,17034.499996185303,0,14.89999771118164,31.499996185302734,17031.0,True,3,2,False,accurate,1,1,False,False,70,False,False,,,,,,,,,,,
2435,17045.0,17045.0,17063.79999923706,0,18.799999237060547,18.799999237060547,17073.0,False,1,0,False,accurate,1,1,False,False,64,False,True,,,,,,,,,,,
2436,17052.0,17063.79999923706,17082.09999847412,0,18.299999237060547,30.099998474121094,17080.0,True,2,1,False,fast,0,0,False,False,63,False,False,,,,,,,,,,,
2441,17087.0,17087.0,17090.40000152588,0,3.4000015258789062,3.4000015258789062,17115.0,False,1,0,False,fast,0,0,False,False,58,False,True,,,,,,,,,,,
2443,17101.0,17101.0,17124.300003051758,0,23.300003051757812,23.300003051757812,17129.0,False,1,0,False,accurate,0,0,False,False,56,False,True,,,,,,,,,,,
2444,17108.0,17124.300003051758,17127.500003814697,0,3.200000762939453,19.500003814697266,17136.0,False,2,1,False,fast,0,0,False,False,55,False,True,,,,,,,,,,,
2445,17115.0,17127.500003814697,17130.700004577637,0,3.200000762939453,15.700004577636719,17143.0,False,3,2,False,fast,0,0,False,False,54,False,True,,,,,,,,,,,
2451,17157.0,17157.0,17159.60000228882,0,2.6000022888183594,2.6000022888183594,17185.0,False,1,0,False,fast,0,0,False,False,48,False,True,,,,,,,,,,,
2452,17164.0,17164.0,17166.70000076294,0,2.700000762939453,2.700000762939453,17192.0,False,1,0,False,fast,0,0,False,False,47,False,True,,,,,,,,,,,
2454,17178.0,17178.0,17180.70000076294,0,2.700000762939453,2.700000762939453,17206.0,False,1,0,False,fast,0,0,False,False,45,False,True,,,,,,,,,,,
2455,17185.0,17185.0,17202.09999847412,0,17.099998474121094,17.099998474121094,17213.0,False,1,0,False,accurate,1,1,False,False,44,False,True,,,,,,,,,,,
2459,17213.0,17213.0,17232.0,0,19.0,19.0,17241.0,False,1,0,False,accurate,0,0,False,False,40,False,True,,,,,,,,,,,
2462,17234.0,17234.0,17244.79999923706,0,10.799999237060547,10.799999237060547,17262.0,False,1,0,False,accurate,1,1,False,False,37,False,True,,,,,,,,,,,
2466,17262.0,17262.0,17265.10000228882,0,3.1000022888183594,3.1000022888183594,17290.0,False,1,0,False,fast,0,0,False,False,33,False,True,,,,,,,,,,,
2467,17269.0,17269.0,17271.79999923706,0,2.799999237060547,2.799999237060547,17297.0,False,1,0,False,fast,0,0,False,False,32,False,True,,,,,,,,,,,
2471,17297.0,17297.0,17299.699996948242,0,2.6999969482421875,2.6999969482421875,17325.0,False,1,0,False,fast,0,0,False,False,28,False,True,,,,,,,,,,,
2473,17311.0,17311.0,17313.700004577637,0,2.7000045776367188,2.7000045776367188,17339.0,False,1,0,False,fast,0,0,False,False,26,False,True,,,,,,,,,,,
2474,17318.0,17318.0,17320.70000076294,0,2.700000762939453,2.700000762939453,17346.0,False,1,0,False,fast,0,0,False,False,25,False,True,,,,,,,,,,,
2480,17360.0,17360.0,17362.70000076294,0,2.700000762939453,2.700000762939453,17388.0,False,1,0,False,fast,0,0,False,False,19,False,True,,,,,,,,,,,
2486,17402.0,17402.0,17404.60000228882,0,2.6000022888183594,2.6000022888183594,17430.0,False,1,0,False,fast,0,0,False,False,13,False,True,,,,,,,,,,,
2488,17416.0,17416.0,17436.79999923706,0,20.799999237060547,20.799999237060547,17444.0,False,1,0,False,accurate,0,0,False,False,11,False,True,,,,,,,,,,,
2489,17423.0,17436.79999923706,17439.5,0,2.700000762939453,16.5,17451.0,False,2,1,False,fast,0,0,False,False,10,False,True,,,,,,,,,,,
2490,17430.0,17439.5,17452.29999923706,0,12.799999237060547,22.299999237060547,17458.0,False,3,2,False,accurate,1,1,False,False,9,False,True,,,,,,,,,,,
2493,17451.0,17452.29999923706,17454.89999771118,0,2.5999984741210938,3.8999977111816406,17479.0,False,2,1,False,fast,0,0,False,False,6,False,True,,,,,,,,,,,
2495,17465.0,17465.0,17479.20000076294,0,14.200000762939453,14.200000762939453,17493.0,False,1,0,False,accurate,1,1,False,False,4,False,True,,,,,,,,,,,
2497,17479.0,17479.20000076294,17481.900005340576,0,2.7000045776367188,2.900005340576172,17507.0,False,2,1,False,fast,0,0,False,False,2,True,True,,,,,,,,,,,
2502,17514.0,17514.0,17516.59999847412,0,2.5999984741210938,2.5999984741210938,17542.0,False,1,0,False,fast,0,0,False,False,97,False,True,,,,,,,,,,,
2503,17521.0,17521.0,17540.299995422363,0,19.29999542236328,19.29999542236328,17549.0,False,1,0,False,accurate,1,1,False,False,96,False,True,,,,,,,,,,,
2506,17542.0,17542.0,17544.59999847412,0,2.5999984741210938,2.5999984741210938,17570.0,False,1,0,False,fast,0,0,False,False,93,False,True,,,,,,,,,,,
2508,17556.0,17556.0,17558.70000076294,0,2.700000762939453,2.700000762939453,17584.0,False,1,0,False,fast,0,0,False,False,91,False,True,,,,,,,,,,,
2510,17570.0,17570.0,17572.800003051758,0,2.8000030517578125,2.8000030517578125,17598.0,False,1,0,False,fast,0,0,False,False,89,False,True,,,,,,,,,,,
2514,17598.0,17598.0,17600.70000076294,0,2.700000762939453,2.700000762939453,17626.0,False,1,0,False,fast,0,0,False,False,85,False,True,,,,,,,,,,,
2515,17605.0,17605.0,17625.29999923706,0,20.299999237060547,20.299999237060547,17633.0,False,1,0,False,accurate,1,1,False,False,84,False,True,,,,,,,,,,,
2516,17612.0,17625.29999923706,17636.79999923706,0,11.5,24.799999237060547,17640.0,False,2,1,False,accurate,1,1,False,False,83,False,True,,,,,,,,,,,
2517,17619.0,17636.79999923706,17639.40000152588,0,2.6000022888183594,20.400001525878906,17647.0,False,3,2,False,fast,0,0,False,False,82,False,True,,,,,,,,,,,
2519,17633.0,17639.40000152588,17653.20000076294,0,13.799999237060547,20.200000762939453,17661.0,False,3,2,False,accurate,1,1,False,False,80,False,True,,,,,,,,,,,
2521,17647.0,17653.20000076294,17655.90000152588,0,2.700000762939453,8.900001525878906,17675.0,False,2,1,False,fast,0,0,False,False,78,False,True,,,,,,,,,,,
2522,17654.0,17655.90000152588,17658.500003814697,0,2.6000022888183594,4.500003814697266,17682.0,False,2,1,False,fast,0,0,False,False,77,False,True,,,,,,,,,,,
2525,17675.0,17675.0,17677.70000076294,0,2.700000762939453,2.700000762939453,17703.0,False,1,0,False,fast,0,0,False,False,74,False,True,,,,,,,,,,,
2527,17689.0,17689.0,17692.29999923706,0,3.299999237060547,3.299999237060547,17717.0,False,1,0,False,fast,0,0,False,False,72,False,True,,,,,,,,,,,
2529,17703.0,17703.0,17705.700004577637,0,2.7000045776367188,2.7000045776367188,17731.0,False,1,0,False,fast,0,0,False,False,70,False,True,,,,,,,,,,,
2531,17717.0,17717.0,17736.0,0,19.0,19.0,17745.0,False,1,0,False,accurate,0,0,False,False,68,False,True,,,,,,,,,,,
2532,17724.0,17736.0,17738.699996948242,0,2.6999969482421875,14.699996948242188,17752.0,False,2,1,False,fast,0,0,False,False,67,False,True,,,,,,,,,,,
2533,17731.0,17738.699996948242,17750.999996185303,0,12.299999237060547,19.999996185302734,17759.0,False,3,2,False,accurate,1,1,False,False,66,False,True,,,,,,,,,,,
2534,17738.0,17750.999996185303,17753.699996948242,0,2.700000762939453,15.699996948242188,17766.0,False,3,2,False,fast,0,0,False,False,65,False,True,,,,,,,,,,,
2535,17745.0,17753.699996948242,17756.40000152588,0,2.7000045776367188,11.400001525878906,17773.0,False,3,2,False,fast,0,0,False,False,64,False,True,,,,,,,,,,,
2536,17752.0,17756.40000152588,17759.29999923706,0,2.8999977111816406,7.299999237060547,17780.0,False,3,2,False,fast,0,0,False,False,63,False,True,,,,,,,,,,,
2538,17766.0,17766.0,17768.79999923706,0,2.799999237060547,2.799999237060547,17794.0,False,1,0,False,fast,0,0,False,False,61,False,True,,,,,,,,,,,
2540,17780.0,17780.0,17782.79999923706,0,2.799999237060547,2.799999237060547,17808.0,False,1,0,False,fast,0,0,False,False,59,False,True,,,,,,,,,,,
2541,17787.0,17787.0,17789.699996948242,0,2.6999969482421875,2.6999969482421875,17815.0,False,1,0,False,fast,0,0,False,False,58,False,True,,,,,,,,,,,
2543,17801.0,17801.0,17803.70000076294,0,2.700000762939453,2.700000762939453,17829.0,False,1,0,False,fast,0,0,False,False,56,False,True,,,,,,,,,,,
2552,17864.0,17864.0,17866.70000076294,0,2.700000762939453,2.700000762939453,17892.0,False,1,0,False,fast,0,0,False,False,47,False,True,,,,,,,,,,,
2555,17885.0,17885.0,17887.700004577637,0,2.7000045776367188,2.7000045776367188,17913.0,False,1,0,False,fast,0,0,False,False,44,False,True,,,,,,,,,,,
2557,17899.0,17899.0,17901.70000076294,0,2.700000762939453,2.700000762939453,17927.0,False,1,0,False,fast,0,0,False,False,42,False,True,,,,,,,,,,,
2560,17920.0,17920.0,17939.379996109008,0,19.37999610900879,19.37999610900806,17948.0,False,1,0,False,accurate,0,0,False,False,39,False,True,,,,,,,,,,,
2566,17962.0,17962.0,17987.1625,0,25.162499999999998,25.162499999998545,17990.0,False,1,0,False,accurate,0,0,False,False,33,False,True,,,,,,,,,,,
2570,17990.0,17990.0,17993.015005100966,0,3.0150051009654817,3.0150051009659364,18018.0,False,1,0,False,fast,0,0,False,False,29,False,True,,,,,,,,,,,
2571,17997.0,17997.0,18028.720833653213,0,31.720833653211596,31.72083365321305,18025.0,True,1,0,False,accurate,1,1,False,False,28,False,False,,,,,,,,,,,
2575,18025.0,18028.720833653213,18044.375835579634,0,15.655001926422118,19.37583557963444,18053.0,False,2,1,False,accurate,1,1,False,False,24,False,True,,,,,,,,,,,
2577,18039.0,18044.375835579634,18047.33917213718,0,2.9633365575472452,8.339172137180867,18067.0,False,2,1,False,fast,0,0,False,False,22,False,True,,,,,,,,,,,
2578,18046.0,18047.33917213718,18065.786673033635,0,18.447500896453857,19.786673033635452,18074.0,False,2,1,False,accurate,1,1,False,False,21,False,True,,,,,,,,,,,
2583,18081.0,18081.0,18083.722500769967,0,2.722500769967834,2.722500769967155,18109.0,False,1,0,False,fast,0,0,False,False,16,False,True,,,,,,,,,,,
2584,18088.0,18088.0,18090.800003051758,0,2.8000030517578125,2.8000030517578125,18116.0,False,1,0,False,fast,0,0,False,False,15,False,True,,,,,,,,,,,
2588,18116.0,18116.0,18130.39999771118,0,14.39999771118164,14.39999771118164,18144.0,False,1,0,False,accurate,1,1,False,False,11,False,True,,,,,,,,,,,
2591,18137.0,18137.0,18152.699996948242,0,15.699996948242188,15.699996948242188,18165.0,False,1,0,False,accurate,1,1,False,False,8,False,True,,,,,,,,,,,
2599,18193.0,18193.0,18195.79999923706,0,2.799999237060547,2.799999237060547,18221.0,False,1,0,False,fast,0,0,False,True,0,True,True,,,,,,,,,,,
2600,18200.0,18200.0,18202.79999923706,0,2.799999237060547,2.799999237060547,18228.0,False,1,0,False,fast,0,0,False,False,99,False,True,,,,,,,,,,,
2601,18207.0,18207.0,18209.59999847412,0,2.5999984741210938,2.5999984741210938,18235.0,False,1,0,False,fast,0,0,False,False,98,False,True,,,,,,,,,,,
2603,18221.0,18221.0,18223.59999847412,0,2.5999984741210938,2.5999984741210938,18249.0,False,1,0,False,fast,0,0,False,False,96,False,True,,,,,,,,,,,
2604,18228.0,18228.0,18247.699996948242,0,19.699996948242188,19.699996948242188,18256.0,False,1,0,False,accurate,1,1,False,False,95,False,True,,,,,,,,,,,
2605,18235.0,18247.699996948242,18261.59999847412,0,13.900001525878906,26.599998474121094,18263.0,False,2,1,False,accurate,1,1,False,False,94,False,True,,,,,,,,,,,
2606,18242.0,18261.59999847412,18264.299995422363,0,2.6999969482421875,22.29999542236328,18270.0,False,3,2,False,fast,0,0,False,False,93,False,True,,,,,,,,,,,
2608,18256.0,18264.299995422363,18266.999996185303,0,2.700000762939453,10.999996185302734,18284.0,False,3,2,False,fast,0,0,False,False,91,False,True,,,,,,,,,,,
2610,18270.0,18270.0,18287.800003051758,0,17.800003051757812,17.800003051757812,18298.0,False,1,0,False,accurate,1,1,False,False,89,False,True,,,,,,,,,,,
2614,18298.0,18298.0,18300.700004577637,0,2.7000045776367188,2.7000045776367188,18326.0,False,1,0,False,fast,0,0,False,False,85,False,True,,,,,,,,,,,
2616,18312.0,18312.0,18333.59999847412,0,21.599998474121094,21.599998474121094,18340.0,False,1,0,False,accurate,1,1,False,False,83,False,True,,,,,,,,,,,
2619,18333.0,18333.59999847412,18347.799995422363,0,14.199996948242188,14.799995422363281,18361.0,False,2,1,False,accurate,1,1,False,False,80,False,True,,,,,,,,,,,
2622,18354.0,18354.0,18365.29999923706,0,11.299999237060547,11.299999237060547,18382.0,False,1,0,False,accurate,1,1,False,False,77,False,True,,,,,,,,,,,
2623,18361.0,18365.29999923706,18368.0,0,2.700000762939453,7.0,18389.0,False,2,1,False,fast,0,0,False,False,76,False,True,,,,,,,,,,,
2624,18368.0,18368.0,18370.79999923706,0,2.799999237060547,2.799999237060547,18396.0,False,1,0,False,fast,0,0,False,False,75,False,True,,,,,,,,,,,
2626,18382.0,18382.0,18400.20000076294,0,18.200000762939453,18.200000762939453,18410.0,False,1,0,False,accurate,1,1,False,False,73,False,True,,,,,,,,,,,
2627,18389.0,18400.20000076294,18402.79999923706,0,2.5999984741210938,13.799999237060547,18417.0,False,2,1,False,fast,0,0,False,False,72,False,True,,,,,,,,,,,
2628,18396.0,18402.79999923706,18415.39999771118,0,12.599998474121094,19.39999771118164,18424.0,False,3,2,False,accurate,1,1,False,False,71,False,True,,,,,,,,,,,
2629,18403.0,18415.39999771118,18431.0,0,15.60000228881836,28.0,18431.0,False,2,1,False,accurate,1,1,False,False,70,False,True,,,,,,,,,,,
2635,18445.0,18445.0,18447.79999923706,0,2.799999237060547,2.799999237060547,18473.0,False,1,0,False,fast,0,0,False,False,64,False,True,,,,,,,,,,,
2636,18452.0,18452.0,18454.60000228882,0,2.6000022888183594,2.6000022888183594,18480.0,False,1,0,False,fast,0,0,False,False,63,False,True,,,,,,,,,,,
2638,18466.0,18466.0,18485.89999771118,0,19.89999771118164,19.89999771118164,18494.0,False,1,0,False,accurate,0,0,False,False,61,False,True,,,,,,,,,,,
2639,18473.0,18485.89999771118,18505.89999771118,0,20.0,32.89999771118164,18501.0,True,2,1,False,accurate,0,0,False,False,60,False,False,,,,,,,,,,,
2644,18508.0,18508.0,18510.79999923706,0,2.799999237060547,2.799999237060547,18536.0,False,1,0,False,fast,0,0,False,False,55,False,True,,,,,,,,,,,
2646,18522.0,18522.0,18535.29999923706,0,13.299999237060547,13.299999237060547,18550.0,False,1,0,False,accurate,1,1,False,False,53,False,True,,,,,,,,,,,
2648,18536.0,18536.0,18538.79999923706,0,2.799999237060547,2.799999237060547,18564.0,False,1,0,False,fast,0,0,False,False,51,False,True,,,,,,,,,,,
2651,18557.0,18557.0,18559.79999923706,0,2.799999237060547,2.799999237060547,18585.0,False,1,0,False,fast,0,0,False,False,48,False,True,,,,,,,,,,,
2658,18606.0,18606.0,18608.800003051758,0,2.8000030517578125,2.8000030517578125,18634.0,False,1,0,False,fast,0,0,False,False,41,False,True,,,,,,,,,,,
2661,18627.0,18627.0,18629.800003051758,0,2.8000030517578125,2.8000030517578125,18655.0,False,1,0,False,fast,0,0,False,False,38,False,True,,,,,,,,,,,
2665,18655.0,18655.0,18675.79999923706,0,20.799999237060547,20.799999237060547,18683.0,False,1,0,False,accurate,0,0,False,False,34,False,True,,,,,,,,,,,
2667,18669.0,18675.79999923706,18678.59999847412,0,2.799999237060547,9.599998474121094,18697.0,False,2,1,False,fast,0,0,False,False,32,False,True,,,,,,,,,,,
2668,18676.0,18678.59999847412,18681.299995422363,0,2.6999969482421875,5.299995422363281,18704.0,False,2,1,False,fast,0,0,False,False,31,False,True,,,,,,,,,,,
2669,18683.0,18683.0,18685.79999923706,0,2.799999237060547,2.799999237060547,18711.0,False,1,0,False,fast,0,0,False,False,30,False,True,,,,,,,,,,,
2670,18690.0,18690.0,18712.10000228882,0,22.10000228881836,22.10000228881836,18718.0,False,1,0,False,accurate,0,0,False,False,29,False,True,,,,,,,,,,,
2671,18697.0,18712.10000228882,18714.800003051758,0,2.700000762939453,17.800003051757812,18725.0,False,2,1,False,fast,0,0,False,False,28,False,True,,,,,,,,,,,
2675,18725.0,18725.0,18741.20000076294,0,16.200000762939453,16.200000762939453,18753.0,False,1,0,False,accurate,1,1,False,False,24,False,True,,,,,,,,,,,
2676,18732.0,18741.20000076294,18744.10000228882,0,2.9000015258789062,12.10000228881836,18760.0,False,2,1,False,fast,0,0,False,False,23,False,True,,,,,,,,,,,
2678,18746.0,18746.0,18748.699996948242,0,2.6999969482421875,2.6999969482421875,18774.0,False,1,0,False,fast,0,0,False,False,21,False,True,,,,,,,,,,,
2682,18774.0,18774.0,18776.90000152588,0,2.9000015258789062,2.9000015258789062,18802.0,False,1,0,False,fast,0,0,False,False,17,False,True,,,,,,,,,,,
2685,18795.0,18795.0,18797.79999923706,0,2.799999237060547,2.799999237060547,18823.0,False,1,0,False,fast,0,0,False,False,14,False,True,,,,,,,,,,,
2686,18802.0,18802.0,18804.79999923706,0,2.799999237060547,2.799999237060547,18830.0,False,1,0,False,fast,0,0,False,False,13,False,True,,,,,,,,,,,
2692,18844.0,18844.0,18846.70000076294,0,2.700000762939453,2.700000762939453,18872.0,False,1,0,False,fast,0,0,False,False,7,False,True,,,,,,,,,,,
2693,18851.0,18851.0,18865.89999771118,0,14.89999771118164,14.89999771118164,18879.0,False,1,0,False,accurate,1,1,False,False,6,False,True,,,,,,,,,,,
2694,18858.0,18865.89999771118,18868.599994659424,0,2.6999969482421875,10.599994659423828,18886.0,False,2,1,False,fast,0,0,False,False,5,False,True,,,,,,,,,,,
2701,18907.0,18907.0,18911.70000076294,0,4.700000762939453,4.700000762939453,18935.0,False,1,0,False,fast,0,0,False,False,98,False,True,,,,,,,,,,,
2705,18935.0,18935.0,18947.20000076294,0,12.200000762939453,12.200000762939453,18963.0,False,1,0,False,accurate,1,1,False,False,94,False,True,,,,,,,,,,,
2710,18970.0,18970.0,18985.79999923706,0,15.799999237060547,15.799999237060547,18998.0,False,1,0,False,accurate,1,1,False,False,89,False,True,,,,,,,,,,,
2711,18977.0,18985.79999923706,18988.499996185303,0,2.6999969482421875,11.499996185302734,19005.0,False,2,1,False,fast,0,0,False,False,88,False,True,,,,,,,,,,,
2715,19005.0,19005.0,19007.79999923706,0,2.799999237060547,2.799999237060547,19033.0,False,1,0,False,fast,0,0,False,False,84,False,True,,,,,,,,,,,
2717,19019.0,19019.0,19021.70000076294,0,2.700000762939453,2.700000762939453,19047.0,False,1,0,False,fast,0,0,False,False,82,False,True,,,,,,,,,,,
2720,19040.0,19040.0,19059.209992218017,0,19.20999221801758,19.20999221801685,19068.0,False,1,0,False,accurate,0,0,False,False,79,False,True,,,,,,,,,,,
2724,19068.0,19068.0,19087.475004660886,0,19.475004660884498,19.475004660886043,19096.0,False,1,0,False,accurate,0,0,False,False,75,False,True,,,,,,,,,,,
2729,19103.0,19103.0,19106.037496566772,0,3.037496566772461,3.037496566772461,19131.0,False,1,0,False,fast,0,0,False,False,70,False,True,,,,,,,,,,,
2732,19124.0,19124.0,19141.144995880128,0,17.144995880126956,17.14499588012768,19152.0,False,1,0,False,accurate,1,1,False,False,67,False,True,,,,,,,,,,,
2734,19138.0,19141.144995880128,19167.7533320266,0,26.60833614647387,29.75333202660113,19166.0,True,2,1,False,accurate,1,1,False,False,65,False,False,,,,,,,,,,,
2735,19145.0,19167.7533320266,19187.827083953023,0,20.07375192642212,42.82708395302325,19173.0,True,2,1,False,accurate,0,0,False,False,64,False,False,,,,,,,,,,,
2737,19159.0,19187.827083953023,19190.578748999636,0,2.7516650466124246,31.578748999636446,19187.0,True,3,2,False,fast,0,0,False,False,62,False,False,,,,,,,,,,,
2742,19194.0,19194.0,19196.8466658924,0,2.8466658924023305,2.846665892400779,19222.0,False,1,0,False,fast,0,0,False,False,57,False,True,,,,,,,,,,,
2745,19215.0,19215.0,19217.79999923706,0,2.799999237060547,2.799999237060547,19243.0,False,1,0,False,fast,0,0,False,False,54,False,True,,,,,,,,,,,
2750,19250.0,19250.0,19252.79999923706,0,2.799999237060547,2.799999237060547,19278.0,False,1,0,False,fast,0,0,False,False,49,False,True,,,,,,,,,,,
2751,19257.0,19257.0,19270.79999923706,0,13.799999237060547,13.799999237060547,19285.0,False,1,0,False,accurate,1,1,False,False,48,False,True,,,,,,,,,,,
2752,19264.0,19270.79999923706,19273.59999847412,0,2.799999237060547,9.599998474121094,19292.0,False,2,1,False,fast,0,0,False,False,47,False,True,,,,,,,,,,,
2761,19327.0,19327.0,19329.79999923706,0,2.799999237060547,2.799999237060547,19355.0,False,1,0,False,fast,0,0,False,False,38,False,True,,,,,,,,,,,
2765,19355.0,19355.0,19357.90000152588,0,2.9000015258789062,2.9000015258789062,19383.0,False,1,0,False,fast,0,0,False,False,34,False,True,,,,,,,,,,,
2769,19383.0,19383.0,19396.0,0,13.0,13.0,19411.0,False,1,0,False,accurate,1,1,False,False,30,False,True,,,,,,,,,,,
2771,19397.0,19397.0,19399.79999923706,0,2.799999237060547,2.799999237060547,19425.0,False,1,0,False,fast,0,0,False,False,28,False,True,,,,,,,,,,,
2772,19404.0,19404.0,19420.09999847412,0,16.099998474121094,16.099998474121094,19432.0,False,1,0,False,accurate,1,1,False,False,27,False,True,,,,,,,,,,,
2778,19446.0,19446.0,19471.0,0,25.0,25.0,19474.0,False,1,0,False,accurate,0,0,False,False,21,False,True,,,,,,,,,,,
2781,19467.0,19471.0,19473.699996948242,0,2.6999969482421875,6.6999969482421875,19495.0,False,2,1,False,fast,0,0,False,False,18,False,True,,,,,,,,,,,
2782,19474.0,19474.0,19486.70000076294,0,12.700000762939453,12.700000762939453,19502.0,False,1,0,False,accurate,1,1,False,False,17,False,True,,,,,,,,,,,
2786,19502.0,19502.0,19529.0,0,27.0,27.0,19530.0,False,1,0,False,accurate,0,0,False,False,13,False,True,,,,,,,,,,,
2788,19516.0,19529.0,19531.70000076294,0,2.700000762939453,15.700000762939453,19544.0,False,2,1,False,fast,0,0,False,False,11,False,True,,,,,,,,,,,
2790,19530.0,19531.70000076294,19534.500003814697,0,2.8000030517578125,4.500003814697266,19558.0,False,2,1,False,fast,0,0,False,False,9,False,True,,,,,,,,,,,
2791,19537.0,19537.0,19539.70000076294,0,2.700000762939453,2.700000762939453,19565.0,False,1,0,False,fast,0,0,False,False,8,False,True,,,,,,,,,,,
2793,19551.0,19551.0,19553.70000076294,0,2.700000762939453,2.700000762939453,19579.0,False,1,0,False,fast,0,0,False,False,6,False,True,,,,,,,,,,,
2794,19558.0,19558.0,19560.70000076294,0,2.700000762939453,2.700000762939453,19586.0,False,1,0,False,fast,0,0,False,False,5,False,True,,,,,,,,,,,
2796,19572.0,19572.0,19574.70000076294,0,2.700000762939453,2.700000762939453,19600.0,False,1,0,False,fast,0,0,False,False,3,False,True,,,,,,,,,,,
2798,19586.0,19586.0,19607.60000228882,0,21.60000228881836,21.60000228881836,19614.0,False,1,0,False,accurate,0,0,False,False,1,True,True,,,,,,,,,,,
2803,19621.0,19621.0,19634.79999923706,0,13.799999237060547,13.799999237060547,19649.0,False,1,0,False,accurate,1,1,False,False,96,False,True,,,,,,,,,,,
2805,19635.0,19635.0,19637.70000076294,0,2.700000762939453,2.700000762939453,19663.0,False,1,0,False,fast,0,0,False,False,94,False,True,,,,,,,,,,,
2806,19642.0,19642.0,19644.89999771118,0,2.8999977111816406,2.8999977111816406,19670.0,False,1,0,False,fast,0,0,False,False,93,False,True,,,,,,,,,,,
2810,19670.0,19670.0,19683.200004577637,0,13.200004577636719,13.200004577636719,19698.0,False,1,0,False,accurate,1,1,False,False,89,False,True,,,,,,,,,,,
2814,19698.0,19698.0,19700.699996948242,0,2.6999969482421875,2.6999969482421875,19726.0,False,1,0,False,fast,0,0,False,False,85,False,True,,,,,,,,,,,
2819,19733.0,19733.0,19746.5,0,13.5,13.5,19761.0,False,1,0,False,accurate,1,1,False,False,80,False,True,,,,,,,,,,,
2820,19740.0,19746.5,19761.0,0,14.5,21.0,19768.0,False,2,1,False,accurate,1,1,False,False,79,False,True,,,,,,,,,,,
2822,19754.0,19761.0,19763.700004577637,0,2.7000045776367188,9.700004577636719,19782.0,False,2,1,False,fast,0,0,False,False,77,False,True,,,,,,,,,,,
2827,19789.0,19789.0,19809.89999771118,0,20.89999771118164,20.89999771118164,19817.0,False,1,0,False,accurate,0,0,False,False,72,False,True,,,,,,,,,,,
2833,19831.0,19831.0,19833.70000076294,0,2.700000762939453,2.700000762939453,19859.0,False,1,0,False,fast,0,0,False,False,66,False,True,,,,,,,,,,,
2838,19866.0,19866.0,19868.79999923706,0,2.799999237060547,2.799999237060547,19894.0,False,1,0,False,fast,0,0,False,False,61,False,True,,,,,,,,,,,
2844,19908.0,19908.0,19910.89999771118,0,2.8999977111816406,2.8999977111816406,19936.0,False,1,0,False,fast,0,0,False,False,55,False,True,,,,,,,,,,,
2852,19964.0,19964.0,19966.800003051758,0,2.8000030517578125,2.8000030517578125,19992.0,False,1,0,False,fast,0,0,False,False,47,False,True,,,,,,,,,,,
2857,19999.0,19999.0,20011.599994659424,0,12.599994659423828,12.599994659423828,20027.0,False,1,0,False,accurate,1,1,False,False,42,False,True,,,,,,,,,,,
2861,20027.0,20027.0,20029.79999923706,0,2.799999237060547,2.799999237060547,20055.0,False,1,0,False,fast,0,0,False,False,38,False,True,,,,,,,,,,,
2864,20048.0,20048.0,20050.79999923706,0,2.799999237060547,2.799999237060547,20076.0,False,1,0,False,fast,0,0,False,False,35,False,True,,,,,,,,,,,
2866,20062.0,20062.0,20064.70000076294,0,2.700000762939453,2.700000762939453,20090.0,False,1,0,False,fast,0,0,False,False,33,False,True,,,,,,,,,,,
2867,20069.0,20069.0,20098.699996948242,0,29.699996948242188,29.699996948242188,20097.0,True,1,0,False,accurate,0,0,False,False,32,False,False,,,,,,,,,,,
2871,20097.0,20098.699996948242,20101.499996185303,0,2.799999237060547,4.499996185302734,20125.0,False,2,1,False,fast,0,0,False,False,28,False,True,,,,,,,,,,,
2872,20104.0,20104.0,20107.0,0,3.0,3.0,20132.0,False,1,0,False,fast,0,0,False,False,27,False,True,,,,,,,,,,,
2874,20118.0,20118.0,20138.29999923706,0,20.299999237060547,20.299999237060547,20146.0,False,1,0,False,accurate,0,0,False,False,25,False,True,,,,,,,,,,,
2881,20167.0,20167.0,20190.55874725441,0,23.5587472544114,23.558747254410264,20195.0,False,1,0,False,accurate,0,0,False,False,18,False,True,,,,,,,,,,,
2884,20188.0,20190.55874725441,20209.717078003487,0,19.15833074907464,21.717078003486677,20216.0,False,2,1,False,accurate,0,0,False,False,15,False,True,,,,,,,,,,,
2885,20195.0,20209.717078003487,20233.340412733953,0,23.62333473046622,38.34041273395269,20223.0,True,2,1,False,accurate,0,0,False,False,14,False,False,,,,,,,,,,,
2891,20237.0,20237.0,20240.103332498868,0,3.1033324988683035,3.1033324988675304,20265.0,False,1,0,False,fast,0,0,False,False,8,False,True,,,,,,,,,,,
2895,20265.0,20265.0,20285.073747110368,0,20.07374711036682,20.07374711036755,20293.0,False,1,0,False,accurate,0,0,False,False,4,False,True,,,,,,,,,,,
2900,20300.0,20300.0,20320.323334248562,0,20.323334248562656,20.323334248561878,20328.0,False,1,0,False,accurate,0,0,False,False,99,False,True,,,,,,,,,,,
2901,20307.0,20320.323334248562,20323.19333346655,0,2.8699992179870604,16.19333346654821,20335.0,False,2,1,False,fast,0,0,False,False,98,False,True,,,,,,,,,,,
2905,20335.0,20335.0,20337.79999923706,0,2.799999237060547,2.799999237060547,20363.0,False,1,0,False,fast,0,0,False,False,94,False,True,,,,,,,,,,,
2906,20342.0,20342.0,20344.90000152588,0,2.9000015258789062,2.9000015258789062,20370.0,False,1,0,False,fast,0,0,False,False,93,False,True,,,,,,,,,,,
2908,20356.0,20356.0,20358.79999923706,0,2.799999237060547,2.799999237060547,20384.0,False,1,0,False,fast,0,0,False,False,91,False,True,,,,,,,,,,,
2909,20363.0,20363.0,20365.90000152588,0,2.9000015258789062,2.9000015258789062,20391.0,False,1,0,False,fast,0,0,False,False,90,False,True,,,,,,,,,,,
2911,20377.0,20377.0,20380.40000152588,0,3.4000015258789062,3.4000015258789062,20405.0,False,1,0,False,fast,0,0,False,False,88,False,True,,,,,,,,,,,
2913,20391.0,20391.0,20393.79999923706,0,2.799999237060547,2.799999237060547,20419.0,False,1,0,False,fast,0,0,False,False,86,False,True,,,,,,,,,,,
2915,20405.0,20405.0,20407.79999923706,0,2.799999237060547,2.799999237060547,20433.0,False,1,0,False,fast,0,0,False,False,84,False,True,,,,,,,,,,,
2916,20412.0,20412.0,20414.70000076294,0,2.700000762939453,2.700000762939453,20440.0,False,1,0,False,fast,0,0,False,False,83,False,True,,,,,,,,,,,
2919,20433.0,20433.0,20435.800003051758,0,2.8000030517578125,2.8000030517578125,20461.0,False,1,0,False,fast,0,0,False,False,80,False,True,,,,,,,,,,,
2920,20440.0,20440.0,20442.70000076294,0,2.700000762939453,2.700000762939453,20468.0,False,1,0,False,fast,0,0,False,False,79,False,True,,,,,,,,,,,
2921,20447.0,20447.0,20449.699996948242,0,2.6999969482421875,2.6999969482421875,20475.0,False,1,0,False,fast,0,0,False,False,78,False,True,,,,,,,,,,,
2922,20454.0,20454.0,20456.79999923706,0,2.799999237060547,2.799999237060547,20482.0,False,1,0,False,fast,0,0,False,False,77,False,True,,,,,,,,,,,
2927,20489.0,20489.0,20501.39999771118,0,12.39999771118164,12.39999771118164,20517.0,False,1,0,False,accurate,1,1,False,False,72,False,True,,,,,,,,,,,
2929,20503.0,20503.0,20505.70000076294,0,2.700000762939453,2.700000762939453,20531.0,False,1,0,False,fast,0,0,False,False,70,False,True,,,,,,,,,,,
2930,20510.0,20510.0,20524.79999923706,0,14.799999237060547,14.799999237060547,20538.0,False,1,0,False,accurate,1,1,False,False,69,False,True,,,,,,,,,,,
2931,20517.0,20524.79999923706,20527.59999847412,0,2.799999237060547,10.599998474121094,20545.0,False,2,1,False,fast,0,0,False,False,68,False,True,,,,,,,,,,,
2933,20531.0,20531.0,20533.79999923706,0,2.799999237060547,2.799999237060547,20559.0,False,1,0,False,fast,0,0,False,False,66,False,True,,,,,,,,,,,
2946,20622.0,20622.0,20624.79999923706,0,2.799999237060547,2.799999237060547,20650.0,False,1,0,False,fast,0,0,False,False,53,False,True,,,,,,,,,,,
2947,20629.0,20629.0,20653.70000076294,0,24.700000762939453,24.700000762939453,20657.0,False,1,0,False,accurate,1,1,False,False,52,False,True,,,,,,,,,,,
2953,20671.0,20671.0,20673.70000076294,0,2.700000762939453,2.700000762939453,20699.0,False,1,0,False,fast,0,0,False,False,46,False,True,,,,,,,,,,,
2956,20692.0,20692.0,20694.70000076294,0,2.700000762939453,2.700000762939453,20720.0,False,1,0,False,fast,0,0,False,False,43,False,True,,,,,,,,,,,
2959,20713.0,20713.0,20715.59999847412,0,2.5999984741210938,2.5999984741210938,20741.0,False,1,0,False,fast,0,0,False,False,40,False,True,,,,,,,,,,,
2962,20734.0,20734.0,20736.70000076294,0,2.700000762939453,2.700000762939453,20762.0,False,1,0,False,fast,0,0,False,False,37,False,True,,,,,,,,,,,
2964,20748.0,20748.0,20750.70000076294,0,2.700000762939453,2.700000762939453,20776.0,False,1,0,False,fast,0,0,False,False,35,False,True,,,,,,,,,,,
2965,20755.0,20755.0,20757.700004577637,0,2.7000045776367188,2.7000045776367188,20783.0,False,1,0,False,fast,0,0,False,False,34,False,True,,,,,,,,,,,
2966,20762.0,20762.0,20774.300003051758,0,12.300003051757812,12.300003051757812,20790.0,False,1,0,False,accurate,1,1,False,False,33,False,True,,,,,,,,,,,
2969,20783.0,20783.0,20785.699996948242,0,2.6999969482421875,2.6999969482421875,20811.0,False,1,0,False,fast,0,0,False,False,30,False,True,,,,,,,,,,,
2976,20832.0,20832.0,20834.79999923706,0,2.799999237060547,2.799999237060547,20860.0,False,1,0,False,fast,0,0,False,False,23,False,True,,,,,,,,,,,
2977,20839.0,20839.0,20841.70000076294,0,2.700000762939453,2.700000762939453,20867.0,False,1,0,False,fast,0,0,False,False,22,False,True,,,,,,,,,,,
2978,20846.0,20846.0,20856.90000152588,0,10.900001525878906,10.900001525878906,20874.0,False,1,0,False,accurate,1,1,False,False,21,False,True,,,,,,,,,,,
2979,20853.0,20856.90000152588,20872.10000228882,0,15.200000762939453,19.10000228881836,20881.0,False,2,1,False,accurate,1,1,False,False,20,False,True,,,,,,,,,,,
2984,20888.0,20888.0,20900.39999771118,0,12.39999771118164,12.39999771118164,20916.0,False,1,0,False,accurate,1,1,False,False,15,False,True,,,,,,,,,,,
2985,20895.0,20900.39999771118,20903.09999847412,0,2.700000762939453,8.099998474121094,20923.0,False,2,1,False,fast,0,0,False,False,14,False,True,,,,,,,,,,,
2987,20909.0,20909.0,20911.70000076294,0,2.700000762939453,2.700000762939453,20937.0,False,1,0,False,fast,0,0,False,False,12,False,True,,,,,,,,,,,
2989,20923.0,20923.0,20925.90000152588,0,2.9000015258789062,2.9000015258789062,20951.0,False,1,0,False,fast,0,0,False,False,10,False,True,,,,,,,,,,,
2991,20937.0,20937.0,20939.70000076294,0,2.700000762939453,2.700000762939453,20965.0,False,1,0,False,fast,0,0,False,False,8,False,True,,,,,,,,,,,
2992,20944.0,20944.0,20946.70000076294,0,2.700000762939453,2.700000762939453,20972.0,False,1,0,False,fast,0,0,False,False,7,False,True,,,,,,,,,,,
2993,20951.0,20951.0,20972.39999771118,0,21.39999771118164,21.39999771118164,20979.0,False,1,0,False,accurate,0,0,False,False,6,False,True,,,,,,,,,,,
2994,20958.0,20972.39999771118,20975.09999847412,0,2.700000762939453,17.099998474121094,20986.0,False,2,1,False,fast,0,0,False,False,5,False,True,,,,,,,,,,,
2995,20965.0,20975.09999847412,20977.699996948242,0,2.5999984741210938,12.699996948242188,20993.0,False,3,2,False,fast,0,0,False,False,4,False,True,,,,,,,,,,,
2998,20986.0,20986.0,21009.39999771118,0,23.39999771118164,23.39999771118164,21014.0,False,1,0,False,accurate,1,1,False,False,1,True,True,,,,,,,,,,,
2999,20993.0,21009.39999771118,21012.10000228882,0,2.7000045776367188,19.10000228881836,21021.0,False,2,1,False,fast,0,0,False,True,0,True,True,,,,,,,,,,,
3003,21021.0,21021.0,21035.90000152588,0,14.900001525878906,14.900001525878906,21049.0,False,1,0,False,accurate,1,1,False,False,96,False,True,,,,,,,,,,,
3004,21028.0,21035.90000152588,21038.60000228882,0,2.700000762939453,10.60000228881836,21056.0,False,2,1,False,fast,0,0,False,False,95,False,True,,,,,,,,,,,
3005,21035.0,21038.60000228882,21041.20000076294,0,2.5999984741210938,6.200000762939453,21063.0,False,3,2,False,fast,0,0,False,False,94,False,True,,,,,,,,,,,
3009,21063.0,21063.0,21065.60000228882,0,2.6000022888183594,2.6000022888183594,21091.0,False,1,0,False,fast,0,0,False,False,90,False,True,,,,,,,,,,,
3012,21084.0,21084.0,21086.699996948242,0,2.6999969482421875,2.6999969482421875,21112.0,False,1,0,False,fast,0,0,False,False,87,False,True,,,,,,,,,,,
3019,21133.0,21133.0,21135.79999923706,0,2.799999237060547,2.799999237060547,21161.0,False,1,0,False,fast,0,0,False,False,80,False,True,,,,,,,,,,,
3023,21161.0,21161.0,21163.70000076294,0,2.700000762939453,2.700000762939453,21189.0,False,1,0,False,fast,0,0,False,False,76,False,True,,,,,,,,,,,
3024,21168.0,21168.0,21170.79999923706,0,2.799999237060547,2.799999237060547,21196.0,False,1,0,False,fast,0,0,False,False,75,False,True,,,,,,,,,,,
3025,21175.0,21175.0,21177.699996948242,0,2.6999969482421875,2.6999969482421875,21203.0,False,1,0,False,fast,0,0,False,False,74,False,True,,,,,,,,,,,
3026,21182.0,21182.0,21184.70000076294,0,2.700000762939453,2.700000762939453,21210.0,False,1,0,False,fast,0,0,False,False,73,False,True,,,,,,,,,,,
3029,21203.0,21203.0,21205.70000076294,0,2.700000762939453,2.700000762939453,21231.0,False,1,0,False,fast,0,0,False,False,70,False,True,,,,,,,,,,,
3034,21238.0,21238.0,21249.299995422363,0,11.299995422363281,11.299995422363281,21266.0,False,1,0,False,accurate,1,1,False,False,65,False,True,,,,,,,,,,,
3038,21266.0,21266.0,21268.59999847412,0,2.5999984741210938,2.5999984741210938,21294.0,False,1,0,False,fast,0,0,False,False,61,False,True,,,,,,,,,,,
3040,21280.0,21280.0,21306.009998703004,0,26.00999870300293,26.009998703004385,21308.0,False,1,0,False,accurate,0,0,False,False,59,False,True,,,,,,,,,,,
3045,21315.0,21315.0,21336.758339456715,0,21.758339456717227,21.758339456715476,21343.0,False,1,0,False,accurate,0,0,False,False,54,False,True,,,,,,,,,,,
3046,21322.0,21336.758339456715,21356.278344110648,0,19.520004653930663,34.278344110647595,21350.0,True,2,1,False,accurate,0,0,False,False,53,False,False,,,,,,,,,,,
3049,21343.0,21356.278344110648,21377.840849594275,0,21.56250548362732,34.840849594274914,21371.0,True,2,1,False,accurate,0,0,False,False,50,False,False,,,,,,,,,,,
3051,21357.0,21377.840849594275,21399.217927882077,0,21.3770782878001,42.217927882076765,21385.0,True,2,1,False,accurate,1,1,False,False,48,False,False,,,,,,,,,,,
3053,21371.0,21399.217927882077,21422.332506298524,0,23.114578416446818,51.332506298524095,21399.0,True,3,2,False,accurate,1,1,False,False,46,False,False,,,,,,,,,,,
3059,21413.0,21422.332506298524,21457.853339524074,0,35.520833225548266,44.85333952407382,21441.0,True,2,1,False,accurate,0,1,True,False,40,False,False,,,,,,,,,,,
3064,21448.0,21457.853339524074,21474.753337235255,0,16.89999771118164,26.753337235255458,21476.0,False,2,1,False,accurate,1,1,False,False,35,False,True,,,,,,,,,,,
3070,21490.0,21490.0,21492.700004577637,0,2.7000045776367188,2.7000045776367188,21518.0,False,1,0,False,fast,0,0,False,False,29,False,True,,,,,,,,,,,
3071,21497.0,21497.0,21499.59999847412,0,2.5999984741210938,2.5999984741210938,21525.0,False,1,0,False,fast,0,0,False,False,28,False,True,,,,,,,,,,,
3072,21504.0,21504.0,21506.70000076294,0,2.700000762939453,2.700000762939453,21532.0,False,1,0,False,fast,0,0,False,False,27,False,True,,,,,,,,,,,
3073,21511.0,21511.0,21513.70000076294,0,2.700000762939453,2.700000762939453,21539.0,False,1,0,False,fast,0,0,False,False,26,False,True,,,,,,,,,,,
3074,21518.0,21518.0,21520.699996948242,0,2.6999969482421875,2.6999969482421875,21546.0,False,1,0,False,fast,0,0,False,False,25,False,True,,,,,,,,,,,
3076,21532.0,21532.0,21548.10000228882,0,16.10000228881836,16.10000228881836,21560.0,False,1,0,False,accurate,1,1,False,False,23,False,True,,,,,,,,,,,
3078,21546.0,21548.10000228882,21550.700004577637,0,2.6000022888183594,4.700004577636719,21574.0,False,2,1,False,fast,0,0,False,False,21,False,True,,,,,,,,,,,
3084,21588.0,21588.0,21590.70000076294,0,2.700000762939453,2.700000762939453,21616.0,False,1,0,False,fast,0,0,False,False,15,False,True,,,,,,,,,,,
3086,21602.0,21602.0,21621.0,0,19.0,19.0,21630.0,False,1,0,False,accurate,1,1,False,False,13,False,True,,,,,,,,,,,
3088,21616.0,21621.0,21623.699996948242,0,2.6999969482421875,7.6999969482421875,21644.0,False,2,1,False,fast,0,0,False,False,11,False,True,,,,,,,,,,,
3089,21623.0,21623.699996948242,21626.40000152588,0,2.7000045776367188,3.4000015258789062,21651.0,False,2,1,False,fast,0,0,False,False,10,False,True,,,,,,,,,,,
3090,21630.0,21630.0,21643.89999771118,0,13.89999771118164,13.89999771118164,21658.0,False,1,0,False,accurate,1,1,False,False,9,False,True,,,,,,,,,,,
3094,21658.0,21658.0,21687.799995422363,0,29.79999542236328,29.79999542236328,21686.0,True,1,0,False,accurate,0,0,False,False,5,False,False,,,,,,,,,,,
3098,21686.0,21687.799995422363,21690.499992370605,0,2.6999969482421875,4.499992370605469,21714.0,False,2,1,False,fast,0,0,False,False,1,True,True,,,,,,,,,,,
3101,21707.0,21707.0,21709.699996948242,0,2.6999969482421875,2.6999969482421875,21735.0,False,1,0,False,fast,0,0,False,False,98,False,True,,,,,,,,,,,
3103,21721.0,21721.0,21724.499996185303,0,3.4999961853027344,3.4999961853027344,21749.0,False,1,0,False,fast,0,0,False,False,96,False,True,,,,,,,,,,,
3104,21728.0,21728.0,21731.199996948242,0,3.1999969482421875,3.1999969482421875,21756.0,False,1,0,False,fast,0,0,False,False,95,False,True,,,,,,,,,,,
3105,21735.0,21735.0,21737.60000228882,0,2.6000022888183594,2.6000022888183594,21763.0,False,1,0,False,fast,0,0,False,False,94,False,True,,,,,,,,,,,
3108,21756.0,21756.0,21771.5,0,15.5,15.5,21784.0,False,1,0,False,accurate,1,1,False,False,91,False,True,,,,,,,,,,,
3109,21763.0,21771.5,21774.20000076294,0,2.700000762939453,11.200000762939453,21791.0,False,2,1,False,fast,0,0,False,False,90,False,True,,,,,,,,,,,
3113,21791.0,21791.0,21793.90000152588,0,2.9000015258789062,2.9000015258789062,21819.0,False,1,0,False,fast,0,0,False,False,86,False,True,,,,,,,,,,,
3114,21798.0,21798.0,21800.60000228882,0,2.6000022888183594,2.6000022888183594,21826.0,False,1,0,False,fast,0,0,False,False,85,False,True,,,,,,,,,,,
3116,21812.0,21812.0,21814.79999923706,0,2.799999237060547,2.799999237060547,21840.0,False,1,0,False,fast,0,0,False,False,83,False,True,,,,,,,,,,,
3117,21819.0,21819.0,21821.79999923706,0,2.799999237060547,2.799999237060547,21847.0,False,1,0,False,fast,0,0,False,False,82,False,True,,,,,,,,,,,
3121,21847.0,21847.0,21849.700004577637,0,2.7000045776367188,2.7000045776367188,21875.0,False,1,0,False,fast,0,0,False,False,78,False,True,,,,,,,,,,,
3124,21868.0,21868.0,21870.700004577637,0,2.7000045776367188,2.7000045776367188,21896.0,False,1,0,False,fast,0,0,False,False,75,False,True,,,,,,,,,,,
3125,21875.0,21875.0,21894.500003814697,0,19.500003814697266,19.500003814697266,21903.0,False,1,0,False,accurate,1,1,False,False,74,False,True,,,,,,,,,,,
3129,21903.0,21903.0,21905.70000076294,0,2.700000762939453,2.700000762939453,21931.0,False,1,0,False,fast,0,0,False,False,70,False,True,,,,,,,,,,,
3131,21917.0,21917.0,21919.70000076294,0,2.700000762939453,2.700000762939453,21945.0,False,1,0,False,fast,0,0,False,False,68,False,True,,,,,,,,,,,
3133,21931.0,21931.0,21942.89999771118,0,11.89999771118164,11.89999771118164,21959.0,False,1,0,False,accurate,1,1,False,False,66,False,True,,,,,,,,,,,
3134,21938.0,21942.89999771118,21955.60000228882,0,12.700004577636719,17.60000228881836,21966.0,False,2,1,False,accurate,1,1,False,False,65,False,True,,,,,,,,,,,
3136,21952.0,21955.60000228882,21958.300006866455,0,2.7000045776367188,6.300006866455078,21980.0,False,2,1,False,fast,0,0,False,False,63,False,True,,,,,,,,,,,
3137,21959.0,21959.0,21980.70000076294,0,21.700000762939453,21.700000762939453,21987.0,False,1,0,False,accurate,1,1,False,False,62,False,True,,,,,,,,,,,
3141,21987.0,21987.0,22001.40000152588,0,14.400001525878906,14.400001525878906,22015.0,False,1,0,False,accurate,1,1,False,False,58,False,True,,,,,,,,,,,
3145,22015.0,22015.0,22028.5,0,13.5,13.5,22043.0,False,1,0,False,accurate,1,1,False,False,54,False,True,,,,,,,,,,,
3146,22022.0,22028.5,22031.10000228882,0,2.6000022888183594,9.10000228881836,22050.0,False,2,1,False,fast,0,0,False,False,53,False,True,,,,,,,,,,,
3152,22064.0,22064.0,22066.79999923706,0,2.799999237060547,2.799999237060547,22092.0,False,1,0,False,fast,0,0,False,False,47,False,True,,,,,,,,,,,
3154,22078.0,22078.0,22080.59999847412,0,2.5999984741210938,2.5999984741210938,22106.0,False,1,0,False,fast,0,0,False,False,45,False,True,,,,,,,,,,,
3157,22099.0,22099.0,22102.09999847412,0,3.0999984741210938,3.0999984741210938,22127.0,False,1,0,False,fast,0,0,False,False,42,False,True,,,,,,,,,,,
3160,22120.0,22120.0,22122.70000076294,0,2.700000762939453,2.700000762939453,22148.0,False,1,0,False,fast,0,0,False,False,39,False,True,,,,,,,,,,,
3165,22155.0,22155.0,22157.70000076294,0,2.700000762939453,2.700000762939453,22183.0,False,1,0,False,fast,0,0,False,False,34,False,True,,,,,,,,,,,
3166,22162.0,22162.0,22174.59999847412,0,12.599998474121094,12.599998474121094,22190.0,False,1,0,False,accurate,1,1,False,False,33,False,True,,,,,,,,,,,
3168,22176.0,22176.0,22178.79999923706,0,2.799999237060547,2.799999237060547,22204.0,False,1,0,False,fast,0,0,False,False,31,False,True,,,,,,,,,,,
3174,22218.0,22218.0,22220.699996948242,0,2.6999969482421875,2.6999969482421875,22246.0,False,1,0,False,fast,0,0,False,False,25,False,True,,,,,,,,,,,
3175,22225.0,22225.0,22227.60000228882,0,2.6000022888183594,2.6000022888183594,22253.0,False,1,0,False,fast,0,0,False,False,24,False,True,,,,,,,,,,,
3179,22253.0,22253.0,22255.59999847412,0,2.5999984741210938,2.5999984741210938,22281.0,False,1,0,False,fast,0,0,False,False,20,False,True,,,,,,,,,,,
3197,22379.0,22379.0,22395.5,0,16.5,16.5,22407.0,False,1,0,False,accurate,1,1,False,False,2,True,True,,,,,,,,,,,
3199,22393.0,22395.5,22398.20000076294,0,2.700000762939453,5.200000762939453,22421.0,False,2,1,False,fast,0,0,False,True,0,True,True,,,,,,,,,,,
3205,22435.0,22435.0,22465.77249908964,0,30.772499089638384,30.772499089638586,22463.0,True,1,0,False,accurate,0,0,False,False,94,False,False,,,,,,,,,,,
3209,22463.0,22465.77249908964,22486.903750186364,0,21.131251096725464,23.90375018636405,22491.0,False,2,1,False,accurate,0,0,False,False,90,False,True,,,,,,,,,,,
3215,22505.0,22505.0,22507.90250082016,0,2.902500820159912,2.9025008201606397,22533.0,False,1,0,False,fast,0,0,False,False,84,False,True,,,,,,,,,,,
3219,22533.0,22533.0,22535.708335714935,0,2.7083357149362537,2.7083357149349467,22561.0,False,1,0,False,fast,0,0,False,False,80,False,True,,,,,,,,,,,
3221,22547.0,22547.0,22549.767496871948,0,2.767496871948242,2.7674968719475146,22575.0,False,1,0,False,fast,0,0,False,False,78,False,True,,,,,,,,,,,
3228,22596.0,22596.0,22598.79999923706,0,2.799999237060547,2.799999237060547,22624.0,False,1,0,False,fast,0,0,False,False,71,False,True,,,,,,,,,,,
3229,22603.0,22603.0,22605.70000076294,0,2.700000762939453,2.700000762939453,22631.0,False,1,0,False,fast,0,0,False,False,70,False,True,,,,,,,,,,,
3230,22610.0,22610.0,22612.699996948242,0,2.6999969482421875,2.6999969482421875,22638.0,False,1,0,False,fast,0,0,False,False,69,False,True,,,,,,,,,,,
3232,22624.0,22624.0,22626.70000076294,0,2.700000762939453,2.700000762939453,22652.0,False,1,0,False,fast,0,0,False,False,67,False,True,,,,,,,,,,,
3237,22659.0,22659.0,22661.60000228882,0,2.6000022888183594,2.6000022888183594,22687.0,False,1,0,False,fast,0,0,False,False,62,False,True,,,,,,,,,,,
3240,22680.0,22680.0,22682.59999847412,0,2.5999984741210938,2.5999984741210938,22708.0,False,1,0,False,fast,0,0,False,False,59,False,True,,,,,,,,,,,
3243,22701.0,22701.0,22703.699996948242,0,2.6999969482421875,2.6999969482421875,22729.0,False,1,0,False,fast,0,0,False,False,56,False,True,,,,,,,,,,,
3244,22708.0,22708.0,22729.0,0,21.0,21.0,22736.0,False,1,0,False,accurate,0,0,False,False,55,False,True,,,,,,,,,,,
3246,22722.0,22729.0,22749.59999847412,0,20.599998474121094,27.599998474121094,22750.0,False,2,1,False,accurate,0,0,False,False,53,False,True,,,,,,,,,,,
3247,22729.0,22749.59999847412,22752.20000076294,0,2.6000022888183594,23.200000762939453,22757.0,False,2,1,False,fast,0,0,False,False,52,False,True,,,,,,,,,,,
3249,22743.0,22752.20000076294,22755.0,0,2.799999237060547,12.0,22771.0,False,3,2,False,fast,0,0,False,False,50,False,True,,,,,,,,,,,
3250,22750.0,22755.0,22757.59999847412,0,2.5999984741210938,7.599998474121094,22778.0,False,3,2,False,fast,0,0,False,False,49,False,True,,,,,,,,,,,
3255,22785.0,22785.0,22787.70000076294,0,2.700000762939453,2.700000762939453,22813.0,False,1,0,False,fast,0,0,False,False,44,False,True,,,,,,,,,,,
3256,22792.0,22792.0,22794.79999923706,0,2.799999237060547,2.799999237060547,22820.0,False,1,0,False,fast,0,0,False,False,43,False,True,,,,,,,,,,,
3257,22799.0,22799.0,22812.0,0,13.0,13.0,22827.0,False,1,0,False,accurate,1,1,False,False,42,False,True,,,,,,,,,,,
3258,22806.0,22812.0,22814.60000228882,0,2.6000022888183594,8.60000228881836,22834.0,False,2,1,False,fast,0,0,False,False,41,False,True,,,,,,,,,,,
3261,22827.0,22827.0,22829.700004577637,0,2.7000045776367188,2.7000045776367188,22855.0,False,1,0,False,fast,0,0,False,False,38,False,True,,,,,,,,,,,
3262,22834.0,22834.0,22836.700004577637,0,2.7000045776367188,2.7000045776367188,22862.0,False,1,0,False,fast,0,0,False,False,37,False,True,,,,,,,,,,,
3263,22841.0,22841.0,22843.79999923706,0,2.799999237060547,2.799999237060547,22869.0,False,1,0,False,fast,0,0,False,False,36,False,True,,,,,,,,,,,
3264,22848.0,22848.0,22850.699996948242,0,2.6999969482421875,2.6999969482421875,22876.0,False,1,0,False,fast,0,0,False,False,35,False,True,,,,,,,,,,,
3267,22869.0,22869.0,22871.79999923706,0,2.799999237060547,2.799999237060547,22897.0,False,1,0,False,fast,0,0,False,False,32,False,True,,,,,,,,,,,
3272,22904.0,22904.0,22920.20000076294,0,16.200000762939453,16.200000762939453,22932.0,False,1,0,False,accurate,1,1,False,False,27,False,True,,,,,,,,,,,
3276,22932.0,22932.0,22947.699996948242,0,15.699996948242188,15.699996948242188,22960.0,False,1,0,False,accurate,1,1,False,False,23,False,True,,,,,,,,,,,
3281,22967.0,22967.0,22969.70000076294,0,2.700000762939453,2.700000762939453,22995.0,False,1,0,False,fast,0,0,False,False,18,False,True,,,,,,,,,,,
3283,22981.0,22981.0,22996.29999923706,0,15.299999237060547,15.299999237060547,23009.0,False,1,0,False,accurate,1,1,False,False,16,False,True,,,,,,,,,,,
3284,22988.0,22996.29999923706,23028.199996948242,0,31.89999771118164,40.19999694824219,23016.0,True,2,1,False,accurate,0,0,False,False,15,False,False,,,,,,,,,,,
3285,22995.0,23028.199996948242,23052.90000152588,0,24.70000457763672,57.900001525878906,23023.0,True,3,2,False,accurate,0,0,False,False,14,False,False,,,,,,,,,,,
3287,23009.0,23052.90000152588,23073.10000228882,0,20.200000762939453,64.10000228881836,23037.0,True,3,2,False,accurate,0,0,False,False,12,False,False,,,,,,,,,,,
3292,23044.0,23073.10000228882,23107.10000228882,0,34.0,63.10000228881836,23072.0,True,3,2,False,accurate,0,0,False,False,7,False,False,,,,,,,,,,,
3294,23058.0,23107.10000228882,23128.200004577637,0,21.10000228881836,70.20000457763672,23086.0,True,3,2,False,accurate,0,0,False,False,5,False,False,,,,,,,,,,,
3295,23065.0,23128.200004577637,23158.200004577637,0,30.0,93.20000457763672,23093.0,True,4,3,False,accurate,0,0,False,False,4,False,False,,,,,,,,,,,
3296,23072.0,23158.200004577637,23180.200004577637,0,22.0,108.20000457763672,23100.0,True,5,4,False,accurate,0,0,False,False,3,False,False,,,,,,,,,,,
3298,23086.0,23180.200004577637,23199.400005340576,0,19.200000762939453,113.40000534057617,23114.0,True,5,4,False,accurate,0,0,False,False,1,True,False,,,,,,,,,,,
3299,23093.0,23199.400005340576,23220.000007629395,0,20.60000228881836,127.00000762939453,23121.0,True,6,5,True,accurate,0,0,False,True,0,True,False,,,,,,,,,,,
3303,23121.0,23220.000007629395,23222.700004577637,0,2.6999969482421875,101.70000457763672,23149.0,True,6,5,True,fast,0,0,False,False,96,False,False,,,,,,,,,,,
3308,23156.0,23222.700004577637,23236.800006866455,0,14.10000228881836,80.80000686645508,23184.0,True,6,5,True,accurate,1,1,False,False,91,False,False,,,,,,,,,,,
3316,23212.0,23236.800006866455,23239.600006103516,0,2.799999237060547,27.600006103515625,23240.0,False,4,3,False,fast,0,0,False,False,83,False,True,,,,,,,,,,,
3318,23226.0,23239.600006103516,23242.300006866455,0,2.700000762939453,16.300006866455078,23254.0,False,3,2,False,fast,0,0,False,False,81,False,True,,,,,,,,,,,
3319,23233.0,23242.300006866455,23256.000003814697,0,13.699996948242188,23.000003814697266,23261.0,False,4,3,False,accurate,1,1,False,False,80,False,True,,,,,,,,,,,
3320,23240.0,23256.000003814697,23275.600006103516,0,19.60000228881836,35.600006103515625,23268.0,True,3,2,False,accurate,0,0,False,False,79,False,False,,,,,,,,,,,
3323,23261.0,23275.600006103516,23278.300006866455,0,2.700000762939453,17.300006866455078,23289.0,False,2,1,False,fast,0,0,False,False,76,False,True,,,,,,,,,,,
3326,23282.0,23282.0,23285.09999847412,0,3.0999984741210938,3.0999984741210938,23310.0,False,1,0,False,fast,0,0,False,False,73,False,True,,,,,,,,,,,
3333,23331.0,23331.0,23333.59999847412,0,2.5999984741210938,2.5999984741210938,23359.0,False,1,0,False,fast,0,0,False,False,66,False,True,,,,,,,,,,,
3341,23387.0,23387.0,23400.5,0,13.5,13.5,23415.0,False,1,0,False,accurate,1,1,False,False,58,False,True,,,,,,,,,,,
3342,23394.0,23400.5,23403.60000228882,0,3.1000022888183594,9.60000228881836,23422.0,False,2,1,False,fast,0,0,False,False,57,False,True,,,,,,,,,,,
3346,23422.0,23422.0,23435.699996948242,0,13.699996948242188,13.699996948242188,23450.0,False,1,0,False,accurate,1,1,False,False,53,False,True,,,,,,,,,,,
3347,23429.0,23435.699996948242,23446.499996185303,0,10.799999237060547,17.499996185302734,23457.0,False,2,1,False,accurate,1,1,False,False,52,False,True,,,,,,,,,,,
3349,23443.0,23446.499996185303,23449.299995422363,0,2.799999237060547,6.299995422363281,23471.0,False,2,1,False,fast,0,0,False,False,50,False,True,,,,,,,,,,,
3350,23450.0,23450.0,23465.29999923706,0,15.299999237060547,15.299999237060547,23478.0,False,1,0,False,accurate,1,1,False,False,49,False,True,,,,,,,,,,,
3355,23485.0,23485.0,23487.70000076294,0,2.700000762939453,2.700000762939453,23513.0,False,1,0,False,fast,0,0,False,False,44,False,True,,,,,,,,,,,
3356,23492.0,23492.0,23508.40000152588,0,16.400001525878906,16.400001525878906,23520.0,False,1,0,False,accurate,1,1,False,False,43,False,True,,,,,,,,,,,
3360,23520.0,23520.0,23539.209998703,0,19.209998703002928,19.209998703001474,23548.0,False,1,0,False,accurate,0,0,False,False,39,False,True,,,,,,,,,,,
3364,23548.0,23548.0,23568.900001024405,0,20.900001024405153,20.900001024405356,23576.0,False,1,0,False,accurate,0,0,False,False,35,False,True,,,,,,,,,,,
3365,23555.0,23568.900001024405,23571.91167035262,0,3.0116693282127476,16.911670352619694,23583.0,False,2,1,False,fast,0,0,False,False,34,False,True,,,,,,,,,,,
3368,23576.0,23576.0,23607.973338112435,0,31.973338112433794,31.973338112435158,23604.0,True,1,0,False,accurate,1,1,False,False,31,False,False,,,,,,,,,,,
3375,23625.0,23625.0,23645.704997110366,0,20.704997110366822,20.704997110366094,23653.0,False,1,0,False,accurate,0,0,False,False,24,False,True,,,,,,,,,,,
3377,23639.0,23645.704997110366,23648.562493875226,0,2.8574967648585696,9.56249387522621,23667.0,False,2,1,False,fast,0,0,False,False,22,False,True,,,,,,,,,,,
3380,23660.0,23660.0,23662.686665092508,0,2.686665092507997,2.68666509250761,23688.0,False,1,0,False,fast,0,0,False,False,19,False,True,,,,,,,,,,,
3381,23667.0,23667.0,23669.664998435976,0,2.664998435974121,2.6649984359755763,23695.0,False,1,0,False,fast,0,0,False,False,18,False,True,,,,,,,,,,,
3383,23681.0,23681.0,23683.621665128718,0,2.621665128717819,2.621665128717723,23709.0,False,1,0,False,fast,0,0,False,False,16,False,True,,,,,,,,,,,
3388,23716.0,23716.0,23718.70000076294,0,2.700000762939453,2.700000762939453,23744.0,False,1,0,False,fast,0,0,False,False,11,False,True,,,,,,,,,,,
3390,23730.0,23730.0,23744.29999923706,0,14.299999237060547,14.299999237060547,23758.0,False,1,0,False,accurate,1,1,False,False,9,False,True,,,,,,,,,,,
3392,23744.0,23744.29999923706,23746.999996185303,0,2.6999969482421875,2.9999961853027344,23772.0,False,2,1,False,fast,0,0,False,False,7,False,True,,,,,,,,,,,
3393,23751.0,23751.0,23756.60000228882,0,5.600002288818359,5.600002288818359,23779.0,False,1,0,False,fast,0,0,False,False,6,False,True,,,,,,,,,,,
3394,23758.0,23758.0,23773.5,0,15.5,15.5,23786.0,False,1,0,False,accurate,1,1,False,False,5,False,True,,,,,,,,,,,
3395,23765.0,23773.5,23785.79999923706,0,12.299999237060547,20.799999237060547,23793.0,False,2,1,False,accurate,1,1,False,False,4,False,True,,,,,,,,,,,
3397,23779.0,23785.79999923706,23788.5,0,2.700000762939453,9.5,23807.0,False,2,1,False,fast,0,0,False,False,2,True,True,,,,,,,,,,,
3398,23786.0,23788.5,23806.09999847412,0,17.599998474121094,20.099998474121094,23814.0,False,2,1,False,accurate,1,1,False,False,1,True,True,,,,,,,,,,,
3399,23793.0,23806.09999847412,23808.90000152588,0,2.8000030517578125,15.900001525878906,23821.0,False,2,1,False,fast,0,0,False,True,0,True,True,,,,,,,,,,,
3400,23800.0,23808.90000152588,23821.59999847412,0,12.699996948242188,21.599998474121094,23828.0,False,3,2,False,accurate,1,1,False,False,99,False,True,,,,,,,,,,,
3405,23835.0,23835.0,23838.0,0,3.0,3.0,23863.0,False,1,0,False,fast,0,0,False,False,94,False,True,,,,,,,,,,,
3407,23849.0,23849.0,23870.29999923706,0,21.299999237060547,21.299999237060547,23877.0,False,1,0,False,accurate,1,1,False,False,92,False,True,,,,,,,,,,,
3409,23863.0,23870.29999923706,23873.20000076294,0,2.9000015258789062,10.200000762939453,23891.0,False,2,1,False,fast,0,0,False,False,90,False,True,,,,,,,,,,,
3410,23870.0,23873.20000076294,23875.89999771118,0,2.6999969482421875,5.899997711181641,23898.0,False,3,2,False,fast,0,0,False,False,89,False,True,,,,,,,,,,,
3411,23877.0,23877.0,23890.79999923706,0,13.799999237060547,13.799999237060547,23905.0,False,1,0,False,accurate,1,1,False,False,88,False,True,,,,,,,,,,,
3412,23884.0,23890.79999923706,23893.59999847412,0,2.799999237060547,9.599998474121094,23912.0,False,2,1,False,fast,0,0,False,False,87,False,True,,,,,,,,,,,
3416,23912.0,23912.0,23914.599994659424,0,2.599994659423828,2.599994659423828,23940.0,False,1,0,False,fast,0,0,False,False,83,False,True,,,,,,,,,,,
3418,23926.0,23926.0,23928.800003051758,0,2.8000030517578125,2.8000030517578125,23954.0,False,1,0,False,fast,0,0,False,False,81,False,True,,,,,,,,,,,
3420,23940.0,23940.0,23951.89999771118,0,11.89999771118164,11.89999771118164,23968.0,False,1,0,False,accurate,1,1,False,False,79,False,True,,,,,,,,,,,
3421,23947.0,23951.89999771118,23954.599994659424,0,2.6999969482421875,7.599994659423828,23975.0,False,2,1,False,fast,0,0,False,False,78,False,True,,,,,,,,,,,
3425,23975.0,23975.0,23993.699996948242,0,18.699996948242188,18.699996948242188,24003.0,False,1,0,False,accurate,1,1,False,False,74,False,True,,,,,,,,,,,
3430,24010.0,24010.0,24026.40000152588,0,16.400001525878906,16.400001525878906,24038.0,False,1,0,False,accurate,1,1,False,False,69,False,True,,,,,,,,,,,
3432,24024.0,24026.40000152588,24029.100006103516,0,2.7000045776367188,5.100006103515625,24052.0,False,2,1,False,fast,0,0,False,False,67,False,True,,,,,,,,,,,
3437,24059.0,24059.0,24070.70000076294,0,11.700000762939453,11.700000762939453,24087.0,False,1,0,False,accurate,1,1,False,False,62,False,True,,,,,,,,,,,
3439,24073.0,24073.0,24075.59999847412,0,2.5999984741210938,2.5999984741210938,24101.0,False,1,0,False,fast,0,0,False,False,60,False,True,,,,,,,,,,,
3444,24108.0,24108.0,24127.70000076294,0,19.700000762939453,19.700000762939453,24136.0,False,1,0,False,accurate,0,0,False,False,55,False,True,,,,,,,,,,,
3445,24115.0,24127.70000076294,24143.5,0,15.799999237060547,28.5,24143.0,True,2,1,False,accurate,1,1,False,False,54,False,False,,,,,,,,,,,
3448,24136.0,24143.5,24155.5,0,12.0,19.5,24164.0,False,2,1,False,accurate,1,1,False,False,51,False,True,,,,,,,,,,,
3449,24143.0,24155.5,24158.099994659424,0,2.599994659423828,15.099994659423828,24171.0,False,3,2,False,fast,0,0,False,False,50,False,True,,,,,,,,,,,
3453,24171.0,24171.0,24186.29999923706,0,15.299999237060547,15.299999237060547,24199.0,False,1,0,False,accurate,1,1,False,False,46,False,True,,,,,,,,,,,
3458,24206.0,24206.0,24218.29999923706,0,12.299999237060547,12.299999237060547,24234.0,False,1,0,False,accurate,1,1,False,False,41,False,True,,,,,,,,,,,
3462,24234.0,24234.0,24236.699996948242,0,2.6999969482421875,2.6999969482421875,24262.0,False,1,0,False,fast,0,0,False,False,37,False,True,,,,,,,,,,,
3463,24241.0,24241.0,24243.70000076294,0,2.700000762939453,2.700000762939453,24269.0,False,1,0,False,fast,0,0,False,False,36,False,True,,,,,,,,,,,
3465,24255.0,24255.0,24257.699996948242,0,2.6999969482421875,2.6999969482421875,24283.0,False,1,0,False,fast,0,0,False,False,34,False,True,,,,,,,,,,,
3466,24262.0,24262.0,24264.699996948242,0,2.6999969482421875,2.6999969482421875,24290.0,False,1,0,False,fast,0,0,False,False,33,False,True,,,,,,,,,,,
3467,24269.0,24269.0,24271.70000076294,0,2.700000762939453,2.700000762939453,24297.0,False,1,0,False,fast,0,0,False,False,32,False,True,,,,,,,,,,,
3469,24283.0,24283.0,24285.700004577637,0,2.7000045776367188,2.7000045776367188,24311.0,False,1,0,False,fast,0,0,False,False,30,False,True,,,,,,,,,,,
3471,24297.0,24297.0,24299.70000076294,0,2.700000762939453,2.700000762939453,24325.0,False,1,0,False,fast,0,0,False,False,28,False,True,,,,,,,,,,,
3477,24339.0,24339.0,24341.70000076294,0,2.700000762939453,2.700000762939453,24367.0,False,1,0,False,fast,0,0,False,False,22,False,True,,,,,,,,,,,
3480,24360.0,24360.0,24362.59999847412,0,2.5999984741210938,2.5999984741210938,24388.0,False,1,0,False,fast,0,0,False,False,19,False,True,,,,,,,,,,,
3482,24374.0,24374.0,24376.699996948242,0,2.6999969482421875,2.6999969482421875,24402.0,False,1,0,False,fast,0,0,False,False,17,False,True,,,,,,,,,,,
3484,24388.0,24388.0,24390.699996948242,0,2.6999969482421875,2.6999969482421875,24416.0,False,1,0,False,fast,0,0,False,False,15,False,True,,,,,,,,,,,
3486,24402.0,24402.0,24404.60000228882,0,2.6000022888183594,2.6000022888183594,24430.0,False,1,0,False,fast,0,0,False,False,13,False,True,,,,,,,,,,,
3488,24416.0,24416.0,24418.800003051758,0,2.8000030517578125,2.8000030517578125,24444.0,False,1,0,False,fast,0,0,False,False,11,False,True,,,,,,,,,,,
3491,24437.0,24437.0,24439.700004577637,0,2.7000045776367188,2.7000045776367188,24465.0,False,1,0,False,fast,0,0,False,False,8,False,True,,,,,,,,,,,
3492,24444.0,24444.0,24446.59999847412,0,2.5999984741210938,2.5999984741210938,24472.0,False,1,0,False,fast,0,0,False,False,7,False,True,,,,,,,,,,,
3493,24451.0,24451.0,24453.70000076294,0,2.700000762939453,2.700000762939453,24479.0,False,1,0,False,fast,0,0,False,False,6,False,True,,,,,,,,,,,
3494,24458.0,24458.0,24460.699996948242,0,2.6999969482421875,2.6999969482421875,24486.0,False,1,0,False,fast,0,0,False,False,5,False,True,,,,,,,,,,,
3495,24465.0,24465.0,24467.59999847412,0,2.5999984741210938,2.5999984741210938,24493.0,False,1,0,False,fast,0,0,False,False,4,False,True,,,,,,,,,,,
3498,24486.0,24486.0,24503.699996948242,0,17.699996948242188,17.699996948242188,24514.0,False,1,0,False,accurate,1,1,False,False,1,True,True,,,,,,,,,,,
3500,24500.0,24503.699996948242,24506.29999923706,0,2.6000022888183594,6.299999237060547,24528.0,False,2,1,False,fast,0,0,False,False,99,False,True,,,,,,,,,,,
3501,24507.0,24507.0,24509.70000076294,0,2.700000762939453,2.700000762939453,24535.0,False,1,0,False,fast,0,0,False,False,98,False,True,,,,,,,,,,,
3502,24514.0,24514.0,24516.70000076294,0,2.700000762939453,2.700000762939453,24542.0,False,1,0,False,fast,0,0,False,False,97,False,True,,,,,,,,,,,
3503,24521.0,24521.0,24523.60000228882,0,2.6000022888183594,2.6000022888183594,24549.0,False,1,0,False,fast,0,0,False,False,96,False,True,,,,,,,,,,,
3506,24542.0,24542.0,24544.79999923706,0,2.799999237060547,2.799999237060547,24570.0,False,1,0,False,fast,0,0,False,False,93,False,True,,,,,,,,,,,
3509,24563.0,24563.0,24565.79999923706,0,2.799999237060547,2.799999237060547,24591.0,False,1,0,False,fast,0,0,False,False,90,False,True,,,,,,,,,,,
3510,24570.0,24570.0,24572.60000228882,0,2.6000022888183594,2.6000022888183594,24598.0,False,1,0,False,fast,0,0,False,False,89,False,True,,,,,,,,,,,
3513,24591.0,24591.0,24593.70000076294,0,2.700000762939453,2.700000762939453,24619.0,False,1,0,False,fast,0,0,False,False,86,False,True,,,,,,,,,,,
3515,24605.0,24605.0,24607.60000228882,0,2.6000022888183594,2.6000022888183594,24633.0,False,1,0,False,fast,0,0,False,False,84,False,True,,,,,,,,,,,
3517,24619.0,24619.0,24621.599994659424,0,2.599994659423828,2.599994659423828,24647.0,False,1,0,False,fast,0,0,False,False,82,False,True,,,,,,,,,,,
3519,24633.0,24633.0,24635.60000228882,0,2.6000022888183594,2.6000022888183594,24661.0,False,1,0,False,fast,0,0,False,False,80,False,True,,,,,,,,,,,
3522,24654.0,24654.0,24657.076664871376,0,3.07666487137476,3.076664871376124,24682.0,False,1,0,False,fast,0,0,False,False,77,False,True,,,,,,,,,,,
3530,24710.0,24710.0,24736.19499759237,0,26.194997592369738,26.194997592370783,24738.0,False,1,0,False,accurate,1,1,False,False,69,False,True,,,,,,,,,,,
3534,24738.0,24738.0,24756.987500883242,0,18.98750088324149,18.98750088324232,24766.0,False,1,0,False,accurate,0,0,False,False,65,False,True,,,,,,,,,,,
3537,24759.0,24759.0,24761.85750080208,0,2.857500802079835,2.8575008020816313,24787.0,False,1,0,False,fast,0,0,False,False,62,False,True,,,,,,,,,,,
3538,24766.0,24766.0,24795.610000896453,0,29.610000896453858,29.61000089645313,24794.0,True,1,0,False,accurate,1,1,False,False,61,False,False,,,,,,,,,,,
3542,24794.0,24795.610000896453,24799.77833268051,0,4.168331784059603,5.778332680511085,24822.0,False,2,1,False,fast,0,0,False,False,57,False,True,,,,,,,,,,,
3546,24822.0,24822.0,24842.20000076294,0,20.200000762939453,20.200000762939453,24850.0,False,1,0,False,accurate,1,1,False,False,53,False,True,,,,,,,,,,,
3550,24850.0,24850.0,24852.79999923706,0,2.799999237060547,2.799999237060547,24878.0,False,1,0,False,fast,0,0,False,False,49,False,True,,,,,,,,,,,
3552,24864.0,24864.0,24866.70000076294,0,2.700000762939453,2.700000762939453,24892.0,False,1,0,False,fast,0,0,False,False,47,False,True,,,,,,,,,,,
3553,24871.0,24871.0,24873.800003051758,0,2.8000030517578125,2.8000030517578125,24899.0,False,1,0,False,fast,0,0,False,False,46,False,True,,,,,,,,,,,
3556,24892.0,24892.0,24894.70000076294,0,2.700000762939453,2.700000762939453,24920.0,False,1,0,False,fast,0,0,False,False,43,False,True,,,,,,,,,,,
3557,24899.0,24899.0,24913.20000076294,0,14.200000762939453,14.200000762939453,24927.0,False,1,0,False,accurate,1,1,False,False,42,False,True,,,,,,,,,,,
3558,24906.0,24913.20000076294,24917.200004577637,0,4.000003814697266,11.200004577636719,24934.0,False,2,1,False,fast,0,0,False,False,41,False,True,,,,,,,,,,,
3559,24913.0,24917.200004577637,24930.60000228882,0,13.39999771118164,17.60000228881836,24941.0,False,3,2,False,accurate,1,1,False,False,40,False,True,,,,,,,,,,,
3563,24941.0,24941.0,24960.59999847412,0,19.599998474121094,19.599998474121094,24969.0,False,1,0,False,accurate,0,0,False,False,36,False,True,,,,,,,,,,,
3565,24955.0,24960.59999847412,24978.09999847412,0,17.5,23.099998474121094,24983.0,False,2,1,False,accurate,1,1,False,False,34,False,True,,,,,,,,,,,
3573,25011.0,25011.0,25024.70000076294,0,13.700000762939453,13.700000762939453,25039.0,False,1,0,False,accurate,1,1,False,False,26,False,True,,,,,,,,,,,
3574,25018.0,25024.70000076294,25040.79999923706,0,16.099998474121094,22.799999237060547,25046.0,False,2,1,False,accurate,1,1,False,False,25,False,True,,,,,,,,,,,
3576,25032.0,25040.79999923706,25043.40000152588,0,2.6000022888183594,11.400001525878906,25060.0,False,2,1,False,fast,0,0,False,False,23,False,True,,,,,,,,,,,
3581,25067.0,25067.0,25069.699996948242,0,2.6999969482421875,2.6999969482421875,25095.0,False,1,0,False,fast,0,0,False,False,18,False,True,,,,,,,,,,,
3584,25088.0,25088.0,25090.700004577637,0,2.7000045776367188,2.7000045776367188,25116.0,False,1,0,False,fast,0,0,False,False,15,False,True,,,,,,,,,,,
3589,25123.0,25123.0,25125.70000076294,0,2.700000762939453,2.700000762939453,25151.0,False,1,0,False,fast,0,0,False,False,10,False,True,,,,,,,,,,,
3590,25130.0,25130.0,25132.70000076294,0,2.700000762939453,2.700000762939453,25158.0,False,1,0,False,fast,0,0,False,False,9,False,True,,,,,,,,,,,
3591,25137.0,25137.0,25152.000003814697,0,15.000003814697266,15.000003814697266,25165.0,False,1,0,False,accurate,1,1,False,False,8,False,True,,,,,,,,,,,
3598,25186.0,25186.0,25188.699996948242,0,2.6999969482421875,2.6999969482421875,25214.0,False,1,0,False,fast,0,0,False,False,1,True,True,,,,,,,,,,,
3600,25200.0,25200.0,25202.79999923706,0,2.799999237060547,2.799999237060547,25228.0,False,1,0,False,fast,0,0,False,False,99,False,True,,,,,,,,,,,
3603,25221.0,25221.0,25224.09999847412,0,3.0999984741210938,3.0999984741210938,25249.0,False,1,0,False,fast,0,0,False,False,96,False,True,,,,,,,,,,,
3607,25249.0,25249.0,25262.29999923706,0,13.299999237060547,13.299999237060547,25277.0,False,1,0,False,accurate,1,1,False,False,92,False,True,,,,,,,,,,,
3612,25284.0,25284.0,25286.699996948242,0,2.6999969482421875,2.6999969482421875,25312.0,False,1,0,False,fast,0,0,False,False,87,False,True,,,,,,,,,,,
3614,25298.0,25298.0,25310.60000228882,0,12.60000228881836,12.60000228881836,25326.0,False,1,0,False,accurate,1,1,False,False,85,False,True,,,,,,,,,,,
3615,25305.0,25310.60000228882,25313.800003051758,0,3.200000762939453,8.800003051757812,25333.0,False,2,1,False,fast,0,0,False,False,84,False,True,,,,,,,,,,,
3619,25333.0,25333.0,25335.70000076294,0,2.700000762939453,2.700000762939453,25361.0,False,1,0,False,fast,0,0,False,False,80,False,True,,,,,,,,,,,
3621,25347.0,25347.0,25349.699996948242,0,2.6999969482421875,2.6999969482421875,25375.0,False,1,0,False,fast,0,0,False,False,78,False,True,,,,,,,,,,,
3622,25354.0,25354.0,25357.0,0,3.0,3.0,25382.0,False,1,0,False,fast,0,0,False,False,77,False,True,,,,,,,,,,,
3624,25368.0,25368.0,25370.699996948242,0,2.6999969482421875,2.6999969482421875,25396.0,False,1,0,False,fast,0,0,False,False,75,False,True,,,,,,,,,,,
3625,25375.0,25375.0,25393.70000076294,0,18.700000762939453,18.700000762939453,25403.0,False,1,0,False,accurate,1,1,False,False,74,False,True,,,,,,,,,,,
3627,25389.0,25393.70000076294,25410.70000076294,0,17.0,21.700000762939453,25417.0,False,2,1,False,accurate,1,1,False,False,72,False,True,,,,,,,,,,,
3628,25396.0,25410.70000076294,25424.0,0,13.299999237060547,28.0,25424.0,False,2,1,False,accurate,1,1,False,False,71,False,True,,,,,,,,,,,
3630,25410.0,25424.0,25426.699996948242,0,2.6999969482421875,16.699996948242188,25438.0,False,3,2,False,fast,0,0,False,False,69,False,True,,,,,,,,,,,
3635,25445.0,25445.0,25447.70000076294,0,2.700000762939453,2.700000762939453,25473.0,False,1,0,False,fast,0,0,False,False,64,False,True,,,,,,,,,,,
3636,25452.0,25452.0,25454.70000076294,0,2.700000762939453,2.700000762939453,25480.0,False,1,0,False,fast,0,0,False,False,63,False,True,,,,,,,,,,,
3637,25459.0,25459.0,25461.70000076294,0,2.700000762939453,2.700000762939453,25487.0,False,1,0,False,fast,0,0,False,False,62,False,True,,,,,,,,,,,
3638,25466.0,25466.0,25468.60000228882,0,2.6000022888183594,2.6000022888183594,25494.0,False,1,0,False,fast,0,0,False,False,61,False,True,,,,,,,,,,,
3639,25473.0,25473.0,25475.59999847412,0,2.5999984741210938,2.5999984741210938,25501.0,False,1,0,False,fast,0,0,False,False,60,False,True,,,,,,,,,,,
3641,25487.0,25487.0,25489.59999847412,0,2.5999984741210938,2.5999984741210938,25515.0,False,1,0,False,fast,0,0,False,False,58,False,True,,,,,,,,,,,
3643,25501.0,25501.0,25503.60000228882,0,2.6000022888183594,2.6000022888183594,25529.0,False,1,0,False,fast,0,0,False,False,56,False,True,,,,,,,,,,,
3647,25529.0,25529.0,25542.60000228882,0,13.60000228881836,13.60000228881836,25557.0,False,1,0,False,accurate,1,1,False,False,52,False,True,,,,,,,,,,,
3648,25536.0,25542.60000228882,25563.300003051758,0,20.700000762939453,27.300003051757812,25564.0,False,2,1,False,accurate,0,0,False,False,51,False,True,,,,,,,,,,,
3651,25557.0,25563.300003051758,25576.70000076294,0,13.39999771118164,19.700000762939453,25585.0,False,2,1,False,accurate,1,1,False,False,48,False,True,,,,,,,,,,,
3655,25585.0,25585.0,25597.29999923706,0,12.299999237060547,12.299999237060547,25613.0,False,1,0,False,accurate,1,1,False,False,44,False,True,,,,,,,,,,,
3659,25613.0,25613.0,25615.60000228882,0,2.6000022888183594,2.6000022888183594,25641.0,False,1,0,False,fast,0,0,False,False,40,False,True,,,,,,,,,,,
3660,25620.0,25620.0,25635.199996948242,0,15.199996948242188,15.199996948242188,25648.0,False,1,0,False,accurate,1,1,False,False,39,False,True,,,,,,,,,,,
3662,25634.0,25635.199996948242,25637.90000152588,0,2.7000045776367188,3.9000015258789062,25662.0,False,2,1,False,fast,0,0,False,False,37,False,True,,,,,,,,,,,
3663,25641.0,25641.0,25643.60000228882,0,2.6000022888183594,2.6000022888183594,25669.0,False,1,0,False,fast,0,0,False,False,36,False,True,,,,,,,,,,,
3665,25655.0,25655.0,25657.60000228882,0,2.6000022888183594,2.6000022888183594,25683.0,False,1,0,False,fast,0,0,False,False,34,False,True,,,,,,,,,,,
3666,25662.0,25662.0,25664.60000228882,0,2.6000022888183594,2.6000022888183594,25690.0,False,1,0,False,fast,0,0,False,False,33,False,True,,,,,,,,,,,
3667,25669.0,25669.0,25672.09999847412,0,3.0999984741210938,3.0999984741210938,25697.0,False,1,0,False,fast,0,0,False,False,32,False,True,,,,,,,,,,,
3669,25683.0,25683.0,25685.59999847412,0,2.5999984741210938,2.5999984741210938,25711.0,False,1,0,False,fast,0,0,False,False,30,False,True,,,,,,,,,,,
3673,25711.0,25711.0,25713.59999847412,0,2.5999984741210938,2.5999984741210938,25739.0,False,1,0,False,fast,0,0,False,False,26,False,True,,,,,,,,,,,
3677,25739.0,25739.0,25741.79999923706,0,2.799999237060547,2.799999237060547,25767.0,False,1,0,False,fast,0,0,False,False,22,False,True,,,,,,,,,,,
3680,25760.0,25760.0,25783.459998703,0,23.459998703002928,23.459998703001474,25788.0,False,1,0,False,accurate,0,0,False,False,19,False,True,,,,,,,,,,,
3684,25788.0,25788.0,25815.391671258014,0,27.391671258012412,27.391671258013957,25816.0,False,1,0,False,accurate,0,0,False,False,15,False,True,,,,,,,,,,,
3685,25795.0,25815.391671258014,25836.83917619288,0,21.44750493486727,41.83917619287968,25823.0,True,2,1,False,accurate,0,0,False,False,14,False,False,,,,,,,,,,,
3691,25837.0,25837.0,25852.170833486318,0,15.170833486318589,15.17083348631786,25865.0,False,1,0,False,accurate,1,1,False,False,8,False,True,,,,,,,,,,,
3692,25844.0,25852.170833486318,25855.030836004018,0,2.8600025177001958,11.030836004018056,25872.0,False,2,1,False,fast,0,0,False,False,7,False,True,,,,,,,,,,,
3697,25879.0,25879.0,25895.73791381389,0,16.73791381388904,16.737913813889463,25907.0,False,1,0,False,accurate,1,1,False,False,2,True,True,,,,,,,,,,,
3698,25886.0,25895.73791381389,25916.30041381389,0,20.5625,30.300413813889463,25914.0,True,2,1,False,accurate,0,0,False,False,1,True,False,,,,,,,,,,,
3700,25900.0,25916.30041381389,25919.090414604943,0,2.7900007910529783,19.090414604943362,25928.0,False,2,1,False,fast,0,0,False,False,99,False,True,,,,,,,,,,,
3701,25907.0,25919.090414604943,25921.755416950982,0,2.665002346038818,14.75541695098218,25935.0,False,3,2,False,fast,0,0,False,False,98,False,True,,,,,,,,,,,
3707,25949.0,25949.0,25951.59999847412,0,2.5999984741210938,2.5999984741210938,25977.0,False,1,0,False,fast,0,0,False,False,92,False,True,,,,,,,,,,,
3708,25956.0,25956.0,25973.0,0,17.0,17.0,25984.0,False,1,0,False,accurate,1,1,False,False,91,False,True,,,,,,,,,,,
3710,25970.0,25973.0,25975.699996948242,0,2.6999969482421875,5.6999969482421875,25998.0,False,2,1,False,fast,0,0,False,False,89,False,True,,,,,,,,,,,
3711,25977.0,25977.0,25979.70000076294,0,2.700000762939453,2.700000762939453,26005.0,False,1,0,False,fast,0,0,False,False,88,False,True,,,,,,,,,,,
3713,25991.0,25991.0,25993.699996948242,0,2.6999969482421875,2.6999969482421875,26019.0,False,1,0,False,fast,0,0,False,False,86,False,True,,,,,,,,,,,
3714,25998.0,25998.0,26010.60000228882,0,12.60000228881836,12.60000228881836,26026.0,False,1,0,False,accurate,1,1,False,False,85,False,True,,,,,,,,,,,
3715,26005.0,26010.60000228882,26027.800003051758,0,17.200000762939453,22.800003051757812,26033.0,False,2,1,False,accurate,1,1,False,False,84,False,True,,,,,,,,,,,
3717,26019.0,26027.800003051758,26048.700004577637,0,20.900001525878906,29.70000457763672,26047.0,True,2,1,False,accurate,1,1,False,False,82,False,False,,,,,,,,,,,
3718,26026.0,26048.700004577637,26051.40000152588,0,2.6999969482421875,25.400001525878906,26054.0,False,3,2,False,fast,0,0,False,False,81,False,True,,,,,,,,,,,
3722,26054.0,26054.0,26057.199996948242,0,3.1999969482421875,3.1999969482421875,26082.0,False,1,0,False,fast,0,0,False,False,77,False,True,,,,,,,,,,,
3723,26061.0,26061.0,26063.800003051758,0,2.8000030517578125,2.8000030517578125,26089.0,False,1,0,False,fast,0,0,False,False,76,False,True,,,,,,,,,,,
3724,26068.0,26068.0,26070.700004577637,0,2.7000045776367188,2.7000045776367188,26096.0,False,1,0,False,fast,0,0,False,False,75,False,True,,,,,,,,,,,
3727,26089.0,26089.0,26092.199996948242,0,3.1999969482421875,3.1999969482421875,26117.0,False,1,0,False,fast,0,0,False,False,72,False,True,,,,,,,,,,,
3729,26103.0,26103.0,26116.40000152588,0,13.400001525878906,13.400001525878906,26131.0,False,1,0,False,accurate,1,1,False,False,70,False,True,,,,,,,,,,,
3731,26117.0,26117.0,26136.0,0,19.0,19.0,26145.0,False,1,0,False,accurate,0,0,False,False,68,False,True,,,,,,,,,,,
3732,26124.0,26136.0,26155.90000152588,0,19.900001525878906,31.900001525878906,26152.0,True,2,1,False,accurate,0,0,False,False,67,False,False,,,,,,,,,,,
3735,26145.0,26155.90000152588,26158.79999923706,0,2.8999977111816406,13.799999237060547,26173.0,False,2,1,False,fast,0,0,False,False,64,False,True,,,,,,,,,,,
3738,26166.0,26166.0,26168.79999923706,0,2.799999237060547,2.799999237060547,26194.0,False,1,0,False,fast,0,0,False,False,61,False,True,,,,,,,,,,,
3739,26173.0,26173.0,26177.29999923706,0,4.299999237060547,4.299999237060547,26201.0,False,1,0,False,fast,0,0,False,False,60,False,True,,,,,,,,,,,
3740,26180.0,26180.0,26200.5,0,20.5,20.5,26208.0,False,1,0,False,fast,0,0,False,False,59,False,True,,,,,,,,,,,
3742,26194.0,26200.5,26205.60000228882,0,5.100002288818359,11.60000228881836,26222.0,False,2,1,False,fast,0,0,False,False,57,False,True,,,,,,,,,,,
3748,26236.0,26236.0,26238.90000152588,0,2.9000015258789062,2.9000015258789062,26264.0,False,1,0,False,fast,0,0,False,False,51,False,True,,,,,,,,,,,
3750,26250.0,26250.0,26254.90000152588,0,4.900001525878906,4.900001525878906,26278.0,False,1,0,False,fast,0,0,False,False,49,False,True,,,,,,,,,,,
3751,26257.0,26257.0,26262.70000076294,0,5.700000762939453,5.700000762939453,26285.0,False,1,0,False,fast,0,0,False,False,48,False,True,,,,,,,,,,,
3753,26271.0,26271.0,26285.5,0,14.5,14.5,26299.0,False,1,0,False,fast,0,0,False,False,46,False,True,,,,,,,,,,,
3757,26299.0,26299.0,26303.20000076294,0,4.200000762939453,4.200000762939453,26327.0,False,1,0,False,fast,0,0,False,False,42,False,True,,,,,,,,,,,
3758,26306.0,26306.0,26323.09999847412,0,17.099998474121094,17.099998474121094,26334.0,False,1,0,False,accurate,1,1,False,False,41,False,True,,,,,,,,,,,
3759,26313.0,26323.09999847412,26327.699996948242,0,4.599998474121094,14.699996948242188,26341.0,False,2,1,False,fast,0,0,False,False,40,False,True,,,,,,,,,,,
3761,26327.0,26327.699996948242,26333.399993896484,0,5.6999969482421875,6.399993896484375,26355.0,False,2,1,False,fast,0,0,False,False,38,False,True,,,,,,,,,,,
3764,26348.0,26348.0,26352.800003051758,0,4.8000030517578125,4.8000030517578125,26376.0,False,1,0,False,fast,0,0,False,False,35,False,True,,,,,,,,,,,
3767,26369.0,26369.0,26382.89999771118,0,13.89999771118164,13.89999771118164,26397.0,False,1,0,False,accurate,1,1,False,False,32,False,True,,,,,,,,,,,
3769,26383.0,26383.0,26387.70000076294,0,4.700000762939453,4.700000762939453,26411.0,False,1,0,False,fast,0,0,False,False,30,False,True,,,,,,,,,,,
3772,26404.0,26404.0,26406.999996185303,0,2.9999961853027344,2.9999961853027344,26432.0,False,1,0,False,fast,0,0,False,False,27,False,True,,,,,,,,,,,
3775,26425.0,26425.0,26445.699996948242,0,20.699996948242188,20.699996948242188,26453.0,False,1,0,False,accurate,0,0,False,False,24,False,True,,,,,,,,,,,
3776,26432.0,26445.699996948242,26450.29999923706,0,4.600002288818359,18.299999237060547,26460.0,False,2,1,False,fast,0,0,False,False,23,False,True,,,,,,,,,,,
3779,26453.0,26453.0,26455.70000076294,0,2.700000762939453,2.700000762939453,26481.0,False,1,0,False,fast,0,0,False,False,20,False,True,,,,,,,,,,,
3780,26460.0,26460.0,26481.10000228882,0,21.10000228881836,21.10000228881836,26488.0,False,1,0,False,accurate,1,1,False,False,19,False,True,,,,,,,,,,,
3781,26467.0,26481.10000228882,26504.700004577637,0,23.60000228881836,37.70000457763672,26495.0,True,2,1,False,accurate,1,1,False,False,18,False,False,,,,,,,,,,,
3782,26474.0,26504.700004577637,26534.400005340576,0,29.700000762939453,60.40000534057617,26502.0,True,3,2,False,accurate,1,1,False,False,17,False,False,,,,,,,,,,,
3783,26481.0,26534.400005340576,26538.90000152588,0,4.499996185302734,57.900001525878906,26509.0,True,4,3,False,fast,0,0,False,False,16,False,False,,,,,,,,,,,
3784,26488.0,26538.90000152588,26542.10000228882,0,3.200000762939453,54.10000228881836,26516.0,True,4,3,False,fast,0,0,False,False,15,False,False,,,,,,,,,,,
3789,26523.0,26542.10000228882,26544.90000152588,0,2.799999237060547,21.900001525878906,26551.0,False,4,3,False,fast,0,0,False,False,10,False,True,,,,,,,,,,,
3793,26551.0,26551.0,26553.59999847412,0,2.5999984741210938,2.5999984741210938,26579.0,False,1,0,False,fast,0,0,False,False,6,False,True,,,,,,,,,,,
3794,26558.0,26558.0,26560.79999923706,0,2.799999237060547,2.799999237060547,26586.0,False,1,0,False,fast,0,0,False,False,5,False,True,,,,,,,,,,,
3795,26565.0,26565.0,26577.90000152588,0,12.900001525878906,12.900001525878906,26593.0,False,1,0,False,accurate,1,1,False,False,4,False,True,,,,,,,,,,,
3799,26593.0,26593.0,26598.10000228882,0,5.100002288818359,5.100002288818359,26621.0,False,1,0,False,fast,0,0,False,True,0,True,True,,,,,,,,,,,
3801,26607.0,26607.0,26611.60000228882,0,4.600002288818359,4.600002288818359,26635.0,False,1,0,False,fast,0,0,False,False,98,False,True,,,,,,,,,,,
3803,26621.0,26621.0,26625.60000228882,0,4.600002288818359,4.600002288818359,26649.0,False,1,0,False,fast,0,0,False,False,96,False,True,,,,,,,,,,,
3804,26628.0,26628.0,26643.09999847412,0,15.099998474121094,15.099998474121094,26656.0,False,1,0,False,accurate,1,1,False,False,95,False,True,,,,,,,,,,,
3811,26677.0,26677.0,26681.39999771118,0,4.399997711181641,4.399997711181641,26705.0,False,1,0,False,fast,0,0,False,False,88,False,True,,,,,,,,,,,
3812,26684.0,26684.0,26701.10000228882,0,17.10000228881836,17.10000228881836,26712.0,False,1,0,False,accurate,1,1,False,False,87,False,True,,,,,,,,,,,
3815,26705.0,26705.0,26710.10000228882,0,5.100002288818359,5.100002288818359,26733.0,False,1,0,False,fast,0,0,False,False,84,False,True,,,,,,,,,,,
3817,26719.0,26719.0,26723.79999923706,0,4.799999237060547,4.799999237060547,26747.0,False,1,0,False,fast,0,0,False,False,82,False,True,,,,,,,,,,,
3820,26740.0,26740.0,26743.09999847412,0,3.0999984741210938,3.0999984741210938,26768.0,False,1,0,False,fast,0,0,False,False,79,False,True,,,,,,,,,,,
3825,26775.0,26775.0,26777.60000228882,0,2.6000022888183594,2.6000022888183594,26803.0,False,1,0,False,fast,0,0,False,False,74,False,True,,,,,,,,,,,
3833,26831.0,26831.0,26833.59999847412,0,2.5999984741210938,2.5999984741210938,26859.0,False,1,0,False,fast,0,0,False,False,66,False,True,,,,,,,,,,,
3843,26901.0,26901.0,26923.41375246048,0,22.413752460479735,22.41375246048119,26929.0,False,1,0,False,accurate,0,0,False,False,56,False,True,,,,,,,,,,,
3848,26936.0,26936.0,26962.54667587022,0,26.54667587021995,26.546675870220497,26964.0,False,1,0,False,accurate,1,1,False,False,51,False,True,,,,,,,,,,,
3856,26992.0,26992.0,26995.0933349667,0,3.0933349666992855,3.093334966699331,27020.0,False,1,0,False,fast,0,0,False,False,43,False,True,,,,,,,,,,,
3859,27013.0,27013.0,27027.43749383678,0,14.437493836780407,14.43749383678005,27041.0,False,1,0,False,accurate,1,1,False,False,40,False,True,,,,,,,,,,,
3861,27027.0,27027.43749383678,27030.409995400805,0,2.9725015640258787,3.409995400805201,27055.0,False,2,1,False,fast,0,0,False,False,38,False,True,,,,,,,,,,,
3862,27034.0,27034.0,27036.948334886085,0,2.948334886084001,2.948334886084922,27062.0,False,1,0,False,fast,0,0,False,False,37,False,True,,,,,,,,,,,
3863,27041.0,27041.0,27061.27458020969,0,20.274580209689834,20.274580209690612,27069.0,False,1,0,False,accurate,0,0,False,False,36,False,True,,,,,,,,,,,
3864,27048.0,27061.27458020969,27079.77458020969,0,18.5,31.774580209690612,27076.0,True,2,1,False,accurate,1,1,False,False,35,False,False,,,,,,,,,,,
3870,27090.0,27090.0,27103.09999847412,0,13.099998474121094,13.099998474121094,27118.0,False,1,0,False,accurate,1,1,False,False,29,False,True,,,,,,,,,,,
3871,27097.0,27103.09999847412,27106.499996185303,0,3.3999977111816406,9.499996185302734,27125.0,False,2,1,False,fast,0,0,False,False,28,False,True,,,,,,,,,,,
3876,27132.0,27132.0,27134.70000076294,0,2.700000762939453,2.700000762939453,27160.0,False,1,0,False,fast,0,0,False,False,23,False,True,,,,,,,,,,,
3889,27223.0,27223.0,27225.60000228882,0,2.6000022888183594,2.6000022888183594,27251.0,False,1,0,False,fast,0,0,False,False,10,False,True,,,,,,,,,,,
3891,27237.0,27237.0,27239.699996948242,0,2.6999969482421875,2.6999969482421875,27265.0,False,1,0,False,fast,0,0,False,False,8,False,True,,,,,,,,,,,
3901,27307.0,27307.0,27320.20000076294,0,13.200000762939453,13.200000762939453,27335.0,False,1,0,False,accurate,1,1,False,False,98,False,True,,,,,,,,,,,
3908,27356.0,27356.0,27358.800003051758,0,2.8000030517578125,2.8000030517578125,27384.0,False,1,0,False,fast,0,0,False,False,91,False,True,,,,,,,,,,,
3912,27384.0,27384.0,27405.79999923706,0,21.799999237060547,21.799999237060547,27412.0,False,1,0,False,accurate,0,0,False,False,87,False,True,,,,,,,,,,,
3914,27398.0,27405.79999923706,27432.09999847412,0,26.299999237060547,34.099998474121094,27426.0,True,2,1,False,accurate,0,0,False,False,85,False,False,,,,,,,,,,,
3917,27419.0,27432.09999847412,27448.599994659424,0,16.499996185302734,29.599994659423828,27447.0,True,2,1,False,accurate,1,1,False,False,82,False,False,,,,,,,,,,,
3919,27433.0,27448.599994659424,27451.299995422363,0,2.700000762939453,18.29999542236328,27461.0,False,2,1,False,fast,0,0,False,False,80,False,True,,,,,,,,,,,
3920,27440.0,27451.299995422363,27464.799991607666,0,13.499996185302734,24.799991607666016,27468.0,False,3,2,False,accurate,1,1,False,False,79,False,True,,,,,,,,,,,
3922,27454.0,27464.799991607666,27467.499996185303,0,2.7000045776367188,13.499996185302734,27482.0,False,2,1,False,fast,0,0,False,False,77,False,True,,,,,,,,,,,
3924,27468.0,27468.0,27470.59999847412,0,2.5999984741210938,2.5999984741210938,27496.0,False,1,0,False,fast,0,0,False,False,75,False,True,,,,,,,,,,,
3933,27531.0,27531.0,27533.59999847412,0,2.5999984741210938,2.5999984741210938,27559.0,False,1,0,False,fast,0,0,False,False,66,False,True,,,,,,,,,,,
3936,27552.0,27552.0,27566.5,0,14.5,14.5,27580.0,False,1,0,False,accurate,1,1,False,False,63,False,True,,,,,,,,,,,
3939,27573.0,27573.0,27587.199996948242,0,14.199996948242188,14.199996948242188,27601.0,False,1,0,False,accurate,1,1,False,False,60,False,True,,,,,,,,,,,
3941,27587.0,27587.199996948242,27589.899993896484,0,2.6999969482421875,2.899993896484375,27615.0,False,2,1,False,fast,0,0,False,False,58,False,True,,,,,,,,,,,
3944,27608.0,27608.0,27610.699996948242,0,2.6999969482421875,2.6999969482421875,27636.0,False,1,0,False,fast,0,0,False,False,55,False,True,,,,,,,,,,,
3945,27615.0,27615.0,27619.0,0,4.0,4.0,27643.0,False,1,0,False,fast,0,0,False,False,54,False,True,,,,,,,,,,,
3947,27629.0,27629.0,27631.60000228882,0,2.6000022888183594,2.6000022888183594,27657.0,False,1,0,False,fast,0,0,False,False,52,False,True,,,,,,,,,,,
3948,27636.0,27636.0,27638.79999923706,0,2.799999237060547,2.799999237060547,27664.0,False,1,0,False,fast,0,0,False,False,51,False,True,,,,,,,,,,,
3951,27657.0,27657.0,27676.90000152588,0,19.900001525878906,19.900001525878906,27685.0,False,1,0,False,accurate,1,1,False,False,48,False,True,,,,,,,,,,,
3954,27678.0,27678.0,27680.90000152588,0,2.9000015258789062,2.9000015258789062,27706.0,False,1,0,False,fast,0,0,False,False,45,False,True,,,,,,,,,,,
3956,27692.0,27692.0,27694.699996948242,0,2.6999969482421875,2.6999969482421875,27720.0,False,1,0,False,fast,0,0,False,False,43,False,True,,,,,,,,,,,
3959,27713.0,27713.0,27715.60000228882,0,2.6000022888183594,2.6000022888183594,27741.0,False,1,0,False,fast,0,0,False,False,40,False,True,,,,,,,,,,,
3960,27720.0,27720.0,27722.70000076294,0,2.700000762939453,2.700000762939453,27748.0,False,1,0,False,fast,0,0,False,False,39,False,True,,,,,,,,,,,
3962,27734.0,27734.0,27736.700004577637,0,2.7000045776367188,2.7000045776367188,27762.0,False,1,0,False,fast,0,0,False,False,37,False,True,,,,,,,,,,,
3964,27748.0,27748.0,27750.89999771118,0,2.8999977111816406,2.8999977111816406,27776.0,False,1,0,False,fast,0,0,False,False,35,False,True,,,,,,,,,,,
3965,27755.0,27755.0,27769.90000152588,0,14.900001525878906,14.900001525878906,27783.0,False,1,0,False,accurate,1,1,False,False,34,False,True,,,,,,,,,,,
3966,27762.0,27769.90000152588,27772.70000076294,0,2.799999237060547,10.700000762939453,27790.0,False,2,1,False,fast,0,0,False,False,33,False,True,,,,,,,,,,,
3969,27783.0,27783.0,27785.70000076294,0,2.700000762939453,2.700000762939453,27811.0,False,1,0,False,fast,0,0,False,False,30,False,True,,,,,,,,,,,
3970,27790.0,27790.0,27792.70000076294,0,2.700000762939453,2.700000762939453,27818.0,False,1,0,False,fast,0,0,False,False,29,False,True,,,,,,,,,,,
3973,27811.0,27811.0,27825.90000152588,0,14.900001525878906,14.900001525878906,27839.0,False,1,0,False,accurate,1,1,False,False,26,False,True,,,,,,,,,,,
3976,27832.0,27832.0,27834.79999923706,0,2.799999237060547,2.799999237060547,27860.0,False,1,0,False,fast,0,0,False,False,23,False,True,,,,,,,,,,,
3978,27846.0,27846.0,27862.79999923706,0,16.799999237060547,16.799999237060547,27874.0,False,1,0,False,accurate,1,1,False,False,21,False,True,,,,,,,,,,,
3981,27867.0,27867.0,27869.79999923706,0,2.799999237060547,2.799999237060547,27895.0,False,1,0,False,fast,0,0,False,False,18,False,True,,,,,,,,,,,
3983,27881.0,27881.0,27883.70000076294,0,2.700000762939453,2.700000762939453,27909.0,False,1,0,False,fast,0,0,False,False,16,False,True,,,,,,,,,,,
3985,27895.0,27895.0,27897.70000076294,0,2.700000762939453,2.700000762939453,27923.0,False,1,0,False,fast,0,0,False,False,14,False,True,,,,,,,,,,,
3987,27909.0,27909.0,27913.499996185303,0,4.499996185302734,4.499996185302734,27937.0,False,1,0,False,fast,0,0,False,False,12,False,True,,,,,,,,,,,
3989,27923.0,27923.0,27934.300003051758,0,11.300003051757812,11.300003051757812,27951.0,False,1,0,False,accurate,1,1,False,False,10,False,True,,,,,,,,,,,
3994,27958.0,27958.0,27963.60000228882,0,5.600002288818359,5.600002288818359,27986.0,False,1,0,False,fast,0,0,False,False,5,False,True,,,,,,,,,,,
3996,27972.0,27972.0,27987.500003814697,0,15.500003814697266,15.500003814697266,28000.0,False,1,0,False,accurate,1,1,False,False,3,False,True,,,,,,,,,,,
3998,27986.0,27987.500003814697,27990.200008392334,0,2.7000045776367188,4.200008392333984,28014.0,False,2,1,False,fast,0,0,False,False,1,True,True,,,,,,,,,,,
4000,28000.0,28000.0,28026.859998703003,0,26.85999870300293,26.85999870300293,28028.0,False,1,0,False,accurate,0,0,False,False,99,False,True,,,,,,,,,,,
4002,28014.0,28026.859998703003,28051.813333500228,0,24.95333479722342,37.8133335002276,28042.0,True,2,1,False,accurate,0,0,False,False,97,False,False,,,,,,,,,,,
4003,28021.0,28051.813333500228,28074.38833350023,0,22.574999999999996,53.38833350022833,28049.0,True,3,2,False,accurate,1,1,False,False,96,False,False,,,,,,,,,,,
4008,28056.0,28074.38833350023,28109.00167051872,0,34.613337018489865,53.00167051871904,28084.0,True,2,1,False,accurate,0,0,False,False,91,False,False,,,,,,,,,,,
4010,28070.0,28109.00167051872,28132.098339106244,0,23.096668587525667,62.09833910624366,28098.0,True,3,2,False,accurate,0,0,False,False,89,False,False,,,,,,,,,,,
4011,28077.0,28132.098339106244,28159.267918504676,0,27.169579398433324,82.26791850467635,28105.0,True,3,2,False,accurate,0,0,False,False,88,False,False,,,,,,,,,,,
4013,28091.0,28159.267918504676,28164.398752680223,0,5.1308341755469655,73.39875268022297,28119.0,True,4,3,False,fast,0,0,False,False,86,False,False,,,,,,,,,,,
4014,28098.0,28164.398752680223,28167.648752674264,0,3.249999994039536,69.64875267426396,28126.0,True,5,4,False,fast,0,0,False,False,85,False,False,,,,,,,,,,,
4015,28105.0,28167.648752674264,28170.658751854106,0,3.009999179840088,65.6587518541055,28133.0,True,6,5,True,fast,0,0,False,False,84,False,False,,,,,,,,,,,
4017,28119.0,28170.658751854106,28173.7279201299,0,3.0691682757933902,54.72792012989885,28147.0,True,6,5,True,fast,0,0,False,False,82,False,False,,,,,,,,,,,
4018,28126.0,28173.7279201299,28190.882918336993,0,17.154998207092287,64.88291833699259,28154.0,True,7,6,True,accurate,1,1,False,False,81,False,False,,,,,,,,,,,
4022,28154.0,28190.882918336993,28205.593749272157,0,14.710830935165282,51.593749272156856,28182.0,True,7,6,True,accurate,1,1,False,False,77,False,False,,,,,,,,,,,
4023,28161.0,28205.593749272157,28208.316250042124,0,2.722500769967834,47.31625004212401,28189.0,True,7,6,True,fast,0,0,False,False,76,False,False,,,,,,,,,,,
4025,28175.0,28208.316250042124,28211.116249279185,0,2.799999237060547,36.11624927918456,28203.0,True,4,3,False,fast,0,0,False,False,74,False,False,,,,,,,,,,,
4026,28182.0,28211.116249279185,28213.916248516245,0,2.799999237060547,31.916248516245105,28210.0,True,5,4,False,fast,0,0,False,False,73,False,False,,,,,,,,,,,
4027,28189.0,28213.916248516245,28216.616253093882,0,2.7000045776367188,27.616253093881824,28217.0,False,6,5,True,fast,0,0,False,False,72,False,False,,,,,,,,,,,
4030,28210.0,28216.616253093882,28219.416252330942,0,2.799999237060547,9.41625233094237,28238.0,False,4,3,False,fast,0,0,False,False,69,False,True,,,,,,,,,,,
4032,28224.0,28224.0,28226.70000076294,0,2.700000762939453,2.700000762939453,28252.0,False,1,0,False,fast,0,0,False,False,67,False,True,,,,,,,,,,,
4035,28245.0,28245.0,28247.79999923706,0,2.799999237060547,2.799999237060547,28273.0,False,1,0,False,fast,0,0,False,False,64,False,True,,,,,,,,,,,
4037,28259.0,28259.0,28272.90000152588,0,13.900001525878906,13.900001525878906,28287.0,False,1,0,False,accurate,1,1,False,False,62,False,True,,,,,,,,,,,
4039,28273.0,28273.0,28275.70000076294,0,2.700000762939453,2.700000762939453,28301.0,False,1,0,False,fast,0,0,False,False,60,False,True,,,,,,,,,,,
4044,28308.0,28308.0,28310.79999923706,0,2.799999237060547,2.799999237060547,28336.0,False,1,0,False,fast,0,0,False,False,55,False,True,,,,,,,,,,,
4046,28322.0,28322.0,28389.699996948242,0,67.69999694824219,67.69999694824219,28350.0,True,1,0,False,accurate,0,0,False,False,53,False,False,,,,,,,,,,,
4047,28329.0,28389.699996948242,28404.20000076294,0,14.500003814697266,75.20000076293945,28357.0,True,2,1,False,accurate,1,1,False,False,52,False,False,,,,,,,,,,,
4051,28357.0,28404.20000076294,28407.0,0,2.799999237060547,50.0,28385.0,True,3,2,False,fast,0,0,False,False,48,False,False,,,,,,,,,,,
4059,28413.0,28413.0,28416.09999847412,0,3.0999984741210938,3.0999984741210938,28441.0,False,1,0,False,fast,0,0,False,False,40,False,True,,,,,,,,,,,
4064,28448.0,28448.0,28451.5,0,3.5,3.5,28476.0,False,1,0,False,fast,0,0,False,False,35,False,True,,,,,,,,,,,
4065,28455.0,28455.0,28469.000003814697,0,14.000003814697266,14.000003814697266,28483.0,False,1,0,False,accurate,1,1,False,False,34,False,True,,,,,,,,,,,
4067,28469.0,28469.000003814697,28471.900005340576,0,2.9000015258789062,2.900005340576172,28497.0,False,2,1,False,fast,0,0,False,False,32,False,True,,,,,,,,,,,
4068,28476.0,28476.0,28478.89999771118,0,2.8999977111816406,2.8999977111816406,28504.0,False,1,0,False,fast,0,0,False,False,31,False,True,,,,,,,,,,,
4072,28504.0,28504.0,28506.90000152588,0,2.9000015258789062,2.9000015258789062,28532.0,False,1,0,False,fast,0,0,False,False,27,False,True,,,,,,,,,,,
4075,28525.0,28525.0,28559.79999923706,0,34.79999923706055,34.79999923706055,28553.0,True,1,0,False,accurate,0,0,False,False,24,False,False,,,,,,,,,,,
4077,28539.0,28559.79999923706,28562.60000228882,0,2.8000030517578125,23.60000228881836,28567.0,False,2,1,False,fast,0,0,False,False,22,False,True,,,,,,,,,,,
4083,28581.0,28581.0,28594.70000076294,0,13.700000762939453,13.700000762939453,28609.0,False,1,0,False,accurate,1,1,False,False,16,False,True,,,,,,,,,,,
4084,28588.0,28594.70000076294,28597.40000152588,0,2.700000762939453,9.400001525878906,28616.0,False,2,1,False,fast,0,0,False,False,15,False,True,,,,,,,,,,,
4087,28609.0,28609.0,28622.90000152588,0,13.900001525878906,13.900001525878906,28637.0,False,1,0,False,accurate,1,1,False,False,12,False,True,,,,,,,,,,,
4091,28637.0,28637.0,28639.699996948242,0,2.6999969482421875,2.6999969482421875,28665.0,False,1,0,False,fast,0,0,False,False,8,False,True,,,,,,,,,,,
4094,28658.0,28658.0,28683.20000076294,0,25.200000762939453,25.200000762939453,28686.0,False,1,0,False,accurate,0,0,False,False,5,False,True,,,,,,,,,,,
4096,28672.0,28683.20000076294,28686.0,0,2.799999237060547,14.0,28700.0,False,2,1,False,fast,0,0,False,False,3,False,True,,,,,,,,,,,
4098,28686.0,28686.0,28688.79999923706,0,2.799999237060547,2.799999237060547,28714.0,False,1,0,False,fast,0,0,False,False,1,True,True,,,,,,,,,,,
4099,28693.0,28693.0,28695.800003051758,0,2.8000030517578125,2.8000030517578125,28721.0,False,1,0,False,fast,0,0,False,True,0,True,True,,,,,,,,,,,
4101,28707.0,28707.0,28709.699996948242,0,2.6999969482421875,2.6999969482421875,28735.0,False,1,0,False,fast,0,0,False,False,98,False,True,,,,,,,,,,,
4103,28721.0,28721.0,28723.79999923706,0,2.799999237060547,2.799999237060547,28749.0,False,1,0,False,fast,0,0,False,False,96,False,True,,,,,,,,,,,
4106,28742.0,28742.0,28744.79999923706,0,2.799999237060547,2.799999237060547,28770.0,False,1,0,False,fast,0,0,False,False,93,False,True,,,,,,,,,,,
4114,28798.0,28798.0,28800.700004577637,0,2.7000045776367188,2.7000045776367188,28826.0,False,1,0,False,fast,0,0,False,False,85,False,True,,,,,,,,,,,
4115,28805.0,28805.0,28807.90000152588,0,2.9000015258789062,2.9000015258789062,28833.0,False,1,0,False,fast,0,0,False,False,84,False,True,,,,,,,,,,,
4116,28812.0,28812.0,28825.29999923706,0,13.299999237060547,13.299999237060547,28840.0,False,1,0,False,accurate,1,1,False,False,83,False,True,,,,,,,,,,,
4118,28826.0,28826.0,28828.79999923706,0,2.799999237060547,2.799999237060547,28854.0,False,1,0,False,fast,0,0,False,False,81,False,True,,,,,,,,,,,
4121,28847.0,28847.0,28849.70000076294,0,2.700000762939453,2.700000762939453,28875.0,False,1,0,False,fast,0,0,False,False,78,False,True,,,,,,,,,,,
4122,28854.0,28854.0,28856.800003051758,0,2.8000030517578125,2.8000030517578125,28882.0,False,1,0,False,fast,0,0,False,False,77,False,True,,,,,,,,,,,
4123,28861.0,28861.0,28863.79999923706,0,2.799999237060547,2.799999237060547,28889.0,False,1,0,False,fast,0,0,False,False,76,False,True,,,,,,,,,,,
4124,28868.0,28868.0,28880.500003814697,0,12.500003814697266,12.500003814697266,28896.0,False,1,0,False,accurate,1,1,False,False,75,False,True,,,,,,,,,,,
4125,28875.0,28880.500003814697,28883.500007629395,0,3.0000038146972656,8.500007629394531,28903.0,False,2,1,False,fast,0,0,False,False,74,False,True,,,,,,,,,,,
4126,28882.0,28883.500007629395,28886.300006866455,0,2.799999237060547,4.300006866455078,28910.0,False,2,1,False,fast,0,0,False,False,73,False,True,,,,,,,,,,,
4128,28896.0,28896.0,28898.79999923706,0,2.799999237060547,2.799999237060547,28924.0,False,1,0,False,fast,0,0,False,False,71,False,True,,,,,,,,,,,
4129,28903.0,28903.0,28917.10000228882,0,14.10000228881836,14.10000228881836,28931.0,False,1,0,False,accurate,1,1,False,False,70,False,True,,,,,,,,,,,
4130,28910.0,28917.10000228882,28919.90000152588,0,2.799999237060547,9.900001525878906,28938.0,False,2,1,False,fast,0,0,False,False,69,False,True,,,,,,,,,,,
4133,28931.0,28931.0,28946.20000076294,0,15.200000762939453,15.200000762939453,28959.0,False,1,0,False,accurate,1,1,False,False,66,False,True,,,,,,,,,,,
4134,28938.0,28946.20000076294,28959.5,0,13.299999237060547,21.5,28966.0,False,2,1,False,accurate,1,1,False,False,65,False,True,,,,,,,,,,,
4136,28952.0,28959.5,28962.40000152588,0,2.9000015258789062,10.400001525878906,28980.0,False,2,1,False,fast,0,0,False,False,63,False,True,,,,,,,,,,,
4138,28966.0,28966.0,28977.40000152588,0,11.400001525878906,11.400001525878906,28994.0,False,1,0,False,accurate,1,1,False,False,61,False,True,,,,,,,,,,,
4139,28973.0,28977.40000152588,28980.20000076294,0,2.799999237060547,7.200000762939453,29001.0,False,2,1,False,fast,0,0,False,False,60,False,True,,,,,,,,,,,
4143,29001.0,29001.0,29014.09999847412,0,13.099998474121094,13.099998474121094,29029.0,False,1,0,False,accurate,1,1,False,False,56,False,True,,,,,,,,,,,
4145,29015.0,29015.0,29034.0,0,19.0,19.0,29043.0,False,1,0,False,accurate,1,1,False,False,54,False,True,,,,,,,,,,,
4147,29029.0,29034.0,29041.29999923706,0,7.299999237060547,12.299999237060547,29057.0,False,2,1,False,fast,0,0,False,False,52,False,True,,,,,,,,,,,
4148,29036.0,29041.29999923706,29043.999996185303,0,2.6999969482421875,7.999996185302734,29064.0,False,2,1,False,fast,0,0,False,False,51,False,True,,,,,,,,,,,
4152,29064.0,29064.0,29076.90000152588,0,12.900001525878906,12.900001525878906,29092.0,False,1,0,False,accurate,1,1,False,False,47,False,True,,,,,,,,,,,
4153,29071.0,29076.90000152588,29094.800003051758,0,17.900001525878906,23.800003051757812,29099.0,False,2,1,False,accurate,1,1,False,False,46,False,True,,,,,,,,,,,
4158,29106.0,29106.0,29108.599994659424,0,2.599994659423828,2.599994659423828,29134.0,False,1,0,False,fast,0,0,False,False,41,False,True,,,,,,,,,,,
4160,29120.0,29120.0,29151.619997406007,0,31.619997406005858,31.619997406007315,29148.0,True,1,0,False,accurate,0,0,False,False,39,False,False,,,,,,,,,,,
4162,29134.0,29151.619997406007,29175.75249260048,0,24.132495194474814,41.752492600480764,29162.0,True,2,1,False,accurate,0,0,False,False,37,False,False,,,,,,,,,,,
4167,29169.0,29175.75249260048,29195.198325753012,0,19.445833152532575,26.198325753011886,29197.0,False,2,1,False,accurate,0,0,False,False,32,False,True,,,,,,,,,,,
4168,29176.0,29195.198325753012,29198.144995024006,0,2.946669270992288,22.144995024005766,29204.0,False,2,1,False,fast,0,0,False,False,31,False,True,,,,,,,,,,,
4170,29190.0,29198.144995024006,29217.861666868328,0,19.716671844323425,27.86166686832803,29218.0,False,3,2,False,accurate,1,1,False,False,29,False,True,,,,,,,,,,,
4171,29197.0,29217.861666868328,29241.721249390044,0,23.859582521716742,44.72124939004425,29225.0,True,3,2,False,accurate,0,0,False,False,28,False,False,,,,,,,,,,,
4172,29204.0,29241.721249390044,29261.56625042001,0,19.845001029968262,57.566250420011784,29232.0,True,3,2,False,accurate,1,1,False,False,27,False,False,,,,,,,,,,,
4173,29211.0,29261.56625042001,29287.982917225756,0,26.41666680574417,76.98291722575595,29239.0,True,4,3,False,accurate,0,0,False,False,26,False,False,,,,,,,,,,,
4175,29225.0,29287.982917225756,29290.777915585437,0,2.7949983596801755,65.77791558543686,29253.0,True,4,3,False,fast,0,0,False,False,24,False,False,,,,,,,,,,,
4180,29260.0,29290.777915585437,29293.464580677944,0,2.686665092507997,33.46458067794447,29288.0,True,4,3,False,fast,0,0,False,False,19,False,False,,,,,,,,,,,
4183,29281.0,29293.464580677944,29296.086245806662,0,2.621665128717819,15.086245806662191,29309.0,False,4,3,False,fast,0,0,False,False,16,False,True,,,,,,,,,,,
4184,29288.0,29296.086245806662,29298.7862503843,0,2.7000045776367188,10.78625038429891,29316.0,False,4,3,False,fast,0,0,False,False,15,False,True,,,,,,,,,,,
4190,29330.0,29330.0,29343.20000076294,0,13.200000762939453,13.200000762939453,29358.0,False,1,0,False,fast,0,0,False,False,9,False,True,,,,,,,,,,,
4192,29344.0,29344.0,29346.699996948242,0,2.6999969482421875,2.6999969482421875,29372.0,False,1,0,False,fast,0,0,False,False,7,False,True,,,,,,,,,,,
4193,29351.0,29351.0,29353.60000228882,0,2.6000022888183594,2.6000022888183594,29379.0,False,1,0,False,fast,0,0,False,False,6,False,True,,,,,,,,,,,
4196,29372.0,29372.0,29385.0,0,13.0,13.0,29400.0,False,1,0,False,accurate,1,1,False,False,3,False,True,,,,,,,,,,,
4199,29393.0,29393.0,29409.20000076294,0,16.200000762939453,16.200000762939453,29421.0,False,1,0,False,accurate,1,1,False,True,0,True,True,,,,,,,,,,,
4203,29421.0,29421.0,29423.60000228882,0,2.6000022888183594,2.6000022888183594,29449.0,False,1,0,False,fast,0,0,False,False,96,False,True,,,,,,,,,,,
4212,29484.0,29484.0,29486.79999923706,0,2.799999237060547,2.799999237060547,29512.0,False,1,0,False,fast,0,0,False,False,87,False,True,,,,,,,,,,,
4214,29498.0,29498.0,29500.699996948242,0,2.6999969482421875,2.6999969482421875,29526.0,False,1,0,False,fast,0,0,False,False,85,False,True,,,,,,,,,,,
4215,29505.0,29505.0,29507.79999923706,0,2.799999237060547,2.799999237060547,29533.0,False,1,0,False,fast,0,0,False,False,84,False,True,,,,,,,,,,,
4217,29519.0,29519.0,29521.699996948242,0,2.6999969482421875,2.6999969482421875,29547.0,False,1,0,False,fast,0,0,False,False,82,False,True,,,,,,,,,,,
4223,29561.0,29561.0,29563.70000076294,0,2.700000762939453,2.700000762939453,29589.0,False,1,0,False,fast,0,0,False,False,76,False,True,,,,,,,,,,,
4226,29582.0,29582.0,29584.60000228882,0,2.6000022888183594,2.6000022888183594,29610.0,False,1,0,False,fast,0,0,False,False,73,False,True,,,,,,,,,,,
4227,29589.0,29589.0,29591.699996948242,0,2.6999969482421875,2.6999969482421875,29617.0,False,1,0,False,fast,0,0,False,False,72,False,True,,,,,,,,,,,
4229,29603.0,29603.0,29605.60000228882,0,2.6000022888183594,2.6000022888183594,29631.0,False,1,0,False,fast,0,0,False,False,70,False,True,,,,,,,,,,,
4232,29624.0,29624.0,29652.20000076294,0,28.200000762939453,28.200000762939453,29652.0,True,1,0,False,accurate,0,0,False,False,67,False,False,,,,,,,,,,,
4235,29645.0,29652.20000076294,29670.700004577637,0,18.500003814697266,25.70000457763672,29673.0,False,2,1,False,accurate,1,1,False,False,64,False,True,,,,,,,,,,,
4236,29652.0,29670.700004577637,29682.400005340576,0,11.700000762939453,30.400005340576172,29680.0,True,3,2,False,accurate,1,1,False,False,63,False,False,,,,,,,,,,,
4238,29666.0,29682.400005340576,29685.10000228882,0,2.6999969482421875,19.10000228881836,29694.0,False,3,2,False,fast,0,0,False,False,61,False,True,,,,,,,,,,,
4240,29680.0,29685.10000228882,29705.60000228882,0,20.5,25.60000228881836,29708.0,False,3,2,False,accurate,0,0,False,False,59,False,True,,,,,,,,,,,
4244,29708.0,29708.0,29730.999996185303,0,22.999996185302734,22.999996185302734,29736.0,False,1,0,False,accurate,1,1,False,False,55,False,True,,,,,,,,,,,
4245,29715.0,29730.999996185303,29733.699996948242,0,2.700000762939453,18.699996948242188,29743.0,False,2,1,False,fast,0,0,False,False,54,False,True,,,,,,,,,,,
4246,29722.0,29733.699996948242,29748.29999923706,0,14.60000228881836,26.299999237060547,29750.0,False,3,2,False,accurate,1,1,False,False,53,False,True,,,,,,,,,,,
4248,29736.0,29748.29999923706,29750.90000152588,0,2.6000022888183594,14.900001525878906,29764.0,False,2,1,False,fast,0,0,False,False,51,False,True,,,,,,,,,,,
4249,29743.0,29750.90000152588,29753.60000228882,0,2.700000762939453,10.60000228881836,29771.0,False,3,2,False,fast,0,0,False,False,50,False,True,,,,,,,,,,,
4252,29764.0,29764.0,29766.699996948242,0,2.6999969482421875,2.6999969482421875,29792.0,False,1,0,False,fast,0,0,False,False,47,False,True,,,,,,,,,,,
4254,29778.0,29778.0,29794.800003051758,0,16.800003051757812,16.800003051757812,29806.0,False,1,0,False,accurate,1,1,False,False,45,False,True,,,,,,,,,,,
4255,29785.0,29794.800003051758,29798.10000228882,0,3.299999237060547,13.10000228881836,29813.0,False,2,1,False,fast,0,0,False,False,44,False,True,,,,,,,,,,,
4257,29799.0,29799.0,29801.70000076294,0,2.700000762939453,2.700000762939453,29827.0,False,1,0,False,fast,0,0,False,False,42,False,True,,,,,,,,,,,
4260,29820.0,29820.0,29840.29999923706,0,20.299999237060547,20.299999237060547,29848.0,False,1,0,False,accurate,1,1,False,False,39,False,True,,,,,,,,,,,
4263,29841.0,29841.0,29862.5,0,21.5,21.5,29869.0,False,1,0,False,accurate,0,0,False,False,36,False,True,,,,,,,,,,,
4264,29848.0,29862.5,29879.20000076294,0,16.700000762939453,31.200000762939453,29876.0,True,2,1,False,accurate,1,1,False,False,35,False,False,,,,,,,,,,,
4266,29862.0,29879.20000076294,29882.000003814697,0,2.8000030517578125,20.000003814697266,29890.0,False,3,2,False,fast,0,0,False,False,33,False,True,,,,,,,,,,,
4267,29869.0,29882.000003814697,29884.800003051758,0,2.799999237060547,15.800003051757812,29897.0,False,3,2,False,fast,0,0,False,False,32,False,True,,,,,,,,,,,
4268,29876.0,29884.800003051758,29887.60000228882,0,2.799999237060547,11.60000228881836,29904.0,False,4,3,False,fast,0,0,False,False,31,False,True,,,,,,,,,,,
4269,29883.0,29887.60000228882,29910.40000152588,0,22.799999237060547,27.400001525878906,29911.0,False,3,2,False,accurate,1,1,False,False,30,False,True,,,,,,,,,,,
4277,29939.0,29939.0,29941.70000076294,0,2.700000762939453,2.700000762939453,29967.0,False,1,0,False,fast,0,0,False,False,22,False,True,,,,,,,,,,,
4279,29953.0,29953.0,29955.79999923706,0,2.799999237060547,2.799999237060547,29981.0,False,1,0,False,fast,0,0,False,False,20,False,True,,,,,,,,,,,
4280,29960.0,29960.0,29962.70000076294,0,2.700000762939453,2.700000762939453,29988.0,False,1,0,False,fast,0,0,False,False,19,False,True,,,,,,,,,,,
4281,29967.0,29967.0,29979.90000152588,0,12.900001525878906,12.900001525878906,29995.0,False,1,0,False,accurate,1,1,False,False,18,False,True,,,,,,,,,,,
4282,29974.0,29979.90000152588,29982.60000228882,0,2.700000762939453,8.60000228881836,30002.0,False,2,1,False,fast,0,0,False,False,17,False,True,,,,,,,,,,,
4289,30023.0,30023.0,30027.199996948242,0,4.1999969482421875,4.1999969482421875,30051.0,False,1,0,False,fast,0,0,False,False,10,False,True,,,,,,,,,,,
4290,30030.0,30030.0,30034.29999923706,0,4.299999237060547,4.299999237060547,30058.0,False,1,0,False,fast,0,0,False,False,9,False,True,,,,,,,,,,,
4295,30065.0,30065.0,30078.39999771118,0,13.39999771118164,13.39999771118164,30093.0,False,1,0,False,accurate,1,1,False,False,4,False,True,,,,,,,,,,,
4297,30079.0,30079.0,30081.70000076294,0,2.700000762939453,2.700000762939453,30107.0,False,1,0,False,fast,0,0,False,False,2,True,True,,,,,,,,,,,
4298,30086.0,30086.0,30088.699996948242,0,2.6999969482421875,2.6999969482421875,30114.0,False,1,0,False,fast,0,0,False,False,1,True,True,,,,,,,,,,,
4300,30100.0,30100.0,30102.70000076294,0,2.700000762939453,2.700000762939453,30128.0,False,1,0,False,fast,0,0,False,False,99,False,True,,,,,,,,,,,
4306,30142.0,30142.0,30144.90000152588,0,2.9000015258789062,2.9000015258789062,30170.0,False,1,0,False,fast,0,0,False,False,93,False,True,,,,,,,,,,,
4308,30156.0,30156.0,30158.79999923706,0,2.799999237060547,2.799999237060547,30184.0,False,1,0,False,fast,0,0,False,False,91,False,True,,,,,,,,,,,
4310,30170.0,30170.0,30183.300003051758,0,13.300003051757812,13.300003051757812,30198.0,False,1,0,False,accurate,1,1,False,False,89,False,True,,,,,,,,,,,
4312,30184.0,30184.0,30186.60000228882,0,2.6000022888183594,2.6000022888183594,30212.0,False,1,0,False,fast,0,0,False,False,87,False,True,,,,,,,,,,,
4313,30191.0,30191.0,30193.699996948242,0,2.6999969482421875,2.6999969482421875,30219.0,False,1,0,False,fast,0,0,False,False,86,False,True,,,,,,,,,,,
4318,30226.0,30226.0,30246.5,0,20.5,20.5,30254.0,False,1,0,False,accurate,0,0,False,False,81,False,True,,,,,,,,,,,
4326,30282.0,30282.0,30305.027497673036,0,23.027497673034667,23.027497673036123,30310.0,False,1,0,False,accurate,0,0,False,False,73,False,True,,,,,,,,,,,
4328,30296.0,30305.027497673036,30325.414166770977,0,20.386669097940146,29.414166770977317,30324.0,True,2,1,False,accurate,0,0,False,False,71,False,False,,,,,,,,,,,
4330,30310.0,30325.414166770977,30345.130833242936,0,19.71666647195816,35.130833242936205,30338.0,True,2,1,False,accurate,0,0,False,False,69,False,False,,,,,,,,,,,
4333,30331.0,30345.130833242936,30365.735831335984,0,20.60499809304872,34.735831335983676,30359.0,True,2,1,False,accurate,0,0,False,False,66,False,False,,,,,,,,,,,
4335,30345.0,30365.735831335984,30368.638332156144,0,2.902500820159912,23.638332156144315,30373.0,False,3,2,False,fast,0,0,False,False,64,False,True,,,,,,,,,,,
4340,30380.0,30380.0,30384.443332549235,0,4.44333254923423,4.4433325492354925,30408.0,False,1,0,False,fast,0,0,False,False,59,False,True,,,,,,,,,,,
4341,30387.0,30387.0,30391.50999765396,0,4.5099976539611815,4.509997653960454,30415.0,False,1,0,False,fast,0,0,False,False,58,False,True,,,,,,,,,,,
4345,30415.0,30415.0,30427.90000152588,0,12.900001525878906,12.900001525878906,30443.0,False,1,0,False,accurate,1,1,False,False,54,False,True,,,,,,,,,,,
4351,30457.0,30457.0,30478.0,0,21.0,21.0,30485.0,False,1,0,False,accurate,0,0,False,False,48,False,True,,,,,,,,,,,
4352,30464.0,30478.0,30480.699996948242,0,2.6999969482421875,16.699996948242188,30492.0,False,2,1,False,fast,0,0,False,False,47,False,True,,,,,,,,,,,
4354,30478.0,30480.699996948242,30483.29999923706,0,2.6000022888183594,5.299999237060547,30506.0,False,2,1,False,fast,0,0,False,False,45,False,True,,,,,,,,,,,
4355,30485.0,30485.0,30487.800003051758,0,2.8000030517578125,2.8000030517578125,30513.0,False,1,0,False,fast,0,0,False,False,44,False,True,,,,,,,,,,,
4360,30520.0,30520.0,30522.700004577637,0,2.7000045776367188,2.7000045776367188,30548.0,False,1,0,False,fast,0,0,False,False,39,False,True,,,,,,,,,,,
4362,30534.0,30534.0,30536.59999847412,0,2.5999984741210938,2.5999984741210938,30562.0,False,1,0,False,fast,0,0,False,False,37,False,True,,,,,,,,,,,
4363,30541.0,30541.0,30543.70000076294,0,2.700000762939453,2.700000762939453,30569.0,False,1,0,False,fast,0,0,False,False,36,False,True,,,,,,,,,,,
4364,30548.0,30548.0,30550.70000076294,0,2.700000762939453,2.700000762939453,30576.0,False,1,0,False,fast,0,0,False,False,35,False,True,,,,,,,,,,,
4365,30555.0,30555.0,30567.699996948242,0,12.699996948242188,12.699996948242188,30583.0,False,1,0,False,accurate,1,1,False,False,34,False,True,,,,,,,,,,,
4367,30569.0,30569.0,30571.70000076294,0,2.700000762939453,2.700000762939453,30597.0,False,1,0,False,fast,0,0,False,False,32,False,True,,,,,,,,,,,
4368,30576.0,30576.0,30588.0,0,12.0,12.0,30604.0,False,1,0,False,accurate,1,1,False,False,31,False,True,,,,,,,,,,,
4370,30590.0,30590.0,30592.79999923706,0,2.799999237060547,2.799999237060547,30618.0,False,1,0,False,fast,0,0,False,False,29,False,True,,,,,,,,,,,
4371,30597.0,30597.0,30599.59999847412,0,2.5999984741210938,2.5999984741210938,30625.0,False,1,0,False,fast,0,0,False,False,28,False,True,,,,,,,,,,,
4374,30618.0,30618.0,30620.60000228882,0,2.6000022888183594,2.6000022888183594,30646.0,False,1,0,False,fast,0,0,False,False,25,False,True,,,,,,,,,,,
4377,30639.0,30639.0,30641.70000076294,0,2.700000762939453,2.700000762939453,30667.0,False,1,0,False,fast,0,0,False,False,22,False,True,,,,,,,,,,,
4383,30681.0,30681.0,30696.09999847412,0,15.099998474121094,15.099998474121094,30709.0,False,1,0,False,accurate,1,1,False,False,16,False,True,,,,,,,,,,,
4384,30688.0,30696.09999847412,30698.699993133545,0,2.599994659423828,10.699993133544922,30716.0,False,2,1,False,fast,0,0,False,False,15,False,True,,,,,,,,,,,
4386,30702.0,30702.0,30704.60000228882,0,2.6000022888183594,2.6000022888183594,30730.0,False,1,0,False,fast,0,0,False,False,13,False,True,,,,,,,,,,,
4391,30737.0,30737.0,30739.70000076294,0,2.700000762939453,2.700000762939453,30765.0,False,1,0,False,fast,0,0,False,False,8,False,True,,,,,,,,,,,
4397,30779.0,30779.0,30781.699996948242,0,2.6999969482421875,2.6999969482421875,30807.0,False,1,0,False,fast,0,0,False,False,2,True,True,,,,,,,,,,,
4400,30800.0,30800.0,30802.699996948242,0,2.6999969482421875,2.6999969482421875,30828.0,False,1,0,False,fast,0,0,False,False,99,False,True,,,,,,,,,,,
4406,30842.0,30842.0,30844.70000076294,0,2.700000762939453,2.700000762939453,30870.0,False,1,0,False,fast,0,0,False,False,93,False,True,,,,,,,,,,,
4408,30856.0,30856.0,30858.60000228882,0,2.6000022888183594,2.6000022888183594,30884.0,False,1,0,False,fast,0,0,False,False,91,False,True,,,,,,,,,,,
4410,30870.0,30870.0,30883.09999847412,0,13.099998474121094,13.099998474121094,30898.0,False,1,0,False,accurate,1,1,False,False,89,False,True,,,,,,,,,,,
4411,30877.0,30883.09999847412,30885.799995422363,0,2.6999969482421875,8.799995422363281,30905.0,False,2,1,False,fast,0,0,False,False,88,False,True,,,,,,,,,,,
4413,30891.0,30891.0,30893.59999847412,0,2.5999984741210938,2.5999984741210938,30919.0,False,1,0,False,fast,0,0,False,False,86,False,True,,,,,,,,,,,
4416,30912.0,30912.0,30915.199996948242,0,3.1999969482421875,3.1999969482421875,30940.0,False,1,0,False,fast,0,0,False,False,83,False,True,,,,,,,,,,,
4417,30919.0,30919.0,30921.60000228882,0,2.6000022888183594,2.6000022888183594,30947.0,False,1,0,False,fast,0,0,False,False,82,False,True,,,,,,,,,,,
4419,30933.0,30933.0,30935.59999847412,0,2.5999984741210938,2.5999984741210938,30961.0,False,1,0,False,fast,0,0,False,False,80,False,True,,,,,,,,,,,
4420,30940.0,30940.0,30942.70000076294,0,2.700000762939453,2.700000762939453,30968.0,False,1,0,False,fast,0,0,False,False,79,False,True,,,,,,,,,,,
4423,30961.0,30961.0,30963.59999847412,0,2.5999984741210938,2.5999984741210938,30989.0,False,1,0,False,fast,0,0,False,False,76,False,True,,,,,,,,,,,
4424,30968.0,30968.0,30970.599994659424,0,2.599994659423828,2.599994659423828,30996.0,False,1,0,False,fast,0,0,False,False,75,False,True,,,,,,,,,,,
4426,30982.0,30982.0,31004.79999923706,0,22.799999237060547,22.799999237060547,31010.0,False,1,0,False,accurate,0,0,False,False,73,False,True,,,,,,,,,,,
4428,30996.0,31004.79999923706,31007.499996185303,0,2.6999969482421875,11.499996185302734,31024.0,False,2,1,False,fast,0,0,False,False,71,False,True,,,,,,,,,,,
4429,31003.0,31007.499996185303,31020.299995422363,0,12.799999237060547,17.29999542236328,31031.0,False,3,2,False,accurate,1,1,False,False,70,False,True,,,,,,,,,,,
4435,31045.0,31045.0,31047.699996948242,0,2.6999969482421875,2.6999969482421875,31073.0,False,1,0,False,fast,0,0,False,False,64,False,True,,,,,,,,,,,
4436,31052.0,31052.0,31054.70000076294,0,2.700000762939453,2.700000762939453,31080.0,False,1,0,False,fast,0,0,False,False,63,False,True,,,,,,,,,,,
4437,31059.0,31059.0,31061.60000228882,0,2.6000022888183594,2.6000022888183594,31087.0,False,1,0,False,fast,0,0,False,False,62,False,True,,,,,,,,,,,
4438,31066.0,31066.0,31080.0,0,14.0,14.0,31094.0,False,1,0,False,accurate,1,1,False,False,61,False,True,,,,,,,,,,,
4439,31073.0,31080.0,31082.599994659424,0,2.599994659423828,9.599994659423828,31101.0,False,2,1,False,fast,0,0,False,False,60,False,True,,,,,,,,,,,
4440,31080.0,31082.599994659424,31105.299991607666,0,22.699996948242188,25.299991607666016,31108.0,False,2,1,False,accurate,0,0,False,False,59,False,True,,,,,,,,,,,
4443,31101.0,31105.299991607666,31107.899993896484,0,2.6000022888183594,6.899993896484375,31129.0,False,2,1,False,fast,0,0,False,False,56,False,True,,,,,,,,,,,
4444,31108.0,31108.0,31110.699996948242,0,2.6999969482421875,2.6999969482421875,31136.0,False,1,0,False,fast,0,0,False,False,55,False,True,,,,,,,,,,,
4445,31115.0,31115.0,31130.09999847412,0,15.099998474121094,15.099998474121094,31143.0,False,1,0,False,accurate,1,1,False,False,54,False,True,,,,,,,,,,,
4449,31143.0,31143.0,31145.59999847412,0,2.5999984741210938,2.5999984741210938,31171.0,False,1,0,False,fast,0,0,False,False,50,False,True,,,,,,,,,,,
4453,31171.0,31171.0,31173.699996948242,0,2.6999969482421875,2.6999969482421875,31199.0,False,1,0,False,fast,0,0,False,False,46,False,True,,,,,,,,,,,
4454,31178.0,31178.0,31189.5,0,11.5,11.5,31206.0,False,1,0,False,accurate,1,1,False,False,45,False,True,,,,,,,,,,,
4462,31234.0,31234.0,31236.699996948242,0,2.6999969482421875,2.6999969482421875,31262.0,False,1,0,False,fast,0,0,False,False,37,False,True,,,,,,,,,,,
4466,31262.0,31262.0,31264.70000076294,0,2.700000762939453,2.700000762939453,31290.0,False,1,0,False,fast,0,0,False,False,33,False,True,,,,,,,,,,,
4471,31297.0,31297.0,31299.59999847412,0,2.5999984741210938,2.5999984741210938,31325.0,False,1,0,False,fast,0,0,False,False,28,False,True,,,,,,,,,,,
4475,31325.0,31325.0,31327.70000076294,0,2.700000762939453,2.700000762939453,31353.0,False,1,0,False,fast,0,0,False,False,24,False,True,,,,,,,,,,,
4476,31332.0,31332.0,31334.70000076294,0,2.700000762939453,2.700000762939453,31360.0,False,1,0,False,fast,0,0,False,False,23,False,True,,,,,,,,,,,
4477,31339.0,31339.0,31359.89999771118,0,20.89999771118164,20.89999771118164,31367.0,False,1,0,False,accurate,0,0,False,False,22,False,True,,,,,,,,,,,
4480,31360.0,31360.0,31385.839994812013,0,25.839994812011717,25.839994812013174,31388.0,False,1,0,False,accurate,1,1,False,False,19,False,True,,,,,,,,,,,
4481,31367.0,31385.839994812013,31389.057500256302,0,3.2175054442882356,22.057500256301864,31395.0,False,2,1,False,fast,0,0,False,False,18,False,True,,,,,,,,,,,
4484,31388.0,31389.057500256302,31410.27416915258,0,21.216668896277724,22.274169152580725,31416.0,False,2,1,False,accurate,0,0,False,False,15,False,True,,,,,,,,,,,
4486,31402.0,31410.27416915258,31429.184165662133,0,18.909996509552002,27.184165662132727,31430.0,False,2,1,False,accurate,0,0,False,False,13,False,True,,,,,,,,,,,
4487,31409.0,31429.184165662133,31454.912499897484,0,25.728334235350278,45.91249989748394,31437.0,True,3,2,False,accurate,0,0,False,False,12,False,False,,,,,,,,,,,
4488,31416.0,31454.912499897484,31480.432502377436,0,25.52000247995061,64.43250237743632,31444.0,True,3,2,False,accurate,1,1,False,False,11,False,False,,,,,,,,,,,
4489,31423.0,31480.432502377436,31483.470003235743,0,3.0375008583068848,60.47000323574321,31451.0,True,4,3,False,fast,0,0,False,False,10,False,False,,,,,,,,,,,
4490,31430.0,31483.470003235743,31486.485004076963,0,3.015000841220217,56.48500407696338,31458.0,True,4,3,False,fast,0,0,False,False,9,False,False,,,,,,,,,,,
4491,31437.0,31486.485004076963,31503.17291354637,0,16.687909469405735,66.17291354636836,31465.0,True,5,4,False,accurate,1,1,False,False,8,False,False,,,,,,,,,,,
4496,31472.0,31503.17291354637,31527.46957658619,0,24.296663039823354,55.46957658619067,31500.0,True,5,4,False,accurate,1,1,False,False,3,False,False,,,,,,,,,,,
4497,31479.0,31527.46957658619,31555.165409759586,0,27.695833173394202,76.1654097595856,31507.0,True,6,5,True,accurate,0,0,False,False,2,True,False,,,,,,,,,,,
4498,31486.0,31555.165409759586,31589.240409759586,0,34.075,103.24040975958633,31514.0,True,5,4,False,accurate,0,0,False,False,1,True,False,,,,,,,,,,,
4500,31500.0,31589.240409759586,31608.335408115145,0,19.094998355557518,108.33540811514467,31528.0,True,5,4,False,accurate,0,0,False,False,99,False,False,,,,,,,,,,,
4503,31521.0,31608.335408115145,31611.057908885112,0,2.722500769967834,90.05790888511183,31549.0,True,5,4,False,fast,0,0,False,False,96,False,False,,,,,,,,,,,
4505,31535.0,31611.057908885112,31628.457906596293,0,17.39999771118164,93.45790659629347,31563.0,True,5,4,False,accurate,1,1,False,False,94,False,False,,,,,,,,,,,
4508,31556.0,31628.457906596293,31631.157903544536,0,2.6999969482421875,75.15790354453566,31584.0,True,5,4,False,fast,0,0,False,False,91,False,False,,,,,,,,,,,
4509,31563.0,31631.157903544536,31633.957902781596,0,2.799999237060547,70.9579027815962,31591.0,True,6,5,True,fast,0,0,False,False,90,False,False,,,,,,,,,,,
4511,31577.0,31633.957902781596,31655.357900492778,0,21.39999771118164,78.35790049277784,31605.0,True,7,6,True,accurate,0,0,False,False,88,False,False,,,,,,,,,,,
4512,31584.0,31655.357900492778,31658.057905070415,0,2.7000045776367188,74.05790507041456,31612.0,True,8,7,True,fast,0,0,False,False,87,False,False,,,,,,,,,,,
4515,31605.0,31658.057905070415,31660.757902018657,0,2.6999969482421875,55.75790201865675,31633.0,True,8,7,True,fast,0,0,False,False,84,False,False,,,,,,,,,,,
4516,31612.0,31660.757902018657,31663.4578989669,0,2.6999969482421875,51.45789896689894,31640.0,True,7,6,True,fast,0,0,False,False,83,False,False,,,,,,,,,,,
4518,31626.0,31663.4578989669,31666.25789820396,0,2.799999237060547,40.257898203959485,31654.0,True,8,7,True,fast,0,0,False,False,81,False,False,,,,,,,,,,,
4520,31640.0,31666.25789820396,31668.9578989669,0,2.700000762939453,28.957898966898938,31668.0,True,6,5,True,fast,0,0,False,False,79,False,False,,,,,,,,,,,
4521,31647.0,31668.9578989669,31684.757902018657,0,15.800003051757812,37.75790201865675,31675.0,True,7,6,True,accurate,1,1,False,False,78,False,False,,,,,,,,,,,
4524,31668.0,31684.757902018657,31687.4578989669,0,2.6999969482421875,19.457898966898938,31696.0,False,3,2,False,fast,0,0,False,False,75,False,True,,,,,,,,,,,
4526,31682.0,31687.4578989669,31690.25789820396,0,2.799999237060547,8.257898203959485,31710.0,False,3,2,False,fast,0,0,False,False,73,False,True,,,,,,,,,,,
4527,31689.0,31690.25789820396,31718.05789744102,0,27.799999237060547,29.05789744102003,31717.0,True,2,1,False,accurate,0,0,False,False,72,False,False,,,,,,,,,,,
4531,31717.0,31718.05789744102,31720.75789820396,0,2.700000762939453,3.757898203959485,31745.0,False,2,1,False,fast,0,0,False,False,68,False,True,,,,,,,,,,,
4534,31738.0,31738.0,31740.70000076294,0,2.700000762939453,2.700000762939453,31766.0,False,1,0,False,fast,0,0,False,False,65,False,True,,,,,,,,,,,
4539,31773.0,31773.0,31775.699996948242,0,2.6999969482421875,2.6999969482421875,31801.0,False,1,0,False,fast,0,0,False,False,60,False,True,,,,,,,,,,,
4540,31780.0,31780.0,31782.699996948242,0,2.6999969482421875,2.6999969482421875,31808.0,False,1,0,False,fast,0,0,False,False,59,False,True,,,,,,,,,,,
4543,31801.0,31801.0,31803.79999923706,0,2.799999237060547,2.799999237060547,31829.0,False,1,0,False,fast,0,0,False,False,56,False,True,,,,,,,,,,,
4544,31808.0,31808.0,31810.699996948242,0,2.6999969482421875,2.6999969482421875,31836.0,False,1,0,False,fast,0,0,False,False,55,False,True,,,,,,,,,,,
4545,31815.0,31815.0,31817.70000076294,0,2.700000762939453,2.700000762939453,31843.0,False,1,0,False,fast,0,0,False,False,54,False,True,,,,,,,,,,,
4548,31836.0,31836.0,31839.79999923706,0,3.799999237060547,3.799999237060547,31864.0,False,1,0,False,fast,0,0,False,False,51,False,True,,,,,,,,,,,
4554,31878.0,31878.0,31892.800003051758,0,14.800003051757812,14.800003051757812,31906.0,False,1,0,False,accurate,1,1,False,False,45,False,True,,,,,,,,,,,
4555,31885.0,31892.800003051758,31895.400005340576,0,2.6000022888183594,10.400005340576172,31913.0,False,2,1,False,fast,0,0,False,False,44,False,True,,,,,,,,,,,
4560,31920.0,31920.0,31922.800003051758,0,2.8000030517578125,2.8000030517578125,31948.0,False,1,0,False,fast,0,0,False,False,39,False,True,,,,,,,,,,,
4564,31948.0,31948.0,31950.699996948242,0,2.6999969482421875,2.6999969482421875,31976.0,False,1,0,False,fast,0,0,False,False,35,False,True,,,,,,,,,,,
4567,31969.0,31969.0,31971.59999847412,0,2.5999984741210938,2.5999984741210938,31997.0,False,1,0,False,fast,0,0,False,False,32,False,True,,,,,,,,,,,
4570,31990.0,31990.0,31992.59999847412,0,2.5999984741210938,2.5999984741210938,32018.0,False,1,0,False,fast,0,0,False,False,29,False,True,,,,,,,,,,,
4573,32011.0,32011.0,32027.60000228882,0,16.60000228881836,16.60000228881836,32039.0,False,1,0,False,accurate,1,1,False,False,26,False,True,,,,,,,,,,,
4574,32018.0,32027.60000228882,32030.29999923706,0,2.6999969482421875,12.299999237060547,32046.0,False,2,1,False,fast,0,0,False,False,25,False,True,,,,,,,,,,,
4575,32025.0,32030.29999923706,32033.59999847412,0,3.299999237060547,8.599998474121094,32053.0,False,3,2,False,fast,0,0,False,False,24,False,True,,,,,,,,,,,
4576,32032.0,32033.59999847412,32036.29999923706,0,2.700000762939453,4.299999237060547,32060.0,False,2,1,False,fast,0,0,False,False,23,False,True,,,,,,,,,,,
4580,32060.0,32060.0,32073.10000228882,0,13.10000228881836,13.10000228881836,32088.0,False,1,0,False,accurate,1,1,False,False,19,False,True,,,,,,,,,,,
4582,32074.0,32074.0,32087.70000076294,0,13.700000762939453,13.700000762939453,32102.0,False,1,0,False,accurate,1,1,False,False,17,False,True,,,,,,,,,,,
4583,32081.0,32087.70000076294,32090.40000152588,0,2.700000762939453,9.400001525878906,32109.0,False,2,1,False,fast,0,0,False,False,16,False,True,,,,,,,,,,,
4584,32088.0,32090.40000152588,32103.10000228882,0,12.700000762939453,15.10000228881836,32116.0,False,2,1,False,accurate,1,1,False,False,15,False,True,,,,,,,,,,,
4588,32116.0,32116.0,32118.59999847412,0,2.5999984741210938,2.5999984741210938,32144.0,False,1,0,False,fast,0,0,False,False,11,False,True,,,,,,,,,,,
4593,32151.0,32151.0,32153.70000076294,0,2.700000762939453,2.700000762939453,32179.0,False,1,0,False,fast,0,0,False,False,6,False,True,,,,,,,,,,,
4597,32179.0,32179.0,32181.60000228882,0,2.6000022888183594,2.6000022888183594,32207.0,False,1,0,False,fast,0,0,False,False,2,True,True,,,,,,,,,,,
4602,32214.0,32214.0,32216.700004577637,0,2.7000045776367188,2.7000045776367188,32242.0,False,1,0,False,fast,0,0,False,False,97,False,True,,,,,,,,,,,
4604,32228.0,32228.0,32230.700004577637,0,2.7000045776367188,2.7000045776367188,32256.0,False,1,0,False,fast,0,0,False,False,95,False,True,,,,,,,,,,,
4605,32235.0,32235.0,32247.200004577637,0,12.200004577636719,12.200004577636719,32263.0,False,1,0,False,accurate,1,1,False,False,94,False,True,,,,,,,,,,,
4607,32249.0,32249.0,32269.200004577637,0,20.20000457763672,20.20000457763672,32277.0,False,1,0,False,accurate,0,0,False,False,92,False,True,,,,,,,,,,,
4610,32270.0,32270.0,32272.700004577637,0,2.7000045776367188,2.7000045776367188,32298.0,False,1,0,False,fast,0,0,False,False,89,False,True,,,,,,,,,,,
4614,32298.0,32298.0,32302.39999771118,0,4.399997711181641,4.399997711181641,32326.0,False,1,0,False,fast,0,0,False,False,85,False,True,,,,,,,,,,,
4616,32312.0,32312.0,32332.20000076294,0,20.200000762939453,20.200000762939453,32340.0,False,1,0,False,accurate,0,0,False,False,83,False,True,,,,,,,,,,,
4621,32347.0,32347.0,32349.59999847412,0,2.5999984741210938,2.5999984741210938,32375.0,False,1,0,False,fast,0,0,False,False,78,False,True,,,,,,,,,,,
4624,32368.0,32368.0,32370.70000076294,0,2.700000762939453,2.700000762939453,32396.0,False,1,0,False,fast,0,0,False,False,75,False,True,,,,,,,,,,,
4627,32389.0,32389.0,32414.999996185303,0,25.999996185302734,25.999996185302734,32417.0,False,1,0,False,accurate,0,0,False,False,72,False,True,,,,,,,,,,,
4628,32396.0,32414.999996185303,32417.599994659424,0,2.5999984741210938,21.599994659423828,32424.0,False,2,1,False,fast,0,0,False,False,71,False,True,,,,,,,,,,,
4629,32403.0,32417.599994659424,32420.199996948242,0,2.6000022888183594,17.199996948242188,32431.0,False,3,2,False,fast,0,0,False,False,70,False,True,,,,,,,,,,,
4630,32410.0,32420.199996948242,32422.90000152588,0,2.7000045776367188,12.900001525878906,32438.0,False,4,3,False,fast,0,0,False,False,69,False,True,,,,,,,,,,,
4631,32417.0,32422.90000152588,32425.60000228882,0,2.700000762939453,8.60000228881836,32445.0,False,4,3,False,fast,0,0,False,False,68,False,True,,,,,,,,,,,
4633,32431.0,32431.0,32444.5,0,13.5,13.5,32459.0,False,1,0,False,accurate,1,1,False,False,66,False,True,,,,,,,,,,,
4634,32438.0,32444.5,32450.89999771118,0,6.399997711181641,12.89999771118164,32466.0,False,2,1,False,fast,0,0,False,False,65,False,True,,,,,,,,,,,
4635,32445.0,32450.89999771118,32453.599994659424,0,2.6999969482421875,8.599994659423828,32473.0,False,2,1,False,fast,0,0,False,False,64,False,True,,,,,,,,,,,
4636,32452.0,32453.599994659424,32467.899993896484,0,14.299999237060547,15.899993896484375,32480.0,False,2,1,False,accurate,1,1,False,False,63,False,True,,,,,,,,,,,
4638,32466.0,32467.899993896484,32470.599994659424,0,2.700000762939453,4.599994659423828,32494.0,False,2,1,False,fast,0,0,False,False,61,False,True,,,,,,,,,,,
4639,32473.0,32473.0,32476.29999923706,0,3.299999237060547,3.299999237060547,32501.0,False,1,0,False,fast,0,0,False,False,60,False,True,,,,,,,,,,,
4642,32494.0,32494.0,32519.610003974438,0,25.610003974437745,25.61000397443786,32522.0,False,1,0,False,accurate,1,1,False,False,57,False,True,,,,,,,,,,,
4648,32536.0,32536.0,32539.05999655207,0,3.0599965520699697,3.0599965520705155,32564.0,False,1,0,False,fast,0,0,False,False,51,False,True,,,,,,,,,,,
4654,32578.0,32578.0,32595.566669528485,0,17.56666952848433,17.566669528485363,32606.0,False,1,0,False,accurate,1,1,False,False,45,False,True,,,,,,,,,,,
4657,32599.0,32599.0,32621.156663782596,0,22.156663782596603,22.156663782596297,32627.0,False,1,0,False,accurate,0,0,False,False,42,False,True,,,,,,,,,,,
4661,32627.0,32627.0,32629.767504692078,0,2.7675046920776363,2.7675046920776367,32655.0,False,1,0,False,fast,0,0,False,False,38,False,True,,,,,,,,,,,
4665,32655.0,32655.0,32657.70000076294,0,2.700000762939453,2.700000762939453,32683.0,False,1,0,False,fast,0,0,False,False,34,False,True,,,,,,,,,,,
4666,32662.0,32662.0,32664.70000076294,0,2.700000762939453,2.700000762939453,32690.0,False,1,0,False,fast,0,0,False,False,33,False,True,,,,,,,,,,,
4667,32669.0,32669.0,32671.70000076294,0,2.700000762939453,2.700000762939453,32697.0,False,1,0,False,fast,0,0,False,False,32,False,True,,,,,,,,,,,
4668,32676.0,32676.0,32678.79999923706,0,2.799999237060547,2.799999237060547,32704.0,False,1,0,False,fast,0,0,False,False,31,False,True,,,,,,,,,,,
4670,32690.0,32690.0,32704.39999771118,0,14.39999771118164,14.39999771118164,32718.0,False,1,0,False,accurate,1,1,False,False,29,False,True,,,,,,,,,,,
4672,32704.0,32704.39999771118,32707.20000076294,0,2.8000030517578125,3.200000762939453,32732.0,False,2,1,False,fast,0,0,False,False,27,False,True,,,,,,,,,,,
4674,32718.0,32718.0,32720.60000228882,0,2.6000022888183594,2.6000022888183594,32746.0,False,1,0,False,fast,0,0,False,False,25,False,True,,,,,,,,,,,
4676,32732.0,32732.0,32747.60000228882,0,15.60000228881836,15.60000228881836,32760.0,False,1,0,False,accurate,1,1,False,False,23,False,True,,,,,,,,,,,
4678,32746.0,32747.60000228882,32761.000003814697,0,13.400001525878906,15.000003814697266,32774.0,False,2,1,False,accurate,1,1,False,False,21,False,True,,,,,,,,,,,
4683,32781.0,32781.0,32783.80000305176,0,2.8000030517578125,2.8000030517578125,32809.0,False,1,0,False,fast,0,0,False,False,16,False,True,,,,,,,,,,,
4684,32788.0,32788.0,32810.09999847412,0,22.099998474121094,22.099998474121094,32816.0,False,1,0,False,accurate,1,1,False,False,15,False,True,,,,,,,,,,,
4685,32795.0,32810.09999847412,32821.0000038147,0,10.900005340576172,26.000003814697266,32823.0,False,2,1,False,accurate,1,1,False,False,14,False,True,,,,,,,,,,,
4688,32816.0,32821.0000038147,32844.300006866455,0,23.300003051757812,28.300006866455078,32844.0,True,2,1,False,accurate,0,0,False,False,11,False,False,,,,,,,,,,,
4689,32823.0,32844.300006866455,32898.900005340576,0,54.599998474121094,75.90000534057617,32851.0,True,2,1,False,accurate,1,1,False,False,10,False,False,,,,,,,,,,,
4690,32830.0,32898.900005340576,32901.500007629395,0,2.6000022888183594,71.50000762939453,32858.0,True,3,2,False,fast,0,0,False,False,9,False,False,,,,,,,,,,,
4691,32837.0,32901.500007629395,32936.30001068115,0,34.80000305175781,99.30001068115234,32865.0,True,4,3,False,accurate,1,1,False,False,8,False,False,,,,,,,,,,,
4693,32851.0,32936.30001068115,32939.40000915527,0,3.0999984741210938,88.40000915527344,32879.0,True,4,3,False,fast,0,0,False,False,6,False,False,,,,,,,,,,,
4694,32858.0,32939.40000915527,32954.30001068115,0,14.900001525878906,96.30001068115234,32886.0,True,5,4,False,accurate,1,1,False,False,5,False,False,,,,,,,,,,,
4700,32900.0,32954.30001068115,32970.40001296997,0,16.10000228881836,70.4000129699707,32928.0,True,5,4,False,accurate,1,1,False,False,99,False,False,,,,,,,,,,,
4702,32914.0,32970.40001296997,32973.10001373291,0,2.700000762939453,59.100013732910156,32942.0,True,5,4,False,fast,0,0,False,False,97,False,False,,,,,,,,,,,
4704,32928.0,32973.10001373291,32975.80001831055,0,2.7000045776367188,47.800018310546875,32956.0,True,6,5,True,fast,0,0,False,False,95,False,False,,,,,,,,,,,
4706,32942.0,32975.80001831055,32978.50001525879,0,2.6999969482421875,36.50001525878906,32970.0,True,5,4,False,fast,0,0,False,False,93,False,False,,,,,,,,,,,
4707,32949.0,32978.50001525879,32981.40001678467,0,2.9000015258789062,32.40001678466797,32977.0,True,6,5,True,fast,0,0,False,False,92,False,False,,,,,,,,,,,
4710,32970.0,32981.40001678467,32984.10001754761,0,2.700000762939453,14.100017547607422,32998.0,False,6,5,True,fast,0,0,False,False,89,False,False,,,,,,,,,,,
4711,32977.0,32984.10001754761,32986.90001678467,0,2.799999237060547,9.900016784667969,33005.0,False,4,3,False,fast,0,0,False,False,88,False,True,,,,,,,,,,,
4712,32984.0,32986.90001678467,33020.40001678467,0,33.5,36.40001678466797,33012.0,True,3,2,False,accurate,1,1,False,False,87,False,False,,,,,,,,,,,
4717,33019.0,33020.40001678467,33023.20001602173,0,2.799999237060547,4.200016021728516,33047.0,False,2,1,False,fast,0,0,False,False,82,False,True,,,,,,,,,,,
4718,33026.0,33026.0,33029.79999923706,0,3.799999237060547,3.799999237060547,33054.0,False,1,0,False,fast,0,0,False,False,81,False,True,,,,,,,,,,,
4721,33047.0,33047.0,33067.20000457764,0,20.20000457763672,20.20000457763672,33075.0,False,1,0,False,accurate,0,0,False,False,78,False,True,,,,,,,,,,,
4722,33054.0,33067.20000457764,33070.0000038147,0,2.799999237060547,16.000003814697266,33082.0,False,2,1,False,fast,0,0,False,False,77,False,True,,,,,,,,,,,
4730,33110.0,33110.0,33112.70000076294,0,2.700000762939453,2.700000762939453,33138.0,False,1,0,False,fast,0,0,False,False,69,False,True,,,,,,,,,,,
4732,33124.0,33124.0,33126.70000076294,0,2.700000762939453,2.700000762939453,33152.0,False,1,0,False,fast,0,0,False,False,67,False,True,,,,,,,,,,,
4737,33159.0,33159.0,33161.69999694824,0,2.6999969482421875,2.6999969482421875,33187.0,False,1,0,False,fast,0,0,False,False,62,False,True,,,,,,,,,,,
4742,33194.0,33194.0,33196.69999694824,0,2.6999969482421875,2.6999969482421875,33222.0,False,1,0,False,fast,0,0,False,False,57,False,True,,,,,,,,,,,
4743,33201.0,33201.0,33203.69999694824,0,2.6999969482421875,2.6999969482421875,33229.0,False,1,0,False,fast,0,0,False,False,56,False,True,,,,,,,,,,,
4745,33215.0,33215.0,33217.79999923706,0,2.799999237060547,2.799999237060547,33243.0,False,1,0,False,fast,0,0,False,False,54,False,True,,,,,,,,,,,
4749,33243.0,33243.0,33245.79999923706,0,2.799999237060547,2.799999237060547,33271.0,False,1,0,False,fast,0,0,False,False,50,False,True,,,,,,,,,,,
4751,33257.0,33257.0,33259.90000152588,0,2.9000015258789062,2.9000015258789062,33285.0,False,1,0,False,fast,0,0,False,False,48,False,True,,,,,,,,,,,
4752,33264.0,33264.0,33266.70000076294,0,2.700000762939453,2.700000762939453,33292.0,False,1,0,False,fast,0,0,False,False,47,False,True,,,,,,,,,,,
4755,33285.0,33285.0,33287.70000076294,0,2.700000762939453,2.700000762939453,33313.0,False,1,0,False,fast,0,0,False,False,44,False,True,,,,,,,,,,,
4756,33292.0,33292.0,33294.70000076294,0,2.700000762939453,2.700000762939453,33320.0,False,1,0,False,fast,0,0,False,False,43,False,True,,,,,,,,,,,
4762,33334.0,33334.0,33347.19999694824,0,13.199996948242188,13.199996948242188,33362.0,False,1,0,False,accurate,1,1,False,False,37,False,True,,,,,,,,,,,
4763,33341.0,33347.19999694824,33369.4999961853,0,22.299999237060547,28.499996185302734,33369.0,True,2,1,False,accurate,1,1,False,False,36,False,False,,,,,,,,,,,
4765,33355.0,33369.4999961853,33372.29999542236,0,2.799999237060547,17.29999542236328,33383.0,False,2,1,False,fast,0,0,False,False,34,False,True,,,,,,,,,,,
4768,33376.0,33376.0,33378.70000457764,0,2.7000045776367188,2.7000045776367188,33404.0,False,1,0,False,fast,0,0,False,False,31,False,True,,,,,,,,,,,
4771,33397.0,33397.0,33399.79999923706,0,2.799999237060547,2.799999237060547,33425.0,False,1,0,False,fast,0,0,False,False,28,False,True,,,,,,,,,,,
4772,33404.0,33404.0,33406.70000076294,0,2.700000762939453,2.700000762939453,33432.0,False,1,0,False,fast,0,0,False,False,27,False,True,,,,,,,,,,,
4774,33418.0,33418.0,33437.80000305176,0,19.800003051757812,19.800003051757812,33446.0,False,1,0,False,accurate,0,0,False,False,25,False,True,,,,,,,,,,,
4775,33425.0,33437.80000305176,33440.5,0,2.6999969482421875,15.5,33453.0,False,2,1,False,fast,0,0,False,False,24,False,True,,,,,,,,,,,
4777,33439.0,33440.5,33443.20000076294,0,2.700000762939453,4.200000762939453,33467.0,False,2,1,False,fast,0,0,False,False,22,False,True,,,,,,,,,,,
4778,33446.0,33446.0,33460.09999847412,0,14.099998474121094,14.099998474121094,33474.0,False,1,0,False,accurate,1,1,False,False,21,False,True,,,,,,,,,,,
4779,33453.0,33460.09999847412,33462.90000152588,0,2.8000030517578125,9.900001525878906,33481.0,False,2,1,False,fast,0,0,False,False,20,False,True,,,,,,,,,,,
4781,33467.0,33467.0,33469.70000076294,0,2.700000762939453,2.700000762939453,33495.0,False,1,0,False,fast,0,0,False,False,18,False,True,,,,,,,,,,,
4782,33474.0,33474.0,33497.40000152588,0,23.400001525878906,23.400001525878906,33502.0,False,1,0,False,accurate,0,0,False,False,17,False,True,,,,,,,,,,,
4784,33488.0,33497.40000152588,33519.90000152588,0,22.5,31.900001525878906,33516.0,True,2,1,False,accurate,1,1,False,False,15,False,False,,,,,,,,,,,
4786,33502.0,33519.90000152588,33522.70000076294,0,2.799999237060547,20.700000762939453,33530.0,False,2,1,False,fast,0,0,False,False,13,False,True,,,,,,,,,,,
4787,33509.0,33522.70000076294,33525.5000038147,0,2.8000030517578125,16.500003814697266,33537.0,False,3,2,False,fast,0,0,False,False,12,False,True,,,,,,,,,,,
4788,33516.0,33525.5000038147,33528.200008392334,0,2.7000045776367188,12.200008392333984,33544.0,False,4,3,False,fast,0,0,False,False,11,False,True,,,,,,,,,,,
4789,33523.0,33528.200008392334,33531.100006103516,0,2.8999977111816406,8.100006103515625,33551.0,False,3,2,False,fast,0,0,False,False,10,False,True,,,,,,,,,,,
4792,33544.0,33544.0,33559.0,0,15.0,15.0,33572.0,False,1,0,False,accurate,1,1,False,False,7,False,True,,,,,,,,,,,
4795,33565.0,33565.0,33568.0,0,3.0,3.0,33593.0,False,1,0,False,fast,0,0,False,False,4,False,True,,,,,,,,,,,
4796,33572.0,33572.0,33589.30000305176,0,17.300003051757812,17.300003051757812,33600.0,False,1,0,False,accurate,1,1,False,False,3,False,True,,,,,,,,,,,
4799,33593.0,33593.0,33595.60000228882,0,2.6000022888183594,2.6000022888183594,33621.0,False,1,0,False,fast,0,0,False,True,0,True,True,,,,,,,,,,,
4801,33607.0,33607.0,33631.39416391413,0,24.394163914124192,24.394163914126693,33635.0,False,1,0,False,accurate,0,0,False,False,98,False,True,,,,,,,,,,,
4802,33614.0,33631.39416391413,33652.243332009915,0,20.849168095787377,38.24333200991532,33642.0,True,2,1,False,accurate,0,0,False,False,97,False,False,,,,,,,,,,,
4803,33621.0,33652.243332009915,33679.01083570063,0,26.7675036907196,58.010835700632015,33649.0,True,3,2,False,accurate,0,0,False,False,96,False,False,,,,,,,,,,,
4805,33635.0,33679.01083570063,33682.13833217641,0,3.1274964757760246,47.13833217640786,33663.0,True,3,2,False,fast,0,0,False,False,94,False,False,,,,,,,,,,,
4807,33649.0,33682.13833217641,33703.82791530808,0,21.68958313167095,54.827915308080264,33677.0,True,4,3,False,accurate,0,0,False,False,92,False,False,,,,,,,,,,,
4813,33691.0,33703.82791530808,33732.489999800026,0,28.662084491948292,41.489999800025544,33719.0,True,2,1,False,accurate,1,1,False,False,86,False,False,,,,,,,,,,,
4814,33698.0,33732.489999800026,33735.41500062118,0,2.9250008211533216,37.41500062117848,33726.0,True,3,2,False,fast,0,0,False,False,85,False,False,,,,,,,,,,,
4818,33726.0,33735.41500062118,33738.46000222335,0,3.0450016021728517,12.460002223349875,33754.0,False,3,2,False,fast,0,0,False,False,81,False,True,,,,,,,,,,,
4820,33740.0,33740.0,33761.886665030914,0,21.88666503091653,21.88666503091372,33768.0,False,1,0,False,accurate,0,0,False,False,79,False,True,,,,,,,,,,,
4821,33747.0,33761.886665030914,33764.756664248904,0,2.8699992179870604,17.75666424890369,33775.0,False,2,1,False,fast,0,0,False,False,78,False,True,,,,,,,,,,,
4823,33761.0,33764.756664248904,33775.76874837673,0,11.012084127825995,14.76874837672949,33789.0,False,3,2,False,accurate,1,1,False,False,76,False,True,,,,,,,,,,,
4825,33775.0,33775.76874837673,33778.56874761379,0,2.799999237060547,3.5687476137900376,33803.0,False,2,1,False,fast,0,0,False,False,74,False,True,,,,,,,,,,,
4827,33789.0,33789.0,33791.70000076294,0,2.700000762939453,2.700000762939453,33817.0,False,1,0,False,fast,0,0,False,False,72,False,True,,,,,,,,,,,
4828,33796.0,33796.0,33798.69999694824,0,2.6999969482421875,2.6999969482421875,33824.0,False,1,0,False,fast,0,0,False,False,71,False,True,,,,,,,,,,,
4834,33838.0,33838.0,33858.60000228882,0,20.60000228881836,20.60000228881836,33866.0,False,1,0,False,accurate,0,0,False,False,65,False,True,,,,,,,,,,,
4835,33845.0,33858.60000228882,33861.40000152588,0,2.799999237060547,16.400001525878906,33873.0,False,2,1,False,fast,0,0,False,False,64,False,True,,,,,,,,,,,
4836,33852.0,33861.40000152588,33864.09999847412,0,2.6999969482421875,12.099998474121094,33880.0,False,3,2,False,fast,0,0,False,False,63,False,True,,,,,,,,,,,
4837,33859.0,33864.09999847412,33866.79999542236,0,2.6999969482421875,7.799995422363281,33887.0,False,3,2,False,fast,0,0,False,False,62,False,True,,,,,,,,,,,
4838,33866.0,33866.79999542236,33881.09999847412,0,14.300003051757812,15.099998474121094,33894.0,False,2,1,False,accurate,1,1,False,False,61,False,True,,,,,,,,,,,
4844,33908.0,33908.0,33910.79999923706,0,2.799999237060547,2.799999237060547,33936.0,False,1,0,False,fast,0,0,False,False,55,False,True,,,,,,,,,,,
4845,33915.0,33915.0,33917.80000305176,0,2.8000030517578125,2.8000030517578125,33943.0,False,1,0,False,fast,0,0,False,False,54,False,True,,,,,,,,,,,
4846,33922.0,33922.0,33925.70000076294,0,3.700000762939453,3.700000762939453,33950.0,False,1,0,False,fast,0,0,False,False,53,False,True,,,,,,,,,,,
4848,33936.0,33936.0,33938.79999923706,0,2.799999237060547,2.799999237060547,33964.0,False,1,0,False,fast,0,0,False,False,51,False,True,,,,,,,,,,,
4849,33943.0,33943.0,33964.0,0,21.0,21.0,33971.0,False,1,0,False,accurate,1,1,False,False,50,False,True,,,,,,,,,,,
4855,33985.0,33985.0,33987.79999923706,0,2.799999237060547,2.799999237060547,34013.0,False,1,0,False,fast,0,0,False,False,44,False,True,,,,,,,,,,,
4856,33992.0,33992.0,33994.70000076294,0,2.700000762939453,2.700000762939453,34020.0,False,1,0,False,fast,0,0,False,False,43,False,True,,,,,,,,,,,
4857,33999.0,33999.0,34001.69999694824,0,2.6999969482421875,2.6999969482421875,34027.0,False,1,0,False,fast,0,0,False,False,42,False,True,,,,,,,,,,,
4860,34020.0,34020.0,34022.70000457764,0,2.7000045776367188,2.7000045776367188,34048.0,False,1,0,False,fast,0,0,False,False,39,False,True,,,,,,,,,,,
4862,34034.0,34034.0,34036.70000457764,0,2.7000045776367188,2.7000045776367188,34062.0,False,1,0,False,fast,0,0,False,False,37,False,True,,,,,,,,,,,
4864,34048.0,34048.0,34061.09999847412,0,13.099998474121094,13.099998474121094,34076.0,False,1,0,False,accurate,1,1,False,False,35,False,True,,,,,,,,,,,
4866,34062.0,34062.0,34064.69999694824,0,2.6999969482421875,2.6999969482421875,34090.0,False,1,0,False,fast,0,0,False,False,33,False,True,,,,,,,,,,,
4867,34069.0,34069.0,34084.09999847412,0,15.099998474121094,15.099998474121094,34097.0,False,1,0,False,accurate,1,1,False,False,32,False,True,,,,,,,,,,,
4868,34076.0,34084.09999847412,34086.89999771118,0,2.799999237060547,10.89999771118164,34104.0,False,2,1,False,fast,0,0,False,False,31,False,True,,,,,,,,,,,
4870,34090.0,34090.0,34092.70000076294,0,2.700000762939453,2.700000762939453,34118.0,False,1,0,False,fast,0,0,False,False,29,False,True,,,,,,,,,,,
4874,34118.0,34118.0,34120.70000076294,0,2.700000762939453,2.700000762939453,34146.0,False,1,0,False,fast,0,0,False,False,25,False,True,,,,,,,,,,,
4879,34153.0,34153.0,34165.20000076294,0,12.200000762939453,12.200000762939453,34181.0,False,1,0,False,accurate,1,1,False,False,20,False,True,,,,,,,,,,,
4882,34174.0,34174.0,34176.70000076294,0,2.700000762939453,2.700000762939453,34202.0,False,1,0,False,fast,0,0,False,False,17,False,True,,,,,,,,,,,
4884,34188.0,34188.0,34192.79999923706,0,4.799999237060547,4.799999237060547,34216.0,False,1,0,False,fast,0,0,False,False,15,False,True,,,,,,,,,,,
4885,34195.0,34195.0,34232.29999923706,0,37.29999923706055,37.29999923706055,34223.0,True,1,0,False,accurate,0,0,False,False,14,False,False,,,,,,,,,,,
4898,34286.0,34286.0,34300.29999923706,0,14.299999237060547,14.299999237060547,34314.0,False,1,0,False,accurate,1,1,False,False,1,True,True,,,,,,,,,,,
4899,34293.0,34300.29999923706,34303.09999847412,0,2.799999237060547,10.099998474121094,34321.0,False,2,1,False,fast,0,0,False,True,0,True,True,,,,,,,,,,,
4903,34321.0,34321.0,34323.79999923706,0,2.799999237060547,2.799999237060547,34349.0,False,1,0,False,fast,0,0,False,False,96,False,True,,,,,,,,,,,
4904,34328.0,34328.0,34330.69999694824,0,2.6999969482421875,2.6999969482421875,34356.0,False,1,0,False,fast,0,0,False,False,95,False,True,,,,,,,,,,,
4907,34349.0,34349.0,34381.60000228882,0,32.60000228881836,32.60000228881836,34377.0,True,1,0,False,accurate,1,1,False,False,92,False,False,,,,,,,,,,,
4908,34356.0,34381.60000228882,34404.300006866455,0,22.70000457763672,48.30000686645508,34384.0,True,2,1,False,accurate,1,1,False,False,91,False,False,,,,,,,,,,,
4909,34363.0,34404.300006866455,34425.10000228882,0,20.79999542236328,62.10000228881836,34391.0,True,3,2,False,accurate,0,0,False,False,90,False,False,,,,,,,,,,,
4912,34384.0,34425.10000228882,34427.80000305176,0,2.700000762939453,43.80000305175781,34412.0,True,3,2,False,fast,0,0,False,False,87,False,False,,,,,,,,,,,
4914,34398.0,34427.80000305176,34446.40000152588,0,18.599998474121094,48.400001525878906,34426.0,True,4,3,False,accurate,1,1,False,False,85,False,False,,,,,,,,,,,
4920,34440.0,34446.40000152588,34468.10000228882,0,21.700000762939453,28.10000228881836,34468.0,True,2,1,False,accurate,0,0,False,False,79,False,False,,,,,,,,,,,
4925,34475.0,34475.0,34489.70000457764,0,14.700004577636719,14.700004577636719,34503.0,False,1,0,False,accurate,1,1,False,False,74,False,True,,,,,,,,,,,
4927,34489.0,34489.70000457764,34492.400005340576,0,2.700000762939453,3.400005340576172,34517.0,False,2,1,False,fast,0,0,False,False,72,False,True,,,,,,,,,,,
4931,34517.0,34517.0,34548.90000152588,0,31.900001525878906,31.900001525878906,34545.0,True,1,0,False,accurate,0,0,False,False,68,False,False,,,,,,,,,,,
4932,34524.0,34548.90000152588,34551.59999847412,0,2.6999969482421875,27.599998474121094,34552.0,False,2,1,False,fast,0,0,False,False,67,False,True,,,,,,,,,,,
4933,34531.0,34551.59999847412,34554.39999771118,0,2.799999237060547,23.39999771118164,34559.0,False,3,2,False,fast,0,0,False,False,66,False,True,,,,,,,,,,,
4936,34552.0,34554.39999771118,34557.19999694824,0,2.799999237060547,5.1999969482421875,34580.0,False,2,1,False,fast,0,0,False,False,63,False,True,,,,,,,,,,,
4938,34566.0,34566.0,34580.39999771118,0,14.39999771118164,14.39999771118164,34594.0,False,1,0,False,accurate,1,1,False,False,61,False,True,,,,,,,,,,,
4939,34573.0,34580.39999771118,34583.099994659424,0,2.6999969482421875,10.099994659423828,34601.0,False,2,1,False,fast,0,0,False,False,60,False,True,,,,,,,,,,,
4946,34622.0,34622.0,34633.09999847412,0,11.099998474121094,11.099998474121094,34650.0,False,1,0,False,accurate,1,1,False,False,53,False,True,,,,,,,,,,,
4947,34629.0,34633.09999847412,34635.79999923706,0,2.700000762939453,6.799999237060547,34657.0,False,2,1,False,fast,0,0,False,False,52,False,True,,,,,,,,,,,
4949,34643.0,34643.0,34645.70000076294,0,2.700000762939453,2.700000762939453,34671.0,False,1,0,False,fast,0,0,False,False,50,False,True,,,,,,,,,,,
4952,34664.0,34664.0,34666.79999923706,0,2.799999237060547,2.799999237060547,34692.0,False,1,0,False,fast,0,0,False,False,47,False,True,,,,,,,,,,,
4960,34720.0,34720.0,34739.37999610901,0,19.37999610900879,19.3799961090117,34748.0,False,1,0,False,accurate,0,0,False,False,39,False,True,,,,,,,,,,,
4962,34734.0,34739.37999610901,34772.2133297205,0,32.83333361148834,38.21332972050004,34762.0,True,2,1,False,accurate,0,0,False,False,37,False,False,,,,,,,,,,,
4963,34741.0,34772.2133297205,34792.53082726002,0,20.31749753952026,51.530827260023216,34769.0,True,2,1,False,accurate,0,0,False,False,36,False,False,,,,,,,,,,,
4966,34762.0,34792.53082726002,34820.743327260025,0,28.2125,58.74332726002467,34790.0,True,3,2,False,accurate,0,0,False,False,33,False,False,,,,,,,,,,,
4967,34769.0,34820.743327260025,34823.82583247543,0,3.0825052154063997,54.82583247542789,34797.0,True,4,3,False,fast,0,0,False,False,32,False,False,,,,,,,,,,,
4968,34776.0,34823.82583247543,34842.305836007596,0,18.48000353217128,66.30583600759564,34804.0,True,4,3,False,accurate,1,1,False,False,31,False,False,,,,,,,,,,,
4971,34797.0,34842.305836007596,34865.61375501374,0,23.307919006148996,68.61375501374278,34825.0,True,4,3,False,accurate,0,0,False,False,28,False,False,,,,,,,,,,,
4977,34839.0,34865.61375501374,34888.613340970376,0,22.999585956633073,49.61334097037616,34867.0,True,3,2,False,accurate,1,1,False,False,22,False,False,,,,,,,,,,,
4980,34860.0,34888.613340970376,34891.403337819575,0,2.789996849199133,31.403337819574517,34888.0,True,3,2,False,fast,0,0,False,False,19,False,False,,,,,,,,,,,
4982,34874.0,34891.403337819575,34894.04667348116,0,2.6433356615901,20.046673481163452,34902.0,False,3,2,False,fast,0,0,False,False,17,False,True,,,,,,,,,,,
4985,34895.0,34895.0,34897.70000076294,0,2.700000762939453,2.700000762939453,34923.0,False,1,0,False,fast,0,0,False,False,14,False,True,,,,,,,,,,,
4986,34902.0,34902.0,34904.70000076294,0,2.700000762939453,2.700000762939453,34930.0,False,1,0,False,fast,0,0,False,False,13,False,True,,,,,,,,,,,
4988,34916.0,34916.0,34918.69999694824,0,2.6999969482421875,2.6999969482421875,34944.0,False,1,0,False,fast,0,0,False,False,11,False,True,,,,,,,,,,,
4989,34923.0,34923.0,34925.70000076294,0,2.700000762939453,2.700000762939453,34951.0,False,1,0,False,fast,0,0,False,False,10,False,True,,,,,,,,,,,
4990,34930.0,34930.0,34932.69999694824,0,2.6999969482421875,2.6999969482421875,34958.0,False,1,0,False,fast,0,0,False,False,9,False,True,,,,,,,,,,,
4994,34958.0,34958.0,34960.80000305176,0,2.8000030517578125,2.8000030517578125,34986.0,False,1,0,False,fast,0,0,False,False,5,False,True,,,,,,,,,,,
5000,35000.0,35000.0,35017.70000076294,0,17.700000762939453,17.700000762939453,35028.0,False,1,0,False,accurate,1,1,False,False,99,False,True,,,,,,,,,,,
5001,35007.0,35017.70000076294,35020.40000152588,0,2.700000762939453,13.400001525878906,35035.0,False,2,1,False,fast,0,0,False,False,98,False,True,,,,,,,,,,,
5003,35021.0,35021.0,35023.59999847412,0,2.5999984741210938,2.5999984741210938,35049.0,False,1,0,False,fast,0,0,False,False,96,False,True,,,,,,,,,,,
5008,35056.0,35056.0,35058.70000076294,0,2.700000762939453,2.700000762939453,35084.0,False,1,0,False,fast,0,0,False,False,91,False,True,,,,,,,,,,,
5014,35098.0,35098.0,35100.69999694824,0,2.6999969482421875,2.6999969482421875,35126.0,False,1,0,False,fast,0,0,False,False,85,False,True,,,,,,,,,,,
5018,35126.0,35126.0,35128.70000457764,0,2.7000045776367188,2.7000045776367188,35154.0,False,1,0,False,fast,0,0,False,False,81,False,True,,,,,,,,,,,
5019,35133.0,35133.0,35135.70000076294,0,2.700000762939453,2.700000762939453,35161.0,False,1,0,False,fast,0,0,False,False,80,False,True,,,,,,,,,,,
5025,35175.0,35175.0,35177.79999923706,0,2.799999237060547,2.799999237060547,35203.0,False,1,0,False,fast,0,0,False,False,74,False,True,,,,,,,,,,,
5026,35182.0,35182.0,35208.70000076294,0,26.700000762939453,26.700000762939453,35210.0,False,1,0,False,accurate,0,0,False,False,73,False,True,,,,,,,,,,,
5027,35189.0,35208.70000076294,35211.40000152588,0,2.700000762939453,22.400001525878906,35217.0,False,2,1,False,fast,0,0,False,False,72,False,True,,,,,,,,,,,
5030,35210.0,35211.40000152588,35214.20000457764,0,2.8000030517578125,4.200004577636719,35238.0,False,2,1,False,fast,0,0,False,False,69,False,True,,,,,,,,,,,
5035,35245.0,35245.0,35247.89999771118,0,2.8999977111816406,2.8999977111816406,35273.0,False,1,0,False,fast,0,0,False,False,64,False,True,,,,,,,,,,,
5043,35301.0,35301.0,35303.79999923706,0,2.799999237060547,2.799999237060547,35329.0,False,1,0,False,fast,0,0,False,False,56,False,True,,,,,,,,,,,
5044,35308.0,35308.0,35310.79999923706,0,2.799999237060547,2.799999237060547,35336.0,False,1,0,False,fast,0,0,False,False,55,False,True,,,,,,,,,,,
5048,35336.0,35336.0,35355.89999771118,0,19.89999771118164,19.89999771118164,35364.0,False,1,0,False,accurate,0,0,False,False,51,False,True,,,,,,,,,,,
5052,35364.0,35364.0,35366.79999923706,0,2.799999237060547,2.799999237060547,35392.0,False,1,0,False,fast,0,0,False,False,47,False,True,,,,,,,,,,,
5055,35385.0,35385.0,35398.20000076294,0,13.200000762939453,13.200000762939453,35413.0,False,1,0,False,accurate,1,1,False,False,44,False,True,,,,,,,,,,,
5056,35392.0,35398.20000076294,35400.89999771118,0,2.6999969482421875,8.89999771118164,35420.0,False,2,1,False,fast,0,0,False,False,43,False,True,,,,,,,,,,,
5059,35413.0,35413.0,35415.80000305176,0,2.8000030517578125,2.8000030517578125,35441.0,False,1,0,False,fast,0,0,False,False,40,False,True,,,,,,,,,,,
5063,35441.0,35441.0,35443.79999923706,0,2.799999237060547,2.799999237060547,35469.0,False,1,0,False,fast,0,0,False,False,36,False,True,,,,,,,,,,,
5068,35476.0,35476.0,35478.70000076294,0,2.700000762939453,2.700000762939453,35504.0,False,1,0,False,fast,0,0,False,False,31,False,True,,,,,,,,,,,
5070,35490.0,35490.0,35507.19999694824,0,17.199996948242188,17.199996948242188,35518.0,False,1,0,False,accurate,1,1,False,False,29,False,True,,,,,,,,,,,
5071,35497.0,35507.19999694824,35510.09999847412,0,2.9000015258789062,13.099998474121094,35525.0,False,2,1,False,fast,0,0,False,False,28,False,True,,,,,,,,,,,
5073,35511.0,35511.0,35523.79999923706,0,12.799999237060547,12.799999237060547,35539.0,False,1,0,False,accurate,1,1,False,False,26,False,True,,,,,,,,,,,
5077,35539.0,35539.0,35541.79999923706,0,2.799999237060547,2.799999237060547,35567.0,False,1,0,False,fast,0,0,False,False,22,False,True,,,,,,,,,,,
5079,35553.0,35553.0,35555.79999923706,0,2.799999237060547,2.799999237060547,35581.0,False,1,0,False,fast,0,0,False,False,20,False,True,,,,,,,,,,,
5081,35567.0,35567.0,35584.40000152588,0,17.400001525878906,17.400001525878906,35595.0,False,1,0,False,accurate,1,1,False,False,18,False,True,,,,,,,,,,,
5082,35574.0,35584.40000152588,35587.20000076294,0,2.799999237060547,13.200000762939453,35602.0,False,2,1,False,fast,0,0,False,False,17,False,True,,,,,,,,,,,
5086,35602.0,35602.0,35613.60000228882,0,11.60000228881836,11.60000228881836,35630.0,False,1,0,False,accurate,1,1,False,False,13,False,True,,,,,,,,,,,
5088,35616.0,35616.0,35618.70000457764,0,2.7000045776367188,2.7000045776367188,35644.0,False,1,0,False,fast,0,0,False,False,11,False,True,,,,,,,,,,,
5092,35644.0,35644.0,35679.39999771118,0,35.39999771118164,35.39999771118164,35672.0,True,1,0,False,accurate,0,0,False,False,7,False,False,,,,,,,,,,,
5095,35665.0,35679.39999771118,35682.09999847412,0,2.700000762939453,17.099998474121094,35693.0,False,2,1,False,fast,0,0,False,False,4,False,True,,,,,,,,,,,
5096,35672.0,35682.09999847412,35684.89999771118,0,2.799999237060547,12.89999771118164,35700.0,False,3,2,False,fast,0,0,False,False,3,False,True,,,,,,,,,,,
5097,35679.0,35684.89999771118,35710.90000152588,0,26.000003814697266,31.900001525878906,35707.0,True,4,3,False,accurate,0,0,False,False,2,True,False,,,,,,,,,,,
5100,35700.0,35710.90000152588,35725.29999923706,0,14.39999771118164,25.299999237060547,35728.0,False,2,1,False,accurate,1,1,False,False,99,False,True,,,,,,,,,,,
5102,35714.0,35725.29999923706,35728.09999847412,0,2.799999237060547,14.099998474121094,35742.0,False,2,1,False,fast,0,0,False,False,97,False,True,,,,,,,,,,,
5103,35721.0,35728.09999847412,35746.9999961853,0,18.89999771118164,25.999996185302734,35749.0,False,3,2,False,accurate,1,1,False,False,96,False,True,,,,,,,,,,,
5104,35728.0,35746.9999961853,35749.79999542236,0,2.799999237060547,21.79999542236328,35756.0,False,3,2,False,fast,0,0,False,False,95,False,True,,,,,,,,,,,
5109,35763.0,35763.0,35777.0,0,14.0,14.0,35791.0,False,1,0,False,accurate,1,1,False,False,90,False,True,,,,,,,,,,,
5114,35798.0,35798.0,35800.69999694824,0,2.6999969482421875,2.6999969482421875,35826.0,False,1,0,False,fast,0,0,False,False,85,False,True,,,,,,,,,,,
5116,35812.0,35812.0,35814.70000457764,0,2.7000045776367188,2.7000045776367188,35840.0,False,1,0,False,fast,0,0,False,False,83,False,True,,,,,,,,,,,
5123,35861.0,35861.0,35884.22000246048,0,23.220002460479733,23.220002460482647,35889.0,False,1,0,False,accurate,0,0,False,False,76,False,True,,,,,,,,,,,
5125,35875.0,35884.22000246048,35906.289170510376,0,22.0691680498918,31.289170510375698,35903.0,True,2,1,False,accurate,1,1,False,False,74,False,False,,,,,,,,,,,
5127,35889.0,35906.289170510376,35969.562918780844,0,63.2737482704719,80.56291878084448,35917.0,True,2,1,False,accurate,0,0,False,False,72,False,False,,,,,,,,,,,
5131,35917.0,35969.562918780844,35972.66625127971,0,3.1033324988683035,55.666251279712014,35945.0,True,2,1,False,fast,0,0,False,False,68,False,False,,,,,,,,,,,
5136,35952.0,35972.66625127971,35975.65291713814,0,2.986665858427682,23.652917138140765,35980.0,False,3,2,False,fast,0,0,False,False,63,False,True,,,,,,,,,,,
5137,35959.0,35975.65291713814,35995.64208644549,0,19.989169307351094,36.64208644549217,35987.0,True,4,3,False,accurate,0,0,False,False,62,False,False,,,,,,,,,,,
5139,35973.0,35995.64208644549,35998.6629213654,0,3.0208349199096345,25.662921365401417,36001.0,False,3,2,False,fast,0,0,False,False,60,False,True,,,,,,,,,,,
5141,35987.0,35998.6629213654,36001.53292058339,0,2.8699992179870604,14.532920583391387,36015.0,False,3,2,False,fast,0,0,False,False,58,False,True,,,,,,,,,,,
5142,35994.0,36001.53292058339,36016.56125071163,0,15.028330128242565,22.561250711631146,36022.0,False,4,3,False,accurate,1,1,False,False,57,False,True,,,,,,,,,,,
5143,36001.0,36016.56125071163,36019.38458327636,0,2.8233325647314387,18.38458327636181,36029.0,False,3,2,False,fast,0,0,False,False,56,False,True,,,,,,,,,,,
5148,36036.0,36036.0,36038.69999694824,0,2.6999969482421875,2.6999969482421875,36064.0,False,1,0,False,fast,0,0,False,False,51,False,True,,,,,,,,,,,
5151,36057.0,36057.0,36060.39999771118,0,3.3999977111816406,3.3999977111816406,36085.0,False,1,0,False,fast,0,0,False,False,48,False,True,,,,,,,,,,,
5152,36064.0,36064.0,36066.90000152588,0,2.9000015258789062,2.9000015258789062,36092.0,False,1,0,False,fast,0,0,False,False,47,False,True,,,,,,,,,,,
5156,36092.0,36092.0,36097.90000152588,0,5.900001525878906,5.900001525878906,36120.0,False,1,0,False,fast,0,0,False,False,43,False,True,,,,,,,,,,,
5158,36106.0,36106.0,36108.89999771118,0,2.8999977111816406,2.8999977111816406,36134.0,False,1,0,False,fast,0,0,False,False,41,False,True,,,,,,,,,,,
5159,36113.0,36113.0,36115.70000076294,0,2.700000762939453,2.700000762939453,36141.0,False,1,0,False,fast,0,0,False,False,40,False,True,,,,,,,,,,,
5163,36141.0,36141.0,36143.89999771118,0,2.8999977111816406,2.8999977111816406,36169.0,False,1,0,False,fast,0,0,False,False,36,False,True,,,,,,,,,,,
5171,36197.0,36197.0,36199.79999923706,0,2.799999237060547,2.799999237060547,36225.0,False,1,0,False,fast,0,0,False,False,28,False,True,,,,,,,,,,,
5173,36211.0,36211.0,36213.69999694824,0,2.6999969482421875,2.6999969482421875,36239.0,False,1,0,False,fast,0,0,False,False,26,False,True,,,,,,,,,,,
5184,36288.0,36288.0,36290.70000076294,0,2.700000762939453,2.700000762939453,36316.0,False,1,0,False,fast,0,0,False,False,15,False,True,,,,,,,,,,,
5186,36302.0,36302.0,36319.39999771118,0,17.39999771118164,17.39999771118164,36330.0,False,1,0,False,accurate,1,0,True,False,13,False,True,,,,,,,,,,,
5187,36309.0,36319.39999771118,36322.19999694824,0,2.799999237060547,13.199996948242188,36337.0,False,2,1,False,fast,0,0,False,False,12,False,True,,,,,,,,,,,
5188,36316.0,36322.19999694824,36324.899993896484,0,2.6999969482421875,8.899993896484375,36344.0,False,3,2,False,fast,0,0,False,False,11,False,True,,,,,,,,,,,
5193,36351.0,36351.0,36353.69999694824,0,2.6999969482421875,2.6999969482421875,36379.0,False,1,0,False,fast,0,0,False,False,6,False,True,,,,,,,,,,,
5194,36358.0,36358.0,36373.0,0,15.0,15.0,36386.0,False,1,0,False,accurate,1,1,False,False,5,False,True,,,,,,,,,,,
5196,36372.0,36373.0,36375.70000076294,0,2.700000762939453,3.700000762939453,36400.0,False,2,1,False,fast,0,0,False,False,3,False,True,,,,,,,,,,,
5197,36379.0,36379.0,36381.70000457764,0,2.7000045776367188,2.7000045776367188,36407.0,False,1,0,False,fast,0,0,False,False,2,True,True,,,,,,,,,,,
5205,36435.0,36435.0,36437.80000305176,0,2.8000030517578125,2.8000030517578125,36463.0,False,1,0,False,fast,0,0,False,False,94,False,True,,,,,,,,,,,
5206,36442.0,36442.0,36444.79999923706,0,2.799999237060547,2.799999237060547,36470.0,False,1,0,False,fast,0,0,False,False,93,False,True,,,,,,,,,,,
5207,36449.0,36449.0,36451.79999923706,0,2.799999237060547,2.799999237060547,36477.0,False,1,0,False,fast,0,0,False,False,92,False,True,,,,,,,,,,,
5208,36456.0,36456.0,36458.70000076294,0,2.700000762939453,2.700000762939453,36484.0,False,1,0,False,fast,0,0,False,False,91,False,True,,,,,,,,,,,
5211,36477.0,36477.0,36492.79999923706,0,15.799999237060547,15.799999237060547,36505.0,False,1,0,False,accurate,1,1,False,False,88,False,True,,,,,,,,,,,
5214,36498.0,36498.0,36500.70000076294,0,2.700000762939453,2.700000762939453,36526.0,False,1,0,False,fast,0,0,False,False,85,False,True,,,,,,,,,,,
5218,36526.0,36526.0,36528.79999923706,0,2.799999237060547,2.799999237060547,36554.0,False,1,0,False,fast,0,0,False,False,81,False,True,,,,,,,,,,,
5219,36533.0,36533.0,36535.79999923706,0,2.799999237060547,2.799999237060547,36561.0,False,1,0,False,fast,0,0,False,False,80,False,True,,,,,,,,,,,
5221,36547.0,36547.0,36558.40000152588,0,11.400001525878906,11.400001525878906,36575.0,False,1,0,False,accurate,1,1,False,False,78,False,True,,,,,,,,,,,
5223,36561.0,36561.0,36563.70000076294,0,2.700000762939453,2.700000762939453,36589.0,False,1,0,False,fast,0,0,False,False,76,False,True,,,,,,,,,,,
5224,36568.0,36568.0,36570.79999923706,0,2.799999237060547,2.799999237060547,36596.0,False,1,0,False,fast,0,0,False,False,75,False,True,,,,,,,,,,,
5225,36575.0,36575.0,36589.29999923706,0,14.299999237060547,14.299999237060547,36603.0,False,1,0,False,accurate,1,1,False,False,74,False,True,,,,,,,,,,,
5226,36582.0,36589.29999923706,36592.39999771118,0,3.0999984741210938,10.39999771118164,36610.0,False,2,1,False,fast,0,0,False,False,73,False,True,,,,,,,,,,,
5228,36596.0,36596.0,36600.10000228882,0,4.100002288818359,4.100002288818359,36624.0,False,1,0,False,fast,0,0,False,False,71,False,True,,,,,,,,,,,
5230,36610.0,36610.0,36612.79999923706,0,2.799999237060547,2.799999237060547,36638.0,False,1,0,False,fast,0,0,False,False,69,False,True,,,,,,,,,,,
5234,36638.0,36638.0,36640.70000076294,0,2.700000762939453,2.700000762939453,36666.0,False,1,0,False,fast,0,0,False,False,65,False,True,,,,,,,,,,,
5236,36652.0,36652.0,36667.40000152588,0,15.400001525878906,15.400001525878906,36680.0,False,1,0,False,accurate,1,1,False,False,63,False,True,,,,,,,,,,,
5237,36659.0,36667.40000152588,36670.20000076294,0,2.799999237060547,11.200000762939453,36687.0,False,2,1,False,fast,0,0,False,False,62,False,True,,,,,,,,,,,
5239,36673.0,36673.0,36675.79999923706,0,2.799999237060547,2.799999237060547,36701.0,False,1,0,False,fast,0,0,False,False,60,False,True,,,,,,,,,,,
5241,36687.0,36687.0,36689.79999923706,0,2.799999237060547,2.799999237060547,36715.0,False,1,0,False,fast,0,0,False,False,58,False,True,,,,,,,,,,,
5244,36708.0,36708.0,36710.79999923706,0,2.799999237060547,2.799999237060547,36736.0,False,1,0,False,fast,0,0,False,False,55,False,True,,,,,,,,,,,
5245,36715.0,36715.0,36717.79999923706,0,2.799999237060547,2.799999237060547,36743.0,False,1,0,False,fast,0,0,False,False,54,False,True,,,,,,,,,,,
5250,36750.0,36750.0,36752.79999923706,0,2.799999237060547,2.799999237060547,36778.0,False,1,0,False,fast,0,0,False,False,49,False,True,,,,,,,,,,,
5257,36799.0,36799.0,36801.79999923706,0,2.799999237060547,2.799999237060547,36827.0,False,1,0,False,fast,0,0,False,False,42,False,True,,,,,,,,,,,
5263,36841.0,36841.0,36843.79999923706,0,2.799999237060547,2.799999237060547,36869.0,False,1,0,False,fast,0,0,False,False,36,False,True,,,,,,,,,,,
5266,36862.0,36862.0,36882.29999923706,0,20.299999237060547,20.299999237060547,36890.0,False,1,0,False,accurate,0,0,False,False,33,False,True,,,,,,,,,,,
5268,36876.0,36882.29999923706,36885.09999847412,0,2.799999237060547,9.099998474121094,36904.0,False,2,1,False,fast,0,0,False,False,31,False,True,,,,,,,,,,,
5269,36883.0,36885.09999847412,36887.79999923706,0,2.700000762939453,4.799999237060547,36911.0,False,2,1,False,fast,0,0,False,False,30,False,True,,,,,,,,,,,
5270,36890.0,36890.0,36892.70000076294,0,2.700000762939453,2.700000762939453,36918.0,False,1,0,False,fast,0,0,False,False,29,False,True,,,,,,,,,,,
5272,36904.0,36904.0,36906.79999923706,0,2.799999237060547,2.799999237060547,36932.0,False,1,0,False,fast,0,0,False,False,27,False,True,,,,,,,,,,,
5273,36911.0,36911.0,36913.70000076294,0,2.700000762939453,2.700000762939453,36939.0,False,1,0,False,fast,0,0,False,False,26,False,True,,,,,,,,,,,
5278,36946.0,36946.0,36960.0,0,14.0,14.0,36974.0,False,1,0,False,accurate,1,1,False,False,21,False,True,,,,,,,,,,,
5281,36967.0,36967.0,36995.06999849161,0,28.069998491605133,28.069998491606384,36995.0,True,1,0,False,accurate,0,0,False,False,18,False,False,,,,,,,,,,,
5284,36988.0,36995.06999849161,36998.33666425705,0,3.2666657654444404,10.336664257047232,37016.0,False,2,1,False,fast,0,0,False,False,15,False,True,,,,,,,,,,,
5287,37009.0,37009.0,37028.29625210305,0,19.296252103050527,19.296252103049483,37037.0,False,1,0,False,accurate,0,0,False,False,12,False,True,,,,,,,,,,,
5289,37023.0,37028.29625210305,37047.70250210305,0,19.40625,24.702502103049483,37051.0,False,2,1,False,accurate,1,1,False,False,10,False,True,,,,,,,,,,,
5291,37037.0,37047.70250210305,37051.80334052463,0,4.100838421583194,14.803340524631494,37065.0,False,2,1,False,fast,0,0,False,False,8,False,True,,,,,,,,,,,
5294,37058.0,37058.0,37078.27916261564,0,20.279162615637006,20.279162615639507,37086.0,False,1,0,False,accurate,0,0,False,False,5,False,True,,,,,,,,,,,
5295,37065.0,37078.27916261564,37081.28916179548,0,3.009999179840088,16.28916179548105,37093.0,False,2,1,False,fast,0,0,False,False,4,False,True,,,,,,,,,,,
5296,37072.0,37081.28916179548,37084.062493506375,0,2.7733317108948996,12.062493506375176,37100.0,False,3,2,False,fast,0,0,False,False,3,False,True,,,,,,,,,,,
5299,37093.0,37093.0,37095.812496818406,0,2.812496818403406,2.8124968184056343,37121.0,False,1,0,False,fast,0,0,False,True,0,True,True,,,,,,,,,,,
5300,37100.0,37100.0,37102.79000079105,0,2.7900007910529783,2.790000791050261,37128.0,False,1,0,False,fast,0,0,False,False,99,False,True,,,,,,,,,,,
5301,37107.0,37107.0,37109.86999921799,0,2.8699992179870604,2.869999217989971,37135.0,False,1,0,False,fast,0,0,False,False,98,False,True,,,,,,,,,,,
5302,37114.0,37114.0,37116.745000776995,0,2.7450007769962155,2.745000776994857,37142.0,False,1,0,False,fast,0,0,False,False,97,False,True,,,,,,,,,,,
5303,37121.0,37121.0,37123.72249692348,0,2.722496923481424,2.7224969234812306,37149.0,False,1,0,False,fast,0,0,False,False,96,False,True,,,,,,,,,,,
5305,37135.0,37135.0,37137.70000076294,0,2.700000762939453,2.700000762939453,37163.0,False,1,0,False,fast,0,0,False,False,94,False,True,,,,,,,,,,,
5306,37142.0,37142.0,37144.70000076294,0,2.700000762939453,2.700000762939453,37170.0,False,1,0,False,fast,0,0,False,False,93,False,True,,,,,,,,,,,
5307,37149.0,37149.0,37151.59999847412,0,2.5999984741210938,2.5999984741210938,37177.0,False,1,0,False,fast,0,0,False,False,92,False,True,,,,,,,,,,,
5312,37184.0,37184.0,37186.60000228882,0,2.6000022888183594,2.6000022888183594,37212.0,False,1,0,False,fast,0,0,False,False,87,False,True,,,,,,,,,,,
5313,37191.0,37191.0,37193.80000305176,0,2.8000030517578125,2.8000030517578125,37219.0,False,1,0,False,fast,0,0,False,False,86,False,True,,,,,,,,,,,
5318,37226.0,37226.0,37239.29999923706,0,13.299999237060547,13.299999237060547,37254.0,False,1,0,False,accurate,1,1,False,False,81,False,True,,,,,,,,,,,
5320,37240.0,37240.0,37242.69999694824,0,2.6999969482421875,2.6999969482421875,37268.0,False,1,0,False,fast,0,0,False,False,79,False,True,,,,,,,,,,,
5321,37247.0,37247.0,37258.30000305176,0,11.300003051757812,11.300003051757812,37275.0,False,1,0,False,accurate,1,1,False,False,78,False,True,,,,,,,,,,,
5322,37254.0,37258.30000305176,37261.0000038147,0,2.700000762939453,7.000003814697266,37282.0,False,2,1,False,fast,0,0,False,False,77,False,True,,,,,,,,,,,
5327,37289.0,37289.0,37309.59999847412,0,20.599998474121094,20.599998474121094,37317.0,False,1,0,False,accurate,0,0,False,False,72,False,True,,,,,,,,,,,
5328,37296.0,37309.59999847412,37312.29999923706,0,2.700000762939453,16.299999237060547,37324.0,False,2,1,False,fast,0,0,False,False,71,False,True,,,,,,,,,,,
5333,37331.0,37331.0,37333.69999694824,0,2.6999969482421875,2.6999969482421875,37359.0,False,1,0,False,fast,0,0,False,False,66,False,True,,,,,,,,,,,
5334,37338.0,37338.0,37340.59999847412,0,2.5999984741210938,2.5999984741210938,37366.0,False,1,0,False,fast,0,0,False,False,65,False,True,,,,,,,,,,,
5335,37345.0,37345.0,37347.80000305176,0,2.8000030517578125,2.8000030517578125,37373.0,False,1,0,False,fast,0,0,False,False,64,False,True,,,,,,,,,,,
5337,37359.0,37359.0,37361.69999694824,0,2.6999969482421875,2.6999969482421875,37387.0,False,1,0,False,fast,0,0,False,False,62,False,True,,,,,,,,,,,
5348,37436.0,37436.0,37438.79999923706,0,2.799999237060547,2.799999237060547,37464.0,False,1,0,False,fast,0,0,False,False,51,False,True,,,,,,,,,,,
5352,37464.0,37464.0,37477.5,0,13.5,13.5,37492.0,False,1,0,False,accurate,1,1,False,False,47,False,True,,,,,,,,,,,
5353,37471.0,37477.5,37480.20000076294,0,2.700000762939453,9.200000762939453,37499.0,False,2,1,False,fast,0,0,False,False,46,False,True,,,,,,,,,,,
5354,37478.0,37480.20000076294,37495.69999694824,0,15.499996185302734,17.699996948242188,37506.0,False,2,1,False,accurate,1,1,False,False,45,False,True,,,,,,,,,,,
5355,37485.0,37495.69999694824,37517.60000228882,0,21.900005340576172,32.60000228881836,37513.0,True,2,1,False,accurate,0,0,False,False,44,False,False,,,,,,,,,,,
5357,37499.0,37517.60000228882,37520.29999923706,0,2.6999969482421875,21.299999237060547,37527.0,False,2,1,False,fast,0,0,False,False,42,False,True,,,,,,,,,,,
5358,37506.0,37520.29999923706,37534.89999771118,0,14.599998474121094,28.89999771118164,37534.0,True,3,2,False,accurate,1,1,False,False,41,False,False,,,,,,,,,,,
5360,37520.0,37534.89999771118,37573.90000152588,0,39.000003814697266,53.900001525878906,37548.0,True,3,2,False,accurate,1,1,False,False,39,False,False,,,,,,,,,,,
5363,37541.0,37573.90000152588,37588.89999771118,0,14.999996185302734,47.89999771118164,37569.0,True,2,1,False,accurate,1,1,False,False,36,False,False,,,,,,,,,,,
5364,37548.0,37588.89999771118,37591.69999694824,0,2.799999237060547,43.69999694824219,37576.0,True,3,2,False,fast,0,0,False,False,35,False,False,,,,,,,,,,,
5367,37569.0,37591.69999694824,37594.399993896484,0,2.6999969482421875,25.399993896484375,37597.0,False,4,3,False,fast,0,0,False,False,32,False,True,,,,,,,,,,,
5368,37576.0,37594.399993896484,37613.39999771118,0,19.000003814697266,37.39999771118164,37604.0,True,4,3,False,accurate,0,0,False,False,31,False,False,,,,,,,,,,,
5371,37597.0,37613.39999771118,37616.099994659424,0,2.6999969482421875,19.099994659423828,37625.0,False,2,1,False,fast,0,0,False,False,28,False,True,,,,,,,,,,,
5373,37611.0,37616.099994659424,37618.79999542236,0,2.700000762939453,7.799995422363281,37639.0,False,3,2,False,fast,0,0,False,False,26,False,True,,,,,,,,,,,
5374,37618.0,37618.79999542236,37621.4999961853,0,2.700000762939453,3.4999961853027344,37646.0,False,2,1,False,fast,0,0,False,False,25,False,True,,,,,,,,,,,
5375,37625.0,37625.0,37646.70000076294,0,21.700000762939453,21.700000762939453,37653.0,False,1,0,False,accurate,1,1,False,False,24,False,True,,,,,,,,,,,
5378,37646.0,37646.70000076294,37649.40000152588,0,2.700000762939453,3.4000015258789062,37674.0,False,2,1,False,fast,0,0,False,False,21,False,True,,,,,,,,,,,
5379,37653.0,37653.0,37670.20000076294,0,17.200000762939453,17.200000762939453,37681.0,False,1,0,False,accurate,1,1,False,False,20,False,True,,,,,,,,,,,
5380,37660.0,37670.20000076294,37672.90000152588,0,2.700000762939453,12.900001525878906,37688.0,False,2,1,False,fast,0,0,False,False,19,False,True,,,,,,,,,,,
5381,37667.0,37672.90000152588,37675.59999847412,0,2.6999969482421875,8.599998474121094,37695.0,False,3,2,False,fast,0,0,False,False,18,False,True,,,,,,,,,,,
5383,37681.0,37681.0,37698.59999847412,0,17.599998474121094,17.599998474121094,37709.0,False,1,0,False,accurate,1,1,False,False,16,False,True,,,,,,,,,,,
5384,37688.0,37698.59999847412,37701.39999771118,0,2.799999237060547,13.39999771118164,37716.0,False,2,1,False,fast,0,0,False,False,15,False,True,,,,,,,,,,,
5387,37709.0,37709.0,37722.79999923706,0,13.799999237060547,13.799999237060547,37737.0,False,1,0,False,accurate,1,1,False,False,12,False,True,,,,,,,,,,,
5388,37716.0,37722.79999923706,37725.5,0,2.700000762939453,9.5,37744.0,False,2,1,False,fast,0,0,False,False,11,False,True,,,,,,,,,,,
5390,37730.0,37730.0,37743.20000076294,0,13.200000762939453,13.200000762939453,37758.0,False,1,0,False,accurate,1,1,False,False,9,False,True,,,,,,,,,,,
5391,37737.0,37743.20000076294,37757.60000228882,0,14.400001525878906,20.60000228881836,37765.0,False,2,1,False,accurate,1,1,False,False,8,False,True,,,,,,,,,,,
5392,37744.0,37757.60000228882,37760.30000305176,0,2.700000762939453,16.300003051757812,37772.0,False,2,1,False,fast,0,0,False,False,7,False,True,,,,,,,,,,,
5395,37765.0,37765.0,37767.69999694824,0,2.6999969482421875,2.6999969482421875,37793.0,False,1,0,False,fast,0,0,False,False,4,False,True,,,,,,,,,,,
5404,37828.0,37828.0,37830.59999847412,0,2.5999984741210938,2.5999984741210938,37856.0,False,1,0,False,fast,0,0,False,False,95,False,True,,,,,,,,,,,
5410,37870.0,37870.0,37872.79999923706,0,2.799999237060547,2.799999237060547,37898.0,False,1,0,False,fast,0,0,False,False,89,False,True,,,,,,,,,,,
5412,37884.0,37884.0,37886.80000305176,0,2.8000030517578125,2.8000030517578125,37912.0,False,1,0,False,fast,0,0,False,False,87,False,True,,,,,,,,,,,
5413,37891.0,37891.0,37893.79999923706,0,2.799999237060547,2.799999237060547,37919.0,False,1,0,False,fast,0,0,False,False,86,False,True,,,,,,,,,,,
5415,37905.0,37905.0,37907.80000305176,0,2.8000030517578125,2.8000030517578125,37933.0,False,1,0,False,fast,0,0,False,False,84,False,True,,,,,,,,,,,
5416,37912.0,37912.0,37931.0,0,19.0,19.0,37940.0,False,1,0,False,accurate,0,0,False,False,83,False,True,,,,,,,,,,,
5420,37940.0,37940.0,37960.79999923706,0,20.799999237060547,20.799999237060547,37968.0,False,1,0,False,accurate,1,1,False,False,79,False,True,,,,,,,,,,,
5425,37975.0,37975.0,37977.70000457764,0,2.7000045776367188,2.7000045776367188,38003.0,False,1,0,False,fast,0,0,False,False,74,False,True,,,,,,,,,,,
5430,38010.0,38010.0,38014.39999771118,0,4.399997711181641,4.399997711181641,38038.0,False,1,0,False,fast,0,0,False,False,69,False,True,,,,,,,,,,,
5432,38024.0,38024.0,38026.79999923706,0,2.799999237060547,2.799999237060547,38052.0,False,1,0,False,fast,0,0,False,False,67,False,True,,,,,,,,,,,
5438,38066.0,38066.0,38068.70000076294,0,2.700000762939453,2.700000762939453,38094.0,False,1,0,False,fast,0,0,False,False,61,False,True,,,,,,,,,,,
5439,38073.0,38073.0,38075.9999961853,0,2.9999961853027344,2.9999961853027344,38101.0,False,1,0,False,fast,0,0,False,False,60,False,True,,,,,,,,,,,
5440,38080.0,38080.0,38111.280002593994,0,31.28000259399414,31.28000259399414,38108.0,True,1,0,False,accurate,0,0,False,False,59,False,False,,,,,,,,,,,
5442,38094.0,38111.280002593994,38137.382499057654,0,26.102496463656394,43.38249905765406,38122.0,True,2,1,False,accurate,1,1,False,False,57,False,False,,,,,,,,,,,
5443,38101.0,38137.382499057654,38156.40999782742,0,19.02749876976013,55.4099978274171,38129.0,True,3,2,False,accurate,0,0,False,False,56,False,False,,,,,,,,,,,
5445,38115.0,38156.40999782742,38159.65333470683,0,3.2433368794123454,44.65333470683254,38143.0,True,3,2,False,fast,0,0,False,False,54,False,False,,,,,,,,,,,
5446,38122.0,38159.65333470683,38193.50833587031,0,33.85500116348266,71.5083358703123,38150.0,True,4,3,False,accurate,1,1,False,False,53,False,False,,,,,,,,,,,
5450,38150.0,38193.50833587031,38198.0866717432,0,4.578335872888556,48.086671743199986,38178.0,True,4,3,False,fast,0,0,False,False,49,False,False,,,,,,,,,,,
5451,38157.0,38198.0866717432,38216.42958754262,0,18.342915799419075,59.42958754261781,38185.0,True,4,3,False,accurate,1,1,False,False,48,False,False,,,,,,,,,,,
5452,38164.0,38216.42958754262,38242.07958754262,0,25.650000000000002,78.07958754261927,38192.0,True,4,3,False,accurate,1,1,False,False,47,False,False,,,,,,,,,,,
5453,38171.0,38242.07958754262,38264.79792200327,0,22.718334460655853,93.7979220032721,38199.0,True,5,4,False,accurate,0,0,False,False,46,False,False,,,,,,,,,,,
5457,38199.0,38264.79792200327,38285.870838548246,0,21.07291654497385,86.87083854824596,38227.0,True,4,3,False,accurate,1,1,False,False,42,False,False,,,,,,,,,,,
5459,38213.0,38285.870838548246,38288.68333536665,0,2.812496818403406,75.68333536665159,38241.0,True,5,4,False,fast,0,0,False,False,40,False,False,,,,,,,,,,,
5462,38234.0,38288.68333536665,38291.42833614365,0,2.7450007769962155,57.42833614364645,38262.0,True,5,4,False,fast,0,0,False,False,37,False,False,,,,,,,,,,,
5463,38241.0,38291.42833614365,38294.35250434963,0,2.9241682059814535,53.35250434962654,38269.0,True,6,5,True,fast,0,0,False,False,36,False,False,,,,,,,,,,,
5464,38248.0,38294.35250434963,38297.15250358669,0,2.799999237060547,49.15250358668709,38276.0,True,6,5,True,fast,0,0,False,False,35,False,False,,,,,,,,,,,
5465,38255.0,38297.15250358669,38299.752505875505,0,2.6000022888183594,44.75250587550545,38283.0,True,7,6,True,fast,0,0,False,False,34,False,False,,,,,,,,,,,
5466,38262.0,38299.752505875505,38302.45250282375,0,2.6999969482421875,40.452502823747636,38290.0,True,8,7,True,fast,0,0,False,False,33,False,False,,,,,,,,,,,
5467,38269.0,38302.45250282375,38305.15249977199,0,2.6999969482421875,36.152499771989824,38297.0,True,8,7,True,fast,0,0,False,False,32,False,False,,,,,,,,,,,
5469,38283.0,38305.15249977199,38324.25250206081,0,19.10000228881836,41.25250206080818,38311.0,True,9,8,True,accurate,1,1,False,False,30,False,False,,,,,,,,,,,
5471,38297.0,38324.25250206081,38327.45249900905,0,3.1999969482421875,30.45249900905037,38325.0,True,6,5,True,fast,0,0,False,False,28,False,False,,,,,,,,,,,
5476,38332.0,38332.0,38334.79999923706,0,2.799999237060547,2.799999237060547,38360.0,False,1,0,False,fast,0,0,False,False,23,False,True,,,,,,,,,,,
5477,38339.0,38339.0,38352.80000305176,0,13.800003051757812,13.800003051757812,38367.0,False,1,0,False,accurate,1,1,False,False,22,False,True,,,,,,,,,,,
5479,38353.0,38353.0,38355.70000076294,0,2.700000762939453,2.700000762939453,38381.0,False,1,0,False,fast,0,0,False,False,20,False,True,,,,,,,,,,,
5485,38395.0,38395.0,38410.70000076294,0,15.700000762939453,15.700000762939453,38423.0,False,1,0,False,accurate,1,1,False,False,14,False,True,,,,,,,,,,,
5487,38409.0,38410.70000076294,38427.40000152588,0,16.700000762939453,18.400001525878906,38437.0,False,2,1,False,accurate,1,1,False,False,12,False,True,,,,,,,,,,,
5491,38437.0,38437.0,38449.39999771118,0,12.39999771118164,12.39999771118164,38465.0,False,1,0,False,accurate,1,1,False,False,8,False,True,,,,,,,,,,,
5492,38444.0,38449.39999771118,38462.599994659424,0,13.199996948242188,18.599994659423828,38472.0,False,2,1,False,accurate,1,1,False,False,7,False,True,,,,,,,,,,,
5501,38507.0,38507.0,38509.70000076294,0,2.700000762939453,2.700000762939453,38535.0,False,1,0,False,fast,0,0,False,False,98,False,True,,,,,,,,,,,
5503,38521.0,38521.0,38523.70000076294,0,2.700000762939453,2.700000762939453,38549.0,False,1,0,False,fast,0,0,False,False,96,False,True,,,,,,,,,,,
5512,38584.0,38584.0,38586.70000076294,0,2.700000762939453,2.700000762939453,38612.0,False,1,0,False,fast,0,0,False,False,87,False,True,,,,,,,,,,,
5513,38591.0,38591.0,38593.70000076294,0,2.700000762939453,2.700000762939453,38619.0,False,1,0,False,fast,0,0,False,False,86,False,True,,,,,,,,,,,
5515,38605.0,38605.0,38607.70000076294,0,2.700000762939453,2.700000762939453,38633.0,False,1,0,False,fast,0,0,False,False,84,False,True,,,,,,,,,,,
5516,38612.0,38612.0,38631.19999694824,0,19.199996948242188,19.199996948242188,38640.0,False,1,0,False,accurate,0,0,False,False,83,False,True,,,,,,,,,,,
5518,38626.0,38631.19999694824,38645.4999961853,0,14.299999237060547,19.499996185302734,38654.0,False,2,1,False,accurate,1,1,False,False,81,False,True,,,,,,,,,,,
5519,38633.0,38645.4999961853,38648.199993133545,0,2.6999969482421875,15.199993133544922,38661.0,False,2,1,False,fast,0,0,False,False,80,False,True,,,,,,,,,,,
5524,38668.0,38668.0,38670.79999923706,0,2.799999237060547,2.799999237060547,38696.0,False,1,0,False,fast,0,0,False,False,75,False,True,,,,,,,,,,,
5531,38717.0,38717.0,38732.30000305176,0,15.300003051757812,15.300003051757812,38745.0,False,1,0,False,accurate,1,1,False,False,68,False,True,,,,,,,,,,,
5532,38724.0,38732.30000305176,38747.20000076294,0,14.89999771118164,23.200000762939453,38752.0,False,2,1,False,accurate,1,1,False,False,67,False,True,,,,,,,,,,,
5534,38738.0,38747.20000076294,38767.10000228882,0,19.900001525878906,29.10000228881836,38766.0,True,2,1,False,accurate,1,1,False,False,65,False,False,,,,,,,,,,,
5539,38773.0,38773.0,38775.59999847412,0,2.5999984741210938,2.5999984741210938,38801.0,False,1,0,False,fast,0,0,False,False,60,False,True,,,,,,,,,,,
5540,38780.0,38780.0,38782.70000076294,0,2.700000762939453,2.700000762939453,38808.0,False,1,0,False,fast,0,0,False,False,59,False,True,,,,,,,,,,,
5541,38787.0,38787.0,38811.29999923706,0,24.299999237060547,24.299999237060547,38815.0,False,1,0,False,accurate,0,0,False,False,58,False,True,,,,,,,,,,,
5542,38794.0,38811.29999923706,38814.0,0,2.700000762939453,20.0,38822.0,False,2,1,False,fast,0,0,False,False,57,False,True,,,,,,,,,,,
5543,38801.0,38814.0,38828.10000228882,0,14.10000228881836,27.10000228881836,38829.0,False,3,2,False,accurate,1,1,False,False,56,False,True,,,,,,,,,,,
5544,38808.0,38828.10000228882,38830.80000305176,0,2.700000762939453,22.800003051757812,38836.0,False,4,3,False,fast,0,0,False,False,55,False,True,,,,,,,,,,,
5550,38850.0,38850.0,38852.70000076294,0,2.700000762939453,2.700000762939453,38878.0,False,1,0,False,fast,0,0,False,False,49,False,True,,,,,,,,,,,
5554,38878.0,38878.0,38896.39999771118,0,18.39999771118164,18.39999771118164,38906.0,False,1,0,False,accurate,1,1,False,False,45,False,True,,,,,,,,,,,
5555,38885.0,38896.39999771118,38899.0,0,2.6000022888183594,14.0,38913.0,False,2,1,False,fast,0,0,False,False,44,False,True,,,,,,,,,,,
5556,38892.0,38899.0,38901.79999923706,0,2.799999237060547,9.799999237060547,38920.0,False,3,2,False,fast,0,0,False,False,43,False,True,,,,,,,,,,,
5558,38906.0,38906.0,38920.0,0,14.0,14.0,38934.0,False,1,0,False,accurate,1,1,False,False,41,False,True,,,,,,,,,,,
5563,38941.0,38941.0,38943.70000076294,0,2.700000762939453,2.700000762939453,38969.0,False,1,0,False,fast,0,0,False,False,36,False,True,,,,,,,,,,,
5564,38948.0,38948.0,38952.20000076294,0,4.200000762939453,4.200000762939453,38976.0,False,1,0,False,fast,0,0,False,False,35,False,True,,,,,,,,,,,
5565,38955.0,38955.0,38957.90000152588,0,2.9000015258789062,2.9000015258789062,38983.0,False,1,0,False,fast,0,0,False,False,34,False,True,,,,,,,,,,,
5566,38962.0,38962.0,38964.70000076294,0,2.700000762939453,2.700000762939453,38990.0,False,1,0,False,fast,0,0,False,False,33,False,True,,,,,,,,,,,
5568,38976.0,38976.0,38988.5,0,12.5,12.5,39004.0,False,1,0,False,accurate,1,1,False,False,31,False,True,,,,,,,,,,,
5569,38983.0,38988.5,38991.29999923706,0,2.799999237060547,8.299999237060547,39011.0,False,2,1,False,fast,0,0,False,False,30,False,True,,,,,,,,,,,
5570,38990.0,38991.29999923706,38993.9999961853,0,2.6999969482421875,3.9999961853027344,39018.0,False,2,1,False,fast,0,0,False,False,29,False,True,,,,,,,,,,,
5572,39004.0,39004.0,39006.70000457764,0,2.7000045776367188,2.7000045776367188,39032.0,False,1,0,False,fast,0,0,False,False,27,False,True,,,,,,,,,,,
5577,39039.0,39039.0,39058.39999771118,0,19.39999771118164,19.39999771118164,39067.0,False,1,0,False,accurate,0,0,False,False,22,False,True,,,,,,,,,,,
5578,39046.0,39058.39999771118,39061.099994659424,0,2.6999969482421875,15.099994659423828,39074.0,False,2,1,False,fast,0,0,False,False,21,False,True,,,,,,,,,,,
5579,39053.0,39061.099994659424,39081.199993133545,0,20.099998474121094,28.199993133544922,39081.0,True,3,2,False,accurate,1,1,False,False,20,False,False,,,,,,,,,,,
5584,39088.0,39088.0,39090.79999923706,0,2.799999237060547,2.799999237060547,39116.0,False,1,0,False,fast,0,0,False,False,15,False,True,,,,,,,,,,,
5585,39095.0,39095.0,39097.59999847412,0,2.5999984741210938,2.5999984741210938,39123.0,False,1,0,False,fast,0,0,False,False,14,False,True,,,,,,,,,,,
5586,39102.0,39102.0,39104.80000305176,0,2.8000030517578125,2.8000030517578125,39130.0,False,1,0,False,fast,0,0,False,False,13,False,True,,,,,,,,,,,
5587,39109.0,39109.0,39135.70000076294,0,26.700000762939453,26.700000762939453,39137.0,False,1,0,False,accurate,0,0,False,False,12,False,True,,,,,,,,,,,
5590,39130.0,39135.70000076294,39138.400005340576,0,2.7000045776367188,8.400005340576172,39158.0,False,2,1,False,fast,0,0,False,False,9,False,True,,,,,,,,,,,
5591,39137.0,39138.400005340576,39141.100006103516,0,2.700000762939453,4.100006103515625,39165.0,False,2,1,False,fast,0,0,False,False,8,False,True,,,,,,,,,,,
5595,39165.0,39165.0,39167.69999694824,0,2.6999969482421875,2.6999969482421875,39193.0,False,1,0,False,fast,0,0,False,False,4,False,True,,,,,,,,,,,
5597,39179.0,39179.0,39193.20000076294,0,14.200000762939453,14.200000762939453,39207.0,False,1,0,False,accurate,1,1,False,False,2,True,True,,,,,,,,,,,
5603,39221.0,39221.0,39246.31625123024,0,25.316251230239864,25.316251230236958,39249.0,False,1,0,False,accurate,1,1,False,False,96,False,True,,,,,,,,,,,
5606,39242.0,39246.31625123024,39264.76875472069,0,18.452503490447995,22.768754720687866,39270.0,False,2,1,False,accurate,1,1,False,False,93,False,True,,,,,,,,,,,
5607,39249.0,39264.76875472069,39267.85125558098,0,3.082500860293703,18.85125558097934,39277.0,False,2,1,False,fast,0,0,False,False,92,False,True,,,,,,,,,,,
5608,39256.0,39267.85125558098,39287.797920198835,0,19.94666461785632,31.797920198834618,39284.0,True,3,2,False,accurate,0,0,False,False,91,False,False,,,,,,,,,,,
5611,39277.0,39287.797920198835,39292.23125354806,0,4.4333333492279055,15.231253548059613,39305.0,False,2,1,False,fast,0,0,False,False,88,False,True,,,,,,,,,,,
5614,39298.0,39298.0,39325.51250379374,0,27.51250379373628,27.512503793739597,39326.0,False,1,0,False,accurate,0,0,False,False,85,False,True,,,,,,,,,,,
5616,39312.0,39325.51250379374,39328.49916965217,0,2.986665858427682,16.499169652168348,39340.0,False,2,1,False,fast,0,0,False,False,83,False,True,,,,,,,,,,,
5617,39319.0,39328.49916965217,39331.356670454246,0,2.857500802079835,12.356670454246341,39347.0,False,3,2,False,fast,0,0,False,False,82,False,True,,,,,,,,,,,
5618,39326.0,39331.356670454246,39334.29666965316,0,2.9399991989135743,8.29666965315846,39354.0,False,3,2,False,fast,0,0,False,False,81,False,True,,,,,,,,,,,
5619,39333.0,39334.29666965316,39337.21333552231,0,2.91666586915652,4.2133355223122635,39361.0,False,2,1,False,fast,0,0,False,False,80,False,True,,,,,,,,,,,
5620,39340.0,39340.0,39342.89333254774,0,2.8933325477441145,2.893332547741011,39368.0,False,1,0,False,fast,0,0,False,False,79,False,True,,,,,,,,,,,
5625,39375.0,39375.0,39377.70000076294,0,2.700000762939453,2.700000762939453,39403.0,False,1,0,False,fast,0,0,False,False,74,False,True,,,,,,,,,,,
5634,39438.0,39438.0,39460.39999771118,0,22.39999771118164,22.39999771118164,39466.0,False,1,0,False,accurate,0,0,False,False,65,False,True,,,,,,,,,,,
5635,39445.0,39460.39999771118,39463.19999694824,0,2.799999237060547,18.199996948242188,39473.0,False,2,1,False,fast,0,0,False,False,64,False,True,,,,,,,,,,,
5636,39452.0,39463.19999694824,39479.39999771118,0,16.200000762939453,27.39999771118164,39480.0,False,3,2,False,accurate,1,1,False,False,63,False,True,,,,,,,,,,,
5638,39466.0,39479.39999771118,39482.19999694824,0,2.799999237060547,16.199996948242188,39494.0,False,2,1,False,fast,0,0,False,False,61,False,True,,,,,,,,,,,
5639,39473.0,39482.19999694824,39484.899993896484,0,2.6999969482421875,11.899993896484375,39501.0,False,3,2,False,fast,0,0,False,False,60,False,True,,,,,,,,,,,
5642,39494.0,39494.0,39496.79999923706,0,2.799999237060547,2.799999237060547,39522.0,False,1,0,False,fast,0,0,False,False,57,False,True,,,,,,,,,,,
5643,39501.0,39501.0,39503.79999923706,0,2.799999237060547,2.799999237060547,39529.0,False,1,0,False,fast,0,0,False,False,56,False,True,,,,,,,,,,,
5644,39508.0,39508.0,39510.79999923706,0,2.799999237060547,2.799999237060547,39536.0,False,1,0,False,fast,0,0,False,False,55,False,True,,,,,,,,,,,
5648,39536.0,39536.0,39538.70000076294,0,2.700000762939453,2.700000762939453,39564.0,False,1,0,False,fast,0,0,False,False,51,False,True,,,,,,,,,,,
5649,39543.0,39543.0,39545.79999923706,0,2.799999237060547,2.799999237060547,39571.0,False,1,0,False,fast,0,0,False,False,50,False,True,,,,,,,,,,,
5651,39557.0,39557.0,39559.69999694824,0,2.6999969482421875,2.6999969482421875,39585.0,False,1,0,False,fast,0,0,False,False,48,False,True,,,,,,,,,,,
5658,39606.0,39606.0,39625.5000038147,0,19.500003814697266,19.500003814697266,39634.0,False,1,0,False,accurate,1,1,False,False,41,False,True,,,,,,,,,,,
5659,39613.0,39625.5000038147,39646.20000457764,0,20.700000762939453,33.20000457763672,39641.0,True,2,1,False,accurate,1,1,False,False,40,False,False,,,,,,,,,,,
5660,39620.0,39646.20000457764,39648.90000152588,0,2.6999969482421875,28.900001525878906,39648.0,True,3,2,False,fast,0,0,False,False,39,False,False,,,,,,,,,,,
5661,39627.0,39648.90000152588,39651.59999847412,0,2.6999969482421875,24.599998474121094,39655.0,False,3,2,False,fast,0,0,False,False,38,False,True,,,,,,,,,,,
5662,39634.0,39651.59999847412,39663.79999923706,0,12.200000762939453,29.799999237060547,39662.0,True,4,3,False,accurate,1,1,False,False,37,False,False,,,,,,,,,,,
5663,39641.0,39663.79999923706,39667.09999847412,0,3.299999237060547,26.099998474121094,39669.0,False,5,4,False,fast,0,0,False,False,36,False,True,,,,,,,,,,,
5665,39655.0,39667.09999847412,39669.89999771118,0,2.799999237060547,14.89999771118164,39683.0,False,3,2,False,fast,0,0,False,False,34,False,True,,,,,,,,,,,
5666,39662.0,39669.89999771118,39672.59999847412,0,2.700000762939453,10.599998474121094,39690.0,False,4,3,False,fast,0,0,False,False,33,False,True,,,,,,,,,,,
5667,39669.0,39672.59999847412,39694.59999847412,0,22.0,25.599998474121094,39697.0,False,3,2,False,accurate,0,0,False,False,32,False,True,,,,,,,,,,,
5668,39676.0,39694.59999847412,39697.30000305176,0,2.7000045776367188,21.300003051757812,39704.0,False,2,1,False,fast,0,0,False,False,31,False,True,,,,,,,,,,,
5672,39704.0,39704.0,39726.20000076294,0,22.200000762939453,22.200000762939453,39732.0,False,1,0,False,accurate,1,1,False,False,27,False,True,,,,,,,,,,,
5673,39711.0,39726.20000076294,39728.79999923706,0,2.5999984741210938,17.799999237060547,39739.0,False,2,1,False,fast,0,0,False,False,26,False,True,,,,,,,,,,,
5676,39732.0,39732.0,39743.9999961853,0,11.999996185302734,11.999996185302734,39760.0,False,1,0,False,accurate,1,1,False,False,23,False,True,,,,,,,,,,,
5677,39739.0,39743.9999961853,39746.70000076294,0,2.7000045776367188,7.700000762939453,39767.0,False,2,1,False,fast,0,0,False,False,22,False,True,,,,,,,,,,,
5680,39760.0,39760.0,39762.69999694824,0,2.6999969482421875,2.6999969482421875,39788.0,False,1,0,False,fast,0,0,False,False,19,False,True,,,,,,,,,,,
5682,39774.0,39774.0,39776.70000076294,0,2.700000762939453,2.700000762939453,39802.0,False,1,0,False,fast,0,0,False,False,17,False,True,,,,,,,,,,,
5683,39781.0,39781.0,39783.79999923706,0,2.799999237060547,2.799999237060547,39809.0,False,1,0,False,fast,0,0,False,False,16,False,True,,,,,,,,,,,
5684,39788.0,39788.0,39790.70000076294,0,2.700000762939453,2.700000762939453,39816.0,False,1,0,False,fast,0,0,False,False,15,False,True,,,,,,,,,,,
5685,39795.0,39795.0,39797.79999923706,0,2.799999237060547,2.799999237060547,39823.0,False,1,0,False,fast,0,0,False,False,14,False,True,,,,,,,,,,,
5689,39823.0,39823.0,39825.70000076294,0,2.700000762939453,2.700000762939453,39851.0,False,1,0,False,fast,0,0,False,False,10,False,True,,,,,,,,,,,
5697,39879.0,39879.0,39892.0,0,13.0,13.0,39907.0,False,1,0,False,accurate,1,1,False,False,2,True,True,,,,,,,,,,,
5699,39893.0,39893.0,39895.60000228882,0,2.6000022888183594,2.6000022888183594,39921.0,False,1,0,False,fast,0,0,False,True,0,True,True,,,,,,,,,,,
5700,39900.0,39900.0,39902.70000076294,0,2.700000762939453,2.700000762939453,39928.0,False,1,0,False,fast,0,0,False,False,99,False,True,,,,,,,,,,,
5702,39914.0,39914.0,39918.29999923706,0,4.299999237060547,4.299999237060547,39942.0,False,1,0,False,fast,0,0,False,False,97,False,True,,,,,,,,,,,
5703,39921.0,39921.0,39923.69999694824,0,2.6999969482421875,2.6999969482421875,39949.0,False,1,0,False,fast,0,0,False,False,96,False,True,,,,,,,,,,,
5704,39928.0,39928.0,39930.79999923706,0,2.799999237060547,2.799999237060547,39956.0,False,1,0,False,fast,0,0,False,False,95,False,True,,,,,,,,,,,
5708,39956.0,39956.0,39982.40000152588,0,26.400001525878906,26.400001525878906,39984.0,False,1,0,False,accurate,0,0,False,False,91,False,True,,,,,,,,,,,
5709,39963.0,39982.40000152588,39999.09999847412,0,16.699996948242188,36.099998474121094,39991.0,True,2,1,False,accurate,1,1,False,False,90,False,False,,,,,,,,,,,
5710,39970.0,39999.09999847412,40028.19999694824,0,29.099998474121094,58.19999694824219,39998.0,True,3,2,False,accurate,0,0,False,False,89,False,False,,,,,,,,,,,
5714,39998.0,40028.19999694824,40042.699993133545,0,14.499996185302734,44.69999313354492,40026.0,True,3,2,False,accurate,1,1,False,False,85,False,False,,,,,,,,,,,
5716,40012.0,40042.699993133545,40061.099994659424,0,18.400001525878906,49.09999465942383,40040.0,True,3,2,False,accurate,1,1,False,False,83,False,False,,,,,,,,,,,
5719,40033.0,40061.099994659424,40073.39999771118,0,12.300003051757812,40.39999771118164,40061.0,True,3,2,False,accurate,1,1,False,False,80,False,False,,,,,,,,,,,
5720,40040.0,40073.39999771118,40076.29999923706,0,2.9000015258789062,36.29999923706055,40068.0,True,4,3,False,fast,0,0,False,False,79,False,False,,,,,,,,,,,
5721,40047.0,40076.29999923706,40078.9999961853,0,2.6999969482421875,31.999996185302734,40075.0,True,4,3,False,fast,0,0,False,False,78,False,False,,,,,,,,,,,
5722,40054.0,40078.9999961853,40092.19999694824,0,13.200000762939453,38.19999694824219,40082.0,True,5,4,False,accurate,1,1,False,False,77,False,False,,,,,,,,,,,
5725,40075.0,40092.19999694824,40094.899993896484,0,2.6999969482421875,19.899993896484375,40103.0,False,4,3,False,fast,0,0,False,False,74,False,True,,,,,,,,,,,
5727,40089.0,40094.899993896484,40098.29999542236,0,3.4000015258789062,9.299995422363281,40117.0,False,3,2,False,fast,0,0,False,False,72,False,True,,,,,,,,,,,
5728,40096.0,40098.29999542236,40100.9999961853,0,2.700000762939453,4.999996185302734,40124.0,False,2,1,False,fast,0,0,False,False,71,False,True,,,,,,,,,,,
5732,40124.0,40124.0,40135.10000228882,0,11.10000228881836,11.10000228881836,40152.0,False,1,0,False,accurate,1,1,False,False,67,False,True,,,,,,,,,,,
5733,40131.0,40135.10000228882,40137.800006866455,0,2.7000045776367188,6.800006866455078,40159.0,False,2,1,False,fast,0,0,False,False,66,False,True,,,,,,,,,,,
5734,40138.0,40138.0,40152.29999923706,0,14.299999237060547,14.299999237060547,40166.0,False,1,0,False,accurate,1,1,False,False,65,False,True,,,,,,,,,,,
5736,40152.0,40152.29999923706,40155.0000038147,0,2.7000045776367188,3.0000038146972656,40180.0,False,2,1,False,fast,0,0,False,False,63,False,True,,,,,,,,,,,
5737,40159.0,40159.0,40161.69999694824,0,2.6999969482421875,2.6999969482421875,40187.0,False,1,0,False,fast,0,0,False,False,62,False,True,,,,,,,,,,,
5738,40166.0,40166.0,40182.30000305176,0,16.300003051757812,16.300003051757812,40194.0,False,1,0,False,accurate,1,1,False,False,61,False,True,,,,,,,,,,,
5739,40173.0,40182.30000305176,40185.10000228882,0,2.799999237060547,12.10000228881836,40201.0,False,2,1,False,fast,0,0,False,False,60,False,True,,,,,,,,,,,
5743,40201.0,40201.0,40203.59999847412,0,2.5999984741210938,2.5999984741210938,40229.0,False,1,0,False,fast,0,0,False,False,56,False,True,,,,,,,,,,,
5744,40208.0,40208.0,40210.70000076294,0,2.700000762939453,2.700000762939453,40236.0,False,1,0,False,fast,0,0,False,False,55,False,True,,,,,,,,,,,
5745,40215.0,40215.0,40217.69999694824,0,2.6999969482421875,2.6999969482421875,40243.0,False,1,0,False,fast,0,0,False,False,54,False,True,,,,,,,,,,,
5754,40278.0,40278.0,40280.70000076294,0,2.700000762939453,2.700000762939453,40306.0,False,1,0,False,fast,0,0,False,False,45,False,True,,,,,,,,,,,
5756,40292.0,40292.0,40294.70000076294,0,2.700000762939453,2.700000762939453,40320.0,False,1,0,False,fast,0,0,False,False,43,False,True,,,,,,,,,,,
5759,40313.0,40313.0,40315.70000076294,0,2.700000762939453,2.700000762939453,40341.0,False,1,0,False,fast,0,0,False,False,40,False,True,,,,,,,,,,,
5761,40327.0,40327.0,40350.558747254414,0,23.5587472544114,23.558747254413902,40355.0,False,1,0,False,accurate,0,0,False,False,38,False,True,,,,,,,,,,,
5773,40411.0,40411.0,40428.831255132456,0,17.831255132456647,17.831255132456135,40439.0,False,1,0,False,accurate,1,1,False,False,26,False,True,,,,,,,,,,,
5776,40432.0,40432.0,40453.3366705508,0,21.336670550803365,21.3366705508015,40460.0,False,1,0,False,accurate,0,0,False,False,23,False,True,,,,,,,,,,,
5777,40439.0,40453.3366705508,40456.30000307113,0,2.96333252032598,17.30000307112641,40467.0,False,2,1,False,fast,0,0,False,False,22,False,True,,,,,,,,,,,
5780,40460.0,40460.0,40484.45500178004,0,24.45500178004305,24.45500178004295,40488.0,False,1,0,False,accurate,1,1,False,False,19,False,True,,,,,,,,,,,
5781,40467.0,40484.45500178004,40488.14500412608,0,3.690002346038818,21.145004126083222,40495.0,False,2,1,False,fast,0,0,False,False,18,False,True,,,,,,,,,,,
5783,40481.0,40488.14500412608,40490.968336690814,0,2.8233325647314387,9.968336690813885,40509.0,False,3,2,False,fast,0,0,False,False,16,False,True,,,,,,,,,,,
5784,40488.0,40490.968336690814,40504.968336690814,0,14.0,16.968336690813885,40516.0,False,3,2,False,accurate,1,1,False,False,15,False,True,,,,,,,,,,,
5787,40509.0,40509.0,40511.70000076294,0,2.700000762939453,2.700000762939453,40537.0,False,1,0,False,fast,0,0,False,False,12,False,True,,,,,,,,,,,
5788,40516.0,40516.0,40518.79999923706,0,2.799999237060547,2.799999237060547,40544.0,False,1,0,False,fast,0,0,False,False,11,False,True,,,,,,,,,,,
5795,40565.0,40565.0,40581.70000076294,0,16.700000762939453,16.700000762939453,40593.0,False,1,0,False,accurate,1,1,False,False,4,False,True,,,,,,,,,,,
5803,40621.0,40621.0,40645.29999923706,0,24.299999237060547,24.299999237060547,40649.0,False,1,0,False,accurate,0,0,False,False,96,False,True,,,,,,,,,,,
5806,40642.0,40645.29999923706,40660.4999961853,0,15.199996948242188,18.499996185302734,40670.0,False,2,1,False,accurate,1,1,False,False,93,False,True,,,,,,,,,,,
5807,40649.0,40660.4999961853,40663.39999771118,0,2.9000015258789062,14.39999771118164,40677.0,False,2,1,False,fast,0,0,False,False,92,False,True,,,,,,,,,,,
5808,40656.0,40663.39999771118,40666.19999694824,0,2.799999237060547,10.199996948242188,40684.0,False,3,2,False,fast,0,0,False,False,91,False,True,,,,,,,,,,,
5810,40670.0,40670.0,40672.70000076294,0,2.700000762939453,2.700000762939453,40698.0,False,1,0,False,fast,0,0,False,False,89,False,True,,,,,,,,,,,
5812,40684.0,40684.0,40686.79999923706,0,2.799999237060547,2.799999237060547,40712.0,False,1,0,False,fast,0,0,False,False,87,False,True,,,,,,,,,,,
5813,40691.0,40691.0,40703.20000076294,0,12.200000762939453,12.200000762939453,40719.0,False,1,0,False,accurate,1,1,False,False,86,False,True,,,,,,,,,,,
5814,40698.0,40703.20000076294,40705.90000152588,0,2.700000762939453,7.900001525878906,40726.0,False,2,1,False,fast,0,0,False,False,85,False,True,,,,,,,,,,,
5817,40719.0,40719.0,40735.30000305176,0,16.300003051757812,16.300003051757812,40747.0,False,1,0,False,accurate,1,1,False,False,82,False,True,,,,,,,,,,,
5818,40726.0,40735.30000305176,40748.70000076294,0,13.39999771118164,22.700000762939453,40754.0,False,2,1,False,accurate,1,1,False,False,81,False,True,,,,,,,,,,,
5819,40733.0,40748.70000076294,40751.39999771118,0,2.6999969482421875,18.39999771118164,40761.0,False,3,2,False,fast,0,0,False,False,80,False,True,,,,,,,,,,,
5821,40747.0,40751.39999771118,40768.69999694824,0,17.299999237060547,21.699996948242188,40775.0,False,3,2,False,accurate,1,1,False,False,78,False,True,,,,,,,,,,,
5827,40789.0,40789.0,40791.79999923706,0,2.799999237060547,2.799999237060547,40817.0,False,1,0,False,fast,0,0,False,False,72,False,True,,,,,,,,,,,
5828,40796.0,40796.0,40820.69999694824,0,24.699996948242188,24.699996948242188,40824.0,False,1,0,False,accurate,0,0,False,False,71,False,True,,,,,,,,,,,
5829,40803.0,40820.69999694824,40823.399993896484,0,2.6999969482421875,20.399993896484375,40831.0,False,2,1,False,fast,0,0,False,False,70,False,True,,,,,,,,,,,
5830,40810.0,40823.399993896484,40826.09999084473,0,2.6999969482421875,16.099990844726562,40838.0,False,3,2,False,fast,0,0,False,False,69,False,True,,,,,,,,,,,
5832,40824.0,40826.09999084473,40828.79999542236,0,2.7000045776367188,4.799995422363281,40852.0,False,2,1,False,fast,0,0,False,False,67,False,True,,,,,,,,,,,
5835,40845.0,40845.0,40847.79999923706,0,2.799999237060547,2.799999237060547,40873.0,False,1,0,False,fast,0,0,False,False,64,False,True,,,,,,,,,,,
5836,40852.0,40852.0,40866.19999694824,0,14.199996948242188,14.199996948242188,40880.0,False,1,0,False,accurate,1,1,False,False,63,False,True,,,,,,,,,,,
5837,40859.0,40866.19999694824,40868.9999961853,0,2.799999237060547,9.999996185302734,40887.0,False,2,1,False,fast,0,0,False,False,62,False,True,,,,,,,,,,,
5839,40873.0,40873.0,40877.70000076294,0,4.700000762939453,4.700000762939453,40901.0,False,1,0,False,fast,0,0,False,False,60,False,True,,,,,,,,,,,
5840,40880.0,40880.0,40882.79999923706,0,2.799999237060547,2.799999237060547,40908.0,False,1,0,False,fast,0,0,False,False,59,False,True,,,,,,,,,,,
5842,40894.0,40894.0,40898.19999694824,0,4.1999969482421875,4.1999969482421875,40922.0,False,1,0,False,fast,0,0,False,False,57,False,True,,,,,,,,,,,
5843,40901.0,40901.0,40903.89999771118,0,2.8999977111816406,2.8999977111816406,40929.0,False,1,0,False,fast,0,0,False,False,56,False,True,,,,,,,,,,,
5844,40908.0,40908.0,40925.09999847412,0,17.099998474121094,17.099998474121094,40936.0,False,1,0,False,accurate,1,1,False,False,55,False,True,,,,,,,,,,,
5846,40922.0,40925.09999847412,40927.90000152588,0,2.8000030517578125,5.900001525878906,40950.0,False,2,1,False,fast,0,0,False,False,53,False,True,,,,,,,,,,,
5852,40964.0,40964.0,40984.20000076294,0,20.200000762939453,20.200000762939453,40992.0,False,1,0,False,accurate,0,0,False,False,47,False,True,,,,,,,,,,,
5855,40985.0,40985.0,41009.70000076294,0,24.700000762939453,24.700000762939453,41013.0,False,1,0,False,accurate,0,0,False,False,44,False,True,,,,,,,,,,,
5861,41027.0,41027.0,41040.79999923706,0,13.799999237060547,13.799999237060547,41055.0,False,1,0,False,accurate,1,1,False,False,38,False,True,,,,,,,,,,,
5863,41041.0,41041.0,41043.70000076294,0,2.700000762939453,2.700000762939453,41069.0,False,1,0,False,fast,0,0,False,False,36,False,True,,,,,,,,,,,
5868,41076.0,41076.0,41078.70000457764,0,2.7000045776367188,2.7000045776367188,41104.0,False,1,0,False,fast,0,0,False,False,31,False,True,,,,,,,,,,,
5870,41090.0,41090.0,41101.40000152588,0,11.400001525878906,11.400001525878906,41118.0,False,1,0,False,accurate,1,1,False,False,29,False,True,,,,,,,,,,,
5871,41097.0,41101.40000152588,41114.20000076294,0,12.799999237060547,17.200000762939453,41125.0,False,2,1,False,accurate,1,1,False,False,28,False,True,,,,,,,,,,,
5874,41118.0,41118.0,41120.70000076294,0,2.700000762939453,2.700000762939453,41146.0,False,1,0,False,fast,0,0,False,False,25,False,True,,,,,,,,,,,
5877,41139.0,41139.0,41154.09999847412,0,15.099998474121094,15.099998474121094,41167.0,False,1,0,False,accurate,1,1,False,False,22,False,True,,,,,,,,,,,
5880,41160.0,41160.0,41162.70000076294,0,2.700000762939453,2.700000762939453,41188.0,False,1,0,False,fast,0,0,False,False,19,False,True,,,,,,,,,,,
5881,41167.0,41167.0,41180.60000228882,0,13.60000228881836,13.60000228881836,41195.0,False,1,0,False,accurate,1,1,False,False,18,False,True,,,,,,,,,,,
5884,41188.0,41188.0,41211.0,0,23.0,23.0,41216.0,False,1,0,False,accurate,0,0,False,False,15,False,True,,,,,,,,,,,
5887,41209.0,41211.0,41223.69999694824,0,12.699996948242188,14.699996948242188,41237.0,False,2,1,False,accurate,1,1,False,False,12,False,True,,,,,,,,,,,
5888,41216.0,41223.69999694824,41226.4999961853,0,2.799999237060547,10.499996185302734,41244.0,False,2,1,False,fast,0,0,False,False,11,False,True,,,,,,,,,,,
5892,41244.0,41244.0,41263.40000152588,0,19.400001525878906,19.400001525878906,41272.0,False,1,0,False,accurate,1,1,False,False,7,False,True,,,,,,,,,,,
5895,41265.0,41265.0,41269.20000076294,0,4.200000762939453,4.200000762939453,41293.0,False,1,0,False,fast,0,0,False,False,4,False,True,,,,,,,,,,,
5897,41279.0,41279.0,41283.59999847412,0,4.599998474121094,4.599998474121094,41307.0,False,1,0,False,fast,0,0,False,False,2,True,True,,,,,,,,,,,
5899,41293.0,41293.0,41304.70000076294,0,11.700000762939453,11.700000762939453,41321.0,False,1,0,False,accurate,1,1,False,True,0,True,True,,,,,,,,,,,
5900,41300.0,41304.70000076294,41309.20000076294,0,4.5,9.200000762939453,41328.0,False,2,1,False,fast,0,0,False,False,99,False,True,,,,,,,,,,,
5902,41314.0,41314.0,41327.79999923706,0,13.799999237060547,13.799999237060547,41342.0,False,1,0,False,accurate,1,1,False,False,97,False,True,,,,,,,,,,,
5908,41356.0,41356.0,41362.60000228882,0,6.600002288818359,6.600002288818359,41384.0,False,1,0,False,fast,0,0,False,False,91,False,True,,,,,,,,,,,
5909,41363.0,41363.0,41368.0000038147,0,5.000003814697266,5.000003814697266,41391.0,False,1,0,False,fast,0,0,False,False,90,False,True,,,,,,,,,,,
5910,41370.0,41370.0,41374.79999923706,0,4.799999237060547,4.799999237060547,41398.0,False,1,0,False,fast,0,0,False,False,89,False,True,,,,,,,,,,,
5914,41398.0,41398.0,41411.70000076294,0,13.700000762939453,13.700000762939453,41426.0,False,1,0,False,accurate,1,1,False,False,85,False,True,,,,,,,,,,,
5916,41412.0,41412.0,41414.79999923706,0,2.799999237060547,2.799999237060547,41440.0,False,1,0,False,fast,0,0,False,False,83,False,True,,,,,,,,,,,
5919,41433.0,41433.0,41456.30000305176,0,23.300003051757812,23.300003051757812,41461.0,False,1,0,False,accurate,0,0,False,False,80,False,True,,,,,,,,,,,
5920,41440.0,41456.30000305176,41481.28999786377,0,24.98999481201172,41.28999786377244,41468.0,True,2,1,False,accurate,0,0,False,False,79,False,False,,,,,,,,,,,
5921,41447.0,41481.28999786377,41484.62666361014,0,3.3366657463709544,37.626663610142714,41475.0,True,3,2,False,fast,0,0,False,False,78,False,False,,,,,,,,,,,
5924,41468.0,41484.62666361014,41508.21833248556,0,23.5916688754161,40.21833248555777,41496.0,True,3,2,False,accurate,0,0,False,False,75,False,False,,,,,,,,,,,
5925,41475.0,41508.21833248556,41529.199576744635,0,20.981244259079247,54.199576744635124,41503.0,True,4,3,False,accurate,0,0,False,False,74,False,False,,,,,,,,,,,
5927,41489.0,41529.199576744635,41532.396242529154,0,3.196665784517927,43.396242529153824,41517.0,True,3,2,False,fast,0,0,False,False,72,False,False,,,,,,,,,,,
5931,41517.0,41532.396242529154,41535.49957925598,0,3.103336726824455,18.49957925597846,41545.0,False,3,2,False,fast,0,0,False,False,68,False,True,,,,,,,,,,,
5934,41538.0,41538.0,41540.92500082115,0,2.9250008211533216,2.925000821152935,41566.0,False,1,0,False,fast,0,0,False,False,65,False,True,,,,,,,,,,,
5937,41559.0,41559.0,41561.963332520325,0,2.96333252032598,2.9633325203249115,41587.0,False,1,0,False,fast,0,0,False,False,62,False,True,,,,,,,,,,,
5941,41587.0,41587.0,41589.97249765396,0,2.9724976539611814,2.9724976539582713,41615.0,False,1,0,False,fast,0,0,False,False,58,False,True,,,,,,,,,,,
5953,41671.0,41671.0,41688.19999694824,0,17.199996948242188,17.199996948242188,41699.0,False,1,0,False,accurate,1,1,False,False,46,False,True,,,,,,,,,,,
5955,41685.0,41688.19999694824,41690.79999542236,0,2.5999984741210938,5.799995422363281,41713.0,False,2,1,False,fast,0,0,False,False,44,False,True,,,,,,,,,,,
5960,41720.0,41720.0,41736.10000228882,0,16.10000228881836,16.10000228881836,41748.0,False,1,0,False,accurate,1,1,False,False,39,False,True,,,,,,,,,,,
5962,41734.0,41736.10000228882,41749.29999923706,0,13.199996948242188,15.299999237060547,41762.0,False,2,1,False,accurate,1,1,False,False,37,False,True,,,,,,,,,,,
5964,41748.0,41749.29999923706,41767.69999694824,0,18.39999771118164,19.699996948242188,41776.0,False,2,1,False,accurate,1,1,False,False,35,False,True,,,,,,,,,,,
5967,41769.0,41769.0,41771.79999923706,0,2.799999237060547,2.799999237060547,41797.0,False,1,0,False,fast,0,0,False,False,32,False,True,,,,,,,,,,,
5970,41790.0,41790.0,41804.0000038147,0,14.000003814697266,14.000003814697266,41818.0,False,1,0,False,accurate,1,1,False,False,29,False,True,,,,,,,,,,,
5971,41797.0,41804.0000038147,41806.70000076294,0,2.6999969482421875,9.700000762939453,41825.0,False,2,1,False,fast,0,0,False,False,28,False,True,,,,,,,,,,,
5972,41804.0,41806.70000076294,41809.39999771118,0,2.6999969482421875,5.399997711181641,41832.0,False,3,2,False,fast,0,0,False,False,27,False,True,,,,,,,,,,,
5975,41825.0,41825.0,41827.70000076294,0,2.700000762939453,2.700000762939453,41853.0,False,1,0,False,fast,0,0,False,False,24,False,True,,,,,,,,,,,
5976,41832.0,41832.0,41834.79999923706,0,2.799999237060547,2.799999237060547,41860.0,False,1,0,False,fast,0,0,False,False,23,False,True,,,,,,,,,,,
5978,41846.0,41846.0,41848.70000076294,0,2.700000762939453,2.700000762939453,41874.0,False,1,0,False,fast,0,0,False,False,21,False,True,,,,,,,,,,,
5979,41853.0,41853.0,41855.70000457764,0,2.7000045776367188,2.7000045776367188,41881.0,False,1,0,False,fast,0,0,False,False,20,False,True,,,,,,,,,,,
5980,41860.0,41860.0,41862.70000457764,0,2.7000045776367188,2.7000045776367188,41888.0,False,1,0,False,fast,0,0,False,False,19,False,True,,,,,,,,,,,
5981,41867.0,41867.0,41869.59999847412,0,2.5999984741210938,2.5999984741210938,41895.0,False,1,0,False,fast,0,0,False,False,18,False,True,,,,,,,,,,,
5982,41874.0,41874.0,41876.79999923706,0,2.799999237060547,2.799999237060547,41902.0,False,1,0,False,fast,0,0,False,False,17,False,True,,,,,,,,,,,
5983,41881.0,41881.0,41884.5000038147,0,3.5000038146972656,3.5000038146972656,41909.0,False,1,0,False,fast,0,0,False,False,16,False,True,,,,,,,,,,,
5984,41888.0,41888.0,41890.70000076294,0,2.700000762939453,2.700000762939453,41916.0,False,1,0,False,fast,0,0,False,False,15,False,True,,,,,,,,,,,
5986,41902.0,41902.0,41917.89999771118,0,15.89999771118164,15.89999771118164,41930.0,False,1,0,False,accurate,1,1,False,False,13,False,True,,,,,,,,,,,
5987,41909.0,41917.89999771118,41931.29999923706,0,13.400001525878906,22.299999237060547,41937.0,False,2,1,False,accurate,1,1,False,False,12,False,True,,,,,,,,,,,
5991,41937.0,41937.0,41952.10000228882,0,15.10000228881836,15.10000228881836,41965.0,False,1,0,False,accurate,1,1,False,False,8,False,True,,,,,,,,,,,
5992,41944.0,41952.10000228882,41954.80000305176,0,2.700000762939453,10.800003051757812,41972.0,False,2,1,False,fast,0,0,False,False,7,False,True,,,,,,,,,,,
5993,41951.0,41954.80000305176,41967.5000038147,0,12.700000762939453,16.500003814697266,41979.0,False,3,2,False,accurate,1,1,False,False,6,False,True,,,,,,,,,,,
5998,41986.0,41986.0,41991.5,0,5.5,5.5,42014.0,False,1,0,False,fast,0,0,False,False,1,True,True,,,,,,,,,,,
6002,42014.0,42014.0,42016.79999923706,0,2.799999237060547,2.799999237060547,42042.0,False,1,0,False,fast,0,0,False,False,97,False,True,,,,,,,,,,,
6003,42021.0,42021.0,42023.89999771118,0,2.8999977111816406,2.8999977111816406,42049.0,False,1,0,False,fast,0,0,False,False,96,False,True,,,,,,,,,,,
6005,42035.0,42035.0,42037.69999694824,0,2.6999969482421875,2.6999969482421875,42063.0,False,1,0,False,fast,0,0,False,False,94,False,True,,,,,,,,,,,
6006,42042.0,42042.0,42044.79999923706,0,2.799999237060547,2.799999237060547,42070.0,False,1,0,False,fast,0,0,False,False,93,False,True,,,,,,,,,,,
6011,42077.0,42077.0,42081.09999847412,0,4.099998474121094,4.099998474121094,42105.0,False,1,0,False,fast,0,0,False,False,88,False,True,,,,,,,,,,,
6013,42091.0,42091.0,42105.0,0,14.0,14.0,42119.0,False,1,0,False,accurate,1,1,False,False,86,False,True,,,,,,,,,,,
6015,42105.0,42105.0,42107.60000228882,0,2.6000022888183594,2.6000022888183594,42133.0,False,1,0,False,fast,0,0,False,False,84,False,True,,,,,,,,,,,
6022,42154.0,42154.0,42156.79999923706,0,2.799999237060547,2.799999237060547,42182.0,False,1,0,False,fast,0,0,False,False,77,False,True,,,,,,,,,,,
6023,42161.0,42161.0,42163.70000076294,0,2.700000762939453,2.700000762939453,42189.0,False,1,0,False,fast,0,0,False,False,76,False,True,,,,,,,,,,,
6025,42175.0,42175.0,42177.70000076294,0,2.700000762939453,2.700000762939453,42203.0,False,1,0,False,fast,0,0,False,False,74,False,True,,,,,,,,,,,
6028,42196.0,42196.0,42198.70000076294,0,2.700000762939453,2.700000762939453,42224.0,False,1,0,False,fast,0,0,False,False,71,False,True,,,,,,,,,,,
6030,42210.0,42210.0,42235.20000076294,0,25.200000762939453,25.200000762939453,42238.0,False,1,0,False,accurate,0,0,False,False,69,False,True,,,,,,,,,,,
6033,42231.0,42235.20000076294,42237.90000152588,0,2.700000762939453,6.900001525878906,42259.0,False,2,1,False,fast,0,0,False,False,66,False,True,,,,,,,,,,,
6034,42238.0,42238.0,42240.79999923706,0,2.799999237060547,2.799999237060547,42266.0,False,1,0,False,fast,0,0,False,False,65,False,True,,,,,,,,,,,
6035,42245.0,42245.0,42247.69999694824,0,2.6999969482421875,2.6999969482421875,42273.0,False,1,0,False,fast,0,0,False,False,64,False,True,,,,,,,,,,,
6036,42252.0,42252.0,42268.60000228882,0,16.60000228881836,16.60000228881836,42280.0,False,1,0,False,accurate,1,1,False,False,63,False,True,,,,,,,,,,,
6037,42259.0,42268.60000228882,42271.40000152588,0,2.799999237060547,12.400001525878906,42287.0,False,2,1,False,fast,0,0,False,False,62,False,True,,,,,,,,,,,
6039,42273.0,42273.0,42292.30000305176,0,19.300003051757812,19.300003051757812,42301.0,False,1,0,False,accurate,1,1,False,False,60,False,True,,,,,,,,,,,
6042,42294.0,42294.0,42296.70000457764,0,2.7000045776367188,2.7000045776367188,42322.0,False,1,0,False,fast,0,0,False,False,57,False,True,,,,,,,,,,,
6047,42329.0,42329.0,42332.29999923706,0,3.299999237060547,3.299999237060547,42357.0,False,1,0,False,fast,0,0,False,False,52,False,True,,,,,,,,,,,
6048,42336.0,42336.0,42338.70000076294,0,2.700000762939453,2.700000762939453,42364.0,False,1,0,False,fast,0,0,False,False,51,False,True,,,,,,,,,,,
6056,42392.0,42392.0,42394.70000076294,0,2.700000762939453,2.700000762939453,42420.0,False,1,0,False,fast,0,0,False,False,43,False,True,,,,,,,,,,,
6060,42420.0,42420.0,42422.59999847412,0,2.5999984741210938,2.5999984741210938,42448.0,False,1,0,False,fast,0,0,False,False,39,False,True,,,,,,,,,,,
6061,42427.0,42427.0,42429.80000305176,0,2.8000030517578125,2.8000030517578125,42455.0,False,1,0,False,fast,0,0,False,False,38,False,True,,,,,,,,,,,
6063,42441.0,42441.0,42443.79999923706,0,2.799999237060547,2.799999237060547,42469.0,False,1,0,False,fast,0,0,False,False,36,False,True,,,,,,,,,,,
6069,42483.0,42483.0,42508.90000152588,0,25.900001525878906,25.900001525878906,42511.0,False,1,0,False,accurate,1,1,False,False,30,False,True,,,,,,,,,,,
6070,42490.0,42508.90000152588,42523.400005340576,0,14.500003814697266,33.40000534057617,42518.0,True,2,1,False,accurate,1,1,False,False,29,False,False,,,,,,,,,,,
6074,42518.0,42523.400005340576,42536.500007629395,0,13.10000228881836,18.50000762939453,42546.0,False,2,1,False,accurate,1,1,False,False,25,False,True,,,,,,,,,,,
6083,42581.0,42581.0,42605.50999507904,0,24.509995079040525,24.509995079039072,42609.0,False,1,0,False,accurate,0,0,False,False,16,False,True,,,,,,,,,,,
6084,42588.0,42605.50999507904,42627.676661551,0,22.166666471958163,39.67666155099869,42616.0,True,2,1,False,accurate,0,0,False,False,15,False,False,,,,,,,,,,,
6085,42595.0,42627.676661551,42652.07708555043,0,24.400423999428813,57.07708555043064,42623.0,True,3,2,False,accurate,0,0,False,False,14,False,False,,,,,,,,,,,
6087,42609.0,42652.07708555043,42682.891249648135,0,30.8141640977065,73.89124964813527,42637.0,True,3,2,False,accurate,1,1,False,False,12,False,False,,,,,,,,,,,
6090,42630.0,42682.891249648135,42702.88958385845,0,19.99833421031633,72.88958385845035,42658.0,True,3,2,False,accurate,0,0,False,False,9,False,False,,,,,,,,,,,
6091,42637.0,42702.88958385845,42724.40458197097,0,21.51499811251956,87.40458197097178,42665.0,True,4,3,False,accurate,0,0,False,False,8,False,False,,,,,,,,,,,
6093,42651.0,42724.40458197097,42745.141666421194,0,20.73708445022504,94.1416664211938,42679.0,True,5,4,False,accurate,1,1,False,False,6,False,False,,,,,,,,,,,
6095,42665.0,42745.141666421194,42748.04416724135,0,2.902500820159912,83.0441672413508,42693.0,True,5,4,False,fast,0,0,False,False,4,False,False,,,,,,,,,,,
6097,42679.0,42748.04416724135,42750.795832287964,0,2.7516650466124246,71.795832287964,42707.0,True,6,5,True,fast,0,0,False,False,2,True,False,,,,,,,,,,,
6098,42686.0,42750.795832287964,42764.19083408087,0,13.395001792907715,78.19083408087317,42714.0,True,6,5,True,accurate,1,1,False,False,1,True,False,,,,,,,,,,,
6099,42693.0,42764.19083408087,42766.899165822164,0,2.708331741293273,73.89916582216392,42721.0,True,7,6,True,fast,0,0,False,True,0,True,False,,,,,,,,,,,
6107,42749.0,42766.899165822164,42787.0991665851,0,20.200000762939453,38.099166585103376,42777.0,True,4,3,False,accurate,0,0,False,False,92,False,False,,,,,,,,,,,
6108,42756.0,42787.0991665851,42789.799163533346,0,2.6999969482421875,33.79916353334556,42784.0,True,4,3,False,fast,0,0,False,False,91,False,False,,,,,,,,,,,
6111,42777.0,42789.799163533346,42792.49916048159,0,2.6999969482421875,15.49916048158775,42805.0,False,3,2,False,fast,0,0,False,False,88,False,True,,,,,,,,,,,
6114,42798.0,42798.0,42800.70000076294,0,2.700000762939453,2.700000762939453,42826.0,False,1,0,False,fast,0,0,False,False,85,False,True,,,,,,,,,,,
6115,42805.0,42805.0,42807.70000457764,0,2.7000045776367188,2.7000045776367188,42833.0,False,1,0,False,fast,0,0,False,False,84,False,True,,,,,,,,,,,
6120,42840.0,42840.0,42842.59999847412,0,2.5999984741210938,2.5999984741210938,42868.0,False,1,0,False,fast,0,0,False,False,79,False,True,,,,,,,,,,,
6121,42847.0,42847.0,42851.0,0,4.0,4.0,42875.0,False,1,0,False,fast,0,0,False,False,78,False,True,,,,,,,,,,,
6123,42861.0,42861.0,42863.70000076294,0,2.700000762939453,2.700000762939453,42889.0,False,1,0,False,fast,0,0,False,False,76,False,True,,,,,,,,,,,
6130,42910.0,42910.0,42912.70000457764,0,2.7000045776367188,2.7000045776367188,42938.0,False,1,0,False,fast,0,0,False,False,69,False,True,,,,,,,,,,,
6132,42924.0,42924.0,42926.69999694824,0,2.6999969482421875,2.6999969482421875,42952.0,False,1,0,False,fast,0,0,False,False,67,False,True,,,,,,,,,,,
6134,42938.0,42938.0,42954.20000076294,0,16.200000762939453,16.200000762939453,42966.0,False,1,0,False,accurate,1,1,False,False,65,False,True,,,,,,,,,,,
6141,42987.0,42987.0,42990.19999694824,0,3.1999969482421875,3.1999969482421875,43015.0,False,1,0,False,fast,0,0,False,False,58,False,True,,,,,,,,,,,
6142,42994.0,42994.0,42997.0,0,3.0,3.0,43022.0,False,1,0,False,fast,0,0,False,False,57,False,True,,,,,,,,,,,
6143,43001.0,43001.0,43015.29999923706,0,14.299999237060547,14.299999237060547,43029.0,False,1,0,False,accurate,1,1,False,False,56,False,True,,,,,,,,,,,
6144,43008.0,43015.29999923706,43031.29999923706,0,16.0,23.299999237060547,43036.0,False,2,1,False,accurate,1,1,False,False,55,False,True,,,,,,,,,,,
6149,43043.0,43043.0,43045.90000152588,0,2.9000015258789062,2.9000015258789062,43071.0,False,1,0,False,fast,0,0,False,False,50,False,True,,,,,,,,,,,
6154,43078.0,43078.0,43102.19999694824,0,24.199996948242188,24.199996948242188,43106.0,False,1,0,False,fast,0,0,False,False,45,False,True,,,,,,,,,,,
6155,43085.0,43102.19999694824,43105.09999847412,0,2.9000015258789062,20.099998474121094,43113.0,False,2,1,False,fast,0,0,False,False,44,False,True,,,,,,,,,,,
6158,43106.0,43106.0,43109.0,0,3.0,3.0,43134.0,False,1,0,False,fast,0,0,False,False,41,False,True,,,,,,,,,,,
6159,43113.0,43113.0,43116.09999847412,0,3.0999984741210938,3.0999984741210938,43141.0,False,1,0,False,fast,0,0,False,False,40,False,True,,,,,,,,,,,
6162,43134.0,43134.0,43146.39999771118,0,12.39999771118164,12.39999771118164,43162.0,False,1,0,False,accurate,1,1,False,False,37,False,True,,,,,,,,,,,
6163,43141.0,43146.39999771118,43165.69999694824,0,19.299999237060547,24.699996948242188,43169.0,False,2,1,False,accurate,0,0,False,False,36,False,True,,,,,,,,,,,
6164,43148.0,43165.69999694824,43179.4999961853,0,13.799999237060547,31.499996185302734,43176.0,True,2,1,False,fast,0,0,False,False,35,False,False,,,,,,,,,,,
6167,43169.0,43179.4999961853,43199.4999961853,0,20.0,30.499996185302734,43197.0,True,2,1,False,accurate,0,0,False,False,32,False,False,,,,,,,,,,,
6168,43176.0,43199.4999961853,43202.29999542236,0,2.799999237060547,26.29999542236328,43204.0,False,3,2,False,fast,0,0,False,False,31,False,True,,,,,,,,,,,
6173,43211.0,43211.0,43213.90000152588,0,2.9000015258789062,2.9000015258789062,43239.0,False,1,0,False,fast,0,0,False,False,26,False,True,,,,,,,,,,,
6175,43225.0,43225.0,43228.0,0,3.0,3.0,43253.0,False,1,0,False,fast,0,0,False,False,24,False,True,,,,,,,,,,,
6178,43246.0,43246.0,43248.90000152588,0,2.9000015258789062,2.9000015258789062,43274.0,False,1,0,False,fast,0,0,False,False,21,False,True,,,,,,,,,,,
6180,43260.0,43260.0,43262.89999771118,0,2.8999977111816406,2.8999977111816406,43288.0,False,1,0,False,fast,0,0,False,False,19,False,True,,,,,,,,,,,
6181,43267.0,43267.0,43280.90000152588,0,13.900001525878906,13.900001525878906,43295.0,False,1,0,False,accurate,1,1,False,False,18,False,True,,,,,,,,,,,
6182,43274.0,43280.90000152588,43294.20000076294,0,13.299999237060547,20.200000762939453,43302.0,False,2,1,False,accurate,1,1,False,False,17,False,True,,,,,,,,,,,
6184,43288.0,43294.20000076294,43297.10000228882,0,2.9000015258789062,9.10000228881836,43316.0,False,2,1,False,fast,0,0,False,False,15,False,True,,,,,,,,,,,
6186,43302.0,43302.0,43314.69999694824,0,12.699996948242188,12.699996948242188,43330.0,False,1,0,False,accurate,1,1,False,False,13,False,True,,,,,,,,,,,
6189,43323.0,43323.0,43325.89999771118,0,2.8999977111816406,2.8999977111816406,43351.0,False,1,0,False,fast,0,0,False,False,10,False,True,,,,,,,,,,,
6201,43407.0,43407.0,43409.90000152588,0,2.9000015258789062,2.9000015258789062,43435.0,False,1,0,False,fast,0,0,False,False,98,False,True,,,,,,,,,,,
6203,43421.0,43421.0,43424.09999847412,0,3.0999984741210938,3.0999984741210938,43449.0,False,1,0,False,fast,0,0,False,False,96,False,True,,,,,,,,,,,
6208,43456.0,43456.0,43459.0,0,3.0,3.0,43484.0,False,1,0,False,fast,0,0,False,False,91,False,True,,,,,,,,,,,
6210,43470.0,43470.0,43484.29999923706,0,14.299999237060547,14.299999237060547,43498.0,False,1,0,False,accurate,1,1,False,False,89,False,True,,,,,,,,,,,
6212,43484.0,43484.29999923706,43487.20000076294,0,2.9000015258789062,3.200000762939453,43512.0,False,2,1,False,fast,0,0,False,False,87,False,True,,,,,,,,,,,
6213,43491.0,43491.0,43493.80000305176,0,2.8000030517578125,2.8000030517578125,43519.0,False,1,0,False,fast,0,0,False,False,86,False,True,,,,,,,,,,,
6214,43498.0,43498.0,43512.59999847412,0,14.599998474121094,14.599998474121094,43526.0,False,1,0,False,accurate,1,1,False,False,85,False,True,,,,,,,,,,,
6215,43505.0,43512.59999847412,43515.39999771118,0,2.799999237060547,10.39999771118164,43533.0,False,2,1,False,fast,0,0,False,False,84,False,True,,,,,,,,,,,
6216,43512.0,43515.39999771118,43518.299991607666,0,2.899993896484375,6.299991607666016,43540.0,False,3,2,False,fast,0,0,False,False,83,False,True,,,,,,,,,,,
6217,43519.0,43519.0,43521.79999923706,0,2.799999237060547,2.799999237060547,43547.0,False,1,0,False,fast,0,0,False,False,82,False,True,,,,,,,,,,,
6218,43526.0,43526.0,43540.0,0,14.0,14.0,43554.0,False,1,0,False,accurate,1,1,False,False,81,False,True,,,,,,,,,,,
6219,43533.0,43540.0,43542.80000305176,0,2.8000030517578125,9.800003051757812,43561.0,False,2,1,False,fast,0,0,False,False,80,False,True,,,,,,,,,,,
6221,43547.0,43547.0,43550.0,0,3.0,3.0,43575.0,False,1,0,False,fast,0,0,False,False,78,False,True,,,,,,,,,,,
6222,43554.0,43554.0,43556.90000152588,0,2.9000015258789062,2.9000015258789062,43582.0,False,1,0,False,fast,0,0,False,False,77,False,True,,,,,,,,,,,
6228,43596.0,43596.0,43598.89999771118,0,2.8999977111816406,2.8999977111816406,43624.0,False,1,0,False,fast,0,0,False,False,71,False,True,,,,,,,,,,,
6233,43631.0,43631.0,43633.90000152588,0,2.9000015258789062,2.9000015258789062,43659.0,False,1,0,False,fast,0,0,False,False,66,False,True,,,,,,,,,,,
6238,43666.0,43666.0,43669.20000076294,0,3.200000762939453,3.200000762939453,43694.0,False,1,0,False,fast,0,0,False,False,61,False,True,,,,,,,,,,,
6240,43680.0,43680.0,43711.790001297,0,31.79000129699707,31.790001296998526,43708.0,True,1,0,False,accurate,1,1,False,False,59,False,False,,,,,,,,,,,
6241,43687.0,43711.790001297,43731.5058395652,0,19.715838268200514,44.50583956520131,43715.0,True,2,1,False,accurate,0,0,False,False,58,False,False,,,,,,,,,,,
6242,43694.0,43731.5058395652,43757.77250645439,0,26.266666889190674,63.77250645439199,43722.0,True,3,2,False,accurate,0,0,False,False,57,False,False,,,,,,,,,,,
6243,43701.0,43757.77250645439,43778.41250522415,0,20.63999876976013,77.41250522415066,43729.0,True,4,3,False,accurate,1,1,False,False,56,False,False,,,,,,,,,,,
6246,43722.0,43778.41250522415,43798.99999940674,0,20.587494182586667,76.99999940674024,43750.0,True,4,3,False,accurate,1,1,False,False,53,False,False,,,,,,,,,,,
6250,43750.0,43798.99999940674,43820.12499382576,0,21.12499441901848,70.12499382576061,43778.0,True,4,3,False,accurate,0,0,False,False,49,False,False,,,,,,,,,,,
6251,43757.0,43820.12499382576,43823.33915796718,0,3.2141641414165405,66.33915796718065,43785.0,True,5,4,False,fast,0,0,False,False,48,False,False,,,,,,,,,,,
6261,43827.0,43827.0,43829.97250156403,0,2.9725015640258787,2.9725015640287893,43855.0,False,1,0,False,fast,0,0,False,False,38,False,True,,,,,,,,,,,
6265,43855.0,43855.0,43857.79999923706,0,2.799999237060547,2.799999237060547,43883.0,False,1,0,False,fast,0,0,False,False,34,False,True,,,,,,,,,,,
6266,43862.0,43862.0,43874.89999771118,0,12.89999771118164,12.89999771118164,43890.0,False,1,0,False,accurate,1,1,False,False,33,False,True,,,,,,,,,,,
6271,43897.0,43897.0,43899.79999923706,0,2.799999237060547,2.799999237060547,43925.0,False,1,0,False,fast,0,0,False,False,28,False,True,,,,,,,,,,,
6272,43904.0,43904.0,43914.29999923706,0,10.299999237060547,10.299999237060547,43932.0,False,1,0,False,accurate,1,1,False,False,27,False,True,,,,,,,,,,,
6273,43911.0,43914.29999923706,43929.89999771118,0,15.599998474121094,18.89999771118164,43939.0,False,2,1,False,accurate,1,1,False,False,26,False,True,,,,,,,,,,,
6274,43918.0,43929.89999771118,43941.80000305176,0,11.900005340576172,23.800003051757812,43946.0,False,2,1,False,accurate,1,1,False,False,25,False,True,,,,,,,,,,,
6276,43932.0,43941.80000305176,43944.70000457764,0,2.9000015258789062,12.700004577636719,43960.0,False,2,1,False,fast,0,0,False,False,23,False,True,,,,,,,,,,,
6278,43946.0,43946.0,43958.70000076294,0,12.700000762939453,12.700000762939453,43974.0,False,1,0,False,accurate,1,1,False,False,21,False,True,,,,,,,,,,,
6280,43960.0,43960.0,43962.79999923706,0,2.799999237060547,2.799999237060547,43988.0,False,1,0,False,fast,0,0,False,False,19,False,True,,,,,,,,,,,
6281,43967.0,43967.0,43969.90000152588,0,2.9000015258789062,2.9000015258789062,43995.0,False,1,0,False,fast,0,0,False,False,18,False,True,,,,,,,,,,,
6282,43974.0,43974.0,43977.0,0,3.0,3.0,44002.0,False,1,0,False,fast,0,0,False,False,17,False,True,,,,,,,,,,,
6285,43995.0,43995.0,43997.90000152588,0,2.9000015258789062,2.9000015258789062,44023.0,False,1,0,False,fast,0,0,False,False,14,False,True,,,,,,,,,,,
6286,44002.0,44002.0,44014.20000076294,0,12.200000762939453,12.200000762939453,44030.0,False,1,0,False,accurate,1,1,False,False,13,False,True,,,,,,,,,,,
6290,44030.0,44030.0,44047.79999923706,0,17.799999237060547,17.799999237060547,44058.0,False,1,0,False,accurate,1,1,False,False,9,False,True,,,,,,,,,,,
6291,44037.0,44047.79999923706,44061.89999771118,0,14.099998474121094,24.89999771118164,44065.0,False,2,1,False,accurate,1,1,False,False,8,False,True,,,,,,,,,,,
6292,44044.0,44061.89999771118,44064.899993896484,0,2.9999961853027344,20.899993896484375,44072.0,False,3,2,False,fast,0,0,False,False,7,False,True,,,,,,,,,,,
6293,44051.0,44064.899993896484,44075.299991607666,0,10.39999771118164,24.299991607666016,44079.0,False,3,2,False,accurate,1,1,False,False,6,False,True,,,,,,,,,,,
6294,44058.0,44075.299991607666,44078.199993133545,0,2.9000015258789062,20.199993133544922,44086.0,False,4,3,False,fast,0,0,False,False,5,False,True,,,,,,,,,,,
6295,44065.0,44078.199993133545,44081.09999084473,0,2.8999977111816406,16.099990844726562,44093.0,False,3,2,False,fast,0,0,False,False,4,False,True,,,,,,,,,,,
6297,44079.0,44081.09999084473,44098.499992370605,0,17.400001525878906,19.49999237060547,44107.0,False,2,1,False,accurate,1,1,False,False,2,True,True,,,,,,,,,,,
6298,44086.0,44098.499992370605,44101.39999008179,0,2.8999977111816406,15.39999008178711,44114.0,False,2,1,False,fast,0,0,False,False,1,True,True,,,,,,,,,,,
6302,44114.0,44114.0,44116.79999923706,0,2.799999237060547,2.799999237060547,44142.0,False,1,0,False,fast,0,0,False,False,97,False,True,,,,,,,,,,,
6303,44121.0,44121.0,44123.90000152588,0,2.9000015258789062,2.9000015258789062,44149.0,False,1,0,False,fast,0,0,False,False,96,False,True,,,,,,,,,,,
6304,44128.0,44128.0,44146.5,0,18.5,18.5,44156.0,False,1,0,False,accurate,1,1,False,False,95,False,True,,,,,,,,,,,
6305,44135.0,44146.5,44149.40000152588,0,2.9000015258789062,14.400001525878906,44163.0,False,2,1,False,fast,0,0,False,False,94,False,True,,,,,,,,,,,
6309,44163.0,44163.0,44165.89999771118,0,2.8999977111816406,2.8999977111816406,44191.0,False,1,0,False,fast,0,0,False,False,90,False,True,,,,,,,,,,,
6310,44170.0,44170.0,44172.89999771118,0,2.8999977111816406,2.8999977111816406,44198.0,False,1,0,False,fast,0,0,False,False,89,False,True,,,,,,,,,,,
6311,44177.0,44177.0,44179.89999771118,0,2.8999977111816406,2.8999977111816406,44205.0,False,1,0,False,fast,0,0,False,False,88,False,True,,,,,,,,,,,
6314,44198.0,44198.0,44200.79999923706,0,2.799999237060547,2.799999237060547,44226.0,False,1,0,False,fast,0,0,False,False,85,False,True,,,,,,,,,,,
6315,44205.0,44205.0,44207.90000152588,0,2.9000015258789062,2.9000015258789062,44233.0,False,1,0,False,fast,0,0,False,False,84,False,True,,,,,,,,,,,
6318,44226.0,44226.0,44252.0,0,26.0,26.0,44254.0,False,1,0,False,accurate,0,0,False,False,81,False,True,,,,,,,,,,,
6320,44240.0,44252.0,44265.29999923706,0,13.299999237060547,25.299999237060547,44268.0,False,2,1,False,accurate,1,1,False,False,79,False,True,,,,,,,,,,,
6321,44247.0,44265.29999923706,44268.20000076294,0,2.9000015258789062,21.200000762939453,44275.0,False,3,2,False,fast,0,0,False,False,78,False,True,,,,,,,,,,,
6325,44275.0,44275.0,44277.90000152588,0,2.9000015258789062,2.9000015258789062,44303.0,False,1,0,False,fast,0,0,False,False,74,False,True,,,,,,,,,,,
6327,44289.0,44289.0,44305.5000038147,0,16.500003814697266,16.500003814697266,44317.0,False,1,0,False,accurate,1,1,False,False,72,False,True,,,,,,,,,,,
6328,44296.0,44305.5000038147,44308.500007629395,0,3.0000038146972656,12.500007629394531,44324.0,False,2,1,False,fast,0,0,False,False,71,False,True,,,,,,,,,,,
6329,44303.0,44308.500007629395,44311.40000915527,0,2.9000015258789062,8.400009155273438,44331.0,False,3,2,False,fast,0,0,False,False,70,False,True,,,,,,,,,,,
6331,44317.0,44317.0,44329.90000152588,0,12.900001525878906,12.900001525878906,44345.0,False,1,0,False,accurate,1,1,False,False,68,False,True,,,,,,,,,,,
6332,44324.0,44329.90000152588,44341.79999923706,0,11.89999771118164,17.799999237060547,44352.0,False,2,1,False,accurate,1,1,False,False,67,False,True,,,,,,,,,,,
6333,44331.0,44341.79999923706,44352.29999923706,0,10.5,21.299999237060547,44359.0,False,2,1,False,accurate,1,1,False,False,66,False,True,,,,,,,,,,,
6336,44352.0,44352.29999923706,44373.5,0,21.200000762939453,21.5,44380.0,False,2,1,False,accurate,0,0,False,False,63,False,True,,,,,,,,,,,
6338,44366.0,44373.5,44376.29999923706,0,2.799999237060547,10.299999237060547,44394.0,False,2,1,False,fast,0,0,False,False,61,False,True,,,,,,,,,,,
6341,44387.0,44387.0,44389.89999771118,0,2.8999977111816406,2.8999977111816406,44415.0,False,1,0,False,fast,0,0,False,False,58,False,True,,,,,,,,,,,
6344,44408.0,44408.0,44410.79999923706,0,2.799999237060547,2.799999237060547,44436.0,False,1,0,False,fast,0,0,False,False,55,False,True,,,,,,,,,,,
6351,44457.0,44457.0,44459.79999923706,0,2.799999237060547,2.799999237060547,44485.0,False,1,0,False,fast,0,0,False,False,48,False,True,,,,,,,,,,,
6353,44471.0,44471.0,44473.79999923706,0,2.799999237060547,2.799999237060547,44499.0,False,1,0,False,fast,0,0,False,False,46,False,True,,,,,,,,,,,
6354,44478.0,44478.0,44480.79999923706,0,2.799999237060547,2.799999237060547,44506.0,False,1,0,False,fast,0,0,False,False,45,False,True,,,,,,,,,,,
6357,44499.0,44499.0,44501.70000076294,0,2.700000762939453,2.700000762939453,44527.0,False,1,0,False,fast,0,0,False,False,42,False,True,,,,,,,,,,,
6359,44513.0,44513.0,44529.30000305176,0,16.300003051757812,16.300003051757812,44541.0,False,1,0,False,accurate,1,1,False,False,40,False,True,,,,,,,,,,,
6365,44555.0,44555.0,44557.90000152588,0,2.9000015258789062,2.9000015258789062,44583.0,False,1,0,False,fast,0,0,False,False,34,False,True,,,,,,,,,,,
6369,44583.0,44583.0,44585.79999923706,0,2.799999237060547,2.799999237060547,44611.0,False,1,0,False,fast,0,0,False,False,30,False,True,,,,,,,,,,,
6370,44590.0,44590.0,44592.79999923706,0,2.799999237060547,2.799999237060547,44618.0,False,1,0,False,fast,0,0,False,False,29,False,True,,,,,,,,,,,
6372,44604.0,44604.0,44633.0,0,29.0,29.0,44632.0,True,1,0,False,accurate,0,0,False,False,27,False,False,,,,,,,,,,,
6375,44625.0,44633.0,44644.39999771118,0,11.39999771118164,19.39999771118164,44653.0,False,2,1,False,accurate,1,1,False,False,24,False,True,,,,,,,,,,,
6379,44653.0,44653.0,44655.70000076294,0,2.700000762939453,2.700000762939453,44681.0,False,1,0,False,fast,0,0,False,False,20,False,True,,,,,,,,,,,
6381,44667.0,44667.0,44669.79999923706,0,2.799999237060547,2.799999237060547,44695.0,False,1,0,False,fast,0,0,False,False,18,False,True,,,,,,,,,,,
6388,44716.0,44716.0,44718.80000305176,0,2.8000030517578125,2.8000030517578125,44744.0,False,1,0,False,fast,0,0,False,False,11,False,True,,,,,,,,,,,
6391,44737.0,44737.0,44761.09999847412,0,24.099998474121094,24.099998474121094,44765.0,False,1,0,False,accurate,0,0,False,False,8,False,True,,,,,,,,,,,
6395,44765.0,44765.0,44767.89999771118,0,2.8999977111816406,2.8999977111816406,44793.0,False,1,0,False,fast,0,0,False,False,4,False,True,,,,,,,,,,,
6396,44772.0,44772.0,44791.20000076294,0,19.200000762939453,19.200000762939453,44800.0,False,1,0,False,accurate,1,1,False,False,3,False,True,,,,,,,,,,,
6397,44779.0,44791.20000076294,44808.90000152588,0,17.700000762939453,29.900001525878906,44807.0,True,2,1,False,accurate,1,1,False,False,2,True,False,,,,,,,,,,,
6399,44793.0,44808.90000152588,44811.70000076294,0,2.799999237060547,18.700000762939453,44821.0,False,2,1,False,fast,0,0,False,True,0,True,True,,,,,,,,,,,
6410,44870.0,44870.0,44895.20916856667,0,25.20916856666404,25.20916856666736,44898.0,False,1,0,False,accurate,1,1,False,False,89,False,True,,,,,,,,,,,
6412,44884.0,44895.20916856667,44898.2891719236,0,3.080003356933594,14.289171923599497,44912.0,False,2,1,False,fast,0,0,False,False,87,False,True,,,,,,,,,,,
6415,44905.0,44905.0,44908.01000328064,0,3.010003280639648,3.010003280636738,44933.0,False,1,0,False,fast,0,0,False,False,84,False,True,,,,,,,,,,,
6419,44933.0,44933.0,44936.02083094627,0,3.020830946266653,3.0208309462686884,44961.0,False,1,0,False,fast,0,0,False,False,80,False,True,,,,,,,,,,,
6421,44947.0,44947.0,44949.87000312805,0,2.8700031280517577,2.870003128053213,44975.0,False,1,0,False,fast,0,0,False,False,78,False,True,,,,,,,,,,,
6422,44954.0,44954.0,44956.94833100781,0,2.9483310078084455,2.9483310078067007,44982.0,False,1,0,False,fast,0,0,False,False,77,False,True,,,,,,,,,,,
6423,44961.0,44961.0,44979.319165896944,0,18.319165896947183,18.31916589694447,44989.0,False,1,0,False,accurate,1,1,False,False,76,False,True,,,,,,,,,,,
6426,44982.0,44982.0,44984.90000152588,0,2.9000015258789062,2.9000015258789062,45010.0,False,1,0,False,fast,0,0,False,False,73,False,True,,,,,,,,,,,
6427,44989.0,44989.0,44992.0,0,3.0,3.0,45017.0,False,1,0,False,fast,0,0,False,False,72,False,True,,,,,,,,,,,
6430,45010.0,45010.0,45024.29999923706,0,14.299999237060547,14.299999237060547,45038.0,False,1,0,False,accurate,1,1,False,False,69,False,True,,,,,,,,,,,
6431,45017.0,45024.29999923706,45027.0,0,2.700000762939453,10.0,45045.0,False,2,1,False,fast,0,0,False,False,68,False,True,,,,,,,,,,,
6432,45024.0,45027.0,45029.79999923706,0,2.799999237060547,5.799999237060547,45052.0,False,3,2,False,fast,0,0,False,False,67,False,True,,,,,,,,,,,
6433,45031.0,45031.0,45044.69999694824,0,13.699996948242188,13.699996948242188,45059.0,False,1,0,False,accurate,1,1,False,False,66,False,True,,,,,,,,,,,
6435,45045.0,45045.0,45058.59999847412,0,13.599998474121094,13.599998474121094,45073.0,False,1,0,False,accurate,1,1,False,False,64,False,True,,,,,,,,,,,
6438,45066.0,45066.0,45068.70000076294,0,2.700000762939453,2.700000762939453,45094.0,False,1,0,False,fast,0,0,False,False,61,False,True,,,,,,,,,,,
6441,45087.0,45087.0,45089.70000457764,0,2.7000045776367188,2.7000045776367188,45115.0,False,1,0,False,fast,0,0,False,False,58,False,True,,,,,,,,,,,
6443,45101.0,45101.0,45103.79999923706,0,2.799999237060547,2.799999237060547,45129.0,False,1,0,False,fast,0,0,False,False,56,False,True,,,,,,,,,,,
6444,45108.0,45108.0,45110.90000152588,0,2.9000015258789062,2.9000015258789062,45136.0,False,1,0,False,fast,0,0,False,False,55,False,True,,,,,,,,,,,
6447,45129.0,45129.0,45131.89999771118,0,2.8999977111816406,2.8999977111816406,45157.0,False,1,0,False,fast,0,0,False,False,52,False,True,,,,,,,,,,,
6448,45136.0,45136.0,45156.20000076294,0,20.200000762939453,20.200000762939453,45164.0,False,1,0,False,accurate,0,0,False,False,51,False,True,,,,,,,,,,,
6451,45157.0,45157.0,45169.19999694824,0,12.199996948242188,12.199996948242188,45185.0,False,1,0,False,accurate,1,1,False,False,48,False,True,,,,,,,,,,,
6452,45164.0,45169.19999694824,45172.099994659424,0,2.8999977111816406,8.099994659423828,45192.0,False,2,1,False,fast,0,0,False,False,47,False,True,,,,,,,,,,,
6453,45171.0,45172.099994659424,45174.9999961853,0,2.9000015258789062,3.9999961853027344,45199.0,False,2,1,False,fast,0,0,False,False,46,False,True,,,,,,,,,,,
6455,45185.0,45185.0,45187.79999923706,0,2.799999237060547,2.799999237060547,45213.0,False,1,0,False,fast,0,0,False,False,44,False,True,,,,,,,,,,,
6458,45206.0,45206.0,45208.90000152588,0,2.9000015258789062,2.9000015258789062,45234.0,False,1,0,False,fast,0,0,False,False,41,False,True,,,,,,,,,,,
6459,45213.0,45213.0,45215.79999923706,0,2.799999237060547,2.799999237060547,45241.0,False,1,0,False,fast,0,0,False,False,40,False,True,,,,,,,,,,,
6461,45227.0,45227.0,45237.099994659424,0,10.099994659423828,10.099994659423828,45255.0,False,1,0,False,accurate,1,1,False,False,38,False,True,,,,,,,,,,,
6462,45234.0,45237.099994659424,45239.899993896484,0,2.799999237060547,5.899993896484375,45262.0,False,2,1,False,fast,0,0,False,False,37,False,True,,,,,,,,,,,
6468,45276.0,45276.0,45278.79999923706,0,2.799999237060547,2.799999237060547,45304.0,False,1,0,False,fast,0,0,False,False,31,False,True,,,,,,,,,,,
6469,45283.0,45283.0,45285.80000305176,0,2.8000030517578125,2.8000030517578125,45311.0,False,1,0,False,fast,0,0,False,False,30,False,True,,,,,,,,,,,
6470,45290.0,45290.0,45292.79999923706,0,2.799999237060547,2.799999237060547,45318.0,False,1,0,False,fast,0,0,False,False,29,False,True,,,,,,,,,,,
6471,45297.0,45297.0,45309.79999923706,0,12.799999237060547,12.799999237060547,45325.0,False,1,0,False,accurate,1,1,False,False,28,False,True,,,,,,,,,,,
6478,45346.0,45346.0,45360.69999694824,0,14.699996948242188,14.699996948242188,45374.0,False,1,0,False,accurate,1,1,False,False,21,False,True,,,,,,,,,,,
6479,45353.0,45360.69999694824,45363.4999961853,0,2.799999237060547,10.499996185302734,45381.0,False,2,1,False,fast,0,0,False,False,20,False,True,,,,,,,,,,,
6481,45367.0,45367.0,45369.89999771118,0,2.8999977111816406,2.8999977111816406,45395.0,False,1,0,False,fast,0,0,False,False,18,False,True,,,,,,,,,,,
6482,45374.0,45374.0,45377.90000152588,0,3.9000015258789062,3.9000015258789062,45402.0,False,1,0,False,fast,0,0,False,False,17,False,True,,,,,,,,,,,
6483,45381.0,45381.0,45398.39999771118,0,17.39999771118164,17.39999771118164,45409.0,False,1,0,False,accurate,1,1,False,False,16,False,True,,,,,,,,,,,
6484,45388.0,45398.39999771118,45423.69999694824,0,25.299999237060547,35.69999694824219,45416.0,True,2,1,False,accurate,0,0,False,False,15,False,False,,,,,,,,,,,
6488,45416.0,45423.69999694824,45426.4999961853,0,2.799999237060547,10.499996185302734,45444.0,False,2,1,False,fast,0,0,False,False,11,False,True,,,,,,,,,,,
6492,45444.0,45444.0,45464.10000228882,0,20.10000228881836,20.10000228881836,45472.0,False,1,0,False,accurate,0,0,False,False,7,False,True,,,,,,,,,,,
6494,45458.0,45464.10000228882,45466.900005340576,0,2.8000030517578125,8.900005340576172,45486.0,False,2,1,False,fast,0,0,False,False,5,False,True,,,,,,,,,,,
6495,45465.0,45466.900005340576,45469.70000457764,0,2.799999237060547,4.700004577636719,45493.0,False,2,1,False,fast,0,0,False,False,4,False,True,,,,,,,,,,,
6497,45479.0,45479.0,45507.89999771118,0,28.89999771118164,28.89999771118164,45507.0,True,1,0,False,accurate,0,0,False,False,2,True,False,,,,,,,,,,,
6498,45486.0,45507.89999771118,45539.4999961853,0,31.599998474121094,53.499996185302734,45514.0,True,2,1,False,accurate,0,0,False,False,1,True,False,,,,,,,,,,,
6499,45493.0,45539.4999961853,45550.29999542236,0,10.799999237060547,57.29999542236328,45521.0,True,3,2,False,accurate,1,1,False,True,0,True,False,,,,,,,,,,,
6501,45507.0,45550.29999542236,45553.09999847412,0,2.8000030517578125,46.099998474121094,45535.0,True,4,3,False,fast,0,0,False,False,98,False,False,,,,,,,,,,,
6505,45535.0,45553.09999847412,45567.5,0,14.400001525878906,32.5,45563.0,True,4,3,False,accurate,1,1,False,False,94,False,False,,,,,,,,,,,
6506,45542.0,45567.5,45570.29999923706,0,2.799999237060547,28.299999237060547,45570.0,True,4,3,False,fast,0,0,False,False,93,False,False,,,,,,,,,,,
6512,45584.0,45584.0,45586.79999923706,0,2.799999237060547,2.799999237060547,45612.0,False,1,0,False,fast,0,0,False,False,87,False,True,,,,,,,,,,,
6514,45598.0,45598.0,45610.20000076294,0,12.200000762939453,12.200000762939453,45626.0,False,1,0,False,accurate,1,1,False,False,85,False,True,,,,,,,,,,,
6518,45626.0,45626.0,45647.59999847412,0,21.599998474121094,21.599998474121094,45654.0,False,1,0,False,accurate,1,1,False,False,81,False,True,,,,,,,,,,,
6519,45633.0,45647.59999847412,45650.39999771118,0,2.799999237060547,17.39999771118164,45661.0,False,2,1,False,fast,0,0,False,False,80,False,True,,,,,,,,,,,
6522,45654.0,45654.0,45656.89999771118,0,2.8999977111816406,2.8999977111816406,45682.0,False,1,0,False,fast,0,0,False,False,77,False,True,,,,,,,,,,,
6523,45661.0,45661.0,45663.79999923706,0,2.799999237060547,2.799999237060547,45689.0,False,1,0,False,fast,0,0,False,False,76,False,True,,,,,,,,,,,
6531,45717.0,45717.0,45719.79999923706,0,2.799999237060547,2.799999237060547,45745.0,False,1,0,False,fast,0,0,False,False,68,False,True,,,,,,,,,,,
6533,45731.0,45731.0,45733.90000152588,0,2.9000015258789062,2.9000015258789062,45759.0,False,1,0,False,fast,0,0,False,False,66,False,True,,,,,,,,,,,
6542,45794.0,45794.0,45796.79999923706,0,2.799999237060547,2.799999237060547,45822.0,False,1,0,False,fast,0,0,False,False,57,False,True,,,,,,,,,,,
6543,45801.0,45801.0,45817.09999847412,0,16.099998474121094,16.099998474121094,45829.0,False,1,0,False,accurate,1,1,False,False,56,False,True,,,,,,,,,,,
6545,45815.0,45817.09999847412,45830.5,0,13.400001525878906,15.5,45843.0,False,2,1,False,accurate,1,1,False,False,54,False,True,,,,,,,,,,,
6552,45864.0,45864.0,45866.90000152588,0,2.9000015258789062,2.9000015258789062,45892.0,False,1,0,False,fast,0,0,False,False,47,False,True,,,,,,,,,,,
6553,45871.0,45871.0,45888.29999923706,0,17.299999237060547,17.299999237060547,45899.0,False,1,0,False,accurate,1,1,False,False,46,False,True,,,,,,,,,,,
6554,45878.0,45888.29999923706,45891.09999847412,0,2.799999237060547,13.099998474121094,45906.0,False,2,1,False,fast,0,0,False,False,45,False,True,,,,,,,,,,,
6559,45913.0,45913.0,45915.80000305176,0,2.8000030517578125,2.8000030517578125,45941.0,False,1,0,False,fast,0,0,False,False,40,False,True,,,,,,,,,,,
6567,45969.0,45969.0,45990.68958883782,0,21.689588837822225,21.689588837820338,45997.0,False,1,0,False,accurate,0,0,False,False,32,False,True,,,,,,,,,,,
6568,45976.0,45990.68958883782,46016.94291906317,0,26.25333022534844,40.94291906317085,46004.0,True,2,1,False,accurate,0,0,False,False,31,False,False,,,,,,,,,,,
6571,45997.0,46016.94291906317,46042.18166826546,0,25.23874920229116,45.18166826546076,46025.0,True,2,1,False,accurate,0,0,False,False,28,False,False,,,,,,,,,,,
6572,46004.0,46042.18166826546,46063.646665175555,0,21.464996910095216,59.64666517555452,46032.0,True,3,2,False,accurate,1,1,False,False,27,False,False,,,,,,,,,,,
6573,46011.0,46063.646665175555,46086.49708599339,0,22.850420817832173,75.49708599338919,46039.0,True,4,3,False,accurate,1,1,False,False,26,False,False,,,,,,,,,,,
6575,46025.0,46086.49708599339,46111.11583599339,0,24.61875,86.11583599339065,46053.0,True,4,3,False,accurate,0,0,False,False,24,False,False,,,,,,,,,,,
6576,46032.0,46111.11583599339,46130.60250182897,0,19.48666583557923,98.60250182897289,46060.0,True,5,4,False,accurate,0,0,False,False,23,False,False,,,,,,,,,,,
6577,46039.0,46130.60250182897,46155.408337775174,0,24.80583594620226,116.408337775174,46067.0,True,6,5,True,accurate,1,1,False,False,22,False,False,,,,,,,,,,,
6583,46081.0,46155.408337775174,46158.332505981154,0,2.9241682059814535,77.3325059811541,46109.0,True,5,4,False,fast,0,0,False,False,16,False,False,,,,,,,,,,,
6584,46088.0,46158.332505981154,46170.032502929396,0,11.699996948242188,82.03250292939629,46116.0,True,5,4,False,accurate,1,1,False,False,15,False,False,,,,,,,,,,,
6587,46109.0,46170.032502929396,46172.83250216646,0,2.799999237060547,63.832502166456834,46137.0,True,6,5,True,fast,0,0,False,False,12,False,False,,,,,,,,,,,
6589,46123.0,46172.83250216646,46175.732503692336,0,2.9000015258789062,52.73250369233574,46151.0,True,6,5,True,fast,0,0,False,False,10,False,False,,,,,,,,,,,
6591,46137.0,46175.732503692336,46178.43250064058,0,2.6999969482421875,41.43250064057793,46165.0,True,6,5,True,fast,0,0,False,False,8,False,False,,,,,,,,,,,
6592,46144.0,46178.43250064058,46181.132505218215,0,2.7000045776367188,37.13250521821465,46172.0,True,7,6,True,fast,0,0,False,False,7,False,False,,,,,,,,,,,
6595,46165.0,46181.132505218215,46183.932504455275,0,2.799999237060547,18.932504455275193,46193.0,False,6,5,True,fast,0,0,False,False,4,False,False,,,,,,,,,,,
6596,46172.0,46183.932504455275,46186.63250903291,0,2.7000045776367188,14.632509032911912,46200.0,False,6,5,True,fast,0,0,False,False,3,False,False,,,,,,,,,,,
6597,46179.0,46186.63250903291,46189.332505981154,0,2.6999969482421875,10.3325059811541,46207.0,False,4,3,False,fast,0,0,False,False,2,True,True,,,,,,,,,,,
6599,46193.0,46193.0,46195.80000305176,0,2.8000030517578125,2.8000030517578125,46221.0,False,1,0,False,fast,0,0,False,True,0,True,True,,,,,,,,,,,
6603,46221.0,46221.0,46235.09999847412,0,14.099998474121094,14.099998474121094,46249.0,False,1,0,False,accurate,1,1,False,False,96,False,True,,,,,,,,,,,
6605,46235.0,46235.09999847412,46237.79999923706,0,2.700000762939453,2.799999237060547,46263.0,False,2,1,False,fast,0,0,False,False,94,False,True,,,,,,,,,,,
6608,46256.0,46256.0,46258.90000152588,0,2.9000015258789062,2.9000015258789062,46284.0,False,1,0,False,fast,0,0,False,False,91,False,True,,,,,,,,,,,
6609,46263.0,46263.0,46265.69999694824,0,2.6999969482421875,2.6999969482421875,46291.0,False,1,0,False,fast,0,0,False,False,90,False,True,,,,,,,,,,,
6613,46291.0,46291.0,46293.90000152588,0,2.9000015258789062,2.9000015258789062,46319.0,False,1,0,False,fast,0,0,False,False,86,False,True,,,,,,,,,,,
6616,46312.0,46312.0,46314.9999961853,0,2.9999961853027344,2.9999961853027344,46340.0,False,1,0,False,fast,0,0,False,False,83,False,True,,,,,,,,,,,
6620,46340.0,46340.0,46342.89999771118,0,2.8999977111816406,2.8999977111816406,46368.0,False,1,0,False,fast,0,0,False,False,79,False,True,,,,,,,,,,,
6621,46347.0,46347.0,46349.79999923706,0,2.799999237060547,2.799999237060547,46375.0,False,1,0,False,fast,0,0,False,False,78,False,True,,,,,,,,,,,
6624,46368.0,46368.0,46381.90000152588,0,13.900001525878906,13.900001525878906,46396.0,False,1,0,False,accurate,1,1,False,False,75,False,True,,,,,,,,,,,
6628,46396.0,46396.0,46415.59999847412,0,19.599998474121094,19.599998474121094,46424.0,False,1,0,False,accurate,0,0,False,False,71,False,True,,,,,,,,,,,
6630,46410.0,46415.59999847412,46418.4999961853,0,2.8999977111816406,8.499996185302734,46438.0,False,2,1,False,fast,0,0,False,False,69,False,True,,,,,,,,,,,
6631,46417.0,46418.4999961853,46422.29999542236,0,3.799999237060547,5.299995422363281,46445.0,False,2,1,False,fast,0,0,False,False,68,False,True,,,,,,,,,,,
6632,46424.0,46424.0,46426.90000152588,0,2.9000015258789062,2.9000015258789062,46452.0,False,1,0,False,fast,0,0,False,False,67,False,True,,,,,,,,,,,
6633,46431.0,46431.0,46433.79999923706,0,2.799999237060547,2.799999237060547,46459.0,False,1,0,False,fast,0,0,False,False,66,False,True,,,,,,,,,,,
6635,46445.0,46445.0,46472.29999923706,0,27.299999237060547,27.299999237060547,46473.0,False,1,0,False,accurate,0,0,False,False,64,False,True,,,,,,,,,,,
6636,46452.0,46472.29999923706,46494.099994659424,0,21.79999542236328,42.09999465942383,46480.0,True,2,1,False,accurate,0,0,False,False,63,False,False,,,,,,,,,,,
6645,46515.0,46515.0,46517.79999923706,0,2.799999237060547,2.799999237060547,46543.0,False,1,0,False,fast,0,0,False,False,54,False,True,,,,,,,,,,,
6646,46522.0,46522.0,46524.79999923706,0,2.799999237060547,2.799999237060547,46550.0,False,1,0,False,fast,0,0,False,False,53,False,True,,,,,,,,,,,
6650,46550.0,46550.0,46552.90000152588,0,2.9000015258789062,2.9000015258789062,46578.0,False,1,0,False,fast,0,0,False,False,49,False,True,,,,,,,,,,,
6651,46557.0,46557.0,46572.29999542236,0,15.299995422363281,15.299995422363281,46585.0,False,1,0,False,accurate,1,1,False,False,48,False,True,,,,,,,,,,,
6658,46606.0,46606.0,46618.70000076294,0,12.700000762939453,12.700000762939453,46634.0,False,1,0,False,accurate,1,1,False,False,41,False,True,,,,,,,,,,,
6659,46613.0,46618.70000076294,46621.39999771118,0,2.6999969482421875,8.39999771118164,46641.0,False,2,1,False,fast,0,0,False,False,40,False,True,,,,,,,,,,,
6660,46620.0,46621.39999771118,46624.29999542236,0,2.8999977111816406,4.299995422363281,46648.0,False,2,1,False,fast,0,0,False,False,39,False,True,,,,,,,,,,,
6663,46641.0,46641.0,46643.80000305176,0,2.8000030517578125,2.8000030517578125,46669.0,False,1,0,False,fast,0,0,False,False,36,False,True,,,,,,,,,,,
6664,46648.0,46648.0,46650.70000457764,0,2.7000045776367188,2.7000045776367188,46676.0,False,1,0,False,fast,0,0,False,False,35,False,True,,,,,,,,,,,
6666,46662.0,46662.0,46664.90000152588,0,2.9000015258789062,2.9000015258789062,46690.0,False,1,0,False,fast,0,0,False,False,33,False,True,,,,,,,,,,,
6670,46690.0,46690.0,46692.79999923706,0,2.799999237060547,2.799999237060547,46718.0,False,1,0,False,fast,0,0,False,False,29,False,True,,,,,,,,,,,
6673,46711.0,46711.0,46713.90000152588,0,2.9000015258789062,2.9000015258789062,46739.0,False,1,0,False,fast,0,0,False,False,26,False,True,,,,,,,,,,,
6674,46718.0,46718.0,46732.10000228882,0,14.10000228881836,14.10000228881836,46746.0,False,1,0,False,accurate,1,1,False,False,25,False,True,,,,,,,,,,,
6678,46746.0,46746.0,46749.29999923706,0,3.299999237060547,3.299999237060547,46774.0,False,1,0,False,fast,0,0,False,False,21,False,True,,,,,,,,,,,
6679,46753.0,46753.0,46779.89999771118,0,26.89999771118164,26.89999771118164,46781.0,False,1,0,False,accurate,1,1,False,False,20,False,True,,,,,,,,,,,
6685,46795.0,46795.0,46810.29999923706,0,15.299999237060547,15.299999237060547,46823.0,False,1,0,False,accurate,1,1,False,False,14,False,True,,,,,,,,,,,
6687,46809.0,46810.29999923706,46813.09999847412,0,2.799999237060547,4.099998474121094,46837.0,False,2,1,False,fast,0,0,False,False,12,False,True,,,,,,,,,,,
6691,46837.0,46837.0,46839.80000305176,0,2.8000030517578125,2.8000030517578125,46865.0,False,1,0,False,fast,0,0,False,False,8,False,True,,,,,,,,,,,
6692,46844.0,46844.0,46846.90000152588,0,2.9000015258789062,2.9000015258789062,46872.0,False,1,0,False,fast,0,0,False,False,7,False,True,,,,,,,,,,,
6694,46858.0,46858.0,46860.79999923706,0,2.799999237060547,2.799999237060547,46886.0,False,1,0,False,fast,0,0,False,False,5,False,True,,,,,,,,,,,
6701,46907.0,46907.0,46921.20000076294,0,14.200000762939453,14.200000762939453,46935.0,False,1,0,False,accurate,1,1,False,False,98,False,True,,,,,,,,,,,
6707,46949.0,46949.0,46964.79999923706,0,15.799999237060547,15.799999237060547,46977.0,False,1,0,False,accurate,1,1,False,False,92,False,True,,,,,,,,,,,
6708,46956.0,46964.79999923706,46977.40000152588,0,12.60000228881836,21.400001525878906,46984.0,False,2,1,False,accurate,1,1,False,False,91,False,True,,,,,,,,,,,
6709,46963.0,46977.40000152588,46980.10000228882,0,2.700000762939453,17.10000228881836,46991.0,False,3,2,False,fast,0,0,False,False,90,False,True,,,,,,,,,,,
6710,46970.0,46980.10000228882,46993.0000038147,0,12.900001525878906,23.000003814697266,46998.0,False,3,2,False,accurate,1,1,False,False,89,False,True,,,,,,,,,,,
6711,46977.0,46993.0000038147,46995.80000305176,0,2.799999237060547,18.800003051757812,47005.0,False,4,3,False,fast,0,0,False,False,88,False,True,,,,,,,,,,,
6714,46998.0,46998.0,47000.70000076294,0,2.700000762939453,2.700000762939453,47026.0,False,1,0,False,fast,0,0,False,False,85,False,True,,,,,,,,,,,
6715,47005.0,47005.0,47019.60000228882,0,14.60000228881836,14.60000228881836,47033.0,False,1,0,False,accurate,1,1,False,False,84,False,True,,,,,,,,,,,
6716,47012.0,47019.60000228882,47023.20000457764,0,3.6000022888183594,11.200004577636719,47040.0,False,2,1,False,fast,0,0,False,False,83,False,True,,,,,,,,,,,
6719,47033.0,47033.0,47035.80000305176,0,2.8000030517578125,2.8000030517578125,47061.0,False,1,0,False,fast,0,0,False,False,80,False,True,,,,,,,,,,,
6720,47040.0,47040.0,47083.51999740601,0,43.51999740600586,43.51999740600877,47068.0,True,1,0,False,accurate,0,0,False,False,79,False,False,,,,,,,,,,,
6723,47061.0,47083.51999740601,47110.60999617577,0,27.08999876976013,49.60999617577181,47089.0,True,2,1,False,accurate,0,0,False,False,76,False,False,,,,,,,,,,,
6724,47068.0,47110.60999617577,47131.984995988016,0,21.37499981224537,63.984995988015726,47096.0,True,3,2,False,accurate,0,0,False,False,75,False,False,,,,,,,,,,,
6725,47075.0,47131.984995988016,47135.11249688248,0,3.127500894467039,60.11249688248063,47103.0,True,4,3,False,fast,0,0,False,False,74,False,False,,,,,,,,,,,
6729,47103.0,47135.11249688248,47166.449995785755,0,31.337498903274536,63.44999578575516,47131.0,True,4,3,False,accurate,0,0,False,False,70,False,False,,,,,,,,,,,
6731,47117.0,47166.449995785755,47188.51666267495,0,22.066666889190675,71.51666267494875,47145.0,True,4,3,False,accurate,1,1,False,False,68,False,False,,,,,,,,,,,
6732,47124.0,47188.51666267495,47191.59666603188,0,3.080003356933594,67.59666603188089,47152.0,True,5,4,False,fast,0,0,False,False,67,False,False,,,,,,,,,,,
6733,47131.0,47191.59666603188,47211.541247454785,0,19.944581422905117,80.54124745478475,47159.0,True,6,5,True,accurate,0,0,False,False,66,False,False,,,,,,,,,,,
6734,47138.0,47211.541247454785,47226.39541404148,0,14.854166586697103,88.39541404147894,47166.0,True,5,4,False,accurate,1,1,False,False,65,False,False,,,,,,,,,,,
6736,47152.0,47226.39541404148,47255.255411381324,0,28.85999733984469,103.25541138132394,47180.0,True,6,5,True,accurate,0,0,False,False,63,False,False,,,,,,,,,,,
6737,47159.0,47255.255411381324,47258.21874390165,0,2.96333252032598,99.21874390164885,47187.0,True,7,6,True,fast,0,0,False,False,62,False,False,,,,,,,,,,,
6739,47173.0,47258.21874390165,47269.67707720021,0,11.458333298563957,96.6770772002128,47201.0,True,7,6,True,accurate,1,1,False,False,60,False,False,,,,,,,,,,,
6741,47187.0,47269.67707720021,47272.44458189229,0,2.7675046920776363,85.44458189229044,47215.0,True,8,7,True,fast,0,0,False,False,58,False,False,,,,,,,,,,,
6742,47194.0,47272.44458189229,47275.18957879101,0,2.74499689872066,81.18957879101072,47222.0,True,7,6,True,fast,0,0,False,False,57,False,False,,,,,,,,,,,
6743,47201.0,47275.18957879101,47292.27374782768,0,17.084169036671522,91.27374782768311,47229.0,True,8,7,True,accurate,1,1,False,False,56,False,False,,,,,,,,,,,
6745,47215.0,47292.27374782768,47295.27374782768,0,3.0,80.27374782768311,47243.0,True,8,7,True,fast,0,0,False,False,54,False,False,,,,,,,,,,,
6746,47222.0,47295.27374782768,47308.073747064744,0,12.799999237060547,86.07374706474366,47250.0,True,9,8,True,accurate,1,1,False,False,53,False,False,,,,,,,,,,,
6747,47229.0,47308.073747064744,47311.07375087944,0,3.0000038146972656,82.07375087944092,47257.0,True,9,8,True,fast,0,0,False,False,52,False,False,,,,,,,,,,,
6749,47243.0,47311.07375087944,47315.17374935356,0,4.099998474121094,72.17374935356202,47271.0,True,10,9,True,fast,0,0,False,False,50,False,False,,,,,,,,,,,
6750,47250.0,47315.17374935356,47317.97374859062,0,2.799999237060547,67.97374859062256,47278.0,True,11,10,True,fast,0,0,False,False,49,False,False,,,,,,,,,,,
6756,47292.0,47317.97374859062,47322.07375087944,0,4.100002288818359,30.073750879440922,47320.0,True,7,6,True,fast,0,0,False,False,43,False,False,,,,,,,,,,,
6759,47313.0,47322.07375087944,47324.97375240532,0,2.9000015258789062,11.973752405319829,47341.0,False,4,3,False,fast,0,0,False,False,40,False,True,,,,,,,,,,,
6762,47334.0,47334.0,47345.70000076294,0,11.700000762939453,11.700000762939453,47362.0,False,1,0,False,accurate,1,1,False,False,37,False,True,,,,,,,,,,,
6764,47348.0,47348.0,47350.90000152588,0,2.9000015258789062,2.9000015258789062,47376.0,False,1,0,False,fast,0,0,False,False,35,False,True,,,,,,,,,,,
6765,47355.0,47355.0,47357.79999923706,0,2.799999237060547,2.799999237060547,47383.0,False,1,0,False,fast,0,0,False,False,34,False,True,,,,,,,,,,,
6766,47362.0,47362.0,47364.90000152588,0,2.9000015258789062,2.9000015258789062,47390.0,False,1,0,False,fast,0,0,False,False,33,False,True,,,,,,,,,,,
6767,47369.0,47369.0,47383.70000076294,0,14.700000762939453,14.700000762939453,47397.0,False,1,0,False,accurate,1,1,False,False,32,False,True,,,,,,,,,,,
6771,47397.0,47397.0,47411.40000152588,0,14.400001525878906,14.400001525878906,47425.0,False,1,0,False,accurate,1,1,False,False,28,False,True,,,,,,,,,,,
6773,47411.0,47411.40000152588,47430.90000152588,0,19.5,19.900001525878906,47439.0,False,2,1,False,accurate,0,0,False,False,26,False,True,,,,,,,,,,,
6775,47425.0,47430.90000152588,47450.5,0,19.599998474121094,25.5,47453.0,False,2,1,False,accurate,1,1,False,False,24,False,True,,,,,,,,,,,
6776,47432.0,47450.5,47453.30000305176,0,2.8000030517578125,21.300003051757812,47460.0,False,2,1,False,fast,0,0,False,False,23,False,True,,,,,,,,,,,
6778,47446.0,47453.30000305176,47456.20000457764,0,2.9000015258789062,10.200004577636719,47474.0,False,3,2,False,fast,0,0,False,False,21,False,True,,,,,,,,,,,
6781,47467.0,47467.0,47470.69999694824,0,3.6999969482421875,3.6999969482421875,47495.0,False,1,0,False,fast,0,0,False,False,18,False,True,,,,,,,,,,,
6782,47474.0,47474.0,47483.5,0,9.5,9.5,47502.0,False,1,0,False,fast,0,0,False,False,17,False,True,,,,,,,,,,,
6783,47481.0,47483.5,47486.40000152588,0,2.9000015258789062,5.400001525878906,47509.0,False,2,1,False,fast,0,0,False,False,16,False,True,,,,,,,,,,,
6784,47488.0,47488.0,47490.80000305176,0,2.8000030517578125,2.8000030517578125,47516.0,False,1,0,False,fast,0,0,False,False,15,False,True,,,,,,,,,,,
6785,47495.0,47495.0,47506.39999771118,0,11.39999771118164,11.39999771118164,47523.0,False,1,0,False,accurate,1,1,False,False,14,False,True,,,,,,,,,,,
6786,47502.0,47506.39999771118,47509.19999694824,0,2.799999237060547,7.1999969482421875,47530.0,False,2,1,False,fast,0,0,False,False,13,False,True,,,,,,,,,,,
6788,47516.0,47516.0,47518.70000076294,0,2.700000762939453,2.700000762939453,47544.0,False,1,0,False,fast,0,0,False,False,11,False,True,,,,,,,,,,,
6789,47523.0,47523.0,47525.69999694824,0,2.6999969482421875,2.6999969482421875,47551.0,False,1,0,False,fast,0,0,False,False,10,False,True,,,,,,,,,,,
6790,47530.0,47530.0,47532.79999923706,0,2.799999237060547,2.799999237060547,47558.0,False,1,0,False,fast,0,0,False,False,9,False,True,,,,,,,,,,,
6795,47565.0,47565.0,47582.40000152588,0,17.400001525878906,17.400001525878906,47593.0,False,1,0,False,accurate,1,1,False,False,4,False,True,,,,,,,,,,,
6799,47593.0,47593.0,47595.89999771118,0,2.8999977111816406,2.8999977111816406,47621.0,False,1,0,False,fast,0,0,False,True,0,True,True,,,,,,,,,,,
6801,47607.0,47607.0,47611.0,0,4.0,4.0,47635.0,False,1,0,False,fast,0,0,False,False,98,False,True,,,,,,,,,,,
6803,47621.0,47621.0,47635.59999847412,0,14.599998474121094,14.599998474121094,47649.0,False,1,0,False,accurate,1,1,False,False,96,False,True,,,,,,,,,,,
6805,47635.0,47635.59999847412,47638.39999771118,0,2.799999237060547,3.3999977111816406,47663.0,False,2,1,False,fast,0,0,False,False,94,False,True,,,,,,,,,,,
6806,47642.0,47642.0,47644.79999923706,0,2.799999237060547,2.799999237060547,47670.0,False,1,0,False,fast,0,0,False,False,93,False,True,,,,,,,,,,,
6809,47663.0,47663.0,47665.80000305176,0,2.8000030517578125,2.8000030517578125,47691.0,False,1,0,False,fast,0,0,False,False,90,False,True,,,,,,,,,,,
6811,47677.0,47677.0,47679.79999923706,0,2.799999237060547,2.799999237060547,47705.0,False,1,0,False,fast,0,0,False,False,88,False,True,,,,,,,,,,,
6813,47691.0,47691.0,47704.39999771118,0,13.39999771118164,13.39999771118164,47719.0,False,1,0,False,accurate,1,1,False,False,86,False,True,,,,,,,,,,,
6814,47698.0,47704.39999771118,47707.099994659424,0,2.6999969482421875,9.099994659423828,47726.0,False,2,1,False,fast,0,0,False,False,85,False,True,,,,,,,,,,,
6815,47705.0,47707.099994659424,47709.899993896484,0,2.799999237060547,4.899993896484375,47733.0,False,2,1,False,fast,0,0,False,False,84,False,True,,,,,,,,,,,
6817,47719.0,47719.0,47732.0,0,13.0,13.0,47747.0,False,1,0,False,accurate,1,1,False,False,82,False,True,,,,,,,,,,,
6823,47761.0,47761.0,47778.19999694824,0,17.199996948242188,17.199996948242188,47789.0,False,1,0,False,accurate,1,1,False,False,76,False,True,,,,,,,,,,,
6828,47796.0,47796.0,47798.79999923706,0,2.799999237060547,2.799999237060547,47824.0,False,1,0,False,fast,0,0,False,False,71,False,True,,,,,,,,,,,
6832,47824.0,47824.0,47837.29999923706,0,13.299999237060547,13.299999237060547,47852.0,False,1,0,False,accurate,1,1,False,False,67,False,True,,,,,,,,,,,
6834,47838.0,47838.0,47840.90000152588,0,2.9000015258789062,2.9000015258789062,47866.0,False,1,0,False,fast,0,0,False,False,65,False,True,,,,,,,,,,,
6836,47852.0,47852.0,47854.79999923706,0,2.799999237060547,2.799999237060547,47880.0,False,1,0,False,fast,0,0,False,False,63,False,True,,,,,,,,,,,
6841,47887.0,47887.0,47889.90000152588,0,2.9000015258789062,2.9000015258789062,47915.0,False,1,0,False,fast,0,0,False,False,58,False,True,,,,,,,,,,,
6846,47922.0,47922.0,47924.79999923706,0,2.799999237060547,2.799999237060547,47950.0,False,1,0,False,fast,0,0,False,False,53,False,True,,,,,,,,,,,
6849,47943.0,47943.0,47959.90000152588,0,16.900001525878906,16.900001525878906,47971.0,False,1,0,False,accurate,1,1,False,False,50,False,True,,,,,,,,,,,
6853,47971.0,47971.0,47985.69999694824,0,14.699996948242188,14.699996948242188,47999.0,False,1,0,False,accurate,1,1,False,False,46,False,True,,,,,,,,,,,
6854,47978.0,47985.69999694824,47988.59999847412,0,2.9000015258789062,10.599998474121094,48006.0,False,2,1,False,fast,0,0,False,False,45,False,True,,,,,,,,,,,
6864,48048.0,48048.0,48050.79999923706,0,2.799999237060547,2.799999237060547,48076.0,False,1,0,False,fast,0,0,False,False,35,False,True,,,,,,,,,,,
6865,48055.0,48055.0,48065.79999542236,0,10.799995422363281,10.799995422363281,48083.0,False,1,0,False,accurate,1,1,False,False,34,False,True,,,,,,,,,,,
6866,48062.0,48065.79999542236,48090.599994659424,0,24.799999237060547,28.599994659423828,48090.0,True,2,1,False,accurate,1,1,False,False,33,False,False,,,,,,,,,,,
6869,48083.0,48090.599994659424,48093.399993896484,0,2.799999237060547,10.399993896484375,48111.0,False,2,1,False,fast,0,0,False,False,30,False,True,,,,,,,,,,,
6870,48090.0,48093.399993896484,48096.099994659424,0,2.700000762939453,6.099994659423828,48118.0,False,3,2,False,fast,0,0,False,False,29,False,True,,,,,,,,,,,
6875,48125.0,48125.0,48127.90000152588,0,2.9000015258789062,2.9000015258789062,48153.0,False,1,0,False,fast,0,0,False,False,24,False,True,,,,,,,,,,,
6877,48139.0,48139.0,48141.70000457764,0,2.7000045776367188,2.7000045776367188,48167.0,False,1,0,False,fast,0,0,False,False,22,False,True,,,,,,,,,,,
6878,48146.0,48146.0,48148.70000076294,0,2.700000762939453,2.700000762939453,48174.0,False,1,0,False,fast,0,0,False,False,21,False,True,,,,,,,,,,,
6879,48153.0,48153.0,48155.79999923706,0,2.799999237060547,2.799999237060547,48181.0,False,1,0,False,fast,0,0,False,False,20,False,True,,,,,,,,,,,
6880,48160.0,48160.0,48183.62999610901,0,23.62999610900879,23.6299961090117,48188.0,False,1,0,False,accurate,0,0,False,False,19,False,True,,,,,,,,,,,
6884,48188.0,48188.0,48216.499993709724,0,28.49999370972321,28.49999370972364,48216.0,True,1,0,False,accurate,0,0,False,False,15,False,False,,,,,,,,,,,
6889,48223.0,48223.0,48242.98125219345,0,19.981252193450928,19.981252193450928,48251.0,False,1,0,False,accurate,1,1,False,False,10,False,True,,,,,,,,,,,
6890,48230.0,48242.98125219345,48246.21958721916,0,3.2383350257078747,16.21958721915871,48258.0,False,2,1,False,fast,0,0,False,False,9,False,True,,,,,,,,,,,
6893,48251.0,48251.0,48254.165835004846,0,3.165835004846258,3.165835004845576,48279.0,False,1,0,False,fast,0,0,False,False,6,False,True,,,,,,,,,,,
6896,48272.0,48272.0,48275.093334966696,0,3.0933349666992855,3.093334966695693,48300.0,False,1,0,False,fast,0,0,False,False,3,False,True,,,,,,,,,,,
6897,48279.0,48279.0,48283.445000799096,0,4.445000799099603,4.445000799096306,48307.0,False,1,0,False,fast,0,0,False,False,2,True,True,,,,,,,,,,,
6900,48300.0,48300.0,48302.89333254774,0,2.8933325477441145,2.893332547741011,48328.0,False,1,0,False,fast,0,0,False,False,99,False,True,,,,,,,,,,,
6908,48356.0,48356.0,48358.79999923706,0,2.799999237060547,2.799999237060547,48384.0,False,1,0,False,fast,0,0,False,False,91,False,True,,,,,,,,,,,
6917,48419.0,48419.0,48421.69999694824,0,2.6999969482421875,2.6999969482421875,48447.0,False,1,0,False,fast,0,0,False,False,82,False,True,,,,,,,,,,,
6918,48426.0,48426.0,48428.79999923706,0,2.799999237060547,2.799999237060547,48454.0,False,1,0,False,fast,0,0,False,False,81,False,True,,,,,,,,,,,
6919,48433.0,48433.0,48435.70000076294,0,2.700000762939453,2.700000762939453,48461.0,False,1,0,False,fast,0,0,False,False,80,False,True,,,,,,,,,,,
6920,48440.0,48440.0,48442.69999694824,0,2.6999969482421875,2.6999969482421875,48468.0,False,1,0,False,fast,0,0,False,False,79,False,True,,,,,,,,,,,
6924,48468.0,48468.0,48470.79999923706,0,2.799999237060547,2.799999237060547,48496.0,False,1,0,False,fast,0,0,False,False,75,False,True,,,,,,,,,,,
6928,48496.0,48496.0,48499.80000305176,0,3.8000030517578125,3.8000030517578125,48524.0,False,1,0,False,fast,0,0,False,False,71,False,True,,,,,,,,,,,
6936,48552.0,48552.0,48564.19999694824,0,12.199996948242188,12.199996948242188,48580.0,False,1,0,False,accurate,1,1,False,False,63,False,True,,,,,,,,,,,
6938,48566.0,48566.0,48586.60000228882,0,20.60000228881836,20.60000228881836,48594.0,False,1,0,False,accurate,1,1,False,False,61,False,True,,,,,,,,,,,
6940,48580.0,48586.60000228882,48608.400005340576,0,21.800003051757812,28.400005340576172,48608.0,True,2,1,False,accurate,0,0,False,False,59,False,False,,,,,,,,,,,
6941,48587.0,48608.400005340576,48611.100006103516,0,2.700000762939453,24.100006103515625,48615.0,False,2,1,False,fast,0,0,False,False,58,False,True,,,,,,,,,,,
6942,48594.0,48611.100006103516,48613.80001068115,0,2.7000045776367188,19.800010681152344,48622.0,False,3,2,False,fast,0,0,False,False,57,False,True,,,,,,,,,,,
6946,48622.0,48622.0,48624.79999923706,0,2.799999237060547,2.799999237060547,48650.0,False,1,0,False,fast,0,0,False,False,53,False,True,,,,,,,,,,,
6947,48629.0,48629.0,48631.79999923706,0,2.799999237060547,2.799999237060547,48657.0,False,1,0,False,fast,0,0,False,False,52,False,True,,,,,,,,,,,
6948,48636.0,48636.0,48638.79999923706,0,2.799999237060547,2.799999237060547,48664.0,False,1,0,False,fast,0,0,False,False,51,False,True,,,,,,,,,,,
6950,48650.0,48650.0,48652.79999923706,0,2.799999237060547,2.799999237060547,48678.0,False,1,0,False,fast,0,0,False,False,49,False,True,,,,,,,,,,,
6952,48664.0,48664.0,48666.69999694824,0,2.6999969482421875,2.6999969482421875,48692.0,False,1,0,False,fast,0,0,False,False,47,False,True,,,,,,,,,,,
6954,48678.0,48678.0,48680.69999694824,0,2.6999969482421875,2.6999969482421875,48706.0,False,1,0,False,fast,0,0,False,False,45,False,True,,,,,,,,,,,
6955,48685.0,48685.0,48698.19999694824,0,13.199996948242188,13.199996948242188,48713.0,False,1,0,False,accurate,1,1,False,False,44,False,True,,,,,,,,,,,
6956,48692.0,48698.19999694824,48701.09999847412,0,2.9000015258789062,9.099998474121094,48720.0,False,2,1,False,fast,0,0,False,False,43,False,True,,,,,,,,,,,
6959,48713.0,48713.0,48725.79999923706,0,12.799999237060547,12.799999237060547,48741.0,False,1,0,False,accurate,1,1,False,False,40,False,True,,,,,,,,,,,
6961,48727.0,48727.0,48742.09999847412,0,15.099998474121094,15.099998474121094,48755.0,False,1,0,False,accurate,1,1,False,False,38,False,True,,,,,,,,,,,
6965,48755.0,48755.0,48768.5,0,13.5,13.5,48783.0,False,1,0,False,accurate,1,1,False,False,34,False,True,,,,,,,,,,,
6966,48762.0,48768.5,48771.29999923706,0,2.799999237060547,9.299999237060547,48790.0,False,2,1,False,fast,0,0,False,False,33,False,True,,,,,,,,,,,
6968,48776.0,48776.0,48778.79999923706,0,2.799999237060547,2.799999237060547,48804.0,False,1,0,False,fast,0,0,False,False,31,False,True,,,,,,,,,,,
6971,48797.0,48797.0,48809.9999961853,0,12.999996185302734,12.999996185302734,48825.0,False,1,0,False,accurate,1,1,False,False,28,False,True,,,,,,,,,,,
6983,48881.0,48881.0,48883.79999923706,0,2.799999237060547,2.799999237060547,48909.0,False,1,0,False,fast,0,0,False,False,16,False,True,,,,,,,,,,,
6984,48888.0,48888.0,48890.80000305176,0,2.8000030517578125,2.8000030517578125,48916.0,False,1,0,False,fast,0,0,False,False,15,False,True,,,,,,,,,,,
6986,48902.0,48902.0,48904.90000152588,0,2.9000015258789062,2.9000015258789062,48930.0,False,1,0,False,fast,0,0,False,False,13,False,True,,,,,,,,,,,
6989,48923.0,48923.0,48925.69999694824,0,2.6999969482421875,2.6999969482421875,48951.0,False,1,0,False,fast,0,0,False,False,10,False,True,,,,,,,,,,,
6993,48951.0,48951.0,48953.79999923706,0,2.799999237060547,2.799999237060547,48979.0,False,1,0,False,fast,0,0,False,False,6,False,True,,,,,,,,,,,
6994,48958.0,48958.0,48960.79999923706,0,2.799999237060547,2.799999237060547,48986.0,False,1,0,False,fast,0,0,False,False,5,False,True,,,,,,,,,,,
6998,48986.0,48986.0,48988.79999923706,0,2.799999237060547,2.799999237060547,49014.0,False,1,0,False,fast,0,0,False,False,1,True,True,,,,,,,,,,,
6999,48993.0,48993.0,49012.10000228882,0,19.10000228881836,19.10000228881836,49021.0,False,1,0,False,accurate,0,0,False,True,0,True,True,,,,,,,,,,,
7000,49000.0,49012.10000228882,49033.40000152588,0,21.299999237060547,33.400001525878906,49028.0,True,2,1,False,accurate,1,1,False,False,99,False,False,,,,,,,,,,,
7002,49014.0,49033.40000152588,49045.900005340576,0,12.500003814697266,31.900005340576172,49042.0,True,2,1,False,accurate,1,1,False,False,97,False,False,,,,,,,,,,,
7003,49021.0,49045.900005340576,49048.70000457764,0,2.799999237060547,27.70000457763672,49049.0,False,3,2,False,fast,0,0,False,False,96,False,True,,,,,,,,,,,
7006,49042.0,49048.70000457764,49051.5000038147,0,2.799999237060547,9.500003814697266,49070.0,False,3,2,False,fast,0,0,False,False,93,False,True,,,,,,,,,,,
7008,49056.0,49056.0,49058.79999923706,0,2.799999237060547,2.799999237060547,49084.0,False,1,0,False,fast,0,0,False,False,91,False,True,,,,,,,,,,,
7012,49084.0,49084.0,49086.70000076294,0,2.700000762939453,2.700000762939453,49112.0,False,1,0,False,fast,0,0,False,False,87,False,True,,,,,,,,,,,
7013,49091.0,49091.0,49093.69999694824,0,2.6999969482421875,2.6999969482421875,49119.0,False,1,0,False,fast,0,0,False,False,86,False,True,,,,,,,,,,,
7016,49112.0,49112.0,49114.79999923706,0,2.799999237060547,2.799999237060547,49140.0,False,1,0,False,fast,0,0,False,False,83,False,True,,,,,,,,,,,
7019,49133.0,49133.0,49135.79999923706,0,2.799999237060547,2.799999237060547,49161.0,False,1,0,False,fast,0,0,False,False,80,False,True,,,,,,,,,,,
7022,49154.0,49154.0,49156.79999923706,0,2.799999237060547,2.799999237060547,49182.0,False,1,0,False,fast,0,0,False,False,77,False,True,,,,,,,,,,,
7028,49196.0,49196.0,49207.90000152588,0,11.900001525878906,11.900001525878906,49224.0,False,1,0,False,accurate,1,1,False,False,71,False,True,,,,,,,,,,,
7029,49203.0,49207.90000152588,49210.70000457764,0,2.8000030517578125,7.700004577636719,49231.0,False,2,1,False,fast,0,0,False,False,70,False,True,,,,,,,,,,,
7031,49217.0,49217.0,49230.79999923706,0,13.799999237060547,13.799999237060547,49245.0,False,1,0,False,accurate,1,1,False,False,68,False,True,,,,,,,,,,,
7032,49224.0,49230.79999923706,49233.59999847412,0,2.799999237060547,9.599998474121094,49252.0,False,2,1,False,fast,0,0,False,False,67,False,True,,,,,,,,,,,
7038,49266.0,49266.0,49268.79999923706,0,2.799999237060547,2.799999237060547,49294.0,False,1,0,False,fast,0,0,False,False,61,False,True,,,,,,,,,,,
7040,49280.0,49280.0,49302.27000389099,0,22.27000389099121,22.270003890989756,49308.0,False,1,0,False,accurate,1,1,False,False,59,False,True,,,,,,,,,,,
7041,49287.0,49302.27000389099,49328.502088280715,0,26.23208438972631,41.502088280714815,49315.0,True,2,1,False,accurate,1,1,False,False,58,False,False,,,,,,,,,,,
7042,49294.0,49328.502088280715,49351.813750134905,0,23.311661854187605,57.813750134904694,49322.0,True,3,2,False,accurate,0,0,False,False,57,False,False,,,,,,,,,,,
7046,49322.0,49351.813750134905,49370.72374664446,0,18.909996509552002,48.723746644456696,49350.0,True,3,2,False,accurate,0,0,False,False,53,False,False,,,,,,,,,,,
7047,49329.0,49370.72374664446,49373.69207822542,0,2.9683315809567827,44.69207822541648,49357.0,True,3,2,False,fast,0,0,False,False,52,False,False,,,,,,,,,,,
7050,49350.0,49373.69207822542,49393.8312489911,0,20.139170765678045,43.8312489910968,49378.0,True,4,3,False,accurate,1,1,False,False,49,False,False,,,,,,,,,,,
7052,49364.0,49393.8312489911,49417.05125002107,0,23.220001029968262,53.05125002106797,49392.0,True,4,3,False,accurate,1,1,False,False,47,False,False,,,,,,,,,,,
7054,49378.0,49417.05125002107,49420.19291420242,0,3.141664181351666,42.19291420241643,49406.0,True,3,2,False,fast,0,0,False,False,45,False,False,,,,,,,,,,,
7057,49399.0,49420.19291420242,49423.15624672274,0,2.96333252032598,24.156246722741344,49427.0,False,3,2,False,fast,0,0,False,False,42,False,True,,,,,,,,,,,
7060,49420.0,49423.15624672274,49426.04957927048,0,2.8933325477441145,6.049579270482354,49448.0,False,3,2,False,fast,0,0,False,False,39,False,True,,,,,,,,,,,
7062,49434.0,49434.0,49436.74500465527,0,2.7450046552717704,2.7450046552694403,49462.0,False,1,0,False,fast,0,0,False,False,37,False,True,,,,,,,,,,,
7066,49462.0,49462.0,49464.79999923706,0,2.799999237060547,2.799999237060547,49490.0,False,1,0,False,fast,0,0,False,False,33,False,True,,,,,,,,,,,
7070,49490.0,49490.0,49492.70000457764,0,2.7000045776367188,2.7000045776367188,49518.0,False,1,0,False,fast,0,0,False,False,29,False,True,,,,,,,,,,,
7071,49497.0,49497.0,49510.70000076294,0,13.700000762939453,13.700000762939453,49525.0,False,1,0,False,accurate,1,1,False,False,28,False,True,,,,,,,,,,,
7072,49504.0,49510.70000076294,49513.5,0,2.799999237060547,9.5,49532.0,False,2,1,False,fast,0,0,False,False,27,False,True,,,,,,,,,,,
7073,49511.0,49513.5,49516.20000076294,0,2.700000762939453,5.200000762939453,49539.0,False,2,1,False,fast,0,0,False,False,26,False,True,,,,,,,,,,,
7076,49532.0,49532.0,49534.79999923706,0,2.799999237060547,2.799999237060547,49560.0,False,1,0,False,fast,0,0,False,False,23,False,True,,,,,,,,,,,
7079,49553.0,49553.0,49566.79999923706,0,13.799999237060547,13.799999237060547,49581.0,False,1,0,False,accurate,1,1,False,False,20,False,True,,,,,,,,,,,
7080,49560.0,49566.79999923706,49584.40000152588,0,17.60000228881836,24.400001525878906,49588.0,False,2,1,False,accurate,1,1,False,False,19,False,True,,,,,,,,,,,
7082,49574.0,49584.40000152588,49603.20000076294,0,18.799999237060547,29.200000762939453,49602.0,True,2,1,False,accurate,1,0,True,False,17,False,False,,,,,,,,,,,
7083,49581.0,49603.20000076294,49605.89999771118,0,2.6999969482421875,24.89999771118164,49609.0,False,3,2,False,fast,0,0,False,False,16,False,True,,,,,,,,,,,
7084,49588.0,49605.89999771118,49619.0,0,13.10000228881836,31.0,49616.0,True,3,2,False,accurate,1,1,False,False,15,False,False,,,,,,,,,,,
7085,49595.0,49619.0,49621.70000457764,0,2.7000045776367188,26.70000457763672,49623.0,False,4,3,False,fast,0,0,False,False,14,False,True,,,,,,,,,,,
7086,49602.0,49621.70000457764,49624.5000038147,0,2.799999237060547,22.500003814697266,49630.0,False,5,4,False,fast,0,0,False,False,13,False,True,,,,,,,,,,,
7089,49623.0,49624.5000038147,49637.70000457764,0,13.200000762939453,14.700004577636719,49651.0,False,2,1,False,accurate,1,1,False,False,10,False,True,,,,,,,,,,,
7090,49630.0,49637.70000457764,49640.400005340576,0,2.700000762939453,10.400005340576172,49658.0,False,2,1,False,fast,0,0,False,False,9,False,True,,,,,,,,,,,
7091,49637.0,49640.400005340576,49643.100006103516,0,2.700000762939453,6.100006103515625,49665.0,False,3,2,False,fast,0,0,False,False,8,False,True,,,,,,,,,,,
7094,49658.0,49658.0,49671.40000152588,0,13.400001525878906,13.400001525878906,49686.0,False,1,0,False,accurate,1,1,False,False,5,False,True,,,,,,,,,,,
7095,49665.0,49671.40000152588,49674.20000076294,0,2.799999237060547,9.200000762939453,49693.0,False,2,1,False,fast,0,0,False,False,4,False,True,,,,,,,,,,,
7096,49672.0,49674.20000076294,49676.90000152588,0,2.700000762939453,4.900001525878906,49700.0,False,2,1,False,fast,0,0,False,False,3,False,True,,,,,,,,,,,
7097,49679.0,49679.0,49681.70000076294,0,2.700000762939453,2.700000762939453,49707.0,False,1,0,False,fast,0,0,False,False,2,True,True,,,,,,,,,,,
7098,49686.0,49686.0,49689.69999694824,0,3.6999969482421875,3.6999969482421875,49714.0,False,1,0,False,fast,0,0,False,False,1,True,True,,,,,,,,,,,
7100,49700.0,49700.0,49702.70000076294,0,2.700000762939453,2.700000762939453,49728.0,False,1,0,False,fast,0,0,False,False,99,False,True,,,,,,,,,,,
7102,49714.0,49714.0,49716.69999694824,0,2.6999969482421875,2.6999969482421875,49742.0,False,1,0,False,fast,0,0,False,False,97,False,True,,,,,,,,,,,
7104,49728.0,49728.0,49730.70000076294,0,2.700000762939453,2.700000762939453,49756.0,False,1,0,False,fast,0,0,False,False,95,False,True,,,,,,,,,,,
7106,49742.0,49742.0,49744.79999923706,0,2.799999237060547,2.799999237060547,49770.0,False,1,0,False,fast,0,0,False,False,93,False,True,,,,,,,,,,,
7112,49784.0,49784.0,49786.80000305176,0,2.8000030517578125,2.8000030517578125,49812.0,False,1,0,False,fast,0,0,False,False,87,False,True,,,,,,,,,,,
7113,49791.0,49791.0,49793.70000457764,0,2.7000045776367188,2.7000045776367188,49819.0,False,1,0,False,fast,0,0,False,False,86,False,True,,,,,,,,,,,
7114,49798.0,49798.0,49818.0,0,20.0,20.0,49826.0,False,1,0,False,accurate,1,1,False,False,85,False,True,,,,,,,,,,,
7117,49819.0,49819.0,49821.70000076294,0,2.700000762939453,2.700000762939453,49847.0,False,1,0,False,fast,0,0,False,False,82,False,True,,,,,,,,,,,
7119,49833.0,49833.0,49835.79999923706,0,2.799999237060547,2.799999237060547,49861.0,False,1,0,False,fast,0,0,False,False,80,False,True,,,,,,,,,,,
7122,49854.0,49854.0,49866.90000152588,0,12.900001525878906,12.900001525878906,49882.0,False,1,0,False,accurate,1,1,False,False,77,False,True,,,,,,,,,,,
7127,49889.0,49889.0,49902.5,0,13.5,13.5,49917.0,False,1,0,False,accurate,1,1,False,False,72,False,True,,,,,,,,,,,
7130,49910.0,49910.0,49912.69999694824,0,2.6999969482421875,2.6999969482421875,49938.0,False,1,0,False,fast,0,0,False,False,69,False,True,,,,,,,,,,,
7132,49924.0,49924.0,49943.09999847412,0,19.099998474121094,19.099998474121094,49952.0,False,1,0,False,accurate,1,1,False,False,67,False,True,,,,,,,,,,,
7133,49931.0,49943.09999847412,49945.79999923706,0,2.700000762939453,14.799999237060547,49959.0,False,2,1,False,fast,0,0,False,False,66,False,True,,,,,,,,,,,
7135,49945.0,49945.79999923706,49948.39999771118,0,2.5999984741210938,3.3999977111816406,49973.0,False,2,1,False,fast,0,0,False,False,64,False,True,,,,,,,,,,,
7139,49973.0,49973.0,49975.70000076294,0,2.700000762939453,2.700000762939453,50001.0,False,1,0,False,fast,0,0,False,False,60,False,True,,,,,,,,,,,
7140,49980.0,49980.0,49982.69999694824,0,2.6999969482421875,2.6999969482421875,50008.0,False,1,0,False,fast,0,0,False,False,59,False,True,,,,,,,,,,,
7141,49987.0,49987.0,49990.69999694824,0,3.6999969482421875,3.6999969482421875,50015.0,False,1,0,False,fast,0,0,False,False,58,False,True,,,,,,,,,,,
7143,50001.0,50001.0,50017.40000152588,0,16.400001525878906,16.400001525878906,50029.0,False,1,0,False,accurate,1,1,False,False,56,False,True,,,,,,,,,,,
7144,50008.0,50017.40000152588,50020.20000076294,0,2.799999237060547,12.200000762939453,50036.0,False,2,1,False,fast,0,0,False,False,55,False,True,,,,,,,,,,,
7145,50015.0,50020.20000076294,50022.90000152588,0,2.700000762939453,7.900001525878906,50043.0,False,3,2,False,fast,0,0,False,False,54,False,True,,,,,,,,,,,
7149,50043.0,50043.0,50045.79999923706,0,2.799999237060547,2.799999237060547,50071.0,False,1,0,False,fast,0,0,False,False,50,False,True,,,,,,,,,,,
7153,50071.0,50071.0,50075.20000076294,0,4.200000762939453,4.200000762939453,50099.0,False,1,0,False,fast,0,0,False,False,46,False,True,,,,,,,,,,,
7155,50085.0,50085.0,50103.9999961853,0,18.999996185302734,18.999996185302734,50113.0,False,1,0,False,accurate,0,0,False,False,44,False,True,,,,,,,,,,,
7156,50092.0,50103.9999961853,50106.69999694824,0,2.700000762939453,14.699996948242188,50120.0,False,2,1,False,fast,0,0,False,False,43,False,True,,,,,,,,,,,
7157,50099.0,50106.69999694824,50109.39999771118,0,2.700000762939453,10.39999771118164,50127.0,False,3,2,False,fast,0,0,False,False,42,False,True,,,,,,,,,,,
7158,50106.0,50109.39999771118,50121.4999961853,0,12.099998474121094,15.499996185302734,50134.0,False,3,2,False,accurate,1,1,False,False,41,False,True,,,,,,,,,,,
7165,50155.0,50155.0,50157.70000076294,0,2.700000762939453,2.700000762939453,50183.0,False,1,0,False,fast,0,0,False,False,34,False,True,,,,,,,,,,,
7166,50162.0,50162.0,50164.69999694824,0,2.6999969482421875,2.6999969482421875,50190.0,False,1,0,False,fast,0,0,False,False,33,False,True,,,,,,,,,,,
7167,50169.0,50169.0,50171.69999694824,0,2.6999969482421875,2.6999969482421875,50197.0,False,1,0,False,fast,0,0,False,False,32,False,True,,,,,,,,,,,
7171,50197.0,50197.0,50199.60000228882,0,2.6000022888183594,2.6000022888183594,50225.0,False,1,0,False,fast,0,0,False,False,28,False,True,,,,,,,,,,,
7172,50204.0,50204.0,50217.099994659424,0,13.099994659423828,13.099994659423828,50232.0,False,1,0,False,accurate,1,1,False,False,27,False,True,,,,,,,,,,,
7173,50211.0,50217.099994659424,50219.799991607666,0,2.6999969482421875,8.799991607666016,50239.0,False,2,1,False,fast,0,0,False,False,26,False,True,,,,,,,,,,,
7174,50218.0,50219.799991607666,50234.9999961853,0,15.200004577636719,16.999996185302734,50246.0,False,2,1,False,accurate,1,1,False,False,25,False,True,,,,,,,,,,,
7175,50225.0,50234.9999961853,50247.699993133545,0,12.699996948242188,22.699993133544922,50253.0,False,2,1,False,accurate,1,1,False,False,24,False,True,,,,,,,,,,,
7177,50239.0,50247.699993133545,50250.399993896484,0,2.700000762939453,11.399993896484375,50267.0,False,2,1,False,fast,0,0,False,False,22,False,True,,,,,,,,,,,
7178,50246.0,50250.399993896484,50253.099994659424,0,2.700000762939453,7.099994659423828,50274.0,False,3,2,False,fast,0,0,False,False,21,False,True,,,,,,,,,,,
7179,50253.0,50253.099994659424,50255.79999542236,0,2.700000762939453,2.7999954223632812,50281.0,False,2,1,False,fast,0,0,False,False,20,False,True,,,,,,,,,,,
7180,50260.0,50260.0,50262.70000076294,0,2.700000762939453,2.700000762939453,50288.0,False,1,0,False,fast,0,0,False,False,19,False,True,,,,,,,,,,,
7182,50274.0,50274.0,50293.9999961853,0,19.999996185302734,19.999996185302734,50302.0,False,1,0,False,accurate,0,0,False,False,17,False,True,,,,,,,,,,,
7183,50281.0,50293.9999961853,50296.79999542236,0,2.799999237060547,15.799995422363281,50309.0,False,2,1,False,fast,0,0,False,False,16,False,True,,,,,,,,,,,
7186,50302.0,50302.0,50304.79999923706,0,2.799999237060547,2.799999237060547,50330.0,False,1,0,False,fast,0,0,False,False,13,False,True,,,,,,,,,,,
7187,50309.0,50309.0,50311.79999923706,0,2.799999237060547,2.799999237060547,50337.0,False,1,0,False,fast,0,0,False,False,12,False,True,,,,,,,,,,,
7189,50323.0,50323.0,50325.79999923706,0,2.799999237060547,2.799999237060547,50351.0,False,1,0,False,fast,0,0,False,False,10,False,True,,,,,,,,,,,
7193,50351.0,50351.0,50353.70000457764,0,2.7000045776367188,2.7000045776367188,50379.0,False,1,0,False,fast,0,0,False,False,6,False,True,,,,,,,,,,,
7194,50358.0,50358.0,50360.80000305176,0,2.8000030517578125,2.8000030517578125,50386.0,False,1,0,False,fast,0,0,False,False,5,False,True,,,,,,,,,,,
7195,50365.0,50365.0,50367.79999923706,0,2.799999237060547,2.799999237060547,50393.0,False,1,0,False,fast,0,0,False,False,4,False,True,,,,,,,,,,,
7197,50379.0,50379.0,50408.89999771118,0,29.89999771118164,29.89999771118164,50407.0,True,1,0,False,accurate,1,1,False,False,2,True,False,,,,,,,,,,,
7200,50400.0,50408.89999771118,50434.909996414186,0,26.00999870300293,34.909996414186026,50428.0,True,2,1,False,accurate,0,0,False,False,99,False,False,,,,,,,,,,,
7201,50407.0,50434.909996414186,50456.129580845634,0,21.21958443144956,49.12958084563434,50435.0,True,3,2,False,accurate,0,0,False,False,98,False,False,,,,,,,,,,,
7202,50414.0,50456.129580845634,50481.57540813208,0,25.445827286442068,67.57540813207743,50442.0,True,3,2,False,accurate,0,0,False,False,97,False,False,,,,,,,,,,,
7204,50428.0,50481.57540813208,50504.533741263745,0,22.958333131670955,76.53374126374547,50456.0,True,4,3,False,accurate,0,0,False,False,95,False,False,,,,,,,,,,,
7210,50470.0,50504.533741263745,50507.660407067335,0,3.1266658035914134,37.660407067334745,50498.0,True,3,2,False,fast,0,0,False,False,89,False,False,,,,,,,,,,,
7211,50477.0,50507.660407067335,50528.209992712334,0,20.54958564500016,51.2099927123345,50505.0,True,4,3,False,accurate,1,1,False,False,88,False,False,,,,,,,,,,,
7213,50491.0,50528.209992712334,50531.15749771495,0,2.947505002617845,40.157497714950296,50519.0,True,4,3,False,fast,0,0,False,False,86,False,False,,,,,,,,,,,
7220,50540.0,50540.0,50554.18166756277,0,14.181667562772834,14.181667562770599,50568.0,False,1,0,False,accurate,1,1,False,False,79,False,True,,,,,,,,,,,
7222,50554.0,50554.18166756277,50556.926668339765,0,2.7450007769962155,2.926668339765456,50582.0,False,2,1,False,fast,0,0,False,False,77,False,True,,,,,,,,,,,
7233,50631.0,50631.0,50633.79999923706,0,2.799999237060547,2.799999237060547,50659.0,False,1,0,False,fast,0,0,False,False,66,False,True,,,,,,,,,,,
7236,50652.0,50652.0,50654.70000457764,0,2.7000045776367188,2.7000045776367188,50680.0,False,1,0,False,fast,0,0,False,False,63,False,True,,,,,,,,,,,
7237,50659.0,50659.0,50661.70000076294,0,2.700000762939453,2.700000762939453,50687.0,False,1,0,False,fast,0,0,False,False,62,False,True,,,,,,,,,,,
7238,50666.0,50666.0,50668.70000076294,0,2.700000762939453,2.700000762939453,50694.0,False,1,0,False,fast,0,0,False,False,61,False,True,,,,,,,,,,,
7245,50715.0,50715.0,50717.69999694824,0,2.6999969482421875,2.6999969482421875,50743.0,False,1,0,False,fast,0,0,False,False,54,False,True,,,,,,,,,,,
7247,50729.0,50729.0,50731.69999694824,0,2.6999969482421875,2.6999969482421875,50757.0,False,1,0,False,fast,0,0,False,False,52,False,True,,,,,,,,,,,
7251,50757.0,50757.0,50759.70000076294,0,2.700000762939453,2.700000762939453,50785.0,False,1,0,False,fast,0,0,False,False,48,False,True,,,,,,,,,,,
7253,50771.0,50771.0,50773.70000076294,0,2.700000762939453,2.700000762939453,50799.0,False,1,0,False,fast,0,0,False,False,46,False,True,,,,,,,,,,,
7255,50785.0,50785.0,50787.69999694824,0,2.6999969482421875,2.6999969482421875,50813.0,False,1,0,False,fast,0,0,False,False,44,False,True,,,,,,,,,,,
7259,50813.0,50813.0,50815.70000076294,0,2.700000762939453,2.700000762939453,50841.0,False,1,0,False,fast,0,0,False,False,40,False,True,,,,,,,,,,,
7263,50841.0,50841.0,50843.70000076294,0,2.700000762939453,2.700000762939453,50869.0,False,1,0,False,fast,0,0,False,False,36,False,True,,,,,,,,,,,
7264,50848.0,50848.0,50862.79999923706,0,14.799999237060547,14.799999237060547,50876.0,False,1,0,False,accurate,1,1,False,False,35,False,True,,,,,,,,,,,
7265,50855.0,50862.79999923706,50865.59999847412,0,2.799999237060547,10.599998474121094,50883.0,False,2,1,False,fast,0,0,False,False,34,False,True,,,,,,,,,,,
7269,50883.0,50883.0,50885.70000076294,0,2.700000762939453,2.700000762939453,50911.0,False,1,0,False,fast,0,0,False,False,30,False,True,,,,,,,,,,,
7270,50890.0,50890.0,50902.70000076294,0,12.700000762939453,12.700000762939453,50918.0,False,1,0,False,accurate,1,1,False,False,29,False,True,,,,,,,,,,,
7271,50897.0,50902.70000076294,50905.5,0,2.799999237060547,8.5,50925.0,False,2,1,False,fast,0,0,False,False,28,False,True,,,,,,,,,,,
7272,50904.0,50905.5,50908.20000076294,0,2.700000762939453,4.200000762939453,50932.0,False,2,1,False,fast,0,0,False,False,27,False,True,,,,,,,,,,,
7274,50918.0,50918.0,50920.70000076294,0,2.700000762939453,2.700000762939453,50946.0,False,1,0,False,fast,0,0,False,False,25,False,True,,,,,,,,,,,
7276,50932.0,50932.0,50934.70000076294,0,2.700000762939453,2.700000762939453,50960.0,False,1,0,False,fast,0,0,False,False,23,False,True,,,,,,,,,,,
7280,50960.0,50960.0,50962.70000076294,0,2.700000762939453,2.700000762939453,50988.0,False,1,0,False,fast,0,0,False,False,19,False,True,,,,,,,,,,,
7281,50967.0,50967.0,50978.90000152588,0,11.900001525878906,11.900001525878906,50995.0,False,1,0,False,accurate,1,1,False,False,18,False,True,,,,,,,,,,,
7282,50974.0,50978.90000152588,50993.30000305176,0,14.400001525878906,19.300003051757812,51002.0,False,2,1,False,accurate,1,1,False,False,17,False,True,,,,,,,,,,,
7283,50981.0,50993.30000305176,50996.0,0,2.6999969482421875,15.0,51009.0,False,2,1,False,fast,0,0,False,False,16,False,True,,,,,,,,,,,
7286,51002.0,51002.0,51004.59999847412,0,2.5999984741210938,2.5999984741210938,51030.0,False,1,0,False,fast,0,0,False,False,13,False,True,,,,,,,,,,,
7291,51037.0,51037.0,51039.69999694824,0,2.6999969482421875,2.6999969482421875,51065.0,False,1,0,False,fast,0,0,False,False,8,False,True,,,,,,,,,,,
7292,51044.0,51044.0,51063.5000038147,0,19.500003814697266,19.500003814697266,51072.0,False,1,0,False,accurate,0,0,False,False,7,False,True,,,,,,,,,,,
7293,51051.0,51063.5000038147,51066.20000457764,0,2.700000762939453,15.200004577636719,51079.0,False,2,1,False,fast,0,0,False,False,6,False,True,,,,,,,,,,,
7298,51086.0,51086.0,51103.89999771118,0,17.89999771118164,17.89999771118164,51114.0,False,1,0,False,accurate,1,1,False,False,1,True,True,,,,,,,,,,,
7301,51107.0,51107.0,51122.60000228882,0,15.60000228881836,15.60000228881836,51135.0,False,1,0,False,accurate,1,1,False,False,98,False,True,,,,,,,,,,,
7302,51114.0,51122.60000228882,51146.30000305176,0,23.700000762939453,32.30000305175781,51142.0,True,2,1,False,accurate,0,0,False,False,97,False,False,,,,,,,,,,,
7304,51128.0,51146.30000305176,51149.0000038147,0,2.700000762939453,21.000003814697266,51156.0,False,2,1,False,fast,0,0,False,False,95,False,True,,,,,,,,,,,
7305,51135.0,51149.0000038147,51151.900005340576,0,2.9000015258789062,16.900005340576172,51163.0,False,3,2,False,fast,0,0,False,False,94,False,True,,,,,,,,,,,
7306,51142.0,51151.900005340576,51167.5000038147,0,15.599998474121094,25.500003814697266,51170.0,False,4,3,False,accurate,1,1,False,False,93,False,True,,,,,,,,,,,
7309,51163.0,51167.5000038147,51170.20000076294,0,2.6999969482421875,7.200000762939453,51191.0,False,2,1,False,fast,0,0,False,False,90,False,True,,,,,,,,,,,
7312,51184.0,51184.0,51186.69999694824,0,2.6999969482421875,2.6999969482421875,51212.0,False,1,0,False,fast,0,0,False,False,87,False,True,,,,,,,,,,,
7314,51198.0,51198.0,51217.5,0,19.5,19.5,51226.0,False,1,0,False,accurate,0,0,False,False,85,False,True,,,,,,,,,,,
7316,51212.0,51217.5,51220.19999694824,0,2.6999969482421875,8.199996948242188,51240.0,False,2,1,False,fast,0,0,False,False,83,False,True,,,,,,,,,,,
7323,51261.0,51261.0,51263.59999847412,0,2.5999984741210938,2.5999984741210938,51289.0,False,1,0,False,fast,0,0,False,False,76,False,True,,,,,,,,,,,
7325,51275.0,51275.0,51277.69999694824,0,2.6999969482421875,2.6999969482421875,51303.0,False,1,0,False,fast,0,0,False,False,74,False,True,,,,,,,,,,,
7328,51296.0,51296.0,51298.80000305176,0,2.8000030517578125,2.8000030517578125,51324.0,False,1,0,False,fast,0,0,False,False,71,False,True,,,,,,,,,,,
7329,51303.0,51303.0,51305.69999694824,0,2.6999969482421875,2.6999969482421875,51331.0,False,1,0,False,fast,0,0,False,False,70,False,True,,,,,,,,,,,
7330,51310.0,51310.0,51312.70000076294,0,2.700000762939453,2.700000762939453,51338.0,False,1,0,False,fast,0,0,False,False,69,False,True,,,,,,,,,,,
7332,51324.0,51324.0,51326.70000076294,0,2.700000762939453,2.700000762939453,51352.0,False,1,0,False,fast,0,0,False,False,67,False,True,,,,,,,,,,,
7339,51373.0,51373.0,51375.60000228882,0,2.6000022888183594,2.6000022888183594,51401.0,False,1,0,False,fast,0,0,False,False,60,False,True,,,,,,,,,,,
7340,51380.0,51380.0,51382.70000076294,0,2.700000762939453,2.700000762939453,51408.0,False,1,0,False,fast,0,0,False,False,59,False,True,,,,,,,,,,,
7344,51408.0,51408.0,51410.70000076294,0,2.700000762939453,2.700000762939453,51436.0,False,1,0,False,fast,0,0,False,False,55,False,True,,,,,,,,,,,
7347,51429.0,51429.0,51431.79999923706,0,2.799999237060547,2.799999237060547,51457.0,False,1,0,False,fast,0,0,False,False,52,False,True,,,,,,,,,,,
7349,51443.0,51443.0,51445.79999923706,0,2.799999237060547,2.799999237060547,51471.0,False,1,0,False,fast,0,0,False,False,50,False,True,,,,,,,,,,,
7350,51450.0,51450.0,51468.89999771118,0,18.89999771118164,18.89999771118164,51478.0,False,1,0,False,accurate,1,1,False,False,49,False,True,,,,,,,,,,,
7352,51464.0,51468.89999771118,51471.59999847412,0,2.700000762939453,7.599998474121094,51492.0,False,2,1,False,fast,0,0,False,False,47,False,True,,,,,,,,,,,
7354,51478.0,51478.0,51491.10000228882,0,13.10000228881836,13.10000228881836,51506.0,False,1,0,False,accurate,1,1,False,False,45,False,True,,,,,,,,,,,
7355,51485.0,51491.10000228882,51493.80000305176,0,2.700000762939453,8.800003051757812,51513.0,False,2,1,False,fast,0,0,False,False,44,False,True,,,,,,,,,,,
7361,51527.0,51527.0,51548.21958443145,0,21.21958443144956,21.21958443144831,51555.0,False,1,0,False,accurate,0,0,False,False,38,False,True,,,,,,,,,,,
7362,51534.0,51548.21958443145,51569.06875252724,0,20.849168095787377,35.06875252723694,51562.0,True,2,1,False,accurate,0,0,False,False,37,False,False,,,,,,,,,,,
7364,51548.0,51569.06875252724,51592.50208444675,0,23.433331919511172,44.502084446750814,51576.0,True,3,2,False,accurate,0,0,False,False,35,False,False,,,,,,,,,,,
7367,51569.0,51592.50208444675,51622.568331884744,0,30.066247437993706,53.56833188474411,51597.0,True,3,2,False,accurate,0,0,False,False,32,False,False,,,,,,,,,,,
7369,51583.0,51622.568331884744,51639.38708298147,0,16.818751096725464,56.387082981469575,51611.0,True,3,2,False,accurate,1,1,False,False,30,False,False,,,,,,,,,,,
7371,51597.0,51639.38708298147,51642.37958806575,0,2.9925050842762175,45.379588065748976,51625.0,True,3,2,False,fast,0,0,False,False,28,False,False,,,,,,,,,,,
7374,51618.0,51642.37958806575,51660.20459191164,0,17.825003845890343,42.20459191164264,51646.0,True,4,3,False,accurate,1,1,False,False,25,False,False,,,,,,,,,,,
7382,51674.0,51674.0,51676.745000776995,0,2.7450007769962155,2.745000776994857,51702.0,False,1,0,False,fast,0,0,False,False,17,False,True,,,,,,,,,,,
7383,51681.0,51681.0,51683.72250076997,0,2.722500769967834,2.722500769967155,51709.0,False,1,0,False,fast,0,0,False,False,16,False,True,,,,,,,,,,,
7384,51688.0,51688.0,51706.0,0,18.0,18.0,51716.0,False,1,0,False,accurate,1,1,False,False,15,False,True,,,,,,,,,,,
7385,51695.0,51706.0,51708.69999694824,0,2.6999969482421875,13.699996948242188,51723.0,False,2,1,False,fast,0,0,False,False,14,False,True,,,,,,,,,,,
7390,51730.0,51730.0,51732.69999694824,0,2.6999969482421875,2.6999969482421875,51758.0,False,1,0,False,fast,0,0,False,False,9,False,True,,,,,,,,,,,
7395,51765.0,51765.0,51779.09999847412,0,14.099998474121094,14.099998474121094,51793.0,False,1,0,False,accurate,1,1,False,False,4,False,True,,,,,,,,,,,
7398,51786.0,51786.0,51788.70000457764,0,2.7000045776367188,2.7000045776367188,51814.0,False,1,0,False,fast,0,0,False,False,1,True,True,,,,,,,,,,,
7399,51793.0,51793.0,51795.69999694824,0,2.6999969482421875,2.6999969482421875,51821.0,False,1,0,False,fast,0,0,False,True,0,True,True,,,,,,,,,,,
7405,51835.0,51835.0,51852.0000038147,0,17.000003814697266,17.000003814697266,51863.0,False,1,0,False,accurate,1,1,False,False,94,False,True,,,,,,,,,,,
7407,51849.0,51852.0000038147,51854.70000076294,0,2.6999969482421875,5.700000762939453,51877.0,False,2,1,False,fast,0,0,False,False,92,False,True,,,,,,,,,,,
7410,51870.0,51870.0,51872.70000076294,0,2.700000762939453,2.700000762939453,51898.0,False,1,0,False,fast,0,0,False,False,89,False,True,,,,,,,,,,,
7416,51912.0,51912.0,51914.59999847412,0,2.5999984741210938,2.5999984741210938,51940.0,False,1,0,False,fast,0,0,False,False,83,False,True,,,,,,,,,,,
7418,51926.0,51926.0,51945.29999923706,0,19.299999237060547,19.299999237060547,51954.0,False,1,0,False,accurate,0,0,False,False,81,False,True,,,,,,,,,,,
7419,51933.0,51945.29999923706,51969.40000152588,0,24.10000228881836,36.400001525878906,51961.0,True,2,1,False,accurate,0,0,False,False,80,False,False,,,,,,,,,,,
7420,51940.0,51969.40000152588,52006.59999847412,0,37.19999694824219,66.5999984741211,51968.0,True,3,2,False,accurate,0,0,False,False,79,False,False,,,,,,,,,,,
7422,51954.0,52006.59999847412,52028.79999542236,0,22.199996948242188,74.79999542236328,51982.0,True,3,2,False,accurate,0,0,False,False,77,False,False,,,,,,,,,,,
7426,51982.0,52028.79999542236,52040.89999771118,0,12.10000228881836,58.89999771118164,52010.0,True,3,2,False,accurate,1,1,False,False,73,False,False,,,,,,,,,,,
7428,51996.0,52040.89999771118,52054.39999771118,0,13.5,58.39999771118164,52024.0,True,4,3,False,accurate,1,1,False,False,71,False,False,,,,,,,,,,,
7433,52031.0,52054.39999771118,52057.29999923706,0,2.9000015258789062,26.299999237060547,52059.0,False,3,2,False,fast,0,0,False,False,66,False,True,,,,,,,,,,,
7436,52052.0,52057.29999923706,52060.0,0,2.700000762939453,8.0,52080.0,False,3,2,False,fast,0,0,False,False,63,False,True,,,,,,,,,,,
7442,52094.0,52094.0,52108.0,0,14.0,14.0,52122.0,False,1,0,False,accurate,1,1,False,False,57,False,True,,,,,,,,,,,
7443,52101.0,52108.0,52120.60000228882,0,12.60000228881836,19.60000228881836,52129.0,False,2,1,False,accurate,1,1,False,False,56,False,True,,,,,,,,,,,
7444,52108.0,52120.60000228882,52123.40000152588,0,2.799999237060547,15.400001525878906,52136.0,False,2,1,False,fast,0,0,False,False,55,False,True,,,,,,,,,,,
7445,52115.0,52123.40000152588,52126.20000076294,0,2.799999237060547,11.200000762939453,52143.0,False,3,2,False,fast,0,0,False,False,54,False,True,,,,,,,,,,,
7446,52122.0,52126.20000076294,52129.0000038147,0,2.8000030517578125,7.000003814697266,52150.0,False,3,2,False,fast,0,0,False,False,53,False,True,,,,,,,,,,,
7447,52129.0,52129.0000038147,52131.700008392334,0,2.7000045776367188,2.7000083923339844,52157.0,False,2,1,False,fast,0,0,False,False,52,False,True,,,,,,,,,,,
7448,52136.0,52136.0,52138.70000076294,0,2.700000762939453,2.700000762939453,52164.0,False,1,0,False,fast,0,0,False,False,51,False,True,,,,,,,,,,,
7450,52150.0,52150.0,52152.70000076294,0,2.700000762939453,2.700000762939453,52178.0,False,1,0,False,fast,0,0,False,False,49,False,True,,,,,,,,,,,
7451,52157.0,52157.0,52159.70000076294,0,2.700000762939453,2.700000762939453,52185.0,False,1,0,False,fast,0,0,False,False,48,False,True,,,,,,,,,,,
7453,52171.0,52171.0,52173.70000076294,0,2.700000762939453,2.700000762939453,52199.0,False,1,0,False,fast,0,0,False,False,46,False,True,,,,,,,,,,,
7456,52192.0,52192.0,52194.79999923706,0,2.799999237060547,2.799999237060547,52220.0,False,1,0,False,fast,0,0,False,False,43,False,True,,,,,,,,,,,
7460,52220.0,52220.0,52222.69999694824,0,2.6999969482421875,2.6999969482421875,52248.0,False,1,0,False,fast,0,0,False,False,39,False,True,,,,,,,,,,,
7461,52227.0,52227.0,52230.10000228882,0,3.1000022888183594,3.1000022888183594,52255.0,False,1,0,False,fast,0,0,False,False,38,False,True,,,,,,,,,,,
7462,52234.0,52234.0,52236.70000076294,0,2.700000762939453,2.700000762939453,52262.0,False,1,0,False,fast,0,0,False,False,37,False,True,,,,,,,,,,,
7463,52241.0,52241.0,52243.90000152588,0,2.9000015258789062,2.9000015258789062,52269.0,False,1,0,False,fast,0,0,False,False,36,False,True,,,,,,,,,,,
7464,52248.0,52248.0,52250.79999923706,0,2.799999237060547,2.799999237060547,52276.0,False,1,0,False,fast,0,0,False,False,35,False,True,,,,,,,,,,,
7468,52276.0,52276.0,52278.60000228882,0,2.6000022888183594,2.6000022888183594,52304.0,False,1,0,False,fast,0,0,False,False,31,False,True,,,,,,,,,,,
7470,52290.0,52290.0,52292.80000305176,0,2.8000030517578125,2.8000030517578125,52318.0,False,1,0,False,fast,0,0,False,False,29,False,True,,,,,,,,,,,
7474,52318.0,52318.0,52320.79999923706,0,2.799999237060547,2.799999237060547,52346.0,False,1,0,False,fast,0,0,False,False,25,False,True,,,,,,,,,,,
7478,52346.0,52346.0,52368.19999694824,0,22.199996948242188,22.199996948242188,52374.0,False,1,0,False,accurate,1,1,False,False,21,False,True,,,,,,,,,,,
7480,52360.0,52368.19999694824,52370.9999961853,0,2.799999237060547,10.999996185302734,52388.0,False,2,1,False,fast,0,0,False,False,19,False,True,,,,,,,,,,,
7482,52374.0,52374.0,52376.79999923706,0,2.799999237060547,2.799999237060547,52402.0,False,1,0,False,fast,0,0,False,False,17,False,True,,,,,,,,,,,
7484,52388.0,52388.0,52399.90000152588,0,11.900001525878906,11.900001525878906,52416.0,False,1,0,False,accurate,1,1,False,False,15,False,True,,,,,,,,,,,
7489,52423.0,52423.0,52425.70000076294,0,2.700000762939453,2.700000762939453,52451.0,False,1,0,False,fast,0,0,False,False,10,False,True,,,,,,,,,,,
7495,52465.0,52465.0,52480.39999771118,0,15.39999771118164,15.39999771118164,52493.0,False,1,0,False,accurate,1,1,False,False,4,False,True,,,,,,,,,,,
7496,52472.0,52480.39999771118,52483.099994659424,0,2.6999969482421875,11.099994659423828,52500.0,False,2,1,False,fast,0,0,False,False,3,False,True,,,,,,,,,,,
7497,52479.0,52483.099994659424,52485.799991607666,0,2.6999969482421875,6.799991607666016,52507.0,False,3,2,False,fast,0,0,False,False,2,True,True,,,,,,,,,,,
7498,52486.0,52486.0,52488.69999694824,0,2.6999969482421875,2.6999969482421875,52514.0,False,1,0,False,fast,0,0,False,False,1,True,True,,,,,,,,,,,
7499,52493.0,52493.0,52495.60000228882,0,2.6000022888183594,2.6000022888183594,52521.0,False,1,0,False,fast,0,0,False,True,0,True,True,,,,,,,,,,,
7500,52500.0,52500.0,52515.70000076294,0,15.700000762939453,15.700000762939453,52528.0,False,1,0,False,accurate,1,1,False,False,99,False,True,,,,,,,,,,,
7506,52542.0,52542.0,52544.80000305176,0,2.8000030517578125,2.8000030517578125,52570.0,False,1,0,False,fast,0,0,False,False,93,False,True,,,,,,,,,,,
7508,52556.0,52556.0,52558.70000076294,0,2.700000762939453,2.700000762939453,52584.0,False,1,0,False,fast,0,0,False,False,91,False,True,,,,,,,,,,,
7509,52563.0,52563.0,52565.80000305176,0,2.8000030517578125,2.8000030517578125,52591.0,False,1,0,False,fast,0,0,False,False,90,False,True,,,,,,,,,,,
7511,52577.0,52577.0,52579.70000076294,0,2.700000762939453,2.700000762939453,52605.0,False,1,0,False,fast,0,0,False,False,88,False,True,,,,,,,,,,,
7512,52584.0,52584.0,52597.09999847412,0,13.099998474121094,13.099998474121094,52612.0,False,1,0,False,accurate,1,1,False,False,87,False,True,,,,,,,,,,,
7513,52591.0,52597.09999847412,52612.89999771118,0,15.799999237060547,21.89999771118164,52619.0,False,2,1,False,accurate,1,1,False,False,86,False,True,,,,,,,,,,,
7518,52626.0,52626.0,52628.70000076294,0,2.700000762939453,2.700000762939453,52654.0,False,1,0,False,fast,0,0,False,False,81,False,True,,,,,,,,,,,
7520,52640.0,52640.0,52664.989994812015,0,24.98999481201172,24.98999481201463,52668.0,False,1,0,False,accurate,1,1,False,False,79,False,True,,,,,,,,,,,
7521,52647.0,52664.989994812015,52684.53874592404,0,19.54875111202398,37.53874592403736,52675.0,True,2,1,False,accurate,0,0,False,False,78,False,False,,,,,,,,,,,
7527,52689.0,52689.0,52718.1687497288,0,29.168749728798865,29.16874972880032,52717.0,True,1,0,False,accurate,0,0,False,False,72,False,False,,,,,,,,,,,
7530,52710.0,52718.1687497288,52721.18374631028,0,3.014996581474952,11.183746310278366,52738.0,False,2,1,False,fast,0,0,False,False,69,False,True,,,,,,,,,,,
7532,52724.0,52724.0,52726.97000083923,0,2.9700008392333985,2.9700008392319432,52752.0,False,1,0,False,fast,0,0,False,False,67,False,True,,,,,,,,,,,
7534,52738.0,52738.0,52741.033332501254,0,3.033332501252494,3.0333325012543355,52766.0,False,1,0,False,fast,0,0,False,False,65,False,True,,,,,,,,,,,
7535,52745.0,52745.0,52748.00999917984,0,3.009999179840088,3.009999179841543,52773.0,False,1,0,False,fast,0,0,False,False,64,False,True,,,,,,,,,,,
7537,52759.0,52759.0,52780.79541929692,0,21.795419296920283,21.795419296919135,52787.0,False,1,0,False,accurate,1,1,False,False,62,False,True,,,,,,,,,,,
7539,52773.0,52780.79541929692,52783.607916115325,0,2.812496818403406,10.60791611532477,52801.0,False,2,1,False,fast,0,0,False,False,60,False,True,,,,,,,,,,,
7542,52794.0,52794.0,52815.90750084343,0,21.907500843430558,21.90750084343017,52822.0,False,1,0,False,accurate,0,0,False,False,57,False,True,,,,,,,,,,,
7544,52808.0,52815.90750084343,52818.70750008049,0,2.799999237060547,10.707500080490718,52836.0,False,2,1,False,fast,0,0,False,False,55,False,True,,,,,,,,,,,
7546,52822.0,52822.0,52839.0,0,17.0,17.0,52850.0,False,1,0,False,accurate,1,1,False,False,53,False,True,,,,,,,,,,,
7547,52829.0,52839.0,52849.70000457764,0,10.700004577636719,20.70000457763672,52857.0,False,2,1,False,accurate,1,1,False,False,52,False,True,,,,,,,,,,,
7553,52871.0,52871.0,52873.69999694824,0,2.6999969482421875,2.6999969482421875,52899.0,False,1,0,False,fast,0,0,False,False,46,False,True,,,,,,,,,,,
7558,52906.0,52906.0,52908.80000305176,0,2.8000030517578125,2.8000030517578125,52934.0,False,1,0,False,fast,0,0,False,False,41,False,True,,,,,,,,,,,
7560,52920.0,52920.0,52922.70000457764,0,2.7000045776367188,2.7000045776367188,52948.0,False,1,0,False,fast,0,0,False,False,39,False,True,,,,,,,,,,,
7568,52976.0,52976.0,52992.20000076294,0,16.200000762939453,16.200000762939453,53004.0,False,1,0,False,accurate,1,1,False,False,31,False,True,,,,,,,,,,,
7572,53004.0,53004.0,53006.90000152588,0,2.9000015258789062,2.9000015258789062,53032.0,False,1,0,False,fast,0,0,False,False,27,False,True,,,,,,,,,,,
7574,53018.0,53018.0,53031.0,0,13.0,13.0,53046.0,False,1,0,False,accurate,1,1,False,False,25,False,True,,,,,,,,,,,
7575,53025.0,53031.0,53033.79999923706,0,2.799999237060547,8.799999237060547,53053.0,False,2,1,False,fast,0,0,False,False,24,False,True,,,,,,,,,,,
7578,53046.0,53046.0,53048.89999771118,0,2.8999977111816406,2.8999977111816406,53074.0,False,1,0,False,fast,0,0,False,False,21,False,True,,,,,,,,,,,
7580,53060.0,53060.0,53073.59999847412,0,13.599998474121094,13.599998474121094,53088.0,False,1,0,False,accurate,1,1,False,False,19,False,True,,,,,,,,,,,
7581,53067.0,53073.59999847412,53086.29999542236,0,12.699996948242188,19.29999542236328,53095.0,False,2,1,False,accurate,1,1,False,False,18,False,True,,,,,,,,,,,
7584,53088.0,53088.0,53090.80000305176,0,2.8000030517578125,2.8000030517578125,53116.0,False,1,0,False,fast,0,0,False,False,15,False,True,,,,,,,,,,,
7585,53095.0,53095.0,53117.10000228882,0,22.10000228881836,22.10000228881836,53123.0,False,1,0,False,accurate,0,0,False,False,14,False,True,,,,,,,,,,,
7590,53130.0,53130.0,53143.59999847412,0,13.599998474121094,13.599998474121094,53158.0,False,1,0,False,accurate,1,1,False,False,9,False,True,,,,,,,,,,,
7592,53144.0,53144.0,53146.79999923706,0,2.799999237060547,2.799999237060547,53172.0,False,1,0,False,fast,0,0,False,False,7,False,True,,,,,,,,,,,
7594,53158.0,53158.0,53160.79999923706,0,2.799999237060547,2.799999237060547,53186.0,False,1,0,False,fast,0,0,False,False,5,False,True,,,,,,,,,,,
7601,53207.0,53207.0,53220.69999694824,0,13.699996948242188,13.699996948242188,53235.0,False,1,0,False,accurate,1,1,False,False,98,False,True,,,,,,,,,,,
7602,53214.0,53220.69999694824,53223.4999961853,0,2.799999237060547,9.499996185302734,53242.0,False,2,1,False,fast,0,0,False,False,97,False,True,,,,,,,,,,,
7603,53221.0,53223.4999961853,53237.39999771118,0,13.900001525878906,16.39999771118164,53249.0,False,2,1,False,accurate,1,1,False,False,96,False,True,,,,,,,,,,,
7604,53228.0,53237.39999771118,53252.29999923706,0,14.900001525878906,24.299999237060547,53256.0,False,2,1,False,accurate,1,1,False,False,95,False,True,,,,,,,,,,,
7607,53249.0,53252.29999923706,53254.9999961853,0,2.6999969482421875,5.999996185302734,53277.0,False,2,1,False,fast,0,0,False,False,92,False,True,,,,,,,,,,,
7610,53270.0,53270.0,53289.30000305176,0,19.300003051757812,19.300003051757812,53298.0,False,1,0,False,accurate,1,1,False,False,89,False,True,,,,,,,,,,,
7612,53284.0,53289.30000305176,53302.60000228882,0,13.299999237060547,18.60000228881836,53312.0,False,2,1,False,accurate,1,1,False,False,87,False,True,,,,,,,,,,,
7613,53291.0,53302.60000228882,53335.0,0,32.39999771118164,44.0,53319.0,True,2,1,False,accurate,1,1,False,False,86,False,False,,,,,,,,,,,
7617,53319.0,53335.0,53347.20000076294,0,12.200000762939453,28.200000762939453,53347.0,True,2,1,False,accurate,1,1,False,False,82,False,False,,,,,,,,,,,
7618,53326.0,53347.20000076294,53349.89999771118,0,2.6999969482421875,23.89999771118164,53354.0,False,3,2,False,fast,0,0,False,False,81,False,True,,,,,,,,,,,
7619,53333.0,53349.89999771118,53352.60000228882,0,2.7000045776367188,19.60000228881836,53361.0,False,4,3,False,fast,0,0,False,False,80,False,True,,,,,,,,,,,
7620,53340.0,53352.60000228882,53355.40000152588,0,2.799999237060547,15.400001525878906,53368.0,False,4,3,False,fast,0,0,False,False,79,False,True,,,,,,,,,,,
7623,53361.0,53361.0,53363.89999771118,0,2.8999977111816406,2.8999977111816406,53389.0,False,1,0,False,fast,0,0,False,False,76,False,True,,,,,,,,,,,
7624,53368.0,53368.0,53370.70000457764,0,2.7000045776367188,2.7000045776367188,53396.0,False,1,0,False,fast,0,0,False,False,75,False,True,,,,,,,,,,,
7625,53375.0,53375.0,53377.69999694824,0,2.6999969482421875,2.6999969482421875,53403.0,False,1,0,False,fast,0,0,False,False,74,False,True,,,,,,,,,,,
7632,53424.0,53424.0,53426.79999923706,0,2.799999237060547,2.799999237060547,53452.0,False,1,0,False,fast,0,0,False,False,67,False,True,,,,,,,,,,,
7633,53431.0,53431.0,53445.9999961853,0,14.999996185302734,14.999996185302734,53459.0,False,1,0,False,accurate,1,1,False,False,66,False,True,,,,,,,,,,,
7634,53438.0,53445.9999961853,53460.9999961853,0,15.0,22.999996185302734,53466.0,False,2,1,False,accurate,1,1,False,False,65,False,True,,,,,,,,,,,
7636,53452.0,53460.9999961853,53463.79999542236,0,2.799999237060547,11.799995422363281,53480.0,False,2,1,False,fast,0,0,False,False,63,False,True,,,,,,,,,,,
7638,53466.0,53466.0,53468.60000228882,0,2.6000022888183594,2.6000022888183594,53494.0,False,1,0,False,fast,0,0,False,False,61,False,True,,,,,,,,,,,
7639,53473.0,53473.0,53493.20000076294,0,20.200000762939453,20.200000762939453,53501.0,False,1,0,False,accurate,0,0,False,False,60,False,True,,,,,,,,,,,
7640,53480.0,53493.20000076294,53496.0000038147,0,2.8000030517578125,16.000003814697266,53508.0,False,2,1,False,fast,0,0,False,False,59,False,True,,,,,,,,,,,
7647,53529.0,53529.0,53549.5000038147,0,20.500003814697266,20.500003814697266,53557.0,False,1,0,False,accurate,1,1,False,False,52,False,True,,,,,,,,,,,
7649,53543.0,53549.5000038147,53583.0000038147,0,33.5,40.000003814697266,53571.0,True,2,1,False,accurate,0,0,False,False,50,False,False,,,,,,,,,,,
7655,53585.0,53585.0,53587.80000305176,0,2.8000030517578125,2.8000030517578125,53613.0,False,1,0,False,fast,0,0,False,False,44,False,True,,,,,,,,,,,
7658,53606.0,53606.0,53608.79999923706,0,2.799999237060547,2.799999237060547,53634.0,False,1,0,False,fast,0,0,False,False,41,False,True,,,,,,,,,,,
7659,53613.0,53613.0,53626.90000152588,0,13.900001525878906,13.900001525878906,53641.0,False,1,0,False,accurate,1,1,False,False,40,False,True,,,,,,,,,,,
7660,53620.0,53626.90000152588,53629.80000305176,0,2.9000015258789062,9.800003051757812,53648.0,False,2,1,False,fast,0,0,False,False,39,False,True,,,,,,,,,,,
7664,53648.0,53648.0,53650.69999694824,0,2.6999969482421875,2.6999969482421875,53676.0,False,1,0,False,fast,0,0,False,False,35,False,True,,,,,,,,,,,
7665,53655.0,53655.0,53657.70000076294,0,2.700000762939453,2.700000762939453,53683.0,False,1,0,False,fast,0,0,False,False,34,False,True,,,,,,,,,,,
7667,53669.0,53669.0,53682.29999923706,0,13.299999237060547,13.299999237060547,53697.0,False,1,0,False,accurate,1,1,False,False,32,False,True,,,,,,,,,,,
7670,53690.0,53690.0,53692.79999923706,0,2.799999237060547,2.799999237060547,53718.0,False,1,0,False,fast,0,0,False,False,29,False,True,,,,,,,,,,,
7674,53718.0,53718.0,53733.0,0,15.0,15.0,53746.0,False,1,0,False,accurate,1,1,False,False,25,False,True,,,,,,,,,,,
7676,53732.0,53733.0,53735.79999923706,0,2.799999237060547,3.799999237060547,53760.0,False,2,1,False,fast,0,0,False,False,23,False,True,,,,,,,,,,,
7678,53746.0,53746.0,53748.79999923706,0,2.799999237060547,2.799999237060547,53774.0,False,1,0,False,fast,0,0,False,False,21,False,True,,,,,,,,,,,
7679,53753.0,53753.0,53755.70000457764,0,2.7000045776367188,2.7000045776367188,53781.0,False,1,0,False,fast,0,0,False,False,20,False,True,,,,,,,,,,,
7680,53760.0,53760.0,53785.49999351501,0,25.499993515014648,25.499993515011738,53788.0,False,1,0,False,accurate,0,0,False,False,19,False,True,,,,,,,,,,,
7682,53774.0,53785.49999351501,53809.79665913502,0,24.296665620009094,35.79665913501958,53802.0,True,2,1,False,accurate,1,1,False,False,17,False,False,,,,,,,,,,,
7684,53788.0,53809.79665913502,53812.946660014386,0,3.150000879367189,24.946660014385998,53816.0,False,2,1,False,fast,0,0,False,False,15,False,True,,,,,,,,,,,
7689,53823.0,53823.0,53846.14374780655,0,23.143747806549072,23.143747806549072,53851.0,False,1,0,False,accurate,1,1,False,False,10,False,True,,,,,,,,,,,
7692,53844.0,53846.14374780655,53865.583749866484,0,19.440002059936525,21.58374986648414,53872.0,False,2,1,False,accurate,1,1,False,False,7,False,True,,,,,,,,,,,
7694,53858.0,53865.583749866484,53883.279584090014,0,17.6958342235287,25.279584090014396,53886.0,False,2,1,False,accurate,1,1,False,False,5,False,True,,,,,,,,,,,
7701,53907.0,53907.0,53920.3762491703,0,13.376249170303344,13.37624917030189,53935.0,False,1,0,False,accurate,1,1,False,False,98,False,True,,,,,,,,,,,
7703,53921.0,53921.0,53937.363751584206,0,16.363751584204536,16.363751584205602,53949.0,False,1,0,False,accurate,1,1,False,False,96,False,True,,,,,,,,,,,
7704,53928.0,53937.363751584206,53940.163750821266,0,2.799999237060547,12.163750821266149,53956.0,False,2,1,False,fast,0,0,False,False,95,False,True,,,,,,,,,,,
7705,53935.0,53940.163750821266,53959.66374700657,0,19.499996185302734,24.663747006568883,53963.0,False,3,2,False,accurate,0,0,False,False,94,False,True,,,,,,,,,,,
7707,53949.0,53959.66374700657,53962.36374776951,0,2.700000762939453,13.363747769508336,53977.0,False,2,1,False,fast,0,0,False,False,92,False,True,,,,,,,,,,,
7710,53970.0,53970.0,53983.80000305176,0,13.800003051757812,13.800003051757812,53998.0,False,1,0,False,accurate,1,1,False,False,89,False,True,,,,,,,,,,,
7711,53977.0,53983.80000305176,53986.600006103516,0,2.8000030517578125,9.600006103515625,54005.0,False,2,1,False,fast,0,0,False,False,88,False,True,,,,,,,,,,,
7712,53984.0,53986.600006103516,53989.40000915527,0,2.8000030517578125,5.4000091552734375,54012.0,False,2,1,False,fast,0,0,False,False,87,False,True,,,,,,,,,,,
7713,53991.0,53991.0,53993.79999923706,0,2.799999237060547,2.799999237060547,54019.0,False,1,0,False,fast,0,0,False,False,86,False,True,,,,,,,,,,,
7715,54005.0,54005.0,54019.60000228882,0,14.60000228881836,14.60000228881836,54033.0,False,1,0,False,accurate,1,1,False,False,84,False,True,,,,,,,,,,,
7716,54012.0,54019.60000228882,54022.400005340576,0,2.8000030517578125,10.400005340576172,54040.0,False,2,1,False,fast,0,0,False,False,83,False,True,,,,,,,,,,,
7722,54054.0,54054.0,54057.89999771118,0,3.8999977111816406,3.8999977111816406,54082.0,False,1,0,False,fast,0,0,False,False,77,False,True,,,,,,,,,,,
7725,54075.0,54075.0,54077.70000076294,0,2.700000762939453,2.700000762939453,54103.0,False,1,0,False,fast,0,0,False,False,74,False,True,,,,,,,,,,,
7727,54089.0,54089.0,54108.29999923706,0,19.299999237060547,19.299999237060547,54117.0,False,1,0,False,accurate,0,0,False,False,72,False,True,,,,,,,,,,,
7728,54096.0,54108.29999923706,54127.40000152588,0,19.10000228881836,31.400001525878906,54124.0,True,2,1,False,accurate,0,0,False,False,71,False,False,,,,,,,,,,,
7730,54110.0,54127.40000152588,54130.10000228882,0,2.700000762939453,20.10000228881836,54138.0,False,2,1,False,fast,0,0,False,False,69,False,True,,,,,,,,,,,
7734,54138.0,54138.0,54140.79999923706,0,2.799999237060547,2.799999237060547,54166.0,False,1,0,False,fast,0,0,False,False,65,False,True,,,,,,,,,,,
7735,54145.0,54145.0,54158.80000305176,0,13.800003051757812,13.800003051757812,54173.0,False,1,0,False,accurate,1,1,False,False,64,False,True,,,,,,,,,,,
7737,54159.0,54159.0,54161.70000076294,0,2.700000762939453,2.700000762939453,54187.0,False,1,0,False,fast,0,0,False,False,62,False,True,,,,,,,,,,,
7739,54173.0,54173.0,54176.09999847412,0,3.0999984741210938,3.0999984741210938,54201.0,False,1,0,False,fast,0,0,False,False,60,False,True,,,,,,,,,,,
7742,54194.0,54194.0,54196.79999923706,0,2.799999237060547,2.799999237060547,54222.0,False,1,0,False,fast,0,0,False,False,57,False,True,,,,,,,,,,,
7743,54201.0,54201.0,54203.90000152588,0,2.9000015258789062,2.9000015258789062,54229.0,False,1,0,False,fast,0,0,False,False,56,False,True,,,,,,,,,,,
7744,54208.0,54208.0,54210.69999694824,0,2.6999969482421875,2.6999969482421875,54236.0,False,1,0,False,fast,0,0,False,False,55,False,True,,,,,,,,,,,
7745,54215.0,54215.0,54217.70000076294,0,2.700000762939453,2.700000762939453,54243.0,False,1,0,False,fast,0,0,False,False,54,False,True,,,,,,,,,,,
7747,54229.0,54229.0,54231.79999923706,0,2.799999237060547,2.799999237060547,54257.0,False,1,0,False,fast,0,0,False,False,52,False,True,,,,,,,,,,,
7749,54243.0,54243.0,54254.90000152588,0,11.900001525878906,11.900001525878906,54271.0,False,1,0,False,accurate,1,1,False,False,50,False,True,,,,,,,,,,,
7753,54271.0,54271.0,54283.0000038147,0,12.000003814697266,12.000003814697266,54299.0,False,1,0,False,accurate,1,1,False,False,46,False,True,,,,,,,,,,,
7755,54285.0,54285.0,54287.70000076294,0,2.700000762939453,2.700000762939453,54313.0,False,1,0,False,fast,0,0,False,False,44,False,True,,,,,,,,,,,
7756,54292.0,54292.0,54303.90000152588,0,11.900001525878906,11.900001525878906,54320.0,False,1,0,False,accurate,1,1,False,False,43,False,True,,,,,,,,,,,
7757,54299.0,54303.90000152588,54316.90000152588,0,13.0,17.900001525878906,54327.0,False,2,1,False,accurate,1,1,False,False,42,False,True,,,,,,,,,,,
7758,54306.0,54316.90000152588,54319.600006103516,0,2.7000045776367188,13.600006103515625,54334.0,False,2,1,False,fast,0,0,False,False,41,False,True,,,,,,,,,,,
7759,54313.0,54319.600006103516,54334.000007629395,0,14.400001525878906,21.00000762939453,54341.0,False,3,2,False,accurate,1,1,False,False,40,False,True,,,,,,,,,,,
7760,54320.0,54334.000007629395,54336.70000457764,0,2.6999969482421875,16.70000457763672,54348.0,False,2,1,False,fast,0,0,False,False,39,False,True,,,,,,,,,,,
7764,54348.0,54348.0,54350.79999923706,0,2.799999237060547,2.799999237060547,54376.0,False,1,0,False,fast,0,0,False,False,35,False,True,,,,,,,,,,,
7766,54362.0,54362.0,54364.79999923706,0,2.799999237060547,2.799999237060547,54390.0,False,1,0,False,fast,0,0,False,False,33,False,True,,,,,,,,,,,
7767,54369.0,54369.0,54373.09999847412,0,4.099998474121094,4.099998474121094,54397.0,False,1,0,False,fast,0,0,False,False,32,False,True,,,,,,,,,,,
7777,54439.0,54439.0,54452.599994659424,0,13.599994659423828,13.599994659423828,54467.0,False,1,0,False,accurate,1,1,False,False,22,False,True,,,,,,,,,,,
7780,54460.0,54460.0,54473.40000152588,0,13.400001525878906,13.400001525878906,54488.0,False,1,0,False,accurate,1,1,False,False,19,False,True,,,,,,,,,,,
7783,54481.0,54481.0,54498.09999847412,0,17.099998474121094,17.099998474121094,54509.0,False,1,0,False,accurate,1,1,False,False,16,False,True,,,,,,,,,,,
7784,54488.0,54498.09999847412,54500.89999771118,0,2.799999237060547,12.89999771118164,54516.0,False,2,1,False,fast,0,0,False,False,15,False,True,,,,,,,,,,,
7786,54502.0,54502.0,54504.70000076294,0,2.700000762939453,2.700000762939453,54530.0,False,1,0,False,fast,0,0,False,False,13,False,True,,,,,,,,,,,
7792,54544.0,54544.0,54546.70000076294,0,2.700000762939453,2.700000762939453,54572.0,False,1,0,False,fast,0,0,False,False,7,False,True,,,,,,,,,,,
7795,54565.0,54565.0,54581.29999923706,0,16.299999237060547,16.299999237060547,54593.0,False,1,0,False,accurate,1,1,False,False,4,False,True,,,,,,,,,,,
7797,54579.0,54581.29999923706,54584.0,0,2.700000762939453,5.0,54607.0,False,2,1,False,fast,0,0,False,False,2,True,True,,,,,,,,,,,
7800,54600.0,54600.0,54602.70000076294,0,2.700000762939453,2.700000762939453,54628.0,False,1,0,False,fast,0,0,False,False,99,False,True,,,,,,,,,,,
7801,54607.0,54607.0,54609.70000076294,0,2.700000762939453,2.700000762939453,54635.0,False,1,0,False,fast,0,0,False,False,98,False,True,,,,,,,,,,,
7802,54614.0,54614.0,54616.79999923706,0,2.799999237060547,2.799999237060547,54642.0,False,1,0,False,fast,0,0,False,False,97,False,True,,,,,,,,,,,
7804,54628.0,54628.0,54630.69999694824,0,2.6999969482421875,2.6999969482421875,54656.0,False,1,0,False,fast,0,0,False,False,95,False,True,,,,,,,,,,,
7805,54635.0,54635.0,54637.79999923706,0,2.799999237060547,2.799999237060547,54663.0,False,1,0,False,fast,0,0,False,False,94,False,True,,,,,,,,,,,
7806,54642.0,54642.0,54644.79999923706,0,2.799999237060547,2.799999237060547,54670.0,False,1,0,False,fast,0,0,False,False,93,False,True,,,,,,,,,,,
7812,54684.0,54684.0,54686.79999923706,0,2.799999237060547,2.799999237060547,54712.0,False,1,0,False,fast,0,0,False,False,87,False,True,,,,,,,,,,,
7816,54712.0,54712.0,54727.5,0,15.5,15.5,54740.0,False,1,0,False,accurate,1,1,False,False,83,False,True,,,,,,,,,,,
7818,54726.0,54727.5,54730.29999923706,0,2.799999237060547,4.299999237060547,54754.0,False,2,1,False,fast,0,0,False,False,81,False,True,,,,,,,,,,,
7820,54740.0,54740.0,54742.70000076294,0,2.700000762939453,2.700000762939453,54768.0,False,1,0,False,fast,0,0,False,False,79,False,True,,,,,,,,,,,
7824,54768.0,54768.0,54781.5,0,13.5,13.5,54796.0,False,1,0,False,accurate,1,1,False,False,75,False,True,,,,,,,,,,,
7827,54789.0,54789.0,54821.0,0,32.0,32.0,54817.0,True,1,0,False,accurate,1,1,False,False,72,False,False,,,,,,,,,,,
7830,54810.0,54821.0,54835.40000152588,0,14.400001525878906,25.400001525878906,54838.0,False,2,1,False,accurate,1,1,False,False,69,False,True,,,,,,,,,,,
7834,54838.0,54838.0,54840.70000076294,0,2.700000762939453,2.700000762939453,54866.0,False,1,0,False,fast,0,0,False,False,65,False,True,,,,,,,,,,,
7835,54845.0,54845.0,54847.79999923706,0,2.799999237060547,2.799999237060547,54873.0,False,1,0,False,fast,0,0,False,False,64,False,True,,,,,,,,,,,
7842,54894.0,54894.0,54920.92332980395,0,26.923329803943602,26.923329803947126,54922.0,False,1,0,False,accurate,1,1,False,False,57,False,True,,,,,,,,,,,
7847,54929.0,54929.0,54948.29625210305,0,19.296252103050527,19.296252103049483,54957.0,False,1,0,False,accurate,0,0,False,False,52,False,True,,,,,,,,,,,
7850,54950.0,54950.0,54971.12499441902,0,21.12499441901848,21.124994419020368,54978.0,False,1,0,False,accurate,0,0,False,False,49,False,True,,,,,,,,,,,
7856,54992.0,54992.0,54994.98666585843,0,2.986665858427682,2.9866658584287507,55020.0,False,1,0,False,fast,0,0,False,False,43,False,True,,,,,,,,,,,
7861,55027.0,55027.0,55029.97250156403,0,2.9725015640258787,2.9725015640287893,55055.0,False,1,0,False,fast,0,0,False,False,38,False,True,,,,,,,,,,,
7862,55034.0,55034.0,55036.94833100781,0,2.9483310078084455,2.9483310078067007,55062.0,False,1,0,False,fast,0,0,False,False,37,False,True,,,,,,,,,,,
7864,55048.0,55048.0,55051.79999923706,0,3.799999237060547,3.799999237060547,55076.0,False,1,0,False,fast,0,0,False,False,35,False,True,,,,,,,,,,,
7865,55055.0,55055.0,55057.89999771118,0,2.8999977111816406,2.8999977111816406,55083.0,False,1,0,False,fast,0,0,False,False,34,False,True,,,,,,,,,,,
7868,55076.0,55076.0,55091.5,0,15.5,15.5,55104.0,False,1,0,False,accurate,1,1,False,False,31,False,True,,,,,,,,,,,
7869,55083.0,55091.5,55094.29999923706,0,2.799999237060547,11.299999237060547,55111.0,False,2,1,False,fast,0,0,False,False,30,False,True,,,,,,,,,,,
7872,55104.0,55104.0,55106.69999694824,0,2.6999969482421875,2.6999969482421875,55132.0,False,1,0,False,fast,0,0,False,False,27,False,True,,,,,,,,,,,
7873,55111.0,55111.0,55125.5000038147,0,14.500003814697266,14.500003814697266,55139.0,False,1,0,False,accurate,1,1,False,False,26,False,True,,,,,,,,,,,
7874,55118.0,55125.5000038147,55128.30000305176,0,2.799999237060547,10.300003051757812,55146.0,False,2,1,False,fast,0,0,False,False,25,False,True,,,,,,,,,,,
7875,55125.0,55128.30000305176,55140.20000076294,0,11.89999771118164,15.200000762939453,55153.0,False,3,2,False,accurate,1,1,False,False,24,False,True,,,,,,,,,,,
7876,55132.0,55140.20000076294,55153.60000228882,0,13.400001525878906,21.60000228881836,55160.0,False,2,1,False,accurate,1,1,False,False,23,False,True,,,,,,,,,,,
7880,55160.0,55160.0,55235.5,0,75.5,75.5,55188.0,True,1,0,False,accurate,0,0,False,False,19,False,False,,,,,,,,,,,
7881,55167.0,55235.5,55238.19999694824,0,2.6999969482421875,71.19999694824219,55195.0,True,2,1,False,fast,0,0,False,False,18,False,False,,,,,,,,,,,
7886,55202.0,55238.19999694824,55258.29999923706,0,20.10000228881836,56.29999923706055,55230.0,True,3,2,False,accurate,0,0,False,False,13,False,False,,,,,,,,,,,
7888,55216.0,55258.29999923706,55281.39999771118,0,23.099998474121094,65.39999771118164,55244.0,True,4,3,False,accurate,0,0,False,False,11,False,False,,,,,,,,,,,
7891,55237.0,55281.39999771118,55284.19999694824,0,2.799999237060547,47.19999694824219,55265.0,True,4,3,False,fast,0,0,False,False,8,False,False,,,,,,,,,,,
7893,55251.0,55284.19999694824,55286.89999771118,0,2.700000762939453,35.89999771118164,55279.0,True,4,3,False,fast,0,0,False,False,6,False,False,,,,,,,,,,,
7902,55314.0,55314.0,55337.20000457764,0,23.20000457763672,23.20000457763672,55342.0,False,1,0,False,accurate,1,1,False,False,97,False,True,,,,,,,,,,,
7905,55335.0,55337.20000457764,55340.100006103516,0,2.9000015258789062,5.100006103515625,55363.0,False,2,1,False,fast,0,0,False,False,94,False,True,,,,,,,,,,,
7906,55342.0,55342.0,55345.79999923706,0,3.799999237060547,3.799999237060547,55370.0,False,1,0,False,fast,0,0,False,False,93,False,True,,,,,,,,,,,
7907,55349.0,55349.0,55361.0,0,12.0,12.0,55377.0,False,1,0,False,accurate,1,1,False,False,92,False,True,,,,,,,,,,,
7911,55377.0,55377.0,55390.79999923706,0,13.799999237060547,13.799999237060547,55405.0,False,1,0,False,accurate,1,1,False,False,88,False,True,,,,,,,,,,,
7912,55384.0,55390.79999923706,55393.60000228882,0,2.8000030517578125,9.60000228881836,55412.0,False,2,1,False,fast,0,0,False,False,87,False,True,,,,,,,,,,,
7913,55391.0,55393.60000228882,55396.5000038147,0,2.9000015258789062,5.500003814697266,55419.0,False,2,1,False,fast,0,0,False,False,86,False,True,,,,,,,,,,,
7914,55398.0,55398.0,55400.70000076294,0,2.700000762939453,2.700000762939453,55426.0,False,1,0,False,fast,0,0,False,False,85,False,True,,,,,,,,,,,
7917,55419.0,55419.0,55432.60000228882,0,13.60000228881836,13.60000228881836,55447.0,False,1,0,False,accurate,1,1,False,False,82,False,True,,,,,,,,,,,
7925,55475.0,55475.0,55477.80000305176,0,2.8000030517578125,2.8000030517578125,55503.0,False,1,0,False,fast,0,0,False,False,74,False,True,,,,,,,,,,,
7929,55503.0,55503.0,55517.59999847412,0,14.599998474121094,14.599998474121094,55531.0,False,1,0,False,accurate,1,1,False,False,70,False,True,,,,,,,,,,,
7931,55517.0,55517.59999847412,55520.39999771118,0,2.799999237060547,3.3999977111816406,55545.0,False,2,1,False,fast,0,0,False,False,68,False,True,,,,,,,,,,,
7935,55545.0,55545.0,55547.80000305176,0,2.8000030517578125,2.8000030517578125,55573.0,False,1,0,False,fast,0,0,False,False,64,False,True,,,,,,,,,,,
7939,55573.0,55573.0,55586.5,0,13.5,13.5,55601.0,False,1,0,False,accurate,1,1,False,False,60,False,True,,,,,,,,,,,
7940,55580.0,55586.5,55589.30000305176,0,2.8000030517578125,9.300003051757812,55608.0,False,2,1,False,fast,0,0,False,False,59,False,True,,,,,,,,,,,
7943,55601.0,55601.0,55603.79999923706,0,2.799999237060547,2.799999237060547,55629.0,False,1,0,False,fast,0,0,False,False,56,False,True,,,,,,,,,,,
7944,55608.0,55608.0,55610.79999923706,0,2.799999237060547,2.799999237060547,55636.0,False,1,0,False,fast,0,0,False,False,55,False,True,,,,,,,,,,,
7945,55615.0,55615.0,55617.79999923706,0,2.799999237060547,2.799999237060547,55643.0,False,1,0,False,fast,0,0,False,False,54,False,True,,,,,,,,,,,
7947,55629.0,55629.0,55631.80000305176,0,2.8000030517578125,2.8000030517578125,55657.0,False,1,0,False,fast,0,0,False,False,52,False,True,,,,,,,,,,,
7948,55636.0,55636.0,55639.70000076294,0,3.700000762939453,3.700000762939453,55664.0,False,1,0,False,fast,0,0,False,False,51,False,True,,,,,,,,,,,
7950,55650.0,55650.0,55652.79999923706,0,2.799999237060547,2.799999237060547,55678.0,False,1,0,False,fast,0,0,False,False,49,False,True,,,,,,,,,,,
7953,55671.0,55671.0,55673.70000076294,0,2.700000762939453,2.700000762939453,55699.0,False,1,0,False,fast,0,0,False,False,46,False,True,,,,,,,,,,,
7957,55699.0,55699.0,55713.29999923706,0,14.299999237060547,14.299999237060547,55727.0,False,1,0,False,accurate,1,1,False,False,42,False,True,,,,,,,,,,,
7959,55713.0,55713.29999923706,55716.29999923706,0,3.0,3.299999237060547,55741.0,False,2,1,False,fast,0,0,False,False,40,False,True,,,,,,,,,,,
7964,55748.0,55748.0,55750.89999771118,0,2.8999977111816406,2.8999977111816406,55776.0,False,1,0,False,fast,0,0,False,False,35,False,True,,,,,,,,,,,
7967,55769.0,55769.0,55771.90000152588,0,2.9000015258789062,2.9000015258789062,55797.0,False,1,0,False,fast,0,0,False,False,32,False,True,,,,,,,,,,,
7969,55783.0,55783.0,55785.79999923706,0,2.799999237060547,2.799999237060547,55811.0,False,1,0,False,fast,0,0,False,False,30,False,True,,,,,,,,,,,
7970,55790.0,55790.0,55792.70000457764,0,2.7000045776367188,2.7000045776367188,55818.0,False,1,0,False,fast,0,0,False,False,29,False,True,,,,,,,,,,,
7971,55797.0,55797.0,55799.70000457764,0,2.7000045776367188,2.7000045776367188,55825.0,False,1,0,False,fast,0,0,False,False,28,False,True,,,,,,,,,,,
7973,55811.0,55811.0,55813.69999694824,0,2.6999969482421875,2.6999969482421875,55839.0,False,1,0,False,fast,0,0,False,False,26,False,True,,,,,,,,,,,
7975,55825.0,55825.0,55841.79999923706,0,16.799999237060547,16.799999237060547,55853.0,False,1,0,False,accurate,1,1,False,False,24,False,True,,,,,,,,,,,
7978,55846.0,55846.0,55848.79999923706,0,2.799999237060547,2.799999237060547,55874.0,False,1,0,False,fast,0,0,False,False,21,False,True,,,,,,,,,,,
7981,55867.0,55867.0,55869.70000076294,0,2.700000762939453,2.700000762939453,55895.0,False,1,0,False,fast,0,0,False,False,18,False,True,,,,,,,,,,,
7982,55874.0,55874.0,55876.70000076294,0,2.700000762939453,2.700000762939453,55902.0,False,1,0,False,fast,0,0,False,False,17,False,True,,,,,,,,,,,
7984,55888.0,55888.0,55907.20000076294,0,19.200000762939453,19.200000762939453,55916.0,False,1,0,False,accurate,0,0,False,False,15,False,True,,,,,,,,,,,
7986,55902.0,55907.20000076294,55910.0,0,2.799999237060547,8.0,55930.0,False,2,1,False,fast,0,0,False,False,13,False,True,,,,,,,,,,,
7988,55916.0,55916.0,55918.79999923706,0,2.799999237060547,2.799999237060547,55944.0,False,1,0,False,fast,0,0,False,False,11,False,True,,,,,,,,,,,
7989,55923.0,55923.0,55925.70000076294,0,2.700000762939453,2.700000762939453,55951.0,False,1,0,False,fast,0,0,False,False,10,False,True,,,,,,,,,,,
7991,55937.0,55937.0,55940.69999694824,0,3.6999969482421875,3.6999969482421875,55965.0,False,1,0,False,fast,0,0,False,False,8,False,True,,,,,,,,,,,
7992,55944.0,55944.0,55956.19999694824,0,12.199996948242188,12.199996948242188,55972.0,False,1,0,False,accurate,1,1,False,False,7,False,True,,,,,,,,,,,
7994,55958.0,55958.0,55970.29999923706,0,12.299999237060547,12.299999237060547,55986.0,False,1,0,False,accurate,1,1,False,False,5,False,True,,,,,,,,,,,
7997,55979.0,55979.0,55981.70000076294,0,2.700000762939453,2.700000762939453,56007.0,False,1,0,False,fast,0,0,False,False,2,True,True,,,,,,,,,,,
8000,56000.0,56000.0,56024.309998703,0,24.30999870300293,24.30999870300002,56028.0,False,1,0,False,accurate,0,0,False,False,99,False,True,,,,,,,,,,,
8003,56021.0,56024.309998703,56049.303748703,0,24.99375,28.303748703001474,56049.0,True,2,1,False,accurate,0,0,False,False,96,False,False,,,,,,,,,,,
8004,56028.0,56049.303748703,56070.99541638712,0,21.691667684117945,42.99541638712253,56056.0,True,2,1,False,accurate,0,0,False,False,95,False,False,,,,,,,,,,,
8007,56049.0,56070.99541638712,56074.077921602526,0,3.0825052154063997,25.07792160252575,56077.0,False,3,2,False,fast,0,0,False,False,92,False,True,,,,,,,,,,,
8008,56056.0,56074.077921602526,56101.94458293855,0,27.86666133602455,45.94458293855132,56084.0,True,3,2,False,accurate,1,1,False,False,91,False,False,,,,,,,,,,,
8011,56077.0,56101.94458293855,56120.97708207826,0,19.032499139706285,43.97708207825781,56105.0,True,2,1,False,accurate,1,1,False,False,88,False,False,,,,,,,,,,,
8013,56091.0,56120.97708207826,56124.03374791761,0,3.0566658393541957,33.03374791760871,56119.0,True,3,2,False,fast,0,0,False,False,86,False,False,,,,,,,,,,,
8014,56098.0,56124.03374791761,56127.06708041886,0,3.033332501252494,29.067080418863043,56126.0,True,4,3,False,fast,0,0,False,False,85,False,False,,,,,,,,,,,
8019,56133.0,56133.0,56135.812500792046,0,2.812500792046387,2.812500792046194,56161.0,False,1,0,False,fast,0,0,False,False,80,False,True,,,,,,,,,,,
8023,56161.0,56161.0,56191.25749766998,0,30.257497669979927,30.257497669983422,56189.0,True,1,0,False,accurate,1,1,False,False,76,False,False,,,,,,,,,,,
8027,56189.0,56191.25749766998,56211.857496144105,0,20.599998474121094,22.857496144104516,56217.0,False,2,1,False,accurate,1,1,False,False,72,False,True,,,,,,,,,,,
8029,56203.0,56211.857496144105,56214.657495381165,0,2.799999237060547,11.657495381165063,56231.0,False,2,1,False,fast,0,0,False,False,70,False,True,,,,,,,,,,,
8031,56217.0,56217.0,56219.69999694824,0,2.6999969482421875,2.6999969482421875,56245.0,False,1,0,False,fast,0,0,False,False,68,False,True,,,,,,,,,,,
8032,56224.0,56224.0,56226.79999923706,0,2.799999237060547,2.799999237060547,56252.0,False,1,0,False,fast,0,0,False,False,67,False,True,,,,,,,,,,,
8034,56238.0,56238.0,56242.30000305176,0,4.3000030517578125,4.3000030517578125,56266.0,False,1,0,False,fast,0,0,False,False,65,False,True,,,,,,,,,,,
8038,56266.0,56266.0,56285.0,0,19.0,19.0,56294.0,False,1,0,False,accurate,1,1,False,False,61,False,True,,,,,,,,,,,
8039,56273.0,56285.0,56287.79999923706,0,2.799999237060547,14.799999237060547,56301.0,False,2,1,False,fast,0,0,False,False,60,False,True,,,,,,,,,,,
8040,56280.0,56287.79999923706,56290.70000076294,0,2.9000015258789062,10.700000762939453,56308.0,False,3,2,False,fast,0,0,False,False,59,False,True,,,,,,,,,,,
8042,56294.0,56294.0,56309.4999961853,0,15.499996185302734,15.499996185302734,56322.0,False,1,0,False,accurate,1,1,False,False,57,False,True,,,,,,,,,,,
8045,56315.0,56315.0,56330.59999847412,0,15.599998474121094,15.599998474121094,56343.0,False,1,0,False,accurate,1,1,False,False,54,False,True,,,,,,,,,,,
8046,56322.0,56330.59999847412,56349.70000076294,0,19.10000228881836,27.700000762939453,56350.0,False,2,1,False,accurate,1,1,False,False,53,False,True,,,,,,,,,,,
8048,56336.0,56349.70000076294,56352.40000152588,0,2.700000762939453,16.400001525878906,56364.0,False,2,1,False,fast,0,0,False,False,51,False,True,,,,,,,,,,,
8050,56350.0,56352.40000152588,56355.09999847412,0,2.6999969482421875,5.099998474121094,56378.0,False,2,1,False,fast,0,0,False,False,49,False,True,,,,,,,,,,,
8051,56357.0,56357.0,56359.79999923706,0,2.799999237060547,2.799999237060547,56385.0,False,1,0,False,fast,0,0,False,False,48,False,True,,,,,,,,,,,
8053,56371.0,56371.0,56373.79999923706,0,2.799999237060547,2.799999237060547,56399.0,False,1,0,False,fast,0,0,False,False,46,False,True,,,,,,,,,,,
8055,56385.0,56385.0,56397.09999847412,0,12.099998474121094,12.099998474121094,56413.0,False,1,0,False,accurate,1,1,False,False,44,False,True,,,,,,,,,,,
8058,56406.0,56406.0,56424.09999847412,0,18.099998474121094,18.099998474121094,56434.0,False,1,0,False,accurate,1,1,False,False,41,False,True,,,,,,,,,,,
8059,56413.0,56424.09999847412,56426.90000152588,0,2.8000030517578125,13.900001525878906,56441.0,False,2,1,False,fast,0,0,False,False,40,False,True,,,,,,,,,,,
8060,56420.0,56426.90000152588,56445.20000076294,0,18.299999237060547,25.200000762939453,56448.0,False,3,2,False,accurate,1,1,False,False,39,False,True,,,,,,,,,,,
8061,56427.0,56445.20000076294,56448.20000076294,0,3.0,21.200000762939453,56455.0,False,2,1,False,fast,0,0,False,False,38,False,True,,,,,,,,,,,
8063,56441.0,56448.20000076294,56451.0000038147,0,2.8000030517578125,10.000003814697266,56469.0,False,3,2,False,fast,0,0,False,False,36,False,True,,,,,,,,,,,
8065,56455.0,56455.0,56457.90000152588,0,2.9000015258789062,2.9000015258789062,56483.0,False,1,0,False,fast,0,0,False,False,34,False,True,,,,,,,,,,,
8067,56469.0,56469.0,56488.09999847412,0,19.099998474121094,19.099998474121094,56497.0,False,1,0,False,accurate,0,0,False,False,32,False,True,,,,,,,,,,,
8069,56483.0,56488.09999847412,56490.79999923706,0,2.700000762939453,7.799999237060547,56511.0,False,2,1,False,fast,0,0,False,False,30,False,True,,,,,,,,,,,
8071,56497.0,56497.0,56508.9999961853,0,11.999996185302734,11.999996185302734,56525.0,False,1,0,False,accurate,1,1,False,False,28,False,True,,,,,,,,,,,
8075,56525.0,56525.0,56537.29999923706,0,12.299999237060547,12.299999237060547,56553.0,False,1,0,False,accurate,1,1,False,False,24,False,True,,,,,,,,,,,
8083,56581.0,56581.0,56583.90000152588,0,2.9000015258789062,2.9000015258789062,56609.0,False,1,0,False,fast,0,0,False,False,16,False,True,,,,,,,,,,,
8089,56623.0,56623.0,56642.20000076294,0,19.200000762939453,19.200000762939453,56651.0,False,1,0,False,accurate,0,0,False,False,10,False,True,,,,,,,,,,,
8090,56630.0,56642.20000076294,56646.79999923706,0,4.599998474121094,16.799999237060547,56658.0,False,2,1,False,fast,0,0,False,False,9,False,True,,,,,,,,,,,
8091,56637.0,56646.79999923706,56651.39999771118,0,4.599998474121094,14.39999771118164,56665.0,False,3,2,False,fast,0,0,False,False,8,False,True,,,,,,,,,,,
8093,56651.0,56651.39999771118,56657.19999694824,0,5.799999237060547,6.1999969482421875,56679.0,False,2,1,False,fast,0,0,False,False,6,False,True,,,,,,,,,,,
8094,56658.0,56658.0,56671.90000152588,0,13.900001525878906,13.900001525878906,56686.0,False,1,0,False,accurate,1,1,False,False,5,False,True,,,,,,,,,,,
8099,56693.0,56693.0,56696.19999694824,0,3.1999969482421875,3.1999969482421875,56721.0,False,1,0,False,fast,0,0,False,True,0,True,True,,,,,,,,,,,
8100,56700.0,56700.0,56722.20000076294,0,22.200000762939453,22.200000762939453,56728.0,False,1,0,False,accurate,1,1,False,False,99,False,True,,,,,,,,,,,
8102,56714.0,56722.20000076294,56742.79999923706,0,20.599998474121094,28.799999237060547,56742.0,True,2,1,False,accurate,0,0,False,False,97,False,False,,,,,,,,,,,
8104,56728.0,56742.79999923706,56745.9999961853,0,3.1999969482421875,17.999996185302734,56756.0,False,2,1,False,fast,0,0,False,False,95,False,True,,,,,,,,,,,
8105,56735.0,56745.9999961853,56748.9999961853,0,3.0,13.999996185302734,56763.0,False,3,2,False,fast,0,0,False,False,94,False,True,,,,,,,,,,,
8112,56784.0,56784.0,56786.79999923706,0,2.799999237060547,2.799999237060547,56812.0,False,1,0,False,fast,0,0,False,False,87,False,True,,,,,,,,,,,
8118,56826.0,56826.0,56849.69999694824,0,23.699996948242188,23.699996948242188,56854.0,False,1,0,False,accurate,0,0,False,False,81,False,True,,,,,,,,,,,
8120,56840.0,56849.69999694824,56852.599994659424,0,2.8999977111816406,12.599994659423828,56868.0,False,2,1,False,fast,0,0,False,False,79,False,True,,,,,,,,,,,
8121,56847.0,56852.599994659424,56855.69999694824,0,3.1000022888183594,8.699996948242188,56875.0,False,3,2,False,fast,0,0,False,False,78,False,True,,,,,,,,,,,
8122,56854.0,56855.69999694824,56871.59999847412,0,15.900001525878906,17.599998474121094,56882.0,False,2,1,False,accurate,1,1,False,False,77,False,True,,,,,,,,,,,
8123,56861.0,56871.59999847412,56874.5,0,2.9000015258789062,13.5,56889.0,False,2,1,False,fast,0,0,False,False,76,False,True,,,,,,,,,,,
8124,56868.0,56874.5,56896.79999542236,0,22.29999542236328,28.79999542236328,56896.0,True,3,2,False,accurate,1,1,False,False,75,False,False,,,,,,,,,,,
8126,56882.0,56896.79999542236,56900.099994659424,0,3.299999237060547,18.099994659423828,56910.0,False,2,1,False,fast,0,0,False,False,73,False,True,,,,,,,,,,,
8129,56903.0,56903.0,56906.0,0,3.0,3.0,56931.0,False,1,0,False,fast,0,0,False,False,70,False,True,,,,,,,,,,,
8131,56917.0,56917.0,56935.0,0,18.0,18.0,56945.0,False,1,0,False,accurate,1,1,False,False,68,False,True,,,,,,,,,,,
8134,56938.0,56938.0,56940.90000152588,0,2.9000015258789062,2.9000015258789062,56966.0,False,1,0,False,fast,0,0,False,False,65,False,True,,,,,,,,,,,
8136,56952.0,56952.0,56954.89999771118,0,2.8999977111816406,2.8999977111816406,56980.0,False,1,0,False,fast,0,0,False,False,63,False,True,,,,,,,,,,,
8137,56959.0,56959.0,56962.0,0,3.0,3.0,56987.0,False,1,0,False,fast,0,0,False,False,62,False,True,,,,,,,,,,,
8142,56994.0,56994.0,56997.30000305176,0,3.3000030517578125,3.3000030517578125,57022.0,False,1,0,False,fast,0,0,False,False,57,False,True,,,,,,,,,,,
8145,57015.0,57015.0,57018.39999771118,0,3.3999977111816406,3.3999977111816406,57043.0,False,1,0,False,fast,0,0,False,False,54,False,True,,,,,,,,,,,
8146,57022.0,57022.0,57038.5,0,16.5,16.5,57050.0,False,1,0,False,accurate,1,1,False,False,53,False,True,,,,,,,,,,,
8148,57036.0,57038.5,57041.4999961853,0,2.9999961853027344,5.499996185302734,57064.0,False,2,1,False,fast,0,0,False,False,51,False,True,,,,,,,,,,,
8152,57064.0,57064.0,57066.90000152588,0,2.9000015258789062,2.9000015258789062,57092.0,False,1,0,False,fast,0,0,False,False,47,False,True,,,,,,,,,,,
8158,57106.0,57106.0,57109.79999923706,0,3.799999237060547,3.799999237060547,57134.0,False,1,0,False,fast,0,0,False,False,41,False,True,,,,,,,,,,,
8159,57113.0,57113.0,57140.10000228882,0,27.10000228881836,27.10000228881836,57141.0,False,1,0,False,accurate,1,1,False,False,40,False,True,,,,,,,,,,,
8160,57120.0,57140.10000228882,57164.57999839783,0,24.479996109008788,44.579998397828604,57148.0,True,2,1,False,accurate,0,0,False,False,39,False,False,,,,,,,,,,,
8161,57127.0,57164.57999839783,57189.64250456294,0,25.062506165107038,62.642504562936665,57155.0,True,3,2,False,accurate,0,0,False,False,38,False,False,,,,,,,,,,,
8166,57162.0,57189.64250456294,57211.14500223597,0,21.502497673034668,49.14500223597133,57190.0,True,3,2,False,accurate,0,0,False,False,33,False,False,,,,,,,,,,,
8167,57169.0,57211.14500223597,57230.29166758339,0,19.146665347417205,61.291667583391245,57197.0,True,3,2,False,accurate,0,0,False,False,32,False,False,,,,,,,,,,,
8170,57190.0,57230.29166758339,57233.5300026091,0,3.2383350257078747,43.53000260909903,57218.0,True,3,2,False,fast,0,0,False,False,29,False,False,,,,,,,,,,,
8173,57211.0,57233.5300026091,57249.90833804409,0,16.37833543499312,38.9083380440934,57239.0,True,4,3,False,accurate,1,1,False,False,26,False,False,,,,,,,,,,,
8174,57218.0,57249.90833804409,57270.70416929454,0,20.795831250449034,52.704169294542226,57246.0,True,4,3,False,accurate,1,1,False,False,25,False,False,,,,,,,,,,,
8177,57239.0,57270.70416929454,57273.773333533114,0,3.069164238572125,34.773333533114055,57267.0,True,3,2,False,fast,0,0,False,False,22,False,False,,,,,,,,,,,
8181,57267.0,57273.773333533114,57276.643332751104,0,2.8699992179870604,9.643332751104026,57295.0,False,3,2,False,fast,0,0,False,False,18,False,True,,,,,,,,,,,
8183,57281.0,57281.0,57283.82333256473,0,2.8233325647314387,2.823332564730663,57309.0,False,1,0,False,fast,0,0,False,False,16,False,True,,,,,,,,,,,
8184,57288.0,57288.0,57290.90000152588,0,2.9000015258789062,2.9000015258789062,57316.0,False,1,0,False,fast,0,0,False,False,15,False,True,,,,,,,,,,,
8185,57295.0,57295.0,57307.70000457764,0,12.700004577636719,12.700004577636719,57323.0,False,1,0,False,accurate,1,1,False,False,14,False,True,,,,,,,,,,,
8190,57330.0,57330.0,57332.79999923706,0,2.799999237060547,2.799999237060547,57358.0,False,1,0,False,fast,0,0,False,False,9,False,True,,,,,,,,,,,
8193,57351.0,57351.0,57354.09999847412,0,3.0999984741210938,3.0999984741210938,57379.0,False,1,0,False,fast,0,0,False,False,6,False,True,,,,,,,,,,,
8195,57365.0,57365.0,57377.29999923706,0,12.299999237060547,12.299999237060547,57393.0,False,1,0,False,accurate,1,1,False,False,4,False,True,,,,,,,,,,,
8196,57372.0,57377.29999923706,57380.20000076294,0,2.9000015258789062,8.200000762939453,57400.0,False,2,1,False,fast,0,0,False,False,3,False,True,,,,,,,,,,,
8199,57393.0,57393.0,57406.59999847412,0,13.599998474121094,13.599998474121094,57421.0,False,1,0,False,accurate,1,1,False,True,0,True,True,,,,,,,,,,,
8200,57400.0,57406.59999847412,57427.5000038147,0,20.900005340576172,27.500003814697266,57428.0,False,2,1,False,accurate,0,0,False,False,99,False,True,,,,,,,,,,,
8201,57407.0,57427.5000038147,57430.400005340576,0,2.9000015258789062,23.400005340576172,57435.0,False,2,1,False,fast,0,0,False,False,98,False,True,,,,,,,,,,,
8203,57421.0,57430.400005340576,57433.300006866455,0,2.9000015258789062,12.300006866455078,57449.0,False,3,2,False,fast,0,0,False,False,96,False,True,,,,,,,,,,,
8205,57435.0,57435.0,57437.79999923706,0,2.799999237060547,2.799999237060547,57463.0,False,1,0,False,fast,0,0,False,False,94,False,True,,,,,,,,,,,
8207,57449.0,57449.0,57451.80000305176,0,2.8000030517578125,2.8000030517578125,57477.0,False,1,0,False,fast,0,0,False,False,92,False,True,,,,,,,,,,,
8208,57456.0,57456.0,57458.79999923706,0,2.799999237060547,2.799999237060547,57484.0,False,1,0,False,fast,0,0,False,False,91,False,True,,,,,,,,,,,
8211,57477.0,57477.0,57479.70000076294,0,2.700000762939453,2.700000762939453,57505.0,False,1,0,False,fast,0,0,False,False,88,False,True,,,,,,,,,,,
8218,57526.0,57526.0,57528.80000305176,0,2.8000030517578125,2.8000030517578125,57554.0,False,1,0,False,fast,0,0,False,False,81,False,True,,,,,,,,,,,
8220,57540.0,57540.0,57542.90000152588,0,2.9000015258789062,2.9000015258789062,57568.0,False,1,0,False,fast,0,0,False,False,79,False,True,,,,,,,,,,,
8223,57561.0,57561.0,57563.79999923706,0,2.799999237060547,2.799999237060547,57589.0,False,1,0,False,fast,0,0,False,False,76,False,True,,,,,,,,,,,
8224,57568.0,57568.0,57581.10000228882,0,13.10000228881836,13.10000228881836,57596.0,False,1,0,False,accurate,1,1,False,False,75,False,True,,,,,,,,,,,
8225,57575.0,57581.10000228882,57583.900005340576,0,2.8000030517578125,8.900005340576172,57603.0,False,2,1,False,fast,0,0,False,False,74,False,True,,,,,,,,,,,
8228,57596.0,57596.0,57598.79999923706,0,2.799999237060547,2.799999237060547,57624.0,False,1,0,False,fast,0,0,False,False,71,False,True,,,,,,,,,,,
8233,57631.0,57631.0,57644.39999771118,0,13.39999771118164,13.39999771118164,57659.0,False,1,0,False,accurate,1,1,False,False,66,False,True,,,,,,,,,,,
8235,57645.0,57645.0,57647.79999923706,0,2.799999237060547,2.799999237060547,57673.0,False,1,0,False,fast,0,0,False,False,64,False,True,,,,,,,,,,,
8236,57652.0,57652.0,57676.0,0,24.0,24.0,57680.0,False,1,0,False,accurate,1,1,False,False,63,False,True,,,,,,,,,,,
8241,57687.0,57687.0,57689.69999694824,0,2.6999969482421875,2.6999969482421875,57715.0,False,1,0,False,fast,0,0,False,False,58,False,True,,,,,,,,,,,
8244,57708.0,57708.0,57710.79999923706,0,2.799999237060547,2.799999237060547,57736.0,False,1,0,False,fast,0,0,False,False,55,False,True,,,,,,,,,,,
8247,57729.0,57729.0,57741.30000305176,0,12.300003051757812,12.300003051757812,57757.0,False,1,0,False,accurate,1,1,False,False,52,False,True,,,,,,,,,,,
8248,57736.0,57741.30000305176,57753.0000038147,0,11.700000762939453,17.000003814697266,57764.0,False,2,1,False,fast,0,0,False,False,51,False,True,,,,,,,,,,,
8249,57743.0,57753.0000038147,57756.5000038147,0,3.5,13.500003814697266,57771.0,False,2,1,False,fast,0,0,False,False,50,False,True,,,,,,,,,,,
8251,57757.0,57757.0,57759.9999961853,0,2.9999961853027344,2.9999961853027344,57785.0,False,1,0,False,fast,0,0,False,False,48,False,True,,,,,,,,,,,
8253,57771.0,57771.0,57773.89999771118,0,2.8999977111816406,2.8999977111816406,57799.0,False,1,0,False,fast,0,0,False,False,46,False,True,,,,,,,,,,,
8254,57778.0,57778.0,57780.90000152588,0,2.9000015258789062,2.9000015258789062,57806.0,False,1,0,False,fast,0,0,False,False,45,False,True,,,,,,,,,,,
8256,57792.0,57792.0,57805.79999923706,0,13.799999237060547,13.799999237060547,57820.0,False,1,0,False,accurate,1,1,False,False,43,False,True,,,,,,,,,,,
8259,57813.0,57813.0,57815.79999923706,0,2.799999237060547,2.799999237060547,57841.0,False,1,0,False,fast,0,0,False,False,40,False,True,,,,,,,,,,,
8260,57820.0,57820.0,57834.09999847412,0,14.099998474121094,14.099998474121094,57848.0,False,1,0,False,accurate,1,1,False,False,39,False,True,,,,,,,,,,,
8262,57834.0,57834.09999847412,57837.0,0,2.9000015258789062,3.0,57862.0,False,2,1,False,fast,0,0,False,False,37,False,True,,,,,,,,,,,
8263,57841.0,57841.0,57843.89999771118,0,2.8999977111816406,2.8999977111816406,57869.0,False,1,0,False,fast,0,0,False,False,36,False,True,,,,,,,,,,,
8264,57848.0,57848.0,57861.9999961853,0,13.999996185302734,13.999996185302734,57876.0,False,1,0,False,accurate,1,1,False,False,35,False,True,,,,,,,,,,,
8267,57869.0,57869.0,57891.39999771118,0,22.39999771118164,22.39999771118164,57897.0,False,1,0,False,accurate,1,0,True,False,32,False,True,,,,,,,,,,,
8269,57883.0,57891.39999771118,57911.89999771118,0,20.5,28.89999771118164,57911.0,True,2,1,False,accurate,1,1,False,False,30,False,False,,,,,,,,,,,
8270,57890.0,57911.89999771118,57931.09999847412,0,19.200000762939453,41.099998474121094,57918.0,True,3,2,False,accurate,1,1,False,False,29,False,False,,,,,,,,,,,
8272,57904.0,57931.09999847412,57944.69999694824,0,13.599998474121094,40.69999694824219,57932.0,True,3,2,False,accurate,1,1,False,False,27,False,False,,,,,,,,,,,
8274,57918.0,57944.69999694824,57965.29999923706,0,20.60000228881836,47.29999923706055,57946.0,True,3,2,False,accurate,1,1,False,False,25,False,False,,,,,,,,,,,
8276,57932.0,57965.29999923706,57968.20000076294,0,2.9000015258789062,36.20000076293945,57960.0,True,3,2,False,fast,0,0,False,False,23,False,False,,,,,,,,,,,
8279,57953.0,57968.20000076294,57996.5,0,28.299999237060547,43.5,57981.0,True,3,2,False,accurate,0,0,False,False,20,False,False,,,,,,,,,,,
8282,57974.0,57996.5,57999.5000038147,0,3.0000038146972656,25.500003814697266,58002.0,False,2,1,False,fast,0,0,False,False,17,False,True,,,,,,,,,,,
8286,58002.0,58002.0,58005.4999961853,0,3.4999961853027344,3.4999961853027344,58030.0,False,1,0,False,fast,0,0,False,False,13,False,True,,,,,,,,,,,
8287,58009.0,58009.0,58011.69999694824,0,2.6999969482421875,2.6999969482421875,58037.0,False,1,0,False,fast,0,0,False,False,12,False,True,,,,,,,,,,,
8291,58037.0,58037.0,58050.89999771118,0,13.89999771118164,13.89999771118164,58065.0,False,1,0,False,accurate,1,1,False,False,8,False,True,,,,,,,,,,,
8294,58058.0,58058.0,58077.20000076294,0,19.200000762939453,19.200000762939453,58086.0,False,1,0,False,accurate,0,0,False,False,5,False,True,,,,,,,,,,,
8299,58093.0,58093.0,58095.80000305176,0,2.8000030517578125,2.8000030517578125,58121.0,False,1,0,False,fast,0,0,False,True,0,True,True,,,,,,,,,,,
8300,58100.0,58100.0,58102.79999923706,0,2.799999237060547,2.799999237060547,58128.0,False,1,0,False,fast,0,0,False,False,99,False,True,,,,,,,,,,,
8304,58128.0,58128.0,58141.40000152588,0,13.400001525878906,13.400001525878906,58156.0,False,1,0,False,accurate,1,1,False,False,95,False,True,,,,,,,,,,,
8305,58135.0,58141.40000152588,58167.0,0,25.599998474121094,32.0,58163.0,True,2,1,False,accurate,0,1,True,False,94,False,False,,,,,,,,,,,
8306,58142.0,58167.0,58169.79999923706,0,2.799999237060547,27.799999237060547,58170.0,False,2,1,False,fast,0,0,False,False,93,False,True,,,,,,,,,,,
8309,58163.0,58169.79999923706,58182.59999847412,0,12.799999237060547,19.599998474121094,58191.0,False,3,2,False,accurate,1,1,False,False,90,False,True,,,,,,,,,,,
8311,58177.0,58182.59999847412,58185.40000152588,0,2.8000030517578125,8.400001525878906,58205.0,False,2,1,False,fast,0,0,False,False,88,False,True,,,,,,,,,,,
8315,58205.0,58205.0,58207.69999694824,0,2.6999969482421875,2.6999969482421875,58233.0,False,1,0,False,fast,0,0,False,False,84,False,True,,,,,,,,,,,
8316,58212.0,58212.0,58214.89999771118,0,2.8999977111816406,2.8999977111816406,58240.0,False,1,0,False,fast,0,0,False,False,83,False,True,,,,,,,,,,,
8320,58240.0,58240.0,58262.26999740601,0,22.26999740600586,22.26999740600877,58268.0,False,1,0,False,accurate,1,1,False,False,79,False,True,,,,,,,,,,,
8321,58247.0,58262.26999740601,58287.16541641494,0,24.895419008930503,40.16541641493677,58275.0,True,2,1,False,accurate,1,1,False,False,78,False,False,,,,,,,,,,,
8323,58261.0,58287.16541641494,58310.06292379637,0,22.897507381439205,49.06292379637307,58289.0,True,3,2,False,accurate,0,0,False,False,76,False,False,,,,,,,,,,,
8325,58275.0,58310.06292379637,58349.53875392576,0,39.47583012938497,74.53875392575719,58303.0,True,3,2,False,accurate,0,0,False,False,74,False,False,,,,,,,,,,,
8326,58282.0,58349.53875392576,58371.95625508924,0,22.417501163482665,89.95625508923695,58310.0,True,4,3,False,accurate,0,0,False,False,73,False,False,,,,,,,,,,,
8330,58310.0,58371.95625508924,58412.09376006523,0,40.137504975994375,102.09376006523235,58338.0,True,4,3,False,accurate,1,1,False,False,69,False,False,,,,,,,,,,,
8333,58331.0,58412.09376006523,58447.88834157158,0,35.79458150635162,116.88834157158271,58359.0,True,4,3,False,accurate,1,1,False,False,66,False,False,,,,,,,,,,,
8337,58359.0,58447.88834157158,58450.95750984738,0,3.0691682757933902,91.9575098473797,58387.0,True,4,3,False,fast,0,0,False,False,62,False,False,,,,,,,,,,,
8338,58366.0,58450.95750984738,58464.70501074383,0,13.747500896453857,98.70501074383355,58394.0,True,5,4,False,accurate,1,1,False,False,61,False,False,,,,,,,,,,,
8339,58373.0,58464.70501074383,58480.059174741305,0,15.354163997471339,107.05917474130547,58401.0,True,5,4,False,accurate,1,1,False,False,60,False,False,,,,,,,,,,,
8341,58387.0,58480.059174741305,58495.82792888979,0,15.768754148483275,108.8279288897902,58415.0,True,6,5,True,accurate,1,1,False,False,58,False,False,,,,,,,,,,,
8342,58394.0,58495.82792888979,58498.572929666785,0,2.7450007769962155,104.57292966678506,58422.0,True,7,6,True,fast,0,0,False,False,57,False,False,,,,,,,,,,,
8343,58401.0,58498.572929666785,58501.49709402628,0,2.9241643594950433,100.49709402627923,58429.0,True,8,7,True,fast,0,0,False,False,56,False,False,,,,,,,,,,,
8351,58457.0,58501.49709402628,58504.19709478922,0,2.700000762939453,47.19709478921868,58485.0,True,6,5,True,fast,0,0,False,False,48,False,False,,,,,,,,,,,
8353,58471.0,58504.19709478922,58506.99709402628,0,2.799999237060547,35.99709402627923,58499.0,True,6,5,True,fast,0,0,False,False,46,False,False,,,,,,,,,,,
8354,58478.0,58506.99709402628,58509.79709326334,0,2.799999237060547,31.797093263339775,58506.0,True,7,6,True,fast,0,0,False,False,45,False,False,,,,,,,,,,,
8356,58492.0,58509.79709326334,58512.69709097452,0,2.8999977111816406,20.697090974521416,58520.0,False,7,6,True,fast,0,0,False,False,43,False,False,,,,,,,,,,,
8357,58499.0,58512.69709097452,58515.49709021158,0,2.799999237060547,16.497090211581963,58527.0,False,6,5,True,fast,0,0,False,False,42,False,False,,,,,,,,,,,
8362,58534.0,58534.0,58548.39999771118,0,14.39999771118164,14.39999771118164,58562.0,False,1,0,False,accurate,1,1,False,False,37,False,True,,,,,,,,,,,
8364,58548.0,58548.39999771118,58551.19999694824,0,2.799999237060547,3.1999969482421875,58576.0,False,2,1,False,fast,0,0,False,False,35,False,True,,,,,,,,,,,
8370,58590.0,58590.0,58605.10000228882,0,15.10000228881836,15.10000228881836,58618.0,False,1,0,False,accurate,1,1,False,False,29,False,True,,,,,,,,,,,
8373,58611.0,58611.0,58614.0,0,3.0,3.0,58639.0,False,1,0,False,fast,0,0,False,False,26,False,True,,,,,,,,,,,
8374,58618.0,58618.0,58637.10000228882,0,19.10000228881836,19.10000228881836,58646.0,False,1,0,False,accurate,0,0,False,False,25,False,True,,,,,,,,,,,
8375,58625.0,58637.10000228882,58639.90000152588,0,2.799999237060547,14.900001525878906,58653.0,False,2,1,False,fast,0,0,False,False,24,False,True,,,,,,,,,,,
8379,58653.0,58653.0,58655.69999694824,0,2.6999969482421875,2.6999969482421875,58681.0,False,1,0,False,fast,0,0,False,False,20,False,True,,,,,,,,,,,
8381,58667.0,58667.0,58683.29999542236,0,16.29999542236328,16.29999542236328,58695.0,False,1,0,False,accurate,1,1,False,False,18,False,True,,,,,,,,,,,
8383,58681.0,58683.29999542236,58695.79999923706,0,12.500003814697266,14.799999237060547,58709.0,False,2,1,False,accurate,1,1,False,False,16,False,True,,,,,,,,,,,
8385,58695.0,58695.79999923706,58698.59999847412,0,2.799999237060547,3.5999984741210938,58723.0,False,2,1,False,fast,0,0,False,False,14,False,True,,,,,,,,,,,
8386,58702.0,58702.0,58716.39999771118,0,14.39999771118164,14.39999771118164,58730.0,False,1,0,False,accurate,1,1,False,False,13,False,True,,,,,,,,,,,
8387,58709.0,58716.39999771118,58727.699993133545,0,11.299995422363281,18.699993133544922,58737.0,False,2,1,False,accurate,1,1,False,False,12,False,True,,,,,,,,,,,
8388,58716.0,58727.699993133545,58730.499992370605,0,2.799999237060547,14.499992370605469,58744.0,False,3,2,False,fast,0,0,False,False,11,False,True,,,,,,,,,,,
8389,58723.0,58730.499992370605,58733.19998931885,0,2.6999969482421875,10.199989318847656,58751.0,False,3,2,False,fast,0,0,False,False,10,False,True,,,,,,,,,,,
8392,58744.0,58744.0,58746.80000305176,0,2.8000030517578125,2.8000030517578125,58772.0,False,1,0,False,fast,0,0,False,False,7,False,True,,,,,,,,,,,
8395,58765.0,58765.0,58767.69999694824,0,2.6999969482421875,2.6999969482421875,58793.0,False,1,0,False,fast,0,0,False,False,4,False,True,,,,,,,,,,,
8399,58793.0,58793.0,58795.80000305176,0,2.8000030517578125,2.8000030517578125,58821.0,False,1,0,False,fast,0,0,False,True,0,True,True,,,,,,,,,,,
8400,58800.0,58800.0,58802.79999923706,0,2.799999237060547,2.799999237060547,58828.0,False,1,0,False,fast,0,0,False,False,99,False,True,,,,,,,,,,,
8402,58814.0,58814.0,58816.79999923706,0,2.799999237060547,2.799999237060547,58842.0,False,1,0,False,fast,0,0,False,False,97,False,True,,,,,,,,,,,
8404,58828.0,58828.0,58843.79999923706,0,15.799999237060547,15.799999237060547,58856.0,False,1,0,False,accurate,1,1,False,False,95,False,True,,,,,,,,,,,
8406,58842.0,58843.79999923706,58846.70000076294,0,2.9000015258789062,4.700000762939453,58870.0,False,2,1,False,fast,0,0,False,False,93,False,True,,,,,,,,,,,
8408,58856.0,58856.0,58858.79999923706,0,2.799999237060547,2.799999237060547,58884.0,False,1,0,False,fast,0,0,False,False,91,False,True,,,,,,,,,,,
8410,58870.0,58870.0,58872.79999923706,0,2.799999237060547,2.799999237060547,58898.0,False,1,0,False,fast,0,0,False,False,89,False,True,,,,,,,,,,,
8414,58898.0,58898.0,58911.0,0,13.0,13.0,58926.0,False,1,0,False,accurate,1,1,False,False,85,False,True,,,,,,,,,,,
8415,58905.0,58911.0,58913.89999771118,0,2.8999977111816406,8.89999771118164,58933.0,False,2,1,False,fast,0,0,False,False,84,False,True,,,,,,,,,,,
8416,58912.0,58913.89999771118,58917.79999542236,0,3.8999977111816406,5.799995422363281,58940.0,False,2,1,False,fast,0,0,False,False,83,False,True,,,,,,,,,,,
8420,58940.0,58940.0,58951.90000152588,0,11.900001525878906,11.900001525878906,58968.0,False,1,0,False,accurate,1,1,False,False,79,False,True,,,,,,,,,,,
8421,58947.0,58951.90000152588,58954.60000228882,0,2.700000762939453,7.600002288818359,58975.0,False,2,1,False,fast,0,0,False,False,78,False,True,,,,,,,,,,,
8426,58982.0,58982.0,58984.79999923706,0,2.799999237060547,2.799999237060547,59010.0,False,1,0,False,fast,0,0,False,False,73,False,True,,,,,,,,,,,
8434,59038.0,59038.0,59057.59999847412,0,19.599998474121094,19.599998474121094,59066.0,False,1,0,False,accurate,0,0,False,False,65,False,True,,,,,,,,,,,
8436,59052.0,59057.59999847412,59060.39999771118,0,2.799999237060547,8.39999771118164,59080.0,False,2,1,False,fast,0,0,False,False,63,False,True,,,,,,,,,,,
8438,59066.0,59066.0,59068.80000305176,0,2.8000030517578125,2.8000030517578125,59094.0,False,1,0,False,fast,0,0,False,False,61,False,True,,,,,,,,,,,
8440,59080.0,59080.0,59082.69999694824,0,2.6999969482421875,2.6999969482421875,59108.0,False,1,0,False,fast,0,0,False,False,59,False,True,,,,,,,,,,,
8441,59087.0,59087.0,59102.69999694824,0,15.699996948242188,15.699996948242188,59115.0,False,1,0,False,accurate,1,1,False,False,58,False,True,,,,,,,,,,,
8447,59129.0,59129.0,59131.70000076294,0,2.700000762939453,2.700000762939453,59157.0,False,1,0,False,fast,0,0,False,False,52,False,True,,,,,,,,,,,
8452,59164.0,59164.0,59166.90000152588,0,2.9000015258789062,2.9000015258789062,59192.0,False,1,0,False,fast,0,0,False,False,47,False,True,,,,,,,,,,,
8454,59178.0,59178.0,59180.70000076294,0,2.700000762939453,2.700000762939453,59206.0,False,1,0,False,fast,0,0,False,False,45,False,True,,,,,,,,,,,
8457,59199.0,59199.0,59201.70000457764,0,2.7000045776367188,2.7000045776367188,59227.0,False,1,0,False,fast,0,0,False,False,42,False,True,,,,,,,,,,,
8459,59213.0,59213.0,59215.79999923706,0,2.799999237060547,2.799999237060547,59241.0,False,1,0,False,fast,0,0,False,False,40,False,True,,,,,,,,,,,
8464,59248.0,59248.0,59250.80000305176,0,2.8000030517578125,2.8000030517578125,59276.0,False,1,0,False,fast,0,0,False,False,35,False,True,,,,,,,,,,,
8467,59269.0,59269.0,59271.79999923706,0,2.799999237060547,2.799999237060547,59297.0,False,1,0,False,fast,0,0,False,False,32,False,True,,,,,,,,,,,
8468,59276.0,59276.0,59279.9999961853,0,3.9999961853027344,3.9999961853027344,59304.0,False,1,0,False,fast,0,0,False,False,31,False,True,,,,,,,,,,,
8469,59283.0,59283.0,59295.19999694824,0,12.199996948242188,12.199996948242188,59311.0,False,1,0,False,accurate,1,1,False,False,30,False,True,,,,,,,,,,,
8470,59290.0,59295.19999694824,59299.099994659424,0,3.8999977111816406,9.099994659423828,59318.0,False,2,1,False,fast,0,0,False,False,29,False,True,,,,,,,,,,,
8471,59297.0,59299.099994659424,59301.89999771118,0,2.8000030517578125,4.899997711181641,59325.0,False,2,1,False,fast,0,0,False,False,28,False,True,,,,,,,,,,,
8475,59325.0,59325.0,59327.79999923706,0,2.799999237060547,2.799999237060547,59353.0,False,1,0,False,fast,0,0,False,False,24,False,True,,,,,,,,,,,
8476,59332.0,59332.0,59334.79999923706,0,2.799999237060547,2.799999237060547,59360.0,False,1,0,False,fast,0,0,False,False,23,False,True,,,,,,,,,,,
8478,59346.0,59346.0,59349.4999961853,0,3.4999961853027344,3.4999961853027344,59374.0,False,1,0,False,fast,0,0,False,False,21,False,True,,,,,,,,,,,
8481,59367.0,59367.0,59391.728331852755,0,24.728331852753968,24.72833185275522,59395.0,False,1,0,False,accurate,0,0,False,False,18,False,True,,,,,,,,,,,
8482,59374.0,59391.728331852755,59419.14416667084,0,27.415834818085045,45.144166670841514,59402.0,True,2,1,False,accurate,0,0,False,False,17,False,False,,,,,,,,,,,
8493,59451.0,59451.0,59470.02000211557,0,19.020002115567536,19.020002115568786,59479.0,False,1,0,False,accurate,0,0,False,False,6,False,True,,,,,,,,,,,
8494,59458.0,59470.02000211557,59489.5241667063,0,19.50416459073624,31.524166706301912,59486.0,True,2,1,False,accurate,0,0,False,False,5,False,False,,,,,,,,,,,
8495,59465.0,59489.5241667063,59492.53416588614,0,3.009999179840088,27.534165886143455,59493.0,False,3,2,False,fast,0,0,False,False,4,False,True,,,,,,,,,,,
8502,59514.0,59514.0,59517.05000387977,0,3.050003879765671,3.050003879769065,59542.0,False,1,0,False,fast,0,0,False,False,97,False,True,,,,,,,,,,,
8504,59528.0,59528.0,59546.5,0,18.5,18.5,59556.0,False,1,0,False,accurate,1,1,False,False,95,False,True,,,,,,,,,,,
8506,59542.0,59546.5,59566.29999923706,0,19.799999237060547,24.299999237060547,59570.0,False,2,1,False,accurate,0,0,False,False,93,False,True,,,,,,,,,,,
8507,59549.0,59566.29999923706,59569.20000076294,0,2.9000015258789062,20.200000762939453,59577.0,False,2,1,False,fast,0,0,False,False,92,False,True,,,,,,,,,,,
8511,59577.0,59577.0,59579.70000457764,0,2.7000045776367188,2.7000045776367188,59605.0,False,1,0,False,fast,0,0,False,False,88,False,True,,,,,,,,,,,
8512,59584.0,59584.0,59586.70000076294,0,2.700000762939453,2.700000762939453,59612.0,False,1,0,False,fast,0,0,False,False,87,False,True,,,,,,,,,,,
8514,59598.0,59598.0,59600.79999923706,0,2.799999237060547,2.799999237060547,59626.0,False,1,0,False,fast,0,0,False,False,85,False,True,,,,,,,,,,,
8516,59612.0,59612.0,59614.69999694824,0,2.6999969482421875,2.6999969482421875,59640.0,False,1,0,False,fast,0,0,False,False,83,False,True,,,,,,,,,,,
8522,59654.0,59654.0,59656.79999923706,0,2.799999237060547,2.799999237060547,59682.0,False,1,0,False,fast,0,0,False,False,77,False,True,,,,,,,,,,,
8524,59668.0,59668.0,59670.79999923706,0,2.799999237060547,2.799999237060547,59696.0,False,1,0,False,fast,0,0,False,False,75,False,True,,,,,,,,,,,
8526,59682.0,59682.0,59695.69999694824,0,13.699996948242188,13.699996948242188,59710.0,False,1,0,False,accurate,1,1,False,False,73,False,True,,,,,,,,,,,
8528,59696.0,59696.0,59698.79999923706,0,2.799999237060547,2.799999237060547,59724.0,False,1,0,False,fast,0,0,False,False,71,False,True,,,,,,,,,,,
8529,59703.0,59703.0,59705.79999923706,0,2.799999237060547,2.799999237060547,59731.0,False,1,0,False,fast,0,0,False,False,70,False,True,,,,,,,,,,,
8532,59724.0,59724.0,59726.79999923706,0,2.799999237060547,2.799999237060547,59752.0,False,1,0,False,fast,0,0,False,False,67,False,True,,,,,,,,,,,
8534,59738.0,59738.0,59740.80000305176,0,2.8000030517578125,2.8000030517578125,59766.0,False,1,0,False,fast,0,0,False,False,65,False,True,,,,,,,,,,,
8535,59745.0,59745.0,59747.79999923706,0,2.799999237060547,2.799999237060547,59773.0,False,1,0,False,fast,0,0,False,False,64,False,True,,,,,,,,,,,
8538,59766.0,59766.0,59779.90000152588,0,13.900001525878906,13.900001525878906,59794.0,False,1,0,False,accurate,1,1,False,False,61,False,True,,,,,,,,,,,
8547,59829.0,59829.0,59854.70000076294,0,25.700000762939453,25.700000762939453,59857.0,False,1,0,False,accurate,1,1,False,False,52,False,True,,,,,,,,,,,
8549,59843.0,59854.70000076294,59857.5000038147,0,2.8000030517578125,14.500003814697266,59871.0,False,2,1,False,fast,0,0,False,False,50,False,True,,,,,,,,,,,
8552,59864.0,59864.0,59866.69999694824,0,2.6999969482421875,2.6999969482421875,59892.0,False,1,0,False,fast,0,0,False,False,47,False,True,,,,,,,,,,,
8555,59885.0,59885.0,59887.80000305176,0,2.8000030517578125,2.8000030517578125,59913.0,False,1,0,False,fast,0,0,False,False,44,False,True,,,,,,,,,,,
8556,59892.0,59892.0,59894.80000305176,0,2.8000030517578125,2.8000030517578125,59920.0,False,1,0,False,fast,0,0,False,False,43,False,True,,,,,,,,,,,
8558,59906.0,59906.0,59908.79999923706,0,2.799999237060547,2.799999237060547,59934.0,False,1,0,False,fast,0,0,False,False,41,False,True,,,,,,,,,,,
8566,59962.0,59962.0,59964.90000152588,0,2.9000015258789062,2.9000015258789062,59990.0,False,1,0,False,fast,0,0,False,False,33,False,True,,,,,,,,,,,
8569,59983.0,59983.0,59985.79999923706,0,2.799999237060547,2.799999237060547,60011.0,False,1,0,False,fast,0,0,False,False,30,False,True,,,,,,,,,,,
8571,59997.0,59997.0,59999.69999694824,0,2.6999969482421875,2.6999969482421875,60025.0,False,1,0,False,fast,0,0,False,False,28,False,True,,,,,,,,,,,
8575,60025.0,60025.0,60036.20000076294,0,11.200000762939453,11.200000762939453,60053.0,False,1,0,False,accurate,1,1,False,False,24,False,True,,,,,,,,,,,
8577,60039.0,60039.0,60041.79999923706,0,2.799999237060547,2.799999237060547,60067.0,False,1,0,False,fast,0,0,False,False,22,False,True,,,,,,,,,,,
8579,60053.0,60053.0,60055.89999771118,0,2.8999977111816406,2.8999977111816406,60081.0,False,1,0,False,fast,0,0,False,False,20,False,True,,,,,,,,,,,
8582,60074.0,60074.0,60076.90000152588,0,2.9000015258789062,2.9000015258789062,60102.0,False,1,0,False,fast,0,0,False,False,17,False,True,,,,,,,,,,,
8588,60116.0,60116.0,60118.79999923706,0,2.799999237060547,2.799999237060547,60144.0,False,1,0,False,fast,0,0,False,False,11,False,True,,,,,,,,,,,
8592,60144.0,60144.0,60146.90000152588,0,2.9000015258789062,2.9000015258789062,60172.0,False,1,0,False,fast,0,0,False,False,7,False,True,,,,,,,,,,,
8594,60158.0,60158.0,60160.79999923706,0,2.799999237060547,2.799999237060547,60186.0,False,1,0,False,fast,0,0,False,False,5,False,True,,,,,,,,,,,
8595,60165.0,60165.0,60167.79999923706,0,2.799999237060547,2.799999237060547,60193.0,False,1,0,False,fast,0,0,False,False,4,False,True,,,,,,,,,,,
8596,60172.0,60172.0,60174.90000152588,0,2.9000015258789062,2.9000015258789062,60200.0,False,1,0,False,fast,0,0,False,False,3,False,True,,,,,,,,,,,
8599,60193.0,60193.0,60195.80000305176,0,2.8000030517578125,2.8000030517578125,60221.0,False,1,0,False,fast,0,0,False,True,0,True,True,,,,,,,,,,,
8603,60221.0,60221.0,60223.79999923706,0,2.799999237060547,2.799999237060547,60249.0,False,1,0,False,fast,0,0,False,False,96,False,True,,,,,,,,,,,
8606,60242.0,60242.0,60256.60000228882,0,14.60000228881836,14.60000228881836,60270.0,False,1,0,False,accurate,1,1,False,False,93,False,True,,,,,,,,,,,
8607,60249.0,60256.60000228882,60274.400005340576,0,17.800003051757812,25.400005340576172,60277.0,False,2,1,False,accurate,1,1,False,False,92,False,True,,,,,,,,,,,
8608,60256.0,60274.400005340576,60277.200008392334,0,2.8000030517578125,21.200008392333984,60284.0,False,3,2,False,fast,0,0,False,False,91,False,True,,,,,,,,,,,
8609,60263.0,60277.200008392334,60280.000007629395,0,2.799999237060547,17.00000762939453,60291.0,False,3,2,False,fast,0,0,False,False,90,False,True,,,,,,,,,,,
8611,60277.0,60280.000007629395,60282.800006866455,0,2.799999237060547,5.800006866455078,60305.0,False,3,2,False,fast,0,0,False,False,88,False,True,,,,,,,,,,,
8612,60284.0,60284.0,60298.0000038147,0,14.000003814697266,14.000003814697266,60312.0,False,1,0,False,accurate,1,1,False,False,87,False,True,,,,,,,,,,,
8614,60298.0,60298.0000038147,60300.900005340576,0,2.9000015258789062,2.900005340576172,60326.0,False,2,1,False,fast,0,0,False,False,85,False,True,,,,,,,,,,,
8617,60319.0,60319.0,60321.79999923706,0,2.799999237060547,2.799999237060547,60347.0,False,1,0,False,fast,0,0,False,False,82,False,True,,,,,,,,,,,
8619,60333.0,60333.0,60335.79999923706,0,2.799999237060547,2.799999237060547,60361.0,False,1,0,False,fast,0,0,False,False,80,False,True,,,,,,,,,,,
8621,60347.0,60347.0,60349.80000305176,0,2.8000030517578125,2.8000030517578125,60375.0,False,1,0,False,fast,0,0,False,False,78,False,True,,,,,,,,,,,
8623,60361.0,60361.0,60363.79999923706,0,2.799999237060547,2.799999237060547,60389.0,False,1,0,False,fast,0,0,False,False,76,False,True,,,,,,,,,,,
8624,60368.0,60368.0,60370.79999923706,0,2.799999237060547,2.799999237060547,60396.0,False,1,0,False,fast,0,0,False,False,75,False,True,,,,,,,,,,,
8629,60403.0,60403.0,60419.0,0,16.0,16.0,60431.0,False,1,0,False,accurate,1,1,False,False,70,False,True,,,,,,,,,,,
8631,60417.0,60419.0,60421.69999694824,0,2.6999969482421875,4.6999969482421875,60445.0,False,2,1,False,fast,0,0,False,False,68,False,True,,,,,,,,,,,
8632,60424.0,60424.0,60442.59999847412,0,18.599998474121094,18.599998474121094,60452.0,False,1,0,False,accurate,1,1,False,False,67,False,True,,,,,,,,,,,
8634,60438.0,60442.59999847412,60445.39999771118,0,2.799999237060547,7.399997711181641,60466.0,False,2,1,False,fast,0,0,False,False,65,False,True,,,,,,,,,,,
8640,60480.0,60480.0,60483.359999084474,0,3.359999084472656,3.3599990844741114,60508.0,False,1,0,False,fast,0,0,False,False,59,False,True,,,,,,,,,,,
8643,60501.0,60501.0,60521.63999876976,0,20.63999876976013,20.639998769758677,60529.0,False,1,0,False,accurate,0,0,False,False,56,False,True,,,,,,,,,,,
8644,60508.0,60521.63999876976,60543.96499615769,0,22.324997387925805,35.96499615768698,60536.0,True,2,1,False,accurate,0,0,False,False,55,False,False,,,,,,,,,,,
8645,60515.0,60543.96499615769,60563.70290825804,0,19.73791210035479,48.702908258041134,60543.0,True,3,2,False,accurate,0,0,False,False,54,False,False,,,,,,,,,,,
8646,60522.0,60563.70290825804,60583.37540476759,0,19.672496509552,61.375404767590226,60550.0,True,3,2,False,accurate,0,0,False,False,53,False,False,,,,,,,,,,,
8647,60529.0,60583.37540476759,60586.57207490722,0,3.196670139630623,57.57207490722067,60557.0,True,4,3,False,fast,0,0,False,False,52,False,False,,,,,,,,,,,
8649,60543.0,60586.57207490722,60610.722073810495,0,24.149998903274536,67.7220738104952,60571.0,True,5,4,False,accurate,0,0,False,False,50,False,False,,,,,,,,,,,
8650,60550.0,60610.722073810495,60633.53707465966,0,22.815000849167497,83.53707465966,60578.0,True,5,4,False,accurate,1,1,False,False,49,False,False,,,,,,,,,,,
8651,60557.0,60633.53707465966,60636.75123880108,0,3.2141641414165405,79.75123880108004,60585.0,True,6,5,True,fast,0,0,False,False,48,False,False,,,,,,,,,,,
8653,60571.0,60636.75123880108,60659.73373589893,0,22.98249709784983,88.73373589893163,60599.0,True,6,5,True,accurate,0,0,False,False,46,False,False,,,,,,,,,,,
8655,60585.0,60659.73373589893,60662.74373507877,0,3.009999179840088,77.74373507877317,60613.0,True,6,5,True,fast,0,0,False,False,44,False,False,,,,,,,,,,,
8658,60606.0,60662.74373507877,60665.683734277685,0,2.9399991989135743,59.68373427768529,60634.0,True,6,5,True,fast,0,0,False,False,41,False,False,,,,,,,,,,,
8662,60634.0,60665.683734277685,60668.428738932955,0,2.7450046552717704,34.42873893295473,60662.0,True,5,4,False,fast,0,0,False,False,37,False,False,,,,,,,,,,,
8663,60641.0,60668.428738932955,60671.252071497685,0,2.8233325647314387,30.252071497685392,60669.0,True,5,4,False,fast,0,0,False,False,36,False,False,,,,,,,,,,,
8672,60704.0,60704.0,60706.90000152588,0,2.9000015258789062,2.9000015258789062,60732.0,False,1,0,False,fast,0,0,False,False,27,False,True,,,,,,,,,,,
8677,60739.0,60739.0,60741.79999923706,0,2.799999237060547,2.799999237060547,60767.0,False,1,0,False,fast,0,0,False,False,22,False,True,,,,,,,,,,,
8678,60746.0,60746.0,60748.79999923706,0,2.799999237060547,2.799999237060547,60774.0,False,1,0,False,fast,0,0,False,False,21,False,True,,,,,,,,,,,
8679,60753.0,60753.0,60755.69999694824,0,2.6999969482421875,2.6999969482421875,60781.0,False,1,0,False,fast,0,0,False,False,20,False,True,,,,,,,,,,,
8684,60788.0,60788.0,60802.90000152588,0,14.900001525878906,14.900001525878906,60816.0,False,1,0,False,accurate,1,1,False,False,15,False,True,,,,,,,,,,,
8686,60802.0,60802.90000152588,60814.20000457764,0,11.300003051757812,12.200004577636719,60830.0,False,2,1,False,accurate,1,1,False,False,13,False,True,,,,,,,,,,,
8687,60809.0,60814.20000457764,60817.0000038147,0,2.799999237060547,8.000003814697266,60837.0,False,2,1,False,fast,0,0,False,False,12,False,True,,,,,,,,,,,
8689,60823.0,60823.0,60839.09999847412,0,16.099998474121094,16.099998474121094,60851.0,False,1,0,False,accurate,1,1,False,False,10,False,True,,,,,,,,,,,
8692,60844.0,60844.0,60846.89999771118,0,2.8999977111816406,2.8999977111816406,60872.0,False,1,0,False,fast,0,0,False,False,7,False,True,,,,,,,,,,,
8694,60858.0,60858.0,60871.89999771118,0,13.89999771118164,13.89999771118164,60886.0,False,1,0,False,accurate,1,1,False,False,5,False,True,,,,,,,,,,,
8695,60865.0,60871.89999771118,60883.59999847412,0,11.700000762939453,18.599998474121094,60893.0,False,2,1,False,accurate,1,1,False,False,4,False,True,,,,,,,,,,,
8697,60879.0,60883.59999847412,60886.39999771118,0,2.799999237060547,7.399997711181641,60907.0,False,2,1,False,fast,0,0,False,False,2,True,True,,,,,,,,,,,
8698,60886.0,60886.39999771118,60889.19999694824,0,2.799999237060547,3.1999969482421875,60914.0,False,2,1,False,fast,0,0,False,False,1,True,True,,,,,,,,,,,
8699,60893.0,60893.0,60895.90000152588,0,2.9000015258789062,2.9000015258789062,60921.0,False,1,0,False,fast,0,0,False,True,0,True,True,,,,,,,,,,,
8700,60900.0,60900.0,60902.90000152588,0,2.9000015258789062,2.9000015258789062,60928.0,False,1,0,False,fast,0,0,False,False,99,False,True,,,,,,,,,,,
8702,60914.0,60914.0,60916.80000305176,0,2.8000030517578125,2.8000030517578125,60942.0,False,1,0,False,fast,0,0,False,False,97,False,True,,,,,,,,,,,
8703,60921.0,60921.0,60923.79999923706,0,2.799999237060547,2.799999237060547,60949.0,False,1,0,False,fast,0,0,False,False,96,False,True,,,,,,,,,,,
8706,60942.0,60942.0,60944.79999923706,0,2.799999237060547,2.799999237060547,60970.0,False,1,0,False,fast,0,0,False,False,93,False,True,,,,,,,,,,,
8707,60949.0,60949.0,60964.5000038147,0,15.500003814697266,15.500003814697266,60977.0,False,1,0,False,accurate,1,1,False,False,92,False,True,,,,,,,,,,,
8712,60984.0,60984.0,60986.79999923706,0,2.799999237060547,2.799999237060547,61012.0,False,1,0,False,fast,0,0,False,False,87,False,True,,,,,,,,,,,
8717,61019.0,61019.0,61021.90000152588,0,2.9000015258789062,2.9000015258789062,61047.0,False,1,0,False,fast,0,0,False,False,82,False,True,,,,,,,,,,,
8718,61026.0,61026.0,61028.70000076294,0,2.700000762939453,2.700000762939453,61054.0,False,1,0,False,fast,0,0,False,False,81,False,True,,,,,,,,,,,
8722,61054.0,61054.0,61068.69999694824,0,14.699996948242188,14.699996948242188,61082.0,False,1,0,False,accurate,1,1,False,False,77,False,True,,,,,,,,,,,
8726,61082.0,61082.0,61101.60000228882,0,19.60000228881836,19.60000228881836,61110.0,False,1,0,False,accurate,0,0,False,False,73,False,True,,,,,,,,,,,
8728,61096.0,61101.60000228882,61114.79999923706,0,13.199996948242188,18.799999237060547,61124.0,False,2,1,False,accurate,1,1,False,False,71,False,True,,,,,,,,,,,
8731,61117.0,61117.0,61120.0,0,3.0,3.0,61145.0,False,1,0,False,fast,0,0,False,False,68,False,True,,,,,,,,,,,
8732,61124.0,61124.0,61126.79999923706,0,2.799999237060547,2.799999237060547,61152.0,False,1,0,False,fast,0,0,False,False,67,False,True,,,,,,,,,,,
8733,61131.0,61131.0,61146.90000152588,0,15.900001525878906,15.900001525878906,61159.0,False,1,0,False,accurate,1,1,False,False,66,False,True,,,,,,,,,,,
8736,61152.0,61152.0,61154.79999923706,0,2.799999237060547,2.799999237060547,61180.0,False,1,0,False,fast,0,0,False,False,63,False,True,,,,,,,,,,,
8737,61159.0,61159.0,61161.89999771118,0,2.8999977111816406,2.8999977111816406,61187.0,False,1,0,False,fast,0,0,False,False,62,False,True,,,,,,,,,,,
8738,61166.0,61166.0,61185.5000038147,0,19.500003814697266,19.500003814697266,61194.0,False,1,0,False,accurate,0,0,False,False,61,False,True,,,,,,,,,,,
8742,61194.0,61194.0,61196.70000457764,0,2.7000045776367188,2.7000045776367188,61222.0,False,1,0,False,fast,0,0,False,False,57,False,True,,,,,,,,,,,
8744,61208.0,61208.0,61228.80000305176,0,20.800003051757812,20.800003051757812,61236.0,False,1,0,False,accurate,1,1,False,False,55,False,True,,,,,,,,,,,
8747,61229.0,61229.0,61231.69999694824,0,2.6999969482421875,2.6999969482421875,61257.0,False,1,0,False,fast,0,0,False,False,52,False,True,,,,,,,,,,,
8748,61236.0,61236.0,61238.79999923706,0,2.799999237060547,2.799999237060547,61264.0,False,1,0,False,fast,0,0,False,False,51,False,True,,,,,,,,,,,
8750,61250.0,61250.0,61269.90000152588,0,19.900001525878906,19.900001525878906,61278.0,False,1,0,False,accurate,0,0,False,False,49,False,True,,,,,,,,,,,
8751,61257.0,61269.90000152588,61272.70000457764,0,2.8000030517578125,15.700004577636719,61285.0,False,2,1,False,fast,0,0,False,False,48,False,True,,,,,,,,,,,
8752,61264.0,61272.70000457764,61275.400005340576,0,2.700000762939453,11.400005340576172,61292.0,False,3,2,False,fast,0,0,False,False,47,False,True,,,,,,,,,,,
8754,61278.0,61278.0,61280.80000305176,0,2.8000030517578125,2.8000030517578125,61306.0,False,1,0,False,fast,0,0,False,False,45,False,True,,,,,,,,,,,
8755,61285.0,61285.0,61297.79999923706,0,12.799999237060547,12.799999237060547,61313.0,False,1,0,False,accurate,1,1,False,False,44,False,True,,,,,,,,,,,
8757,61299.0,61299.0,61301.79999923706,0,2.799999237060547,2.799999237060547,61327.0,False,1,0,False,fast,0,0,False,False,42,False,True,,,,,,,,,,,
8758,61306.0,61306.0,61308.79999923706,0,2.799999237060547,2.799999237060547,61334.0,False,1,0,False,fast,0,0,False,False,41,False,True,,,,,,,,,,,
8760,61320.0,61320.0,61322.79999923706,0,2.799999237060547,2.799999237060547,61348.0,False,1,0,False,fast,0,0,False,False,39,False,True,,,,,,,,,,,
8762,61334.0,61334.0,61336.79999923706,0,2.799999237060547,2.799999237060547,61362.0,False,1,0,False,fast,0,0,False,False,37,False,True,,,,,,,,,,,
8764,61348.0,61348.0,61350.79999923706,0,2.799999237060547,2.799999237060547,61376.0,False,1,0,False,fast,0,0,False,False,35,False,True,,,,,,,,,,,
8768,61376.0,61376.0,61378.89999771118,0,2.8999977111816406,2.8999977111816406,61404.0,False,1,0,False,fast,0,0,False,False,31,False,True,,,,,,,,,,,
8777,61439.0,61439.0,61441.89999771118,0,2.8999977111816406,2.8999977111816406,61467.0,False,1,0,False,fast,0,0,False,False,22,False,True,,,,,,,,,,,
8779,61453.0,61453.0,61455.79999923706,0,2.799999237060547,2.799999237060547,61481.0,False,1,0,False,fast,0,0,False,False,20,False,True,,,,,,,,,,,
8780,61460.0,61460.0,61481.10000228882,0,21.10000228881836,21.10000228881836,61488.0,False,1,0,False,accurate,0,0,False,False,19,False,True,,,,,,,,,,,
8783,61481.0,61481.10000228882,61508.100006103516,0,27.000003814697266,27.100006103515625,61509.0,False,2,1,False,accurate,0,0,False,False,16,False,True,,,,,,,,,,,
8784,61488.0,61508.100006103516,61557.70000457764,0,49.599998474121094,69.70000457763672,61516.0,True,2,1,False,accurate,1,1,False,False,15,False,False,,,,,,,,,,,
8786,61502.0,61557.70000457764,61560.500007629395,0,2.8000030517578125,58.50000762939453,61530.0,True,3,2,False,fast,0,0,False,False,13,False,False,,,,,,,,,,,
8787,61509.0,61560.500007629395,61563.40000915527,0,2.9000015258789062,54.40000915527344,61537.0,True,3,2,False,fast,0,0,False,False,12,False,False,,,,,,,,,,,
8791,61537.0,61563.40000915527,61566.100006103516,0,2.6999969482421875,29.100006103515625,61565.0,True,4,3,False,fast,0,0,False,False,8,False,False,,,,,,,,,,,
8793,61551.0,61566.100006103516,61579.10000991821,0,13.000003814697266,28.10000991821289,61579.0,True,5,4,False,accurate,1,1,False,False,6,False,False,,,,,,,,,,,
8794,61558.0,61579.10000991821,61581.90000915527,0,2.799999237060547,23.900009155273438,61586.0,False,5,4,False,fast,0,0,False,False,5,False,True,,,,,,,,,,,
8797,61579.0,61581.90000915527,61595.30001068115,0,13.400001525878906,16.300010681152344,61607.0,False,3,2,False,accurate,1,1,False,False,2,True,True,,,,,,,,,,,
8801,61607.0,61607.0,61632.56374851247,0,25.56374851246676,25.56374851246801,61635.0,False,1,0,False,accurate,0,0,False,False,98,False,True,,,,,,,,,,,
8803,61621.0,61632.56374851247,61652.71999851247,0,20.156249999999996,31.71999851246801,61649.0,True,2,1,False,accurate,1,1,False,False,96,False,False,,,,,,,,,,,
8806,61642.0,61652.71999851247,61675.290003166396,0,22.570004653930663,33.29000316639576,61670.0,True,2,1,False,accurate,1,1,False,False,93,False,False,,,,,,,,,,,
8807,61649.0,61675.290003166396,61698.47541961749,0,23.185416451096533,49.47541961749084,61677.0,True,3,2,False,accurate,0,0,False,False,92,False,False,,,,,,,,,,,
8809,61663.0,61698.47541961749,61718.312918520765,0,19.837498903274536,55.31291852076538,61691.0,True,3,2,False,accurate,0,0,False,False,90,False,False,,,,,,,,,,,
8811,61677.0,61718.312918520765,61737.621252048804,0,19.30833352804184,60.62125204880431,61705.0,True,3,2,False,accurate,1,1,False,False,88,False,False,,,,,,,,,,,
8814,61698.0,61737.621252048804,61740.65458455006,0,3.033332501252494,42.654584550058644,61726.0,True,4,3,False,fast,0,0,False,False,85,False,False,,,,,,,,,,,
8815,61705.0,61740.65458455006,61743.557085370216,0,2.902500820159912,38.557085370215646,61733.0,True,4,3,False,fast,0,0,False,False,84,False,False,,,,,,,,,,,
8820,61740.0,61743.557085370216,61746.55375361651,0,2.996668246289096,6.553753616506583,61768.0,False,3,2,False,fast,0,0,False,False,79,False,True,,,,,,,,,,,
8821,61747.0,61747.0,61762.551249170305,0,15.551249170303343,15.5512491703048,61775.0,False,1,0,False,accurate,1,1,False,False,78,False,True,,,,,,,,,,,
8822,61754.0,61762.551249170305,61775.56874838424,0,13.01749921393891,21.56874838424119,61782.0,False,2,1,False,accurate,1,1,False,False,77,False,True,,,,,,,,,,,
8823,61761.0,61775.56874838424,61778.89624761576,0,3.3274992315222818,17.89624761576124,61789.0,False,3,2,False,fast,0,0,False,False,76,False,True,,,,,,,,,,,
8829,61803.0,61803.0,61805.89999771118,0,2.8999977111816406,2.8999977111816406,61831.0,False,1,0,False,fast,0,0,False,False,70,False,True,,,,,,,,,,,
8830,61810.0,61810.0,61825.29999923706,0,15.299999237060547,15.299999237060547,61838.0,False,1,0,False,accurate,1,1,False,False,69,False,True,,,,,,,,,,,
8831,61817.0,61825.29999923706,61842.599994659424,0,17.29999542236328,25.599994659423828,61845.0,False,2,1,False,accurate,1,1,False,False,68,False,True,,,,,,,,,,,
8833,61831.0,61842.599994659424,61845.899993896484,0,3.299999237060547,14.899993896484375,61859.0,False,2,1,False,fast,0,0,False,False,66,False,True,,,,,,,,,,,
8835,61845.0,61845.899993896484,61848.899993896484,0,3.0,3.899993896484375,61873.0,False,2,1,False,fast,0,0,False,False,64,False,True,,,,,,,,,,,
8837,61859.0,61859.0,61875.0,0,16.0,16.0,61887.0,False,1,0,False,accurate,1,1,False,False,62,False,True,,,,,,,,,,,
8840,61880.0,61880.0,61897.70000076294,0,17.700000762939453,17.700000762939453,61908.0,False,1,0,False,accurate,1,1,False,False,59,False,True,,,,,,,,,,,
8842,61894.0,61897.70000076294,61900.60000228882,0,2.9000015258789062,6.600002288818359,61922.0,False,2,1,False,fast,0,0,False,False,57,False,True,,,,,,,,,,,
8843,61901.0,61901.0,61903.90000152588,0,2.9000015258789062,2.9000015258789062,61929.0,False,1,0,False,fast,0,0,False,False,56,False,True,,,,,,,,,,,
8845,61915.0,61915.0,61917.70000076294,0,2.700000762939453,2.700000762939453,61943.0,False,1,0,False,fast,0,0,False,False,54,False,True,,,,,,,,,,,
8846,61922.0,61922.0,61924.79999923706,0,2.799999237060547,2.799999237060547,61950.0,False,1,0,False,fast,0,0,False,False,53,False,True,,,,,,,,,,,
8847,61929.0,61929.0,61931.80000305176,0,2.8000030517578125,2.8000030517578125,61957.0,False,1,0,False,fast,0,0,False,False,52,False,True,,,,,,,,,,,
8848,61936.0,61936.0,61956.59999847412,0,20.599998474121094,20.599998474121094,61964.0,False,1,0,False,accurate,0,0,False,False,51,False,True,,,,,,,,,,,
8849,61943.0,61956.59999847412,61959.29999923706,0,2.700000762939453,16.299999237060547,61971.0,False,2,1,False,fast,0,0,False,False,50,False,True,,,,,,,,,,,
8852,61964.0,61964.0,61966.79999923706,0,2.799999237060547,2.799999237060547,61992.0,False,1,0,False,fast,0,0,False,False,47,False,True,,,,,,,,,,,
8855,61985.0,61985.0,61987.79999923706,0,2.799999237060547,2.799999237060547,62013.0,False,1,0,False,fast,0,0,False,False,44,False,True,,,,,,,,,,,
8856,61992.0,61992.0,62006.5,0,14.5,14.5,62020.0,False,1,0,False,accurate,1,1,False,False,43,False,True,,,,,,,,,,,
8857,61999.0,62006.5,62009.29999923706,0,2.799999237060547,10.299999237060547,62027.0,False,2,1,False,fast,0,0,False,False,42,False,True,,,,,,,,,,,
8860,62020.0,62020.0,62022.79999923706,0,2.799999237060547,2.799999237060547,62048.0,False,1,0,False,fast,0,0,False,False,39,False,True,,,,,,,,,,,
8861,62027.0,62027.0,62040.79999923706,0,13.799999237060547,13.799999237060547,62055.0,False,1,0,False,accurate,1,1,False,False,38,False,True,,,,,,,,,,,
8863,62041.0,62041.0,62043.79999923706,0,2.799999237060547,2.799999237060547,62069.0,False,1,0,False,fast,0,0,False,False,36,False,True,,,,,,,,,,,
8864,62048.0,62048.0,62050.79999923706,0,2.799999237060547,2.799999237060547,62076.0,False,1,0,False,fast,0,0,False,False,35,False,True,,,,,,,,,,,
8865,62055.0,62055.0,62057.79999923706,0,2.799999237060547,2.799999237060547,62083.0,False,1,0,False,fast,0,0,False,False,34,False,True,,,,,,,,,,,
8869,62083.0,62083.0,62085.70000076294,0,2.700000762939453,2.700000762939453,62111.0,False,1,0,False,fast,0,0,False,False,30,False,True,,,,,,,,,,,
8876,62132.0,62132.0,62134.69999694824,0,2.6999969482421875,2.6999969482421875,62160.0,False,1,0,False,fast,0,0,False,False,23,False,True,,,,,,,,,,,
8880,62160.0,62160.0,62174.29999923706,0,14.299999237060547,14.299999237060547,62188.0,False,1,0,False,accurate,1,1,False,False,19,False,True,,,,,,,,,,,
8883,62181.0,62181.0,62210.4999961853,0,29.499996185302734,29.499996185302734,62209.0,True,1,0,False,fast,0,0,False,False,16,False,False,,,,,,,,,,,
8884,62188.0,62210.4999961853,62214.79999542236,0,4.299999237060547,26.79999542236328,62216.0,False,2,1,False,fast,0,0,False,False,15,False,True,,,,,,,,,,,
8886,62202.0,62214.79999542236,62217.599994659424,0,2.799999237060547,15.599994659423828,62230.0,False,3,2,False,fast,0,0,False,False,13,False,True,,,,,,,,,,,
8887,62209.0,62217.599994659424,62220.29999542236,0,2.700000762939453,11.299995422363281,62237.0,False,4,3,False,fast,0,0,False,False,12,False,True,,,,,,,,,,,
8889,62223.0,62223.0,62235.29999923706,0,12.299999237060547,12.299999237060547,62251.0,False,1,0,False,accurate,1,1,False,False,10,False,True,,,,,,,,,,,
8890,62230.0,62235.29999923706,62238.20000076294,0,2.9000015258789062,8.200000762939453,62258.0,False,2,1,False,fast,0,0,False,False,9,False,True,,,,,,,,,,,
8891,62237.0,62238.20000076294,62241.0,0,2.799999237060547,4.0,62265.0,False,2,1,False,fast,0,0,False,False,8,False,True,,,,,,,,,,,
8893,62251.0,62251.0,62253.89999771118,0,2.8999977111816406,2.8999977111816406,62279.0,False,1,0,False,fast,0,0,False,False,6,False,True,,,,,,,,,,,
8894,62258.0,62258.0,62260.79999923706,0,2.799999237060547,2.799999237060547,62286.0,False,1,0,False,fast,0,0,False,False,5,False,True,,,,,,,,,,,
8896,62272.0,62272.0,62274.79999923706,0,2.799999237060547,2.799999237060547,62300.0,False,1,0,False,fast,0,0,False,False,3,False,True,,,,,,,,,,,
8898,62286.0,62286.0,62288.79999923706,0,2.799999237060547,2.799999237060547,62314.0,False,1,0,False,fast,0,0,False,False,1,True,True,,,,,,,,,,,
8901,62307.0,62307.0,62324.10000228882,0,17.10000228881836,17.10000228881836,62335.0,False,1,0,False,accurate,1,1,False,False,98,False,True,,,,,,,,,,,
8902,62314.0,62324.10000228882,62327.0000038147,0,2.9000015258789062,13.000003814697266,62342.0,False,2,1,False,fast,0,0,False,False,97,False,True,,,,,,,,,,,
8903,62321.0,62327.0000038147,62329.80000305176,0,2.799999237060547,8.800003051757812,62349.0,False,3,2,False,fast,0,0,False,False,96,False,True,,,,,,,,,,,
8904,62328.0,62329.80000305176,62332.70000076294,0,2.8999977111816406,4.700000762939453,62356.0,False,2,1,False,fast,0,0,False,False,95,False,True,,,,,,,,,,,
8905,62335.0,62335.0,62337.79999923706,0,2.799999237060547,2.799999237060547,62363.0,False,1,0,False,fast,0,0,False,False,94,False,True,,,,,,,,,,,
8906,62342.0,62342.0,62355.79999923706,0,13.799999237060547,13.799999237060547,62370.0,False,1,0,False,accurate,1,1,False,False,93,False,True,,,,,,,,,,,
8908,62356.0,62356.0,62358.69999694824,0,2.6999969482421875,2.6999969482421875,62384.0,False,1,0,False,fast,0,0,False,False,91,False,True,,,,,,,,,,,
8912,62384.0,62384.0,62386.79999923706,0,2.799999237060547,2.799999237060547,62412.0,False,1,0,False,fast,0,0,False,False,87,False,True,,,,,,,,,,,
8915,62405.0,62405.0,62407.80000305176,0,2.8000030517578125,2.8000030517578125,62433.0,False,1,0,False,fast,0,0,False,False,84,False,True,,,,,,,,,,,
8916,62412.0,62412.0,62427.5,0,15.5,15.5,62440.0,False,1,0,False,accurate,1,1,False,False,83,False,True,,,,,,,,,,,
8917,62419.0,62427.5,62430.20000457764,0,2.7000045776367188,11.200004577636719,62447.0,False,2,1,False,fast,0,0,False,False,82,False,True,,,,,,,,,,,
8920,62440.0,62440.0,62455.59999847412,0,15.599998474121094,15.599998474121094,62468.0,False,1,0,False,accurate,1,1,False,False,79,False,True,,,,,,,,,,,
8923,62461.0,62461.0,62463.69999694824,0,2.6999969482421875,2.6999969482421875,62489.0,False,1,0,False,fast,0,0,False,False,76,False,True,,,,,,,,,,,
8925,62475.0,62475.0,62477.79999923706,0,2.799999237060547,2.799999237060547,62503.0,False,1,0,False,fast,0,0,False,False,74,False,True,,,,,,,,,,,
8926,62482.0,62482.0,62486.60000228882,0,4.600002288818359,4.600002288818359,62510.0,False,1,0,False,fast,0,0,False,False,73,False,True,,,,,,,,,,,
8931,62517.0,62517.0,62539.59999847412,0,22.599998474121094,22.599998474121094,62545.0,False,1,0,False,accurate,0,0,False,False,68,False,True,,,,,,,,,,,
8937,62559.0,62559.0,62561.79999923706,0,2.799999237060547,2.799999237060547,62587.0,False,1,0,False,fast,0,0,False,False,62,False,True,,,,,,,,,,,
8938,62566.0,62566.0,62583.69999694824,0,17.699996948242188,17.699996948242188,62594.0,False,1,0,False,accurate,1,1,False,False,61,False,True,,,,,,,,,,,
8942,62594.0,62594.0,62596.79999923706,0,2.799999237060547,2.799999237060547,62622.0,False,1,0,False,fast,0,0,False,False,57,False,True,,,,,,,,,,,
8944,62608.0,62608.0,62610.80000305176,0,2.8000030517578125,2.8000030517578125,62636.0,False,1,0,False,fast,0,0,False,False,55,False,True,,,,,,,,,,,
8945,62615.0,62615.0,62617.79999923706,0,2.799999237060547,2.799999237060547,62643.0,False,1,0,False,fast,0,0,False,False,54,False,True,,,,,,,,,,,
8946,62622.0,62622.0,62624.79999923706,0,2.799999237060547,2.799999237060547,62650.0,False,1,0,False,fast,0,0,False,False,53,False,True,,,,,,,,,,,
8948,62636.0,62636.0,62649.90000152588,0,13.900001525878906,13.900001525878906,62664.0,False,1,0,False,accurate,1,1,False,False,51,False,True,,,,,,,,,,,
8949,62643.0,62649.90000152588,62652.70000076294,0,2.799999237060547,9.700000762939453,62671.0,False,2,1,False,fast,0,0,False,False,50,False,True,,,,,,,,,,,
8951,62657.0,62657.0,62674.90000152588,0,17.900001525878906,17.900001525878906,62685.0,False,1,0,False,accurate,1,1,False,False,48,False,True,,,,,,,,,,,
8952,62664.0,62674.90000152588,62677.70000076294,0,2.799999237060547,13.700000762939453,62692.0,False,2,1,False,fast,0,0,False,False,47,False,True,,,,,,,,,,,
8953,62671.0,62677.70000076294,62680.5,0,2.799999237060547,9.5,62699.0,False,3,2,False,fast,0,0,False,False,46,False,True,,,,,,,,,,,
8954,62678.0,62680.5,62683.29999923706,0,2.799999237060547,5.299999237060547,62706.0,False,2,1,False,fast,0,0,False,False,45,False,True,,,,,,,,,,,
8955,62685.0,62685.0,62687.79999923706,0,2.799999237060547,2.799999237060547,62713.0,False,1,0,False,fast,0,0,False,False,44,False,True,,,,,,,,,,,
8959,62713.0,62713.0,62715.79999923706,0,2.799999237060547,2.799999237060547,62741.0,False,1,0,False,fast,0,0,False,False,40,False,True,,,,,,,,,,,
8962,62734.0,62734.0,62758.460836045546,0,24.460836045543374,24.460836045545875,62762.0,False,1,0,False,accurate,1,1,False,False,37,False,True,,,,,,,,,,,
8967,62769.0,62769.0,62795.027502040466,0,26.027502040465652,26.02750204046606,62797.0,False,1,0,False,accurate,0,0,False,False,32,False,True,,,,,,,,,,,
8970,62790.0,62795.027502040466,62823.61666735033,0,28.58916530986628,33.616667350332136,62818.0,True,2,1,False,accurate,1,1,False,False,29,False,False,,,,,,,,,,,
8971,62797.0,62823.61666735033,62841.132085245845,0,17.51541789551577,44.13208524584479,62825.0,True,2,1,False,accurate,1,1,False,False,28,False,False,,,,,,,,,,,
8972,62804.0,62841.132085245845,62870.83208524584,0,29.700000000000003,66.83208524584188,62832.0,True,3,2,False,accurate,0,0,False,False,27,False,False,,,,,,,,,,,
8973,62811.0,62870.83208524584,62873.99791608631,0,3.165830840468402,62.99791608630767,62839.0,True,4,3,False,fast,0,0,False,False,26,False,False,,,,,,,,,,,
8976,62832.0,62873.99791608631,62876.98458194474,0,2.986665858427682,44.98458194473642,62860.0,True,4,3,False,fast,0,0,False,False,23,False,False,,,,,,,,,,,
8981,62867.0,62876.98458194474,62879.95707568863,0,2.972493743896484,12.957075688631448,62895.0,False,4,3,False,fast,0,0,False,False,18,False,True,,,,,,,,,,,
8986,62902.0,62902.0,62904.79999923706,0,2.799999237060547,2.799999237060547,62930.0,False,1,0,False,fast,0,0,False,False,13,False,True,,,,,,,,,,,
8988,62916.0,62916.0,62918.79999923706,0,2.799999237060547,2.799999237060547,62944.0,False,1,0,False,fast,0,0,False,False,11,False,True,,,,,,,,,,,
8990,62930.0,62930.0,62933.39999771118,0,3.3999977111816406,3.3999977111816406,62958.0,False,1,0,False,fast,0,0,False,False,9,False,True,,,,,,,,,,,
8998,62986.0,62986.0,62988.79999923706,0,2.799999237060547,2.799999237060547,63014.0,False,1,0,False,fast,0,0,False,False,1,True,True,,,,,,,,,,,
9001,63007.0,63007.0,63009.80000305176,0,2.8000030517578125,2.8000030517578125,63035.0,False,1,0,False,fast,0,0,False,False,98,False,True,,,,,,,,,,,
9002,63014.0,63014.0,63016.80000305176,0,2.8000030517578125,2.8000030517578125,63042.0,False,1,0,False,fast,0,0,False,False,97,False,True,,,,,,,,,,,
9003,63021.0,63021.0,63023.90000152588,0,2.9000015258789062,2.9000015258789062,63049.0,False,1,0,False,fast,0,0,False,False,96,False,True,,,,,,,,,,,
9005,63035.0,63035.0,63057.20000076294,0,22.200000762939453,22.200000762939453,63063.0,False,1,0,False,accurate,0,0,False,False,94,False,True,,,,,,,,,,,
9013,63091.0,63091.0,63093.79999923706,0,2.799999237060547,2.799999237060547,63119.0,False,1,0,False,fast,0,0,False,False,86,False,True,,,,,,,,,,,
9018,63126.0,63126.0,63139.0000038147,0,13.000003814697266,13.000003814697266,63154.0,False,1,0,False,accurate,1,1,False,False,81,False,True,,,,,,,,,,,
9019,63133.0,63139.0000038147,63155.100006103516,0,16.10000228881836,22.100006103515625,63161.0,False,2,1,False,accurate,1,1,False,False,80,False,True,,,,,,,,,,,
9021,63147.0,63155.100006103516,63157.800006866455,0,2.700000762939453,10.800006866455078,63175.0,False,2,1,False,fast,0,0,False,False,78,False,True,,,,,,,,,,,
9023,63161.0,63161.0,63163.79999923706,0,2.799999237060547,2.799999237060547,63189.0,False,1,0,False,fast,0,0,False,False,76,False,True,,,,,,,,,,,
9024,63168.0,63168.0,63183.09999847412,0,15.099998474121094,15.099998474121094,63196.0,False,1,0,False,accurate,1,1,False,False,75,False,True,,,,,,,,,,,
9026,63182.0,63183.09999847412,63185.89999771118,0,2.799999237060547,3.8999977111816406,63210.0,False,2,1,False,fast,0,0,False,False,73,False,True,,,,,,,,,,,
9027,63189.0,63189.0,63191.70000076294,0,2.700000762939453,2.700000762939453,63217.0,False,1,0,False,fast,0,0,False,False,72,False,True,,,,,,,,,,,
9028,63196.0,63196.0,63198.70000076294,0,2.700000762939453,2.700000762939453,63224.0,False,1,0,False,fast,0,0,False,False,71,False,True,,,,,,,,,,,
9030,63210.0,63210.0,63212.79999923706,0,2.799999237060547,2.799999237060547,63238.0,False,1,0,False,fast,0,0,False,False,69,False,True,,,,,,,,,,,
9033,63231.0,63231.0,63233.79999923706,0,2.799999237060547,2.799999237060547,63259.0,False,1,0,False,fast,0,0,False,False,66,False,True,,,,,,,,,,,
9034,63238.0,63238.0,63249.5,0,11.5,11.5,63266.0,False,1,0,False,accurate,1,1,False,False,65,False,True,,,,,,,,,,,
9039,63273.0,63273.0,63286.79999923706,0,13.799999237060547,13.799999237060547,63301.0,False,1,0,False,accurate,1,1,False,False,60,False,True,,,,,,,,,,,
9040,63280.0,63286.79999923706,63289.5,0,2.700000762939453,9.5,63308.0,False,2,1,False,fast,0,0,False,False,59,False,True,,,,,,,,,,,
9041,63287.0,63289.5,63302.20000076294,0,12.700000762939453,15.200000762939453,63315.0,False,2,1,False,accurate,1,1,False,False,58,False,True,,,,,,,,,,,
9048,63336.0,63336.0,63338.70000076294,0,2.700000762939453,2.700000762939453,63364.0,False,1,0,False,fast,0,0,False,False,51,False,True,,,,,,,,,,,
9050,63350.0,63350.0,63365.4999961853,0,15.499996185302734,15.499996185302734,63378.0,False,1,0,False,accurate,1,1,False,False,49,False,True,,,,,,,,,,,
9057,63399.0,63399.0,63414.59999847412,0,15.599998474121094,15.599998474121094,63427.0,False,1,0,False,accurate,1,1,False,False,42,False,True,,,,,,,,,,,
9059,63413.0,63414.59999847412,63417.29999923706,0,2.700000762939453,4.299999237060547,63441.0,False,2,1,False,fast,0,0,False,False,40,False,True,,,,,,,,,,,
9063,63441.0,63441.0,63443.79999923706,0,2.799999237060547,2.799999237060547,63469.0,False,1,0,False,fast,0,0,False,False,36,False,True,,,,,,,,,,,
9067,63469.0,63469.0,63471.70000076294,0,2.700000762939453,2.700000762939453,63497.0,False,1,0,False,fast,0,0,False,False,32,False,True,,,,,,,,,,,
9069,63483.0,63483.0,63496.70000076294,0,13.700000762939453,13.700000762939453,63511.0,False,1,0,False,accurate,1,1,False,False,30,False,True,,,,,,,,,,,
9073,63511.0,63511.0,63525.40000152588,0,14.400001525878906,14.400001525878906,63539.0,False,1,0,False,accurate,1,1,False,False,26,False,True,,,,,,,,,,,
9074,63518.0,63525.40000152588,63528.20000076294,0,2.799999237060547,10.200000762939453,63546.0,False,2,1,False,fast,0,0,False,False,25,False,True,,,,,,,,,,,
9077,63539.0,63539.0,63541.79999923706,0,2.799999237060547,2.799999237060547,63567.0,False,1,0,False,fast,0,0,False,False,22,False,True,,,,,,,,,,,
9078,63546.0,63546.0,63548.90000152588,0,2.9000015258789062,2.9000015258789062,63574.0,False,1,0,False,fast,0,0,False,False,21,False,True,,,,,,,,,,,
9087,63609.0,63609.0,63611.70000076294,0,2.700000762939453,2.700000762939453,63637.0,False,1,0,False,fast,0,0,False,False,12,False,True,,,,,,,,,,,
9088,63616.0,63616.0,63618.80000305176,0,2.8000030517578125,2.8000030517578125,63644.0,False,1,0,False,fast,0,0,False,False,11,False,True,,,,,,,,,,,
9092,63644.0,63644.0,63646.79999923706,0,2.799999237060547,2.799999237060547,63672.0,False,1,0,False,fast,0,0,False,False,7,False,True,,,,,,,,,,,
9093,63651.0,63651.0,63653.79999923706,0,2.799999237060547,2.799999237060547,63679.0,False,1,0,False,fast,0,0,False,False,6,False,True,,,,,,,,,,,
9094,63658.0,63658.0,63660.79999923706,0,2.799999237060547,2.799999237060547,63686.0,False,1,0,False,fast,0,0,False,False,5,False,True,,,,,,,,,,,
9095,63665.0,63665.0,63668.0,0,3.0,3.0,63693.0,False,1,0,False,fast,0,0,False,False,4,False,True,,,,,,,,,,,
9096,63672.0,63672.0,63675.79999923706,0,3.799999237060547,3.799999237060547,63700.0,False,1,0,False,fast,0,0,False,False,3,False,True,,,,,,,,,,,
9098,63686.0,63686.0,63701.29999923706,0,15.299999237060547,15.299999237060547,63714.0,False,1,0,False,accurate,1,1,False,False,1,True,True,,,,,,,,,,,
9099,63693.0,63701.29999923706,63704.0,0,2.700000762939453,11.0,63721.0,False,2,1,False,fast,0,0,False,True,0,True,True,,,,,,,,,,,
9103,63721.0,63721.0,63723.70000457764,0,2.7000045776367188,2.7000045776367188,63749.0,False,1,0,False,fast,0,0,False,False,96,False,True,,,,,,,,,,,
9104,63728.0,63728.0,63730.70000076294,0,2.700000762939453,2.700000762939453,63756.0,False,1,0,False,fast,0,0,False,False,95,False,True,,,,,,,,,,,
9106,63742.0,63742.0,63744.79999923706,0,2.799999237060547,2.799999237060547,63770.0,False,1,0,False,fast,0,0,False,False,93,False,True,,,,,,,,,,,
9108,63756.0,63756.0,63758.79999923706,0,2.799999237060547,2.799999237060547,63784.0,False,1,0,False,fast,0,0,False,False,91,False,True,,,,,,,,,,,
9111,63777.0,63777.0,63779.70000076294,0,2.700000762939453,2.700000762939453,63805.0,False,1,0,False,fast,0,0,False,False,88,False,True,,,,,,,,,,,
9112,63784.0,63784.0,63786.79999923706,0,2.799999237060547,2.799999237060547,63812.0,False,1,0,False,fast,0,0,False,False,87,False,True,,,,,,,,,,,
9113,63791.0,63791.0,63793.79999923706,0,2.799999237060547,2.799999237060547,63819.0,False,1,0,False,fast,0,0,False,False,86,False,True,,,,,,,,,,,
9114,63798.0,63798.0,63800.80000305176,0,2.8000030517578125,2.8000030517578125,63826.0,False,1,0,False,fast,0,0,False,False,85,False,True,,,,,,,,,,,
9116,63812.0,63812.0,63814.69999694824,0,2.6999969482421875,2.6999969482421875,63840.0,False,1,0,False,fast,0,0,False,False,83,False,True,,,,,,,,,,,
9121,63847.0,63847.0,63871.72833822648,0,24.728338226477263,24.728338226479536,63875.0,False,1,0,False,accurate,0,0,False,False,78,False,True,,,,,,,,,,,
9123,63861.0,63871.72833822648,63889.94959314744,0,18.22125492095947,28.949593147437554,63889.0,True,2,1,False,accurate,1,1,False,False,76,False,False,,,,,,,,,,,
9126,63882.0,63889.94959314744,63909.62208965699,0,19.672496509552,27.622089656986645,63910.0,False,2,1,False,accurate,0,0,False,False,73,False,True,,,,,,,,,,,
9131,63917.0,63917.0,63920.10333249887,0,3.1033324988683035,3.1033324988675304,63945.0,False,1,0,False,fast,0,0,False,False,68,False,True,,,,,,,,,,,
9134,63938.0,63938.0,63962.154167522094,0,24.154167522092656,24.154167522094212,63966.0,False,1,0,False,accurate,0,0,False,False,65,False,True,,,,,,,,,,,
9142,63994.0,63994.0,63996.94833488608,0,2.948334886084001,2.948334886081284,64022.0,False,1,0,False,fast,0,0,False,False,57,False,True,,,,,,,,,,,
9145,64015.0,64015.0,64017.79999923706,0,2.799999237060547,2.799999237060547,64043.0,False,1,0,False,fast,0,0,False,False,54,False,True,,,,,,,,,,,
9146,64022.0,64022.0,64024.69999694824,0,2.6999969482421875,2.6999969482421875,64050.0,False,1,0,False,fast,0,0,False,False,53,False,True,,,,,,,,,,,
9147,64029.0,64029.0,64031.79999923706,0,2.799999237060547,2.799999237060547,64057.0,False,1,0,False,fast,0,0,False,False,52,False,True,,,,,,,,,,,
9148,64036.0,64036.0,64038.70000076294,0,2.700000762939453,2.700000762939453,64064.0,False,1,0,False,fast,0,0,False,False,51,False,True,,,,,,,,,,,
9150,64050.0,64050.0,64062.5,0,12.5,12.5,64078.0,False,1,0,False,accurate,1,1,False,False,49,False,True,,,,,,,,,,,
9152,64064.0,64064.0,64077.5,0,13.5,13.5,64092.0,False,1,0,False,accurate,1,1,False,False,47,False,True,,,,,,,,,,,
9154,64078.0,64078.0,64080.80000305176,0,2.8000030517578125,2.8000030517578125,64106.0,False,1,0,False,fast,0,0,False,False,45,False,True,,,,,,,,,,,
9155,64085.0,64085.0,64087.70000076294,0,2.700000762939453,2.700000762939453,64113.0,False,1,0,False,fast,0,0,False,False,44,False,True,,,,,,,,,,,
9156,64092.0,64092.0,64121.69999694824,0,29.699996948242188,29.699996948242188,64120.0,True,1,0,False,accurate,1,1,False,False,43,False,False,,,,,,,,,,,
9164,64148.0,64148.0,64150.79999923706,0,2.799999237060547,2.799999237060547,64176.0,False,1,0,False,fast,0,0,False,False,35,False,True,,,,,,,,,,,
9166,64162.0,64162.0,64164.79999923706,0,2.799999237060547,2.799999237060547,64190.0,False,1,0,False,fast,0,0,False,False,33,False,True,,,,,,,,,,,
9173,64211.0,64211.0,64213.79999923706,0,2.799999237060547,2.799999237060547,64239.0,False,1,0,False,fast,0,0,False,False,26,False,True,,,,,,,,,,,
9177,64239.0,64239.0,64241.70000076294,0,2.700000762939453,2.700000762939453,64267.0,False,1,0,False,fast,0,0,False,False,22,False,True,,,,,,,,,,,
9180,64260.0,64260.0,64279.5,0,19.5,19.5,64288.0,False,1,0,False,accurate,0,0,False,False,19,False,True,,,,,,,,,,,
9181,64267.0,64279.5,64283.29999923706,0,3.799999237060547,16.299999237060547,64295.0,False,2,1,False,fast,0,0,False,False,18,False,True,,,,,,,,,,,
9182,64274.0,64283.29999923706,64296.09999847412,0,12.799999237060547,22.099998474121094,64302.0,False,3,2,False,accurate,1,1,False,False,17,False,True,,,,,,,,,,,
9185,64295.0,64296.09999847412,64298.89999771118,0,2.799999237060547,3.8999977111816406,64323.0,False,2,1,False,fast,0,0,False,False,14,False,True,,,,,,,,,,,
9187,64309.0,64309.0,64311.89999771118,0,2.8999977111816406,2.8999977111816406,64337.0,False,1,0,False,fast,0,0,False,False,12,False,True,,,,,,,,,,,
9189,64323.0,64323.0,64325.90000152588,0,2.9000015258789062,2.9000015258789062,64351.0,False,1,0,False,fast,0,0,False,False,10,False,True,,,,,,,,,,,
9192,64344.0,64344.0,64346.80000305176,0,2.8000030517578125,2.8000030517578125,64372.0,False,1,0,False,fast,0,0,False,False,7,False,True,,,,,,,,,,,
9199,64393.0,64393.0,64395.80000305176,0,2.8000030517578125,2.8000030517578125,64421.0,False,1,0,False,fast,0,0,False,True,0,True,True,,,,,,,,,,,
9205,64435.0,64435.0,64455.20000076294,0,20.200000762939453,20.200000762939453,64463.0,False,1,0,False,accurate,1,1,False,False,94,False,True,,,,,,,,,,,
9206,64442.0,64455.20000076294,64458.0000038147,0,2.8000030517578125,16.000003814697266,64470.0,False,2,1,False,fast,0,0,False,False,93,False,True,,,,,,,,,,,
9208,64456.0,64458.0000038147,64460.80000305176,0,2.799999237060547,4.8000030517578125,64484.0,False,2,1,False,fast,0,0,False,False,91,False,True,,,,,,,,,,,
9212,64484.0,64484.0,64486.80000305176,0,2.8000030517578125,2.8000030517578125,64512.0,False,1,0,False,fast,0,0,False,False,87,False,True,,,,,,,,,,,
9214,64498.0,64498.0,64514.30000305176,0,16.300003051757812,16.300003051757812,64526.0,False,1,0,False,accurate,1,1,False,False,85,False,True,,,,,,,,,,,
9218,64526.0,64526.0,64528.79999923706,0,2.799999237060547,2.799999237060547,64554.0,False,1,0,False,fast,0,0,False,False,81,False,True,,,,,,,,,,,
9220,64540.0,64540.0,64542.69999694824,0,2.6999969482421875,2.6999969482421875,64568.0,False,1,0,False,fast,0,0,False,False,79,False,True,,,,,,,,,,,
9221,64547.0,64547.0,64549.90000152588,0,2.9000015258789062,2.9000015258789062,64575.0,False,1,0,False,fast,0,0,False,False,78,False,True,,,,,,,,,,,
9223,64561.0,64561.0,64563.80000305176,0,2.8000030517578125,2.8000030517578125,64589.0,False,1,0,False,fast,0,0,False,False,76,False,True,,,,,,,,,,,
9227,64589.0,64589.0,64591.70000076294,0,2.700000762939453,2.700000762939453,64617.0,False,1,0,False,fast,0,0,False,False,72,False,True,,,,,,,,,,,
9228,64596.0,64596.0,64598.90000152588,0,2.9000015258789062,2.9000015258789062,64624.0,False,1,0,False,fast,0,0,False,False,71,False,True,,,,,,,,,,,
9229,64603.0,64603.0,64605.79999923706,0,2.799999237060547,2.799999237060547,64631.0,False,1,0,False,fast,0,0,False,False,70,False,True,,,,,,,,,,,
9230,64610.0,64610.0,64612.69999694824,0,2.6999969482421875,2.6999969482421875,64638.0,False,1,0,False,fast,0,0,False,False,69,False,True,,,,,,,,,,,
9231,64617.0,64617.0,64619.79999923706,0,2.799999237060547,2.799999237060547,64645.0,False,1,0,False,fast,0,0,False,False,68,False,True,,,,,,,,,,,
9232,64624.0,64624.0,64636.20000076294,0,12.200000762939453,12.200000762939453,64652.0,False,1,0,False,accurate,1,1,False,False,67,False,True,,,,,,,,,,,
9236,64652.0,64652.0,64654.70000076294,0,2.700000762939453,2.700000762939453,64680.0,False,1,0,False,fast,0,0,False,False,63,False,True,,,,,,,,,,,
9241,64687.0,64687.0,64698.90000152588,0,11.900001525878906,11.900001525878906,64715.0,False,1,0,False,accurate,1,1,False,False,58,False,True,,,,,,,,,,,
9242,64694.0,64698.90000152588,64701.70000076294,0,2.799999237060547,7.700000762939453,64722.0,False,2,1,False,fast,0,0,False,False,57,False,True,,,,,,,,,,,
9243,64701.0,64701.70000076294,64704.5,0,2.799999237060547,3.5,64729.0,False,2,1,False,fast,0,0,False,False,56,False,True,,,,,,,,,,,
9244,64708.0,64708.0,64710.79999923706,0,2.799999237060547,2.799999237060547,64736.0,False,1,0,False,fast,0,0,False,False,55,False,True,,,,,,,,,,,
9249,64743.0,64743.0,64745.70000076294,0,2.700000762939453,2.700000762939453,64771.0,False,1,0,False,fast,0,0,False,False,50,False,True,,,,,,,,,,,
9250,64750.0,64750.0,64752.79999923706,0,2.799999237060547,2.799999237060547,64778.0,False,1,0,False,fast,0,0,False,False,49,False,True,,,,,,,,,,,
9252,64764.0,64764.0,64766.79999923706,0,2.799999237060547,2.799999237060547,64792.0,False,1,0,False,fast,0,0,False,False,47,False,True,,,,,,,,,,,
9253,64771.0,64771.0,64773.79999923706,0,2.799999237060547,2.799999237060547,64799.0,False,1,0,False,fast,0,0,False,False,46,False,True,,,,,,,,,,,
9255,64785.0,64785.0,64799.79999923706,0,14.799999237060547,14.799999237060547,64813.0,False,1,0,False,accurate,1,1,False,False,44,False,True,,,,,,,,,,,
9256,64792.0,64799.79999923706,64819.59999847412,0,19.799999237060547,27.599998474121094,64820.0,False,2,1,False,accurate,0,0,False,False,43,False,True,,,,,,,,,,,
9262,64834.0,64834.0,64836.80000305176,0,2.8000030517578125,2.8000030517578125,64862.0,False,1,0,False,fast,0,0,False,False,37,False,True,,,,,,,,,,,
9263,64841.0,64841.0,64857.59999847412,0,16.599998474121094,16.599998474121094,64869.0,False,1,0,False,accurate,1,1,False,False,36,False,True,,,,,,,,,,,
9266,64862.0,64862.0,64865.79999923706,0,3.799999237060547,3.799999237060547,64890.0,False,1,0,False,fast,0,0,False,False,33,False,True,,,,,,,,,,,
9267,64869.0,64869.0,64871.89999771118,0,2.8999977111816406,2.8999977111816406,64897.0,False,1,0,False,fast,0,0,False,False,32,False,True,,,,,,,,,,,
9268,64876.0,64876.0,64896.5,0,20.5,20.5,64904.0,False,1,0,False,accurate,0,0,False,False,31,False,True,,,,,,,,,,,
9269,64883.0,64896.5,64899.19999694824,0,2.6999969482421875,16.199996948242188,64911.0,False,2,1,False,fast,0,0,False,False,30,False,True,,,,,,,,,,,
9275,64925.0,64925.0,64927.79999923706,0,2.799999237060547,2.799999237060547,64953.0,False,1,0,False,fast,0,0,False,False,24,False,True,,,,,,,,,,,
9276,64932.0,64932.0,64943.70000076294,0,11.700000762939453,11.700000762939453,64960.0,False,1,0,False,accurate,1,1,False,False,23,False,True,,,,,,,,,,,
9278,64946.0,64946.0,64948.80000305176,0,2.8000030517578125,2.8000030517578125,64974.0,False,1,0,False,fast,0,0,False,False,21,False,True,,,,,,,,,,,
9281,64967.0,64967.0,64996.07249593377,0,29.072495933771165,29.07249593376764,64995.0,True,1,0,False,accurate,0,0,False,False,18,False,False,,,,,,,,,,,
9282,64974.0,64996.07249593377,65018.39916028459,0,22.326664350827514,44.399160284592654,65002.0,True,2,1,False,accurate,0,0,False,False,17,False,False,,,,,,,,,,,
9285,64995.0,65018.39916028459,65039.53583069761,0,21.136670413017306,44.535830697612255,65023.0,True,3,2,False,accurate,1,1,False,False,14,False,False,,,,,,,,,,,
9287,65009.0,65039.53583069761,65058.53291499555,0,18.997084297935157,49.53291499555053,65037.0,True,3,2,False,accurate,0,0,False,False,12,False,False,,,,,,,,,,,
9290,65030.0,65058.53291499555,65081.62957821071,0,23.0966632151604,51.62957821071177,65058.0,True,3,2,False,accurate,0,0,False,False,9,False,False,,,,,,,,,,,
9292,65044.0,65081.62957821071,65104.57957821071,0,22.950000000000003,60.57957821070886,65072.0,True,3,2,False,accurate,0,0,False,False,7,False,False,,,,,,,,,,,
9293,65051.0,65104.57957821071,65107.52707488457,0,2.9474966738621333,56.52707488457236,65079.0,True,4,3,False,fast,0,0,False,False,6,False,False,,,,,,,,,,,
9296,65072.0,65107.52707488457,65110.40707163473,0,2.879996750156079,38.40707163472689,65100.0,True,4,3,False,fast,0,0,False,False,3,False,False,,,,,,,,,,,
9302,65114.0,65114.0,65116.745000776995,0,2.7450007769962155,2.745000776994857,65142.0,False,1,0,False,fast,0,0,False,False,97,False,True,,,,,,,,,,,
9305,65135.0,65135.0,65161.5000038147,0,26.500003814697266,26.500003814697266,65163.0,False,1,0,False,accurate,0,0,False,False,94,False,True,,,,,,,,,,,
9309,65163.0,65163.0,65177.40000152588,0,14.400001525878906,14.400001525878906,65191.0,False,1,0,False,accurate,1,1,False,False,90,False,True,,,,,,,,,,,
9313,65191.0,65191.0,65193.79999923706,0,2.799999237060547,2.799999237060547,65219.0,False,1,0,False,fast,0,0,False,False,86,False,True,,,,,,,,,,,
9319,65233.0,65233.0,65235.70000076294,0,2.700000762939453,2.700000762939453,65261.0,False,1,0,False,fast,0,0,False,False,80,False,True,,,,,,,,,,,
9320,65240.0,65240.0,65242.79999923706,0,2.799999237060547,2.799999237060547,65268.0,False,1,0,False,fast,0,0,False,False,79,False,True,,,,,,,,,,,
9322,65254.0,65254.0,65268.69999694824,0,14.699996948242188,14.699996948242188,65282.0,False,1,0,False,accurate,1,1,False,False,77,False,True,,,,,,,,,,,
9323,65261.0,65268.69999694824,65271.399993896484,0,2.6999969482421875,10.399993896484375,65289.0,False,2,1,False,fast,0,0,False,False,76,False,True,,,,,,,,,,,
9329,65303.0,65303.0,65317.40000152588,0,14.400001525878906,14.400001525878906,65331.0,False,1,0,False,accurate,1,1,False,False,70,False,True,,,,,,,,,,,
9338,65366.0,65366.0,65368.69999694824,0,2.6999969482421875,2.6999969482421875,65394.0,False,1,0,False,fast,0,0,False,False,61,False,True,,,,,,,,,,,
9341,65387.0,65387.0,65411.79999923706,0,24.799999237060547,24.799999237060547,65415.0,False,1,0,False,accurate,0,1,True,False,58,False,True,,,,,,,,,,,
9345,65415.0,65415.0,65417.79999923706,0,2.799999237060547,2.799999237060547,65443.0,False,1,0,False,fast,0,0,False,False,54,False,True,,,,,,,,,,,
9347,65429.0,65429.0,65431.70000457764,0,2.7000045776367188,2.7000045776367188,65457.0,False,1,0,False,fast,0,0,False,False,52,False,True,,,,,,,,,,,
9348,65436.0,65436.0,65438.70000076294,0,2.700000762939453,2.700000762939453,65464.0,False,1,0,False,fast,0,0,False,False,51,False,True,,,,,,,,,,,
9350,65450.0,65450.0,65452.69999694824,0,2.6999969482421875,2.6999969482421875,65478.0,False,1,0,False,fast,0,0,False,False,49,False,True,,,,,,,,,,,
9351,65457.0,65457.0,65474.40000152588,0,17.400001525878906,17.400001525878906,65485.0,False,1,0,False,accurate,1,1,False,False,48,False,True,,,,,,,,,,,
9352,65464.0,65474.40000152588,65477.100006103516,0,2.7000045776367188,13.100006103515625,65492.0,False,2,1,False,fast,0,0,False,False,47,False,True,,,,,,,,,,,
9355,65485.0,65485.0,65501.20000076294,0,16.200000762939453,16.200000762939453,65513.0,False,1,0,False,accurate,1,1,False,False,44,False,True,,,,,,,,,,,
9357,65499.0,65501.20000076294,65503.89999771118,0,2.6999969482421875,4.899997711181641,65527.0,False,2,1,False,fast,0,0,False,False,42,False,True,,,,,,,,,,,
9360,65520.0,65520.0,65544.90000152588,0,24.900001525878906,24.900001525878906,65548.0,False,1,0,False,accurate,0,0,False,False,39,False,True,,,,,,,,,,,
9365,65555.0,65555.0,65568.39999771118,0,13.39999771118164,13.39999771118164,65583.0,False,1,0,False,accurate,1,1,False,False,34,False,True,,,,,,,,,,,
9366,65562.0,65568.39999771118,65588.5,0,20.10000228881836,26.5,65590.0,False,2,1,False,accurate,0,0,False,False,33,False,True,,,,,,,,,,,
9367,65569.0,65588.5,65591.19999694824,0,2.6999969482421875,22.199996948242188,65597.0,False,2,1,False,fast,0,0,False,False,32,False,True,,,,,,,,,,,
9376,65632.0,65632.0,65634.70000076294,0,2.700000762939453,2.700000762939453,65660.0,False,1,0,False,fast,0,0,False,False,23,False,True,,,,,,,,,,,
9378,65646.0,65646.0,65665.9999961853,0,19.999996185302734,19.999996185302734,65674.0,False,1,0,False,accurate,1,1,False,False,21,False,True,,,,,,,,,,,
9380,65660.0,65665.9999961853,65668.70000076294,0,2.7000045776367188,8.700000762939453,65688.0,False,2,1,False,fast,0,0,False,False,19,False,True,,,,,,,,,,,
9383,65681.0,65681.0,65692.79999923706,0,11.799999237060547,11.799999237060547,65709.0,False,1,0,False,accurate,1,1,False,False,16,False,True,,,,,,,,,,,
9385,65695.0,65695.0,65697.89999771118,0,2.8999977111816406,2.8999977111816406,65723.0,False,1,0,False,fast,0,0,False,False,14,False,True,,,,,,,,,,,
9387,65709.0,65709.0,65711.79999923706,0,2.799999237060547,2.799999237060547,65737.0,False,1,0,False,fast,0,0,False,False,12,False,True,,,,,,,,,,,
9390,65730.0,65730.0,65743.29999923706,0,13.299999237060547,13.299999237060547,65758.0,False,1,0,False,accurate,1,1,False,False,9,False,True,,,,,,,,,,,
9391,65737.0,65743.29999923706,65757.70000076294,0,14.400001525878906,20.700000762939453,65765.0,False,2,1,False,accurate,1,1,False,False,8,False,True,,,,,,,,,,,
9394,65758.0,65758.0,65787.20000076294,0,29.200000762939453,29.200000762939453,65786.0,True,1,0,False,accurate,1,1,False,False,5,False,False,,,,,,,,,,,
9398,65786.0,65787.20000076294,65812.10000228882,0,24.900001525878906,26.10000228881836,65814.0,False,2,1,False,accurate,0,0,False,False,1,True,True,,,,,,,,,,,
9400,65800.0,65812.10000228882,65829.30000305176,0,17.200000762939453,29.300003051757812,65828.0,True,2,1,False,accurate,1,1,False,False,99,False,False,,,,,,,,,,,
9401,65807.0,65829.30000305176,65832.10000228882,0,2.799999237060547,25.10000228881836,65835.0,False,3,2,False,fast,0,0,False,False,98,False,True,,,,,,,,,,,
9402,65814.0,65832.10000228882,65846.0000038147,0,13.900001525878906,32.000003814697266,65842.0,True,3,2,False,accurate,1,1,False,False,97,False,False,,,,,,,,,,,
9403,65821.0,65846.0000038147,65857.10000610352,0,11.10000228881836,36.100006103515625,65849.0,True,4,3,False,accurate,1,1,False,False,96,False,False,,,,,,,,,,,
9404,65828.0,65857.10000610352,65859.80000686646,0,2.700000762939453,31.800006866455078,65856.0,True,5,4,False,fast,0,0,False,False,95,False,False,,,,,,,,,,,
9407,65849.0,65859.80000686646,65874.10000610352,0,14.299999237060547,25.100006103515625,65877.0,False,3,2,False,accurate,1,1,False,False,92,False,True,,,,,,,,,,,
9408,65856.0,65874.10000610352,65876.90000534058,0,2.799999237060547,20.900005340576172,65884.0,False,4,3,False,fast,0,0,False,False,91,False,True,,,,,,,,,,,
9409,65863.0,65876.90000534058,65879.70000457764,0,2.799999237060547,16.70000457763672,65891.0,False,3,2,False,fast,0,0,False,False,90,False,True,,,,,,,,,,,
9410,65870.0,65879.70000457764,65882.40000152588,0,2.6999969482421875,12.400001525878906,65898.0,False,4,3,False,fast,0,0,False,False,89,False,True,,,,,,,,,,,
9418,65926.0,65926.0,65928.79999923706,0,2.799999237060547,2.799999237060547,65954.0,False,1,0,False,fast,0,0,False,False,81,False,True,,,,,,,,,,,
9420,65940.0,65940.0,65954.29999923706,0,14.299999237060547,14.299999237060547,65968.0,False,1,0,False,accurate,1,1,False,False,79,False,True,,,,,,,,,,,
9422,65954.0,65954.29999923706,65957.0000038147,0,2.7000045776367188,3.0000038146972656,65982.0,False,2,1,False,fast,0,0,False,False,77,False,True,,,,,,,,,,,
9423,65961.0,65961.0,65975.20000076294,0,14.200000762939453,14.200000762939453,65989.0,False,1,0,False,accurate,1,1,False,False,76,False,True,,,,,,,,,,,
9424,65968.0,65975.20000076294,65977.90000152588,0,2.700000762939453,9.900001525878906,65996.0,False,2,1,False,fast,0,0,False,False,75,False,True,,,,,,,,,,,
9427,65989.0,65989.0,65991.79999923706,0,2.799999237060547,2.799999237060547,66017.0,False,1,0,False,fast,0,0,False,False,72,False,True,,,,,,,,,,,
9429,66003.0,66003.0,66018.39999771118,0,15.39999771118164,15.39999771118164,66031.0,False,1,0,False,accurate,1,1,False,False,70,False,True,,,,,,,,,,,
9432,66024.0,66024.0,66026.79999923706,0,2.799999237060547,2.799999237060547,66052.0,False,1,0,False,fast,0,0,False,False,67,False,True,,,,,,,,,,,
9433,66031.0,66031.0,66054.89999771118,0,23.89999771118164,23.89999771118164,66059.0,False,1,0,False,accurate,0,0,False,False,66,False,True,,,,,,,,,,,
9437,66059.0,66059.0,66070.5,0,11.5,11.5,66087.0,False,1,0,False,accurate,1,1,False,False,62,False,True,,,,,,,,,,,
9439,66073.0,66073.0,66085.0,0,12.0,12.0,66101.0,False,1,0,False,accurate,1,1,False,False,60,False,True,,,,,,,,,,,
9440,66080.0,66085.0,66107.779996109,0,22.77999610900879,27.77999610900588,66108.0,False,2,1,False,accurate,0,0,False,False,59,False,True,,,,,,,,,,,
9441,66087.0,66107.779996109,66129.50082926154,0,21.720833152532578,42.500829261538456,66115.0,True,2,1,False,accurate,0,0,False,False,58,False,False,,,,,,,,,,,
9442,66094.0,66129.50082926154,66159.54333452602,0,30.04250526448095,65.54333452602441,66122.0,True,3,2,False,accurate,0,0,False,False,57,False,False,,,,,,,,,,,
9445,66115.0,66159.54333452602,66178.65958351135,0,19.116248985330255,63.65958351135487,66143.0,True,3,2,False,accurate,1,1,False,False,54,False,False,,,,,,,,,,,
9446,66122.0,66178.65958351135,66200.00958351136,0,21.349999999999998,78.00958351136069,66150.0,True,4,3,False,accurate,0,0,False,False,53,False,False,,,,,,,,,,,
9452,66164.0,66200.00958351136,66217.28958248139,0,17.27999897003174,53.289582481389516,66192.0,True,3,2,False,accurate,1,1,False,False,47,False,False,,,,,,,,,,,
9454,66178.0,66217.28958248139,66238.4729176716,0,21.18333519021669,60.47291767160641,66206.0,True,4,3,False,accurate,0,0,False,False,45,False,False,,,,,,,,,,,
9458,66206.0,66238.4729176716,66241.41291687053,0,2.9399991989135743,35.412916870525805,66234.0,True,3,2,False,fast,0,0,False,False,41,False,False,,,,,,,,,,,
9459,66213.0,66241.41291687053,66255.27749404238,0,13.86457717185221,42.277494042384205,66241.0,True,4,3,False,accurate,1,1,False,False,40,False,False,,,,,,,,,,,
9460,66220.0,66255.27749404238,66273.36749495065,0,18.09000090827545,53.367494950653054,66248.0,True,4,3,False,accurate,1,1,False,False,39,False,False,,,,,,,,,,,
9461,66227.0,66273.36749495065,66276.1349918226,0,2.767496871948242,49.134991822604206,66255.0,True,5,4,False,fast,0,0,False,False,38,False,False,,,,,,,,,,,
9464,66248.0,66276.1349918226,66279.33498877085,0,3.1999969482421875,31.334988770846394,66276.0,True,4,3,False,fast,0,0,False,False,35,False,False,,,,,,,,,,,
9465,66255.0,66279.33498877085,66282.23499029673,0,2.9000015258789062,27.2349902967253,66283.0,False,5,4,False,fast,0,0,False,False,34,False,True,,,,,,,,,,,
9466,66262.0,66282.23499029673,66285.03498953379,0,2.799999237060547,23.034989533785847,66290.0,False,5,4,False,fast,0,0,False,False,33,False,True,,,,,,,,,,,
9468,66276.0,66285.03498953379,66287.83498877085,0,2.799999237060547,11.834988770846394,66304.0,False,5,4,False,fast,0,0,False,False,31,False,True,,,,,,,,,,,
9476,66332.0,66332.0,66334.69999694824,0,2.6999969482421875,2.6999969482421875,66360.0,False,1,0,False,fast,0,0,False,False,23,False,True,,,,,,,,,,,
9478,66346.0,66346.0,66349.69999694824,0,3.6999969482421875,3.6999969482421875,66374.0,False,1,0,False,fast,0,0,False,False,21,False,True,,,,,,,,,,,
9479,66353.0,66353.0,66355.80000305176,0,2.8000030517578125,2.8000030517578125,66381.0,False,1,0,False,fast,0,0,False,False,20,False,True,,,,,,,,,,,
9480,66360.0,66360.0,66362.80000305176,0,2.8000030517578125,2.8000030517578125,66388.0,False,1,0,False,fast,0,0,False,False,19,False,True,,,,,,,,,,,
9482,66374.0,66374.0,66376.70000076294,0,2.700000762939453,2.700000762939453,66402.0,False,1,0,False,fast,0,0,False,False,17,False,True,,,,,,,,,,,
9483,66381.0,66381.0,66394.59999847412,0,13.599998474121094,13.599998474121094,66409.0,False,1,0,False,accurate,1,1,False,False,16,False,True,,,,,,,,,,,
9484,66388.0,66394.59999847412,66411.09999847412,0,16.5,23.099998474121094,66416.0,False,2,1,False,accurate,1,1,False,False,15,False,True,,,,,,,,,,,
9485,66395.0,66411.09999847412,66413.89999771118,0,2.799999237060547,18.89999771118164,66423.0,False,2,1,False,fast,0,0,False,False,14,False,True,,,,,,,,,,,
9486,66402.0,66413.89999771118,66416.69999694824,0,2.799999237060547,14.699996948242188,66430.0,False,3,2,False,fast,0,0,False,False,13,False,True,,,,,,,,,,,
9487,66409.0,66416.69999694824,66419.4999961853,0,2.799999237060547,10.499996185302734,66437.0,False,4,3,False,fast,0,0,False,False,12,False,True,,,,,,,,,,,
9488,66416.0,66419.4999961853,66422.29999542236,0,2.799999237060547,6.299995422363281,66444.0,False,3,2,False,fast,0,0,False,False,11,False,True,,,,,,,,,,,
9490,66430.0,66430.0,66442.79999923706,0,12.799999237060547,12.799999237060547,66458.0,False,1,0,False,accurate,1,1,False,False,9,False,True,,,,,,,,,,,
9492,66444.0,66444.0,66457.90000152588,0,13.900001525878906,13.900001525878906,66472.0,False,1,0,False,accurate,1,1,False,False,7,False,True,,,,,,,,,,,
9494,66458.0,66458.0,66479.59999847412,0,21.599998474121094,21.599998474121094,66486.0,False,1,0,False,accurate,1,1,False,False,5,False,True,,,,,,,,,,,
9495,66465.0,66479.59999847412,66493.29999923706,0,13.700000762939453,28.299999237060547,66493.0,True,2,1,False,accurate,1,1,False,False,4,False,False,,,,,,,,,,,
9496,66472.0,66493.29999923706,66496.09999847412,0,2.799999237060547,24.099998474121094,66500.0,False,3,2,False,fast,0,0,False,False,3,False,True,,,,,,,,,,,
9498,66486.0,66496.09999847412,66498.79999923706,0,2.700000762939453,12.799999237060547,66514.0,False,3,2,False,fast,0,0,False,False,1,True,True,,,,,,,,,,,
9501,66507.0,66507.0,66509.70000076294,0,2.700000762939453,2.700000762939453,66535.0,False,1,0,False,fast,0,0,False,False,98,False,True,,,,,,,,,,,
9507,66549.0,66549.0,66551.69999694824,0,2.6999969482421875,2.6999969482421875,66577.0,False,1,0,False,fast,0,0,False,False,92,False,True,,,,,,,,,,,
9512,66584.0,66584.0,66586.79999923706,0,2.799999237060547,2.799999237060547,66612.0,False,1,0,False,fast,0,0,False,False,87,False,True,,,,,,,,,,,
9524,66668.0,66668.0,66670.70000076294,0,2.700000762939453,2.700000762939453,66696.0,False,1,0,False,fast,0,0,False,False,75,False,True,,,,,,,,,,,
9525,66675.0,66675.0,66677.70000076294,0,2.700000762939453,2.700000762939453,66703.0,False,1,0,False,fast,0,0,False,False,74,False,True,,,,,,,,,,,
9527,66689.0,66689.0,66691.79999923706,0,2.799999237060547,2.799999237060547,66717.0,False,1,0,False,fast,0,0,False,False,72,False,True,,,,,,,,,,,
9530,66710.0,66710.0,66712.79999923706,0,2.799999237060547,2.799999237060547,66738.0,False,1,0,False,fast,0,0,False,False,69,False,True,,,,,,,,,,,
9531,66717.0,66717.0,66719.70000076294,0,2.700000762939453,2.700000762939453,66745.0,False,1,0,False,fast,0,0,False,False,68,False,True,,,,,,,,,,,
9534,66738.0,66738.0,66750.0,0,12.0,12.0,66766.0,False,1,0,False,accurate,1,1,False,False,65,False,True,,,,,,,,,,,
9536,66752.0,66752.0,66754.70000076294,0,2.700000762939453,2.700000762939453,66780.0,False,1,0,False,fast,0,0,False,False,63,False,True,,,,,,,,,,,
9537,66759.0,66759.0,66761.70000076294,0,2.700000762939453,2.700000762939453,66787.0,False,1,0,False,fast,0,0,False,False,62,False,True,,,,,,,,,,,
9539,66773.0,66773.0,66775.70000076294,0,2.700000762939453,2.700000762939453,66801.0,False,1,0,False,fast,0,0,False,False,60,False,True,,,,,,,,,,,
9541,66787.0,66787.0,66789.70000076294,0,2.700000762939453,2.700000762939453,66815.0,False,1,0,False,fast,0,0,False,False,58,False,True,,,,,,,,,,,
9544,66808.0,66808.0,66810.80000305176,0,2.8000030517578125,2.8000030517578125,66836.0,False,1,0,False,fast,0,0,False,False,55,False,True,,,,,,,,,,,
9546,66822.0,66822.0,66824.70000457764,0,2.7000045776367188,2.7000045776367188,66850.0,False,1,0,False,fast,0,0,False,False,53,False,True,,,,,,,,,,,
9547,66829.0,66829.0,66833.20000076294,0,4.200000762939453,4.200000762939453,66857.0,False,1,0,False,fast,0,0,False,False,52,False,True,,,,,,,,,,,
9557,66899.0,66899.0,66901.79999923706,0,2.799999237060547,2.799999237060547,66927.0,False,1,0,False,fast,0,0,False,False,42,False,True,,,,,,,,,,,
9559,66913.0,66913.0,66915.79999923706,0,2.799999237060547,2.799999237060547,66941.0,False,1,0,False,fast,0,0,False,False,40,False,True,,,,,,,,,,,
9563,66941.0,66941.0,66943.79999923706,0,2.799999237060547,2.799999237060547,66969.0,False,1,0,False,fast,0,0,False,False,36,False,True,,,,,,,,,,,
9564,66948.0,66948.0,66951.90000152588,0,3.9000015258789062,3.9000015258789062,66976.0,False,1,0,False,fast,0,0,False,False,35,False,True,,,,,,,,,,,
9566,66962.0,66962.0,66965.5,0,3.5,3.5,66990.0,False,1,0,False,fast,0,0,False,False,33,False,True,,,,,,,,,,,
9567,66969.0,66969.0,66989.69999694824,0,20.699996948242188,20.699996948242188,66997.0,False,1,0,False,accurate,0,0,False,False,32,False,True,,,,,,,,,,,
9569,66983.0,66989.69999694824,66992.4999961853,0,2.799999237060547,9.499996185302734,67011.0,False,2,1,False,fast,0,0,False,False,30,False,True,,,,,,,,,,,
9572,67004.0,67004.0,67006.80000305176,0,2.8000030517578125,2.8000030517578125,67032.0,False,1,0,False,fast,0,0,False,False,27,False,True,,,,,,,,,,,
9573,67011.0,67011.0,67022.5,0,11.5,11.5,67039.0,False,1,0,False,accurate,1,1,False,False,26,False,True,,,,,,,,,,,
9574,67018.0,67022.5,67025.20000076294,0,2.700000762939453,7.200000762939453,67046.0,False,2,1,False,fast,0,0,False,False,25,False,True,,,,,,,,,,,
9578,67046.0,67046.0,67048.79999923706,0,2.799999237060547,2.799999237060547,67074.0,False,1,0,False,fast,0,0,False,False,21,False,True,,,,,,,,,,,
9579,67053.0,67053.0,67055.90000152588,0,2.9000015258789062,2.9000015258789062,67081.0,False,1,0,False,fast,0,0,False,False,20,False,True,,,,,,,,,,,
9581,67067.0,67067.0,67069.90000152588,0,2.9000015258789062,2.9000015258789062,67095.0,False,1,0,False,fast,0,0,False,False,18,False,True,,,,,,,,,,,
9582,67074.0,67074.0,67076.79999923706,0,2.799999237060547,2.799999237060547,67102.0,False,1,0,False,fast,0,0,False,False,17,False,True,,,,,,,,,,,
9583,67081.0,67081.0,67083.79999923706,0,2.799999237060547,2.799999237060547,67109.0,False,1,0,False,fast,0,0,False,False,16,False,True,,,,,,,,,,,
9591,67137.0,67137.0,67139.90000152588,0,2.9000015258789062,2.9000015258789062,67165.0,False,1,0,False,fast,0,0,False,False,8,False,True,,,,,,,,,,,
9592,67144.0,67144.0,67146.79999923706,0,2.799999237060547,2.799999237060547,67172.0,False,1,0,False,fast,0,0,False,False,7,False,True,,,,,,,,,,,
9594,67158.0,67158.0,67160.90000152588,0,2.9000015258789062,2.9000015258789062,67186.0,False,1,0,False,fast,0,0,False,False,5,False,True,,,,,,,,,,,
9598,67186.0,67186.0,67206.30000305176,0,20.300003051757812,20.300003051757812,67214.0,False,1,0,False,accurate,1,1,False,False,1,True,True,,,,,,,,,,,
9600,67200.0,67206.30000305176,67226.02000045776,0,19.71999740600586,26.020000457763672,67228.0,False,2,1,False,accurate,0,0,False,False,99,False,True,,,,,,,,,,,
9601,67207.0,67226.02000045776,67245.90291313469,0,19.88291267693046,38.90291313469061,67235.0,True,2,1,False,accurate,0,0,False,False,98,False,False,,,,,,,,,,,
9606,67242.0,67245.90291313469,67269.08290848076,0,23.179995346069333,27.082908480762853,67270.0,False,2,1,False,accurate,0,0,False,False,93,False,True,,,,,,,,,,,
9608,67256.0,67269.08290848076,67272.14291367948,0,3.0600051987171355,16.142913679475896,67284.0,False,2,1,False,fast,0,0,False,False,91,False,True,,,,,,,,,,,
9609,67263.0,67272.14291367948,67290.25541696965,0,18.11250329017639,27.255416969652288,67291.0,False,3,2,False,accurate,1,1,False,False,90,False,True,,,,,,,,,,,
9611,67277.0,67290.25541696965,67293.35874946852,0,3.1033324988683035,16.358749468519818,67305.0,False,2,1,False,fast,0,0,False,False,88,False,True,,,,,,,,,,,
9612,67284.0,67293.35874946852,67296.43874862928,0,3.0799991607666017,12.43874862928351,67312.0,False,3,2,False,fast,0,0,False,False,87,False,True,,,,,,,,,,,
9613,67291.0,67296.43874862928,67315.1945780305,0,18.755829401214896,24.194578030495904,67319.0,False,3,2,False,accurate,1,1,False,False,86,False,True,,,,,,,,,,,
9622,67354.0,67354.0,67356.8466658924,0,2.8466658924023305,2.846665892400779,67382.0,False,1,0,False,fast,0,0,False,False,77,False,True,,,,,,,,,,,
9626,67382.0,67382.0,67384.79999923706,0,2.799999237060547,2.799999237060547,67410.0,False,1,0,False,fast,0,0,False,False,73,False,True,,,,,,,,,,,
9629,67403.0,67403.0,67414.5,0,11.5,11.5,67431.0,False,1,0,False,accurate,1,1,False,False,70,False,True,,,,,,,,,,,
9631,67417.0,67417.0,67419.79999923706,0,2.799999237060547,2.799999237060547,67445.0,False,1,0,False,fast,0,0,False,False,68,False,True,,,,,,,,,,,
9632,67424.0,67424.0,67426.80000305176,0,2.8000030517578125,2.8000030517578125,67452.0,False,1,0,False,fast,0,0,False,False,67,False,True,,,,,,,,,,,
9635,67445.0,67445.0,67456.5,0,11.5,11.5,67473.0,False,1,0,False,accurate,1,1,False,False,64,False,True,,,,,,,,,,,
9636,67452.0,67456.5,67459.29999923706,0,2.799999237060547,7.299999237060547,67480.0,False,2,1,False,fast,0,0,False,False,63,False,True,,,,,,,,,,,
9638,67466.0,67466.0,67468.79999923706,0,2.799999237060547,2.799999237060547,67494.0,False,1,0,False,fast,0,0,False,False,61,False,True,,,,,,,,,,,
9640,67480.0,67480.0,67482.79999923706,0,2.799999237060547,2.799999237060547,67508.0,False,1,0,False,fast,0,0,False,False,59,False,True,,,,,,,,,,,
9646,67522.0,67522.0,67536.09999847412,0,14.099998474121094,14.099998474121094,67550.0,False,1,0,False,accurate,1,1,False,False,53,False,True,,,,,,,,,,,
9647,67529.0,67536.09999847412,67539.0,0,2.9000015258789062,10.0,67557.0,False,2,1,False,fast,0,0,False,False,52,False,True,,,,,,,,,,,
9648,67536.0,67539.0,67542.79999923706,0,3.799999237060547,6.799999237060547,67564.0,False,3,2,False,fast,0,0,False,False,51,False,True,,,,,,,,,,,
9649,67543.0,67543.0,67545.90000152588,0,2.9000015258789062,2.9000015258789062,67571.0,False,1,0,False,fast,0,0,False,False,50,False,True,,,,,,,,,,,
9652,67564.0,67564.0,67578.29999923706,0,14.299999237060547,14.299999237060547,67592.0,False,1,0,False,accurate,1,1,False,False,47,False,True,,,,,,,,,,,
9654,67578.0,67578.29999923706,67580.9999961853,0,2.6999969482421875,2.9999961853027344,67606.0,False,2,1,False,fast,0,0,False,False,45,False,True,,,,,,,,,,,
9655,67585.0,67585.0,67598.20000076294,0,13.200000762939453,13.200000762939453,67613.0,False,1,0,False,accurate,1,1,False,False,44,False,True,,,,,,,,,,,
9657,67599.0,67599.0,67617.29999923706,0,18.299999237060547,18.299999237060547,67627.0,False,1,0,False,accurate,1,1,False,False,42,False,True,,,,,,,,,,,
9658,67606.0,67617.29999923706,67620.09999847412,0,2.799999237060547,14.099998474121094,67634.0,False,2,1,False,fast,0,0,False,False,41,False,True,,,,,,,,,,,
9659,67613.0,67620.09999847412,67639.70000076294,0,19.60000228881836,26.700000762939453,67641.0,False,3,2,False,accurate,0,0,False,False,40,False,True,,,,,,,,,,,
9666,67662.0,67662.0,67664.79999923706,0,2.799999237060547,2.799999237060547,67690.0,False,1,0,False,fast,0,0,False,False,33,False,True,,,,,,,,,,,
9669,67683.0,67683.0,67685.79999923706,0,2.799999237060547,2.799999237060547,67711.0,False,1,0,False,fast,0,0,False,False,30,False,True,,,,,,,,,,,
9672,67704.0,67704.0,67706.80000305176,0,2.8000030517578125,2.8000030517578125,67732.0,False,1,0,False,fast,0,0,False,False,27,False,True,,,,,,,,,,,
9676,67732.0,67732.0,67734.79999923706,0,2.799999237060547,2.799999237060547,67760.0,False,1,0,False,fast,0,0,False,False,23,False,True,,,,,,,,,,,
9677,67739.0,67739.0,67742.29999923706,0,3.299999237060547,3.299999237060547,67767.0,False,1,0,False,fast,0,0,False,False,22,False,True,,,,,,,,,,,
9679,67753.0,67753.0,67755.79999923706,0,2.799999237060547,2.799999237060547,67781.0,False,1,0,False,fast,0,0,False,False,20,False,True,,,,,,,,,,,
9680,67760.0,67760.0,67762.80000305176,0,2.8000030517578125,2.8000030517578125,67788.0,False,1,0,False,fast,0,0,False,False,19,False,True,,,,,,,,,,,
9681,67767.0,67767.0,67778.5,0,11.5,11.5,67795.0,False,1,0,False,accurate,1,1,False,False,18,False,True,,,,,,,,,,,
9686,67802.0,67802.0,67804.80000305176,0,2.8000030517578125,2.8000030517578125,67830.0,False,1,0,False,fast,0,0,False,False,13,False,True,,,,,,,,,,,
9688,67816.0,67816.0,67818.79999923706,0,2.799999237060547,2.799999237060547,67844.0,False,1,0,False,fast,0,0,False,False,11,False,True,,,,,,,,,,,
9693,67851.0,67851.0,67854.10000228882,0,3.1000022888183594,3.1000022888183594,67879.0,False,1,0,False,fast,0,0,False,False,6,False,True,,,,,,,,,,,
9698,67886.0,67886.0,67888.79999923706,0,2.799999237060547,2.799999237060547,67914.0,False,1,0,False,fast,0,0,False,False,1,True,True,,,,,,,,,,,
9700,67900.0,67900.0,67915.0,0,15.0,15.0,67928.0,False,1,0,False,accurate,1,1,False,False,99,False,True,,,,,,,,,,,
9702,67914.0,67915.0,67917.79999923706,0,2.799999237060547,3.799999237060547,67942.0,False,2,1,False,fast,0,0,False,False,97,False,True,,,,,,,,,,,
9704,67928.0,67928.0,67941.5000038147,0,13.500003814697266,13.500003814697266,67956.0,False,1,0,False,accurate,1,1,False,False,95,False,True,,,,,,,,,,,
9705,67935.0,67941.5000038147,67954.40000534058,0,12.900001525878906,19.400005340576172,67963.0,False,2,1,False,accurate,1,1,False,False,94,False,True,,,,,,,,,,,
9708,67956.0,67956.0,67970.29999923706,0,14.299999237060547,14.299999237060547,67984.0,False,1,0,False,accurate,1,1,False,False,91,False,True,,,,,,,,,,,
9709,67963.0,67970.29999923706,67983.80000305176,0,13.500003814697266,20.800003051757812,67991.0,False,2,1,False,accurate,1,1,False,False,90,False,True,,,,,,,,,,,
9710,67970.0,67983.80000305176,67986.70000457764,0,2.9000015258789062,16.70000457763672,67998.0,False,3,2,False,fast,0,0,False,False,89,False,True,,,,,,,,,,,
9711,67977.0,67986.70000457764,68015.80000305176,0,29.099998474121094,38.80000305175781,68005.0,True,3,2,False,accurate,0,0,False,False,88,False,False,,,,,,,,,,,
9712,67984.0,68015.80000305176,68036.70000457764,0,20.900001525878906,52.70000457763672,68012.0,True,3,2,False,accurate,0,0,False,False,87,False,False,,,,,,,,,,,
9714,67998.0,68036.70000457764,68039.5000038147,0,2.799999237060547,41.500003814697266,68026.0,True,3,2,False,fast,0,0,False,False,85,False,False,,,,,,,,,,,
9715,68005.0,68039.5000038147,68054.60000228882,0,15.099998474121094,49.60000228881836,68033.0,True,4,3,False,accurate,1,1,False,False,84,False,False,,,,,,,,,,,
9716,68012.0,68054.60000228882,68057.40000534058,0,2.8000030517578125,45.40000534057617,68040.0,True,5,4,False,fast,0,0,False,False,83,False,False,,,,,,,,,,,
9719,68033.0,68057.40000534058,68060.20000457764,0,2.799999237060547,27.20000457763672,68061.0,False,5,4,False,fast,0,0,False,False,80,False,True,,,,,,,,,,,
9723,68061.0,68061.0,68078.0,0,17.0,17.0,68089.0,False,1,0,False,accurate,1,1,False,False,76,False,True,,,,,,,,,,,
9724,68068.0,68078.0,68080.79999923706,0,2.799999237060547,12.799999237060547,68096.0,False,2,1,False,fast,0,0,False,False,75,False,True,,,,,,,,,,,
9727,68089.0,68089.0,68101.59999465942,0,12.599994659423828,12.599994659423828,68117.0,False,1,0,False,accurate,1,1,False,False,72,False,True,,,,,,,,,,,
9732,68124.0,68124.0,68126.70000457764,0,2.7000045776367188,2.7000045776367188,68152.0,False,1,0,False,fast,0,0,False,False,67,False,True,,,,,,,,,,,
9736,68152.0,68152.0,68166.19999694824,0,14.199996948242188,14.199996948242188,68180.0,False,1,0,False,accurate,1,1,False,False,63,False,True,,,,,,,,,,,
9740,68180.0,68180.0,68182.79999923706,0,2.799999237060547,2.799999237060547,68208.0,False,1,0,False,fast,0,0,False,False,59,False,True,,,,,,,,,,,
9745,68215.0,68215.0,68236.60000228882,0,21.60000228881836,21.60000228881836,68243.0,False,1,0,False,accurate,0,0,False,False,54,False,True,,,,,,,,,,,
9746,68222.0,68236.60000228882,68239.40000534058,0,2.8000030517578125,17.400005340576172,68250.0,False,2,1,False,fast,0,0,False,False,53,False,True,,,,,,,,,,,
9747,68229.0,68239.40000534058,68242.20000457764,0,2.799999237060547,13.200004577636719,68257.0,False,3,2,False,fast,0,0,False,False,52,False,True,,,,,,,,,,,
9748,68236.0,68242.20000457764,68245.0000076294,0,2.8000030517578125,9.000007629394531,68264.0,False,4,3,False,fast,0,0,False,False,51,False,True,,,,,,,,,,,
9751,68257.0,68257.0,68285.80000305176,0,28.800003051757812,28.800003051757812,68285.0,True,1,0,False,accurate,1,1,False,False,48,False,False,,,,,,,,,,,
9752,68264.0,68285.80000305176,68309.80000305176,0,24.0,45.80000305175781,68292.0,True,2,1,False,accurate,1,1,False,False,47,False,False,,,,,,,,,,,
9754,68278.0,68309.80000305176,68312.5,0,2.6999969482421875,34.5,68306.0,True,3,2,False,fast,0,0,False,False,45,False,False,,,,,,,,,,,
9756,68292.0,68312.5,68315.29999923706,0,2.799999237060547,23.299999237060547,68320.0,False,3,2,False,fast,0,0,False,False,43,False,True,,,,,,,,,,,
9758,68306.0,68315.29999923706,68318.70000076294,0,3.4000015258789062,12.700000762939453,68334.0,False,4,3,False,fast,0,0,False,False,41,False,True,,,,,,,,,,,
9763,68341.0,68341.0,68366.96124753953,0,25.96124753952026,25.961247539526084,68369.0,False,1,0,False,accurate,0,0,False,False,36,False,True,,,,,,,,,,,
9766,68362.0,68366.96124753953,68386.17625102997,0,19.215003490447998,24.176251029974082,68390.0,False,2,1,False,accurate,0,0,False,False,33,False,True,,,,,,,,,,,
9768,68376.0,68386.17625102997,68407.7362523534,0,21.560001323421805,31.736252353395685,68404.0,True,2,1,False,accurate,0,0,False,False,31,False,False,,,,,,,,,,,
9770,68390.0,68407.7362523534,68410.86291815698,0,3.1266658035914134,20.86291815698496,68418.0,False,2,1,False,fast,0,0,False,False,29,False,True,,,,,,,,,,,
9772,68404.0,68410.86291815698,68413.83291899622,0,2.9700008392333985,9.83291899622418,68432.0,False,3,2,False,fast,0,0,False,False,27,False,True,,,,,,,,,,,
9773,68411.0,68413.83291899622,68435.62666407238,0,21.79374507615961,24.626664072377025,68439.0,False,2,1,False,accurate,0,0,False,False,26,False,True,,,,,,,,,,,
9774,68418.0,68435.62666407238,68438.66000070622,0,3.033336633841191,20.66000070622249,68446.0,False,2,1,False,fast,0,0,False,False,25,False,True,,,,,,,,,,,
9775,68425.0,68438.66000070622,68441.66999988606,0,3.009999179840088,16.669999886056758,68453.0,False,3,2,False,fast,0,0,False,False,24,False,True,,,,,,,,,,,
9777,68439.0,68441.66999988606,68459.37125529608,0,17.70125541001555,20.371255296078743,68467.0,False,2,1,False,accurate,1,1,False,False,22,False,True,,,,,,,,,,,
9780,68460.0,68460.0,68482.55666758885,0,22.556667588849866,22.556667588854907,68488.0,False,1,0,False,accurate,0,0,False,False,19,False,True,,,,,,,,,,,
9786,68502.0,68502.0,68515.90000152588,0,13.900001525878906,13.900001525878906,68530.0,False,1,0,False,accurate,1,1,False,False,13,False,True,,,,,,,,,,,
9789,68523.0,68523.0,68525.79999923706,0,2.799999237060547,2.799999237060547,68551.0,False,1,0,False,fast,0,0,False,False,10,False,True,,,,,,,,,,,
9798,68586.0,68586.0,68605.0,0,19.0,19.0,68614.0,False,1,0,False,accurate,0,0,False,False,1,True,True,,,,,,,,,,,
9800,68600.0,68605.0,68607.70000457764,0,2.7000045776367188,7.700004577636719,68628.0,False,2,1,False,fast,0,0,False,False,99,False,True,,,,,,,,,,,
9803,68621.0,68621.0,68623.70000457764,0,2.7000045776367188,2.7000045776367188,68649.0,False,1,0,False,fast,0,0,False,False,96,False,True,,,,,,,,,,,
9805,68635.0,68635.0,68650.10000228882,0,15.10000228881836,15.10000228881836,68663.0,False,1,0,False,accurate,1,1,False,False,94,False,True,,,,,,,,,,,
9806,68642.0,68650.10000228882,68652.90000152588,0,2.799999237060547,10.900001525878906,68670.0,False,2,1,False,fast,0,0,False,False,93,False,True,,,,,,,,,,,
9813,68691.0,68691.0,68705.90000152588,0,14.900001525878906,14.900001525878906,68719.0,False,1,0,False,accurate,1,1,False,False,86,False,True,,,,,,,,,,,
9817,68719.0,68719.0,68737.09999847412,0,18.099998474121094,18.099998474121094,68747.0,False,1,0,False,accurate,1,1,False,False,82,False,True,,,,,,,,,,,
9818,68726.0,68737.09999847412,68740.79999923706,0,3.700000762939453,14.799999237060547,68754.0,False,2,1,False,fast,0,0,False,False,81,False,True,,,,,,,,,,,
9821,68747.0,68747.0,68763.5,0,16.5,16.5,68775.0,False,1,0,False,accurate,1,1,False,False,78,False,True,,,,,,,,,,,
9822,68754.0,68763.5,68766.89999389648,0,3.399993896484375,12.899993896484375,68782.0,False,2,1,False,fast,0,0,False,False,77,False,True,,,,,,,,,,,
9823,68761.0,68766.89999389648,68786.09999465942,0,19.200000762939453,25.099994659423828,68789.0,False,3,2,False,accurate,1,1,False,False,76,False,True,,,,,,,,,,,
9825,68775.0,68786.09999465942,68800.09999084473,0,13.999996185302734,25.099990844726562,68803.0,False,2,1,False,accurate,1,1,False,False,74,False,True,,,,,,,,,,,
9828,68796.0,68800.09999084473,68802.79999160767,0,2.700000762939453,6.799991607666016,68824.0,False,2,1,False,fast,0,0,False,False,71,False,True,,,,,,,,,,,
9831,68817.0,68817.0,68819.79999923706,0,2.799999237060547,2.799999237060547,68845.0,False,1,0,False,fast,0,0,False,False,68,False,True,,,,,,,,,,,
9832,68824.0,68824.0,68826.70000457764,0,2.7000045776367188,2.7000045776367188,68852.0,False,1,0,False,fast,0,0,False,False,67,False,True,,,,,,,,,,,
9835,68845.0,68845.0,68857.69999694824,0,12.699996948242188,12.699996948242188,68873.0,False,1,0,False,accurate,1,1,False,False,64,False,True,,,,,,,,,,,
9836,68852.0,68857.69999694824,68870.90000152588,0,13.200004577636719,18.900001525878906,68880.0,False,2,1,False,accurate,1,1,False,False,63,False,True,,,,,,,,,,,
9837,68859.0,68870.90000152588,68873.70000457764,0,2.8000030517578125,14.700004577636719,68887.0,False,2,1,False,fast,0,0,False,False,62,False,True,,,,,,,,,,,
9838,68866.0,68873.70000457764,68876.40000152588,0,2.6999969482421875,10.400001525878906,68894.0,False,3,2,False,fast,0,0,False,False,61,False,True,,,,,,,,,,,
9841,68887.0,68887.0,68901.70000076294,0,14.700000762939453,14.700000762939453,68915.0,False,1,0,False,accurate,1,1,False,False,58,False,True,,,,,,,,,,,
9843,68901.0,68901.70000076294,68904.5,0,2.799999237060547,3.5,68929.0,False,2,1,False,fast,0,0,False,False,56,False,True,,,,,,,,,,,
9849,68943.0,68943.0,68956.0000038147,0,13.000003814697266,13.000003814697266,68971.0,False,1,0,False,accurate,1,1,False,False,50,False,True,,,,,,,,,,,
9850,68950.0,68956.0000038147,68970.0000076294,0,14.000003814697266,20.00000762939453,68978.0,False,2,1,False,accurate,1,1,False,False,49,False,True,,,,,,,,,,,
9853,68971.0,68971.0,68973.60000228882,0,2.6000022888183594,2.6000022888183594,68999.0,False,1,0,False,fast,0,0,False,False,46,False,True,,,,,,,,,,,
9855,68985.0,68985.0,68987.80000305176,0,2.8000030517578125,2.8000030517578125,69013.0,False,1,0,False,fast,0,0,False,False,44,False,True,,,,,,,,,,,
9856,68992.0,68992.0,68994.79999923706,0,2.799999237060547,2.799999237060547,69020.0,False,1,0,False,fast,0,0,False,False,43,False,True,,,,,,,,,,,
9857,68999.0,68999.0,69001.70000076294,0,2.700000762939453,2.700000762939453,69027.0,False,1,0,False,fast,0,0,False,False,42,False,True,,,,,,,,,,,
9861,69027.0,69027.0,69030.80000305176,0,3.8000030517578125,3.8000030517578125,69055.0,False,1,0,False,fast,0,0,False,False,38,False,True,,,,,,,,,,,
9865,69055.0,69055.0,69057.80000305176,0,2.8000030517578125,2.8000030517578125,69083.0,False,1,0,False,fast,0,0,False,False,34,False,True,,,,,,,,,,,
9868,69076.0,69076.0,69078.79999923706,0,2.799999237060547,2.799999237060547,69104.0,False,1,0,False,fast,0,0,False,False,31,False,True,,,,,,,,,,,
9870,69090.0,69090.0,69092.79999923706,0,2.799999237060547,2.799999237060547,69118.0,False,1,0,False,fast,0,0,False,False,29,False,True,,,,,,,,,,,
9871,69097.0,69097.0,69099.69999694824,0,2.6999969482421875,2.6999969482421875,69125.0,False,1,0,False,fast,0,0,False,False,28,False,True,,,,,,,,,,,
9874,69118.0,69118.0,69136.40000152588,0,18.400001525878906,18.400001525878906,69146.0,False,1,0,False,accurate,1,1,False,False,25,False,True,,,,,,,,,,,
9875,69125.0,69136.40000152588,69151.70000076294,0,15.299999237060547,26.700000762939453,69153.0,False,2,1,False,accurate,1,1,False,False,24,False,True,,,,,,,,,,,
9877,69139.0,69151.70000076294,69154.40000152588,0,2.700000762939453,15.400001525878906,69167.0,False,2,1,False,fast,0,0,False,False,22,False,True,,,,,,,,,,,
9887,69209.0,69209.0,69211.79999923706,0,2.799999237060547,2.799999237060547,69237.0,False,1,0,False,fast,0,0,False,False,12,False,True,,,,,,,,,,,
9889,69223.0,69223.0,69225.69999694824,0,2.6999969482421875,2.6999969482421875,69251.0,False,1,0,False,fast,0,0,False,False,10,False,True,,,,,,,,,,,
9890,69230.0,69230.0,69232.79999923706,0,2.799999237060547,2.799999237060547,69258.0,False,1,0,False,fast,0,0,False,False,9,False,True,,,,,,,,,,,
9892,69244.0,69244.0,69246.80000305176,0,2.8000030517578125,2.8000030517578125,69272.0,False,1,0,False,fast,0,0,False,False,7,False,True,,,,,,,,,,,
9897,69279.0,69279.0,69293.80000305176,0,14.800003051757812,14.800003051757812,69307.0,False,1,0,False,accurate,1,1,False,False,2,True,True,,,,,,,,,,,
9898,69286.0,69293.80000305176,69296.60000610352,0,2.8000030517578125,10.600006103515625,69314.0,False,2,1,False,fast,0,0,False,False,1,True,True,,,,,,,,,,,
9899,69293.0,69296.60000610352,69299.40000915527,0,2.8000030517578125,6.4000091552734375,69321.0,False,3,2,False,fast,0,0,False,True,0,True,True,,,,,,,,,,,
9900,69300.0,69300.0,69315.29999923706,0,15.299999237060547,15.299999237060547,69328.0,False,1,0,False,accurate,1,1,False,False,99,False,True,,,,,,,,,,,
9901,69307.0,69315.29999923706,69318.20000076294,0,2.9000015258789062,11.200000762939453,69335.0,False,2,1,False,fast,0,0,False,False,98,False,True,,,,,,,,,,,
9902,69314.0,69318.20000076294,69321.0000038147,0,2.8000030517578125,7.000003814697266,69342.0,False,3,2,False,fast,0,0,False,False,97,False,True,,,,,,,,,,,
9903,69321.0,69321.0000038147,69333.5000038147,0,12.5,12.500003814697266,69349.0,False,2,1,False,accurate,1,1,False,False,96,False,True,,,,,,,,,,,
9905,69335.0,69335.0,69337.80000305176,0,2.8000030517578125,2.8000030517578125,69363.0,False,1,0,False,fast,0,0,False,False,94,False,True,,,,,,,,,,,
9906,69342.0,69342.0,69361.29999542236,0,19.29999542236328,19.29999542236328,69370.0,False,1,0,False,accurate,0,0,False,False,93,False,True,,,,,,,,,,,
9913,69391.0,69391.0,69393.79999923706,0,2.799999237060547,2.799999237060547,69419.0,False,1,0,False,fast,0,0,False,False,86,False,True,,,,,,,,,,,
9915,69405.0,69405.0,69407.70000457764,0,2.7000045776367188,2.7000045776367188,69433.0,False,1,0,False,fast,0,0,False,False,84,False,True,,,,,,,,,,,
9922,69454.0,69454.0,69479.4458335489,0,25.445833548903465,25.445833548903465,69482.0,False,1,0,False,accurate,1,1,False,False,77,False,True,,,,,,,,,,,
9923,69461.0,69479.4458335489,69499.27958231866,0,19.83374876976013,38.27958231866069,69489.0,True,2,1,False,accurate,0,0,False,False,76,False,False,,,,,,,,,,,
9926,69482.0,69499.27958231866,69520.17208348215,0,20.892501163482663,38.17208348214626,69510.0,True,2,1,False,accurate,0,0,False,False,73,False,False,,,,,,,,,,,
9929,69503.0,69520.17208348215,69539.7220812887,0,19.549997806549072,36.722081288695335,69531.0,True,2,1,False,accurate,1,1,False,False,70,False,False,,,,,,,,,,,
9932,69524.0,69539.7220812887,69558.21707716883,0,18.494995880126954,34.2170771688252,69552.0,True,2,1,False,accurate,1,1,False,False,67,False,False,,,,,,,,,,,
9936,69552.0,69558.21707716883,69573.14041340917,0,14.923336240351217,21.140413409171742,69580.0,False,2,1,False,accurate,1,1,False,False,63,False,True,,,,,,,,,,,
9940,69580.0,69580.0,69582.89333254774,0,2.8933325477441145,2.893332547741011,69608.0,False,1,0,False,fast,0,0,False,False,59,False,True,,,,,,,,,,,
9941,69587.0,69587.0,69589.97250156403,0,2.9725015640258787,2.9725015640287893,69615.0,False,1,0,False,fast,0,0,False,False,58,False,True,,,,,,,,,,,
9942,69594.0,69594.0,69622.89249924001,0,28.89249924001594,28.89249924001342,69622.0,True,1,0,False,accurate,1,1,False,False,57,False,False,,,,,,,,,,,
9943,69601.0,69622.89249924001,69649.34208338088,0,26.44958414086451,48.34208338087774,69629.0,True,2,1,False,accurate,0,0,False,False,56,False,False,,,,,,,,,,,
9944,69608.0,69649.34208338088,69668.4420856697,0,19.10000228881836,60.4420856696961,69636.0,True,3,2,False,accurate,0,0,False,False,55,False,False,,,,,,,,,,,
9945,69615.0,69668.4420856697,69692.04208414382,0,23.599998474121094,77.04208414381719,69643.0,True,4,3,False,accurate,0,0,False,False,54,False,False,,,,,,,,,,,
9947,69629.0,69692.04208414382,69694.942081855,0,2.8999977111816406,65.94208185499883,69657.0,True,4,3,False,fast,0,0,False,False,52,False,False,,,,,,,,,,,
9950,69650.0,69694.942081855,69698.24208490676,0,3.3000030517578125,48.242084906756645,69678.0,True,4,3,False,fast,0,0,False,False,49,False,False,,,,,,,,,,,
9951,69657.0,69698.24208490676,69701.04208795851,0,2.8000030517578125,44.04208795851446,69685.0,True,5,4,False,fast,0,0,False,False,48,False,False,,,,,,,,,,,
9954,69678.0,69701.04208795851,69703.84208719558,0,2.799999237060547,25.842087195575004,69706.0,False,5,4,False,fast,0,0,False,False,45,False,True,,,,,,,,,,,
9955,69685.0,69703.84208719558,69706.54208414382,0,2.6999969482421875,21.542084143817192,69713.0,False,6,5,True,fast,0,0,False,False,44,False,False,,,,,,,,,,,
9957,69699.0,69706.54208414382,69709.34208338088,0,2.799999237060547,10.342083380877739,69727.0,False,4,3,False,fast,0,0,False,False,42,False,True,,,,,,,,,,,
9958,69706.0,69709.34208338088,69740.04208414382,0,30.700000762939453,34.04208414381719,69734.0,True,3,2,False,accurate,1,0,True,False,41,False,False,,,,,,,,,,,
9960,69720.0,69740.04208414382,69742.74208490676,0,2.700000762939453,22.742084906756645,69748.0,False,2,1,False,fast,0,0,False,False,39,False,True,,,,,,,,,,,
9962,69734.0,69742.74208490676,69745.4420894844,0,2.7000045776367188,11.442089484393364,69762.0,False,3,2,False,fast,0,0,False,False,37,False,True,,,,,,,,,,,
9969,69783.0,69783.0,69785.70000076294,0,2.700000762939453,2.700000762939453,69811.0,False,1,0,False,fast,0,0,False,False,30,False,True,,,,,,,,,,,
9972,69804.0,69804.0,69806.79999923706,0,2.799999237060547,2.799999237060547,69832.0,False,1,0,False,fast,0,0,False,False,27,False,True,,,,,,,,,,,
9974,69818.0,69818.0,69820.79999923706,0,2.799999237060547,2.799999237060547,69846.0,False,1,0,False,fast,0,0,False,False,25,False,True,,,,,,,,,,,
9975,69825.0,69825.0,69827.69999694824,0,2.6999969482421875,2.6999969482421875,69853.0,False,1,0,False,fast,0,0,False,False,24,False,True,,,,,,,,,,,
9977,69839.0,69839.0,69841.79999923706,0,2.799999237060547,2.799999237060547,69867.0,False,1,0,False,fast,0,0,False,False,22,False,True,,,,,,,,,,,
9979,69853.0,69853.0,69855.79999923706,0,2.799999237060547,2.799999237060547,69881.0,False,1,0,False,fast,0,0,False,False,20,False,True,,,,,,,,,,,
9982,69874.0,69874.0,69900.10000228882,0,26.10000228881836,26.10000228881836,69902.0,False,1,0,False,accurate,0,0,False,False,17,False,True,,,,,,,,,,,
9985,69895.0,69900.10000228882,69919.40000152588,0,19.299999237060547,24.400001525878906,69923.0,False,2,1,False,accurate,0,0,False,False,14,False,True,,,,,,,,,,,
9986,69902.0,69919.40000152588,69944.20000076294,0,24.799999237060547,42.20000076293945,69930.0,True,2,1,False,accurate,1,1,False,False,13,False,False,,,,,,,,,,,
9988,69916.0,69944.20000076294,69963.20000076294,0,19.0,47.20000076293945,69944.0,True,3,2,False,accurate,0,0,False,False,11,False,False,,,,,,,,,,,
9990,69930.0,69963.20000076294,69984.79999923706,0,21.599998474121094,54.79999923706055,69958.0,True,3,2,False,accurate,0,0,False,False,9,False,False,,,,,,,,,,,
9991,69937.0,69984.79999923706,70007.09999847412,0,22.299999237060547,70.0999984741211,69965.0,True,4,3,False,accurate,0,0,False,False,8,False,False,,,,,,,,,,,
9992,69944.0,70007.09999847412,70027.29999542236,0,20.199996948242188,83.29999542236328,69972.0,True,5,4,False,accurate,0,0,False,False,7,False,False,,,,,,,,,,,
9997,69979.0,70027.29999542236,70054.09999465942,0,26.799999237060547,75.09999465942383,70007.0,True,4,3,False,accurate,0,0,False,False,2,True,False,,,,,,,,,,,
