shot_id,arrival_time_us,start_time_us,finish_time_us,worker_id,latency_us,response_time_us,deadline_us,deadline_miss,backlog,pauli_frame_lag,pauli_frame_lag_violation,selected_decoder,prediction,observable,logical_error,logical_boundary,rounds_until_boundary,boundary_drain,boundary_commit_success,ai_model_type,ai_history_length,ai_risk_score,ai_hard_runtime_score,ai_runtime_pred,ai_confidence,fast_wrong_prob,fast_logical_fail_prob,hard_runtime_prob,safe_fast_prob,combined_fast_risk
12,120.0,120.0,125.20000076293945,0,5.200000762939453,5.200000762939453,160.0,False,1,0,False,fast,0,0,False,False,87,False,True,,,,,,,,,,,
13,130.0,130.0,133.20000076293945,0,3.200000762939453,3.200000762939453,170.0,False,1,0,False,fast,0,1,True,False,86,False,True,,,,,,,,,,,
16,160.0,160.0,173.79999923706055,0,13.799999237060547,13.799999237060547,200.0,False,1,0,False,fast,0,0,False,False,83,False,True,,,,,,,,,,,
17,170.0,173.79999923706055,178.79999923706055,0,5.0,8.799999237060547,210.0,False,2,1,False,fast,0,0,False,False,82,False,True,,,,,,,,,,,
25,250.0,250.0,253.1999969482422,0,3.1999969482421875,3.1999969482421875,290.0,False,1,0,False,fast,0,1,True,False,74,False,True,,,,,,,,,,,
27,270.0,270.0,273.20000076293945,0,3.200000762939453,3.200000762939453,310.0,False,1,0,False,fast,0,0,False,False,72,False,True,,,,,,,,,,,
29,290.0,290.0,294.5,0,4.5,4.5,330.0,False,1,0,False,fast,0,0,False,False,70,False,True,,,,,,,,,,,
31,310.0,310.0,316.79999923706055,0,6.799999237060547,6.799999237060547,350.0,False,1,0,False,fast,0,0,False,False,68,False,True,,,,,,,,,,,
32,320.0,320.0,325.0,0,5.0,5.0,360.0,False,1,0,False,fast,0,0,False,False,67,False,True,,,,,,,,,,,
34,340.0,340.0,345.00000381469727,0,5.000003814697266,5.000003814697266,380.0,False,1,0,False,fast,0,1,True,False,65,False,True,,,,,,,,,,,
35,350.0,350.0,354.9000015258789,0,4.900001525878906,4.900001525878906,390.0,False,1,0,False,fast,0,1,True,False,64,False,True,,,,,,,,,,,
36,360.0,360.0,369.00000381469727,0,9.000003814697266,9.000003814697266,400.0,False,1,0,False,fast,0,0,False,False,63,False,True,,,,,,,,,,,
38,380.0,380.0,383.6999969482422,0,3.6999969482421875,3.6999969482421875,420.0,False,1,0,False,fast,0,0,False,False,61,False,True,,,,,,,,,,,
41,410.0,410.0,416.70000076293945,0,6.700000762939453,6.700000762939453,450.0,False,1,0,False,fast,0,0,False,False,58,False,True,,,,,,,,,,,
42,420.0,420.0,431.8000030517578,0,11.800003051757812,11.800003051757812,460.0,False,1,0,False,fast,0,0,False,False,57,False,True,,,,,,,,,,,
44,440.0,440.0,443.10000228881836,0,3.1000022888183594,3.1000022888183594,480.0,False,1,0,False,fast,0,1,True,False,55,False,True,,,,,,,,,,,
46,460.0,460.0,462.89999771118164,0,2.8999977111816406,2.8999977111816406,500.0,False,1,0,False,fast,0,0,False,False,53,False,True,,,,,,,,,,,
47,470.0,470.0,473.00000381469727,0,3.0000038146972656,3.0000038146972656,510.0,False,1,0,False,fast,0,0,False,False,52,False,True,,,,,,,,,,,
49,490.0,490.0,493.0,0,3.0,3.0,530.0,False,1,0,False,fast,0,0,False,False,50,False,True,,,,,,,,,,,
50,500.0,500.0,502.89999771118164,0,2.8999977111816406,2.8999977111816406,540.0,False,1,0,False,fast,0,1,True,False,49,False,True,,,,,,,,,,,
51,510.0,510.0,512.9000015258789,0,2.9000015258789062,2.9000015258789062,550.0,False,1,0,False,fast,0,0,False,False,48,False,True,,,,,,,,,,,
52,520.0,520.0,522.8999977111816,0,2.8999977111816406,2.8999977111816406,560.0,False,1,0,False,fast,0,0,False,False,47,False,True,,,,,,,,,,,
55,550.0,550.0,552.8999977111816,0,2.8999977111816406,2.8999977111816406,590.0,False,1,0,False,fast,0,0,False,False,44,False,True,,,,,,,,,,,
58,580.0,580.0,582.8999977111816,0,2.8999977111816406,2.8999977111816406,620.0,False,1,0,False,fast,0,1,True,False,41,False,True,,,,,,,,,,,
60,600.0,600.0,602.9000015258789,0,2.9000015258789062,2.9000015258789062,640.0,False,1,0,False,fast,0,0,False,False,39,False,True,,,,,,,,,,,
62,620.0,620.0,623.0,0,3.0,3.0,660.0,False,1,0,False,fast,0,0,False,False,37,False,True,,,,,,,,,,,
64,640.0,640.0,642.7999992370605,0,2.799999237060547,2.799999237060547,680.0,False,1,0,False,fast,0,0,False,False,35,False,True,,,,,,,,,,,
65,650.0,650.0,653.0999984741211,0,3.0999984741210938,3.0999984741210938,690.0,False,1,0,False,fast,0,0,False,False,34,False,True,,,,,,,,,,,
72,720.0,720.0,724.8999938964844,0,4.899993896484375,4.899993896484375,760.0,False,1,0,False,fast,0,1,True,False,27,False,True,,,,,,,,,,,
76,760.0,760.0,762.9000015258789,0,2.9000015258789062,2.9000015258789062,800.0,False,1,0,False,fast,0,1,True,False,23,False,True,,,,,,,,,,,
78,780.0,780.0,782.9000015258789,0,2.9000015258789062,2.9000015258789062,820.0,False,1,0,False,fast,0,0,False,False,21,False,True,,,,,,,,,,,
79,790.0,790.0,796.3000030517578,0,6.3000030517578125,6.3000030517578125,830.0,False,1,0,False,fast,0,0,False,False,20,False,True,,,,,,,,,,,
80,800.0,800.0,802.7999992370605,0,2.799999237060547,2.799999237060547,840.0,False,1,0,False,fast,0,0,False,False,19,False,True,,,,,,,,,,,
83,830.0,830.0,832.9000015258789,0,2.9000015258789062,2.9000015258789062,870.0,False,1,0,False,fast,0,0,False,False,16,False,True,,,,,,,,,,,
84,840.0,840.0,842.7999992370605,0,2.799999237060547,2.799999237060547,880.0,False,1,0,False,fast,0,1,True,False,15,False,True,,,,,,,,,,,
92,920.0,920.0,922.7999992370605,0,2.799999237060547,2.799999237060547,960.0,False,1,0,False,fast,0,1,True,False,7,False,True,,,,,,,,,,,
93,930.0,930.0,933.2000045776367,0,3.2000045776367188,3.2000045776367188,970.0,False,1,0,False,fast,0,0,False,False,6,False,True,,,,,,,,,,,
95,950.0,950.0,956.0999984741211,0,6.099998474121094,6.099998474121094,990.0,False,1,0,False,fast,0,0,False,False,4,False,True,,,,,,,,,,,
97,970.0,970.0,973.1000022888184,0,3.1000022888183594,3.1000022888183594,1010.0,False,1,0,False,fast,0,0,False,False,2,True,True,,,,,,,,,,,
98,980.0,980.0,983.0,0,3.0,3.0,1020.0,False,1,0,False,fast,0,0,False,False,1,True,True,,,,,,,,,,,
100,1000.0,1000.0,1004.2999992370605,0,4.299999237060547,4.299999237060547,1040.0,False,1,0,False,fast,0,1,True,False,99,False,True,,,,,,,,,,,
101,1010.0,1010.0,1013.0,0,3.0,3.0,1050.0,False,1,0,False,fast,0,0,False,False,98,False,True,,,,,,,,,,,
103,1030.0,1030.0,1033.0,0,3.0,3.0,1070.0,False,1,0,False,fast,0,1,True,False,96,False,True,,,,,,,,,,,
109,1090.0,1090.0,1092.8999977111816,0,2.8999977111816406,2.8999977111816406,1130.0,False,1,0,False,fast,0,1,True,False,90,False,True,,,,,,,,,,,
111,1110.0,1110.0,1113.0,0,3.0,3.0,1150.0,False,1,0,False,fast,0,0,False,False,88,False,True,,,,,,,,,,,
112,1120.0,1120.0,1126.2000007629395,0,6.200000762939453,6.200000762939453,1160.0,False,1,0,False,fast,0,1,True,False,87,False,True,,,,,,,,,,,
114,1140.0,1140.0,1143.2999992370605,0,3.299999237060547,3.299999237060547,1180.0,False,1,0,False,fast,0,1,True,False,85,False,True,,,,,,,,,,,
117,1170.0,1170.0,1173.0,0,3.0,3.0,1210.0,False,1,0,False,fast,0,1,True,False,82,False,True,,,,,,,,,,,
119,1190.0,1190.0,1192.8999977111816,0,2.8999977111816406,2.8999977111816406,1230.0,False,1,0,False,fast,0,0,False,False,80,False,True,,,,,,,,,,,
125,1250.0,1250.0,1253.3999977111816,0,3.3999977111816406,3.3999977111816406,1290.0,False,1,0,False,fast,0,1,True,False,74,False,True,,,,,,,,,,,
128,1280.0,1280.0,1283.0,0,3.0,3.0,1320.0,False,1,0,False,fast,0,0,False,False,71,False,True,,,,,,,,,,,
136,1360.0,1360.0,1363.2000007629395,0,3.200000762939453,3.200000762939453,1400.0,False,1,0,False,fast,0,0,False,False,63,False,True,,,,,,,,,,,
138,1380.0,1380.0,1383.0,0,3.0,3.0,1420.0,False,1,0,False,fast,0,0,False,False,61,False,True,,,,,,,,,,,
139,1390.0,1390.0,1394.3999977111816,0,4.399997711181641,4.399997711181641,1430.0,False,1,0,False,fast,0,0,False,False,60,False,True,,,,,,,,,,,
141,1410.0,1410.0,1413.1000022888184,0,3.1000022888183594,3.1000022888183594,1450.0,False,1,0,False,fast,0,0,False,False,58,False,True,,,,,,,,,,,
142,1420.0,1420.0,1423.0000038146973,0,3.0000038146972656,3.0000038146972656,1460.0,False,1,0,False,fast,0,0,False,False,57,False,True,,,,,,,,,,,
144,1440.0,1440.0,1443.1000022888184,0,3.1000022888183594,3.1000022888183594,1480.0,False,1,0,False,fast,0,0,False,False,55,False,True,,,,,,,,,,,
146,1460.0,1460.0,1462.9999961853027,0,2.9999961853027344,2.9999961853027344,1500.0,False,1,0,False,fast,0,1,True,False,53,False,True,,,,,,,,,,,
152,1520.0,1520.0,1522.8999977111816,0,2.8999977111816406,2.8999977111816406,1560.0,False,1,0,False,fast,0,0,False,False,47,False,True,,,,,,,,,,,
153,1530.0,1530.0,1533.400001525879,0,3.4000015258789062,3.4000015258789062,1570.0,False,1,0,False,fast,0,0,False,False,46,False,True,,,,,,,,,,,
154,1540.0,1540.0,1543.6000022888184,0,3.6000022888183594,3.6000022888183594,1580.0,False,1,0,False,fast,0,1,True,False,45,False,True,,,,,,,,,,,
156,1560.0,1560.0,1563.0000038146973,0,3.0000038146972656,3.0000038146972656,1600.0,False,1,0,False,fast,0,0,False,False,43,False,True,,,,,,,,,,,
158,1580.0,1580.0,1583.0000038146973,0,3.0000038146972656,3.0000038146972656,1620.0,False,1,0,False,fast,0,1,True,False,41,False,True,,,,,,,,,,,
159,1590.0,1590.0,1593.0,0,3.0,3.0,1630.0,False,1,0,False,fast,0,0,False,False,40,False,True,,,,,,,,,,,
161,1610.0,1610.0,1612.9999961853027,0,2.9999961853027344,2.9999961853027344,1650.0,False,1,0,False,fast,0,0,False,False,38,False,True,,,,,,,,,,,
163,1630.0,1630.0,1633.0,0,3.0,3.0,1670.0,False,1,0,False,fast,0,1,True,False,36,False,True,,,,,,,,,,,
168,1680.0,1680.0,1683.099998474121,0,3.0999984741210938,3.0999984741210938,1720.0,False,1,0,False,fast,0,0,False,False,31,False,True,,,,,,,,,,,
171,1710.0,1710.0,1714.4999961853027,0,4.499996185302734,4.499996185302734,1750.0,False,1,0,False,fast,0,0,False,False,28,False,True,,,,,,,,,,,
173,1730.0,1730.0,1735.1999969482422,0,5.1999969482421875,5.1999969482421875,1770.0,False,1,0,False,fast,0,0,False,False,26,False,True,,,,,,,,,,,
175,1750.0,1750.0,1753.099998474121,0,3.0999984741210938,3.0999984741210938,1790.0,False,1,0,False,fast,0,0,False,False,24,False,True,,,,,,,,,,,
177,1770.0,1770.0,1773.099998474121,0,3.0999984741210938,3.0999984741210938,1810.0,False,1,0,False,fast,0,1,True,False,22,False,True,,,,,,,,,,,
179,1790.0,1790.0,1792.9999961853027,0,2.9999961853027344,2.9999961853027344,1830.0,False,1,0,False,fast,0,1,True,False,20,False,True,,,,,,,,,,,
180,1800.0,1800.0,1803.0,0,3.0,3.0,1840.0,False,1,0,False,fast,0,1,True,False,19,False,True,,,,,,,,,,,
186,1860.0,1860.0,1862.900001525879,0,2.9000015258789062,2.9000015258789062,1900.0,False,1,0,False,fast,0,1,True,False,13,False,True,,,,,,,,,,,
187,1870.0,1870.0,1873.0,0,3.0,3.0,1910.0,False,1,0,False,fast,0,0,False,False,12,False,True,,,,,,,,,,,
188,1880.0,1880.0,1883.0,0,3.0,3.0,1920.0,False,1,0,False,fast,0,0,False,False,11,False,True,,,,,,,,,,,
189,1890.0,1890.0,1892.9999961853027,0,2.9999961853027344,2.9999961853027344,1930.0,False,1,0,False,fast,0,0,False,False,10,False,True,,,,,,,,,,,
190,1900.0,1900.0,1904.5,0,4.5,4.5,1940.0,False,1,0,False,fast,0,1,True,False,9,False,True,,,,,,,,,,,
195,1950.0,1950.0,1953.099998474121,0,3.0999984741210938,3.0999984741210938,1990.0,False,1,0,False,fast,0,0,False,False,4,False,True,,,,,,,,,,,
196,1960.0,1960.0,1962.8999977111816,0,2.8999977111816406,2.8999977111816406,2000.0,False,1,0,False,fast,0,1,True,False,3,False,True,,,,,,,,,,,
197,1970.0,1970.0,1973.099998474121,0,3.0999984741210938,3.0999984741210938,2010.0,False,1,0,False,fast,0,1,True,False,2,True,True,,,,,,,,,,,
199,1990.0,1990.0,1998.7000007629395,0,8.700000762939453,8.700000762939453,2030.0,False,1,0,False,fast,0,0,False,True,0,True,True,,,,,,,,,,,
201,2010.0,2010.0,2013.1000022888184,0,3.1000022888183594,3.1000022888183594,2050.0,False,1,0,False,fast,0,1,True,False,98,False,True,,,,,,,,,,,
202,2020.0,2020.0,2022.8999977111816,0,2.8999977111816406,2.8999977111816406,2060.0,False,1,0,False,fast,0,0,False,False,97,False,True,,,,,,,,,,,
207,2070.0,2070.0,2074.5,0,4.5,4.5,2110.0,False,1,0,False,fast,0,0,False,False,92,False,True,,,,,,,,,,,
209,2090.0,2090.0,2093.099998474121,0,3.0999984741210938,3.0999984741210938,2130.0,False,1,0,False,fast,0,0,False,False,90,False,True,,,,,,,,,,,
210,2100.0,2100.0,2103.0,0,3.0,3.0,2140.0,False,1,0,False,fast,0,1,True,False,89,False,True,,,,,,,,,,,
214,2140.0,2140.0,2142.900001525879,0,2.9000015258789062,2.9000015258789062,2180.0,False,1,0,False,fast,0,0,False,False,85,False,True,,,,,,,,,,,
216,2160.0,2160.0,2163.1000022888184,0,3.1000022888183594,3.1000022888183594,2200.0,False,1,0,False,fast,0,0,False,False,83,False,True,,,,,,,,,,,
218,2180.0,2180.0,2183.099998474121,0,3.0999984741210938,3.0999984741210938,2220.0,False,1,0,False,fast,0,0,False,False,81,False,True,,,,,,,,,,,
221,2210.0,2210.0,2213.099998474121,0,3.0999984741210938,3.0999984741210938,2250.0,False,1,0,False,fast,0,0,False,False,78,False,True,,,,,,,,,,,
222,2220.0,2220.0,2225.300003051758,0,5.3000030517578125,5.3000030517578125,2260.0,False,1,0,False,fast,0,0,False,False,77,False,True,,,,,,,,,,,
224,2240.0,2240.0,2243.1000022888184,0,3.1000022888183594,3.1000022888183594,2280.0,False,1,0,False,fast,0,0,False,False,75,False,True,,,,,,,,,,,
225,2250.0,2250.0,2253.1000022888184,0,3.1000022888183594,3.1000022888183594,2290.0,False,1,0,False,fast,0,0,False,False,74,False,True,,,,,,,,,,,
226,2260.0,2260.0,2263.4999961853027,0,3.4999961853027344,3.4999961853027344,2300.0,False,1,0,False,fast,0,0,False,False,73,False,True,,,,,,,,,,,
231,2310.0,2310.0,2315.5,0,5.5,5.5,2350.0,False,1,0,False,fast,0,0,False,False,68,False,True,,,,,,,,,,,
232,2320.0,2320.0,2324.7000007629395,0,4.700000762939453,4.700000762939453,2360.0,False,1,0,False,fast,0,0,False,False,67,False,True,,,,,,,,,,,
239,2390.0,2390.0,2392.900001525879,0,2.9000015258789062,2.9000015258789062,2430.0,False,1,0,False,fast,0,1,True,False,60,False,True,,,,,,,,,,,
243,2430.0,2430.0,2432.9999961853027,0,2.9999961853027344,2.9999961853027344,2470.0,False,1,0,False,fast,0,1,True,False,56,False,True,,,,,,,,,,,
244,2440.0,2440.0,2442.900001525879,0,2.9000015258789062,2.9000015258789062,2480.0,False,1,0,False,fast,0,0,False,False,55,False,True,,,,,,,,,,,
245,2450.0,2450.0,2455.2999992370605,0,5.299999237060547,5.299999237060547,2490.0,False,1,0,False,fast,0,1,True,False,54,False,True,,,,,,,,,,,
246,2460.0,2460.0,2462.8999977111816,0,2.8999977111816406,2.8999977111816406,2500.0,False,1,0,False,fast,0,0,False,False,53,False,True,,,,,,,,,,,
247,2470.0,2470.0,2473.1000022888184,0,3.1000022888183594,3.1000022888183594,2510.0,False,1,0,False,fast,0,1,True,False,52,False,True,,,,,,,,,,,
248,2480.0,2480.0,2483.2000045776367,0,3.2000045776367188,3.2000045776367188,2520.0,False,1,0,False,fast,0,0,False,False,51,False,True,,,,,,,,,,,
251,2510.0,2510.0,2513.5,0,3.5,3.5,2550.0,False,1,0,False,fast,0,0,False,False,48,False,True,,,,,,,,,,,
252,2520.0,2520.0,2523.900001525879,0,3.9000015258789062,3.9000015258789062,2560.0,False,1,0,False,fast,0,1,True,False,47,False,True,,,,,,,,,,,
253,2530.0,2530.0,2533.0,0,3.0,3.0,2570.0,False,1,0,False,fast,0,0,False,False,46,False,True,,,,,,,,,,,
255,2550.0,2550.0,2552.800003051758,0,2.8000030517578125,2.8000030517578125,2590.0,False,1,0,False,fast,0,0,False,False,44,False,True,,,,,,,,,,,
256,2560.0,2560.0,2563.099998474121,0,3.0999984741210938,3.0999984741210938,2600.0,False,1,0,False,fast,0,1,True,False,43,False,True,,,,,,,,,,,
257,2570.0,2570.0,2572.900001525879,0,2.9000015258789062,2.9000015258789062,2610.0,False,1,0,False,fast,0,1,True,False,42,False,True,,,,,,,,,,,
259,2590.0,2590.0,2592.8999977111816,0,2.8999977111816406,2.8999977111816406,2630.0,False,1,0,False,fast,0,0,False,False,40,False,True,,,,,,,,,,,
266,2660.0,2660.0,2663.2000007629395,0,3.200000762939453,3.200000762939453,2700.0,False,1,0,False,fast,0,0,False,False,33,False,True,,,,,,,,,,,
267,2670.0,2670.0,2673.1000022888184,0,3.1000022888183594,3.1000022888183594,2710.0,False,1,0,False,fast,0,0,False,False,32,False,True,,,,,,,,,,,
268,2680.0,2680.0,2682.7999992370605,0,2.799999237060547,2.799999237060547,2720.0,False,1,0,False,fast,0,0,False,False,31,False,True,,,,,,,,,,,
272,2720.0,2720.0,2724.7000007629395,0,4.700000762939453,4.700000762939453,2760.0,False,1,0,False,fast,0,1,True,False,27,False,True,,,,,,,,,,,
274,2740.0,2740.0,2742.8999977111816,0,2.8999977111816406,2.8999977111816406,2780.0,False,1,0,False,fast,0,1,True,False,25,False,True,,,,,,,,,,,
275,2750.0,2750.0,2753.099998474121,0,3.0999984741210938,3.0999984741210938,2790.0,False,1,0,False,fast,0,0,False,False,24,False,True,,,,,,,,,,,
276,2760.0,2760.0,2762.7999992370605,0,2.799999237060547,2.799999237060547,2800.0,False,1,0,False,fast,0,0,False,False,23,False,True,,,,,,,,,,,
278,2780.0,2780.0,2782.900001525879,0,2.9000015258789062,2.9000015258789062,2820.0,False,1,0,False,fast,0,0,False,False,21,False,True,,,,,,,,,,,
279,2790.0,2790.0,2793.4999961853027,0,3.4999961853027344,3.4999961853027344,2830.0,False,1,0,False,fast,0,0,False,False,20,False,True,,,,,,,,,,,
282,2820.0,2820.0,2823.2000007629395,0,3.200000762939453,3.200000762939453,2860.0,False,1,0,False,fast,0,0,False,False,17,False,True,,,,,,,,,,,
283,2830.0,2830.0,2832.7999992370605,0,2.799999237060547,2.799999237060547,2870.0,False,1,0,False,fast,0,0,False,False,16,False,True,,,,,,,,,,,
287,2870.0,2870.0,2872.900001525879,0,2.9000015258789062,2.9000015258789062,2910.0,False,1,0,False,fast,0,0,False,False,12,False,True,,,,,,,,,,,
290,2900.0,2900.0,2902.7999992370605,0,2.799999237060547,2.799999237060547,2940.0,False,1,0,False,fast,0,0,False,False,9,False,True,,,,,,,,,,,
291,2910.0,2910.0,2927.5,0,17.5,17.5,2950.0,False,1,0,False,fast,0,0,False,False,8,False,True,,,,,,,,,,,
295,2950.0,2950.0,2955.2999954223633,0,5.299995422363281,5.299995422363281,2990.0,False,1,0,False,fast,0,1,True,False,4,False,True,,,,,,,,,,,
298,2980.0,2980.0,2983.0,0,3.0,3.0,3020.0,False,1,0,False,fast,0,1,True,False,1,True,True,,,,,,,,,,,
303,3030.0,3030.0,3035.6000022888184,0,5.600002288818359,5.600002288818359,3070.0,False,1,0,False,fast,0,1,True,False,96,False,True,,,,,,,,,,,
304,3040.0,3040.0,3044.5000038146973,0,4.500003814697266,4.500003814697266,3080.0,False,1,0,False,fast,0,1,True,False,95,False,True,,,,,,,,,,,
306,3060.0,3060.0,3063.8999977111816,0,3.8999977111816406,3.8999977111816406,3100.0,False,1,0,False,fast,0,0,False,False,93,False,True,,,,,,,,,,,
307,3070.0,3070.0,3074.6000022888184,0,4.600002288818359,4.600002288818359,3110.0,False,1,0,False,fast,0,0,False,False,92,False,True,,,,,,,,,,,
309,3090.0,3090.0,3095.5,0,5.5,5.5,3130.0,False,1,0,False,fast,0,0,False,False,90,False,True,,,,,,,,,,,
310,3100.0,3100.0,3103.2000045776367,0,3.2000045776367188,3.2000045776367188,3140.0,False,1,0,False,fast,0,1,True,False,89,False,True,,,,,,,,,,,
312,3120.0,3120.0,3124.7000007629395,0,4.700000762939453,4.700000762939453,3160.0,False,1,0,False,fast,0,0,False,False,87,False,True,,,,,,,,,,,
313,3130.0,3130.0,3133.0,0,3.0,3.0,3170.0,False,1,0,False,fast,0,0,False,False,86,False,True,,,,,,,,,,,
316,3160.0,3160.0,3165.7999992370605,0,5.799999237060547,5.799999237060547,3200.0,False,1,0,False,fast,0,0,False,False,83,False,True,,,,,,,,,,,
319,3190.0,3190.0,3193.0,0,3.0,3.0,3230.0,False,1,0,False,fast,0,0,False,False,80,False,True,,,,,,,,,,,
322,3220.0,3220.0,3224.7000007629395,0,4.700000762939453,4.700000762939453,3260.0,False,1,0,False,fast,0,0,False,False,77,False,True,,,,,,,,,,,
323,3230.0,3230.0,3235.1000022888184,0,5.100002288818359,5.100002288818359,3270.0,False,1,0,False,fast,0,0,False,False,76,False,True,,,,,,,,,,,
325,3250.0,3250.0,3253.7999992370605,0,3.799999237060547,3.799999237060547,3290.0,False,1,0,False,fast,0,0,False,False,74,False,True,,,,,,,,,,,
327,3270.0,3270.0,3272.900001525879,0,2.9000015258789062,2.9000015258789062,3310.0,False,1,0,False,fast,0,0,False,False,72,False,True,,,,,,,,,,,
328,3280.0,3280.0,3283.0,0,3.0,3.0,3320.0,False,1,0,False,fast,0,0,False,False,71,False,True,,,,,,,,,,,
329,3290.0,3290.0,3294.2999992370605,0,4.299999237060547,4.299999237060547,3330.0,False,1,0,False,fast,0,1,True,False,70,False,True,,,,,,,,,,,
330,3300.0,3300.0,3304.3999977111816,0,4.399997711181641,4.399997711181641,3340.0,False,1,0,False,fast,0,1,True,False,69,False,True,,,,,,,,,,,
331,3310.0,3310.0,3314.3999977111816,0,4.399997711181641,4.399997711181641,3350.0,False,1,0,False,fast,0,0,False,False,68,False,True,,,,,,,,,,,
333,3330.0,3330.0,3333.3999977111816,0,3.3999977111816406,3.3999977111816406,3370.0,False,1,0,False,fast,0,1,True,False,66,False,True,,,,,,,,,,,
337,3370.0,3370.0,3373.0000038146973,0,3.0000038146972656,3.0000038146972656,3410.0,False,1,0,False,fast,0,1,True,False,62,False,True,,,,,,,,,,,
339,3390.0,3390.0,3392.900001525879,0,2.9000015258789062,2.9000015258789062,3430.0,False,1,0,False,fast,0,0,False,False,60,False,True,,,,,,,,,,,
340,3400.0,3400.0,3402.900001525879,0,2.9000015258789062,2.9000015258789062,3440.0,False,1,0,False,fast,0,0,False,False,59,False,True,,,,,,,,,,,
342,3420.0,3420.0,3423.0000038146973,0,3.0000038146972656,3.0000038146972656,3460.0,False,1,0,False,fast,0,1,True,False,57,False,True,,,,,,,,,,,
343,3430.0,3430.0,3432.800003051758,0,2.8000030517578125,2.8000030517578125,3470.0,False,1,0,False,fast,0,0,False,False,56,False,True,,,,,,,,,,,
346,3460.0,3460.0,3462.9999961853027,0,2.9999961853027344,2.9999961853027344,3500.0,False,1,0,False,fast,0,1,True,False,53,False,True,,,,,,,,,,,
348,3480.0,3480.0,3482.900001525879,0,2.9000015258789062,2.9000015258789062,3520.0,False,1,0,False,fast,0,1,True,False,51,False,True,,,,,,,,,,,
350,3500.0,3500.0,3502.9999961853027,0,2.9999961853027344,2.9999961853027344,3540.0,False,1,0,False,fast,0,0,False,False,49,False,True,,,,,,,,,,,
351,3510.0,3510.0,3512.900001525879,0,2.9000015258789062,2.9000015258789062,3550.0,False,1,0,False,fast,0,1,True,False,48,False,True,,,,,,,,,,,
353,3530.0,3530.0,3533.300003051758,0,3.3000030517578125,3.3000030517578125,3570.0,False,1,0,False,fast,0,0,False,False,46,False,True,,,,,,,,,,,
354,3540.0,3540.0,3542.900001525879,0,2.9000015258789062,2.9000015258789062,3580.0,False,1,0,False,fast,0,1,True,False,45,False,True,,,,,,,,,,,
356,3560.0,3560.0,3562.900001525879,0,2.9000015258789062,2.9000015258789062,3600.0,False,1,0,False,fast,0,0,False,False,43,False,True,,,,,,,,,,,
357,3570.0,3570.0,3572.900001525879,0,2.9000015258789062,2.9000015258789062,3610.0,False,1,0,False,fast,0,0,False,False,42,False,True,,,,,,,,,,,
358,3580.0,3580.0,3582.900001525879,0,2.9000015258789062,2.9000015258789062,3620.0,False,1,0,False,fast,0,1,True,False,41,False,True,,,,,,,,,,,
362,3620.0,3620.0,3623.0,0,3.0,3.0,3660.0,False,1,0,False,fast,0,1,True,False,37,False,True,,,,,,,,,,,
368,3680.0,3680.0,3683.0,0,3.0,3.0,3720.0,False,1,0,False,fast,0,0,False,False,31,False,True,,,,,,,,,,,
370,3700.0,3700.0,3703.0000038146973,0,3.0000038146972656,3.0000038146972656,3740.0,False,1,0,False,fast,0,1,True,False,29,False,True,,,,,,,,,,,
371,3710.0,3710.0,3712.8999977111816,0,2.8999977111816406,2.8999977111816406,3750.0,False,1,0,False,fast,0,1,True,False,28,False,True,,,,,,,,,,,
372,3720.0,3720.0,3722.7999992370605,0,2.799999237060547,2.799999237060547,3760.0,False,1,0,False,fast,0,1,True,False,27,False,True,,,,,,,,,,,
373,3730.0,3730.0,3732.7999992370605,0,2.799999237060547,2.799999237060547,3770.0,False,1,0,False,fast,0,1,True,False,26,False,True,,,,,,,,,,,
375,3750.0,3750.0,3753.7999992370605,0,3.799999237060547,3.799999237060547,3790.0,False,1,0,False,fast,0,0,False,False,24,False,True,,,,,,,,,,,
379,3790.0,3790.0,3792.900001525879,0,2.9000015258789062,2.9000015258789062,3830.0,False,1,0,False,fast,0,0,False,False,20,False,True,,,,,,,,,,,
382,3820.0,3820.0,3823.1000022888184,0,3.1000022888183594,3.1000022888183594,3860.0,False,1,0,False,fast,0,0,False,False,17,False,True,,,,,,,,,,,
383,3830.0,3830.0,3832.900001525879,0,2.9000015258789062,2.9000015258789062,3870.0,False,1,0,False,fast,0,0,False,False,16,False,True,,,,,,,,,,,
384,3840.0,3840.0,3842.900001525879,0,2.9000015258789062,2.9000015258789062,3880.0,False,1,0,False,fast,0,0,False,False,15,False,True,,,,,,,,,,,
393,3930.0,3930.0,3933.2000045776367,0,3.2000045776367188,3.2000045776367188,3970.0,False,1,0,False,fast,0,0,False,False,6,False,True,,,,,,,,,,,
395,3950.0,3950.0,3953.0,0,3.0,3.0,3990.0,False,1,0,False,fast,0,0,False,False,4,False,True,,,,,,,,,,,
396,3960.0,3960.0,3962.900001525879,0,2.9000015258789062,2.9000015258789062,4000.0,False,1,0,False,fast,0,0,False,False,3,False,True,,,,,,,,,,,
397,3970.0,3970.0,3973.0,0,3.0,3.0,4010.0,False,1,0,False,fast,0,0,False,False,2,True,True,,,,,,,,,,,
400,4000.0,4000.0,4003.1000022888184,0,3.1000022888183594,3.1000022888183594,4040.0,False,1,0,False,fast,0,1,True,False,99,False,True,,,,,,,,,,,
404,4040.0,4040.0,4042.900001525879,0,2.9000015258789062,2.9000015258789062,4080.0,False,1,0,False,fast,0,0,False,False,95,False,True,,,,,,,,,,,
405,4050.0,4050.0,4053.5,0,3.5,3.5,4090.0,False,1,0,False,fast,0,0,False,False,94,False,True,,,,,,,,,,,
410,4100.0,4100.0,4102.900001525879,0,2.9000015258789062,2.9000015258789062,4140.0,False,1,0,False,fast,0,0,False,False,89,False,True,,,,,,,,,,,
411,4110.0,4110.0,4112.899997711182,0,2.8999977111816406,2.8999977111816406,4150.0,False,1,0,False,fast,0,1,True,False,88,False,True,,,,,,,,,,,
415,4150.0,4150.0,4153.200000762939,0,3.200000762939453,3.200000762939453,4190.0,False,1,0,False,fast,0,0,False,False,84,False,True,,,,,,,,,,,
418,4180.0,4180.0,4183.0,0,3.0,3.0,4220.0,False,1,0,False,fast,0,0,False,False,81,False,True,,,,,,,,,,,
421,4210.0,4210.0,4212.899997711182,0,2.8999977111816406,2.8999977111816406,4250.0,False,1,0,False,fast,0,1,True,False,78,False,True,,,,,,,,,,,
426,4260.0,4260.0,4262.900001525879,0,2.9000015258789062,2.9000015258789062,4300.0,False,1,0,False,fast,0,1,True,False,73,False,True,,,,,,,,,,,
428,4280.0,4280.0,4282.900001525879,0,2.9000015258789062,2.9000015258789062,4320.0,False,1,0,False,fast,0,0,False,False,71,False,True,,,,,,,,,,,
430,4300.0,4300.0,4302.800003051758,0,2.8000030517578125,2.8000030517578125,4340.0,False,1,0,False,fast,0,0,False,False,69,False,True,,,,,,,,,,,
432,4320.0,4320.0,4323.000003814697,0,3.0000038146972656,3.0000038146972656,4360.0,False,1,0,False,fast,0,1,True,False,67,False,True,,,,,,,,,,,
433,4330.0,4330.0,4332.900001525879,0,2.9000015258789062,2.9000015258789062,4370.0,False,1,0,False,fast,0,0,False,False,66,False,True,,,,,,,,,,,
434,4340.0,4340.0,4342.899997711182,0,2.8999977111816406,2.8999977111816406,4380.0,False,1,0,False,fast,0,0,False,False,65,False,True,,,,,,,,,,,
435,4350.0,4350.0,4352.900001525879,0,2.9000015258789062,2.9000015258789062,4390.0,False,1,0,False,fast,0,1,True,False,64,False,True,,,,,,,,,,,
436,4360.0,4360.0,4362.799999237061,0,2.799999237060547,2.799999237060547,4400.0,False,1,0,False,fast,0,0,False,False,63,False,True,,,,,,,,,,,
439,4390.0,4390.0,4392.899997711182,0,2.8999977111816406,2.8999977111816406,4430.0,False,1,0,False,fast,0,0,False,False,60,False,True,,,,,,,,,,,
441,4410.0,4410.0,4412.900001525879,0,2.9000015258789062,2.9000015258789062,4450.0,False,1,0,False,fast,0,0,False,False,58,False,True,,,,,,,,,,,
444,4440.0,4440.0,4442.900001525879,0,2.9000015258789062,2.9000015258789062,4480.0,False,1,0,False,fast,0,1,True,False,55,False,True,,,,,,,,,,,
445,4450.0,4450.0,4452.900001525879,0,2.9000015258789062,2.9000015258789062,4490.0,False,1,0,False,fast,0,0,False,False,54,False,True,,,,,,,,,,,
446,4460.0,4460.0,4462.799999237061,0,2.799999237060547,2.799999237060547,4500.0,False,1,0,False,fast,0,1,True,False,53,False,True,,,,,,,,,,,
447,4470.0,4470.0,4472.900001525879,0,2.9000015258789062,2.9000015258789062,4510.0,False,1,0,False,fast,0,0,False,False,52,False,True,,,,,,,,,,,
450,4500.0,4500.0,4503.0,0,3.0,3.0,4540.0,False,1,0,False,fast,0,0,False,False,49,False,True,,,,,,,,,,,
453,4530.0,4530.0,4532.799999237061,0,2.799999237060547,2.799999237060547,4570.0,False,1,0,False,fast,0,0,False,False,46,False,True,,,,,,,,,,,
456,4560.0,4560.0,4563.0,0,3.0,3.0,4600.0,False,1,0,False,fast,0,0,False,False,43,False,True,,,,,,,,,,,
457,4570.0,4570.0,4572.999996185303,0,2.9999961853027344,2.9999961853027344,4610.0,False,1,0,False,fast,0,1,True,False,42,False,True,,,,,,,,,,,
459,4590.0,4590.0,4592.900001525879,0,2.9000015258789062,2.9000015258789062,4630.0,False,1,0,False,fast,0,0,False,False,40,False,True,,,,,,,,,,,
461,4610.0,4610.0,4612.799999237061,0,2.799999237060547,2.799999237060547,4650.0,False,1,0,False,fast,0,1,True,False,38,False,True,,,,,,,,,,,
464,4640.0,4640.0,4642.900001525879,0,2.9000015258789062,2.9000015258789062,4680.0,False,1,0,False,fast,0,1,True,False,35,False,True,,,,,,,,,,,
465,4650.0,4650.0,4652.900001525879,0,2.9000015258789062,2.9000015258789062,4690.0,False,1,0,False,fast,0,0,False,False,34,False,True,,,,,,,,,,,
468,4680.0,4680.0,4683.499996185303,0,3.4999961853027344,3.4999961853027344,4720.0,False,1,0,False,fast,0,1,True,False,31,False,True,,,,,,,,,,,
471,4710.0,4710.0,4712.899997711182,0,2.8999977111816406,2.8999977111816406,4750.0,False,1,0,False,fast,0,0,False,False,28,False,True,,,,,,,,,,,
473,4730.0,4730.0,4732.799999237061,0,2.799999237060547,2.799999237060547,4770.0,False,1,0,False,fast,0,1,True,False,26,False,True,,,,,,,,,,,
475,4750.0,4750.0,4752.899997711182,0,2.8999977111816406,2.8999977111816406,4790.0,False,1,0,False,fast,0,0,False,False,24,False,True,,,,,,,,,,,
477,4770.0,4770.0,4772.999996185303,0,2.9999961853027344,2.9999961853027344,4810.0,False,1,0,False,fast,0,1,True,False,22,False,True,,,,,,,,,,,
478,4780.0,4780.0,4782.900001525879,0,2.9000015258789062,2.9000015258789062,4820.0,False,1,0,False,fast,0,0,False,False,21,False,True,,,,,,,,,,,
480,4800.0,4800.0,4802.899997711182,0,2.8999977111816406,2.8999977111816406,4840.0,False,1,0,False,fast,0,0,False,False,19,False,True,,,,,,,,,,,
482,4820.0,4820.0,4822.900001525879,0,2.9000015258789062,2.9000015258789062,4860.0,False,1,0,False,fast,0,0,False,False,17,False,True,,,,,,,,,,,
485,4850.0,4850.0,4852.899997711182,0,2.8999977111816406,2.8999977111816406,4890.0,False,1,0,False,fast,0,0,False,False,14,False,True,,,,,,,,,,,
487,4870.0,4870.0,4872.900001525879,0,2.9000015258789062,2.9000015258789062,4910.0,False,1,0,False,fast,0,0,False,False,12,False,True,,,,,,,,,,,
488,4880.0,4880.0,4882.900001525879,0,2.9000015258789062,2.9000015258789062,4920.0,False,1,0,False,fast,0,1,True,False,11,False,True,,,,,,,,,,,
489,4890.0,4890.0,4892.799999237061,0,2.799999237060547,2.799999237060547,4930.0,False,1,0,False,fast,0,1,True,False,10,False,True,,,,,,,,,,,
491,4910.0,4910.0,4912.799999237061,0,2.799999237060547,2.799999237060547,4950.0,False,1,0,False,fast,0,1,True,False,8,False,True,,,,,,,,,,,
494,4940.0,4940.0,4943.0,0,3.0,3.0,4980.0,False,1,0,False,fast,0,0,False,False,5,False,True,,,,,,,,,,,
498,4980.0,4980.0,4983.000003814697,0,3.0000038146972656,3.0000038146972656,5020.0,False,1,0,False,fast,0,1,True,False,1,True,True,,,,,,,,,,,
506,5060.0,5060.0,5062.900001525879,0,2.9000015258789062,2.9000015258789062,5100.0,False,1,0,False,fast,0,0,False,False,93,False,True,,,,,,,,,,,
508,5080.0,5080.0,5083.0,0,3.0,3.0,5120.0,False,1,0,False,fast,0,1,True,False,91,False,True,,,,,,,,,,,
509,5090.0,5090.0,5093.000003814697,0,3.0000038146972656,3.0000038146972656,5130.0,False,1,0,False,fast,0,1,True,False,90,False,True,,,,,,,,,,,
511,5110.0,5110.0,5112.900001525879,0,2.9000015258789062,2.9000015258789062,5150.0,False,1,0,False,fast,0,0,False,False,88,False,True,,,,,,,,,,,
512,5120.0,5120.0,5122.900001525879,0,2.9000015258789062,2.9000015258789062,5160.0,False,1,0,False,fast,0,1,True,False,87,False,True,,,,,,,,,,,
516,5160.0,5160.0,5162.899997711182,0,2.8999977111816406,2.8999977111816406,5200.0,False,1,0,False,fast,0,0,False,False,83,False,True,,,,,,,,,,,
518,5180.0,5180.0,5182.900001525879,0,2.9000015258789062,2.9000015258789062,5220.0,False,1,0,False,fast,0,1,True,False,81,False,True,,,,,,,,,,,
523,5230.0,5230.0,5232.899997711182,0,2.8999977111816406,2.8999977111816406,5270.0,False,1,0,False,fast,0,0,False,False,76,False,True,,,,,,,,,,,
525,5250.0,5250.0,5252.900001525879,0,2.9000015258789062,2.9000015258789062,5290.0,False,1,0,False,fast,0,0,False,False,74,False,True,,,,,,,,,,,
526,5260.0,5260.0,5262.900001525879,0,2.9000015258789062,2.9000015258789062,5300.0,False,1,0,False,fast,0,1,True,False,73,False,True,,,,,,,,,,,
530,5300.0,5300.0,5302.899997711182,0,2.8999977111816406,2.8999977111816406,5340.0,False,1,0,False,fast,0,0,False,False,69,False,True,,,,,,,,,,,
531,5310.0,5310.0,5312.900001525879,0,2.9000015258789062,2.9000015258789062,5350.0,False,1,0,False,fast,0,0,False,False,68,False,True,,,,,,,,,,,
532,5320.0,5320.0,5322.899997711182,0,2.8999977111816406,2.8999977111816406,5360.0,False,1,0,False,fast,0,0,False,False,67,False,True,,,,,,,,,,,
536,5360.0,5360.0,5363.000003814697,0,3.0000038146972656,3.0000038146972656,5400.0,False,1,0,False,fast,0,0,False,False,63,False,True,,,,,,,,,,,
542,5420.0,5420.0,5422.900001525879,0,2.9000015258789062,2.9000015258789062,5460.0,False,1,0,False,fast,0,1,True,False,57,False,True,,,,,,,,,,,
543,5430.0,5430.0,5432.900001525879,0,2.9000015258789062,2.9000015258789062,5470.0,False,1,0,False,fast,0,0,False,False,56,False,True,,,,,,,,,,,
544,5440.0,5440.0,5442.900001525879,0,2.9000015258789062,2.9000015258789062,5480.0,False,1,0,False,fast,0,0,False,False,55,False,True,,,,,,,,,,,
546,5460.0,5460.0,5462.900001525879,0,2.9000015258789062,2.9000015258789062,5500.0,False,1,0,False,fast,0,0,False,False,53,False,True,,,,,,,,,,,
550,5500.0,5500.0,5502.899997711182,0,2.8999977111816406,2.8999977111816406,5540.0,False,1,0,False,fast,0,0,False,False,49,False,True,,,,,,,,,,,
551,5510.0,5510.0,5512.900001525879,0,2.9000015258789062,2.9000015258789062,5550.0,False,1,0,False,fast,0,1,True,False,48,False,True,,,,,,,,,,,
552,5520.0,5520.0,5522.900001525879,0,2.9000015258789062,2.9000015258789062,5560.0,False,1,0,False,fast,0,1,True,False,47,False,True,,,,,,,,,,,
553,5530.0,5530.0,5533.0,0,3.0,3.0,5570.0,False,1,0,False,fast,0,0,False,False,46,False,True,,,,,,,,,,,
554,5540.0,5540.0,5542.899997711182,0,2.8999977111816406,2.8999977111816406,5580.0,False,1,0,False,fast,0,0,False,False,45,False,True,,,,,,,,,,,
556,5560.0,5560.0,5563.0,0,3.0,3.0,5600.0,False,1,0,False,fast,0,1,True,False,43,False,True,,,,,,,,,,,
563,5630.0,5630.0,5633.100002288818,0,3.1000022888183594,3.1000022888183594,5670.0,False,1,0,False,fast,0,0,False,False,36,False,True,,,,,,,,,,,
569,5690.0,5690.0,5692.799999237061,0,2.799999237060547,2.799999237060547,5730.0,False,1,0,False,fast,0,1,True,False,30,False,True,,,,,,,,,,,
571,5710.0,5710.0,5713.0,0,3.0,3.0,5750.0,False,1,0,False,fast,0,0,False,False,28,False,True,,,,,,,,,,,
572,5720.0,5720.0,5722.799999237061,0,2.799999237060547,2.799999237060547,5760.0,False,1,0,False,fast,0,0,False,False,27,False,True,,,,,,,,,,,
573,5730.0,5730.0,5732.799999237061,0,2.799999237060547,2.799999237060547,5770.0,False,1,0,False,fast,0,0,False,False,26,False,True,,,,,,,,,,,
575,5750.0,5750.0,5754.400001525879,0,4.400001525878906,4.400001525878906,5790.0,False,1,0,False,fast,0,0,False,False,24,False,True,,,,,,,,,,,
578,5780.0,5780.0,5784.599998474121,0,4.599998474121094,4.599998474121094,5820.0,False,1,0,False,fast,0,0,False,False,21,False,True,,,,,,,,,,,
579,5790.0,5790.0,5794.500003814697,0,4.500003814697266,4.500003814697266,5830.0,False,1,0,False,fast,0,0,False,False,20,False,True,,,,,,,,,,,
581,5810.0,5810.0,5815.200000762939,0,5.200000762939453,5.200000762939453,5850.0,False,1,0,False,fast,0,0,False,False,18,False,True,,,,,,,,,,,
582,5820.0,5820.0,5825.099998474121,0,5.099998474121094,5.099998474121094,5860.0,False,1,0,False,fast,0,0,False,False,17,False,True,,,,,,,,,,,
587,5870.0,5870.0,5875.000003814697,0,5.000003814697266,5.000003814697266,5910.0,False,1,0,False,fast,0,0,False,False,12,False,True,,,,,,,,,,,
591,5910.0,5910.0,5913.099998474121,0,3.0999984741210938,3.0999984741210938,5950.0,False,1,0,False,fast,0,0,False,False,8,False,True,,,,,,,,,,,
594,5940.0,5940.0,5942.899997711182,0,2.8999977111816406,2.8999977111816406,5980.0,False,1,0,False,fast,0,1,True,False,5,False,True,,,,,,,,,,,
598,5980.0,5980.0,5983.0,0,3.0,3.0,6020.0,False,1,0,False,fast,0,0,False,False,1,True,True,,,,,,,,,,,
599,5990.0,5990.0,5992.900001525879,0,2.9000015258789062,2.9000015258789062,6030.0,False,1,0,False,fast,0,0,False,True,0,True,True,,,,,,,,,,,
601,6010.0,6010.0,6013.0,0,3.0,3.0,6050.0,False,1,0,False,fast,0,0,False,False,98,False,True,,,,,,,,,,,
603,6030.0,6030.0,6033.0,0,3.0,3.0,6070.0,False,1,0,False,fast,0,0,False,False,96,False,True,,,,,,,,,,,
604,6040.0,6040.0,6043.000003814697,0,3.0000038146972656,3.0000038146972656,6080.0,False,1,0,False,fast,0,0,False,False,95,False,True,,,,,,,,,,,
606,6060.0,6060.0,6063.200004577637,0,3.2000045776367188,3.2000045776367188,6100.0,False,1,0,False,fast,0,1,True,False,93,False,True,,,,,,,,,,,
614,6140.0,6140.0,6142.999996185303,0,2.9999961853027344,2.9999961853027344,6180.0,False,1,0,False,fast,0,0,False,False,85,False,True,,,,,,,,,,,
621,6210.0,6210.0,6213.100002288818,0,3.1000022888183594,3.1000022888183594,6250.0,False,1,0,False,fast,0,0,False,False,78,False,True,,,,,,,,,,,
625,6250.0,6250.0,6252.900001525879,0,2.9000015258789062,2.9000015258789062,6290.0,False,1,0,False,fast,0,0,False,False,74,False,True,,,,,,,,,,,
628,6280.0,6280.0,6282.899993896484,0,2.899993896484375,2.899993896484375,6320.0,False,1,0,False,fast,0,1,True,False,71,False,True,,,,,,,,,,,
633,6330.0,6330.0,6332.900001525879,0,2.9000015258789062,2.9000015258789062,6370.0,False,1,0,False,fast,0,0,False,False,66,False,True,,,,,,,,,,,
635,6350.0,6350.0,6353.0,0,3.0,3.0,6390.0,False,1,0,False,fast,0,1,True,False,64,False,True,,,,,,,,,,,
637,6370.0,6370.0,6373.000003814697,0,3.0000038146972656,3.0000038146972656,6410.0,False,1,0,False,fast,0,1,True,False,62,False,True,,,,,,,,,,,
640,6400.0,6400.0,6403.100002288818,0,3.1000022888183594,3.1000022888183594,6440.0,False,1,0,False,fast,0,0,False,False,59,False,True,,,,,,,,,,,
641,6410.0,6410.0,6413.100002288818,0,3.1000022888183594,3.1000022888183594,6450.0,False,1,0,False,fast,0,0,False,False,58,False,True,,,,,,,,,,,
645,6450.0,6450.0,6453.0,0,3.0,3.0,6490.0,False,1,0,False,fast,0,0,False,False,54,False,True,,,,,,,,,,,
649,6490.0,6490.0,6493.0,0,3.0,3.0,6530.0,False,1,0,False,fast,0,0,False,False,50,False,True,,,,,,,,,,,
652,6520.0,6520.0,6522.900001525879,0,2.9000015258789062,2.9000015258789062,6560.0,False,1,0,False,fast,0,0,False,False,47,False,True,,,,,,,,,,,
654,6540.0,6540.0,6542.899997711182,0,2.8999977111816406,2.8999977111816406,6580.0,False,1,0,False,fast,0,0,False,False,45,False,True,,,,,,,,,,,
658,6580.0,6580.0,6583.0,0,3.0,3.0,6620.0,False,1,0,False,fast,0,1,True,False,41,False,True,,,,,,,,,,,
659,6590.0,6590.0,6593.599998474121,0,3.5999984741210938,3.5999984741210938,6630.0,False,1,0,False,fast,0,0,False,False,40,False,True,,,,,,,,,,,
660,6600.0,6600.0,6603.099998474121,0,3.0999984741210938,3.0999984741210938,6640.0,False,1,0,False,fast,0,0,False,False,39,False,True,,,,,,,,,,,
686,6860.0,6860.0,6863.0,0,3.0,3.0,6900.0,False,1,0,False,fast,0,1,True,False,13,False,True,,,,,,,,,,,
687,6870.0,6870.0,6873.0,0,3.0,3.0,6910.0,False,1,0,False,fast,0,0,False,False,12,False,True,,,,,,,,,,,
691,6910.0,6910.0,6913.0,0,3.0,3.0,6950.0,False,1,0,False,fast,0,0,False,False,8,False,True,,,,,,,,,,,
693,6930.0,6930.0,6932.899997711182,0,2.8999977111816406,2.8999977111816406,6970.0,False,1,0,False,fast,0,0,False,False,6,False,True,,,,,,,,,,,
695,6950.0,6950.0,6953.000003814697,0,3.0000038146972656,3.0000038146972656,6990.0,False,1,0,False,fast,0,0,False,False,4,False,True,,,,,,,,,,,
700,7000.0,7000.0,7002.900001525879,0,2.9000015258789062,2.9000015258789062,7040.0,False,1,0,False,fast,0,0,False,False,99,False,True,,,,,,,,,,,
704,7040.0,7040.0,7042.900001525879,0,2.9000015258789062,2.9000015258789062,7080.0,False,1,0,False,fast,0,0,False,False,95,False,True,,,,,,,,,,,
705,7050.0,7050.0,7052.999996185303,0,2.9999961853027344,2.9999961853027344,7090.0,False,1,0,False,fast,0,0,False,False,94,False,True,,,,,,,,,,,
708,7080.0,7080.0,7082.799999237061,0,2.799999237060547,2.799999237060547,7120.0,False,1,0,False,fast,0,1,True,False,91,False,True,,,,,,,,,,,
715,7150.0,7150.0,7154.799999237061,0,4.799999237060547,4.799999237060547,7190.0,False,1,0,False,fast,0,1,True,False,84,False,True,,,,,,,,,,,
718,7180.0,7180.0,7183.200000762939,0,3.200000762939453,3.200000762939453,7220.0,False,1,0,False,fast,0,1,True,False,81,False,True,,,,,,,,,,,
720,7200.0,7200.0,7202.900001525879,0,2.9000015258789062,2.9000015258789062,7240.0,False,1,0,False,fast,0,0,False,False,79,False,True,,,,,,,,,,,
724,7240.0,7240.0,7244.400001525879,0,4.400001525878906,4.400001525878906,7280.0,False,1,0,False,fast,0,1,True,False,75,False,True,,,,,,,,,,,
725,7250.0,7250.0,7252.900001525879,0,2.9000015258789062,2.9000015258789062,7290.0,False,1,0,False,fast,0,1,True,False,74,False,True,,,,,,,,,,,
727,7270.0,7270.0,7273.000003814697,0,3.0000038146972656,3.0000038146972656,7310.0,False,1,0,False,fast,0,0,False,False,72,False,True,,,,,,,,,,,
738,7380.0,7380.0,7382.900001525879,0,2.9000015258789062,2.9000015258789062,7420.0,False,1,0,False,fast,0,0,False,False,61,False,True,,,,,,,,,,,
739,7390.0,7390.0,7392.799999237061,0,2.799999237060547,2.799999237060547,7430.0,False,1,0,False,fast,0,0,False,False,60,False,True,,,,,,,,,,,
741,7410.0,7410.0,7412.799999237061,0,2.799999237060547,2.799999237060547,7450.0,False,1,0,False,fast,0,0,False,False,58,False,True,,,,,,,,,,,
747,7470.0,7470.0,7472.899997711182,0,2.8999977111816406,2.8999977111816406,7510.0,False,1,0,False,fast,0,0,False,False,52,False,True,,,,,,,,,,,
752,7520.0,7520.0,7522.900001525879,0,2.9000015258789062,2.9000015258789062,7560.0,False,1,0,False,fast,0,1,True,False,47,False,True,,,,,,,,,,,
753,7530.0,7530.0,7533.0,0,3.0,3.0,7570.0,False,1,0,False,fast,0,0,False,False,46,False,True,,,,,,,,,,,
755,7550.0,7550.0,7552.900001525879,0,2.9000015258789062,2.9000015258789062,7590.0,False,1,0,False,fast,0,1,True,False,44,False,True,,,,,,,,,,,
756,7560.0,7560.0,7562.899997711182,0,2.8999977111816406,2.8999977111816406,7600.0,False,1,0,False,fast,0,0,False,False,43,False,True,,,,,,,,,,,
760,7600.0,7600.0,7602.900001525879,0,2.9000015258789062,2.9000015258789062,7640.0,False,1,0,False,fast,0,1,True,False,39,False,True,,,,,,,,,,,
763,7630.0,7630.0,7633.100002288818,0,3.1000022888183594,3.1000022888183594,7670.0,False,1,0,False,fast,0,1,True,False,36,False,True,,,,,,,,,,,
764,7640.0,7640.0,7642.899997711182,0,2.8999977111816406,2.8999977111816406,7680.0,False,1,0,False,fast,0,0,False,False,35,False,True,,,,,,,,,,,
769,7690.0,7690.0,7693.0,0,3.0,3.0,7730.0,False,1,0,False,fast,0,0,False,False,30,False,True,,,,,,,,,,,
770,7700.0,7700.0,7702.900001525879,0,2.9000015258789062,2.9000015258789062,7740.0,False,1,0,False,fast,0,0,False,False,29,False,True,,,,,,,,,,,
774,7740.0,7740.0,7743.0,0,3.0,3.0,7780.0,False,1,0,False,fast,0,0,False,False,25,False,True,,,,,,,,,,,
776,7760.0,7760.0,7762.999996185303,0,2.9999961853027344,2.9999961853027344,7800.0,False,1,0,False,fast,0,0,False,False,23,False,True,,,,,,,,,,,
778,7780.0,7780.0,7783.0,0,3.0,3.0,7820.0,False,1,0,False,fast,0,1,True,False,21,False,True,,,,,,,,,,,
779,7790.0,7790.0,7793.0,0,3.0,3.0,7830.0,False,1,0,False,fast,0,1,True,False,20,False,True,,,,,,,,,,,
780,7800.0,7800.0,7802.900001525879,0,2.9000015258789062,2.9000015258789062,7840.0,False,1,0,False,fast,0,1,True,False,19,False,True,,,,,,,,,,,
784,7840.0,7840.0,7842.899997711182,0,2.8999977111816406,2.8999977111816406,7880.0,False,1,0,False,fast,0,1,True,False,15,False,True,,,,,,,,,,,
791,7910.0,7910.0,7913.0,0,3.0,3.0,7950.0,False,1,0,False,fast,0,0,False,False,8,False,True,,,,,,,,,,,
793,7930.0,7930.0,7933.0,0,3.0,3.0,7970.0,False,1,0,False,fast,0,0,False,False,6,False,True,,,,,,,,,,,
794,7940.0,7940.0,7943.0,0,3.0,3.0,7980.0,False,1,0,False,fast,0,0,False,False,5,False,True,,,,,,,,,,,
796,7960.0,7960.0,7962.799999237061,0,2.799999237060547,2.799999237060547,8000.0,False,1,0,False,fast,0,0,False,False,3,False,True,,,,,,,,,,,
797,7970.0,7970.0,7973.0,0,3.0,3.0,8010.0,False,1,0,False,fast,0,0,False,False,2,True,True,,,,,,,,,,,
798,7980.0,7980.0,7982.900001525879,0,2.9000015258789062,2.9000015258789062,8020.0,False,1,0,False,fast,0,1,True,False,1,True,True,,,,,,,,,,,
801,8010.0,8010.0,8013.0,0,3.0,3.0,8050.0,False,1,0,False,fast,0,1,True,False,98,False,True,,,,,,,,,,,
805,8050.0,8050.0,8052.899997711182,0,2.8999977111816406,2.8999977111816406,8090.0,False,1,0,False,fast,0,0,False,False,94,False,True,,,,,,,,,,,
808,8080.0,8080.0,8082.899997711182,0,2.8999977111816406,2.8999977111816406,8120.0,False,1,0,False,fast,0,1,True,False,91,False,True,,,,,,,,,,,
810,8100.0,8100.0,8103.0,0,3.0,3.0,8140.0,False,1,0,False,fast,0,1,True,False,89,False,True,,,,,,,,,,,
811,8110.0,8110.0,8112.900001525879,0,2.9000015258789062,2.9000015258789062,8150.0,False,1,0,False,fast,0,0,False,False,88,False,True,,,,,,,,,,,
812,8120.0,8120.0,8123.0,0,3.0,3.0,8160.0,False,1,0,False,fast,0,0,False,False,87,False,True,,,,,,,,,,,
814,8140.0,8140.0,8142.899997711182,0,2.8999977111816406,2.8999977111816406,8180.0,False,1,0,False,fast,0,0,False,False,85,False,True,,,,,,,,,,,
815,8150.0,8150.0,8152.900001525879,0,2.9000015258789062,2.9000015258789062,8190.0,False,1,0,False,fast,0,0,False,False,84,False,True,,,,,,,,,,,
818,8180.0,8180.0,8182.899997711182,0,2.8999977111816406,2.8999977111816406,8220.0,False,1,0,False,fast,0,0,False,False,81,False,True,,,,,,,,,,,
819,8190.0,8190.0,8193.0,0,3.0,3.0,8230.0,False,1,0,False,fast,0,1,True,False,80,False,True,,,,,,,,,,,
820,8200.0,8200.0,8202.899997711182,0,2.8999977111816406,2.8999977111816406,8240.0,False,1,0,False,fast,0,0,False,False,79,False,True,,,,,,,,,,,
827,8270.0,8270.0,8272.900001525879,0,2.9000015258789062,2.9000015258789062,8310.0,False,1,0,False,fast,0,1,True,False,72,False,True,,,,,,,,,,,
828,8280.0,8280.0,8282.999996185303,0,2.9999961853027344,2.9999961853027344,8320.0,False,1,0,False,fast,0,0,False,False,71,False,True,,,,,,,,,,,
829,8290.0,8290.0,8292.899997711182,0,2.8999977111816406,2.8999977111816406,8330.0,False,1,0,False,fast,0,0,False,False,70,False,True,,,,,,,,,,,
830,8300.0,8300.0,8302.900001525879,0,2.9000015258789062,2.9000015258789062,8340.0,False,1,0,False,fast,0,1,True,False,69,False,True,,,,,,,,,,,
833,8330.0,8330.0,8333.199996948242,0,3.1999969482421875,3.1999969482421875,8370.0,False,1,0,False,fast,0,0,False,False,66,False,True,,,,,,,,,,,
834,8340.0,8340.0,8342.999996185303,0,2.9999961853027344,2.9999961853027344,8380.0,False,1,0,False,fast,0,1,True,False,65,False,True,,,,,,,,,,,
836,8360.0,8360.0,8362.900001525879,0,2.9000015258789062,2.9000015258789062,8400.0,False,1,0,False,fast,0,0,False,False,63,False,True,,,,,,,,,,,
837,8370.0,8370.0,8372.999996185303,0,2.9999961853027344,2.9999961853027344,8410.0,False,1,0,False,fast,0,1,True,False,62,False,True,,,,,,,,,,,
839,8390.0,8390.0,8393.000003814697,0,3.0000038146972656,3.0000038146972656,8430.0,False,1,0,False,fast,0,0,False,False,60,False,True,,,,,,,,,,,
842,8420.0,8420.0,8423.100002288818,0,3.1000022888183594,3.1000022888183594,8460.0,False,1,0,False,fast,0,1,True,False,57,False,True,,,,,,,,,,,
843,8430.0,8430.0,8432.999996185303,0,2.9999961853027344,2.9999961853027344,8470.0,False,1,0,False,fast,0,0,False,False,56,False,True,,,,,,,,,,,
845,8450.0,8450.0,8452.899997711182,0,2.8999977111816406,2.8999977111816406,8490.0,False,1,0,False,fast,0,0,False,False,54,False,True,,,,,,,,,,,
846,8460.0,8460.0,8463.000003814697,0,3.0000038146972656,3.0000038146972656,8500.0,False,1,0,False,fast,0,1,True,False,53,False,True,,,,,,,,,,,
849,8490.0,8490.0,8493.599998474121,0,3.5999984741210938,3.5999984741210938,8530.0,False,1,0,False,fast,0,0,False,False,50,False,True,,,,,,,,,,,
850,8500.0,8500.0,8502.899997711182,0,2.8999977111816406,2.8999977111816406,8540.0,False,1,0,False,fast,0,1,True,False,49,False,True,,,,,,,,,,,
854,8540.0,8540.0,8542.999996185303,0,2.9999961853027344,2.9999961853027344,8580.0,False,1,0,False,fast,0,1,True,False,45,False,True,,,,,,,,,,,
857,8570.0,8570.0,8573.0,0,3.0,3.0,8610.0,False,1,0,False,fast,0,0,False,False,42,False,True,,,,,,,,,,,
864,8640.0,8640.0,8644.70000076294,0,4.700000762939453,4.700000762939453,8680.0,False,1,0,False,fast,0,0,False,False,35,False,True,,,,,,,,,,,
867,8670.0,8670.0,8673.400001525879,0,3.4000015258789062,3.4000015258789062,8710.0,False,1,0,False,fast,0,0,False,False,32,False,True,,,,,,,,,,,
868,8680.0,8680.0,8683.0,0,3.0,3.0,8720.0,False,1,0,False,fast,0,0,False,False,31,False,True,,,,,,,,,,,
870,8700.0,8700.0,8703.000003814697,0,3.0000038146972656,3.0000038146972656,8740.0,False,1,0,False,fast,0,0,False,False,29,False,True,,,,,,,,,,,
872,8720.0,8720.0,8722.900001525879,0,2.9000015258789062,2.9000015258789062,8760.0,False,1,0,False,fast,0,1,True,False,27,False,True,,,,,,,,,,,
874,8740.0,8740.0,8743.100002288818,0,3.1000022888183594,3.1000022888183594,8780.0,False,1,0,False,fast,0,1,True,False,25,False,True,,,,,,,,,,,
878,8780.0,8780.0,8782.900001525879,0,2.9000015258789062,2.9000015258789062,8820.0,False,1,0,False,fast,0,0,False,False,21,False,True,,,,,,,,,,,
880,8800.0,8800.0,8802.900001525879,0,2.9000015258789062,2.9000015258789062,8840.0,False,1,0,False,fast,0,1,True,False,19,False,True,,,,,,,,,,,
881,8810.0,8810.0,8813.0,0,3.0,3.0,8850.0,False,1,0,False,fast,0,0,False,False,18,False,True,,,,,,,,,,,
884,8840.0,8840.0,8845.29999923706,0,5.299999237060547,5.299999237060547,8880.0,False,1,0,False,fast,0,1,True,False,15,False,True,,,,,,,,,,,
887,8870.0,8870.0,8873.0,0,3.0,3.0,8910.0,False,1,0,False,fast,0,0,False,False,12,False,True,,,,,,,,,,,
890,8900.0,8900.0,8903.099998474121,0,3.0999984741210938,3.0999984741210938,8940.0,False,1,0,False,fast,0,0,False,False,9,False,True,,,,,,,,,,,
891,8910.0,8910.0,8912.899997711182,0,2.8999977111816406,2.8999977111816406,8950.0,False,1,0,False,fast,0,1,True,False,8,False,True,,,,,,,,,,,
893,8930.0,8930.0,8933.0,0,3.0,3.0,8970.0,False,1,0,False,fast,0,1,True,False,6,False,True,,,,,,,,,,,
895,8950.0,8950.0,8953.0,0,3.0,3.0,8990.0,False,1,0,False,fast,0,1,True,False,4,False,True,,,,,,,,,,,
896,8960.0,8960.0,8962.900001525879,0,2.9000015258789062,2.9000015258789062,9000.0,False,1,0,False,fast,0,0,False,False,3,False,True,,,,,,,,,,,
899,8990.0,8990.0,8992.899997711182,0,2.8999977111816406,2.8999977111816406,9030.0,False,1,0,False,fast,0,0,False,True,0,True,True,,,,,,,,,,,
903,9030.0,9030.0,9036.5,0,6.5,6.5,9070.0,False,1,0,False,fast,0,1,True,False,96,False,True,,,,,,,,,,,
906,9060.0,9060.0,9065.20000076294,0,5.200000762939453,5.200000762939453,9100.0,False,1,0,False,fast,0,1,True,False,93,False,True,,,,,,,,,,,
909,9090.0,9090.0,9093.29999923706,0,3.299999237060547,3.299999237060547,9130.0,False,1,0,False,fast,0,0,False,False,90,False,True,,,,,,,,,,,
911,9110.0,9110.0,9113.0,0,3.0,3.0,9150.0,False,1,0,False,fast,0,0,False,False,88,False,True,,,,,,,,,,,
912,9120.0,9120.0,9123.000003814697,0,3.0000038146972656,3.0000038146972656,9160.0,False,1,0,False,fast,0,0,False,False,87,False,True,,,,,,,,,,,
914,9140.0,9140.0,9142.900001525879,0,2.9000015258789062,2.9000015258789062,9180.0,False,1,0,False,fast,0,1,True,False,85,False,True,,,,,,,,,,,
925,9250.0,9250.0,9252.900001525879,0,2.9000015258789062,2.9000015258789062,9290.0,False,1,0,False,fast,0,0,False,False,74,False,True,,,,,,,,,,,
929,9290.0,9290.0,9292.999996185303,0,2.9999961853027344,2.9999961853027344,9330.0,False,1,0,False,fast,0,0,False,False,70,False,True,,,,,,,,,,,
930,9300.0,9300.0,9303.000003814697,0,3.0000038146972656,3.0000038146972656,9340.0,False,1,0,False,fast,0,0,False,False,69,False,True,,,,,,,,,,,
932,9320.0,9320.0,9322.900001525879,0,2.9000015258789062,2.9000015258789062,9360.0,False,1,0,False,fast,0,0,False,False,67,False,True,,,,,,,,,,,
936,9360.0,9360.0,9363.099998474121,0,3.0999984741210938,3.0999984741210938,9400.0,False,1,0,False,fast,0,1,True,False,63,False,True,,,,,,,,,,,
937,9370.0,9370.0,9373.099998474121,0,3.0999984741210938,3.0999984741210938,9410.0,False,1,0,False,fast,0,0,False,False,62,False,True,,,,,,,,,,,
938,9380.0,9380.0,9383.0,0,3.0,3.0,9420.0,False,1,0,False,fast,0,1,True,False,61,False,True,,,,,,,,,,,
942,9420.0,9420.0,9422.900001525879,0,2.9000015258789062,2.9000015258789062,9460.0,False,1,0,False,fast,0,0,False,False,57,False,True,,,,,,,,,,,
943,9430.0,9430.0,9433.100002288818,0,3.1000022888183594,3.1000022888183594,9470.0,False,1,0,False,fast,0,0,False,False,56,False,True,,,,,,,,,,,
949,9490.0,9490.0,9493.0,0,3.0,3.0,9530.0,False,1,0,False,fast,0,1,True,False,50,False,True,,,,,,,,,,,
950,9500.0,9500.0,9503.0,0,3.0,3.0,9540.0,False,1,0,False,fast,0,0,False,False,49,False,True,,,,,,,,,,,
951,9510.0,9510.0,9512.79999923706,0,2.799999237060547,2.799999237060547,9550.0,False,1,0,False,fast,0,0,False,False,48,False,True,,,,,,,,,,,
955,9550.0,9550.0,9552.79999923706,0,2.799999237060547,2.799999237060547,9590.0,False,1,0,False,fast,0,0,False,False,44,False,True,,,,,,,,,,,
956,9560.0,9560.0,9562.999996185303,0,2.9999961853027344,2.9999961853027344,9600.0,False,1,0,False,fast,0,0,False,False,43,False,True,,,,,,,,,,,
957,9570.0,9570.0,9572.899997711182,0,2.8999977111816406,2.8999977111816406,9610.0,False,1,0,False,fast,0,0,False,False,42,False,True,,,,,,,,,,,
958,9580.0,9580.0,9582.899997711182,0,2.8999977111816406,2.8999977111816406,9620.0,False,1,0,False,fast,0,0,False,False,41,False,True,,,,,,,,,,,
962,9620.0,9620.0,9623.100002288818,0,3.1000022888183594,3.1000022888183594,9660.0,False,1,0,False,fast,0,0,False,False,37,False,True,,,,,,,,,,,
964,9640.0,9640.0,9642.899997711182,0,2.8999977111816406,2.8999977111816406,9680.0,False,1,0,False,fast,0,1,True,False,35,False,True,,,,,,,,,,,
965,9650.0,9650.0,9653.100002288818,0,3.1000022888183594,3.1000022888183594,9690.0,False,1,0,False,fast,0,0,False,False,34,False,True,,,,,,,,,,,
967,9670.0,9670.0,9673.099998474121,0,3.0999984741210938,3.0999984741210938,9710.0,False,1,0,False,fast,0,1,True,False,32,False,True,,,,,,,,,,,
971,9710.0,9710.0,9712.79999923706,0,2.799999237060547,2.799999237060547,9750.0,False,1,0,False,fast,0,1,True,False,28,False,True,,,,,,,,,,,
974,9740.0,9740.0,9745.800003051758,0,5.8000030517578125,5.8000030517578125,9780.0,False,1,0,False,fast,0,1,True,False,25,False,True,,,,,,,,,,,
975,9750.0,9750.0,9752.999996185303,0,2.9999961853027344,2.9999961853027344,9790.0,False,1,0,False,fast,0,0,False,False,24,False,True,,,,,,,,,,,
976,9760.0,9760.0,9763.5,0,3.5,3.5,9800.0,False,1,0,False,fast,0,1,True,False,23,False,True,,,,,,,,,,,
977,9770.0,9770.0,9773.099998474121,0,3.0999984741210938,3.0999984741210938,9810.0,False,1,0,False,fast,0,0,False,False,22,False,True,,,,,,,,,,,
978,9780.0,9780.0,9783.0,0,3.0,3.0,9820.0,False,1,0,False,fast,0,0,False,False,21,False,True,,,,,,,,,,,
980,9800.0,9800.0,9802.900001525879,0,2.9000015258789062,2.9000015258789062,9840.0,False,1,0,False,fast,0,0,False,False,19,False,True,,,,,,,,,,,
981,9810.0,9810.0,9813.0,0,3.0,3.0,9850.0,False,1,0,False,fast,0,0,False,False,18,False,True,,,,,,,,,,,
985,9850.0,9850.0,9853.0,0,3.0,3.0,9890.0,False,1,0,False,fast,0,1,True,False,14,False,True,,,,,,,,,,,
986,9860.0,9860.0,9863.0,0,3.0,3.0,9900.0,False,1,0,False,fast,0,0,False,False,13,False,True,,,,,,,,,,,
989,9890.0,9890.0,9892.900001525879,0,2.9000015258789062,2.9000015258789062,9930.0,False,1,0,False,fast,0,0,False,False,10,False,True,,,,,,,,,,,
994,9940.0,9940.0,9942.899997711182,0,2.8999977111816406,2.8999977111816406,9980.0,False,1,0,False,fast,0,0,False,False,5,False,True,,,,,,,,,,,
996,9960.0,9960.0,9962.900001525879,0,2.9000015258789062,2.9000015258789062,10000.0,False,1,0,False,fast,0,0,False,False,3,False,True,,,,,,,,,,,
997,9970.0,9970.0,9973.099998474121,0,3.0999984741210938,3.0999984741210938,10010.0,False,1,0,False,fast,0,0,False,False,2,True,True,,,,,,,,,,,
998,9980.0,9980.0,9983.000003814697,0,3.0000038146972656,3.0000038146972656,10020.0,False,1,0,False,fast,0,0,False,False,1,True,True,,,,,,,,,,,
999,9990.0,9990.0,9993.0,0,3.0,3.0,10030.0,False,1,0,False,fast,0,0,False,True,0,True,True,,,,,,,,,,,
1003,10030.0,10030.0,10033.000003814697,0,3.0000038146972656,3.0000038146972656,10070.0,False,1,0,False,fast,0,0,False,False,96,False,True,,,,,,,,,,,
1004,10040.0,10040.0,10043.099998474121,0,3.0999984741210938,3.0999984741210938,10080.0,False,1,0,False,fast,0,0,False,False,95,False,True,,,,,,,,,,,
1005,10050.0,10050.0,10053.0,0,3.0,3.0,10090.0,False,1,0,False,fast,0,0,False,False,94,False,True,,,,,,,,,,,
1006,10060.0,10060.0,10062.900001525879,0,2.9000015258789062,2.9000015258789062,10100.0,False,1,0,False,fast,0,1,True,False,93,False,True,,,,,,,,,,,
1008,10080.0,10080.0,10083.000003814697,0,3.0000038146972656,3.0000038146972656,10120.0,False,1,0,False,fast,0,0,False,False,91,False,True,,,,,,,,,,,
1009,10090.0,10090.0,10093.0,0,3.0,3.0,10130.0,False,1,0,False,fast,0,0,False,False,90,False,True,,,,,,,,,,,
1010,10100.0,10100.0,10103.0,0,3.0,3.0,10140.0,False,1,0,False,fast,0,1,True,False,89,False,True,,,,,,,,,,,
1014,10140.0,10140.0,10143.0,0,3.0,3.0,10180.0,False,1,0,False,fast,0,1,True,False,85,False,True,,,,,,,,,,,
1015,10150.0,10150.0,10153.0,0,3.0,3.0,10190.0,False,1,0,False,fast,0,0,False,False,84,False,True,,,,,,,,,,,
1016,10160.0,10160.0,10162.999996185303,0,2.9999961853027344,2.9999961853027344,10200.0,False,1,0,False,fast,0,0,False,False,83,False,True,,,,,,,,,,,
1017,10170.0,10170.0,10172.900001525879,0,2.9000015258789062,2.9000015258789062,10210.0,False,1,0,False,fast,0,0,False,False,82,False,True,,,,,,,,,,,
1018,10180.0,10180.0,10182.999996185303,0,2.9999961853027344,2.9999961853027344,10220.0,False,1,0,False,fast,0,1,True,False,81,False,True,,,,,,,,,,,
1019,10190.0,10190.0,10192.899997711182,0,2.8999977111816406,2.8999977111816406,10230.0,False,1,0,False,fast,0,0,False,False,80,False,True,,,,,,,,,,,
1021,10210.0,10210.0,10213.099998474121,0,3.0999984741210938,3.0999984741210938,10250.0,False,1,0,False,fast,0,1,True,False,78,False,True,,,,,,,,,,,
1022,10220.0,10220.0,10222.899997711182,0,2.8999977111816406,2.8999977111816406,10260.0,False,1,0,False,fast,0,1,True,False,77,False,True,,,,,,,,,,,
1024,10240.0,10240.0,10243.400001525879,0,3.4000015258789062,3.4000015258789062,10280.0,False,1,0,False,fast,0,0,False,False,75,False,True,,,,,,,,,,,
1035,10350.0,10350.0,10352.900001525879,0,2.9000015258789062,2.9000015258789062,10390.0,False,1,0,False,fast,0,0,False,False,64,False,True,,,,,,,,,,,
1037,10370.0,10370.0,10372.79999923706,0,2.799999237060547,2.799999237060547,10410.0,False,1,0,False,fast,0,0,False,False,62,False,True,,,,,,,,,,,
1038,10380.0,10380.0,10383.000003814697,0,3.0000038146972656,3.0000038146972656,10420.0,False,1,0,False,fast,0,0,False,False,61,False,True,,,,,,,,,,,
1040,10400.0,10400.0,10403.499996185303,0,3.4999961853027344,3.4999961853027344,10440.0,False,1,0,False,fast,0,0,False,False,59,False,True,,,,,,,,,,,
1042,10420.0,10420.0,10422.900001525879,0,2.9000015258789062,2.9000015258789062,10460.0,False,1,0,False,fast,0,0,False,False,57,False,True,,,,,,,,,,,
1046,10460.0,10460.0,10462.900001525879,0,2.9000015258789062,2.9000015258789062,10500.0,False,1,0,False,fast,0,1,True,False,53,False,True,,,,,,,,,,,
1048,10480.0,10480.0,10484.79999923706,0,4.799999237060547,4.799999237060547,10520.0,False,1,0,False,fast,0,0,False,False,51,False,True,,,,,,,,,,,
1049,10490.0,10490.0,10493.000003814697,0,3.0000038146972656,3.0000038146972656,10530.0,False,1,0,False,fast,0,0,False,False,50,False,True,,,,,,,,,,,
1050,10500.0,10500.0,10503.0,0,3.0,3.0,10540.0,False,1,0,False,fast,0,1,True,False,49,False,True,,,,,,,,,,,
1051,10510.0,10510.0,10512.900001525879,0,2.9000015258789062,2.9000015258789062,10550.0,False,1,0,False,fast,0,0,False,False,48,False,True,,,,,,,,,,,
1052,10520.0,10520.0,10522.900001525879,0,2.9000015258789062,2.9000015258789062,10560.0,False,1,0,False,fast,0,0,False,False,47,False,True,,,,,,,,,,,
1061,10610.0,10610.0,10612.900001525879,0,2.9000015258789062,2.9000015258789062,10650.0,False,1,0,False,fast,0,0,False,False,38,False,True,,,,,,,,,,,
1064,10640.0,10640.0,10643.099998474121,0,3.0999984741210938,3.0999984741210938,10680.0,False,1,0,False,fast,0,0,False,False,35,False,True,,,,,,,,,,,
1065,10650.0,10650.0,10652.900001525879,0,2.9000015258789062,2.9000015258789062,10690.0,False,1,0,False,fast,0,1,True,False,34,False,True,,,,,,,,,,,
1066,10660.0,10660.0,10663.099998474121,0,3.0999984741210938,3.0999984741210938,10700.0,False,1,0,False,fast,0,0,False,False,33,False,True,,,,,,,,,,,
1067,10670.0,10670.0,10673.000003814697,0,3.0000038146972656,3.0000038146972656,10710.0,False,1,0,False,fast,0,1,True,False,32,False,True,,,,,,,,,,,
1068,10680.0,10680.0,10683.100002288818,0,3.1000022888183594,3.1000022888183594,10720.0,False,1,0,False,fast,0,1,True,False,31,False,True,,,,,,,,,,,
1069,10690.0,10690.0,10692.900001525879,0,2.9000015258789062,2.9000015258789062,10730.0,False,1,0,False,fast,0,0,False,False,30,False,True,,,,,,,,,,,
1070,10700.0,10700.0,10703.100002288818,0,3.1000022888183594,3.1000022888183594,10740.0,False,1,0,False,fast,0,1,True,False,29,False,True,,,,,,,,,,,
1076,10760.0,10760.0,10762.900001525879,0,2.9000015258789062,2.9000015258789062,10800.0,False,1,0,False,fast,0,0,False,False,23,False,True,,,,,,,,,,,
1077,10770.0,10770.0,10772.900001525879,0,2.9000015258789062,2.9000015258789062,10810.0,False,1,0,False,fast,0,0,False,False,22,False,True,,,,,,,,,,,
1078,10780.0,10780.0,10783.0,0,3.0,3.0,10820.0,False,1,0,False,fast,0,1,True,False,21,False,True,,,,,,,,,,,
1080,10800.0,10800.0,10803.0,0,3.0,3.0,10840.0,False,1,0,False,fast,0,0,False,False,19,False,True,,,,,,,,,,,
1084,10840.0,10840.0,10842.900001525879,0,2.9000015258789062,2.9000015258789062,10880.0,False,1,0,False,fast,0,1,True,False,15,False,True,,,,,,,,,,,
1088,10880.0,10880.0,10883.0,0,3.0,3.0,10920.0,False,1,0,False,fast,0,0,False,False,11,False,True,,,,,,,,,,,
1089,10890.0,10890.0,10892.999996185303,0,2.9999961853027344,2.9999961853027344,10930.0,False,1,0,False,fast,0,0,False,False,10,False,True,,,,,,,,,,,
1090,10900.0,10900.0,10903.100002288818,0,3.1000022888183594,3.1000022888183594,10940.0,False,1,0,False,fast,0,0,False,False,9,False,True,,,,,,,,,,,
1096,10960.0,10960.0,10963.099998474121,0,3.0999984741210938,3.0999984741210938,11000.0,False,1,0,False,fast,0,0,False,False,3,False,True,,,,,,,,,,,
1098,10980.0,10980.0,10983.0,0,3.0,3.0,11020.0,False,1,0,False,fast,0,0,False,False,1,True,True,,,,,,,,,,,
1099,10990.0,10990.0,10992.900001525879,0,2.9000015258789062,2.9000015258789062,11030.0,False,1,0,False,fast,0,0,False,True,0,True,True,,,,,,,,,,,
1103,11030.0,11030.0,11033.499996185303,0,3.4999961853027344,3.4999961853027344,11070.0,False,1,0,False,fast,0,1,True,False,96,False,True,,,,,,,,,,,
1108,11080.0,11080.0,11082.900001525879,0,2.9000015258789062,2.9000015258789062,11120.0,False,1,0,False,fast,0,0,False,False,91,False,True,,,,,,,,,,,
1109,11090.0,11090.0,11092.899997711182,0,2.8999977111816406,2.8999977111816406,11130.0,False,1,0,False,fast,0,0,False,False,90,False,True,,,,,,,,,,,
1110,11100.0,11100.0,11102.899997711182,0,2.8999977111816406,2.8999977111816406,11140.0,False,1,0,False,fast,0,1,True,False,89,False,True,,,,,,,,,,,
1114,11140.0,11140.0,11143.0,0,3.0,3.0,11180.0,False,1,0,False,fast,0,0,False,False,85,False,True,,,,,,,,,,,
1115,11150.0,11150.0,11153.0,0,3.0,3.0,11190.0,False,1,0,False,fast,0,1,True,False,84,False,True,,,,,,,,,,,
1116,11160.0,11160.0,11162.900001525879,0,2.9000015258789062,2.9000015258789062,11200.0,False,1,0,False,fast,0,0,False,False,83,False,True,,,,,,,,,,,
1126,11260.0,11260.0,11263.0,0,3.0,3.0,11300.0,False,1,0,False,fast,0,1,True,False,73,False,True,,,,,,,,,,,
1128,11280.0,11280.0,11282.79999923706,0,2.799999237060547,2.799999237060547,11320.0,False,1,0,False,fast,0,0,False,False,71,False,True,,,,,,,,,,,
1131,11310.0,11310.0,11312.900001525879,0,2.9000015258789062,2.9000015258789062,11350.0,False,1,0,False,fast,0,1,True,False,68,False,True,,,,,,,,,,,
1135,11350.0,11350.0,11352.900001525879,0,2.9000015258789062,2.9000015258789062,11390.0,False,1,0,False,fast,0,1,True,False,64,False,True,,,,,,,,,,,
1138,11380.0,11380.0,11383.099998474121,0,3.0999984741210938,3.0999984741210938,11420.0,False,1,0,False,fast,0,1,True,False,61,False,True,,,,,,,,,,,
1141,11410.0,11410.0,11413.0,0,3.0,3.0,11450.0,False,1,0,False,fast,0,0,False,False,58,False,True,,,,,,,,,,,
1142,11420.0,11420.0,11423.100002288818,0,3.1000022888183594,3.1000022888183594,11460.0,False,1,0,False,fast,0,0,False,False,57,False,True,,,,,,,,,,,
1143,11430.0,11430.0,11432.900001525879,0,2.9000015258789062,2.9000015258789062,11470.0,False,1,0,False,fast,0,1,True,False,56,False,True,,,,,,,,,,,
1145,11450.0,11450.0,11452.900001525879,0,2.9000015258789062,2.9000015258789062,11490.0,False,1,0,False,fast,0,1,True,False,54,False,True,,,,,,,,,,,
1148,11480.0,11480.0,11482.900001525879,0,2.9000015258789062,2.9000015258789062,11520.0,False,1,0,False,fast,0,0,False,False,51,False,True,,,,,,,,,,,
1149,11490.0,11490.0,11493.0,0,3.0,3.0,11530.0,False,1,0,False,fast,0,0,False,False,50,False,True,,,,,,,,,,,
1151,11510.0,11510.0,11512.999996185303,0,2.9999961853027344,2.9999961853027344,11550.0,False,1,0,False,fast,0,0,False,False,48,False,True,,,,,,,,,,,
1152,11520.0,11520.0,11522.900001525879,0,2.9000015258789062,2.9000015258789062,11560.0,False,1,0,False,fast,0,0,False,False,47,False,True,,,,,,,,,,,
1154,11540.0,11540.0,11543.099998474121,0,3.0999984741210938,3.0999984741210938,11580.0,False,1,0,False,fast,0,0,False,False,45,False,True,,,,,,,,,,,
1158,11580.0,11580.0,11583.0,0,3.0,3.0,11620.0,False,1,0,False,fast,0,0,False,False,41,False,True,,,,,,,,,,,
1165,11650.0,11650.0,11652.899997711182,0,2.8999977111816406,2.8999977111816406,11690.0,False,1,0,False,fast,0,0,False,False,34,False,True,,,,,,,,,,,
1167,11670.0,11670.0,11673.5,0,3.5,3.5,11710.0,False,1,0,False,fast,0,0,False,False,32,False,True,,,,,,,,,,,
1169,11690.0,11690.0,11693.0,0,3.0,3.0,11730.0,False,1,0,False,fast,0,1,True,False,30,False,True,,,,,,,,,,,
1173,11730.0,11730.0,11732.900001525879,0,2.9000015258789062,2.9000015258789062,11770.0,False,1,0,False,fast,0,1,True,False,26,False,True,,,,,,,,,,,
1175,11750.0,11750.0,11752.900001525879,0,2.9000015258789062,2.9000015258789062,11790.0,False,1,0,False,fast,0,1,True,False,24,False,True,,,,,,,,,,,
1177,11770.0,11770.0,11772.900001525879,0,2.9000015258789062,2.9000015258789062,11810.0,False,1,0,False,fast,0,1,True,False,22,False,True,,,,,,,,,,,
1179,11790.0,11790.0,11792.900001525879,0,2.9000015258789062,2.9000015258789062,11830.0,False,1,0,False,fast,0,0,False,False,20,False,True,,,,,,,,,,,
1185,11850.0,11850.0,11852.900001525879,0,2.9000015258789062,2.9000015258789062,11890.0,False,1,0,False,fast,0,0,False,False,14,False,True,,,,,,,,,,,
1190,11900.0,11900.0,11902.900001525879,0,2.9000015258789062,2.9000015258789062,11940.0,False,1,0,False,fast,0,0,False,False,9,False,True,,,,,,,,,,,
1193,11930.0,11930.0,11932.79999923706,0,2.799999237060547,2.799999237060547,11970.0,False,1,0,False,fast,0,0,False,False,6,False,True,,,,,,,,,,,
1195,11950.0,11950.0,11952.900001525879,0,2.9000015258789062,2.9000015258789062,11990.0,False,1,0,False,fast,0,0,False,False,4,False,True,,,,,,,,,,,
1199,11990.0,11990.0,11992.900001525879,0,2.9000015258789062,2.9000015258789062,12030.0,False,1,0,False,fast,0,0,False,True,0,True,True,,,,,,,,,,,
1201,12010.0,12010.0,12013.0,0,3.0,3.0,12050.0,False,1,0,False,fast,0,0,False,False,98,False,True,,,,,,,,,,,
1206,12060.0,12060.0,12062.899997711182,0,2.8999977111816406,2.8999977111816406,12100.0,False,1,0,False,fast,0,0,False,False,93,False,True,,,,,,,,,,,
1207,12070.0,12070.0,12073.0,0,3.0,3.0,12110.0,False,1,0,False,fast,0,0,False,False,92,False,True,,,,,,,,,,,
1210,12100.0,12100.0,12103.0,0,3.0,3.0,12140.0,False,1,0,False,fast,0,1,True,False,89,False,True,,,,,,,,,,,
1213,12130.0,12130.0,12132.899997711182,0,2.8999977111816406,2.8999977111816406,12170.0,False,1,0,False,fast,0,0,False,False,86,False,True,,,,,,,,,,,
1215,12150.0,12150.0,12152.899997711182,0,2.8999977111816406,2.8999977111816406,12190.0,False,1,0,False,fast,0,1,True,False,84,False,True,,,,,,,,,,,
1220,12200.0,12200.0,12203.000003814697,0,3.0000038146972656,3.0000038146972656,12240.0,False,1,0,False,fast,0,0,False,False,79,False,True,,,,,,,,,,,
1221,12210.0,12210.0,12212.899997711182,0,2.8999977111816406,2.8999977111816406,12250.0,False,1,0,False,fast,0,0,False,False,78,False,True,,,,,,,,,,,
1222,12220.0,12220.0,12222.900001525879,0,2.9000015258789062,2.9000015258789062,12260.0,False,1,0,False,fast,0,0,False,False,77,False,True,,,,,,,,,,,
1223,12230.0,12230.0,12233.0,0,3.0,3.0,12270.0,False,1,0,False,fast,0,0,False,False,76,False,True,,,,,,,,,,,
1228,12280.0,12280.0,12282.900001525879,0,2.9000015258789062,2.9000015258789062,12320.0,False,1,0,False,fast,0,0,False,False,71,False,True,,,,,,,,,,,
1229,12290.0,12290.0,12293.0,0,3.0,3.0,12330.0,False,1,0,False,fast,0,0,False,False,70,False,True,,,,,,,,,,,
1231,12310.0,12310.0,12313.70000076294,0,3.700000762939453,3.700000762939453,12350.0,False,1,0,False,fast,0,0,False,False,68,False,True,,,,,,,,,,,
1238,12380.0,12380.0,12383.199996948242,0,3.1999969482421875,3.1999969482421875,12420.0,False,1,0,False,fast,0,1,True,False,61,False,True,,,,,,,,,,,
1239,12390.0,12390.0,12392.900001525879,0,2.9000015258789062,2.9000015258789062,12430.0,False,1,0,False,fast,0,0,False,False,60,False,True,,,,,,,,,,,
1240,12400.0,12400.0,12403.000003814697,0,3.0000038146972656,3.0000038146972656,12440.0,False,1,0,False,fast,0,1,True,False,59,False,True,,,,,,,,,,,
1253,12530.0,12530.0,12533.0,0,3.0,3.0,12570.0,False,1,0,False,fast,0,0,False,False,46,False,True,,,,,,,,,,,
1260,12600.0,12600.0,12602.900001525879,0,2.9000015258789062,2.9000015258789062,12640.0,False,1,0,False,fast,0,0,False,False,39,False,True,,,,,,,,,,,
1262,12620.0,12620.0,12622.900001525879,0,2.9000015258789062,2.9000015258789062,12660.0,False,1,0,False,fast,0,1,True,False,37,False,True,,,,,,,,,,,
1263,12630.0,12630.0,12632.999996185303,0,2.9999961853027344,2.9999961853027344,12670.0,False,1,0,False,fast,0,0,False,False,36,False,True,,,,,,,,,,,
1264,12640.0,12640.0,12642.900001525879,0,2.9000015258789062,2.9000015258789062,12680.0,False,1,0,False,fast,0,0,False,False,35,False,True,,,,,,,,,,,
1266,12660.0,12660.0,12662.900001525879,0,2.9000015258789062,2.9000015258789062,12700.0,False,1,0,False,fast,0,0,False,False,33,False,True,,,,,,,,,,,
1274,12740.0,12740.0,12742.899997711182,0,2.8999977111816406,2.8999977111816406,12780.0,False,1,0,False,fast,0,1,True,False,25,False,True,,,,,,,,,,,
1275,12750.0,12750.0,12754.900001525879,0,4.900001525878906,4.900001525878906,12790.0,False,1,0,False,fast,0,0,False,False,24,False,True,,,,,,,,,,,
1276,12760.0,12760.0,12765.000003814697,0,5.000003814697266,5.000003814697266,12800.0,False,1,0,False,fast,0,0,False,False,23,False,True,,,,,,,,,,,
1279,12790.0,12790.0,12793.0,0,3.0,3.0,12830.0,False,1,0,False,fast,0,1,True,False,20,False,True,,,,,,,,,,,
1283,12830.0,12830.0,12832.899997711182,0,2.8999977111816406,2.8999977111816406,12870.0,False,1,0,False,fast,0,0,False,False,16,False,True,,,,,,,,,,,
1285,12850.0,12850.0,12852.900001525879,0,2.9000015258789062,2.9000015258789062,12890.0,False,1,0,False,fast,0,0,False,False,14,False,True,,,,,,,,,,,
1286,12860.0,12860.0,12862.900001525879,0,2.9000015258789062,2.9000015258789062,12900.0,False,1,0,False,fast,0,0,False,False,13,False,True,,,,,,,,,,,
1289,12890.0,12890.0,12893.0,0,3.0,3.0,12930.0,False,1,0,False,fast,0,0,False,False,10,False,True,,,,,,,,,,,
1291,12910.0,12910.0,12912.899997711182,0,2.8999977111816406,2.8999977111816406,12950.0,False,1,0,False,fast,0,0,False,False,8,False,True,,,,,,,,,,,
1295,12950.0,12950.0,12953.0,0,3.0,3.0,12990.0,False,1,0,False,fast,0,1,True,False,4,False,True,,,,,,,,,,,
1296,12960.0,12960.0,12962.999996185303,0,2.9999961853027344,2.9999961853027344,13000.0,False,1,0,False,fast,0,0,False,False,3,False,True,,,,,,,,,,,
1298,12980.0,12980.0,12982.900001525879,0,2.9000015258789062,2.9000015258789062,13020.0,False,1,0,False,fast,0,1,True,False,1,True,True,,,,,,,,,,,
1302,13020.0,13020.0,13023.0,0,3.0,3.0,13060.0,False,1,0,False,fast,0,0,False,False,97,False,True,,,,,,,,,,,
1303,13030.0,13030.0,13032.900001525879,0,2.9000015258789062,2.9000015258789062,13070.0,False,1,0,False,fast,0,0,False,False,96,False,True,,,,,,,,,,,
1305,13050.0,13050.0,13052.900001525879,0,2.9000015258789062,2.9000015258789062,13090.0,False,1,0,False,fast,0,0,False,False,94,False,True,,,,,,,,,,,
1307,13070.0,13070.0,13072.900001525879,0,2.9000015258789062,2.9000015258789062,13110.0,False,1,0,False,fast,0,0,False,False,92,False,True,,,,,,,,,,,
1308,13080.0,13080.0,13082.899997711182,0,2.8999977111816406,2.8999977111816406,13120.0,False,1,0,False,fast,0,0,False,False,91,False,True,,,,,,,,,,,
1311,13110.0,13110.0,13112.900001525879,0,2.9000015258789062,2.9000015258789062,13150.0,False,1,0,False,fast,0,1,True,False,88,False,True,,,,,,,,,,,
1313,13130.0,13130.0,13132.800003051758,0,2.8000030517578125,2.8000030517578125,13170.0,False,1,0,False,fast,0,0,False,False,86,False,True,,,,,,,,,,,
1314,13140.0,13140.0,13142.79999923706,0,2.799999237060547,2.799999237060547,13180.0,False,1,0,False,fast,0,0,False,False,85,False,True,,,,,,,,,,,
1317,13170.0,13170.0,13172.899997711182,0,2.8999977111816406,2.8999977111816406,13210.0,False,1,0,False,fast,0,0,False,False,82,False,True,,,,,,,,,,,
1320,13200.0,13200.0,13202.999996185303,0,2.9999961853027344,2.9999961853027344,13240.0,False,1,0,False,fast,0,0,False,False,79,False,True,,,,,,,,,,,
1322,13220.0,13220.0,13222.900001525879,0,2.9000015258789062,2.9000015258789062,13260.0,False,1,0,False,fast,0,0,False,False,77,False,True,,,,,,,,,,,
1324,13240.0,13240.0,13243.099998474121,0,3.0999984741210938,3.0999984741210938,13280.0,False,1,0,False,fast,0,1,True,False,75,False,True,,,,,,,,,,,
1328,13280.0,13280.0,13282.79999923706,0,2.799999237060547,2.799999237060547,13320.0,False,1,0,False,fast,0,0,False,False,71,False,True,,,,,,,,,,,
1329,13290.0,13290.0,13292.79999923706,0,2.799999237060547,2.799999237060547,13330.0,False,1,0,False,fast,0,0,False,False,70,False,True,,,,,,,,,,,
1331,13310.0,13310.0,13312.900001525879,0,2.9000015258789062,2.9000015258789062,13350.0,False,1,0,False,fast,0,0,False,False,68,False,True,,,,,,,,,,,
1333,13330.0,13330.0,13332.900001525879,0,2.9000015258789062,2.9000015258789062,13370.0,False,1,0,False,fast,0,0,False,False,66,False,True,,,,,,,,,,,
1335,13350.0,13350.0,13352.900001525879,0,2.9000015258789062,2.9000015258789062,13390.0,False,1,0,False,fast,0,1,True,False,64,False,True,,,,,,,,,,,
1336,13360.0,13360.0,13363.0,0,3.0,3.0,13400.0,False,1,0,False,fast,0,1,True,False,63,False,True,,,,,,,,,,,
1339,13390.0,13390.0,13393.0,0,3.0,3.0,13430.0,False,1,0,False,fast,0,0,False,False,60,False,True,,,,,,,,,,,
1344,13440.0,13440.0,13442.999996185303,0,2.9999961853027344,2.9999961853027344,13480.0,False,1,0,False,fast,0,1,True,False,55,False,True,,,,,,,,,,,
1347,13470.0,13470.0,13473.100002288818,0,3.1000022888183594,3.1000022888183594,13510.0,False,1,0,False,fast,0,0,False,False,52,False,True,,,,,,,,,,,
1349,13490.0,13490.0,13493.100002288818,0,3.1000022888183594,3.1000022888183594,13530.0,False,1,0,False,fast,0,1,True,False,50,False,True,,,,,,,,,,,
1351,13510.0,13510.0,13513.000003814697,0,3.0000038146972656,3.0000038146972656,13550.0,False,1,0,False,fast,0,0,False,False,48,False,True,,,,,,,,,,,
1352,13520.0,13520.0,13523.20000076294,0,3.200000762939453,3.200000762939453,13560.0,False,1,0,False,fast,0,0,False,False,47,False,True,,,,,,,,,,,
1357,13570.0,13570.0,13573.0,0,3.0,3.0,13610.0,False,1,0,False,fast,0,0,False,False,42,False,True,,,,,,,,,,,
1362,13620.0,13620.0,13622.899997711182,0,2.8999977111816406,2.8999977111816406,13660.0,False,1,0,False,fast,0,1,True,False,37,False,True,,,,,,,,,,,
1368,13680.0,13680.0,13683.100002288818,0,3.1000022888183594,3.1000022888183594,13720.0,False,1,0,False,fast,0,0,False,False,31,False,True,,,,,,,,,,,
1371,13710.0,13710.0,13713.0,0,3.0,3.0,13750.0,False,1,0,False,fast,0,1,True,False,28,False,True,,,,,,,,,,,
1372,13720.0,13720.0,13722.900001525879,0,2.9000015258789062,2.9000015258789062,13760.0,False,1,0,False,fast,0,1,True,False,27,False,True,,,,,,,,,,,
1377,13770.0,13770.0,13772.900001525879,0,2.9000015258789062,2.9000015258789062,13810.0,False,1,0,False,fast,0,0,False,False,22,False,True,,,,,,,,,,,
1379,13790.0,13790.0,13792.900001525879,0,2.9000015258789062,2.9000015258789062,13830.0,False,1,0,False,fast,0,0,False,False,20,False,True,,,,,,,,,,,
1382,13820.0,13820.0,13823.000003814697,0,3.0000038146972656,3.0000038146972656,13860.0,False,1,0,False,fast,0,0,False,False,17,False,True,,,,,,,,,,,
1383,13830.0,13830.0,13833.0,0,3.0,3.0,13870.0,False,1,0,False,fast,0,1,True,False,16,False,True,,,,,,,,,,,
1385,13850.0,13850.0,13853.0,0,3.0,3.0,13890.0,False,1,0,False,fast,0,1,True,False,14,False,True,,,,,,,,,,,
1386,13860.0,13860.0,13863.000003814697,0,3.0000038146972656,3.0000038146972656,13900.0,False,1,0,False,fast,0,0,False,False,13,False,True,,,,,,,,,,,
1395,13950.0,13950.0,13952.900001525879,0,2.9000015258789062,2.9000015258789062,13990.0,False,1,0,False,fast,0,1,True,False,4,False,True,,,,,,,,,,,
1396,13960.0,13960.0,13963.0,0,3.0,3.0,14000.0,False,1,0,False,fast,0,1,True,False,3,False,True,,,,,,,,,,,
1406,14060.0,14060.0,14062.900001525879,0,2.9000015258789062,2.9000015258789062,14100.0,False,1,0,False,fast,0,1,True,False,93,False,True,,,,,,,,,,,
1408,14080.0,14080.0,14083.0,0,3.0,3.0,14120.0,False,1,0,False,fast,0,0,False,False,91,False,True,,,,,,,,,,,
1411,14110.0,14110.0,14112.900001525879,0,2.9000015258789062,2.9000015258789062,14150.0,False,1,0,False,fast,0,0,False,False,88,False,True,,,,,,,,,,,
1413,14130.0,14130.0,14133.100002288818,0,3.1000022888183594,3.1000022888183594,14170.0,False,1,0,False,fast,0,1,True,False,86,False,True,,,,,,,,,,,
1415,14150.0,14150.0,14152.900001525879,0,2.9000015258789062,2.9000015258789062,14190.0,False,1,0,False,fast,0,0,False,False,84,False,True,,,,,,,,,,,
1417,14170.0,14170.0,14172.999996185303,0,2.9999961853027344,2.9999961853027344,14210.0,False,1,0,False,fast,0,1,True,False,82,False,True,,,,,,,,,,,
1419,14190.0,14190.0,14192.999996185303,0,2.9999961853027344,2.9999961853027344,14230.0,False,1,0,False,fast,0,0,False,False,80,False,True,,,,,,,,,,,
1426,14260.0,14260.0,14264.399997711182,0,4.399997711181641,4.399997711181641,14300.0,False,1,0,False,fast,0,0,False,False,73,False,True,,,,,,,,,,,
1427,14270.0,14270.0,14273.199996948242,0,3.1999969482421875,3.1999969482421875,14310.0,False,1,0,False,fast,0,1,True,False,72,False,True,,,,,,,,,,,
1429,14290.0,14290.0,14293.100002288818,0,3.1000022888183594,3.1000022888183594,14330.0,False,1,0,False,fast,0,1,True,False,70,False,True,,,,,,,,,,,
1431,14310.0,14310.0,14312.899997711182,0,2.8999977111816406,2.8999977111816406,14350.0,False,1,0,False,fast,0,1,True,False,68,False,True,,,,,,,,,,,
1432,14320.0,14320.0,14323.999996185303,0,3.9999961853027344,3.9999961853027344,14360.0,False,1,0,False,fast,0,0,False,False,67,False,True,,,,,,,,,,,
1433,14330.0,14330.0,14333.400001525879,0,3.4000015258789062,3.4000015258789062,14370.0,False,1,0,False,fast,0,0,False,False,66,False,True,,,,,,,,,,,
1439,14390.0,14390.0,14393.100002288818,0,3.1000022888183594,3.1000022888183594,14430.0,False,1,0,False,fast,0,0,False,False,60,False,True,,,,,,,,,,,
1440,14400.0,14400.0,14402.900001525879,0,2.9000015258789062,2.9000015258789062,14440.0,False,1,0,False,fast,0,0,False,False,59,False,True,,,,,,,,,,,
1441,14410.0,14410.0,14413.0,0,3.0,3.0,14450.0,False,1,0,False,fast,0,1,True,False,58,False,True,,,,,,,,,,,
1442,14420.0,14420.0,14422.900001525879,0,2.9000015258789062,2.9000015258789062,14460.0,False,1,0,False,fast,0,0,False,False,57,False,True,,,,,,,,,,,
1443,14430.0,14430.0,14433.000003814697,0,3.0000038146972656,3.0000038146972656,14470.0,False,1,0,False,fast,0,0,False,False,56,False,True,,,,,,,,,,,
1446,14460.0,14460.0,14462.900001525879,0,2.9000015258789062,2.9000015258789062,14500.0,False,1,0,False,fast,0,1,True,False,53,False,True,,,,,,,,,,,
1447,14470.0,14470.0,14473.100002288818,0,3.1000022888183594,3.1000022888183594,14510.0,False,1,0,False,fast,0,0,False,False,52,False,True,,,,,,,,,,,
1448,14480.0,14480.0,14483.0,0,3.0,3.0,14520.0,False,1,0,False,fast,0,1,True,False,51,False,True,,,,,,,,,,,
1451,14510.0,14510.0,14512.900001525879,0,2.9000015258789062,2.9000015258789062,14550.0,False,1,0,False,fast,0,0,False,False,48,False,True,,,,,,,,,,,
1453,14530.0,14530.0,14533.000003814697,0,3.0000038146972656,3.0000038146972656,14570.0,False,1,0,False,fast,0,0,False,False,46,False,True,,,,,,,,,,,
1454,14540.0,14540.0,14542.900001525879,0,2.9000015258789062,2.9000015258789062,14580.0,False,1,0,False,fast,0,0,False,False,45,False,True,,,,,,,,,,,
1456,14560.0,14560.0,14562.900001525879,0,2.9000015258789062,2.9000015258789062,14600.0,False,1,0,False,fast,0,0,False,False,43,False,True,,,,,,,,,,,
1457,14570.0,14570.0,14573.0,0,3.0,3.0,14610.0,False,1,0,False,fast,0,0,False,False,42,False,True,,,,,,,,,,,
1459,14590.0,14590.0,14592.899997711182,0,2.8999977111816406,2.8999977111816406,14630.0,False,1,0,False,fast,0,0,False,False,40,False,True,,,,,,,,,,,
1464,14640.0,14640.0,14642.999996185303,0,2.9999961853027344,2.9999961853027344,14680.0,False,1,0,False,fast,0,1,True,False,35,False,True,,,,,,,,,,,
1466,14660.0,14660.0,14662.899997711182,0,2.8999977111816406,2.8999977111816406,14700.0,False,1,0,False,fast,0,0,False,False,33,False,True,,,,,,,,,,,
1471,14710.0,14710.0,14713.0,0,3.0,3.0,14750.0,False,1,0,False,fast,0,0,False,False,28,False,True,,,,,,,,,,,
1474,14740.0,14740.0,14743.0,0,3.0,3.0,14780.0,False,1,0,False,fast,0,0,False,False,25,False,True,,,,,,,,,,,
1476,14760.0,14760.0,14763.0,0,3.0,3.0,14800.0,False,1,0,False,fast,0,1,True,False,23,False,True,,,,,,,,,,,
1479,14790.0,14790.0,14792.900001525879,0,2.9000015258789062,2.9000015258789062,14830.0,False,1,0,False,fast,0,0,False,False,20,False,True,,,,,,,,,,,
1487,14870.0,14870.0,14872.899997711182,0,2.8999977111816406,2.8999977111816406,14910.0,False,1,0,False,fast,0,1,True,False,12,False,True,,,,,,,,,,,
1491,14910.0,14910.0,14913.100002288818,0,3.1000022888183594,3.1000022888183594,14950.0,False,1,0,False,fast,0,0,False,False,8,False,True,,,,,,,,,,,
1492,14920.0,14920.0,14922.899997711182,0,2.8999977111816406,2.8999977111816406,14960.0,False,1,0,False,fast,0,0,False,False,7,False,True,,,,,,,,,,,
1496,14960.0,14960.0,14963.0,0,3.0,3.0,15000.0,False,1,0,False,fast,0,0,False,False,3,False,True,,,,,,,,,,,
1497,14970.0,14970.0,14973.0,0,3.0,3.0,15010.0,False,1,0,False,fast,0,1,True,False,2,True,True,,,,,,,,,,,
1499,14990.0,14990.0,14992.999996185303,0,2.9999961853027344,2.9999961853027344,15030.0,False,1,0,False,fast,0,0,False,True,0,True,True,,,,,,,,,,,
1501,15010.0,15010.0,15012.900001525879,0,2.9000015258789062,2.9000015258789062,15050.0,False,1,0,False,fast,0,1,True,False,98,False,True,,,,,,,,,,,
1503,15030.0,15030.0,15032.900001525879,0,2.9000015258789062,2.9000015258789062,15070.0,False,1,0,False,fast,0,0,False,False,96,False,True,,,,,,,,,,,
1505,15050.0,15050.0,15053.0,0,3.0,3.0,15090.0,False,1,0,False,fast,0,0,False,False,94,False,True,,,,,,,,,,,
1509,15090.0,15090.0,15093.100002288818,0,3.1000022888183594,3.1000022888183594,15130.0,False,1,0,False,fast,0,1,True,False,90,False,True,,,,,,,,,,,
1510,15100.0,15100.0,15103.000003814697,0,3.0000038146972656,3.0000038146972656,15140.0,False,1,0,False,fast,0,1,True,False,89,False,True,,,,,,,,,,,
1513,15130.0,15130.0,15133.099998474121,0,3.0999984741210938,3.0999984741210938,15170.0,False,1,0,False,fast,0,0,False,False,86,False,True,,,,,,,,,,,
1519,15190.0,15190.0,15193.000003814697,0,3.0000038146972656,3.0000038146972656,15230.0,False,1,0,False,fast,0,0,False,False,80,False,True,,,,,,,,,,,
1522,15220.0,15220.0,15223.000003814697,0,3.0000038146972656,3.0000038146972656,15260.0,False,1,0,False,fast,0,0,False,False,77,False,True,,,,,,,,,,,
1525,15250.0,15250.0,15252.899997711182,0,2.8999977111816406,2.8999977111816406,15290.0,False,1,0,False,fast,0,0,False,False,74,False,True,,,,,,,,,,,
1530,15300.0,15300.0,15303.999996185303,0,3.9999961853027344,3.9999961853027344,15340.0,False,1,0,False,fast,0,1,True,False,69,False,True,,,,,,,,,,,
1531,15310.0,15310.0,15312.900001525879,0,2.9000015258789062,2.9000015258789062,15350.0,False,1,0,False,fast,0,0,False,False,68,False,True,,,,,,,,,,,
1537,15370.0,15370.0,15373.000003814697,0,3.0000038146972656,3.0000038146972656,15410.0,False,1,0,False,fast,0,1,True,False,62,False,True,,,,,,,,,,,
1540,15400.0,15400.0,15403.0,0,3.0,3.0,15440.0,False,1,0,False,fast,0,0,False,False,59,False,True,,,,,,,,,,,
1541,15410.0,15410.0,15413.099998474121,0,3.0999984741210938,3.0999984741210938,15450.0,False,1,0,False,fast,0,1,True,False,58,False,True,,,,,,,,,,,
1547,15470.0,15470.0,15473.0,0,3.0,3.0,15510.0,False,1,0,False,fast,0,0,False,False,52,False,True,,,,,,,,,,,
1550,15500.0,15500.0,15502.899997711182,0,2.8999977111816406,2.8999977111816406,15540.0,False,1,0,False,fast,0,0,False,False,49,False,True,,,,,,,,,,,
1554,15540.0,15540.0,15543.20000076294,0,3.200000762939453,3.200000762939453,15580.0,False,1,0,False,fast,0,0,False,False,45,False,True,,,,,,,,,,,
1555,15550.0,15550.0,15553.099998474121,0,3.0999984741210938,3.0999984741210938,15590.0,False,1,0,False,fast,0,0,False,False,44,False,True,,,,,,,,,,,
1556,15560.0,15560.0,15563.000003814697,0,3.0000038146972656,3.0000038146972656,15600.0,False,1,0,False,fast,0,0,False,False,43,False,True,,,,,,,,,,,
1560,15600.0,15600.0,15602.800003051758,0,2.8000030517578125,2.8000030517578125,15640.0,False,1,0,False,fast,0,1,True,False,39,False,True,,,,,,,,,,,
1562,15620.0,15620.0,15622.900001525879,0,2.9000015258789062,2.9000015258789062,15660.0,False,1,0,False,fast,0,1,True,False,37,False,True,,,,,,,,,,,
1565,15650.0,15650.0,15652.900001525879,0,2.9000015258789062,2.9000015258789062,15690.0,False,1,0,False,fast,0,0,False,False,34,False,True,,,,,,,,,,,
1566,15660.0,15660.0,15663.0,0,3.0,3.0,15700.0,False,1,0,False,fast,0,0,False,False,33,False,True,,,,,,,,,,,
1569,15690.0,15690.0,15693.0,0,3.0,3.0,15730.0,False,1,0,False,fast,0,1,True,False,30,False,True,,,,,,,,,,,
1575,15750.0,15750.0,15752.899997711182,0,2.8999977111816406,2.8999977111816406,15790.0,False,1,0,False,fast,0,0,False,False,24,False,True,,,,,,,,,,,
1577,15770.0,15770.0,15772.900001525879,0,2.9000015258789062,2.9000015258789062,15810.0,False,1,0,False,fast,0,0,False,False,22,False,True,,,,,,,,,,,
1578,15780.0,15780.0,15782.900001525879,0,2.9000015258789062,2.9000015258789062,15820.0,False,1,0,False,fast,0,0,False,False,21,False,True,,,,,,,,,,,
1582,15820.0,15820.0,15823.0,0,3.0,3.0,15860.0,False,1,0,False,fast,0,0,False,False,17,False,True,,,,,,,,,,,
1583,15830.0,15830.0,15833.100002288818,0,3.1000022888183594,3.1000022888183594,15870.0,False,1,0,False,fast,0,0,False,False,16,False,True,,,,,,,,,,,
1587,15870.0,15870.0,15872.79999923706,0,2.799999237060547,2.799999237060547,15910.0,False,1,0,False,fast,0,0,False,False,12,False,True,,,,,,,,,,,
1588,15880.0,15880.0,15882.900001525879,0,2.9000015258789062,2.9000015258789062,15920.0,False,1,0,False,fast,0,0,False,False,11,False,True,,,,,,,,,,,
1590,15900.0,15900.0,15902.900001525879,0,2.9000015258789062,2.9000015258789062,15940.0,False,1,0,False,fast,0,0,False,False,9,False,True,,,,,,,,,,,
1596,15960.0,15960.0,15963.0,0,3.0,3.0,16000.0,False,1,0,False,fast,0,0,False,False,3,False,True,,,,,,,,,,,
1598,15980.0,15980.0,15982.900001525879,0,2.9000015258789062,2.9000015258789062,16020.0,False,1,0,False,fast,0,1,True,False,1,True,True,,,,,,,,,,,
1599,15990.0,15990.0,15993.0,0,3.0,3.0,16030.0,False,1,0,False,fast,0,0,False,True,0,True,True,,,,,,,,,,,
1602,16020.0,16020.0,16023.100002288818,0,3.1000022888183594,3.1000022888183594,16060.0,False,1,0,False,fast,0,1,True,False,97,False,True,,,,,,,,,,,
1608,16080.0,16080.0,16082.899997711182,0,2.8999977111816406,2.8999977111816406,16120.0,False,1,0,False,fast,0,1,True,False,91,False,True,,,,,,,,,,,
1610,16100.0,16100.0,16102.900001525879,0,2.9000015258789062,2.9000015258789062,16140.0,False,1,0,False,fast,0,0,False,False,89,False,True,,,,,,,,,,,
1611,16110.0,16110.0,16113.0,0,3.0,3.0,16150.0,False,1,0,False,fast,0,0,False,False,88,False,True,,,,,,,,,,,
1612,16120.0,16120.0,16122.900001525879,0,2.9000015258789062,2.9000015258789062,16160.0,False,1,0,False,fast,0,0,False,False,87,False,True,,,,,,,,,,,
1617,16170.0,16170.0,16172.900001525879,0,2.9000015258789062,2.9000015258789062,16210.0,False,1,0,False,fast,0,0,False,False,82,False,True,,,,,,,,,,,
1619,16190.0,16190.0,16192.900001525879,0,2.9000015258789062,2.9000015258789062,16230.0,False,1,0,False,fast,0,1,True,False,80,False,True,,,,,,,,,,,
1620,16200.0,16200.0,16202.899997711182,0,2.8999977111816406,2.8999977111816406,16240.0,False,1,0,False,fast,0,0,False,False,79,False,True,,,,,,,,,,,
1626,16260.0,16260.0,16262.900001525879,0,2.9000015258789062,2.9000015258789062,16300.0,False,1,0,False,fast,0,1,True,False,73,False,True,,,,,,,,,,,
1631,16310.0,16310.0,16313.099998474121,0,3.0999984741210938,3.0999984741210938,16350.0,False,1,0,False,fast,0,0,False,False,68,False,True,,,,,,,,,,,
1633,16330.0,16330.0,16333.0,0,3.0,3.0,16370.0,False,1,0,False,fast,0,1,True,False,66,False,True,,,,,,,,,,,
1634,16340.0,16340.0,16342.900001525879,0,2.9000015258789062,2.9000015258789062,16380.0,False,1,0,False,fast,0,0,False,False,65,False,True,,,,,,,,,,,
1636,16360.0,16360.0,16363.0,0,3.0,3.0,16400.0,False,1,0,False,fast,0,0,False,False,63,False,True,,,,,,,,,,,
1639,16390.0,16390.0,16392.89999771118,0,2.8999977111816406,2.8999977111816406,16430.0,False,1,0,False,fast,0,1,True,False,60,False,True,,,,,,,,,,,
1643,16430.0,16430.0,16432.999996185303,0,2.9999961853027344,2.9999961853027344,16470.0,False,1,0,False,fast,0,0,False,False,56,False,True,,,,,,,,,,,
1649,16490.0,16490.0,16493.10000228882,0,3.1000022888183594,3.1000022888183594,16530.0,False,1,0,False,fast,0,0,False,False,50,False,True,,,,,,,,,,,
1652,16520.0,16520.0,16523.0,0,3.0,3.0,16560.0,False,1,0,False,fast,0,0,False,False,47,False,True,,,,,,,,,,,
1653,16530.0,16530.0,16533.0,0,3.0,3.0,16570.0,False,1,0,False,fast,0,0,False,False,46,False,True,,,,,,,,,,,
1656,16560.0,16560.0,16563.10000228882,0,3.1000022888183594,3.1000022888183594,16600.0,False,1,0,False,fast,0,0,False,False,43,False,True,,,,,,,,,,,
1657,16570.0,16570.0,16572.89999771118,0,2.8999977111816406,2.8999977111816406,16610.0,False,1,0,False,fast,0,0,False,False,42,False,True,,,,,,,,,,,
1658,16580.0,16580.0,16582.999996185303,0,2.9999961853027344,2.9999961853027344,16620.0,False,1,0,False,fast,0,0,False,False,41,False,True,,,,,,,,,,,
1659,16590.0,16590.0,16592.90000152588,0,2.9000015258789062,2.9000015258789062,16630.0,False,1,0,False,fast,0,0,False,False,40,False,True,,,,,,,,,,,
1661,16610.0,16610.0,16613.0,0,3.0,3.0,16650.0,False,1,0,False,fast,0,0,False,False,38,False,True,,,,,,,,,,,
1662,16620.0,16620.0,16622.90000152588,0,2.9000015258789062,2.9000015258789062,16660.0,False,1,0,False,fast,0,0,False,False,37,False,True,,,,,,,,,,,
1663,16630.0,16630.0,16632.89999771118,0,2.8999977111816406,2.8999977111816406,16670.0,False,1,0,False,fast,0,1,True,False,36,False,True,,,,,,,,,,,
1670,16700.0,16700.0,16703.0,0,3.0,3.0,16740.0,False,1,0,False,fast,0,0,False,False,29,False,True,,,,,,,,,,,
1673,16730.0,16730.0,16733.0,0,3.0,3.0,16770.0,False,1,0,False,fast,0,1,True,False,26,False,True,,,,,,,,,,,
1675,16750.0,16750.0,16756.500003814697,0,6.500003814697266,6.500003814697266,16790.0,False,1,0,False,fast,0,1,True,False,24,False,True,,,,,,,,,,,
1680,16800.0,16800.0,16804.59999847412,0,4.599998474121094,4.599998474121094,16840.0,False,1,0,False,fast,0,0,False,False,19,False,True,,,,,,,,,,,
1681,16810.0,16810.0,16815.20000076294,0,5.200000762939453,5.200000762939453,16850.0,False,1,0,False,fast,0,0,False,False,18,False,True,,,,,,,,,,,
1682,16820.0,16820.0,16829.499996185303,0,9.499996185302734,9.499996185302734,16860.0,False,1,0,False,fast,0,1,True,False,17,False,True,,,,,,,,,,,
1683,16830.0,16830.0,16835.5,0,5.5,5.5,16870.0,False,1,0,False,fast,0,0,False,False,16,False,True,,,,,,,,,,,
1686,16860.0,16860.0,16863.199996948242,0,3.1999969482421875,3.1999969482421875,16900.0,False,1,0,False,fast,0,1,True,False,13,False,True,,,,,,,,,,,
1690,16900.0,16900.0,16903.09999847412,0,3.0999984741210938,3.0999984741210938,16940.0,False,1,0,False,fast,0,0,False,False,9,False,True,,,,,,,,,,,
1693,16930.0,16930.0,16933.10000228882,0,3.1000022888183594,3.1000022888183594,16970.0,False,1,0,False,fast,0,0,False,False,6,False,True,,,,,,,,,,,
1694,16940.0,16940.0,16943.20000076294,0,3.200000762939453,3.200000762939453,16980.0,False,1,0,False,fast,0,0,False,False,5,False,True,,,,,,,,,,,
1696,16960.0,16960.0,16965.59999847412,0,5.599998474121094,5.599998474121094,17000.0,False,1,0,False,fast,0,1,True,False,3,False,True,,,,,,,,,,,
1697,16970.0,16970.0,16975.39999771118,0,5.399997711181641,5.399997711181641,17010.0,False,1,0,False,fast,0,0,False,False,2,True,True,,,,,,,,,,,
1701,17010.0,17010.0,17013.20000076294,0,3.200000762939453,3.200000762939453,17050.0,False,1,0,False,fast,0,0,False,False,98,False,True,,,,,,,,,,,
1702,17020.0,17020.0,17023.000003814697,0,3.0000038146972656,3.0000038146972656,17060.0,False,1,0,False,fast,0,0,False,False,97,False,True,,,,,,,,,,,
1703,17030.0,17030.0,17033.000003814697,0,3.0000038146972656,3.0000038146972656,17070.0,False,1,0,False,fast,0,0,False,False,96,False,True,,,,,,,,,,,
1704,17040.0,17040.0,17043.000003814697,0,3.0000038146972656,3.0000038146972656,17080.0,False,1,0,False,fast,0,0,False,False,95,False,True,,,,,,,,,,,
1710,17100.0,17100.0,17103.10000228882,0,3.1000022888183594,3.1000022888183594,17140.0,False,1,0,False,fast,0,0,False,False,89,False,True,,,,,,,,,,,
1711,17110.0,17110.0,17116.300003051758,0,6.3000030517578125,6.3000030517578125,17150.0,False,1,0,False,fast,0,0,False,False,88,False,True,,,,,,,,,,,
1713,17130.0,17130.0,17133.09999847412,0,3.0999984741210938,3.0999984741210938,17170.0,False,1,0,False,fast,0,1,True,False,86,False,True,,,,,,,,,,,
1714,17140.0,17140.0,17143.0,0,3.0,3.0,17180.0,False,1,0,False,fast,0,1,True,False,85,False,True,,,,,,,,,,,
1719,17190.0,17190.0,17193.70000076294,0,3.700000762939453,3.700000762939453,17230.0,False,1,0,False,fast,0,0,False,False,80,False,True,,,,,,,,,,,
1721,17210.0,17210.0,17214.79999923706,0,4.799999237060547,4.799999237060547,17250.0,False,1,0,False,fast,0,0,False,False,78,False,True,,,,,,,,,,,
1722,17220.0,17220.0,17223.0,0,3.0,3.0,17260.0,False,1,0,False,fast,0,0,False,False,77,False,True,,,,,,,,,,,
1724,17240.0,17240.0,17243.10000228882,0,3.1000022888183594,3.1000022888183594,17280.0,False,1,0,False,fast,0,0,False,False,75,False,True,,,,,,,,,,,
1729,17290.0,17290.0,17292.90000152588,0,2.9000015258789062,2.9000015258789062,17330.0,False,1,0,False,fast,0,1,True,False,70,False,True,,,,,,,,,,,
1730,17300.0,17300.0,17303.000003814697,0,3.0000038146972656,3.0000038146972656,17340.0,False,1,0,False,fast,0,0,False,False,69,False,True,,,,,,,,,,,
1732,17320.0,17320.0,17323.20000076294,0,3.200000762939453,3.200000762939453,17360.0,False,1,0,False,fast,0,1,True,False,67,False,True,,,,,,,,,,,
1734,17340.0,17340.0,17343.09999847412,0,3.0999984741210938,3.0999984741210938,17380.0,False,1,0,False,fast,0,1,True,False,65,False,True,,,,,,,,,,,
1735,17350.0,17350.0,17353.09999847412,0,3.0999984741210938,3.0999984741210938,17390.0,False,1,0,False,fast,0,1,True,False,64,False,True,,,,,,,,,,,
1737,17370.0,17370.0,17373.10000228882,0,3.1000022888183594,3.1000022888183594,17410.0,False,1,0,False,fast,0,0,False,False,62,False,True,,,,,,,,,,,
1740,17400.0,17400.0,17403.09999847412,0,3.0999984741210938,3.0999984741210938,17440.0,False,1,0,False,fast,0,1,True,False,59,False,True,,,,,,,,,,,
1742,17420.0,17420.0,17425.20000076294,0,5.200000762939453,5.200000762939453,17460.0,False,1,0,False,fast,0,1,True,False,57,False,True,,,,,,,,,,,
1749,17490.0,17490.0,17493.5,0,3.5,3.5,17530.0,False,1,0,False,fast,0,0,False,False,50,False,True,,,,,,,,,,,
1750,17500.0,17500.0,17502.89999771118,0,2.8999977111816406,2.8999977111816406,17540.0,False,1,0,False,fast,0,0,False,False,49,False,True,,,,,,,,,,,
1753,17530.0,17530.0,17533.39999771118,0,3.3999977111816406,3.3999977111816406,17570.0,False,1,0,False,fast,0,0,False,False,46,False,True,,,,,,,,,,,
1754,17540.0,17540.0,17545.800003051758,0,5.8000030517578125,5.8000030517578125,17580.0,False,1,0,False,fast,0,0,False,False,45,False,True,,,,,,,,,,,
1759,17590.0,17590.0,17592.89999771118,0,2.8999977111816406,2.8999977111816406,17630.0,False,1,0,False,fast,0,0,False,False,40,False,True,,,,,,,,,,,
1760,17600.0,17600.0,17602.89999771118,0,2.8999977111816406,2.8999977111816406,17640.0,False,1,0,False,fast,0,1,True,False,39,False,True,,,,,,,,,,,
1761,17610.0,17610.0,17613.09999847412,0,3.0999984741210938,3.0999984741210938,17650.0,False,1,0,False,fast,0,0,False,False,38,False,True,,,,,,,,,,,
1771,17710.0,17710.0,17713.09999847412,0,3.0999984741210938,3.0999984741210938,17750.0,False,1,0,False,fast,0,0,False,False,28,False,True,,,,,,,,,,,
1772,17720.0,17720.0,17722.79999923706,0,2.799999237060547,2.799999237060547,17760.0,False,1,0,False,fast,0,1,True,False,27,False,True,,,,,,,,,,,
1774,17740.0,17740.0,17742.89999771118,0,2.8999977111816406,2.8999977111816406,17780.0,False,1,0,False,fast,0,0,False,False,25,False,True,,,,,,,,,,,
1775,17750.0,17750.0,17752.89999771118,0,2.8999977111816406,2.8999977111816406,17790.0,False,1,0,False,fast,0,1,True,False,24,False,True,,,,,,,,,,,
1776,17760.0,17760.0,17762.89999771118,0,2.8999977111816406,2.8999977111816406,17800.0,False,1,0,False,fast,0,0,False,False,23,False,True,,,,,,,,,,,
1779,17790.0,17790.0,17793.0,0,3.0,3.0,17830.0,False,1,0,False,fast,0,0,False,False,20,False,True,,,,,,,,,,,
1780,17800.0,17800.0,17802.90000152588,0,2.9000015258789062,2.9000015258789062,17840.0,False,1,0,False,fast,0,0,False,False,19,False,True,,,,,,,,,,,
1782,17820.0,17820.0,17823.09999847412,0,3.0999984741210938,3.0999984741210938,17860.0,False,1,0,False,fast,0,1,True,False,17,False,True,,,,,,,,,,,
1783,17830.0,17830.0,17832.90000152588,0,2.9000015258789062,2.9000015258789062,17870.0,False,1,0,False,fast,0,1,True,False,16,False,True,,,,,,,,,,,
1785,17850.0,17850.0,17853.000003814697,0,3.0000038146972656,3.0000038146972656,17890.0,False,1,0,False,fast,0,1,True,False,14,False,True,,,,,,,,,,,
1786,17860.0,17860.0,17863.0,0,3.0,3.0,17900.0,False,1,0,False,fast,0,0,False,False,13,False,True,,,,,,,,,,,
1790,17900.0,17900.0,17902.999996185303,0,2.9999961853027344,2.9999961853027344,17940.0,False,1,0,False,fast,0,1,True,False,9,False,True,,,,,,,,,,,
1792,17920.0,17920.0,17925.200004577637,0,5.200004577636719,5.200004577636719,17960.0,False,1,0,False,fast,0,1,True,False,7,False,True,,,,,,,,,,,
1794,17940.0,17940.0,17943.0,0,3.0,3.0,17980.0,False,1,0,False,fast,0,0,False,False,5,False,True,,,,,,,,,,,
1798,17980.0,17980.0,17983.000003814697,0,3.0000038146972656,3.0000038146972656,18020.0,False,1,0,False,fast,0,0,False,False,1,True,True,,,,,,,,,,,
1799,17990.0,17990.0,17993.0,0,3.0,3.0,18030.0,False,1,0,False,fast,0,1,True,True,0,True,True,,,,,,,,,,,
1803,18030.0,18030.0,18033.0,0,3.0,3.0,18070.0,False,1,0,False,fast,0,0,False,False,96,False,True,,,,,,,,,,,
1805,18050.0,18050.0,18055.89999771118,0,5.899997711181641,5.899997711181641,18090.0,False,1,0,False,fast,0,0,False,False,94,False,True,,,,,,,,,,,
1812,18120.0,18120.0,18123.09999847412,0,3.0999984741210938,3.0999984741210938,18160.0,False,1,0,False,fast,0,1,True,False,87,False,True,,,,,,,,,,,
1815,18150.0,18150.0,18153.0,0,3.0,3.0,18190.0,False,1,0,False,fast,0,1,True,False,84,False,True,,,,,,,,,,,
1816,18160.0,18160.0,18163.09999847412,0,3.0999984741210938,3.0999984741210938,18200.0,False,1,0,False,fast,0,1,True,False,83,False,True,,,,,,,,,,,
1817,18170.0,18170.0,18173.0,0,3.0,3.0,18210.0,False,1,0,False,fast,0,1,True,False,82,False,True,,,,,,,,,,,
1820,18200.0,18200.0,18203.199996948242,0,3.1999969482421875,3.1999969482421875,18240.0,False,1,0,False,fast,0,0,False,False,79,False,True,,,,,,,,,,,
1821,18210.0,18210.0,18214.79999923706,0,4.799999237060547,4.799999237060547,18250.0,False,1,0,False,fast,0,0,False,False,78,False,True,,,,,,,,,,,
1825,18250.0,18250.0,18253.0,0,3.0,3.0,18290.0,False,1,0,False,fast,0,0,False,False,74,False,True,,,,,,,,,,,
1826,18260.0,18260.0,18262.89999771118,0,2.8999977111816406,2.8999977111816406,18300.0,False,1,0,False,fast,0,0,False,False,73,False,True,,,,,,,,,,,
1828,18280.0,18280.0,18282.999996185303,0,2.9999961853027344,2.9999961853027344,18320.0,False,1,0,False,fast,0,1,True,False,71,False,True,,,,,,,,,,,
1831,18310.0,18310.0,18313.10000228882,0,3.1000022888183594,3.1000022888183594,18350.0,False,1,0,False,fast,0,0,False,False,68,False,True,,,,,,,,,,,
1833,18330.0,18330.0,18333.0,0,3.0,3.0,18370.0,False,1,0,False,fast,0,0,False,False,66,False,True,,,,,,,,,,,
1834,18340.0,18340.0,18343.20000076294,0,3.200000762939453,3.200000762939453,18380.0,False,1,0,False,fast,0,1,True,False,65,False,True,,,,,,,,,,,
1836,18360.0,18360.0,18363.10000228882,0,3.1000022888183594,3.1000022888183594,18400.0,False,1,0,False,fast,0,0,False,False,63,False,True,,,,,,,,,,,
1837,18370.0,18370.0,18372.999996185303,0,2.9999961853027344,2.9999961853027344,18410.0,False,1,0,False,fast,0,0,False,False,62,False,True,,,,,,,,,,,
1838,18380.0,18380.0,18382.89999771118,0,2.8999977111816406,2.8999977111816406,18420.0,False,1,0,False,fast,0,1,True,False,61,False,True,,,,,,,,,,,
1840,18400.0,18400.0,18402.999996185303,0,2.9999961853027344,2.9999961853027344,18440.0,False,1,0,False,fast,0,0,False,False,59,False,True,,,,,,,,,,,
1842,18420.0,18420.0,18423.10000228882,0,3.1000022888183594,3.1000022888183594,18460.0,False,1,0,False,fast,0,0,False,False,57,False,True,,,,,,,,,,,
1844,18440.0,18440.0,18443.000003814697,0,3.0000038146972656,3.0000038146972656,18480.0,False,1,0,False,fast,0,1,True,False,55,False,True,,,,,,,,,,,
1849,18490.0,18490.0,18492.999996185303,0,2.9999961853027344,2.9999961853027344,18530.0,False,1,0,False,fast,0,1,True,False,50,False,True,,,,,,,,,,,
1850,18500.0,18500.0,18503.000003814697,0,3.0000038146972656,3.0000038146972656,18540.0,False,1,0,False,fast,0,0,False,False,49,False,True,,,,,,,,,,,
1852,18520.0,18520.0,18523.0,0,3.0,3.0,18560.0,False,1,0,False,fast,0,1,True,False,47,False,True,,,,,,,,,,,
1854,18540.0,18540.0,18543.0,0,3.0,3.0,18580.0,False,1,0,False,fast,0,0,False,False,45,False,True,,,,,,,,,,,
1857,18570.0,18570.0,18573.000003814697,0,3.0000038146972656,3.0000038146972656,18610.0,False,1,0,False,fast,0,0,False,False,42,False,True,,,,,,,,,,,
1868,18680.0,18680.0,18683.70000076294,0,3.700000762939453,3.700000762939453,18720.0,False,1,0,False,fast,0,0,False,False,31,False,True,,,,,,,,,,,
1872,18720.0,18720.0,18723.10000228882,0,3.1000022888183594,3.1000022888183594,18760.0,False,1,0,False,fast,0,1,True,False,27,False,True,,,,,,,,,,,
1875,18750.0,18750.0,18753.09999847412,0,3.0999984741210938,3.0999984741210938,18790.0,False,1,0,False,fast,0,1,True,False,24,False,True,,,,,,,,,,,
1882,18820.0,18820.0,18823.0,0,3.0,3.0,18860.0,False,1,0,False,fast,0,0,False,False,17,False,True,,,,,,,,,,,
1885,18850.0,18850.0,18853.0,0,3.0,3.0,18890.0,False,1,0,False,fast,0,0,False,False,14,False,True,,,,,,,,,,,
1887,18870.0,18870.0,18873.099994659424,0,3.099994659423828,3.099994659423828,18910.0,False,1,0,False,fast,0,0,False,False,12,False,True,,,,,,,,,,,
1890,18900.0,18900.0,18903.09999847412,0,3.0999984741210938,3.0999984741210938,18940.0,False,1,0,False,fast,0,0,False,False,9,False,True,,,,,,,,,,,
1894,18940.0,18940.0,18943.0,0,3.0,3.0,18980.0,False,1,0,False,fast,0,0,False,False,5,False,True,,,,,,,,,,,
1901,19010.0,19010.0,19013.10000228882,0,3.1000022888183594,3.1000022888183594,19050.0,False,1,0,False,fast,0,0,False,False,98,False,True,,,,,,,,,,,
1902,19020.0,19020.0,19023.10000228882,0,3.1000022888183594,3.1000022888183594,19060.0,False,1,0,False,fast,0,1,True,False,97,False,True,,,,,,,,,,,
1903,19030.0,19030.0,19033.20000076294,0,3.200000762939453,3.200000762939453,19070.0,False,1,0,False,fast,0,0,False,False,96,False,True,,,,,,,,,,,
1904,19040.0,19040.0,19043.10000228882,0,3.1000022888183594,3.1000022888183594,19080.0,False,1,0,False,fast,0,1,True,False,95,False,True,,,,,,,,,,,
1906,19060.0,19060.0,19063.000003814697,0,3.0000038146972656,3.0000038146972656,19100.0,False,1,0,False,fast,0,1,True,False,93,False,True,,,,,,,,,,,
1908,19080.0,19080.0,19083.09999847412,0,3.0999984741210938,3.0999984741210938,19120.0,False,1,0,False,fast,0,0,False,False,91,False,True,,,,,,,,,,,
1909,19090.0,19090.0,19093.0,0,3.0,3.0,19130.0,False,1,0,False,fast,0,0,False,False,90,False,True,,,,,,,,,,,
1910,19100.0,19100.0,19103.10000228882,0,3.1000022888183594,3.1000022888183594,19140.0,False,1,0,False,fast,0,0,False,False,89,False,True,,,,,,,,,,,
1911,19110.0,19110.0,19112.999996185303,0,2.9999961853027344,2.9999961853027344,19150.0,False,1,0,False,fast,0,0,False,False,88,False,True,,,,,,,,,,,
1912,19120.0,19120.0,19123.09999847412,0,3.0999984741210938,3.0999984741210938,19160.0,False,1,0,False,fast,0,0,False,False,87,False,True,,,,,,,,,,,
1913,19130.0,19130.0,19133.09999847412,0,3.0999984741210938,3.0999984741210938,19170.0,False,1,0,False,fast,0,0,False,False,86,False,True,,,,,,,,,,,
1916,19160.0,19160.0,19163.10000228882,0,3.1000022888183594,3.1000022888183594,19200.0,False,1,0,False,fast,0,0,False,False,83,False,True,,,,,,,,,,,
1918,19180.0,19180.0,19183.09999847412,0,3.0999984741210938,3.0999984741210938,19220.0,False,1,0,False,fast,0,1,True,False,81,False,True,,,,,,,,,,,
1923,19230.0,19230.0,19233.300003051758,0,3.3000030517578125,3.3000030517578125,19270.0,False,1,0,False,fast,0,0,False,False,76,False,True,,,,,,,,,,,
1925,19250.0,19250.0,19253.000003814697,0,3.0000038146972656,3.0000038146972656,19290.0,False,1,0,False,fast,0,0,False,False,74,False,True,,,,,,,,,,,
1927,19270.0,19270.0,19273.0,0,3.0,3.0,19310.0,False,1,0,False,fast,0,1,True,False,72,False,True,,,,,,,,,,,
1931,19310.0,19310.0,19313.10000228882,0,3.1000022888183594,3.1000022888183594,19350.0,False,1,0,False,fast,0,1,True,False,68,False,True,,,,,,,,,,,
1932,19320.0,19320.0,19323.60000228882,0,3.6000022888183594,3.6000022888183594,19360.0,False,1,0,False,fast,0,1,True,False,67,False,True,,,,,,,,,,,
1933,19330.0,19330.0,19332.999996185303,0,2.9999961853027344,2.9999961853027344,19370.0,False,1,0,False,fast,0,1,True,False,66,False,True,,,,,,,,,,,
1939,19390.0,19390.0,19393.09999847412,0,3.0999984741210938,3.0999984741210938,19430.0,False,1,0,False,fast,0,0,False,False,60,False,True,,,,,,,,,,,
1940,19400.0,19400.0,19403.09999847412,0,3.0999984741210938,3.0999984741210938,19440.0,False,1,0,False,fast,0,1,True,False,59,False,True,,,,,,,,,,,
1944,19440.0,19440.0,19443.000003814697,0,3.0000038146972656,3.0000038146972656,19480.0,False,1,0,False,fast,0,0,False,False,55,False,True,,,,,,,,,,,
1945,19450.0,19450.0,19453.10000228882,0,3.1000022888183594,3.1000022888183594,19490.0,False,1,0,False,fast,0,0,False,False,54,False,True,,,,,,,,,,,
1947,19470.0,19470.0,19472.89999771118,0,2.8999977111816406,2.8999977111816406,19510.0,False,1,0,False,fast,0,0,False,False,52,False,True,,,,,,,,,,,
1948,19480.0,19480.0,19483.20000076294,0,3.200000762939453,3.200000762939453,19520.0,False,1,0,False,fast,0,0,False,False,51,False,True,,,,,,,,,,,
1951,19510.0,19510.0,19513.199996948242,0,3.1999969482421875,3.1999969482421875,19550.0,False,1,0,False,fast,0,1,True,False,48,False,True,,,,,,,,,,,
1954,19540.0,19540.0,19543.10000228882,0,3.1000022888183594,3.1000022888183594,19580.0,False,1,0,False,fast,0,0,False,False,45,False,True,,,,,,,,,,,
1955,19550.0,19550.0,19553.0,0,3.0,3.0,19590.0,False,1,0,False,fast,0,1,True,False,44,False,True,,,,,,,,,,,
1958,19580.0,19580.0,19582.999996185303,0,2.9999961853027344,2.9999961853027344,19620.0,False,1,0,False,fast,0,0,False,False,41,False,True,,,,,,,,,,,
1960,19600.0,19600.0,19603.0,0,3.0,3.0,19640.0,False,1,0,False,fast,0,0,False,False,39,False,True,,,,,,,,,,,
1963,19630.0,19630.0,19633.0,0,3.0,3.0,19670.0,False,1,0,False,fast,0,1,True,False,36,False,True,,,,,,,,,,,
1965,19650.0,19650.0,19653.000003814697,0,3.0000038146972656,3.0000038146972656,19690.0,False,1,0,False,fast,0,0,False,False,34,False,True,,,,,,,,,,,
1966,19660.0,19660.0,19662.999996185303,0,2.9999961853027344,2.9999961853027344,19700.0,False,1,0,False,fast,0,1,True,False,33,False,True,,,,,,,,,,,
1968,19680.0,19680.0,19683.0,0,3.0,3.0,19720.0,False,1,0,False,fast,0,0,False,False,31,False,True,,,,,,,,,,,
1971,19710.0,19710.0,19713.000003814697,0,3.0000038146972656,3.0000038146972656,19750.0,False,1,0,False,fast,0,0,False,False,28,False,True,,,,,,,,,,,
1972,19720.0,19720.0,19722.90000152588,0,2.9000015258789062,2.9000015258789062,19760.0,False,1,0,False,fast,0,0,False,False,27,False,True,,,,,,,,,,,
1973,19730.0,19730.0,19733.09999847412,0,3.0999984741210938,3.0999984741210938,19770.0,False,1,0,False,fast,0,1,True,False,26,False,True,,,,,,,,,,,
1974,19740.0,19740.0,19742.90000152588,0,2.9000015258789062,2.9000015258789062,19780.0,False,1,0,False,fast,0,1,True,False,25,False,True,,,,,,,,,,,
1975,19750.0,19750.0,19753.09999847412,0,3.0999984741210938,3.0999984741210938,19790.0,False,1,0,False,fast,0,0,False,False,24,False,True,,,,,,,,,,,
1976,19760.0,19760.0,19763.000003814697,0,3.0000038146972656,3.0000038146972656,19800.0,False,1,0,False,fast,0,0,False,False,23,False,True,,,,,,,,,,,
1978,19780.0,19780.0,19782.90000152588,0,2.9000015258789062,2.9000015258789062,19820.0,False,1,0,False,fast,0,0,False,False,21,False,True,,,,,,,,,,,
1983,19830.0,19830.0,19835.0,0,5.0,5.0,19870.0,False,1,0,False,fast,0,0,False,False,16,False,True,,,,,,,,,,,
1985,19850.0,19850.0,19853.0,0,3.0,3.0,19890.0,False,1,0,False,fast,0,0,False,False,14,False,True,,,,,,,,,,,
1986,19860.0,19860.0,19862.999996185303,0,2.9999961853027344,2.9999961853027344,19900.0,False,1,0,False,fast,0,1,True,False,13,False,True,,,,,,,,,,,
1991,19910.0,19910.0,19913.0,0,3.0,3.0,19950.0,False,1,0,False,fast,0,0,False,False,8,False,True,,,,,,,,,,,
1997,19970.0,19970.0,19973.199996948242,0,3.1999969482421875,3.1999969482421875,20010.0,False,1,0,False,fast,0,1,True,False,2,True,True,,,,,,,,,,,
1998,19980.0,19980.0,19982.89999771118,0,2.8999977111816406,2.8999977111816406,20020.0,False,1,0,False,fast,0,1,True,False,1,True,True,,,,,,,,,,,
1999,19990.0,19990.0,19993.0,0,3.0,3.0,20030.0,False,1,0,False,fast,0,1,True,True,0,True,True,,,,,,,,,,,
2004,20040.0,20040.0,20043.0,0,3.0,3.0,20080.0,False,1,0,False,fast,0,0,False,False,95,False,True,,,,,,,,,,,
2007,20070.0,20070.0,20072.89999771118,0,2.8999977111816406,2.8999977111816406,20110.0,False,1,0,False,fast,0,0,False,False,92,False,True,,,,,,,,,,,
2011,20110.0,20110.0,20112.90000152588,0,2.9000015258789062,2.9000015258789062,20150.0,False,1,0,False,fast,0,1,True,False,88,False,True,,,,,,,,,,,
2012,20120.0,20120.0,20123.0,0,3.0,3.0,20160.0,False,1,0,False,fast,0,0,False,False,87,False,True,,,,,,,,,,,
2017,20170.0,20170.0,20173.40000152588,0,3.4000015258789062,3.4000015258789062,20210.0,False,1,0,False,fast,0,0,False,False,82,False,True,,,,,,,,,,,
2021,20210.0,20210.0,20212.89999771118,0,2.8999977111816406,2.8999977111816406,20250.0,False,1,0,False,fast,0,1,True,False,78,False,True,,,,,,,,,,,
2023,20230.0,20230.0,20232.999996185303,0,2.9999961853027344,2.9999961853027344,20270.0,False,1,0,False,fast,0,0,False,False,76,False,True,,,,,,,,,,,
2025,20250.0,20250.0,20252.89999771118,0,2.8999977111816406,2.8999977111816406,20290.0,False,1,0,False,fast,0,0,False,False,74,False,True,,,,,,,,,,,
2029,20290.0,20290.0,20293.0,0,3.0,3.0,20330.0,False,1,0,False,fast,0,0,False,False,70,False,True,,,,,,,,,,,
2035,20350.0,20350.0,20352.89999771118,0,2.8999977111816406,2.8999977111816406,20390.0,False,1,0,False,fast,0,0,False,False,64,False,True,,,,,,,,,,,
2036,20360.0,20360.0,20362.90000152588,0,2.9000015258789062,2.9000015258789062,20400.0,False,1,0,False,fast,0,0,False,False,63,False,True,,,,,,,,,,,
2038,20380.0,20380.0,20382.90000152588,0,2.9000015258789062,2.9000015258789062,20420.0,False,1,0,False,fast,0,1,True,False,61,False,True,,,,,,,,,,,
2040,20400.0,20400.0,20402.89999771118,0,2.8999977111816406,2.8999977111816406,20440.0,False,1,0,False,fast,0,0,False,False,59,False,True,,,,,,,,,,,
2044,20440.0,20440.0,20442.90000152588,0,2.9000015258789062,2.9000015258789062,20480.0,False,1,0,False,fast,0,0,False,False,55,False,True,,,,,,,,,,,
2045,20450.0,20450.0,20452.79999923706,0,2.799999237060547,2.799999237060547,20490.0,False,1,0,False,fast,0,0,False,False,54,False,True,,,,,,,,,,,
2046,20460.0,20460.0,20462.90000152588,0,2.9000015258789062,2.9000015258789062,20500.0,False,1,0,False,fast,0,1,True,False,53,False,True,,,,,,,,,,,
2048,20480.0,20480.0,20483.000003814697,0,3.0000038146972656,3.0000038146972656,20520.0,False,1,0,False,fast,0,0,False,False,51,False,True,,,,,,,,,,,
2049,20490.0,20490.0,20494.79999923706,0,4.799999237060547,4.799999237060547,20530.0,False,1,0,False,fast,0,0,False,False,50,False,True,,,,,,,,,,,
2050,20500.0,20500.0,20504.90000152588,0,4.900001525878906,4.900001525878906,20540.0,False,1,0,False,fast,0,0,False,False,49,False,True,,,,,,,,,,,
2054,20540.0,20540.0,20542.90000152588,0,2.9000015258789062,2.9000015258789062,20580.0,False,1,0,False,fast,0,1,True,False,45,False,True,,,,,,,,,,,
2055,20550.0,20550.0,20552.90000152588,0,2.9000015258789062,2.9000015258789062,20590.0,False,1,0,False,fast,0,0,False,False,44,False,True,,,,,,,,,,,
2060,20600.0,20600.0,20602.999996185303,0,2.9999961853027344,2.9999961853027344,20640.0,False,1,0,False,fast,0,1,True,False,39,False,True,,,,,,,,,,,
2061,20610.0,20610.0,20612.90000152588,0,2.9000015258789062,2.9000015258789062,20650.0,False,1,0,False,fast,0,0,False,False,38,False,True,,,,,,,,,,,
2062,20620.0,20620.0,20623.0,0,3.0,3.0,20660.0,False,1,0,False,fast,0,0,False,False,37,False,True,,,,,,,,,,,
2063,20630.0,20630.0,20633.0,0,3.0,3.0,20670.0,False,1,0,False,fast,0,1,True,False,36,False,True,,,,,,,,,,,
2064,20640.0,20640.0,20642.999996185303,0,2.9999961853027344,2.9999961853027344,20680.0,False,1,0,False,fast,0,0,False,False,35,False,True,,,,,,,,,,,
2066,20660.0,20660.0,20662.89999771118,0,2.8999977111816406,2.8999977111816406,20700.0,False,1,0,False,fast,0,0,False,False,33,False,True,,,,,,,,,,,
2067,20670.0,20670.0,20672.90000152588,0,2.9000015258789062,2.9000015258789062,20710.0,False,1,0,False,fast,0,0,False,False,32,False,True,,,,,,,,,,,
2068,20680.0,20680.0,20682.999996185303,0,2.9999961853027344,2.9999961853027344,20720.0,False,1,0,False,fast,0,0,False,False,31,False,True,,,,,,,,,,,
2070,20700.0,20700.0,20703.0,0,3.0,3.0,20740.0,False,1,0,False,fast,0,0,False,False,29,False,True,,,,,,,,,,,
2072,20720.0,20720.0,20722.90000152588,0,2.9000015258789062,2.9000015258789062,20760.0,False,1,0,False,fast,0,0,False,False,27,False,True,,,,,,,,,,,
2074,20740.0,20740.0,20743.0,0,3.0,3.0,20780.0,False,1,0,False,fast,0,0,False,False,25,False,True,,,,,,,,,,,
2075,20750.0,20750.0,20752.79999923706,0,2.799999237060547,2.799999237060547,20790.0,False,1,0,False,fast,0,0,False,False,24,False,True,,,,,,,,,,,
2078,20780.0,20780.0,20783.0,0,3.0,3.0,20820.0,False,1,0,False,fast,0,1,True,False,21,False,True,,,,,,,,,,,
2080,20800.0,20800.0,20802.90000152588,0,2.9000015258789062,2.9000015258789062,20840.0,False,1,0,False,fast,0,0,False,False,19,False,True,,,,,,,,,,,
2083,20830.0,20830.0,20832.90000152588,0,2.9000015258789062,2.9000015258789062,20870.0,False,1,0,False,fast,0,0,False,False,16,False,True,,,,,,,,,,,
2084,20840.0,20840.0,20842.90000152588,0,2.9000015258789062,2.9000015258789062,20880.0,False,1,0,False,fast,0,0,False,False,15,False,True,,,,,,,,,,,
2086,20860.0,20860.0,20862.90000152588,0,2.9000015258789062,2.9000015258789062,20900.0,False,1,0,False,fast,0,0,False,False,13,False,True,,,,,,,,,,,
2091,20910.0,20910.0,20912.89999771118,0,2.8999977111816406,2.8999977111816406,20950.0,False,1,0,False,fast,0,0,False,False,8,False,True,,,,,,,,,,,
2096,20960.0,20960.0,20962.79999923706,0,2.799999237060547,2.799999237060547,21000.0,False,1,0,False,fast,0,1,True,False,3,False,True,,,,,,,,,,,
2097,20970.0,20970.0,20972.90000152588,0,2.9000015258789062,2.9000015258789062,21010.0,False,1,0,False,fast,0,0,False,False,2,True,True,,,,,,,,,,,
2102,21020.0,21020.0,21022.90000152588,0,2.9000015258789062,2.9000015258789062,21060.0,False,1,0,False,fast,0,0,False,False,97,False,True,,,,,,,,,,,
2107,21070.0,21070.0,21073.500003814697,0,3.5000038146972656,3.5000038146972656,21110.0,False,1,0,False,fast,0,0,False,False,92,False,True,,,,,,,,,,,
2110,21100.0,21100.0,21102.90000152588,0,2.9000015258789062,2.9000015258789062,21140.0,False,1,0,False,fast,0,0,False,False,89,False,True,,,,,,,,,,,
2111,21110.0,21110.0,21113.000003814697,0,3.0000038146972656,3.0000038146972656,21150.0,False,1,0,False,fast,0,0,False,False,88,False,True,,,,,,,,,,,
2112,21120.0,21120.0,21122.89999771118,0,2.8999977111816406,2.8999977111816406,21160.0,False,1,0,False,fast,0,0,False,False,87,False,True,,,,,,,,,,,
2115,21150.0,21150.0,21152.800003051758,0,2.8000030517578125,2.8000030517578125,21190.0,False,1,0,False,fast,0,0,False,False,84,False,True,,,,,,,,,,,
2117,21170.0,21170.0,21173.0,0,3.0,3.0,21210.0,False,1,0,False,fast,0,0,False,False,82,False,True,,,,,,,,,,,
2120,21200.0,21200.0,21203.0,0,3.0,3.0,21240.0,False,1,0,False,fast,0,0,False,False,79,False,True,,,,,,,,,,,
2124,21240.0,21240.0,21242.90000152588,0,2.9000015258789062,2.9000015258789062,21280.0,False,1,0,False,fast,0,1,True,False,75,False,True,,,,,,,,,,,
2126,21260.0,21260.0,21263.000003814697,0,3.0000038146972656,3.0000038146972656,21300.0,False,1,0,False,fast,0,1,True,False,73,False,True,,,,,,,,,,,
2127,21270.0,21270.0,21273.000003814697,0,3.0000038146972656,3.0000038146972656,21310.0,False,1,0,False,fast,0,0,False,False,72,False,True,,,,,,,,,,,
2128,21280.0,21280.0,21283.0,0,3.0,3.0,21320.0,False,1,0,False,fast,0,0,False,False,71,False,True,,,,,,,,,,,
2132,21320.0,21320.0,21322.89999771118,0,2.8999977111816406,2.8999977111816406,21360.0,False,1,0,False,fast,0,0,False,False,67,False,True,,,,,,,,,,,
2137,21370.0,21370.0,21372.90000152588,0,2.9000015258789062,2.9000015258789062,21410.0,False,1,0,False,fast,0,0,False,False,62,False,True,,,,,,,,,,,
2139,21390.0,21390.0,21392.89999771118,0,2.8999977111816406,2.8999977111816406,21430.0,False,1,0,False,fast,0,0,False,False,60,False,True,,,,,,,,,,,
2142,21420.0,21420.0,21423.0,0,3.0,3.0,21460.0,False,1,0,False,fast,0,0,False,False,57,False,True,,,,,,,,,,,
2145,21450.0,21450.0,21452.89999771118,0,2.8999977111816406,2.8999977111816406,21490.0,False,1,0,False,fast,0,0,False,False,54,False,True,,,,,,,,,,,
2146,21460.0,21460.0,21462.79999923706,0,2.799999237060547,2.799999237060547,21500.0,False,1,0,False,fast,0,1,True,False,53,False,True,,,,,,,,,,,
2147,21470.0,21470.0,21472.79999923706,0,2.799999237060547,2.799999237060547,21510.0,False,1,0,False,fast,0,0,False,False,52,False,True,,,,,,,,,,,
2154,21540.0,21540.0,21542.79999923706,0,2.799999237060547,2.799999237060547,21580.0,False,1,0,False,fast,0,0,False,False,45,False,True,,,,,,,,,,,
2155,21550.0,21550.0,21552.90000152588,0,2.9000015258789062,2.9000015258789062,21590.0,False,1,0,False,fast,0,0,False,False,44,False,True,,,,,,,,,,,
2156,21560.0,21560.0,21562.90000152588,0,2.9000015258789062,2.9000015258789062,21600.0,False,1,0,False,fast,0,0,False,False,43,False,True,,,,,,,,,,,
2159,21590.0,21590.0,21592.89999771118,0,2.8999977111816406,2.8999977111816406,21630.0,False,1,0,False,fast,0,0,False,False,40,False,True,,,,,,,,,,,
2163,21630.0,21630.0,21632.79999923706,0,2.799999237060547,2.799999237060547,21670.0,False,1,0,False,fast,0,0,False,False,36,False,True,,,,,,,,,,,
2166,21660.0,21660.0,21662.90000152588,0,2.9000015258789062,2.9000015258789062,21700.0,False,1,0,False,fast,0,0,False,False,33,False,True,,,,,,,,,,,
2168,21680.0,21680.0,21682.90000152588,0,2.9000015258789062,2.9000015258789062,21720.0,False,1,0,False,fast,0,0,False,False,31,False,True,,,,,,,,,,,
2172,21720.0,21720.0,21723.89999771118,0,3.8999977111816406,3.8999977111816406,21760.0,False,1,0,False,fast,0,1,True,False,27,False,True,,,,,,,,,,,
2173,21730.0,21730.0,21732.90000152588,0,2.9000015258789062,2.9000015258789062,21770.0,False,1,0,False,fast,0,0,False,False,26,False,True,,,,,,,,,,,
2175,21750.0,21750.0,21752.90000152588,0,2.9000015258789062,2.9000015258789062,21790.0,False,1,0,False,fast,0,1,True,False,24,False,True,,,,,,,,,,,
2176,21760.0,21760.0,21762.79999923706,0,2.799999237060547,2.799999237060547,21800.0,False,1,0,False,fast,0,0,False,False,23,False,True,,,,,,,,,,,
2178,21780.0,21780.0,21782.90000152588,0,2.9000015258789062,2.9000015258789062,21820.0,False,1,0,False,fast,0,0,False,False,21,False,True,,,,,,,,,,,
2179,21790.0,21790.0,21792.90000152588,0,2.9000015258789062,2.9000015258789062,21830.0,False,1,0,False,fast,0,1,True,False,20,False,True,,,,,,,,,,,
2183,21830.0,21830.0,21832.89999771118,0,2.8999977111816406,2.8999977111816406,21870.0,False,1,0,False,fast,0,0,False,False,16,False,True,,,,,,,,,,,
2185,21850.0,21850.0,21852.90000152588,0,2.9000015258789062,2.9000015258789062,21890.0,False,1,0,False,fast,0,0,False,False,14,False,True,,,,,,,,,,,
2186,21860.0,21860.0,21863.0,0,3.0,3.0,21900.0,False,1,0,False,fast,0,1,True,False,13,False,True,,,,,,,,,,,
2187,21870.0,21870.0,21872.800003051758,0,2.8000030517578125,2.8000030517578125,21910.0,False,1,0,False,fast,0,0,False,False,12,False,True,,,,,,,,,,,
2192,21920.0,21920.0,21922.79999923706,0,2.799999237060547,2.799999237060547,21960.0,False,1,0,False,fast,0,1,True,False,7,False,True,,,,,,,,,,,
2193,21930.0,21930.0,21932.90000152588,0,2.9000015258789062,2.9000015258789062,21970.0,False,1,0,False,fast,0,1,True,False,6,False,True,,,,,,,,,,,
2197,21970.0,21970.0,21974.0,0,4.0,4.0,22010.0,False,1,0,False,fast,0,0,False,False,2,True,True,,,,,,,,,,,
2198,21980.0,21980.0,21982.999996185303,0,2.9999961853027344,2.9999961853027344,22020.0,False,1,0,False,fast,0,0,False,False,1,True,True,,,,,,,,,,,
2202,22020.0,22020.0,22024.70000076294,0,4.700000762939453,4.700000762939453,22060.0,False,1,0,False,fast,0,0,False,False,97,False,True,,,,,,,,,,,
2203,22030.0,22030.0,22035.60000228882,0,5.600002288818359,5.600002288818359,22070.0,False,1,0,False,fast,0,0,False,False,96,False,True,,,,,,,,,,,
2205,22050.0,22050.0,22054.79999923706,0,4.799999237060547,4.799999237060547,22090.0,False,1,0,False,fast,0,1,True,False,94,False,True,,,,,,,,,,,
2207,22070.0,22070.0,22072.999996185303,0,2.9999961853027344,2.9999961853027344,22110.0,False,1,0,False,fast,0,0,False,False,92,False,True,,,,,,,,,,,
2210,22100.0,22100.0,22102.89999771118,0,2.8999977111816406,2.8999977111816406,22140.0,False,1,0,False,fast,0,0,False,False,89,False,True,,,,,,,,,,,
2211,22110.0,22110.0,22112.79999923706,0,2.799999237060547,2.799999237060547,22150.0,False,1,0,False,fast,0,1,True,False,88,False,True,,,,,,,,,,,
2212,22120.0,22120.0,22125.60000228882,0,5.600002288818359,5.600002288818359,22160.0,False,1,0,False,fast,0,0,False,False,87,False,True,,,,,,,,,,,
2214,22140.0,22140.0,22142.999996185303,0,2.9999961853027344,2.9999961853027344,22180.0,False,1,0,False,fast,0,0,False,False,85,False,True,,,,,,,,,,,
2215,22150.0,22150.0,22153.79999923706,0,3.799999237060547,3.799999237060547,22190.0,False,1,0,False,fast,0,0,False,False,84,False,True,,,,,,,,,,,
2219,22190.0,22190.0,22193.20000076294,0,3.200000762939453,3.200000762939453,22230.0,False,1,0,False,fast,0,0,False,False,80,False,True,,,,,,,,,,,
2224,22240.0,22240.0,22243.0,0,3.0,3.0,22280.0,False,1,0,False,fast,0,1,True,False,75,False,True,,,,,,,,,,,
2225,22250.0,22250.0,22252.90000152588,0,2.9000015258789062,2.9000015258789062,22290.0,False,1,0,False,fast,0,1,True,False,74,False,True,,,,,,,,,,,
2227,22270.0,22270.0,22272.90000152588,0,2.9000015258789062,2.9000015258789062,22310.0,False,1,0,False,fast,0,0,False,False,72,False,True,,,,,,,,,,,
2230,22300.0,22300.0,22303.0,0,3.0,3.0,22340.0,False,1,0,False,fast,0,0,False,False,69,False,True,,,,,,,,,,,
2232,22320.0,22320.0,22322.79999923706,0,2.799999237060547,2.799999237060547,22360.0,False,1,0,False,fast,0,1,True,False,67,False,True,,,,,,,,,,,
2233,22330.0,22330.0,22333.000003814697,0,3.0000038146972656,3.0000038146972656,22370.0,False,1,0,False,fast,0,0,False,False,66,False,True,,,,,,,,,,,
2235,22350.0,22350.0,22352.89999771118,0,2.8999977111816406,2.8999977111816406,22390.0,False,1,0,False,fast,0,0,False,False,64,False,True,,,,,,,,,,,
2238,22380.0,22380.0,22382.90000152588,0,2.9000015258789062,2.9000015258789062,22420.0,False,1,0,False,fast,0,0,False,False,61,False,True,,,,,,,,,,,
2241,22410.0,22410.0,22414.59999847412,0,4.599998474121094,4.599998474121094,22450.0,False,1,0,False,fast,0,0,False,False,58,False,True,,,,,,,,,,,
2245,22450.0,22450.0,22452.90000152588,0,2.9000015258789062,2.9000015258789062,22490.0,False,1,0,False,fast,0,1,True,False,54,False,True,,,,,,,,,,,
2247,22470.0,22470.0,22472.79999923706,0,2.799999237060547,2.799999237060547,22510.0,False,1,0,False,fast,0,0,False,False,52,False,True,,,,,,,,,,,
2249,22490.0,22490.0,22492.90000152588,0,2.9000015258789062,2.9000015258789062,22530.0,False,1,0,False,fast,0,1,True,False,50,False,True,,,,,,,,,,,
2250,22500.0,22500.0,22502.79999923706,0,2.799999237060547,2.799999237060547,22540.0,False,1,0,False,fast,0,0,False,False,49,False,True,,,,,,,,,,,
2252,22520.0,22520.0,22522.79999923706,0,2.799999237060547,2.799999237060547,22560.0,False,1,0,False,fast,0,0,False,False,47,False,True,,,,,,,,,,,
2254,22540.0,22540.0,22542.89999771118,0,2.8999977111816406,2.8999977111816406,22580.0,False,1,0,False,fast,0,1,True,False,45,False,True,,,,,,,,,,,
2257,22570.0,22570.0,22574.90000152588,0,4.900001525878906,4.900001525878906,22610.0,False,1,0,False,fast,0,0,False,False,42,False,True,,,,,,,,,,,
2260,22600.0,22600.0,22603.0,0,3.0,3.0,22640.0,False,1,0,False,fast,0,1,True,False,39,False,True,,,,,,,,,,,
2261,22610.0,22610.0,22613.0,0,3.0,3.0,22650.0,False,1,0,False,fast,0,0,False,False,38,False,True,,,,,,,,,,,
2265,22650.0,22650.0,22652.89999771118,0,2.8999977111816406,2.8999977111816406,22690.0,False,1,0,False,fast,0,0,False,False,34,False,True,,,,,,,,,,,
2268,22680.0,22680.0,22682.90000152588,0,2.9000015258789062,2.9000015258789062,22720.0,False,1,0,False,fast,0,0,False,False,31,False,True,,,,,,,,,,,
2269,22690.0,22690.0,22693.79999923706,0,3.799999237060547,3.799999237060547,22730.0,False,1,0,False,fast,0,0,False,False,30,False,True,,,,,,,,,,,
2272,22720.0,22720.0,22722.89999771118,0,2.8999977111816406,2.8999977111816406,22760.0,False,1,0,False,fast,0,1,True,False,27,False,True,,,,,,,,,,,
2274,22740.0,22740.0,22745.90000152588,0,5.900001525878906,5.900001525878906,22780.0,False,1,0,False,fast,0,0,False,False,25,False,True,,,,,,,,,,,
2283,22830.0,22830.0,22833.199996948242,0,3.1999969482421875,3.1999969482421875,22870.0,False,1,0,False,fast,0,0,False,False,16,False,True,,,,,,,,,,,
2285,22850.0,22850.0,22852.79999923706,0,2.799999237060547,2.799999237060547,22890.0,False,1,0,False,fast,0,0,False,False,14,False,True,,,,,,,,,,,
2287,22870.0,22870.0,22873.0,0,3.0,3.0,22910.0,False,1,0,False,fast,0,0,False,False,12,False,True,,,,,,,,,,,
2291,22910.0,22910.0,22913.0,0,3.0,3.0,22950.0,False,1,0,False,fast,0,0,False,False,8,False,True,,,,,,,,,,,
2292,22920.0,22920.0,22922.90000152588,0,2.9000015258789062,2.9000015258789062,22960.0,False,1,0,False,fast,0,0,False,False,7,False,True,,,,,,,,,,,
2296,22960.0,22960.0,22962.89999771118,0,2.8999977111816406,2.8999977111816406,23000.0,False,1,0,False,fast,0,1,True,False,3,False,True,,,,,,,,,,,
2297,22970.0,22970.0,22972.79999923706,0,2.799999237060547,2.799999237060547,23010.0,False,1,0,False,fast,0,0,False,False,2,True,True,,,,,,,,,,,
2299,22990.0,22990.0,22992.90000152588,0,2.9000015258789062,2.9000015258789062,23030.0,False,1,0,False,fast,0,1,True,True,0,True,True,,,,,,,,,,,
2300,23000.0,23000.0,23004.20000076294,0,4.200000762939453,4.200000762939453,23040.0,False,1,0,False,fast,0,0,False,False,99,False,True,,,,,,,,,,,
2304,23040.0,23040.0,23043.90000152588,0,3.9000015258789062,3.9000015258789062,23080.0,False,1,0,False,fast,0,1,True,False,95,False,True,,,,,,,,,,,
2308,23080.0,23080.0,23083.20000076294,0,3.200000762939453,3.200000762939453,23120.0,False,1,0,False,fast,0,0,False,False,91,False,True,,,,,,,,,,,
2309,23090.0,23090.0,23093.09999847412,0,3.0999984741210938,3.0999984741210938,23130.0,False,1,0,False,fast,0,0,False,False,90,False,True,,,,,,,,,,,
2315,23150.0,23150.0,23153.0,0,3.0,3.0,23190.0,False,1,0,False,fast,0,0,False,False,84,False,True,,,,,,,,,,,
2317,23170.0,23170.0,23174.5,0,4.5,4.5,23210.0,False,1,0,False,fast,0,0,False,False,82,False,True,,,,,,,,,,,
2319,23190.0,23190.0,23193.09999847412,0,3.0999984741210938,3.0999984741210938,23230.0,False,1,0,False,fast,0,1,True,False,80,False,True,,,,,,,,,,,
2323,23230.0,23230.0,23232.89999771118,0,2.8999977111816406,2.8999977111816406,23270.0,False,1,0,False,fast,0,0,False,False,76,False,True,,,,,,,,,,,
2328,23280.0,23280.0,23282.79999923706,0,2.799999237060547,2.799999237060547,23320.0,False,1,0,False,fast,0,0,False,False,71,False,True,,,,,,,,,,,
2330,23300.0,23300.0,23302.89999771118,0,2.8999977111816406,2.8999977111816406,23340.0,False,1,0,False,fast,0,0,False,False,69,False,True,,,,,,,,,,,
2331,23310.0,23310.0,23312.79999923706,0,2.799999237060547,2.799999237060547,23350.0,False,1,0,False,fast,0,0,False,False,68,False,True,,,,,,,,,,,
2333,23330.0,23330.0,23332.79999923706,0,2.799999237060547,2.799999237060547,23370.0,False,1,0,False,fast,0,1,True,False,66,False,True,,,,,,,,,,,
2337,23370.0,23370.0,23372.89999771118,0,2.8999977111816406,2.8999977111816406,23410.0,False,1,0,False,fast,0,0,False,False,62,False,True,,,,,,,,,,,
2339,23390.0,23390.0,23393.20000076294,0,3.200000762939453,3.200000762939453,23430.0,False,1,0,False,fast,0,0,False,False,60,False,True,,,,,,,,,,,
2341,23410.0,23410.0,23413.0,0,3.0,3.0,23450.0,False,1,0,False,fast,0,0,False,False,58,False,True,,,,,,,,,,,
2343,23430.0,23430.0,23432.90000152588,0,2.9000015258789062,2.9000015258789062,23470.0,False,1,0,False,fast,0,0,False,False,56,False,True,,,,,,,,,,,
2344,23440.0,23440.0,23443.0,0,3.0,3.0,23480.0,False,1,0,False,fast,0,0,False,False,55,False,True,,,,,,,,,,,
2349,23490.0,23490.0,23492.800003051758,0,2.8000030517578125,2.8000030517578125,23530.0,False,1,0,False,fast,0,1,True,False,50,False,True,,,,,,,,,,,
2351,23510.0,23510.0,23512.89999771118,0,2.8999977111816406,2.8999977111816406,23550.0,False,1,0,False,fast,0,1,True,False,48,False,True,,,,,,,,,,,
2352,23520.0,23520.0,23522.79999923706,0,2.799999237060547,2.799999237060547,23560.0,False,1,0,False,fast,0,0,False,False,47,False,True,,,,,,,,,,,
2354,23540.0,23540.0,23542.90000152588,0,2.9000015258789062,2.9000015258789062,23580.0,False,1,0,False,fast,0,0,False,False,45,False,True,,,,,,,,,,,
2355,23550.0,23550.0,23552.90000152588,0,2.9000015258789062,2.9000015258789062,23590.0,False,1,0,False,fast,0,0,False,False,44,False,True,,,,,,,,,,,
2356,23560.0,23560.0,23562.90000152588,0,2.9000015258789062,2.9000015258789062,23600.0,False,1,0,False,fast,0,1,True,False,43,False,True,,,,,,,,,,,
2357,23570.0,23570.0,23572.89999771118,0,2.8999977111816406,2.8999977111816406,23610.0,False,1,0,False,fast,0,0,False,False,42,False,True,,,,,,,,,,,
2362,23620.0,23620.0,23622.79999923706,0,2.799999237060547,2.799999237060547,23660.0,False,1,0,False,fast,0,1,True,False,37,False,True,,,,,,,,,,,
2363,23630.0,23630.0,23633.60000228882,0,3.6000022888183594,3.6000022888183594,23670.0,False,1,0,False,fast,0,0,False,False,36,False,True,,,,,,,,,,,
2365,23650.0,23650.0,23652.89999771118,0,2.8999977111816406,2.8999977111816406,23690.0,False,1,0,False,fast,0,1,True,False,34,False,True,,,,,,,,,,,
2367,23670.0,23670.0,23673.0,0,3.0,3.0,23710.0,False,1,0,False,fast,0,0,False,False,32,False,True,,,,,,,,,,,
2369,23690.0,23690.0,23693.0,0,3.0,3.0,23730.0,False,1,0,False,fast,0,0,False,False,30,False,True,,,,,,,,,,,
2370,23700.0,23700.0,23702.79999923706,0,2.799999237060547,2.799999237060547,23740.0,False,1,0,False,fast,0,0,False,False,29,False,True,,,,,,,,,,,
2374,23740.0,23740.0,23742.89999771118,0,2.8999977111816406,2.8999977111816406,23780.0,False,1,0,False,fast,0,0,False,False,25,False,True,,,,,,,,,,,
2386,23860.0,23860.0,23863.0,0,3.0,3.0,23900.0,False,1,0,False,fast,0,0,False,False,13,False,True,,,,,,,,,,,
2387,23870.0,23870.0,23872.79999923706,0,2.799999237060547,2.799999237060547,23910.0,False,1,0,False,fast,0,0,False,False,12,False,True,,,,,,,,,,,
2388,23880.0,23880.0,23882.90000152588,0,2.9000015258789062,2.9000015258789062,23920.0,False,1,0,False,fast,0,0,False,False,11,False,True,,,,,,,,,,,
2390,23900.0,23900.0,23902.89999771118,0,2.8999977111816406,2.8999977111816406,23940.0,False,1,0,False,fast,0,0,False,False,9,False,True,,,,,,,,,,,
2391,23910.0,23910.0,23913.09999847412,0,3.0999984741210938,3.0999984741210938,23950.0,False,1,0,False,fast,0,0,False,False,8,False,True,,,,,,,,,,,
2394,23940.0,23940.0,23942.89999771118,0,2.8999977111816406,2.8999977111816406,23980.0,False,1,0,False,fast,0,0,False,False,5,False,True,,,,,,,,,,,
2397,23970.0,23970.0,23973.0,0,3.0,3.0,24010.0,False,1,0,False,fast,0,0,False,False,2,True,True,,,,,,,,,,,
2399,23990.0,23990.0,23992.89999771118,0,2.8999977111816406,2.8999977111816406,24030.0,False,1,0,False,fast,0,0,False,True,0,True,True,,,,,,,,,,,
2405,24050.0,24050.0,24052.90000152588,0,2.9000015258789062,2.9000015258789062,24090.0,False,1,0,False,fast,0,1,True,False,94,False,True,,,,,,,,,,,
2406,24060.0,24060.0,24063.000003814697,0,3.0000038146972656,3.0000038146972656,24100.0,False,1,0,False,fast,0,1,True,False,93,False,True,,,,,,,,,,,
2415,24150.0,24150.0,24153.09999847412,0,3.0999984741210938,3.0999984741210938,24190.0,False,1,0,False,fast,0,0,False,False,84,False,True,,,,,,,,,,,
2419,24190.0,24190.0,24193.09999847412,0,3.0999984741210938,3.0999984741210938,24230.0,False,1,0,False,fast,0,0,False,False,80,False,True,,,,,,,,,,,
2420,24200.0,24200.0,24203.0,0,3.0,3.0,24240.0,False,1,0,False,fast,0,0,False,False,79,False,True,,,,,,,,,,,
2425,24250.0,24250.0,24253.09999847412,0,3.0999984741210938,3.0999984741210938,24290.0,False,1,0,False,fast,0,1,True,False,74,False,True,,,,,,,,,,,
2426,24260.0,24260.0,24264.200004577637,0,4.200004577636719,4.200004577636719,24300.0,False,1,0,False,fast,0,0,False,False,73,False,True,,,,,,,,,,,
2427,24270.0,24270.0,24273.20000076294,0,3.200000762939453,3.200000762939453,24310.0,False,1,0,False,fast,0,0,False,False,72,False,True,,,,,,,,,,,
2429,24290.0,24290.0,24293.09999847412,0,3.0999984741210938,3.0999984741210938,24330.0,False,1,0,False,fast,0,0,False,False,70,False,True,,,,,,,,,,,
2435,24350.0,24350.0,24353.200004577637,0,3.2000045776367188,3.2000045776367188,24390.0,False,1,0,False,fast,0,0,False,False,64,False,True,,,,,,,,,,,
2436,24360.0,24360.0,24363.10000228882,0,3.1000022888183594,3.1000022888183594,24400.0,False,1,0,False,fast,0,0,False,False,63,False,True,,,,,,,,,,,
2441,24410.0,24410.0,24412.90000152588,0,2.9000015258789062,2.9000015258789062,24450.0,False,1,0,False,fast,0,1,True,False,58,False,True,,,,,,,,,,,
2443,24430.0,24430.0,24433.09999847412,0,3.0999984741210938,3.0999984741210938,24470.0,False,1,0,False,fast,0,1,True,False,56,False,True,,,,,,,,,,,
2444,24440.0,24440.0,24442.999996185303,0,2.9999961853027344,2.9999961853027344,24480.0,False,1,0,False,fast,0,1,True,False,55,False,True,,,,,,,,,,,
2445,24450.0,24450.0,24453.0,0,3.0,3.0,24490.0,False,1,0,False,fast,0,0,False,False,54,False,True,,,,,,,,,,,
2451,24510.0,24510.0,24512.89999771118,0,2.8999977111816406,2.8999977111816406,24550.0,False,1,0,False,fast,0,0,False,False,48,False,True,,,,,,,,,,,
2452,24520.0,24520.0,24523.0,0,3.0,3.0,24560.0,False,1,0,False,fast,0,1,True,False,47,False,True,,,,,,,,,,,
2454,24540.0,24540.0,24543.10000228882,0,3.1000022888183594,3.1000022888183594,24580.0,False,1,0,False,fast,0,1,True,False,45,False,True,,,,,,,,,,,
2455,24550.0,24550.0,24552.90000152588,0,2.9000015258789062,2.9000015258789062,24590.0,False,1,0,False,fast,0,1,True,False,44,False,True,,,,,,,,,,,
2459,24590.0,24590.0,24593.0,0,3.0,3.0,24630.0,False,1,0,False,fast,0,1,True,False,40,False,True,,,,,,,,,,,
2462,24620.0,24620.0,24622.89999771118,0,2.8999977111816406,2.8999977111816406,24660.0,False,1,0,False,fast,0,1,True,False,37,False,True,,,,,,,,,,,
2466,24660.0,24660.0,24662.79999923706,0,2.799999237060547,2.799999237060547,24700.0,False,1,0,False,fast,0,1,True,False,33,False,True,,,,,,,,,,,
2467,24670.0,24670.0,24672.90000152588,0,2.9000015258789062,2.9000015258789062,24710.0,False,1,0,False,fast,0,0,False,False,32,False,True,,,,,,,,,,,
2471,24710.0,24710.0,24713.0,0,3.0,3.0,24750.0,False,1,0,False,fast,0,0,False,False,28,False,True,,,,,,,,,,,
2473,24730.0,24730.0,24732.90000152588,0,2.9000015258789062,2.9000015258789062,24770.0,False,1,0,False,fast,0,0,False,False,26,False,True,,,,,,,,,,,
2474,24740.0,24740.0,24742.89999771118,0,2.8999977111816406,2.8999977111816406,24780.0,False,1,0,False,fast,0,1,True,False,25,False,True,,,,,,,,,,,
2480,24800.0,24800.0,24802.999996185303,0,2.9999961853027344,2.9999961853027344,24840.0,False,1,0,False,fast,0,0,False,False,19,False,True,,,,,,,,,,,
2486,24860.0,24860.0,24863.0,0,3.0,3.0,24900.0,False,1,0,False,fast,0,1,True,False,13,False,True,,,,,,,,,,,
2488,24880.0,24880.0,24883.0,0,3.0,3.0,24920.0,False,1,0,False,fast,0,0,False,False,11,False,True,,,,,,,,,,,
2489,24890.0,24890.0,24893.10000228882,0,3.1000022888183594,3.1000022888183594,24930.0,False,1,0,False,fast,0,0,False,False,10,False,True,,,,,,,,,,,
2490,24900.0,24900.0,24903.0,0,3.0,3.0,24940.0,False,1,0,False,fast,0,1,True,False,9,False,True,,,,,,,,,,,
2493,24930.0,24930.0,24933.40000152588,0,3.4000015258789062,3.4000015258789062,24970.0,False,1,0,False,fast,0,0,False,False,6,False,True,,,,,,,,,,,
2495,24950.0,24950.0,24953.000003814697,0,3.0000038146972656,3.0000038146972656,24990.0,False,1,0,False,fast,0,1,True,False,4,False,True,,,,,,,,,,,
2497,24970.0,24970.0,24972.89999771118,0,2.8999977111816406,2.8999977111816406,25010.0,False,1,0,False,fast,0,0,False,False,2,True,True,,,,,,,,,,,
2502,25020.0,25020.0,25022.999996185303,0,2.9999961853027344,2.9999961853027344,25060.0,False,1,0,False,fast,0,1,True,False,97,False,True,,,,,,,,,,,
2503,25030.0,25030.0,25033.09999847412,0,3.0999984741210938,3.0999984741210938,25070.0,False,1,0,False,fast,0,1,True,False,96,False,True,,,,,,,,,,,
2506,25060.0,25060.0,25063.0,0,3.0,3.0,25100.0,False,1,0,False,fast,0,0,False,False,93,False,True,,,,,,,,,,,
2508,25080.0,25080.0,25082.89999771118,0,2.8999977111816406,2.8999977111816406,25120.0,False,1,0,False,fast,0,1,True,False,91,False,True,,,,,,,,,,,
2510,25100.0,25100.0,25102.79999923706,0,2.799999237060547,2.799999237060547,25140.0,False,1,0,False,fast,0,0,False,False,89,False,True,,,,,,,,,,,
2514,25140.0,25140.0,25142.89999771118,0,2.8999977111816406,2.8999977111816406,25180.0,False,1,0,False,fast,0,0,False,False,85,False,True,,,,,,,,,,,
2515,25150.0,25150.0,25152.89999771118,0,2.8999977111816406,2.8999977111816406,25190.0,False,1,0,False,fast,0,1,True,False,84,False,True,,,,,,,,,,,
2516,25160.0,25160.0,25163.000003814697,0,3.0000038146972656,3.0000038146972656,25200.0,False,1,0,False,fast,0,0,False,False,83,False,True,,,,,,,,,,,
2517,25170.0,25170.0,25173.10000228882,0,3.1000022888183594,3.1000022888183594,25210.0,False,1,0,False,fast,0,0,False,False,82,False,True,,,,,,,,,,,
2519,25190.0,25190.0,25192.90000152588,0,2.9000015258789062,2.9000015258789062,25230.0,False,1,0,False,fast,0,0,False,False,80,False,True,,,,,,,,,,,
2521,25210.0,25210.0,25212.90000152588,0,2.9000015258789062,2.9000015258789062,25250.0,False,1,0,False,fast,0,0,False,False,78,False,True,,,,,,,,,,,
2522,25220.0,25220.0,25222.90000152588,0,2.9000015258789062,2.9000015258789062,25260.0,False,1,0,False,fast,0,1,True,False,77,False,True,,,,,,,,,,,
2525,25250.0,25250.0,25252.89999771118,0,2.8999977111816406,2.8999977111816406,25290.0,False,1,0,False,fast,0,0,False,False,74,False,True,,,,,,,,,,,
2527,25270.0,25270.0,25272.89999771118,0,2.8999977111816406,2.8999977111816406,25310.0,False,1,0,False,fast,0,1,True,False,72,False,True,,,,,,,,,,,
2529,25290.0,25290.0,25292.90000152588,0,2.9000015258789062,2.9000015258789062,25330.0,False,1,0,False,fast,0,0,False,False,70,False,True,,,,,,,,,,,
2531,25310.0,25310.0,25313.0,0,3.0,3.0,25350.0,False,1,0,False,fast,0,1,True,False,68,False,True,,,,,,,,,,,
2532,25320.0,25320.0,25323.0,0,3.0,3.0,25360.0,False,1,0,False,fast,0,1,True,False,67,False,True,,,,,,,,,,,
2533,25330.0,25330.0,25333.0,0,3.0,3.0,25370.0,False,1,0,False,fast,0,0,False,False,66,False,True,,,,,,,,,,,
2534,25340.0,25340.0,25342.89999771118,0,2.8999977111816406,2.8999977111816406,25380.0,False,1,0,False,fast,0,0,False,False,65,False,True,,,,,,,,,,,
2535,25350.0,25350.0,25353.0,0,3.0,3.0,25390.0,False,1,0,False,fast,0,0,False,False,64,False,True,,,,,,,,,,,
2536,25360.0,25360.0,25362.79999923706,0,2.799999237060547,2.799999237060547,25400.0,False,1,0,False,fast,0,1,True,False,63,False,True,,,,,,,,,,,
2538,25380.0,25380.0,25383.0,0,3.0,3.0,25420.0,False,1,0,False,fast,0,0,False,False,61,False,True,,,,,,,,,,,
2540,25400.0,25400.0,25402.79999923706,0,2.799999237060547,2.799999237060547,25440.0,False,1,0,False,fast,0,0,False,False,59,False,True,,,,,,,,,,,
2541,25410.0,25410.0,25412.79999923706,0,2.799999237060547,2.799999237060547,25450.0,False,1,0,False,fast,0,1,True,False,58,False,True,,,,,,,,,,,
2543,25430.0,25430.0,25433.0,0,3.0,3.0,25470.0,False,1,0,False,fast,0,1,True,False,56,False,True,,,,,,,,,,,
2552,25520.0,25520.0,25523.0,0,3.0,3.0,25560.0,False,1,0,False,fast,0,1,True,False,47,False,True,,,,,,,,,,,
2555,25550.0,25550.0,25553.000003814697,0,3.0000038146972656,3.0000038146972656,25590.0,False,1,0,False,fast,0,0,False,False,44,False,True,,,,,,,,,,,
2557,25570.0,25570.0,25572.90000152588,0,2.9000015258789062,2.9000015258789062,25610.0,False,1,0,False,fast,0,0,False,False,42,False,True,,,,,,,,,,,
2560,25600.0,25600.0,25603.0,0,3.0,3.0,25640.0,False,1,0,False,fast,0,0,False,False,39,False,True,,,,,,,,,,,
2566,25660.0,25660.0,25663.0,0,3.0,3.0,25700.0,False,1,0,False,fast,0,0,False,False,33,False,True,,,,,,,,,,,
2570,25700.0,25700.0,25702.999996185303,0,2.9999961853027344,2.9999961853027344,25740.0,False,1,0,False,fast,0,1,True,False,29,False,True,,,,,,,,,,,
2571,25710.0,25710.0,25713.0,0,3.0,3.0,25750.0,False,1,0,False,fast,0,0,False,False,28,False,True,,,,,,,,,,,
2575,25750.0,25750.0,25752.89999771118,0,2.8999977111816406,2.8999977111816406,25790.0,False,1,0,False,fast,0,0,False,False,24,False,True,,,,,,,,,,,
2577,25770.0,25770.0,25773.0,0,3.0,3.0,25810.0,False,1,0,False,fast,0,0,False,False,22,False,True,,,,,,,,,,,
2578,25780.0,25780.0,25782.999996185303,0,2.9999961853027344,2.9999961853027344,25820.0,False,1,0,False,fast,0,0,False,False,21,False,True,,,,,,,,,,,
2583,25830.0,25830.0,25833.10000228882,0,3.1000022888183594,3.1000022888183594,25870.0,False,1,0,False,fast,0,1,True,False,16,False,True,,,,,,,,,,,
2584,25840.0,25840.0,25842.89999771118,0,2.8999977111816406,2.8999977111816406,25880.0,False,1,0,False,fast,0,1,True,False,15,False,True,,,,,,,,,,,
2588,25880.0,25880.0,25882.90000152588,0,2.9000015258789062,2.9000015258789062,25920.0,False,1,0,False,fast,0,0,False,False,11,False,True,,,,,,,,,,,
2591,25910.0,25910.0,25913.0,0,3.0,3.0,25950.0,False,1,0,False,fast,0,0,False,False,8,False,True,,,,,,,,,,,
2599,25990.0,25990.0,25993.0,0,3.0,3.0,26030.0,False,1,0,False,fast,0,0,False,True,0,True,True,,,,,,,,,,,
2600,26000.0,26000.0,26003.20000076294,0,3.200000762939453,3.200000762939453,26040.0,False,1,0,False,fast,0,0,False,False,99,False,True,,,,,,,,,,,
2601,26010.0,26010.0,26013.0,0,3.0,3.0,26050.0,False,1,0,False,fast,0,0,False,False,98,False,True,,,,,,,,,,,
2603,26030.0,26030.0,26033.199996948242,0,3.1999969482421875,3.1999969482421875,26070.0,False,1,0,False,fast,0,0,False,False,96,False,True,,,,,,,,,,,
2604,26040.0,26040.0,26043.0,0,3.0,3.0,26080.0,False,1,0,False,fast,0,0,False,False,95,False,True,,,,,,,,,,,
2605,26050.0,26050.0,26053.10000228882,0,3.1000022888183594,3.1000022888183594,26090.0,False,1,0,False,fast,0,1,True,False,94,False,True,,,,,,,,,,,
2606,26060.0,26060.0,26063.0,0,3.0,3.0,26100.0,False,1,0,False,fast,0,0,False,False,93,False,True,,,,,,,,,,,
2608,26080.0,26080.0,26083.000003814697,0,3.0000038146972656,3.0000038146972656,26120.0,False,1,0,False,fast,0,0,False,False,91,False,True,,,,,,,,,,,
2610,26100.0,26100.0,26102.89999771118,0,2.8999977111816406,2.8999977111816406,26140.0,False,1,0,False,fast,0,0,False,False,89,False,True,,,,,,,,,,,
2614,26140.0,26140.0,26143.0,0,3.0,3.0,26180.0,False,1,0,False,fast,0,0,False,False,85,False,True,,,,,,,,,,,
2616,26160.0,26160.0,26163.000003814697,0,3.0000038146972656,3.0000038146972656,26200.0,False,1,0,False,fast,0,0,False,False,83,False,True,,,,,,,,,,,
2619,26190.0,26190.0,26193.40000152588,0,3.4000015258789062,3.4000015258789062,26230.0,False,1,0,False,fast,0,0,False,False,80,False,True,,,,,,,,,,,
2622,26220.0,26220.0,26222.89999771118,0,2.8999977111816406,2.8999977111816406,26260.0,False,1,0,False,fast,0,1,True,False,77,False,True,,,,,,,,,,,
2623,26230.0,26230.0,26233.29999923706,0,3.299999237060547,3.299999237060547,26270.0,False,1,0,False,fast,0,1,True,False,76,False,True,,,,,,,,,,,
2624,26240.0,26240.0,26242.89999771118,0,2.8999977111816406,2.8999977111816406,26280.0,False,1,0,False,fast,0,1,True,False,75,False,True,,,,,,,,,,,
2626,26260.0,26260.0,26262.999996185303,0,2.9999961853027344,2.9999961853027344,26300.0,False,1,0,False,fast,0,1,True,False,73,False,True,,,,,,,,,,,
2627,26270.0,26270.0,26273.29999923706,0,3.299999237060547,3.299999237060547,26310.0,False,1,0,False,fast,0,1,True,False,72,False,True,,,,,,,,,,,
2628,26280.0,26280.0,26282.90000152588,0,2.9000015258789062,2.9000015258789062,26320.0,False,1,0,False,fast,0,0,False,False,71,False,True,,,,,,,,,,,
2629,26290.0,26290.0,26293.000003814697,0,3.0000038146972656,3.0000038146972656,26330.0,False,1,0,False,fast,0,0,False,False,70,False,True,,,,,,,,,,,
2635,26350.0,26350.0,26352.90000152588,0,2.9000015258789062,2.9000015258789062,26390.0,False,1,0,False,fast,0,0,False,False,64,False,True,,,,,,,,,,,
2636,26360.0,26360.0,26362.79999923706,0,2.799999237060547,2.799999237060547,26400.0,False,1,0,False,fast,0,0,False,False,63,False,True,,,,,,,,,,,
2638,26380.0,26380.0,26382.90000152588,0,2.9000015258789062,2.9000015258789062,26420.0,False,1,0,False,fast,0,1,True,False,61,False,True,,,,,,,,,,,
2639,26390.0,26390.0,26392.79999923706,0,2.799999237060547,2.799999237060547,26430.0,False,1,0,False,fast,0,1,True,False,60,False,True,,,,,,,,,,,
2644,26440.0,26440.0,26443.0,0,3.0,3.0,26480.0,False,1,0,False,fast,0,0,False,False,55,False,True,,,,,,,,,,,
2646,26460.0,26460.0,26462.79999923706,0,2.799999237060547,2.799999237060547,26500.0,False,1,0,False,fast,0,1,True,False,53,False,True,,,,,,,,,,,
2648,26480.0,26480.0,26482.90000152588,0,2.9000015258789062,2.9000015258789062,26520.0,False,1,0,False,fast,0,0,False,False,51,False,True,,,,,,,,,,,
2651,26510.0,26510.0,26512.90000152588,0,2.9000015258789062,2.9000015258789062,26550.0,False,1,0,False,fast,0,0,False,False,48,False,True,,,,,,,,,,,
2658,26580.0,26580.0,26582.90000152588,0,2.9000015258789062,2.9000015258789062,26620.0,False,1,0,False,fast,0,0,False,False,41,False,True,,,,,,,,,,,
2661,26610.0,26610.0,26612.90000152588,0,2.9000015258789062,2.9000015258789062,26650.0,False,1,0,False,fast,0,0,False,False,38,False,True,,,,,,,,,,,
2665,26650.0,26650.0,26653.29999923706,0,3.299999237060547,3.299999237060547,26690.0,False,1,0,False,fast,0,0,False,False,34,False,True,,,,,,,,,,,
2667,26670.0,26670.0,26672.90000152588,0,2.9000015258789062,2.9000015258789062,26710.0,False,1,0,False,fast,0,0,False,False,32,False,True,,,,,,,,,,,
2668,26680.0,26680.0,26683.0,0,3.0,3.0,26720.0,False,1,0,False,fast,0,0,False,False,31,False,True,,,,,,,,,,,
2669,26690.0,26690.0,26692.999996185303,0,2.9999961853027344,2.9999961853027344,26730.0,False,1,0,False,fast,0,0,False,False,30,False,True,,,,,,,,,,,
2670,26700.0,26700.0,26703.499996185303,0,3.4999961853027344,3.4999961853027344,26740.0,False,1,0,False,fast,0,0,False,False,29,False,True,,,,,,,,,,,
2671,26710.0,26710.0,26712.90000152588,0,2.9000015258789062,2.9000015258789062,26750.0,False,1,0,False,fast,0,1,True,False,28,False,True,,,,,,,,,,,
2675,26750.0,26750.0,26752.90000152588,0,2.9000015258789062,2.9000015258789062,26790.0,False,1,0,False,fast,0,0,False,False,24,False,True,,,,,,,,,,,
2676,26760.0,26760.0,26762.90000152588,0,2.9000015258789062,2.9000015258789062,26800.0,False,1,0,False,fast,0,1,True,False,23,False,True,,,,,,,,,,,
2678,26780.0,26780.0,26782.70000076294,0,2.700000762939453,2.700000762939453,26820.0,False,1,0,False,fast,0,0,False,False,21,False,True,,,,,,,,,,,
2682,26820.0,26820.0,26822.999996185303,0,2.9999961853027344,2.9999961853027344,26860.0,False,1,0,False,fast,0,1,True,False,17,False,True,,,,,,,,,,,
2685,26850.0,26850.0,26853.0,0,3.0,3.0,26890.0,False,1,0,False,fast,0,0,False,False,14,False,True,,,,,,,,,,,
2686,26860.0,26860.0,26862.89999771118,0,2.8999977111816406,2.8999977111816406,26900.0,False,1,0,False,fast,0,1,True,False,13,False,True,,,,,,,,,,,
2692,26920.0,26920.0,26922.89999771118,0,2.8999977111816406,2.8999977111816406,26960.0,False,1,0,False,fast,0,0,False,False,7,False,True,,,,,,,,,,,
2693,26930.0,26930.0,26932.79999923706,0,2.799999237060547,2.799999237060547,26970.0,False,1,0,False,fast,0,0,False,False,6,False,True,,,,,,,,,,,
2694,26940.0,26940.0,26943.09999847412,0,3.0999984741210938,3.0999984741210938,26980.0,False,1,0,False,fast,0,1,True,False,5,False,True,,,,,,,,,,,
2701,27010.0,27010.0,27012.999996185303,0,2.9999961853027344,2.9999961853027344,27050.0,False,1,0,False,fast,0,1,True,False,98,False,True,,,,,,,,,,,
2705,27050.0,27050.0,27052.800003051758,0,2.8000030517578125,2.8000030517578125,27090.0,False,1,0,False,fast,0,1,True,False,94,False,True,,,,,,,,,,,
2710,27100.0,27100.0,27103.09999847412,0,3.0999984741210938,3.0999984741210938,27140.0,False,1,0,False,fast,0,0,False,False,89,False,True,,,,,,,,,,,
2711,27110.0,27110.0,27112.90000152588,0,2.9000015258789062,2.9000015258789062,27150.0,False,1,0,False,fast,0,0,False,False,88,False,True,,,,,,,,,,,
2715,27150.0,27150.0,27153.0,0,3.0,3.0,27190.0,False,1,0,False,fast,0,0,False,False,84,False,True,,,,,,,,,,,
2717,27170.0,27170.0,27173.60000228882,0,3.6000022888183594,3.6000022888183594,27210.0,False,1,0,False,fast,0,0,False,False,82,False,True,,,,,,,,,,,
2720,27200.0,27200.0,27202.90000152588,0,2.9000015258789062,2.9000015258789062,27240.0,False,1,0,False,fast,0,0,False,False,79,False,True,,,,,,,,,,,
2724,27240.0,27240.0,27243.0,0,3.0,3.0,27280.0,False,1,0,False,fast,0,0,False,False,75,False,True,,,,,,,,,,,
2729,27290.0,27290.0,27293.199996948242,0,3.1999969482421875,3.1999969482421875,27330.0,False,1,0,False,fast,0,1,True,False,70,False,True,,,,,,,,,,,
2732,27320.0,27320.0,27323.000003814697,0,3.0000038146972656,3.0000038146972656,27360.0,False,1,0,False,fast,0,1,True,False,67,False,True,,,,,,,,,,,
2734,27340.0,27340.0,27342.90000152588,0,2.9000015258789062,2.9000015258789062,27380.0,False,1,0,False,fast,0,0,False,False,65,False,True,,,,,,,,,,,
2735,27350.0,27350.0,27353.20000076294,0,3.200000762939453,3.200000762939453,27390.0,False,1,0,False,fast,0,1,True,False,64,False,True,,,,,,,,,,,
2737,27370.0,27370.0,27372.90000152588,0,2.9000015258789062,2.9000015258789062,27410.0,False,1,0,False,fast,0,1,True,False,62,False,True,,,,,,,,,,,
2742,27420.0,27420.0,27422.90000152588,0,2.9000015258789062,2.9000015258789062,27460.0,False,1,0,False,fast,0,0,False,False,57,False,True,,,,,,,,,,,
2745,27450.0,27450.0,27453.09999847412,0,3.0999984741210938,3.0999984741210938,27490.0,False,1,0,False,fast,0,1,True,False,54,False,True,,,,,,,,,,,
2750,27500.0,27500.0,27503.0,0,3.0,3.0,27540.0,False,1,0,False,fast,0,1,True,False,49,False,True,,,,,,,,,,,
2751,27510.0,27510.0,27513.10000228882,0,3.1000022888183594,3.1000022888183594,27550.0,False,1,0,False,fast,0,0,False,False,48,False,True,,,,,,,,,,,
2752,27520.0,27520.0,27523.0,0,3.0,3.0,27560.0,False,1,0,False,fast,0,0,False,False,47,False,True,,,,,,,,,,,
2761,27610.0,27610.0,27612.90000152588,0,2.9000015258789062,2.9000015258789062,27650.0,False,1,0,False,fast,0,1,True,False,38,False,True,,,,,,,,,,,
2765,27650.0,27650.0,27653.5,0,3.5,3.5,27690.0,False,1,0,False,fast,0,0,False,False,34,False,True,,,,,,,,,,,
2769,27690.0,27690.0,27693.000003814697,0,3.0000038146972656,3.0000038146972656,27730.0,False,1,0,False,fast,0,0,False,False,30,False,True,,,,,,,,,,,
2771,27710.0,27710.0,27713.20000076294,0,3.200000762939453,3.200000762939453,27750.0,False,1,0,False,fast,0,0,False,False,28,False,True,,,,,,,,,,,
2772,27720.0,27720.0,27722.999996185303,0,2.9999961853027344,2.9999961853027344,27760.0,False,1,0,False,fast,0,0,False,False,27,False,True,,,,,,,,,,,
2778,27780.0,27780.0,27783.10000228882,0,3.1000022888183594,3.1000022888183594,27820.0,False,1,0,False,fast,0,0,False,False,21,False,True,,,,,,,,,,,
2781,27810.0,27810.0,27812.79999923706,0,2.799999237060547,2.799999237060547,27850.0,False,1,0,False,fast,0,1,True,False,18,False,True,,,,,,,,,,,
2782,27820.0,27820.0,27823.000003814697,0,3.0000038146972656,3.0000038146972656,27860.0,False,1,0,False,fast,0,1,True,False,17,False,True,,,,,,,,,,,
2786,27860.0,27860.0,27863.10000228882,0,3.1000022888183594,3.1000022888183594,27900.0,False,1,0,False,fast,0,1,True,False,13,False,True,,,,,,,,,,,
2788,27880.0,27880.0,27882.79999923706,0,2.799999237060547,2.799999237060547,27920.0,False,1,0,False,fast,0,0,False,False,11,False,True,,,,,,,,,,,
2790,27900.0,27900.0,27903.0,0,3.0,3.0,27940.0,False,1,0,False,fast,0,1,True,False,9,False,True,,,,,,,,,,,
2791,27910.0,27910.0,27913.0,0,3.0,3.0,27950.0,False,1,0,False,fast,0,0,False,False,8,False,True,,,,,,,,,,,
2793,27930.0,27930.0,27932.90000152588,0,2.9000015258789062,2.9000015258789062,27970.0,False,1,0,False,fast,0,1,True,False,6,False,True,,,,,,,,,,,
2794,27940.0,27940.0,27943.20000076294,0,3.200000762939453,3.200000762939453,27980.0,False,1,0,False,fast,0,0,False,False,5,False,True,,,,,,,,,,,
2796,27960.0,27960.0,27963.39999771118,0,3.3999977111816406,3.3999977111816406,28000.0,False,1,0,False,fast,0,0,False,False,3,False,True,,,,,,,,,,,
2798,27980.0,27980.0,27983.0,0,3.0,3.0,28020.0,False,1,0,False,fast,0,0,False,False,1,True,True,,,,,,,,,,,
2803,28030.0,28030.0,28033.0,0,3.0,3.0,28070.0,False,1,0,False,fast,0,0,False,False,96,False,True,,,,,,,,,,,
2805,28050.0,28050.0,28052.79999923706,0,2.799999237060547,2.799999237060547,28090.0,False,1,0,False,fast,0,0,False,False,94,False,True,,,,,,,,,,,
2806,28060.0,28060.0,28062.90000152588,0,2.9000015258789062,2.9000015258789062,28100.0,False,1,0,False,fast,0,0,False,False,93,False,True,,,,,,,,,,,
2810,28100.0,28100.0,28102.90000152588,0,2.9000015258789062,2.9000015258789062,28140.0,False,1,0,False,fast,0,0,False,False,89,False,True,,,,,,,,,,,
2814,28140.0,28140.0,28142.79999923706,0,2.799999237060547,2.799999237060547,28180.0,False,1,0,False,fast,0,0,False,False,85,False,True,,,,,,,,,,,
2819,28190.0,28190.0,28192.79999923706,0,2.799999237060547,2.799999237060547,28230.0,False,1,0,False,fast,0,0,False,False,80,False,True,,,,,,,,,,,
2820,28200.0,28200.0,28202.90000152588,0,2.9000015258789062,2.9000015258789062,28240.0,False,1,0,False,fast,0,0,False,False,79,False,True,,,,,,,,,,,
2822,28220.0,28220.0,28222.999996185303,0,2.9999961853027344,2.9999961853027344,28260.0,False,1,0,False,fast,0,0,False,False,77,False,True,,,,,,,,,,,
2827,28270.0,28270.0,28273.0,0,3.0,3.0,28310.0,False,1,0,False,fast,0,0,False,False,72,False,True,,,,,,,,,,,
2833,28330.0,28330.0,28332.79999923706,0,2.799999237060547,2.799999237060547,28370.0,False,1,0,False,fast,0,1,True,False,66,False,True,,,,,,,,,,,
2838,28380.0,28380.0,28382.79999923706,0,2.799999237060547,2.799999237060547,28420.0,False,1,0,False,fast,0,1,True,False,61,False,True,,,,,,,,,,,
2844,28440.0,28440.0,28442.79999923706,0,2.799999237060547,2.799999237060547,28480.0,False,1,0,False,fast,0,0,False,False,55,False,True,,,,,,,,,,,
2852,28520.0,28520.0,28523.0,0,3.0,3.0,28560.0,False,1,0,False,fast,0,0,False,False,47,False,True,,,,,,,,,,,
2857,28570.0,28570.0,28572.79999923706,0,2.799999237060547,2.799999237060547,28610.0,False,1,0,False,fast,0,0,False,False,42,False,True,,,,,,,,,,,
2861,28610.0,28610.0,28612.90000152588,0,2.9000015258789062,2.9000015258789062,28650.0,False,1,0,False,fast,0,0,False,False,38,False,True,,,,,,,,,,,
2864,28640.0,28640.0,28642.90000152588,0,2.9000015258789062,2.9000015258789062,28680.0,False,1,0,False,fast,0,0,False,False,35,False,True,,,,,,,,,,,
2866,28660.0,28660.0,28662.90000152588,0,2.9000015258789062,2.9000015258789062,28700.0,False,1,0,False,fast,0,0,False,False,33,False,True,,,,,,,,,,,
2867,28670.0,28670.0,28672.800003051758,0,2.8000030517578125,2.8000030517578125,28710.0,False,1,0,False,fast,0,0,False,False,32,False,True,,,,,,,,,,,
2871,28710.0,28710.0,28712.700004577637,0,2.7000045776367188,2.7000045776367188,28750.0,False,1,0,False,fast,0,0,False,False,28,False,True,,,,,,,,,,,
2872,28720.0,28720.0,28722.89999771118,0,2.8999977111816406,2.8999977111816406,28760.0,False,1,0,False,fast,0,1,True,False,27,False,True,,,,,,,,,,,
2874,28740.0,28740.0,28742.79999923706,0,2.799999237060547,2.799999237060547,28780.0,False,1,0,False,fast,0,0,False,False,25,False,True,,,,,,,,,,,
2881,28810.0,28810.0,28813.0,0,3.0,3.0,28850.0,False,1,0,False,fast,0,0,False,False,18,False,True,,,,,,,,,,,
2884,28840.0,28840.0,28842.89999771118,0,2.8999977111816406,2.8999977111816406,28880.0,False,1,0,False,fast,0,0,False,False,15,False,True,,,,,,,,,,,
2885,28850.0,28850.0,28853.29999923706,0,3.299999237060547,3.299999237060547,28890.0,False,1,0,False,fast,0,1,True,False,14,False,True,,,,,,,,,,,
2891,28910.0,28910.0,28912.90000152588,0,2.9000015258789062,2.9000015258789062,28950.0,False,1,0,False,fast,0,0,False,False,8,False,True,,,,,,,,,,,
2895,28950.0,28950.0,28952.79999923706,0,2.799999237060547,2.799999237060547,28990.0,False,1,0,False,fast,0,0,False,False,4,False,True,,,,,,,,,,,
2900,29000.0,29000.0,29002.79999923706,0,2.799999237060547,2.799999237060547,29040.0,False,1,0,False,fast,0,0,False,False,99,False,True,,,,,,,,,,,
2901,29010.0,29010.0,29012.90000152588,0,2.9000015258789062,2.9000015258789062,29050.0,False,1,0,False,fast,0,0,False,False,98,False,True,,,,,,,,,,,
2905,29050.0,29050.0,29052.79999923706,0,2.799999237060547,2.799999237060547,29090.0,False,1,0,False,fast,0,1,True,False,94,False,True,,,,,,,,,,,
2906,29060.0,29060.0,29062.79999923706,0,2.799999237060547,2.799999237060547,29100.0,False,1,0,False,fast,0,0,False,False,93,False,True,,,,,,,,,,,
2908,29080.0,29080.0,29082.79999923706,0,2.799999237060547,2.799999237060547,29120.0,False,1,0,False,fast,0,0,False,False,91,False,True,,,,,,,,,,,
2909,29090.0,29090.0,29092.800003051758,0,2.8000030517578125,2.8000030517578125,29130.0,False,1,0,False,fast,0,0,False,False,90,False,True,,,,,,,,,,,
2911,29110.0,29110.0,29114.0,0,4.0,4.0,29150.0,False,1,0,False,fast,0,1,True,False,88,False,True,,,,,,,,,,,
2913,29130.0,29130.0,29132.89999771118,0,2.8999977111816406,2.8999977111816406,29170.0,False,1,0,False,fast,0,0,False,False,86,False,True,,,,,,,,,,,
2915,29150.0,29150.0,29152.79999923706,0,2.799999237060547,2.799999237060547,29190.0,False,1,0,False,fast,0,0,False,False,84,False,True,,,,,,,,,,,
2916,29160.0,29160.0,29162.90000152588,0,2.9000015258789062,2.9000015258789062,29200.0,False,1,0,False,fast,0,0,False,False,83,False,True,,,,,,,,,,,
2919,29190.0,29190.0,29192.70000076294,0,2.700000762939453,2.700000762939453,29230.0,False,1,0,False,fast,0,1,True,False,80,False,True,,,,,,,,,,,
2920,29200.0,29200.0,29202.90000152588,0,2.9000015258789062,2.9000015258789062,29240.0,False,1,0,False,fast,0,1,True,False,79,False,True,,,,,,,,,,,
2921,29210.0,29210.0,29212.79999923706,0,2.799999237060547,2.799999237060547,29250.0,False,1,0,False,fast,0,0,False,False,78,False,True,,,,,,,,,,,
2922,29220.0,29220.0,29223.29999923706,0,3.299999237060547,3.299999237060547,29260.0,False,1,0,False,fast,0,1,True,False,77,False,True,,,,,,,,,,,
2927,29270.0,29270.0,29272.79999923706,0,2.799999237060547,2.799999237060547,29310.0,False,1,0,False,fast,0,0,False,False,72,False,True,,,,,,,,,,,
2929,29290.0,29290.0,29292.90000152588,0,2.9000015258789062,2.9000015258789062,29330.0,False,1,0,False,fast,0,1,True,False,70,False,True,,,,,,,,,,,
2930,29300.0,29300.0,29302.79999923706,0,2.799999237060547,2.799999237060547,29340.0,False,1,0,False,fast,0,1,True,False,69,False,True,,,,,,,,,,,
2931,29310.0,29310.0,29313.0,0,3.0,3.0,29350.0,False,1,0,False,fast,0,0,False,False,68,False,True,,,,,,,,,,,
2933,29330.0,29330.0,29332.79999923706,0,2.799999237060547,2.799999237060547,29370.0,False,1,0,False,fast,0,0,False,False,66,False,True,,,,,,,,,,,
2946,29460.0,29460.0,29462.79999923706,0,2.799999237060547,2.799999237060547,29500.0,False,1,0,False,fast,0,0,False,False,53,False,True,,,,,,,,,,,
2947,29470.0,29470.0,29472.89999771118,0,2.8999977111816406,2.8999977111816406,29510.0,False,1,0,False,fast,0,0,False,False,52,False,True,,,,,,,,,,,
2953,29530.0,29530.0,29532.89999771118,0,2.8999977111816406,2.8999977111816406,29570.0,False,1,0,False,fast,0,1,True,False,46,False,True,,,,,,,,,,,
2956,29560.0,29560.0,29563.000003814697,0,3.0000038146972656,3.0000038146972656,29600.0,False,1,0,False,fast,0,0,False,False,43,False,True,,,,,,,,,,,
2959,29590.0,29590.0,29592.79999923706,0,2.799999237060547,2.799999237060547,29630.0,False,1,0,False,fast,0,0,False,False,40,False,True,,,,,,,,,,,
2962,29620.0,29620.0,29622.70000076294,0,2.700000762939453,2.700000762939453,29660.0,False,1,0,False,fast,0,0,False,False,37,False,True,,,,,,,,,,,
2964,29640.0,29640.0,29642.90000152588,0,2.9000015258789062,2.9000015258789062,29680.0,False,1,0,False,fast,0,1,True,False,35,False,True,,,,,,,,,,,
2965,29650.0,29650.0,29652.79999923706,0,2.799999237060547,2.799999237060547,29690.0,False,1,0,False,fast,0,0,False,False,34,False,True,,,,,,,,,,,
2966,29660.0,29660.0,29662.90000152588,0,2.9000015258789062,2.9000015258789062,29700.0,False,1,0,False,fast,0,0,False,False,33,False,True,,,,,,,,,,,
2969,29690.0,29690.0,29692.89999771118,0,2.8999977111816406,2.8999977111816406,29730.0,False,1,0,False,fast,0,1,True,False,30,False,True,,,,,,,,,,,
2976,29760.0,29760.0,29762.79999923706,0,2.799999237060547,2.799999237060547,29800.0,False,1,0,False,fast,0,1,True,False,23,False,True,,,,,,,,,,,
2977,29770.0,29770.0,29773.40000152588,0,3.4000015258789062,3.4000015258789062,29810.0,False,1,0,False,fast,0,0,False,False,22,False,True,,,,,,,,,,,
2978,29780.0,29780.0,29782.79999923706,0,2.799999237060547,2.799999237060547,29820.0,False,1,0,False,fast,0,0,False,False,21,False,True,,,,,,,,,,,
2979,29790.0,29790.0,29792.79999923706,0,2.799999237060547,2.799999237060547,29830.0,False,1,0,False,fast,0,1,True,False,20,False,True,,,,,,,,,,,
2984,29840.0,29840.0,29842.800003051758,0,2.8000030517578125,2.8000030517578125,29880.0,False,1,0,False,fast,0,1,True,False,15,False,True,,,,,,,,,,,
2985,29850.0,29850.0,29852.79999923706,0,2.799999237060547,2.799999237060547,29890.0,False,1,0,False,fast,0,1,True,False,14,False,True,,,,,,,,,,,
2987,29870.0,29870.0,29872.90000152588,0,2.9000015258789062,2.9000015258789062,29910.0,False,1,0,False,fast,0,0,False,False,12,False,True,,,,,,,,,,,
2989,29890.0,29890.0,29892.79999923706,0,2.799999237060547,2.799999237060547,29930.0,False,1,0,False,fast,0,1,True,False,10,False,True,,,,,,,,,,,
2991,29910.0,29910.0,29912.90000152588,0,2.9000015258789062,2.9000015258789062,29950.0,False,1,0,False,fast,0,0,False,False,8,False,True,,,,,,,,,,,
2992,29920.0,29920.0,29922.79999923706,0,2.799999237060547,2.799999237060547,29960.0,False,1,0,False,fast,0,0,False,False,7,False,True,,,,,,,,,,,
2993,29930.0,29930.0,29932.70000076294,0,2.700000762939453,2.700000762939453,29970.0,False,1,0,False,fast,0,1,True,False,6,False,True,,,,,,,,,,,
2994,29940.0,29940.0,29942.800003051758,0,2.8000030517578125,2.8000030517578125,29980.0,False,1,0,False,fast,0,0,False,False,5,False,True,,,,,,,,,,,
2995,29950.0,29950.0,29952.699996948242,0,2.6999969482421875,2.6999969482421875,29990.0,False,1,0,False,fast,0,0,False,False,4,False,True,,,,,,,,,,,
2998,29980.0,29980.0,29982.79999923706,0,2.799999237060547,2.799999237060547,30020.0,False,1,0,False,fast,0,1,True,False,1,True,True,,,,,,,,,,,
2999,29990.0,29990.0,29992.79999923706,0,2.799999237060547,2.799999237060547,30030.0,False,1,0,False,fast,0,1,True,True,0,True,True,,,,,,,,,,,
3003,30030.0,30030.0,30032.79999923706,0,2.799999237060547,2.799999237060547,30070.0,False,1,0,False,fast,0,0,False,False,96,False,True,,,,,,,,,,,
3004,30040.0,30040.0,30043.0,0,3.0,3.0,30080.0,False,1,0,False,fast,0,0,False,False,95,False,True,,,,,,,,,,,
3005,30050.0,30050.0,30053.0,0,3.0,3.0,30090.0,False,1,0,False,fast,0,0,False,False,94,False,True,,,,,,,,,,,
3009,30090.0,30090.0,30092.79999923706,0,2.799999237060547,2.799999237060547,30130.0,False,1,0,False,fast,0,0,False,False,90,False,True,,,,,,,,,,,
3012,30120.0,30120.0,30123.0,0,3.0,3.0,30160.0,False,1,0,False,fast,0,0,False,False,87,False,True,,,,,,,,,,,
3019,30190.0,30190.0,30192.800003051758,0,2.8000030517578125,2.8000030517578125,30230.0,False,1,0,False,fast,0,0,False,False,80,False,True,,,,,,,,,,,
3023,30230.0,30230.0,30232.79999923706,0,2.799999237060547,2.799999237060547,30270.0,False,1,0,False,fast,0,1,True,False,76,False,True,,,,,,,,,,,
3024,30240.0,30240.0,30242.800003051758,0,2.8000030517578125,2.8000030517578125,30280.0,False,1,0,False,fast,0,1,True,False,75,False,True,,,,,,,,,,,
3025,30250.0,30250.0,30252.999996185303,0,2.9999961853027344,2.9999961853027344,30290.0,False,1,0,False,fast,0,0,False,False,74,False,True,,,,,,,,,,,
3026,30260.0,30260.0,30263.0,0,3.0,3.0,30300.0,False,1,0,False,fast,0,0,False,False,73,False,True,,,,,,,,,,,
3029,30290.0,30290.0,30293.0,0,3.0,3.0,30330.0,False,1,0,False,fast,0,0,False,False,70,False,True,,,,,,,,,,,
3034,30340.0,30340.0,30342.90000152588,0,2.9000015258789062,2.9000015258789062,30380.0,False,1,0,False,fast,0,0,False,False,65,False,True,,,,,,,,,,,
3038,30380.0,30380.0,30382.90000152588,0,2.9000015258789062,2.9000015258789062,30420.0,False,1,0,False,fast,0,0,False,False,61,False,True,,,,,,,,,,,
3040,30400.0,30400.0,30402.999996185303,0,2.9999961853027344,2.9999961853027344,30440.0,False,1,0,False,fast,0,1,True,False,59,False,True,,,,,,,,,,,
3045,30450.0,30450.0,30453.0,0,3.0,3.0,30490.0,False,1,0,False,fast,0,1,True,False,54,False,True,,,,,,,,,,,
3046,30460.0,30460.0,30462.89999771118,0,2.8999977111816406,2.8999977111816406,30500.0,False,1,0,False,fast,0,0,False,False,53,False,True,,,,,,,,,,,
3049,30490.0,30490.0,30492.79999923706,0,2.799999237060547,2.799999237060547,30530.0,False,1,0,False,fast,0,0,False,False,50,False,True,,,,,,,,,,,
3051,30510.0,30510.0,30512.800003051758,0,2.8000030517578125,2.8000030517578125,30550.0,False,1,0,False,fast,0,0,False,False,48,False,True,,,,,,,,,,,
3053,30530.0,30530.0,30532.90000152588,0,2.9000015258789062,2.9000015258789062,30570.0,False,1,0,False,fast,0,0,False,False,46,False,True,,,,,,,,,,,
3059,30590.0,30590.0,30592.999996185303,0,2.9999961853027344,2.9999961853027344,30630.0,False,1,0,False,fast,0,1,True,False,40,False,True,,,,,,,,,,,
3064,30640.0,30640.0,30642.90000152588,0,2.9000015258789062,2.9000015258789062,30680.0,False,1,0,False,fast,0,0,False,False,35,False,True,,,,,,,,,,,
3070,30700.0,30700.0,30702.79999923706,0,2.799999237060547,2.799999237060547,30740.0,False,1,0,False,fast,0,1,True,False,29,False,True,,,,,,,,,,,
3071,30710.0,30710.0,30712.79999923706,0,2.799999237060547,2.799999237060547,30750.0,False,1,0,False,fast,0,0,False,False,28,False,True,,,,,,,,,,,
3072,30720.0,30720.0,30722.90000152588,0,2.9000015258789062,2.9000015258789062,30760.0,False,1,0,False,fast,0,0,False,False,27,False,True,,,,,,,,,,,
3073,30730.0,30730.0,30732.79999923706,0,2.799999237060547,2.799999237060547,30770.0,False,1,0,False,fast,0,0,False,False,26,False,True,,,,,,,,,,,
3074,30740.0,30740.0,30742.89999771118,0,2.8999977111816406,2.8999977111816406,30780.0,False,1,0,False,fast,0,0,False,False,25,False,True,,,,,,,,,,,
3076,30760.0,30760.0,30762.90000152588,0,2.9000015258789062,2.9000015258789062,30800.0,False,1,0,False,fast,0,1,True,False,23,False,True,,,,,,,,,,,
3078,30780.0,30780.0,30782.79999923706,0,2.799999237060547,2.799999237060547,30820.0,False,1,0,False,fast,0,0,False,False,21,False,True,,,,,,,,,,,
3084,30840.0,30840.0,30842.89999771118,0,2.8999977111816406,2.8999977111816406,30880.0,False,1,0,False,fast,0,0,False,False,15,False,True,,,,,,,,,,,
3086,30860.0,30860.0,30862.79999923706,0,2.799999237060547,2.799999237060547,30900.0,False,1,0,False,fast,0,1,True,False,13,False,True,,,,,,,,,,,
3088,30880.0,30880.0,30882.89999771118,0,2.8999977111816406,2.8999977111816406,30920.0,False,1,0,False,fast,0,0,False,False,11,False,True,,,,,,,,,,,
3089,30890.0,30890.0,30893.0,0,3.0,3.0,30930.0,False,1,0,False,fast,0,1,True,False,10,False,True,,,,,,,,,,,
3090,30900.0,30900.0,30902.89999771118,0,2.8999977111816406,2.8999977111816406,30940.0,False,1,0,False,fast,0,0,False,False,9,False,True,,,,,,,,,,,
3094,30940.0,30940.0,30942.79999923706,0,2.799999237060547,2.799999237060547,30980.0,False,1,0,False,fast,0,1,True,False,5,False,True,,,,,,,,,,,
3098,30980.0,30980.0,30983.0,0,3.0,3.0,31020.0,False,1,0,False,fast,0,0,False,False,1,True,True,,,,,,,,,,,
3101,31010.0,31010.0,31012.89999771118,0,2.8999977111816406,2.8999977111816406,31050.0,False,1,0,False,fast,0,0,False,False,98,False,True,,,,,,,,,,,
3103,31030.0,31030.0,31033.0,0,3.0,3.0,31070.0,False,1,0,False,fast,0,0,False,False,96,False,True,,,,,,,,,,,
3104,31040.0,31040.0,31043.0,0,3.0,3.0,31080.0,False,1,0,False,fast,0,0,False,False,95,False,True,,,,,,,,,,,
3105,31050.0,31050.0,31053.0,0,3.0,3.0,31090.0,False,1,0,False,fast,0,0,False,False,94,False,True,,,,,,,,,,,
3108,31080.0,31080.0,31083.0,0,3.0,3.0,31120.0,False,1,0,False,fast,0,0,False,False,91,False,True,,,,,,,,,,,
3109,31090.0,31090.0,31092.90000152588,0,2.9000015258789062,2.9000015258789062,31130.0,False,1,0,False,fast,0,0,False,False,90,False,True,,,,,,,,,,,
3113,31130.0,31130.0,31133.0,0,3.0,3.0,31170.0,False,1,0,False,fast,0,1,True,False,86,False,True,,,,,,,,,,,
3114,31140.0,31140.0,31142.79999923706,0,2.799999237060547,2.799999237060547,31180.0,False,1,0,False,fast,0,0,False,False,85,False,True,,,,,,,,,,,
3116,31160.0,31160.0,31162.79999923706,0,2.799999237060547,2.799999237060547,31200.0,False,1,0,False,fast,0,1,True,False,83,False,True,,,,,,,,,,,
3117,31170.0,31170.0,31172.999996185303,0,2.9999961853027344,2.9999961853027344,31210.0,False,1,0,False,fast,0,0,False,False,82,False,True,,,,,,,,,,,
3121,31210.0,31210.0,31212.90000152588,0,2.9000015258789062,2.9000015258789062,31250.0,False,1,0,False,fast,0,0,False,False,78,False,True,,,,,,,,,,,
3124,31240.0,31240.0,31242.89999771118,0,2.8999977111816406,2.8999977111816406,31280.0,False,1,0,False,fast,0,0,False,False,75,False,True,,,,,,,,,,,
3125,31250.0,31250.0,31253.000003814697,0,3.0000038146972656,3.0000038146972656,31290.0,False,1,0,False,fast,0,0,False,False,74,False,True,,,,,,,,,,,
3129,31290.0,31290.0,31293.000003814697,0,3.0000038146972656,3.0000038146972656,31330.0,False,1,0,False,fast,0,1,True,False,70,False,True,,,,,,,,,,,
3131,31310.0,31310.0,31313.59999847412,0,3.5999984741210938,3.5999984741210938,31350.0,False,1,0,False,fast,0,0,False,False,68,False,True,,,,,,,,,,,
3133,31330.0,31330.0,31332.90000152588,0,2.9000015258789062,2.9000015258789062,31370.0,False,1,0,False,fast,0,0,False,False,66,False,True,,,,,,,,,,,
3134,31340.0,31340.0,31342.90000152588,0,2.9000015258789062,2.9000015258789062,31380.0,False,1,0,False,fast,0,0,False,False,65,False,True,,,,,,,,,,,
3136,31360.0,31360.0,31363.000003814697,0,3.0000038146972656,3.0000038146972656,31400.0,False,1,0,False,fast,0,0,False,False,63,False,True,,,,,,,,,,,
3137,31370.0,31370.0,31373.29999923706,0,3.299999237060547,3.299999237060547,31410.0,False,1,0,False,fast,0,1,True,False,62,False,True,,,,,,,,,,,
3141,31410.0,31410.0,31412.89999771118,0,2.8999977111816406,2.8999977111816406,31450.0,False,1,0,False,fast,0,1,True,False,58,False,True,,,,,,,,,,,
3145,31450.0,31450.0,31453.0,0,3.0,3.0,31490.0,False,1,0,False,fast,0,1,True,False,54,False,True,,,,,,,,,,,
3146,31460.0,31460.0,31463.000003814697,0,3.0000038146972656,3.0000038146972656,31500.0,False,1,0,False,fast,0,0,False,False,53,False,True,,,,,,,,,,,
3152,31520.0,31520.0,31522.89999771118,0,2.8999977111816406,2.8999977111816406,31560.0,False,1,0,False,fast,0,0,False,False,47,False,True,,,,,,,,,,,
3154,31540.0,31540.0,31542.90000152588,0,2.9000015258789062,2.9000015258789062,31580.0,False,1,0,False,fast,0,1,True,False,45,False,True,,,,,,,,,,,
3157,31570.0,31570.0,31572.79999923706,0,2.799999237060547,2.799999237060547,31610.0,False,1,0,False,fast,0,0,False,False,42,False,True,,,,,,,,,,,
3160,31600.0,31600.0,31603.200004577637,0,3.2000045776367188,3.2000045776367188,31640.0,False,1,0,False,fast,0,0,False,False,39,False,True,,,,,,,,,,,
3165,31650.0,31650.0,31653.099994659424,0,3.099994659423828,3.099994659423828,31690.0,False,1,0,False,fast,0,1,True,False,34,False,True,,,,,,,,,,,
3166,31660.0,31660.0,31663.09999847412,0,3.0999984741210938,3.0999984741210938,31700.0,False,1,0,False,fast,0,0,False,False,33,False,True,,,,,,,,,,,
3168,31680.0,31680.0,31682.90000152588,0,2.9000015258789062,2.9000015258789062,31720.0,False,1,0,False,fast,0,1,True,False,31,False,True,,,,,,,,,,,
3174,31740.0,31740.0,31742.90000152588,0,2.9000015258789062,2.9000015258789062,31780.0,False,1,0,False,fast,0,0,False,False,25,False,True,,,,,,,,,,,
3175,31750.0,31750.0,31753.29999923706,0,3.299999237060547,3.299999237060547,31790.0,False,1,0,False,fast,0,1,True,False,24,False,True,,,,,,,,,,,
3179,31790.0,31790.0,31793.0,0,3.0,3.0,31830.0,False,1,0,False,fast,0,0,False,False,20,False,True,,,,,,,,,,,
3197,31970.0,31970.0,31973.0,0,3.0,3.0,32010.0,False,1,0,False,fast,0,0,False,False,2,True,True,,,,,,,,,,,
3199,31990.0,31990.0,31993.0,0,3.0,3.0,32030.0,False,1,0,False,fast,0,0,False,True,0,True,True,,,,,,,,,,,
3205,32050.0,32050.0,32052.89999771118,0,2.8999977111816406,2.8999977111816406,32090.0,False,1,0,False,fast,0,0,False,False,94,False,True,,,,,,,,,,,
3209,32090.0,32090.0,32092.90000152588,0,2.9000015258789062,2.9000015258789062,32130.0,False,1,0,False,fast,0,0,False,False,90,False,True,,,,,,,,,,,
3215,32150.0,32150.0,32152.79999923706,0,2.799999237060547,2.799999237060547,32190.0,False,1,0,False,fast,0,0,False,False,84,False,True,,,,,,,,,,,
3219,32190.0,32190.0,32192.90000152588,0,2.9000015258789062,2.9000015258789062,32230.0,False,1,0,False,fast,0,0,False,False,80,False,True,,,,,,,,,,,
3221,32210.0,32210.0,32212.90000152588,0,2.9000015258789062,2.9000015258789062,32250.0,False,1,0,False,fast,0,1,True,False,78,False,True,,,,,,,,,,,
3228,32280.0,32280.0,32282.999996185303,0,2.9999961853027344,2.9999961853027344,32320.0,False,1,0,False,fast,0,0,False,False,71,False,True,,,,,,,,,,,
3229,32290.0,32290.0,32292.90000152588,0,2.9000015258789062,2.9000015258789062,32330.0,False,1,0,False,fast,0,1,True,False,70,False,True,,,,,,,,,,,
3230,32300.0,32300.0,32302.90000152588,0,2.9000015258789062,2.9000015258789062,32340.0,False,1,0,False,fast,0,0,False,False,69,False,True,,,,,,,,,,,
3232,32320.0,32320.0,32322.90000152588,0,2.9000015258789062,2.9000015258789062,32360.0,False,1,0,False,fast,0,0,False,False,67,False,True,,,,,,,,,,,
3237,32370.0,32370.0,32372.90000152588,0,2.9000015258789062,2.9000015258789062,32410.0,False,1,0,False,fast,0,0,False,False,62,False,True,,,,,,,,,,,
3240,32400.0,32400.0,32402.89999771118,0,2.8999977111816406,2.8999977111816406,32440.0,False,1,0,False,fast,0,0,False,False,59,False,True,,,,,,,,,,,
3243,32430.0,32430.0,32432.89999771118,0,2.8999977111816406,2.8999977111816406,32470.0,False,1,0,False,fast,0,1,True,False,56,False,True,,,,,,,,,,,
3244,32440.0,32440.0,32442.999996185303,0,2.9999961853027344,2.9999961853027344,32480.0,False,1,0,False,fast,0,0,False,False,55,False,True,,,,,,,,,,,
3246,32460.0,32460.0,32463.0,0,3.0,3.0,32500.0,False,1,0,False,fast,0,0,False,False,53,False,True,,,,,,,,,,,
3247,32470.0,32470.0,32472.90000152588,0,2.9000015258789062,2.9000015258789062,32510.0,False,1,0,False,fast,0,1,True,False,52,False,True,,,,,,,,,,,
3249,32490.0,32490.0,32493.20000076294,0,3.200000762939453,3.200000762939453,32530.0,False,1,0,False,fast,0,0,False,False,50,False,True,,,,,,,,,,,
3250,32500.0,32500.0,32502.90000152588,0,2.9000015258789062,2.9000015258789062,32540.0,False,1,0,False,fast,0,1,True,False,49,False,True,,,,,,,,,,,
3255,32550.0,32550.0,32552.89999771118,0,2.8999977111816406,2.8999977111816406,32590.0,False,1,0,False,fast,0,0,False,False,44,False,True,,,,,,,,,,,
3256,32560.0,32560.0,32563.000003814697,0,3.0000038146972656,3.0000038146972656,32600.0,False,1,0,False,fast,0,1,True,False,43,False,True,,,,,,,,,,,
3257,32570.0,32570.0,32573.09999847412,0,3.0999984741210938,3.0999984741210938,32610.0,False,1,0,False,fast,0,0,False,False,42,False,True,,,,,,,,,,,
3258,32580.0,32580.0,32583.000003814697,0,3.0000038146972656,3.0000038146972656,32620.0,False,1,0,False,fast,0,0,False,False,41,False,True,,,,,,,,,,,
3261,32610.0,32610.0,32613.0,0,3.0,3.0,32650.0,False,1,0,False,fast,0,1,True,False,38,False,True,,,,,,,,,,,
3262,32620.0,32620.0,32623.000003814697,0,3.0000038146972656,3.0000038146972656,32660.0,False,1,0,False,fast,0,1,True,False,37,False,True,,,,,,,,,,,
3263,32630.0,32630.0,32632.89999771118,0,2.8999977111816406,2.8999977111816406,32670.0,False,1,0,False,fast,0,1,True,False,36,False,True,,,,,,,,,,,
3264,32640.0,32640.0,32643.0,0,3.0,3.0,32680.0,False,1,0,False,fast,0,1,True,False,35,False,True,,,,,,,,,,,
3267,32670.0,32670.0,32672.999996185303,0,2.9999961853027344,2.9999961853027344,32710.0,False,1,0,False,fast,0,0,False,False,32,False,True,,,,,,,,,,,
3272,32720.0,32720.0,32722.89999771118,0,2.8999977111816406,2.8999977111816406,32760.0,False,1,0,False,fast,0,1,True,False,27,False,True,,,,,,,,,,,
3276,32760.0,32760.0,32762.90000152588,0,2.9000015258789062,2.9000015258789062,32800.0,False,1,0,False,fast,0,0,False,False,23,False,True,,,,,,,,,,,
3281,32810.0,32810.0,32812.90000152588,0,2.9000015258789062,2.9000015258789062,32850.0,False,1,0,False,fast,0,0,False,False,18,False,True,,,,,,,,,,,
3283,32830.0,32830.0,32850.5,0,20.5,20.5,32870.0,False,1,0,False,fast,0,0,False,False,16,False,True,,,,,,,,,,,
3284,32840.0,32850.5,32854.59999847412,0,4.099998474121094,14.599998474121094,32880.0,False,2,1,False,fast,0,1,True,False,15,False,True,,,,,,,,,,,
3285,32850.0,32854.59999847412,32857.79999923706,0,3.200000762939453,7.799999237060547,32890.0,False,3,2,False,fast,0,0,False,False,14,False,True,,,,,,,,,,,
3287,32870.0,32870.0,32872.90000152588,0,2.9000015258789062,2.9000015258789062,32910.0,False,1,0,False,fast,0,0,False,False,12,False,True,,,,,,,,,,,
3292,32920.0,32920.0,32922.89999771118,0,2.8999977111816406,2.8999977111816406,32960.0,False,1,0,False,fast,0,0,False,False,7,False,True,,,,,,,,,,,
3294,32940.0,32940.0,32943.0,0,3.0,3.0,32980.0,False,1,0,False,fast,0,1,True,False,5,False,True,,,,,,,,,,,
3295,32950.0,32950.0,32952.80000305176,0,2.8000030517578125,2.8000030517578125,32990.0,False,1,0,False,fast,0,1,True,False,4,False,True,,,,,,,,,,,
3296,32960.0,32960.0,32962.89999771118,0,2.8999977111816406,2.8999977111816406,33000.0,False,1,0,False,fast,0,0,False,False,3,False,True,,,,,,,,,,,
3298,32980.0,32980.0,32983.10000228882,0,3.1000022888183594,3.1000022888183594,33020.0,False,1,0,False,fast,0,0,False,False,1,True,True,,,,,,,,,,,
3299,32990.0,32990.0,32992.89999771118,0,2.8999977111816406,2.8999977111816406,33030.0,False,1,0,False,fast,0,1,True,True,0,True,True,,,,,,,,,,,
3303,33030.0,33030.0,33033.09999847412,0,3.0999984741210938,3.0999984741210938,33070.0,False,1,0,False,fast,0,1,True,False,96,False,True,,,,,,,,,,,
3308,33080.0,33080.0,33082.89999771118,0,2.8999977111816406,2.8999977111816406,33120.0,False,1,0,False,fast,0,1,True,False,91,False,True,,,,,,,,,,,
3316,33160.0,33160.0,33163.09999847412,0,3.0999984741210938,3.0999984741210938,33200.0,False,1,0,False,fast,0,0,False,False,83,False,True,,,,,,,,,,,
3318,33180.0,33180.0,33182.90000152588,0,2.9000015258789062,2.9000015258789062,33220.0,False,1,0,False,fast,0,0,False,False,81,False,True,,,,,,,,,,,
3319,33190.0,33190.0,33192.90000152588,0,2.9000015258789062,2.9000015258789062,33230.0,False,1,0,False,fast,0,0,False,False,80,False,True,,,,,,,,,,,
3320,33200.0,33200.0,33203.0,0,3.0,3.0,33240.0,False,1,0,False,fast,0,1,True,False,79,False,True,,,,,,,,,,,
3323,33230.0,33230.0,33232.79999923706,0,2.799999237060547,2.799999237060547,33270.0,False,1,0,False,fast,0,0,False,False,76,False,True,,,,,,,,,,,
3326,33260.0,33260.0,33263.0,0,3.0,3.0,33300.0,False,1,0,False,fast,0,0,False,False,73,False,True,,,,,,,,,,,
3333,33330.0,33330.0,33333.09999847412,0,3.0999984741210938,3.0999984741210938,33370.0,False,1,0,False,fast,0,1,True,False,66,False,True,,,,,,,,,,,
3341,33410.0,33410.0,33412.89999771118,0,2.8999977111816406,2.8999977111816406,33450.0,False,1,0,False,fast,0,1,True,False,58,False,True,,,,,,,,,,,
3342,33420.0,33420.0,33422.79999923706,0,2.799999237060547,2.799999237060547,33460.0,False,1,0,False,fast,0,0,False,False,57,False,True,,,,,,,,,,,
3346,33460.0,33460.0,33462.79999923706,0,2.799999237060547,2.799999237060547,33500.0,False,1,0,False,fast,0,0,False,False,53,False,True,,,,,,,,,,,
3347,33470.0,33470.0,33472.80000305176,0,2.8000030517578125,2.8000030517578125,33510.0,False,1,0,False,fast,0,1,True,False,52,False,True,,,,,,,,,,,
3349,33490.0,33490.0,33492.9999961853,0,2.9999961853027344,2.9999961853027344,33530.0,False,1,0,False,fast,0,1,True,False,50,False,True,,,,,,,,,,,
3350,33500.0,33500.0,33502.79999923706,0,2.799999237060547,2.799999237060547,33540.0,False,1,0,False,fast,0,0,False,False,49,False,True,,,,,,,,,,,
3355,33550.0,33550.0,33552.79999923706,0,2.799999237060547,2.799999237060547,33590.0,False,1,0,False,fast,0,1,True,False,44,False,True,,,,,,,,,,,
3356,33560.0,33560.0,33562.89999771118,0,2.8999977111816406,2.8999977111816406,33600.0,False,1,0,False,fast,0,0,False,False,43,False,True,,,,,,,,,,,
3360,33600.0,33600.0,33602.89999771118,0,2.8999977111816406,2.8999977111816406,33640.0,False,1,0,False,fast,0,0,False,False,39,False,True,,,,,,,,,,,
3364,33640.0,33640.0,33643.09999847412,0,3.0999984741210938,3.0999984741210938,33680.0,False,1,0,False,fast,0,1,True,False,35,False,True,,,,,,,,,,,
3365,33650.0,33650.0,33653.0,0,3.0,3.0,33690.0,False,1,0,False,fast,0,0,False,False,34,False,True,,,,,,,,,,,
3368,33680.0,33680.0,33682.89999771118,0,2.8999977111816406,2.8999977111816406,33720.0,False,1,0,False,fast,0,0,False,False,31,False,True,,,,,,,,,,,
3375,33750.0,33750.0,33753.0,0,3.0,3.0,33790.0,False,1,0,False,fast,0,0,False,False,24,False,True,,,,,,,,,,,
3377,33770.0,33770.0,33772.90000152588,0,2.9000015258789062,2.9000015258789062,33810.0,False,1,0,False,fast,0,1,True,False,22,False,True,,,,,,,,,,,
3380,33800.0,33800.0,33802.79999923706,0,2.799999237060547,2.799999237060547,33840.0,False,1,0,False,fast,0,1,True,False,19,False,True,,,,,,,,,,,
3381,33810.0,33810.0,33813.0,0,3.0,3.0,33850.0,False,1,0,False,fast,0,0,False,False,18,False,True,,,,,,,,,,,
3383,33830.0,33830.0,33832.90000152588,0,2.9000015258789062,2.9000015258789062,33870.0,False,1,0,False,fast,0,1,True,False,16,False,True,,,,,,,,,,,
3388,33880.0,33880.0,33882.90000152588,0,2.9000015258789062,2.9000015258789062,33920.0,False,1,0,False,fast,0,0,False,False,11,False,True,,,,,,,,,,,
3390,33900.0,33900.0,33902.90000152588,0,2.9000015258789062,2.9000015258789062,33940.0,False,1,0,False,fast,0,0,False,False,9,False,True,,,,,,,,,,,
3392,33920.0,33920.0,33922.9999961853,0,2.9999961853027344,2.9999961853027344,33960.0,False,1,0,False,fast,0,1,True,False,7,False,True,,,,,,,,,,,
3393,33930.0,33930.0,33932.89999771118,0,2.8999977111816406,2.8999977111816406,33970.0,False,1,0,False,fast,0,0,False,False,6,False,True,,,,,,,,,,,
3394,33940.0,33940.0,33943.0000038147,0,3.0000038146972656,3.0000038146972656,33980.0,False,1,0,False,fast,0,0,False,False,5,False,True,,,,,,,,,,,
3395,33950.0,33950.0,33953.0000038147,0,3.0000038146972656,3.0000038146972656,33990.0,False,1,0,False,fast,0,1,True,False,4,False,True,,,,,,,,,,,
3397,33970.0,33970.0,33972.9999961853,0,2.9999961853027344,2.9999961853027344,34010.0,False,1,0,False,fast,0,1,True,False,2,True,True,,,,,,,,,,,
3398,33980.0,33980.0,33982.90000152588,0,2.9000015258789062,2.9000015258789062,34020.0,False,1,0,False,fast,0,1,True,False,1,True,True,,,,,,,,,,,
3399,33990.0,33990.0,33993.09999847412,0,3.0999984741210938,3.0999984741210938,34030.0,False,1,0,False,fast,0,1,True,True,0,True,True,,,,,,,,,,,
3400,34000.0,34000.0,34002.90000152588,0,2.9000015258789062,2.9000015258789062,34040.0,False,1,0,False,fast,0,1,True,False,99,False,True,,,,,,,,,,,
3405,34050.0,34050.0,34053.0,0,3.0,3.0,34090.0,False,1,0,False,fast,0,0,False,False,94,False,True,,,,,,,,,,,
3407,34070.0,34070.0,34072.79999923706,0,2.799999237060547,2.799999237060547,34110.0,False,1,0,False,fast,0,1,True,False,92,False,True,,,,,,,,,,,
3409,34090.0,34090.0,34092.90000152588,0,2.9000015258789062,2.9000015258789062,34130.0,False,1,0,False,fast,0,1,True,False,90,False,True,,,,,,,,,,,
3410,34100.0,34100.0,34104.40000152588,0,4.400001525878906,4.400001525878906,34140.0,False,1,0,False,fast,0,0,False,False,89,False,True,,,,,,,,,,,
3411,34110.0,34110.0,34112.90000152588,0,2.9000015258789062,2.9000015258789062,34150.0,False,1,0,False,fast,0,0,False,False,88,False,True,,,,,,,,,,,
3412,34120.0,34120.0,34122.90000152588,0,2.9000015258789062,2.9000015258789062,34160.0,False,1,0,False,fast,0,0,False,False,87,False,True,,,,,,,,,,,
3416,34160.0,34160.0,34162.90000152588,0,2.9000015258789062,2.9000015258789062,34200.0,False,1,0,False,fast,0,0,False,False,83,False,True,,,,,,,,,,,
3418,34180.0,34180.0,34182.90000152588,0,2.9000015258789062,2.9000015258789062,34220.0,False,1,0,False,fast,0,0,False,False,81,False,True,,,,,,,,,,,
3420,34200.0,34200.0,34202.90000152588,0,2.9000015258789062,2.9000015258789062,34240.0,False,1,0,False,fast,0,0,False,False,79,False,True,,,,,,,,,,,
3421,34210.0,34210.0,34213.10000228882,0,3.1000022888183594,3.1000022888183594,34250.0,False,1,0,False,fast,0,0,False,False,78,False,True,,,,,,,,,,,
3425,34250.0,34250.0,34253.0,0,3.0,3.0,34290.0,False,1,0,False,fast,0,0,False,False,74,False,True,,,,,,,,,,,
3430,34300.0,34300.0,34302.79999923706,0,2.799999237060547,2.799999237060547,34340.0,False,1,0,False,fast,0,0,False,False,69,False,True,,,,,,,,,,,
3432,34320.0,34320.0,34323.0,0,3.0,3.0,34360.0,False,1,0,False,fast,0,1,True,False,67,False,True,,,,,,,,,,,
3437,34370.0,34370.0,34373.0,0,3.0,3.0,34410.0,False,1,0,False,fast,0,1,True,False,62,False,True,,,,,,,,,,,
3439,34390.0,34390.0,34392.9999961853,0,2.9999961853027344,2.9999961853027344,34430.0,False,1,0,False,fast,0,0,False,False,60,False,True,,,,,,,,,,,
3444,34440.0,34440.0,34442.90000152588,0,2.9000015258789062,2.9000015258789062,34480.0,False,1,0,False,fast,0,0,False,False,55,False,True,,,,,,,,,,,
3445,34450.0,34450.0,34453.09999847412,0,3.0999984741210938,3.0999984741210938,34490.0,False,1,0,False,fast,0,1,True,False,54,False,True,,,,,,,,,,,
3448,34480.0,34480.0,34482.79999923706,0,2.799999237060547,2.799999237060547,34520.0,False,1,0,False,fast,0,0,False,False,51,False,True,,,,,,,,,,,
3449,34490.0,34490.0,34492.90000152588,0,2.9000015258789062,2.9000015258789062,34530.0,False,1,0,False,fast,0,0,False,False,50,False,True,,,,,,,,,,,
3453,34530.0,34530.0,34534.39999771118,0,4.399997711181641,4.399997711181641,34570.0,False,1,0,False,fast,0,1,True,False,46,False,True,,,,,,,,,,,
3458,34580.0,34580.0,34583.0,0,3.0,3.0,34620.0,False,1,0,False,fast,0,0,False,False,41,False,True,,,,,,,,,,,
3462,34620.0,34620.0,34623.0000038147,0,3.0000038146972656,3.0000038146972656,34660.0,False,1,0,False,fast,0,0,False,False,37,False,True,,,,,,,,,,,
3463,34630.0,34630.0,34632.90000152588,0,2.9000015258789062,2.9000015258789062,34670.0,False,1,0,False,fast,0,0,False,False,36,False,True,,,,,,,,,,,
3465,34650.0,34650.0,34652.79999923706,0,2.799999237060547,2.799999237060547,34690.0,False,1,0,False,fast,0,0,False,False,34,False,True,,,,,,,,,,,
3466,34660.0,34660.0,34662.89999771118,0,2.8999977111816406,2.8999977111816406,34700.0,False,1,0,False,fast,0,1,True,False,33,False,True,,,,,,,,,,,
3467,34670.0,34670.0,34672.89999771118,0,2.8999977111816406,2.8999977111816406,34710.0,False,1,0,False,fast,0,0,False,False,32,False,True,,,,,,,,,,,
3469,34690.0,34690.0,34692.90000152588,0,2.9000015258789062,2.9000015258789062,34730.0,False,1,0,False,fast,0,0,False,False,30,False,True,,,,,,,,,,,
3471,34710.0,34710.0,34712.89999771118,0,2.8999977111816406,2.8999977111816406,34750.0,False,1,0,False,fast,0,1,True,False,28,False,True,,,,,,,,,,,
3477,34770.0,34770.0,34772.90000152588,0,2.9000015258789062,2.9000015258789062,34810.0,False,1,0,False,fast,0,0,False,False,22,False,True,,,,,,,,,,,
3480,34800.0,34800.0,34802.79999923706,0,2.799999237060547,2.799999237060547,34840.0,False,1,0,False,fast,0,0,False,False,19,False,True,,,,,,,,,,,
3482,34820.0,34820.0,34823.0,0,3.0,3.0,34860.0,False,1,0,False,fast,0,0,False,False,17,False,True,,,,,,,,,,,
3484,34840.0,34840.0,34842.90000152588,0,2.9000015258789062,2.9000015258789062,34880.0,False,1,0,False,fast,0,0,False,False,15,False,True,,,,,,,,,,,
3486,34860.0,34860.0,34863.29999923706,0,3.299999237060547,3.299999237060547,34900.0,False,1,0,False,fast,0,0,False,False,13,False,True,,,,,,,,,,,
3488,34880.0,34880.0,34882.90000152588,0,2.9000015258789062,2.9000015258789062,34920.0,False,1,0,False,fast,0,0,False,False,11,False,True,,,,,,,,,,,
3491,34910.0,34910.0,34913.09999847412,0,3.0999984741210938,3.0999984741210938,34950.0,False,1,0,False,fast,0,0,False,False,8,False,True,,,,,,,,,,,
3492,34920.0,34920.0,34922.79999923706,0,2.799999237060547,2.799999237060547,34960.0,False,1,0,False,fast,0,1,True,False,7,False,True,,,,,,,,,,,
3493,34930.0,34930.0,34933.0,0,3.0,3.0,34970.0,False,1,0,False,fast,0,0,False,False,6,False,True,,,,,,,,,,,
3494,34940.0,34940.0,34943.09999847412,0,3.0999984741210938,3.0999984741210938,34980.0,False,1,0,False,fast,0,0,False,False,5,False,True,,,,,,,,,,,
3495,34950.0,34950.0,34953.90000152588,0,3.9000015258789062,3.9000015258789062,34990.0,False,1,0,False,fast,0,0,False,False,4,False,True,,,,,,,,,,,
3498,34980.0,34980.0,34983.0000038147,0,3.0000038146972656,3.0000038146972656,35020.0,False,1,0,False,fast,0,0,False,False,1,True,True,,,,,,,,,,,
3500,35000.0,35000.0,35002.89999771118,0,2.8999977111816406,2.8999977111816406,35040.0,False,1,0,False,fast,0,0,False,False,99,False,True,,,,,,,,,,,
3501,35010.0,35010.0,35012.89999771118,0,2.8999977111816406,2.8999977111816406,35050.0,False,1,0,False,fast,0,1,True,False,98,False,True,,,,,,,,,,,
3502,35020.0,35020.0,35022.89999771118,0,2.8999977111816406,2.8999977111816406,35060.0,False,1,0,False,fast,0,0,False,False,97,False,True,,,,,,,,,,,
3503,35030.0,35030.0,35032.89999771118,0,2.8999977111816406,2.8999977111816406,35070.0,False,1,0,False,fast,0,1,True,False,96,False,True,,,,,,,,,,,
3506,35060.0,35060.0,35062.79999923706,0,2.799999237060547,2.799999237060547,35100.0,False,1,0,False,fast,0,0,False,False,93,False,True,,,,,,,,,,,
3509,35090.0,35090.0,35092.89999771118,0,2.8999977111816406,2.8999977111816406,35130.0,False,1,0,False,fast,0,1,True,False,90,False,True,,,,,,,,,,,
3510,35100.0,35100.0,35103.0,0,3.0,3.0,35140.0,False,1,0,False,fast,0,0,False,False,89,False,True,,,,,,,,,,,
3513,35130.0,35130.0,35132.90000152588,0,2.9000015258789062,2.9000015258789062,35170.0,False,1,0,False,fast,0,1,True,False,86,False,True,,,,,,,,,,,
3515,35150.0,35150.0,35152.90000152588,0,2.9000015258789062,2.9000015258789062,35190.0,False,1,0,False,fast,0,0,False,False,84,False,True,,,,,,,,,,,
3517,35170.0,35170.0,35172.79999923706,0,2.799999237060547,2.799999237060547,35210.0,False,1,0,False,fast,0,0,False,False,82,False,True,,,,,,,,,,,
3519,35190.0,35190.0,35194.20000076294,0,4.200000762939453,4.200000762939453,35230.0,False,1,0,False,fast,0,0,False,False,80,False,True,,,,,,,,,,,
3522,35220.0,35220.0,35222.79999923706,0,2.799999237060547,2.799999237060547,35260.0,False,1,0,False,fast,0,1,True,False,77,False,True,,,,,,,,,,,
3530,35300.0,35300.0,35302.89999771118,0,2.8999977111816406,2.8999977111816406,35340.0,False,1,0,False,fast,0,0,False,False,69,False,True,,,,,,,,,,,
3534,35340.0,35340.0,35343.0,0,3.0,3.0,35380.0,False,1,0,False,fast,0,0,False,False,65,False,True,,,,,,,,,,,
3537,35370.0,35370.0,35374.10000228882,0,4.100002288818359,4.100002288818359,35410.0,False,1,0,False,fast,0,0,False,False,62,False,True,,,,,,,,,,,
3538,35380.0,35380.0,35382.9999961853,0,2.9999961853027344,2.9999961853027344,35420.0,False,1,0,False,fast,0,0,False,False,61,False,True,,,,,,,,,,,
3542,35420.0,35420.0,35423.0,0,3.0,3.0,35460.0,False,1,0,False,fast,0,0,False,False,57,False,True,,,,,,,,,,,
3546,35460.0,35460.0,35462.90000152588,0,2.9000015258789062,2.9000015258789062,35500.0,False,1,0,False,fast,0,0,False,False,53,False,True,,,,,,,,,,,
3550,35500.0,35500.0,35502.90000152588,0,2.9000015258789062,2.9000015258789062,35540.0,False,1,0,False,fast,0,0,False,False,49,False,True,,,,,,,,,,,
3552,35520.0,35520.0,35522.89999771118,0,2.8999977111816406,2.8999977111816406,35560.0,False,1,0,False,fast,0,1,True,False,47,False,True,,,,,,,,,,,
3553,35530.0,35530.0,35533.0000038147,0,3.0000038146972656,3.0000038146972656,35570.0,False,1,0,False,fast,0,0,False,False,46,False,True,,,,,,,,,,,
3556,35560.0,35560.0,35562.90000152588,0,2.9000015258789062,2.9000015258789062,35600.0,False,1,0,False,fast,0,0,False,False,43,False,True,,,,,,,,,,,
3557,35570.0,35570.0,35572.9999961853,0,2.9999961853027344,2.9999961853027344,35610.0,False,1,0,False,fast,0,0,False,False,42,False,True,,,,,,,,,,,
3558,35580.0,35580.0,35582.90000152588,0,2.9000015258789062,2.9000015258789062,35620.0,False,1,0,False,fast,0,0,False,False,41,False,True,,,,,,,,,,,
3559,35590.0,35590.0,35592.90000152588,0,2.9000015258789062,2.9000015258789062,35630.0,False,1,0,False,fast,0,0,False,False,40,False,True,,,,,,,,,,,
3563,35630.0,35630.0,35633.0000038147,0,3.0000038146972656,3.0000038146972656,35670.0,False,1,0,False,fast,0,0,False,False,36,False,True,,,,,,,,,,,
3565,35650.0,35650.0,35653.0000038147,0,3.0000038146972656,3.0000038146972656,35690.0,False,1,0,False,fast,0,0,False,False,34,False,True,,,,,,,,,,,
3573,35730.0,35730.0,35732.90000152588,0,2.9000015258789062,2.9000015258789062,35770.0,False,1,0,False,fast,0,0,False,False,26,False,True,,,,,,,,,,,
3574,35740.0,35740.0,35742.9999961853,0,2.9999961853027344,2.9999961853027344,35780.0,False,1,0,False,fast,0,1,True,False,25,False,True,,,,,,,,,,,
3576,35760.0,35760.0,35763.0,0,3.0,3.0,35800.0,False,1,0,False,fast,0,0,False,False,23,False,True,,,,,,,,,,,
3581,35810.0,35810.0,35812.90000152588,0,2.9000015258789062,2.9000015258789062,35850.0,False,1,0,False,fast,0,0,False,False,18,False,True,,,,,,,,,,,
3584,35840.0,35840.0,35842.89999771118,0,2.8999977111816406,2.8999977111816406,35880.0,False,1,0,False,fast,0,0,False,False,15,False,True,,,,,,,,,,,
3589,35890.0,35890.0,35892.9999961853,0,2.9999961853027344,2.9999961853027344,35930.0,False,1,0,False,fast,0,0,False,False,10,False,True,,,,,,,,,,,
3590,35900.0,35900.0,35902.9999961853,0,2.9999961853027344,2.9999961853027344,35940.0,False,1,0,False,fast,0,0,False,False,9,False,True,,,,,,,,,,,
3591,35910.0,35910.0,35912.79999923706,0,2.799999237060547,2.799999237060547,35950.0,False,1,0,False,fast,0,0,False,False,8,False,True,,,,,,,,,,,
3598,35980.0,35980.0,35982.90000152588,0,2.9000015258789062,2.9000015258789062,36020.0,False,1,0,False,fast,0,0,False,False,1,True,True,,,,,,,,,,,
3600,36000.0,36000.0,36003.0,0,3.0,3.0,36040.0,False,1,0,False,fast,0,1,True,False,99,False,True,,,,,,,,,,,
3603,36030.0,36030.0,36032.89999771118,0,2.8999977111816406,2.8999977111816406,36070.0,False,1,0,False,fast,0,0,False,False,96,False,True,,,,,,,,,,,
3607,36070.0,36070.0,36073.5000038147,0,3.5000038146972656,3.5000038146972656,36110.0,False,1,0,False,fast,0,0,False,False,92,False,True,,,,,,,,,,,
3612,36120.0,36120.0,36122.90000152588,0,2.9000015258789062,2.9000015258789062,36160.0,False,1,0,False,fast,0,0,False,False,87,False,True,,,,,,,,,,,
3614,36140.0,36140.0,36142.89999771118,0,2.8999977111816406,2.8999977111816406,36180.0,False,1,0,False,fast,0,0,False,False,85,False,True,,,,,,,,,,,
3615,36150.0,36150.0,36152.90000152588,0,2.9000015258789062,2.9000015258789062,36190.0,False,1,0,False,fast,0,1,True,False,84,False,True,,,,,,,,,,,
3619,36190.0,36190.0,36193.0,0,3.0,3.0,36230.0,False,1,0,False,fast,0,0,False,False,80,False,True,,,,,,,,,,,
3621,36210.0,36210.0,36212.9999961853,0,2.9999961853027344,2.9999961853027344,36250.0,False,1,0,False,fast,0,0,False,False,78,False,True,,,,,,,,,,,
3622,36220.0,36220.0,36222.90000152588,0,2.9000015258789062,2.9000015258789062,36260.0,False,1,0,False,fast,0,0,False,False,77,False,True,,,,,,,,,,,
3624,36240.0,36240.0,36244.30000305176,0,4.3000030517578125,4.3000030517578125,36280.0,False,1,0,False,fast,0,1,True,False,75,False,True,,,,,,,,,,,
3625,36250.0,36250.0,36254.5,0,4.5,4.5,36290.0,False,1,0,False,fast,0,0,False,False,74,False,True,,,,,,,,,,,
3627,36270.0,36270.0,36682.59999847412,0,412.5999984741211,412.5999984741211,36310.0,True,1,0,False,fast,0,0,False,False,72,False,False,,,,,,,,,,,
3628,36280.0,36682.59999847412,36701.9999961853,0,19.39999771118164,421.99999618530273,36320.0,True,2,1,False,fast,0,1,True,False,71,False,False,,,,,,,,,,,
3630,36300.0,36701.9999961853,36706.89999771118,0,4.900001525878906,406.89999771118164,36340.0,True,3,2,False,fast,0,1,True,False,69,False,False,,,,,,,,,,,
3635,36350.0,36706.89999771118,36711.4999961853,0,4.599998474121094,361.49999618530273,36390.0,True,4,3,False,fast,0,0,False,False,64,False,False,,,,,,,,,,,
3636,36360.0,36711.4999961853,36716.09999847412,0,4.600002288818359,356.0999984741211,36400.0,True,5,4,False,fast,0,0,False,False,63,False,False,,,,,,,,,,,
3637,36370.0,36716.09999847412,36720.70000076294,0,4.600002288818359,350.70000076293945,36410.0,True,6,5,True,fast,0,0,False,False,62,False,False,,,,,,,,,,,
3638,36380.0,36720.70000076294,36725.20000076294,0,4.5,345.20000076293945,36420.0,True,7,6,True,fast,0,0,False,False,61,False,False,,,,,,,,,,,
3639,36390.0,36725.20000076294,36729.59999847412,0,4.399997711181641,339.5999984741211,36430.0,True,8,7,True,fast,0,1,True,False,60,False,False,,,,,,,,,,,
3641,36410.0,36729.59999847412,36734.29999542236,0,4.6999969482421875,324.2999954223633,36450.0,True,9,8,True,fast,0,0,False,False,58,False,False,,,,,,,,,,,
3643,36430.0,36734.29999542236,36739.899993896484,0,5.599998474121094,309.8999938964844,36470.0,True,10,9,True,fast,0,0,False,False,56,False,False,,,,,,,,,,,
3647,36470.0,36739.899993896484,36744.59999084473,0,4.6999969482421875,274.59999084472656,36510.0,True,11,10,True,fast,0,0,False,False,52,False,False,,,,,,,,,,,
3648,36480.0,36744.59999084473,36749.39999008179,0,4.799999237060547,269.3999900817871,36520.0,True,12,11,True,fast,0,0,False,False,51,False,False,,,,,,,,,,,
3651,36510.0,36749.39999008179,36753.89999008179,0,4.5,243.8999900817871,36550.0,True,13,12,True,fast,0,1,True,False,48,False,False,,,,,,,,,,,
3655,36550.0,36753.89999008179,36758.299991607666,0,4.400001525878906,208.29999160766602,36590.0,True,14,13,True,fast,0,0,False,False,44,False,False,,,,,,,,,,,
3659,36590.0,36758.299991607666,36763.29998779297,0,4.999996185302734,173.29998779296875,36630.0,True,15,14,True,fast,0,0,False,False,40,False,False,,,,,,,,,,,
3660,36600.0,36763.29998779297,36767.99998855591,0,4.700000762939453,167.9999885559082,36640.0,True,16,15,True,fast,0,0,False,False,39,False,False,,,,,,,,,,,
3662,36620.0,36767.99998855591,36773.299991607666,0,5.3000030517578125,153.29999160766602,36660.0,True,17,16,True,fast,0,0,False,False,37,False,False,,,,,,,,,,,
3663,36630.0,36773.299991607666,36777.89999008179,0,4.599998474121094,147.8999900817871,36670.0,True,18,17,True,fast,0,0,False,False,36,False,False,,,,,,,,,,,
3665,36650.0,36777.89999008179,36782.69998550415,0,4.799995422363281,132.6999855041504,36690.0,True,19,18,True,fast,0,0,False,False,34,False,False,,,,,,,,,,,
3666,36660.0,36782.69998550415,36785.59998703003,0,2.9000015258789062,125.5999870300293,36700.0,True,20,19,True,fast,0,1,True,False,33,False,False,,,,,,,,,,,
3667,36670.0,36785.59998703003,36788.39998626709,0,2.799999237060547,118.39998626708984,36710.0,True,21,20,True,fast,0,1,True,False,32,False,False,,,,,,,,,,,
3669,36690.0,36788.39998626709,36791.19998550415,0,2.799999237060547,101.19998550415039,36730.0,True,21,20,True,fast,0,0,False,False,30,False,False,,,,,,,,,,,
3673,36730.0,36791.19998550415,36794.39998245239,0,3.1999969482421875,64.39998245239258,36770.0,True,15,14,True,fast,0,0,False,False,26,False,False,,,,,,,,,,,
3677,36770.0,36794.39998245239,36797.69998168945,0,3.299999237060547,27.699981689453125,36810.0,False,8,7,True,fast,0,0,False,False,22,False,False,,,,,,,,,,,
3680,36800.0,36800.0,36802.80000305176,0,2.8000030517578125,2.8000030517578125,36840.0,False,1,0,False,fast,0,1,True,False,19,False,True,,,,,,,,,,,
3684,36840.0,36840.0,36843.0000038147,0,3.0000038146972656,3.0000038146972656,36880.0,False,1,0,False,fast,0,0,False,False,15,False,True,,,,,,,,,,,
3685,36850.0,36850.0,36853.9999961853,0,3.9999961853027344,3.9999961853027344,36890.0,False,1,0,False,fast,0,0,False,False,14,False,True,,,,,,,,,,,
3691,36910.0,36910.0,36912.90000152588,0,2.9000015258789062,2.9000015258789062,36950.0,False,1,0,False,fast,0,0,False,False,8,False,True,,,,,,,,,,,
3692,36920.0,36920.0,36922.90000152588,0,2.9000015258789062,2.9000015258789062,36960.0,False,1,0,False,fast,0,1,True,False,7,False,True,,,,,,,,,,,
3697,36970.0,36970.0,36973.0,0,3.0,3.0,37010.0,False,1,0,False,fast,0,0,False,False,2,True,True,,,,,,,,,,,
3698,36980.0,36980.0,36983.0000038147,0,3.0000038146972656,3.0000038146972656,37020.0,False,1,0,False,fast,0,0,False,False,1,True,True,,,,,,,,,,,
3700,37000.0,37000.0,37002.90000152588,0,2.9000015258789062,2.9000015258789062,37040.0,False,1,0,False,fast,0,1,True,False,99,False,True,,,,,,,,,,,
3701,37010.0,37010.0,37013.0,0,3.0,3.0,37050.0,False,1,0,False,fast,0,0,False,False,98,False,True,,,,,,,,,,,
3707,37070.0,37070.0,37074.29999923706,0,4.299999237060547,4.299999237060547,37110.0,False,1,0,False,fast,0,0,False,False,92,False,True,,,,,,,,,,,
3708,37080.0,37080.0,37083.29999923706,0,3.299999237060547,3.299999237060547,37120.0,False,1,0,False,fast,0,0,False,False,91,False,True,,,,,,,,,,,
3710,37100.0,37100.0,37102.90000152588,0,2.9000015258789062,2.9000015258789062,37140.0,False,1,0,False,fast,0,0,False,False,89,False,True,,,,,,,,,,,
3711,37110.0,37110.0,37112.89999771118,0,2.8999977111816406,2.8999977111816406,37150.0,False,1,0,False,fast,0,0,False,False,88,False,True,,,,,,,,,,,
3713,37130.0,37130.0,37132.89999771118,0,2.8999977111816406,2.8999977111816406,37170.0,False,1,0,False,fast,0,0,False,False,86,False,True,,,,,,,,,,,
3714,37140.0,37140.0,37142.90000152588,0,2.9000015258789062,2.9000015258789062,37180.0,False,1,0,False,fast,0,0,False,False,85,False,True,,,,,,,,,,,
3715,37150.0,37150.0,37152.79999923706,0,2.799999237060547,2.799999237060547,37190.0,False,1,0,False,fast,0,0,False,False,84,False,True,,,,,,,,,,,
3717,37170.0,37170.0,37172.90000152588,0,2.9000015258789062,2.9000015258789062,37210.0,False,1,0,False,fast,0,1,True,False,82,False,True,,,,,,,,,,,
3718,37180.0,37180.0,37182.90000152588,0,2.9000015258789062,2.9000015258789062,37220.0,False,1,0,False,fast,0,0,False,False,81,False,True,,,,,,,,,,,
3722,37220.0,37220.0,37223.0,0,3.0,3.0,37260.0,False,1,0,False,fast,0,1,True,False,77,False,True,,,,,,,,,,,
3723,37230.0,37230.0,37233.0000038147,0,3.0000038146972656,3.0000038146972656,37270.0,False,1,0,False,fast,0,0,False,False,76,False,True,,,,,,,,,,,
3724,37240.0,37240.0,37242.89999771118,0,2.8999977111816406,2.8999977111816406,37280.0,False,1,0,False,fast,0,0,False,False,75,False,True,,,,,,,,,,,
3727,37270.0,37270.0,37272.89999771118,0,2.8999977111816406,2.8999977111816406,37310.0,False,1,0,False,fast,0,0,False,False,72,False,True,,,,,,,,,,,
3729,37290.0,37290.0,37292.9999961853,0,2.9999961853027344,2.9999961853027344,37330.0,False,1,0,False,fast,0,1,True,False,70,False,True,,,,,,,,,,,
3731,37310.0,37310.0,37313.10000228882,0,3.1000022888183594,3.1000022888183594,37350.0,False,1,0,False,fast,0,1,True,False,68,False,True,,,,,,,,,,,
3732,37320.0,37320.0,37323.0000038147,0,3.0000038146972656,3.0000038146972656,37360.0,False,1,0,False,fast,0,0,False,False,67,False,True,,,,,,,,,,,
3735,37350.0,37350.0,37353.20000076294,0,3.200000762939453,3.200000762939453,37390.0,False,1,0,False,fast,0,0,False,False,64,False,True,,,,,,,,,,,
3738,37380.0,37380.0,37382.89999771118,0,2.8999977111816406,2.8999977111816406,37420.0,False,1,0,False,fast,0,1,True,False,61,False,True,,,,,,,,,,,
3739,37390.0,37390.0,37392.90000152588,0,2.9000015258789062,2.9000015258789062,37430.0,False,1,0,False,fast,0,1,True,False,60,False,True,,,,,,,,,,,
3740,37400.0,37400.0,37402.90000152588,0,2.9000015258789062,2.9000015258789062,37440.0,False,1,0,False,fast,0,0,False,False,59,False,True,,,,,,,,,,,
3742,37420.0,37420.0,37422.89999771118,0,2.8999977111816406,2.8999977111816406,37460.0,False,1,0,False,fast,0,0,False,False,57,False,True,,,,,,,,,,,
3748,37480.0,37480.0,37482.79999923706,0,2.799999237060547,2.799999237060547,37520.0,False,1,0,False,fast,0,1,True,False,51,False,True,,,,,,,,,,,
3750,37500.0,37500.0,37503.90000152588,0,3.9000015258789062,3.9000015258789062,37540.0,False,1,0,False,fast,0,0,False,False,49,False,True,,,,,,,,,,,
3751,37510.0,37510.0,37513.0,0,3.0,3.0,37550.0,False,1,0,False,fast,0,0,False,False,48,False,True,,,,,,,,,,,
3753,37530.0,37530.0,37533.0,0,3.0,3.0,37570.0,False,1,0,False,fast,0,0,False,False,46,False,True,,,,,,,,,,,
3757,37570.0,37570.0,37572.79999923706,0,2.799999237060547,2.799999237060547,37610.0,False,1,0,False,fast,0,1,True,False,42,False,True,,,,,,,,,,,
3758,37580.0,37580.0,37582.79999923706,0,2.799999237060547,2.799999237060547,37620.0,False,1,0,False,fast,0,0,False,False,41,False,True,,,,,,,,,,,
3759,37590.0,37590.0,37592.90000152588,0,2.9000015258789062,2.9000015258789062,37630.0,False,1,0,False,fast,0,0,False,False,40,False,True,,,,,,,,,,,
3761,37610.0,37610.0,37613.0,0,3.0,3.0,37650.0,False,1,0,False,fast,0,1,True,False,38,False,True,,,,,,,,,,,
3764,37640.0,37640.0,37642.90000152588,0,2.9000015258789062,2.9000015258789062,37680.0,False,1,0,False,fast,0,0,False,False,35,False,True,,,,,,,,,,,
3767,37670.0,37670.0,37672.90000152588,0,2.9000015258789062,2.9000015258789062,37710.0,False,1,0,False,fast,0,1,True,False,32,False,True,,,,,,,,,,,
3769,37690.0,37690.0,37692.79999923706,0,2.799999237060547,2.799999237060547,37730.0,False,1,0,False,fast,0,1,True,False,30,False,True,,,,,,,,,,,
3772,37720.0,37720.0,37722.79999923706,0,2.799999237060547,2.799999237060547,37760.0,False,1,0,False,fast,0,0,False,False,27,False,True,,,,,,,,,,,
3775,37750.0,37750.0,37752.79999923706,0,2.799999237060547,2.799999237060547,37790.0,False,1,0,False,fast,0,1,True,False,24,False,True,,,,,,,,,,,
3776,37760.0,37760.0,37763.0000038147,0,3.0000038146972656,3.0000038146972656,37800.0,False,1,0,False,fast,0,0,False,False,23,False,True,,,,,,,,,,,
3779,37790.0,37790.0,37792.89999771118,0,2.8999977111816406,2.8999977111816406,37830.0,False,1,0,False,fast,0,0,False,False,20,False,True,,,,,,,,,,,
3780,37800.0,37800.0,37803.0,0,3.0,3.0,37840.0,False,1,0,False,fast,0,0,False,False,19,False,True,,,,,,,,,,,
3781,37810.0,37810.0,37812.80000305176,0,2.8000030517578125,2.8000030517578125,37850.0,False,1,0,False,fast,0,1,True,False,18,False,True,,,,,,,,,,,
3782,37820.0,37820.0,37823.20000076294,0,3.200000762939453,3.200000762939453,37860.0,False,1,0,False,fast,0,0,False,False,17,False,True,,,,,,,,,,,
3783,37830.0,37830.0,37833.40000152588,0,3.4000015258789062,3.4000015258789062,37870.0,False,1,0,False,fast,0,0,False,False,16,False,True,,,,,,,,,,,
3784,37840.0,37840.0,37843.0000038147,0,3.0000038146972656,3.0000038146972656,37880.0,False,1,0,False,fast,0,1,True,False,15,False,True,,,,,,,,,,,
3789,37890.0,37890.0,37893.29999923706,0,3.299999237060547,3.299999237060547,37930.0,False,1,0,False,fast,0,1,True,False,10,False,True,,,,,,,,,,,
3793,37930.0,37930.0,37934.20000457764,0,4.200004577636719,4.200004577636719,37970.0,False,1,0,False,fast,0,0,False,False,6,False,True,,,,,,,,,,,
3794,37940.0,37940.0,37942.9999961853,0,2.9999961853027344,2.9999961853027344,37980.0,False,1,0,False,fast,0,1,True,False,5,False,True,,,,,,,,,,,
3795,37950.0,37950.0,37953.19999694824,0,3.1999969482421875,3.1999969482421875,37990.0,False,1,0,False,fast,0,0,False,False,4,False,True,,,,,,,,,,,
3799,37990.0,37990.0,37992.79999923706,0,2.799999237060547,2.799999237060547,38030.0,False,1,0,False,fast,0,0,False,True,0,True,True,,,,,,,,,,,
3801,38010.0,38010.0,38013.20000076294,0,3.200000762939453,3.200000762939453,38050.0,False,1,0,False,fast,0,0,False,False,98,False,True,,,,,,,,,,,
3803,38030.0,38030.0,38032.90000152588,0,2.9000015258789062,2.9000015258789062,38070.0,False,1,0,False,fast,0,0,False,False,96,False,True,,,,,,,,,,,
3804,38040.0,38040.0,38043.09999847412,0,3.0999984741210938,3.0999984741210938,38080.0,False,1,0,False,fast,0,1,True,False,95,False,True,,,,,,,,,,,
3811,38110.0,38110.0,38113.29999923706,0,3.299999237060547,3.299999237060547,38150.0,False,1,0,False,fast,0,0,False,False,88,False,True,,,,,,,,,,,
3812,38120.0,38120.0,38122.90000152588,0,2.9000015258789062,2.9000015258789062,38160.0,False,1,0,False,fast,0,1,True,False,87,False,True,,,,,,,,,,,
3815,38150.0,38150.0,38152.89999771118,0,2.8999977111816406,2.8999977111816406,38190.0,False,1,0,False,fast,0,0,False,False,84,False,True,,,,,,,,,,,
3817,38170.0,38170.0,38173.0,0,3.0,3.0,38210.0,False,1,0,False,fast,0,0,False,False,82,False,True,,,,,,,,,,,
3820,38200.0,38200.0,38202.90000152588,0,2.9000015258789062,2.9000015258789062,38240.0,False,1,0,False,fast,0,0,False,False,79,False,True,,,,,,,,,,,
3825,38250.0,38250.0,38252.90000152588,0,2.9000015258789062,2.9000015258789062,38290.0,False,1,0,False,fast,0,0,False,False,74,False,True,,,,,,,,,,,
3833,38330.0,38330.0,38332.79999923706,0,2.799999237060547,2.799999237060547,38370.0,False,1,0,False,fast,0,0,False,False,66,False,True,,,,,,,,,,,
3843,38430.0,38430.0,38432.9999961853,0,2.9999961853027344,2.9999961853027344,38470.0,False,1,0,False,fast,0,0,False,False,56,False,True,,,,,,,,,,,
3848,38480.0,38480.0,38482.79999923706,0,2.799999237060547,2.799999237060547,38520.0,False,1,0,False,fast,0,0,False,False,51,False,True,,,,,,,,,,,
3856,38560.0,38560.0,38562.90000152588,0,2.9000015258789062,2.9000015258789062,38600.0,False,1,0,False,fast,0,0,False,False,43,False,True,,,,,,,,,,,
3859,38590.0,38590.0,38593.09999847412,0,3.0999984741210938,3.0999984741210938,38630.0,False,1,0,False,fast,0,0,False,False,40,False,True,,,,,,,,,,,
3861,38610.0,38610.0,38613.39999771118,0,3.3999977111816406,3.3999977111816406,38650.0,False,1,0,False,fast,0,0,False,False,38,False,True,,,,,,,,,,,
3862,38620.0,38620.0,38623.0,0,3.0,3.0,38660.0,False,1,0,False,fast,0,1,True,False,37,False,True,,,,,,,,,,,
3863,38630.0,38630.0,38633.5000038147,0,3.5000038146972656,3.5000038146972656,38670.0,False,1,0,False,fast,0,0,False,False,36,False,True,,,,,,,,,,,
3864,38640.0,38640.0,38643.9999961853,0,3.9999961853027344,3.9999961853027344,38680.0,False,1,0,False,fast,0,0,False,False,35,False,True,,,,,,,,,,,
3870,38700.0,38700.0,38702.69999694824,0,2.6999969482421875,2.6999969482421875,38740.0,False,1,0,False,fast,0,1,True,False,29,False,True,,,,,,,,,,,
3871,38710.0,38710.0,38713.0,0,3.0,3.0,38750.0,False,1,0,False,fast,0,0,False,False,28,False,True,,,,,,,,,,,
3876,38760.0,38760.0,38762.80000305176,0,2.8000030517578125,2.8000030517578125,38800.0,False,1,0,False,fast,0,0,False,False,23,False,True,,,,,,,,,,,
3889,38890.0,38890.0,38892.79999923706,0,2.799999237060547,2.799999237060547,38930.0,False,1,0,False,fast,0,0,False,False,10,False,True,,,,,,,,,,,
3891,38910.0,38910.0,38912.9999961853,0,2.9999961853027344,2.9999961853027344,38950.0,False,1,0,False,fast,0,0,False,False,8,False,True,,,,,,,,,,,
3901,39010.0,39010.0,39013.0,0,3.0,3.0,39050.0,False,1,0,False,fast,0,0,False,False,98,False,True,,,,,,,,,,,
3908,39080.0,39080.0,39083.09999847412,0,3.0999984741210938,3.0999984741210938,39120.0,False,1,0,False,fast,0,1,True,False,91,False,True,,,,,,,,,,,
3912,39120.0,39120.0,39123.09999847412,0,3.0999984741210938,3.0999984741210938,39160.0,False,1,0,False,fast,0,0,False,False,87,False,True,,,,,,,,,,,
3914,39140.0,39140.0,39142.79999923706,0,2.799999237060547,2.799999237060547,39180.0,False,1,0,False,fast,0,0,False,False,85,False,True,,,,,,,,,,,
3917,39170.0,39170.0,39173.0,0,3.0,3.0,39210.0,False,1,0,False,fast,0,0,False,False,82,False,True,,,,,,,,,,,
3919,39190.0,39190.0,39192.89999771118,0,2.8999977111816406,2.8999977111816406,39230.0,False,1,0,False,fast,0,0,False,False,80,False,True,,,,,,,,,,,
3920,39200.0,39200.0,39204.5,0,4.5,4.5,39240.0,False,1,0,False,fast,0,0,False,False,79,False,True,,,,,,,,,,,
3922,39220.0,39220.0,39223.20000076294,0,3.200000762939453,3.200000762939453,39260.0,False,1,0,False,fast,0,0,False,False,77,False,True,,,,,,,,,,,
3924,39240.0,39240.0,39242.90000152588,0,2.9000015258789062,2.9000015258789062,39280.0,False,1,0,False,fast,0,1,True,False,75,False,True,,,,,,,,,,,
3933,39330.0,39330.0,39333.09999847412,0,3.0999984741210938,3.0999984741210938,39370.0,False,1,0,False,fast,0,1,True,False,66,False,True,,,,,,,,,,,
3936,39360.0,39360.0,39363.0,0,3.0,3.0,39400.0,False,1,0,False,fast,0,0,False,False,63,False,True,,,,,,,,,,,
3939,39390.0,39390.0,39392.80000305176,0,2.8000030517578125,2.8000030517578125,39430.0,False,1,0,False,fast,0,0,False,False,60,False,True,,,,,,,,,,,
3941,39410.0,39410.0,39412.70000076294,0,2.700000762939453,2.700000762939453,39450.0,False,1,0,False,fast,0,0,False,False,58,False,True,,,,,,,,,,,
3944,39440.0,39440.0,39442.89999771118,0,2.8999977111816406,2.8999977111816406,39480.0,False,1,0,False,fast,0,0,False,False,55,False,True,,,,,,,,,,,
3945,39450.0,39450.0,39452.90000152588,0,2.9000015258789062,2.9000015258789062,39490.0,False,1,0,False,fast,0,0,False,False,54,False,True,,,,,,,,,,,
3947,39470.0,39470.0,39473.0,0,3.0,3.0,39510.0,False,1,0,False,fast,0,0,False,False,52,False,True,,,,,,,,,,,
3948,39480.0,39480.0,39483.09999847412,0,3.0999984741210938,3.0999984741210938,39520.0,False,1,0,False,fast,0,1,True,False,51,False,True,,,,,,,,,,,
3951,39510.0,39510.0,39513.29999923706,0,3.299999237060547,3.299999237060547,39550.0,False,1,0,False,fast,0,1,True,False,48,False,True,,,,,,,,,,,
3954,39540.0,39540.0,39542.79999923706,0,2.799999237060547,2.799999237060547,39580.0,False,1,0,False,fast,0,0,False,False,45,False,True,,,,,,,,,,,
3956,39560.0,39560.0,39562.89999771118,0,2.8999977111816406,2.8999977111816406,39600.0,False,1,0,False,fast,0,0,False,False,43,False,True,,,,,,,,,,,
3959,39590.0,39590.0,39592.79999923706,0,2.799999237060547,2.799999237060547,39630.0,False,1,0,False,fast,0,0,False,False,40,False,True,,,,,,,,,,,
3960,39600.0,39600.0,39602.90000152588,0,2.9000015258789062,2.9000015258789062,39640.0,False,1,0,False,fast,0,0,False,False,39,False,True,,,,,,,,,,,
3962,39620.0,39620.0,39623.10000228882,0,3.1000022888183594,3.1000022888183594,39660.0,False,1,0,False,fast,0,1,True,False,37,False,True,,,,,,,,,,,
3964,39640.0,39640.0,39643.0,0,3.0,3.0,39680.0,False,1,0,False,fast,0,0,False,False,35,False,True,,,,,,,,,,,
3965,39650.0,39650.0,39652.90000152588,0,2.9000015258789062,2.9000015258789062,39690.0,False,1,0,False,fast,0,1,True,False,34,False,True,,,,,,,,,,,
3966,39660.0,39660.0,39662.90000152588,0,2.9000015258789062,2.9000015258789062,39700.0,False,1,0,False,fast,0,1,True,False,33,False,True,,,,,,,,,,,
3969,39690.0,39690.0,39692.79999923706,0,2.799999237060547,2.799999237060547,39730.0,False,1,0,False,fast,0,0,False,False,30,False,True,,,,,,,,,,,
3970,39700.0,39700.0,39702.90000152588,0,2.9000015258789062,2.9000015258789062,39740.0,False,1,0,False,fast,0,0,False,False,29,False,True,,,,,,,,,,,
3973,39730.0,39730.0,39751.80000305176,0,21.800003051757812,21.800003051757812,39770.0,False,1,0,False,fast,0,0,False,False,26,False,True,,,,,,,,,,,
3976,39760.0,39760.0,39762.80000305176,0,2.8000030517578125,2.8000030517578125,39800.0,False,1,0,False,fast,0,1,True,False,23,False,True,,,,,,,,,,,
3978,39780.0,39780.0,39782.79999923706,0,2.799999237060547,2.799999237060547,39820.0,False,1,0,False,fast,0,0,False,False,21,False,True,,,,,,,,,,,
3981,39810.0,39810.0,39814.20000076294,0,4.200000762939453,4.200000762939453,39850.0,False,1,0,False,fast,0,1,True,False,18,False,True,,,,,,,,,,,
3983,39830.0,39830.0,39832.79999923706,0,2.799999237060547,2.799999237060547,39870.0,False,1,0,False,fast,0,1,True,False,16,False,True,,,,,,,,,,,
3985,39850.0,39850.0,39853.0000038147,0,3.0000038146972656,3.0000038146972656,39890.0,False,1,0,False,fast,0,0,False,False,14,False,True,,,,,,,,,,,
3987,39870.0,39870.0,39873.10000228882,0,3.1000022888183594,3.1000022888183594,39910.0,False,1,0,False,fast,0,0,False,False,12,False,True,,,,,,,,,,,
3989,39890.0,39890.0,39893.0,0,3.0,3.0,39930.0,False,1,0,False,fast,0,0,False,False,10,False,True,,,,,,,,,,,
3994,39940.0,39940.0,39942.80000305176,0,2.8000030517578125,2.8000030517578125,39980.0,False,1,0,False,fast,0,0,False,False,5,False,True,,,,,,,,,,,
3996,39960.0,39960.0,39963.20000076294,0,3.200000762939453,3.200000762939453,40000.0,False,1,0,False,fast,0,0,False,False,3,False,True,,,,,,,,,,,
3998,39980.0,39980.0,39983.10000228882,0,3.1000022888183594,3.1000022888183594,40020.0,False,1,0,False,fast,0,0,False,False,1,True,True,,,,,,,,,,,
4000,40000.0,40000.0,40002.89999771118,0,2.8999977111816406,2.8999977111816406,40040.0,False,1,0,False,fast,0,0,False,False,99,False,True,,,,,,,,,,,
4002,40020.0,40020.0,40023.19999694824,0,3.1999969482421875,3.1999969482421875,40060.0,False,1,0,False,fast,0,0,False,False,97,False,True,,,,,,,,,,,
4003,40030.0,40030.0,40036.29999923706,0,6.299999237060547,6.299999237060547,40070.0,False,1,0,False,fast,0,1,True,False,96,False,True,,,,,,,,,,,
4008,40080.0,40080.0,40082.79999923706,0,2.799999237060547,2.799999237060547,40120.0,False,1,0,False,fast,0,0,False,False,91,False,True,,,,,,,,,,,
4010,40100.0,40100.0,40102.89999771118,0,2.8999977111816406,2.8999977111816406,40140.0,False,1,0,False,fast,0,0,False,False,89,False,True,,,,,,,,,,,
4011,40110.0,40110.0,40113.0000038147,0,3.0000038146972656,3.0000038146972656,40150.0,False,1,0,False,fast,0,1,True,False,88,False,True,,,,,,,,,,,
4013,40130.0,40130.0,40132.79999923706,0,2.799999237060547,2.799999237060547,40170.0,False,1,0,False,fast,0,1,True,False,86,False,True,,,,,,,,,,,
4014,40140.0,40140.0,40142.90000152588,0,2.9000015258789062,2.9000015258789062,40180.0,False,1,0,False,fast,0,0,False,False,85,False,True,,,,,,,,,,,
4015,40150.0,40150.0,40152.79999923706,0,2.799999237060547,2.799999237060547,40190.0,False,1,0,False,fast,0,1,True,False,84,False,True,,,,,,,,,,,
4017,40170.0,40170.0,40172.79999923706,0,2.799999237060547,2.799999237060547,40210.0,False,1,0,False,fast,0,0,False,False,82,False,True,,,,,,,,,,,
4018,40180.0,40180.0,40182.79999923706,0,2.799999237060547,2.799999237060547,40220.0,False,1,0,False,fast,0,0,False,False,81,False,True,,,,,,,,,,,
4022,40220.0,40220.0,40222.89999771118,0,2.8999977111816406,2.8999977111816406,40260.0,False,1,0,False,fast,0,1,True,False,77,False,True,,,,,,,,,,,
4023,40230.0,40230.0,40232.79999923706,0,2.799999237060547,2.799999237060547,40270.0,False,1,0,False,fast,0,1,True,False,76,False,True,,,,,,,,,,,
4025,40250.0,40250.0,40254.69999694824,0,4.6999969482421875,4.6999969482421875,40290.0,False,1,0,False,fast,0,0,False,False,74,False,True,,,,,,,,,,,
4026,40260.0,40260.0,40262.90000152588,0,2.9000015258789062,2.9000015258789062,40300.0,False,1,0,False,fast,0,0,False,False,73,False,True,,,,,,,,,,,
4027,40270.0,40270.0,40317.69999694824,0,47.69999694824219,47.69999694824219,40310.0,True,1,0,False,fast,0,1,True,False,72,False,False,,,,,,,,,,,
4030,40300.0,40317.69999694824,40322.79999923706,0,5.100002288818359,22.799999237060547,40340.0,False,2,1,False,fast,0,1,True,False,69,False,True,,,,,,,,,,,
4032,40320.0,40322.79999923706,40329.70000076294,0,6.900001525878906,9.700000762939453,40360.0,False,2,1,False,fast,0,0,False,False,67,False,True,,,,,,,,,,,
4035,40350.0,40350.0,40354.90000152588,0,4.900001525878906,4.900001525878906,40390.0,False,1,0,False,fast,0,1,True,False,64,False,True,,,,,,,,,,,
4037,40370.0,40370.0,40374.70000076294,0,4.700000762939453,4.700000762939453,40410.0,False,1,0,False,fast,0,1,True,False,62,False,True,,,,,,,,,,,
4039,40390.0,40390.0,40394.59999847412,0,4.599998474121094,4.599998474121094,40430.0,False,1,0,False,fast,0,0,False,False,60,False,True,,,,,,,,,,,
4044,40440.0,40440.0,40444.59999847412,0,4.599998474121094,4.599998474121094,40480.0,False,1,0,False,fast,0,0,False,False,55,False,True,,,,,,,,,,,
4046,40460.0,40460.0,40464.80000305176,0,4.8000030517578125,4.8000030517578125,40500.0,False,1,0,False,fast,0,0,False,False,53,False,True,,,,,,,,,,,
4047,40470.0,40470.0,40476.40000152588,0,6.400001525878906,6.400001525878906,40510.0,False,1,0,False,fast,0,0,False,False,52,False,True,,,,,,,,,,,
4051,40510.0,40510.0,40514.40000152588,0,4.400001525878906,4.400001525878906,40550.0,False,1,0,False,fast,0,0,False,False,48,False,True,,,,,,,,,,,
4059,40590.0,40590.0,40594.40000152588,0,4.400001525878906,4.400001525878906,40630.0,False,1,0,False,fast,0,0,False,False,40,False,True,,,,,,,,,,,
4064,40640.0,40640.0,40644.5,0,4.5,4.5,40680.0,False,1,0,False,fast,0,0,False,False,35,False,True,,,,,,,,,,,
4065,40650.0,40650.0,40654.79999923706,0,4.799999237060547,4.799999237060547,40690.0,False,1,0,False,fast,0,0,False,False,34,False,True,,,,,,,,,,,
4067,40670.0,40670.0,40674.79999542236,0,4.799995422363281,4.799995422363281,40710.0,False,1,0,False,fast,0,0,False,False,32,False,True,,,,,,,,,,,
4068,40680.0,40680.0,40685.0,0,5.0,5.0,40720.0,False,1,0,False,fast,0,0,False,False,31,False,True,,,,,,,,,,,
4072,40720.0,40720.0,40722.89999771118,0,2.8999977111816406,2.8999977111816406,40760.0,False,1,0,False,fast,0,0,False,False,27,False,True,,,,,,,,,,,
4075,40750.0,40750.0,40752.90000152588,0,2.9000015258789062,2.9000015258789062,40790.0,False,1,0,False,fast,0,1,True,False,24,False,True,,,,,,,,,,,
4077,40770.0,40770.0,40773.0,0,3.0,3.0,40810.0,False,1,0,False,fast,0,0,False,False,22,False,True,,,,,,,,,,,
4083,40830.0,40830.0,40833.10000228882,0,3.1000022888183594,3.1000022888183594,40870.0,False,1,0,False,fast,0,1,True,False,16,False,True,,,,,,,,,,,
4084,40840.0,40840.0,40842.90000152588,0,2.9000015258789062,2.9000015258789062,40880.0,False,1,0,False,fast,0,1,True,False,15,False,True,,,,,,,,,,,
4087,40870.0,40870.0,40873.0,0,3.0,3.0,40910.0,False,1,0,False,fast,0,1,True,False,12,False,True,,,,,,,,,,,
4091,40910.0,40910.0,40912.90000152588,0,2.9000015258789062,2.9000015258789062,40950.0,False,1,0,False,fast,0,1,True,False,8,False,True,,,,,,,,,,,
4094,40940.0,40940.0,40942.89999771118,0,2.8999977111816406,2.8999977111816406,40980.0,False,1,0,False,fast,0,0,False,False,5,False,True,,,,,,,,,,,
4096,40960.0,40960.0,40962.90000152588,0,2.9000015258789062,2.9000015258789062,41000.0,False,1,0,False,fast,0,1,True,False,3,False,True,,,,,,,,,,,
4098,40980.0,40980.0,40983.79999923706,0,3.799999237060547,3.799999237060547,41020.0,False,1,0,False,fast,0,0,False,False,1,True,True,,,,,,,,,,,
4099,40990.0,40990.0,40992.90000152588,0,2.9000015258789062,2.9000015258789062,41030.0,False,1,0,False,fast,0,1,True,True,0,True,True,,,,,,,,,,,
4101,41010.0,41010.0,41013.09999847412,0,3.0999984741210938,3.0999984741210938,41050.0,False,1,0,False,fast,0,0,False,False,98,False,True,,,,,,,,,,,
4103,41030.0,41030.0,41032.90000152588,0,2.9000015258789062,2.9000015258789062,41070.0,False,1,0,False,fast,0,0,False,False,96,False,True,,,,,,,,,,,
4106,41060.0,41060.0,41063.40000152588,0,3.4000015258789062,3.4000015258789062,41100.0,False,1,0,False,fast,0,1,True,False,93,False,True,,,,,,,,,,,
4114,41140.0,41140.0,41143.09999847412,0,3.0999984741210938,3.0999984741210938,41180.0,False,1,0,False,fast,0,1,True,False,85,False,True,,,,,,,,,,,
4115,41150.0,41150.0,41153.0,0,3.0,3.0,41190.0,False,1,0,False,fast,0,1,True,False,84,False,True,,,,,,,,,,,
4116,41160.0,41160.0,41163.0,0,3.0,3.0,41200.0,False,1,0,False,fast,0,0,False,False,83,False,True,,,,,,,,,,,
4118,41180.0,41180.0,41182.9999961853,0,2.9999961853027344,2.9999961853027344,41220.0,False,1,0,False,fast,0,0,False,False,81,False,True,,,,,,,,,,,
4121,41210.0,41210.0,41213.10000228882,0,3.1000022888183594,3.1000022888183594,41250.0,False,1,0,False,fast,0,0,False,False,78,False,True,,,,,,,,,,,
4122,41220.0,41220.0,41223.0,0,3.0,3.0,41260.0,False,1,0,False,fast,0,0,False,False,77,False,True,,,,,,,,,,,
4123,41230.0,41230.0,41232.90000152588,0,2.9000015258789062,2.9000015258789062,41270.0,False,1,0,False,fast,0,0,False,False,76,False,True,,,,,,,,,,,
4124,41240.0,41240.0,41243.0,0,3.0,3.0,41280.0,False,1,0,False,fast,0,1,True,False,75,False,True,,,,,,,,,,,
4125,41250.0,41250.0,41253.79999923706,0,3.799999237060547,3.799999237060547,41290.0,False,1,0,False,fast,0,0,False,False,74,False,True,,,,,,,,,,,
4126,41260.0,41260.0,41263.10000228882,0,3.1000022888183594,3.1000022888183594,41300.0,False,1,0,False,fast,0,1,True,False,73,False,True,,,,,,,,,,,
4128,41280.0,41280.0,41283.0,0,3.0,3.0,41320.0,False,1,0,False,fast,0,0,False,False,71,False,True,,,,,,,,,,,
4129,41290.0,41290.0,41293.0,0,3.0,3.0,41330.0,False,1,0,False,fast,0,1,True,False,70,False,True,,,,,,,,,,,
4130,41300.0,41300.0,41303.0,0,3.0,3.0,41340.0,False,1,0,False,fast,0,0,False,False,69,False,True,,,,,,,,,,,
4133,41330.0,41330.0,41334.10000228882,0,4.100002288818359,4.100002288818359,41370.0,False,1,0,False,fast,0,0,False,False,66,False,True,,,,,,,,,,,
4134,41340.0,41340.0,41342.90000152588,0,2.9000015258789062,2.9000015258789062,41380.0,False,1,0,False,fast,0,1,True,False,65,False,True,,,,,,,,,,,
4136,41360.0,41360.0,41362.90000152588,0,2.9000015258789062,2.9000015258789062,41400.0,False,1,0,False,fast,0,0,False,False,63,False,True,,,,,,,,,,,
4138,41380.0,41380.0,41383.0,0,3.0,3.0,41420.0,False,1,0,False,fast,0,0,False,False,61,False,True,,,,,,,,,,,
4139,41390.0,41390.0,41392.90000152588,0,2.9000015258789062,2.9000015258789062,41430.0,False,1,0,False,fast,0,0,False,False,60,False,True,,,,,,,,,,,
4143,41430.0,41430.0,41433.10000228882,0,3.1000022888183594,3.1000022888183594,41470.0,False,1,0,False,fast,0,1,True,False,56,False,True,,,,,,,,,,,
4145,41450.0,41450.0,41452.90000152588,0,2.9000015258789062,2.9000015258789062,41490.0,False,1,0,False,fast,0,0,False,False,54,False,True,,,,,,,,,,,
4147,41470.0,41470.0,41472.79999923706,0,2.799999237060547,2.799999237060547,41510.0,False,1,0,False,fast,0,1,True,False,52,False,True,,,,,,,,,,,
4148,41480.0,41480.0,41482.90000152588,0,2.9000015258789062,2.9000015258789062,41520.0,False,1,0,False,fast,0,0,False,False,51,False,True,,,,,,,,,,,
4152,41520.0,41520.0,41523.0,0,3.0,3.0,41560.0,False,1,0,False,fast,0,0,False,False,47,False,True,,,,,,,,,,,
4153,41530.0,41530.0,41533.09999847412,0,3.0999984741210938,3.0999984741210938,41570.0,False,1,0,False,fast,0,0,False,False,46,False,True,,,,,,,,,,,
4158,41580.0,41580.0,41583.20000457764,0,3.2000045776367188,3.2000045776367188,41620.0,False,1,0,False,fast,0,0,False,False,41,False,True,,,,,,,,,,,
4160,41600.0,41600.0,41602.79999923706,0,2.799999237060547,2.799999237060547,41640.0,False,1,0,False,fast,0,0,False,False,39,False,True,,,,,,,,,,,
4162,41620.0,41620.0,41622.90000152588,0,2.9000015258789062,2.9000015258789062,41660.0,False,1,0,False,fast,0,0,False,False,37,False,True,,,,,,,,,,,
4167,41670.0,41670.0,41674.20000076294,0,4.200000762939453,4.200000762939453,41710.0,False,1,0,False,fast,0,0,False,False,32,False,True,,,,,,,,,,,
4168,41680.0,41680.0,41682.90000152588,0,2.9000015258789062,2.9000015258789062,41720.0,False,1,0,False,fast,0,0,False,False,31,False,True,,,,,,,,,,,
4170,41700.0,41700.0,41703.29999923706,0,3.299999237060547,3.299999237060547,41740.0,False,1,0,False,fast,0,0,False,False,29,False,True,,,,,,,,,,,
4171,41710.0,41710.0,41712.90000152588,0,2.9000015258789062,2.9000015258789062,41750.0,False,1,0,False,fast,0,0,False,False,28,False,True,,,,,,,,,,,
4172,41720.0,41720.0,41723.20000076294,0,3.200000762939453,3.200000762939453,41760.0,False,1,0,False,fast,0,0,False,False,27,False,True,,,,,,,,,,,
4173,41730.0,41730.0,41733.39999771118,0,3.3999977111816406,3.3999977111816406,41770.0,False,1,0,False,fast,0,0,False,False,26,False,True,,,,,,,,,,,
4175,41750.0,41750.0,41754.09999847412,0,4.099998474121094,4.099998474121094,41790.0,False,1,0,False,fast,0,1,True,False,24,False,True,,,,,,,,,,,
4180,41800.0,41800.0,41802.80000305176,0,2.8000030517578125,2.8000030517578125,41840.0,False,1,0,False,fast,0,1,True,False,19,False,True,,,,,,,,,,,
4183,41830.0,41830.0,41833.0,0,3.0,3.0,41870.0,False,1,0,False,fast,0,0,False,False,16,False,True,,,,,,,,,,,
4184,41840.0,41840.0,41844.59999847412,0,4.599998474121094,4.599998474121094,41880.0,False,1,0,False,fast,0,0,False,False,15,False,True,,,,,,,,,,,
4190,41900.0,41900.0,41902.90000152588,0,2.9000015258789062,2.9000015258789062,41940.0,False,1,0,False,fast,0,0,False,False,9,False,True,,,,,,,,,,,
4192,41920.0,41920.0,41924.09999847412,0,4.099998474121094,4.099998474121094,41960.0,False,1,0,False,fast,0,0,False,False,7,False,True,,,,,,,,,,,
4193,41930.0,41930.0,41935.89999771118,0,5.899997711181641,5.899997711181641,41970.0,False,1,0,False,fast,0,0,False,False,6,False,True,,,,,,,,,,,
4196,41960.0,41960.0,41962.90000152588,0,2.9000015258789062,2.9000015258789062,42000.0,False,1,0,False,fast,0,0,False,False,3,False,True,,,,,,,,,,,
4199,41990.0,41990.0,41993.9999961853,0,3.9999961853027344,3.9999961853027344,42030.0,False,1,0,False,fast,0,0,False,True,0,True,True,,,,,,,,,,,
4203,42030.0,42030.0,42035.9999961853,0,5.999996185302734,5.999996185302734,42070.0,False,1,0,False,fast,0,1,True,False,96,False,True,,,,,,,,,,,
4212,42120.0,42120.0,42124.5,0,4.5,4.5,42160.0,False,1,0,False,fast,0,0,False,False,87,False,True,,,,,,,,,,,
4214,42140.0,42140.0,42146.70000076294,0,6.700000762939453,6.700000762939453,42180.0,False,1,0,False,fast,0,0,False,False,85,False,True,,,,,,,,,,,
4215,42150.0,42150.0,42157.09999847412,0,7.099998474121094,7.099998474121094,42190.0,False,1,0,False,fast,0,0,False,False,84,False,True,,,,,,,,,,,
4217,42170.0,42170.0,42177.39999771118,0,7.399997711181641,7.399997711181641,42210.0,False,1,0,False,fast,0,0,False,False,82,False,True,,,,,,,,,,,
4223,42230.0,42230.0,42234.59999847412,0,4.599998474121094,4.599998474121094,42270.0,False,1,0,False,fast,0,0,False,False,76,False,True,,,,,,,,,,,
4226,42260.0,42260.0,42262.79999923706,0,2.799999237060547,2.799999237060547,42300.0,False,1,0,False,fast,0,0,False,False,73,False,True,,,,,,,,,,,
4227,42270.0,42270.0,42273.10000228882,0,3.1000022888183594,3.1000022888183594,42310.0,False,1,0,False,fast,0,1,True,False,72,False,True,,,,,,,,,,,
4229,42290.0,42290.0,42292.89999771118,0,2.8999977111816406,2.8999977111816406,42330.0,False,1,0,False,fast,0,0,False,False,70,False,True,,,,,,,,,,,
4232,42320.0,42320.0,42322.90000152588,0,2.9000015258789062,2.9000015258789062,42360.0,False,1,0,False,fast,0,1,True,False,67,False,True,,,,,,,,,,,
4235,42350.0,42350.0,42352.90000152588,0,2.9000015258789062,2.9000015258789062,42390.0,False,1,0,False,fast,0,0,False,False,64,False,True,,,,,,,,,,,
4236,42360.0,42360.0,42362.90000152588,0,2.9000015258789062,2.9000015258789062,42400.0,False,1,0,False,fast,0,1,True,False,63,False,True,,,,,,,,,,,
4238,42380.0,42380.0,42382.89999771118,0,2.8999977111816406,2.8999977111816406,42420.0,False,1,0,False,fast,0,0,False,False,61,False,True,,,,,,,,,,,
4240,42400.0,42400.0,42402.79999923706,0,2.799999237060547,2.799999237060547,42440.0,False,1,0,False,fast,0,0,False,False,59,False,True,,,,,,,,,,,
4244,42440.0,42440.0,42442.79999923706,0,2.799999237060547,2.799999237060547,42480.0,False,1,0,False,fast,0,0,False,False,55,False,True,,,,,,,,,,,
4245,42450.0,42450.0,42453.0000038147,0,3.0000038146972656,3.0000038146972656,42490.0,False,1,0,False,fast,0,1,True,False,54,False,True,,,,,,,,,,,
4246,42460.0,42460.0,42463.10000228882,0,3.1000022888183594,3.1000022888183594,42500.0,False,1,0,False,fast,0,1,True,False,53,False,True,,,,,,,,,,,
4248,42480.0,42480.0,42482.90000152588,0,2.9000015258789062,2.9000015258789062,42520.0,False,1,0,False,fast,0,0,False,False,51,False,True,,,,,,,,,,,
4249,42490.0,42490.0,42492.89999771118,0,2.8999977111816406,2.8999977111816406,42530.0,False,1,0,False,fast,0,1,True,False,50,False,True,,,,,,,,,,,
4252,42520.0,42520.0,42522.90000152588,0,2.9000015258789062,2.9000015258789062,42560.0,False,1,0,False,fast,0,0,False,False,47,False,True,,,,,,,,,,,
4254,42540.0,42540.0,42543.20000457764,0,3.2000045776367188,3.2000045776367188,42580.0,False,1,0,False,fast,0,0,False,False,45,False,True,,,,,,,,,,,
4255,42550.0,42550.0,42552.90000152588,0,2.9000015258789062,2.9000015258789062,42590.0,False,1,0,False,fast,0,1,True,False,44,False,True,,,,,,,,,,,
4257,42570.0,42570.0,42573.40000152588,0,3.4000015258789062,3.4000015258789062,42610.0,False,1,0,False,fast,0,0,False,False,42,False,True,,,,,,,,,,,
4260,42600.0,42600.0,42604.5,0,4.5,4.5,42640.0,False,1,0,False,fast,0,1,True,False,39,False,True,,,,,,,,,,,
4263,42630.0,42630.0,42632.90000152588,0,2.9000015258789062,2.9000015258789062,42670.0,False,1,0,False,fast,0,0,False,False,36,False,True,,,,,,,,,,,
4264,42640.0,42640.0,42642.90000152588,0,2.9000015258789062,2.9000015258789062,42680.0,False,1,0,False,fast,0,1,True,False,35,False,True,,,,,,,,,,,
4266,42660.0,42660.0,42662.89999771118,0,2.8999977111816406,2.8999977111816406,42700.0,False,1,0,False,fast,0,0,False,False,33,False,True,,,,,,,,,,,
4267,42670.0,42670.0,42673.09999847412,0,3.0999984741210938,3.0999984741210938,42710.0,False,1,0,False,fast,0,1,True,False,32,False,True,,,,,,,,,,,
4268,42680.0,42680.0,42682.90000152588,0,2.9000015258789062,2.9000015258789062,42720.0,False,1,0,False,fast,0,0,False,False,31,False,True,,,,,,,,,,,
4269,42690.0,42690.0,42693.0,0,3.0,3.0,42730.0,False,1,0,False,fast,0,1,True,False,30,False,True,,,,,,,,,,,
4277,42770.0,42770.0,42772.79999923706,0,2.799999237060547,2.799999237060547,42810.0,False,1,0,False,fast,0,0,False,False,22,False,True,,,,,,,,,,,
4279,42790.0,42790.0,42792.89999771118,0,2.8999977111816406,2.8999977111816406,42830.0,False,1,0,False,fast,0,0,False,False,20,False,True,,,,,,,,,,,
4280,42800.0,42800.0,42802.89999771118,0,2.8999977111816406,2.8999977111816406,42840.0,False,1,0,False,fast,0,0,False,False,19,False,True,,,,,,,,,,,
4281,42810.0,42810.0,42812.89999771118,0,2.8999977111816406,2.8999977111816406,42850.0,False,1,0,False,fast,0,0,False,False,18,False,True,,,,,,,,,,,
4282,42820.0,42820.0,42823.0,0,3.0,3.0,42860.0,False,1,0,False,fast,0,0,False,False,17,False,True,,,,,,,,,,,
4289,42890.0,42890.0,42893.0,0,3.0,3.0,42930.0,False,1,0,False,fast,0,0,False,False,10,False,True,,,,,,,,,,,
4290,42900.0,42900.0,42902.90000152588,0,2.9000015258789062,2.9000015258789062,42940.0,False,1,0,False,fast,0,1,True,False,9,False,True,,,,,,,,,,,
4295,42950.0,42950.0,42953.0000038147,0,3.0000038146972656,3.0000038146972656,42990.0,False,1,0,False,fast,0,0,False,False,4,False,True,,,,,,,,,,,
4297,42970.0,42970.0,42974.09999847412,0,4.099998474121094,4.099998474121094,43010.0,False,1,0,False,fast,0,1,True,False,2,True,True,,,,,,,,,,,
4298,42980.0,42980.0,42983.0,0,3.0,3.0,43020.0,False,1,0,False,fast,0,0,False,False,1,True,True,,,,,,,,,,,
4300,43000.0,43000.0,43003.0,0,3.0,3.0,43040.0,False,1,0,False,fast,0,0,False,False,99,False,True,,,,,,,,,,,
4306,43060.0,43060.0,43062.90000152588,0,2.9000015258789062,2.9000015258789062,43100.0,False,1,0,False,fast,0,1,True,False,93,False,True,,,,,,,,,,,
4308,43080.0,43080.0,43083.10000228882,0,3.1000022888183594,3.1000022888183594,43120.0,False,1,0,False,fast,0,0,False,False,91,False,True,,,,,,,,,,,
4310,43100.0,43100.0,43103.0,0,3.0,3.0,43140.0,False,1,0,False,fast,0,1,True,False,89,False,True,,,,,,,,,,,
4312,43120.0,43120.0,43123.0,0,3.0,3.0,43160.0,False,1,0,False,fast,0,0,False,False,87,False,True,,,,,,,,,,,
4313,43130.0,43130.0,43132.9999961853,0,2.9999961853027344,2.9999961853027344,43170.0,False,1,0,False,fast,0,0,False,False,86,False,True,,,,,,,,,,,
4318,43180.0,43180.0,43183.69999694824,0,3.6999969482421875,3.6999969482421875,43220.0,False,1,0,False,fast,0,0,False,False,81,False,True,,,,,,,,,,,
4326,43260.0,43260.0,43266.59999847412,0,6.599998474121094,6.599998474121094,43300.0,False,1,0,False,fast,0,1,True,False,73,False,True,,,,,,,,,,,
4328,43280.0,43280.0,43282.90000152588,0,2.9000015258789062,2.9000015258789062,43320.0,False,1,0,False,fast,0,0,False,False,71,False,True,,,,,,,,,,,
4330,43300.0,43300.0,43303.10000228882,0,3.1000022888183594,3.1000022888183594,43340.0,False,1,0,False,fast,0,0,False,False,69,False,True,,,,,,,,,,,
4333,43330.0,43330.0,43332.899993896484,0,2.899993896484375,2.899993896484375,43370.0,False,1,0,False,fast,0,1,True,False,66,False,True,,,,,,,,,,,
4335,43350.0,43350.0,43352.80000305176,0,2.8000030517578125,2.8000030517578125,43390.0,False,1,0,False,fast,0,0,False,False,64,False,True,,,,,,,,,,,
4340,43400.0,43400.0,43402.90000152588,0,2.9000015258789062,2.9000015258789062,43440.0,False,1,0,False,fast,0,1,True,False,59,False,True,,,,,,,,,,,
4341,43410.0,43410.0,43413.099994659424,0,3.099994659423828,3.099994659423828,43450.0,False,1,0,False,fast,0,1,True,False,58,False,True,,,,,,,,,,,
4345,43450.0,43450.0,43454.40000152588,0,4.400001525878906,4.400001525878906,43490.0,False,1,0,False,fast,0,0,False,False,54,False,True,,,,,,,,,,,
4351,43510.0,43510.0,43512.79999923706,0,2.799999237060547,2.799999237060547,43550.0,False,1,0,False,fast,0,1,True,False,48,False,True,,,,,,,,,,,
4352,43520.0,43520.0,43522.90000152588,0,2.9000015258789062,2.9000015258789062,43560.0,False,1,0,False,fast,0,0,False,False,47,False,True,,,,,,,,,,,
4354,43540.0,43540.0,43543.0000038147,0,3.0000038146972656,3.0000038146972656,43580.0,False,1,0,False,fast,0,0,False,False,45,False,True,,,,,,,,,,,
4355,43550.0,43550.0,43552.90000152588,0,2.9000015258789062,2.9000015258789062,43590.0,False,1,0,False,fast,0,1,True,False,44,False,True,,,,,,,,,,,
4360,43600.0,43600.0,43602.90000152588,0,2.9000015258789062,2.9000015258789062,43640.0,False,1,0,False,fast,0,1,True,False,39,False,True,,,,,,,,,,,
4362,43620.0,43620.0,43622.89999771118,0,2.8999977111816406,2.8999977111816406,43660.0,False,1,0,False,fast,0,0,False,False,37,False,True,,,,,,,,,,,
4363,43630.0,43630.0,43632.90000152588,0,2.9000015258789062,2.9000015258789062,43670.0,False,1,0,False,fast,0,1,True,False,36,False,True,,,,,,,,,,,
4364,43640.0,43640.0,43642.89999771118,0,2.8999977111816406,2.8999977111816406,43680.0,False,1,0,False,fast,0,1,True,False,35,False,True,,,,,,,,,,,
4365,43650.0,43650.0,43653.0000038147,0,3.0000038146972656,3.0000038146972656,43690.0,False,1,0,False,fast,0,1,True,False,34,False,True,,,,,,,,,,,
4367,43670.0,43670.0,43673.09999847412,0,3.0999984741210938,3.0999984741210938,43710.0,False,1,0,False,fast,0,0,False,False,32,False,True,,,,,,,,,,,
4368,43680.0,43680.0,43682.79999923706,0,2.799999237060547,2.799999237060547,43720.0,False,1,0,False,fast,0,0,False,False,31,False,True,,,,,,,,,,,
4370,43700.0,43700.0,43703.0,0,3.0,3.0,43740.0,False,1,0,False,fast,0,0,False,False,29,False,True,,,,,,,,,,,
4371,43710.0,43710.0,43712.80000305176,0,2.8000030517578125,2.8000030517578125,43750.0,False,1,0,False,fast,0,0,False,False,28,False,True,,,,,,,,,,,
4374,43740.0,43740.0,43742.89999771118,0,2.8999977111816406,2.8999977111816406,43780.0,False,1,0,False,fast,0,1,True,False,25,False,True,,,,,,,,,,,
4377,43770.0,43770.0,43772.79999923706,0,2.799999237060547,2.799999237060547,43810.0,False,1,0,False,fast,0,1,True,False,22,False,True,,,,,,,,,,,
4383,43830.0,43830.0,43833.70000076294,0,3.700000762939453,3.700000762939453,43870.0,False,1,0,False,fast,0,0,False,False,16,False,True,,,,,,,,,,,
4384,43840.0,43840.0,43842.90000152588,0,2.9000015258789062,2.9000015258789062,43880.0,False,1,0,False,fast,0,0,False,False,15,False,True,,,,,,,,,,,
4386,43860.0,43860.0,43862.79999923706,0,2.799999237060547,2.799999237060547,43900.0,False,1,0,False,fast,0,0,False,False,13,False,True,,,,,,,,,,,
4391,43910.0,43910.0,43913.0,0,3.0,3.0,43950.0,False,1,0,False,fast,0,1,True,False,8,False,True,,,,,,,,,,,
4397,43970.0,43970.0,43973.20000076294,0,3.200000762939453,3.200000762939453,44010.0,False,1,0,False,fast,0,1,True,False,2,True,True,,,,,,,,,,,
4400,44000.0,44000.0,44003.10000228882,0,3.1000022888183594,3.1000022888183594,44040.0,False,1,0,False,fast,0,0,False,False,99,False,True,,,,,,,,,,,
4406,44060.0,44060.0,44062.90000152588,0,2.9000015258789062,2.9000015258789062,44100.0,False,1,0,False,fast,0,1,True,False,93,False,True,,,,,,,,,,,
4408,44080.0,44080.0,44084.69999694824,0,4.6999969482421875,4.6999969482421875,44120.0,False,1,0,False,fast,0,0,False,False,91,False,True,,,,,,,,,,,
4410,44100.0,44100.0,44103.0,0,3.0,3.0,44140.0,False,1,0,False,fast,0,0,False,False,89,False,True,,,,,,,,,,,
4411,44110.0,44110.0,44113.89999771118,0,3.8999977111816406,3.8999977111816406,44150.0,False,1,0,False,fast,0,0,False,False,88,False,True,,,,,,,,,,,
4413,44130.0,44130.0,44132.89999771118,0,2.8999977111816406,2.8999977111816406,44170.0,False,1,0,False,fast,0,1,True,False,86,False,True,,,,,,,,,,,
4416,44160.0,44160.0,44163.19999694824,0,3.1999969482421875,3.1999969482421875,44200.0,False,1,0,False,fast,0,0,False,False,83,False,True,,,,,,,,,,,
4417,44170.0,44170.0,44174.90000152588,0,4.900001525878906,4.900001525878906,44210.0,False,1,0,False,fast,0,0,False,False,82,False,True,,,,,,,,,,,
4419,44190.0,44190.0,44192.79999923706,0,2.799999237060547,2.799999237060547,44230.0,False,1,0,False,fast,0,0,False,False,80,False,True,,,,,,,,,,,
4420,44200.0,44200.0,44202.90000152588,0,2.9000015258789062,2.9000015258789062,44240.0,False,1,0,False,fast,0,0,False,False,79,False,True,,,,,,,,,,,
4423,44230.0,44230.0,44233.70000076294,0,3.700000762939453,3.700000762939453,44270.0,False,1,0,False,fast,0,0,False,False,76,False,True,,,,,,,,,,,
4424,44240.0,44240.0,44242.9999961853,0,2.9999961853027344,2.9999961853027344,44280.0,False,1,0,False,fast,0,0,False,False,75,False,True,,,,,,,,,,,
4426,44260.0,44260.0,44262.89999771118,0,2.8999977111816406,2.8999977111816406,44300.0,False,1,0,False,fast,0,0,False,False,73,False,True,,,,,,,,,,,
4428,44280.0,44280.0,44282.90000152588,0,2.9000015258789062,2.9000015258789062,44320.0,False,1,0,False,fast,0,0,False,False,71,False,True,,,,,,,,,,,
4429,44290.0,44290.0,44293.39999771118,0,3.3999977111816406,3.3999977111816406,44330.0,False,1,0,False,fast,0,0,False,False,70,False,True,,,,,,,,,,,
4435,44350.0,44350.0,44353.0,0,3.0,3.0,44390.0,False,1,0,False,fast,0,0,False,False,64,False,True,,,,,,,,,,,
4436,44360.0,44360.0,44362.89999771118,0,2.8999977111816406,2.8999977111816406,44400.0,False,1,0,False,fast,0,0,False,False,63,False,True,,,,,,,,,,,
4437,44370.0,44370.0,44373.0,0,3.0,3.0,44410.0,False,1,0,False,fast,0,0,False,False,62,False,True,,,,,,,,,,,
4438,44380.0,44380.0,44382.89999771118,0,2.8999977111816406,2.8999977111816406,44420.0,False,1,0,False,fast,0,0,False,False,61,False,True,,,,,,,,,,,
4439,44390.0,44390.0,44393.09999847412,0,3.0999984741210938,3.0999984741210938,44430.0,False,1,0,False,fast,0,1,True,False,60,False,True,,,,,,,,,,,
4440,44400.0,44400.0,44402.90000152588,0,2.9000015258789062,2.9000015258789062,44440.0,False,1,0,False,fast,0,0,False,False,59,False,True,,,,,,,,,,,
4443,44430.0,44430.0,44432.90000152588,0,2.9000015258789062,2.9000015258789062,44470.0,False,1,0,False,fast,0,0,False,False,56,False,True,,,,,,,,,,,
4444,44440.0,44440.0,44442.90000152588,0,2.9000015258789062,2.9000015258789062,44480.0,False,1,0,False,fast,0,0,False,False,55,False,True,,,,,,,,,,,
4445,44450.0,44450.0,44452.90000152588,0,2.9000015258789062,2.9000015258789062,44490.0,False,1,0,False,fast,0,1,True,False,54,False,True,,,,,,,,,,,
4449,44490.0,44490.0,44492.89999771118,0,2.8999977111816406,2.8999977111816406,44530.0,False,1,0,False,fast,0,0,False,False,50,False,True,,,,,,,,,,,
4453,44530.0,44530.0,44532.90000152588,0,2.9000015258789062,2.9000015258789062,44570.0,False,1,0,False,fast,0,0,False,False,46,False,True,,,,,,,,,,,
4454,44540.0,44540.0,44542.89999771118,0,2.8999977111816406,2.8999977111816406,44580.0,False,1,0,False,fast,0,0,False,False,45,False,True,,,,,,,,,,,
4462,44620.0,44620.0,44623.40000152588,0,3.4000015258789062,3.4000015258789062,44660.0,False,1,0,False,fast,0,1,True,False,37,False,True,,,,,,,,,,,
4466,44660.0,44660.0,44662.89999771118,0,2.8999977111816406,2.8999977111816406,44700.0,False,1,0,False,fast,0,1,True,False,33,False,True,,,,,,,,,,,
4471,44710.0,44710.0,44712.89999771118,0,2.8999977111816406,2.8999977111816406,44750.0,False,1,0,False,fast,0,0,False,False,28,False,True,,,,,,,,,,,
4475,44750.0,44750.0,44752.79999923706,0,2.799999237060547,2.799999237060547,44790.0,False,1,0,False,fast,0,0,False,False,24,False,True,,,,,,,,,,,
4476,44760.0,44760.0,44763.10000228882,0,3.1000022888183594,3.1000022888183594,44800.0,False,1,0,False,fast,0,0,False,False,23,False,True,,,,,,,,,,,
4477,44770.0,44770.0,44774.0000038147,0,4.000003814697266,4.000003814697266,44810.0,False,1,0,False,fast,0,0,False,False,22,False,True,,,,,,,,,,,
4480,44800.0,44800.0,44803.20000076294,0,3.200000762939453,3.200000762939453,44840.0,False,1,0,False,fast,0,0,False,False,19,False,True,,,,,,,,,,,
4481,44810.0,44810.0,44813.0,0,3.0,3.0,44850.0,False,1,0,False,fast,0,0,False,False,18,False,True,,,,,,,,,,,
4484,44840.0,44840.0,44842.80000305176,0,2.8000030517578125,2.8000030517578125,44880.0,False,1,0,False,fast,0,0,False,False,15,False,True,,,,,,,,,,,
4486,44860.0,44860.0,44863.0,0,3.0,3.0,44900.0,False,1,0,False,fast,0,0,False,False,13,False,True,,,,,,,,,,,
4487,44870.0,44870.0,44872.80000305176,0,2.8000030517578125,2.8000030517578125,44910.0,False,1,0,False,fast,0,1,True,False,12,False,True,,,,,,,,,,,
4488,44880.0,44880.0,44882.90000152588,0,2.9000015258789062,2.9000015258789062,44920.0,False,1,0,False,fast,0,0,False,False,11,False,True,,,,,,,,,,,
4489,44890.0,44890.0,44892.89999771118,0,2.8999977111816406,2.8999977111816406,44930.0,False,1,0,False,fast,0,0,False,False,10,False,True,,,,,,,,,,,
4490,44900.0,44900.0,44903.0,0,3.0,3.0,44940.0,False,1,0,False,fast,0,0,False,False,9,False,True,,,,,,,,,,,
4491,44910.0,44910.0,44913.10000228882,0,3.1000022888183594,3.1000022888183594,44950.0,False,1,0,False,fast,0,0,False,False,8,False,True,,,,,,,,,,,
4496,44960.0,44960.0,44962.90000152588,0,2.9000015258789062,2.9000015258789062,45000.0,False,1,0,False,fast,0,0,False,False,3,False,True,,,,,,,,,,,
4497,44970.0,44970.0,44973.09999847412,0,3.0999984741210938,3.0999984741210938,45010.0,False,1,0,False,fast,0,1,True,False,2,True,True,,,,,,,,,,,
4498,44980.0,44980.0,44984.20000076294,0,4.200000762939453,4.200000762939453,45020.0,False,1,0,False,fast,0,0,False,False,1,True,True,,,,,,,,,,,
4500,45000.0,45000.0,45003.0,0,3.0,3.0,45040.0,False,1,0,False,fast,0,0,False,False,99,False,True,,,,,,,,,,,
4503,45030.0,45030.0,45033.0000038147,0,3.0000038146972656,3.0000038146972656,45070.0,False,1,0,False,fast,0,0,False,False,96,False,True,,,,,,,,,,,
4505,45050.0,45050.0,45052.89999771118,0,2.8999977111816406,2.8999977111816406,45090.0,False,1,0,False,fast,0,0,False,False,94,False,True,,,,,,,,,,,
4508,45080.0,45080.0,45082.79999923706,0,2.799999237060547,2.799999237060547,45120.0,False,1,0,False,fast,0,0,False,False,91,False,True,,,,,,,,,,,
4509,45090.0,45090.0,45093.09999847412,0,3.0999984741210938,3.0999984741210938,45130.0,False,1,0,False,fast,0,0,False,False,90,False,True,,,,,,,,,,,
4511,45110.0,45110.0,45113.0,0,3.0,3.0,45150.0,False,1,0,False,fast,0,0,False,False,88,False,True,,,,,,,,,,,
4512,45120.0,45120.0,45123.0,0,3.0,3.0,45160.0,False,1,0,False,fast,0,0,False,False,87,False,True,,,,,,,,,,,
4515,45150.0,45150.0,45156.29999923706,0,6.299999237060547,6.299999237060547,45190.0,False,1,0,False,fast,0,1,True,False,84,False,True,,,,,,,,,,,
4516,45160.0,45160.0,45162.79999923706,0,2.799999237060547,2.799999237060547,45200.0,False,1,0,False,fast,0,0,False,False,83,False,True,,,,,,,,,,,
4518,45180.0,45180.0,45183.0000038147,0,3.0000038146972656,3.0000038146972656,45220.0,False,1,0,False,fast,0,0,False,False,81,False,True,,,,,,,,,,,
4520,45200.0,45200.0,45203.0,0,3.0,3.0,45240.0,False,1,0,False,fast,0,0,False,False,79,False,True,,,,,,,,,,,
4521,45210.0,45210.0,45212.89999771118,0,2.8999977111816406,2.8999977111816406,45250.0,False,1,0,False,fast,0,0,False,False,78,False,True,,,,,,,,,,,
4524,45240.0,45240.0,45243.0,0,3.0,3.0,45280.0,False,1,0,False,fast,0,1,True,False,75,False,True,,,,,,,,,,,
4526,45260.0,45260.0,45263.0000038147,0,3.0000038146972656,3.0000038146972656,45300.0,False,1,0,False,fast,0,0,False,False,73,False,True,,,,,,,,,,,
4527,45270.0,45270.0,45273.0,0,3.0,3.0,45310.0,False,1,0,False,fast,0,0,False,False,72,False,True,,,,,,,,,,,
4531,45310.0,45310.0,45312.89999771118,0,2.8999977111816406,2.8999977111816406,45350.0,False,1,0,False,fast,0,0,False,False,68,False,True,,,,,,,,,,,
4534,45340.0,45340.0,45343.19999694824,0,3.1999969482421875,3.1999969482421875,45380.0,False,1,0,False,fast,0,0,False,False,65,False,True,,,,,,,,,,,
4539,45390.0,45390.0,45393.0,0,3.0,3.0,45430.0,False,1,0,False,fast,0,0,False,False,60,False,True,,,,,,,,,,,
4540,45400.0,45400.0,45403.0,0,3.0,3.0,45440.0,False,1,0,False,fast,0,0,False,False,59,False,True,,,,,,,,,,,
4543,45430.0,45430.0,45433.30000305176,0,3.3000030517578125,3.3000030517578125,45470.0,False,1,0,False,fast,0,0,False,False,56,False,True,,,,,,,,,,,
4544,45440.0,45440.0,45443.10000228882,0,3.1000022888183594,3.1000022888183594,45480.0,False,1,0,False,fast,0,0,False,False,55,False,True,,,,,,,,,,,
4545,45450.0,45450.0,45453.0,0,3.0,3.0,45490.0,False,1,0,False,fast,0,0,False,False,54,False,True,,,,,,,,,,,
4548,45480.0,45480.0,45482.89999771118,0,2.8999977111816406,2.8999977111816406,45520.0,False,1,0,False,fast,0,0,False,False,51,False,True,,,,,,,,,,,
4554,45540.0,45540.0,45542.79999923706,0,2.799999237060547,2.799999237060547,45580.0,False,1,0,False,fast,0,0,False,False,45,False,True,,,,,,,,,,,
4555,45550.0,45550.0,45554.0,0,4.0,4.0,45590.0,False,1,0,False,fast,0,0,False,False,44,False,True,,,,,,,,,,,
4560,45600.0,45600.0,45603.0000038147,0,3.0000038146972656,3.0000038146972656,45640.0,False,1,0,False,fast,0,0,False,False,39,False,True,,,,,,,,,,,
4564,45640.0,45640.0,45643.0,0,3.0,3.0,45680.0,False,1,0,False,fast,0,0,False,False,35,False,True,,,,,,,,,,,
4567,45670.0,45670.0,45672.90000152588,0,2.9000015258789062,2.9000015258789062,45710.0,False,1,0,False,fast,0,0,False,False,32,False,True,,,,,,,,,,,
4570,45700.0,45700.0,45702.89999771118,0,2.8999977111816406,2.8999977111816406,45740.0,False,1,0,False,fast,0,1,True,False,29,False,True,,,,,,,,,,,
4573,45730.0,45730.0,45732.79999923706,0,2.799999237060547,2.799999237060547,45770.0,False,1,0,False,fast,0,0,False,False,26,False,True,,,,,,,,,,,
4574,45740.0,45740.0,45742.79999923706,0,2.799999237060547,2.799999237060547,45780.0,False,1,0,False,fast,0,0,False,False,25,False,True,,,,,,,,,,,
4575,45750.0,45750.0,45752.89999771118,0,2.8999977111816406,2.8999977111816406,45790.0,False,1,0,False,fast,0,0,False,False,24,False,True,,,,,,,,,,,
4576,45760.0,45760.0,45762.79999923706,0,2.799999237060547,2.799999237060547,45800.0,False,1,0,False,fast,0,1,True,False,23,False,True,,,,,,,,,,,
4580,45800.0,45800.0,45802.89999771118,0,2.8999977111816406,2.8999977111816406,45840.0,False,1,0,False,fast,0,1,True,False,19,False,True,,,,,,,,,,,
4582,45820.0,45820.0,45822.80000305176,0,2.8000030517578125,2.8000030517578125,45860.0,False,1,0,False,fast,0,0,False,False,17,False,True,,,,,,,,,,,
4583,45830.0,45830.0,45832.90000152588,0,2.9000015258789062,2.9000015258789062,45870.0,False,1,0,False,fast,0,0,False,False,16,False,True,,,,,,,,,,,
4584,45840.0,45840.0,45842.80000305176,0,2.8000030517578125,2.8000030517578125,45880.0,False,1,0,False,fast,0,0,False,False,15,False,True,,,,,,,,,,,
4588,45880.0,45880.0,45882.90000152588,0,2.9000015258789062,2.9000015258789062,45920.0,False,1,0,False,fast,0,1,True,False,11,False,True,,,,,,,,,,,
4593,45930.0,45930.0,45932.79999923706,0,2.799999237060547,2.799999237060547,45970.0,False,1,0,False,fast,0,1,True,False,6,False,True,,,,,,,,,,,
4597,45970.0,45970.0,45972.89999771118,0,2.8999977111816406,2.8999977111816406,46010.0,False,1,0,False,fast,0,0,False,False,2,True,True,,,,,,,,,,,
4602,46020.0,46020.0,46022.89999771118,0,2.8999977111816406,2.8999977111816406,46060.0,False,1,0,False,fast,0,1,True,False,97,False,True,,,,,,,,,,,
4604,46040.0,46040.0,46043.10000228882,0,3.1000022888183594,3.1000022888183594,46080.0,False,1,0,False,fast,0,0,False,False,95,False,True,,,,,,,,,,,
4605,46050.0,46050.0,46053.0,0,3.0,3.0,46090.0,False,1,0,False,fast,0,1,True,False,94,False,True,,,,,,,,,,,
4607,46070.0,46070.0,46072.79999923706,0,2.799999237060547,2.799999237060547,46110.0,False,1,0,False,fast,0,1,True,False,92,False,True,,,,,,,,,,,
4610,46100.0,46100.0,46102.90000152588,0,2.9000015258789062,2.9000015258789062,46140.0,False,1,0,False,fast,0,0,False,False,89,False,True,,,,,,,,,,,
4614,46140.0,46140.0,46142.89999771118,0,2.8999977111816406,2.8999977111816406,46180.0,False,1,0,False,fast,0,1,True,False,85,False,True,,,,,,,,,,,
4616,46160.0,46160.0,46162.90000152588,0,2.9000015258789062,2.9000015258789062,46200.0,False,1,0,False,fast,0,0,False,False,83,False,True,,,,,,,,,,,
4621,46210.0,46210.0,46212.79999923706,0,2.799999237060547,2.799999237060547,46250.0,False,1,0,False,fast,0,1,True,False,78,False,True,,,,,,,,,,,
4624,46240.0,46240.0,46242.89999771118,0,2.8999977111816406,2.8999977111816406,46280.0,False,1,0,False,fast,0,0,False,False,75,False,True,,,,,,,,,,,
4627,46270.0,46270.0,46272.90000152588,0,2.9000015258789062,2.9000015258789062,46310.0,False,1,0,False,fast,0,1,True,False,72,False,True,,,,,,,,,,,
4628,46280.0,46280.0,46282.90000152588,0,2.9000015258789062,2.9000015258789062,46320.0,False,1,0,False,fast,0,1,True,False,71,False,True,,,,,,,,,,,
4629,46290.0,46290.0,46292.79999923706,0,2.799999237060547,2.799999237060547,46330.0,False,1,0,False,fast,0,1,True,False,70,False,True,,,,,,,,,,,
4630,46300.0,46300.0,46303.0,0,3.0,3.0,46340.0,False,1,0,False,fast,0,1,True,False,69,False,True,,,,,,,,,,,
4631,46310.0,46310.0,46312.90000152588,0,2.9000015258789062,2.9000015258789062,46350.0,False,1,0,False,fast,0,0,False,False,68,False,True,,,,,,,,,,,
4633,46330.0,46330.0,46334.10000228882,0,4.100002288818359,4.100002288818359,46370.0,False,1,0,False,fast,0,0,False,False,66,False,True,,,,,,,,,,,
4634,46340.0,46340.0,46343.79999923706,0,3.799999237060547,3.799999237060547,46380.0,False,1,0,False,fast,0,0,False,False,65,False,True,,,,,,,,,,,
4635,46350.0,46350.0,46352.90000152588,0,2.9000015258789062,2.9000015258789062,46390.0,False,1,0,False,fast,0,1,True,False,64,False,True,,,,,,,,,,,
4636,46360.0,46360.0,46362.89999771118,0,2.8999977111816406,2.8999977111816406,46400.0,False,1,0,False,fast,0,1,True,False,63,False,True,,,,,,,,,,,
4638,46380.0,46380.0,46382.90000152588,0,2.9000015258789062,2.9000015258789062,46420.0,False,1,0,False,fast,0,0,False,False,61,False,True,,,,,,,,,,,
4639,46390.0,46390.0,46392.9999961853,0,2.9999961853027344,2.9999961853027344,46430.0,False,1,0,False,fast,0,0,False,False,60,False,True,,,,,,,,,,,
4642,46420.0,46420.0,46423.19999694824,0,3.1999969482421875,3.1999969482421875,46460.0,False,1,0,False,fast,0,1,True,False,57,False,True,,,,,,,,,,,
4648,46480.0,46480.0,46482.69999694824,0,2.6999969482421875,2.6999969482421875,46520.0,False,1,0,False,fast,0,0,False,False,51,False,True,,,,,,,,,,,
4654,46540.0,46540.0,46542.79999923706,0,2.799999237060547,2.799999237060547,46580.0,False,1,0,False,fast,0,0,False,False,45,False,True,,,,,,,,,,,
4657,46570.0,46570.0,46572.79999923706,0,2.799999237060547,2.799999237060547,46610.0,False,1,0,False,fast,0,1,True,False,42,False,True,,,,,,,,,,,
4661,46610.0,46610.0,46612.79999923706,0,2.799999237060547,2.799999237060547,46650.0,False,1,0,False,fast,0,1,True,False,38,False,True,,,,,,,,,,,
4665,46650.0,46650.0,46654.19999694824,0,4.1999969482421875,4.1999969482421875,46690.0,False,1,0,False,fast,0,0,False,False,34,False,True,,,,,,,,,,,
4666,46660.0,46660.0,46663.0,0,3.0,3.0,46700.0,False,1,0,False,fast,0,0,False,False,33,False,True,,,,,,,,,,,
4667,46670.0,46670.0,46673.40000152588,0,3.4000015258789062,3.4000015258789062,46710.0,False,1,0,False,fast,0,0,False,False,32,False,True,,,,,,,,,,,
4668,46680.0,46680.0,46682.79999923706,0,2.799999237060547,2.799999237060547,46720.0,False,1,0,False,fast,0,0,False,False,31,False,True,,,,,,,,,,,
4670,46700.0,46700.0,46702.79999923706,0,2.799999237060547,2.799999237060547,46740.0,False,1,0,False,fast,0,0,False,False,29,False,True,,,,,,,,,,,
4672,46720.0,46720.0,46723.90000152588,0,3.9000015258789062,3.9000015258789062,46760.0,False,1,0,False,fast,0,0,False,False,27,False,True,,,,,,,,,,,
4674,46740.0,46740.0,46744.19999694824,0,4.1999969482421875,4.1999969482421875,46780.0,False,1,0,False,fast,0,0,False,False,25,False,True,,,,,,,,,,,
4676,46760.0,46760.0,46762.79999923706,0,2.799999237060547,2.799999237060547,46800.0,False,1,0,False,fast,0,1,True,False,23,False,True,,,,,,,,,,,
4678,46780.0,46780.0,46782.79999923706,0,2.799999237060547,2.799999237060547,46820.0,False,1,0,False,fast,0,0,False,False,21,False,True,,,,,,,,,,,
4683,46830.0,46830.0,46832.80000305176,0,2.8000030517578125,2.8000030517578125,46870.0,False,1,0,False,fast,0,1,True,False,16,False,True,,,,,,,,,,,
4684,46840.0,46840.0,46844.0,0,4.0,4.0,46880.0,False,1,0,False,fast,0,0,False,False,15,False,True,,,,,,,,,,,
4685,46850.0,46850.0,46853.79999923706,0,3.799999237060547,3.799999237060547,46890.0,False,1,0,False,fast,0,0,False,False,14,False,True,,,,,,,,,,,
4688,46880.0,46880.0,46882.80000305176,0,2.8000030517578125,2.8000030517578125,46920.0,False,1,0,False,fast,0,1,True,False,11,False,True,,,,,,,,,,,
4689,46890.0,46890.0,46892.90000152588,0,2.9000015258789062,2.9000015258789062,46930.0,False,1,0,False,fast,0,0,False,False,10,False,True,,,,,,,,,,,
4690,46900.0,46900.0,46902.79999923706,0,2.799999237060547,2.799999237060547,46940.0,False,1,0,False,fast,0,0,False,False,9,False,True,,,,,,,,,,,
4691,46910.0,46910.0,46912.79999923706,0,2.799999237060547,2.799999237060547,46950.0,False,1,0,False,fast,0,0,False,False,8,False,True,,,,,,,,,,,
4693,46930.0,46930.0,46932.80000305176,0,2.8000030517578125,2.8000030517578125,46970.0,False,1,0,False,fast,0,0,False,False,6,False,True,,,,,,,,,,,
4694,46940.0,46940.0,46942.79999923706,0,2.799999237060547,2.799999237060547,46980.0,False,1,0,False,fast,0,0,False,False,5,False,True,,,,,,,,,,,
4700,47000.0,47000.0,47002.79999923706,0,2.799999237060547,2.799999237060547,47040.0,False,1,0,False,fast,0,1,True,False,99,False,True,,,,,,,,,,,
4702,47020.0,47020.0,47022.89999771118,0,2.8999977111816406,2.8999977111816406,47060.0,False,1,0,False,fast,0,0,False,False,97,False,True,,,,,,,,,,,
4704,47040.0,47040.0,47043.0,0,3.0,3.0,47080.0,False,1,0,False,fast,0,0,False,False,95,False,True,,,,,,,,,,,
4706,47060.0,47060.0,47062.79999923706,0,2.799999237060547,2.799999237060547,47100.0,False,1,0,False,fast,0,1,True,False,93,False,True,,,,,,,,,,,
4707,47070.0,47070.0,47072.79999923706,0,2.799999237060547,2.799999237060547,47110.0,False,1,0,False,fast,0,0,False,False,92,False,True,,,,,,,,,,,
4710,47100.0,47100.0,47102.79999923706,0,2.799999237060547,2.799999237060547,47140.0,False,1,0,False,fast,0,0,False,False,89,False,True,,,,,,,,,,,
4711,47110.0,47110.0,47112.79999923706,0,2.799999237060547,2.799999237060547,47150.0,False,1,0,False,fast,0,1,True,False,88,False,True,,,,,,,,,,,
4712,47120.0,47120.0,47122.90000152588,0,2.9000015258789062,2.9000015258789062,47160.0,False,1,0,False,fast,0,0,False,False,87,False,True,,,,,,,,,,,
4717,47170.0,47170.0,47172.89999771118,0,2.8999977111816406,2.8999977111816406,47210.0,False,1,0,False,fast,0,0,False,False,82,False,True,,,,,,,,,,,
4718,47180.0,47180.0,47183.39999771118,0,3.3999977111816406,3.3999977111816406,47220.0,False,1,0,False,fast,0,1,True,False,81,False,True,,,,,,,,,,,
4721,47210.0,47210.0,47212.79999923706,0,2.799999237060547,2.799999237060547,47250.0,False,1,0,False,fast,0,0,False,False,78,False,True,,,,,,,,,,,
4722,47220.0,47220.0,47222.79999923706,0,2.799999237060547,2.799999237060547,47260.0,False,1,0,False,fast,0,0,False,False,77,False,True,,,,,,,,,,,
4730,47300.0,47300.0,47302.79999923706,0,2.799999237060547,2.799999237060547,47340.0,False,1,0,False,fast,0,1,True,False,69,False,True,,,,,,,,,,,
4732,47320.0,47320.0,47322.79999923706,0,2.799999237060547,2.799999237060547,47360.0,False,1,0,False,fast,0,0,False,False,67,False,True,,,,,,,,,,,
4737,47370.0,47370.0,47372.90000152588,0,2.9000015258789062,2.9000015258789062,47410.0,False,1,0,False,fast,0,0,False,False,62,False,True,,,,,,,,,,,
4742,47420.0,47420.0,47422.80000305176,0,2.8000030517578125,2.8000030517578125,47460.0,False,1,0,False,fast,0,0,False,False,57,False,True,,,,,,,,,,,
4743,47430.0,47430.0,47432.69999694824,0,2.6999969482421875,2.6999969482421875,47470.0,False,1,0,False,fast,0,0,False,False,56,False,True,,,,,,,,,,,
4745,47450.0,47450.0,47452.90000152588,0,2.9000015258789062,2.9000015258789062,47490.0,False,1,0,False,fast,0,1,True,False,54,False,True,,,,,,,,,,,
4749,47490.0,47490.0,47493.9999961853,0,3.9999961853027344,3.9999961853027344,47530.0,False,1,0,False,fast,0,1,True,False,50,False,True,,,,,,,,,,,
4751,47510.0,47510.0,47514.0,0,4.0,4.0,47550.0,False,1,0,False,fast,0,0,False,False,48,False,True,,,,,,,,,,,
4752,47520.0,47520.0,47522.90000152588,0,2.9000015258789062,2.9000015258789062,47560.0,False,1,0,False,fast,0,0,False,False,47,False,True,,,,,,,,,,,
4755,47550.0,47550.0,47553.0,0,3.0,3.0,47590.0,False,1,0,False,fast,0,0,False,False,44,False,True,,,,,,,,,,,
4756,47560.0,47560.0,47562.89999771118,0,2.8999977111816406,2.8999977111816406,47600.0,False,1,0,False,fast,0,0,False,False,43,False,True,,,,,,,,,,,
4762,47620.0,47620.0,47622.69999694824,0,2.6999969482421875,2.6999969482421875,47660.0,False,1,0,False,fast,0,1,True,False,37,False,True,,,,,,,,,,,
4763,47630.0,47630.0,47633.89999771118,0,3.8999977111816406,3.8999977111816406,47670.0,False,1,0,False,fast,0,0,False,False,36,False,True,,,,,,,,,,,
4765,47650.0,47650.0,47653.9999961853,0,3.9999961853027344,3.9999961853027344,47690.0,False,1,0,False,fast,0,0,False,False,34,False,True,,,,,,,,,,,
4768,47680.0,47680.0,47683.0,0,3.0,3.0,47720.0,False,1,0,False,fast,0,0,False,False,31,False,True,,,,,,,,,,,
4771,47710.0,47710.0,47712.89999771118,0,2.8999977111816406,2.8999977111816406,47750.0,False,1,0,False,fast,0,0,False,False,28,False,True,,,,,,,,,,,
4772,47720.0,47720.0,47722.80000305176,0,2.8000030517578125,2.8000030517578125,47760.0,False,1,0,False,fast,0,0,False,False,27,False,True,,,,,,,,,,,
4774,47740.0,47740.0,47742.90000152588,0,2.9000015258789062,2.9000015258789062,47780.0,False,1,0,False,fast,0,1,True,False,25,False,True,,,,,,,,,,,
4775,47750.0,47750.0,47752.79999923706,0,2.799999237060547,2.799999237060547,47790.0,False,1,0,False,fast,0,1,True,False,24,False,True,,,,,,,,,,,
4777,47770.0,47770.0,47772.89999771118,0,2.8999977111816406,2.8999977111816406,47810.0,False,1,0,False,fast,0,1,True,False,22,False,True,,,,,,,,,,,
4778,47780.0,47780.0,47784.09999847412,0,4.099998474121094,4.099998474121094,47820.0,False,1,0,False,fast,0,0,False,False,21,False,True,,,,,,,,,,,
4779,47790.0,47790.0,47792.89999771118,0,2.8999977111816406,2.8999977111816406,47830.0,False,1,0,False,fast,0,1,True,False,20,False,True,,,,,,,,,,,
4781,47810.0,47810.0,47812.79999923706,0,2.799999237060547,2.799999237060547,47850.0,False,1,0,False,fast,0,1,True,False,18,False,True,,,,,,,,,,,
4782,47820.0,47820.0,47824.0000038147,0,4.000003814697266,4.000003814697266,47860.0,False,1,0,False,fast,0,0,False,False,17,False,True,,,,,,,,,,,
4784,47840.0,47840.0,47842.79999923706,0,2.799999237060547,2.799999237060547,47880.0,False,1,0,False,fast,0,0,False,False,15,False,True,,,,,,,,,,,
4786,47860.0,47860.0,47862.79999923706,0,2.799999237060547,2.799999237060547,47900.0,False,1,0,False,fast,0,0,False,False,13,False,True,,,,,,,,,,,
4787,47870.0,47870.0,47872.80000305176,0,2.8000030517578125,2.8000030517578125,47910.0,False,1,0,False,fast,0,0,False,False,12,False,True,,,,,,,,,,,
4788,47880.0,47880.0,47882.79999923706,0,2.799999237060547,2.799999237060547,47920.0,False,1,0,False,fast,0,0,False,False,11,False,True,,,,,,,,,,,
4789,47890.0,47890.0,47892.70000457764,0,2.7000045776367188,2.7000045776367188,47930.0,False,1,0,False,fast,0,0,False,False,10,False,True,,,,,,,,,,,
4792,47920.0,47920.0,47922.89999771118,0,2.8999977111816406,2.8999977111816406,47960.0,False,1,0,False,fast,0,1,True,False,7,False,True,,,,,,,,,,,
4795,47950.0,47950.0,47952.89999771118,0,2.8999977111816406,2.8999977111816406,47990.0,False,1,0,False,fast,0,0,False,False,4,False,True,,,,,,,,,,,
4796,47960.0,47960.0,47962.79999923706,0,2.799999237060547,2.799999237060547,48000.0,False,1,0,False,fast,0,0,False,False,3,False,True,,,,,,,,,,,
4799,47990.0,47990.0,47992.80000305176,0,2.8000030517578125,2.8000030517578125,48030.0,False,1,0,False,fast,0,0,False,True,0,True,True,,,,,,,,,,,
4801,48010.0,48010.0,48012.79999923706,0,2.799999237060547,2.799999237060547,48050.0,False,1,0,False,fast,0,0,False,False,98,False,True,,,,,,,,,,,
4802,48020.0,48020.0,48022.90000152588,0,2.9000015258789062,2.9000015258789062,48060.0,False,1,0,False,fast,0,0,False,False,97,False,True,,,,,,,,,,,
4803,48030.0,48030.0,48032.90000152588,0,2.9000015258789062,2.9000015258789062,48070.0,False,1,0,False,fast,0,0,False,False,96,False,True,,,,,,,,,,,
4805,48050.0,48050.0,48052.79999923706,0,2.799999237060547,2.799999237060547,48090.0,False,1,0,False,fast,0,1,True,False,94,False,True,,,,,,,,,,,
4807,48070.0,48070.0,48072.89999771118,0,2.8999977111816406,2.8999977111816406,48110.0,False,1,0,False,fast,0,1,True,False,92,False,True,,,,,,,,,,,
4813,48130.0,48130.0,48133.89999771118,0,3.8999977111816406,3.8999977111816406,48170.0,False,1,0,False,fast,0,0,False,False,86,False,True,,,,,,,,,,,
4814,48140.0,48140.0,48142.90000152588,0,2.9000015258789062,2.9000015258789062,48180.0,False,1,0,False,fast,0,1,True,False,85,False,True,,,,,,,,,,,
4818,48180.0,48180.0,48182.79999923706,0,2.799999237060547,2.799999237060547,48220.0,False,1,0,False,fast,0,0,False,False,81,False,True,,,,,,,,,,,
4820,48200.0,48200.0,48203.5,0,3.5,3.5,48240.0,False,1,0,False,fast,0,0,False,False,79,False,True,,,,,,,,,,,
4821,48210.0,48210.0,48212.69999694824,0,2.6999969482421875,2.6999969482421875,48250.0,False,1,0,False,fast,0,0,False,False,78,False,True,,,,,,,,,,,
4823,48230.0,48230.0,48232.80000305176,0,2.8000030517578125,2.8000030517578125,48270.0,False,1,0,False,fast,0,0,False,False,76,False,True,,,,,,,,,,,
4825,48250.0,48250.0,48252.89999771118,0,2.8999977111816406,2.8999977111816406,48290.0,False,1,0,False,fast,0,1,True,False,74,False,True,,,,,,,,,,,
4827,48270.0,48270.0,48272.79999923706,0,2.799999237060547,2.799999237060547,48310.0,False,1,0,False,fast,0,0,False,False,72,False,True,,,,,,,,,,,
4828,48280.0,48280.0,48282.90000152588,0,2.9000015258789062,2.9000015258789062,48320.0,False,1,0,False,fast,0,0,False,False,71,False,True,,,,,,,,,,,
4834,48340.0,48340.0,48342.80000305176,0,2.8000030517578125,2.8000030517578125,48380.0,False,1,0,False,fast,0,0,False,False,65,False,True,,,,,,,,,,,
4835,48350.0,48350.0,48353.0,0,3.0,3.0,48390.0,False,1,0,False,fast,0,1,True,False,64,False,True,,,,,,,,,,,
4836,48360.0,48360.0,48362.90000152588,0,2.9000015258789062,2.9000015258789062,48400.0,False,1,0,False,fast,0,0,False,False,63,False,True,,,,,,,,,,,
4837,48370.0,48370.0,48372.90000152588,0,2.9000015258789062,2.9000015258789062,48410.0,False,1,0,False,fast,0,0,False,False,62,False,True,,,,,,,,,,,
4838,48380.0,48380.0,48382.80000305176,0,2.8000030517578125,2.8000030517578125,48420.0,False,1,0,False,fast,0,0,False,False,61,False,True,,,,,,,,,,,
4844,48440.0,48440.0,48442.90000152588,0,2.9000015258789062,2.9000015258789062,48480.0,False,1,0,False,fast,0,0,False,False,55,False,True,,,,,,,,,,,
4845,48450.0,48450.0,48452.79999923706,0,2.799999237060547,2.799999237060547,48490.0,False,1,0,False,fast,0,0,False,False,54,False,True,,,,,,,,,,,
4846,48460.0,48460.0,48462.90000152588,0,2.9000015258789062,2.9000015258789062,48500.0,False,1,0,False,fast,0,0,False,False,53,False,True,,,,,,,,,,,
4848,48480.0,48480.0,48483.0,0,3.0,3.0,48520.0,False,1,0,False,fast,0,1,True,False,51,False,True,,,,,,,,,,,
4849,48490.0,48490.0,48492.69999694824,0,2.6999969482421875,2.6999969482421875,48530.0,False,1,0,False,fast,0,1,True,False,50,False,True,,,,,,,,,,,
4855,48550.0,48550.0,48553.90000152588,0,3.9000015258789062,3.9000015258789062,48590.0,False,1,0,False,fast,0,0,False,False,44,False,True,,,,,,,,,,,
4856,48560.0,48560.0,48562.79999923706,0,2.799999237060547,2.799999237060547,48600.0,False,1,0,False,fast,0,0,False,False,43,False,True,,,,,,,,,,,
4857,48570.0,48570.0,48572.79999923706,0,2.799999237060547,2.799999237060547,48610.0,False,1,0,False,fast,0,1,True,False,42,False,True,,,,,,,,,,,
4860,48600.0,48600.0,48602.90000152588,0,2.9000015258789062,2.9000015258789062,48640.0,False,1,0,False,fast,0,0,False,False,39,False,True,,,,,,,,,,,
4862,48620.0,48620.0,48622.79999923706,0,2.799999237060547,2.799999237060547,48660.0,False,1,0,False,fast,0,1,True,False,37,False,True,,,,,,,,,,,
4864,48640.0,48640.0,48642.80000305176,0,2.8000030517578125,2.8000030517578125,48680.0,False,1,0,False,fast,0,0,False,False,35,False,True,,,,,,,,,,,
4866,48660.0,48660.0,48663.0,0,3.0,3.0,48700.0,False,1,0,False,fast,0,0,False,False,33,False,True,,,,,,,,,,,
4867,48670.0,48670.0,48672.90000152588,0,2.9000015258789062,2.9000015258789062,48710.0,False,1,0,False,fast,0,0,False,False,32,False,True,,,,,,,,,,,
4868,48680.0,48680.0,48682.90000152588,0,2.9000015258789062,2.9000015258789062,48720.0,False,1,0,False,fast,0,1,True,False,31,False,True,,,,,,,,,,,
4870,48700.0,48700.0,48702.9999961853,0,2.9999961853027344,2.9999961853027344,48740.0,False,1,0,False,fast,0,1,True,False,29,False,True,,,,,,,,,,,
4874,48740.0,48740.0,48742.90000152588,0,2.9000015258789062,2.9000015258789062,48780.0,False,1,0,False,fast,0,0,False,False,25,False,True,,,,,,,,,,,
4879,48790.0,48790.0,48792.79999923706,0,2.799999237060547,2.799999237060547,48830.0,False,1,0,False,fast,0,0,False,False,20,False,True,,,,,,,,,,,
4882,48820.0,48820.0,48824.0000038147,0,4.000003814697266,4.000003814697266,48860.0,False,1,0,False,fast,0,1,True,False,17,False,True,,,,,,,,,,,
4884,48840.0,48840.0,48842.90000152588,0,2.9000015258789062,2.9000015258789062,48880.0,False,1,0,False,fast,0,0,False,False,15,False,True,,,,,,,,,,,
4885,48850.0,48850.0,48852.89999771118,0,2.8999977111816406,2.8999977111816406,48890.0,False,1,0,False,fast,0,0,False,False,14,False,True,,,,,,,,,,,
4898,48980.0,48980.0,48984.10000228882,0,4.100002288818359,4.100002288818359,49020.0,False,1,0,False,fast,0,0,False,False,1,True,True,,,,,,,,,,,
4899,48990.0,48990.0,48992.90000152588,0,2.9000015258789062,2.9000015258789062,49030.0,False,1,0,False,fast,0,0,False,True,0,True,True,,,,,,,,,,,
4903,49030.0,49030.0,49032.89999771118,0,2.8999977111816406,2.8999977111816406,49070.0,False,1,0,False,fast,0,0,False,False,96,False,True,,,,,,,,,,,
4904,49040.0,49040.0,49042.89999771118,0,2.8999977111816406,2.8999977111816406,49080.0,False,1,0,False,fast,0,0,False,False,95,False,True,,,,,,,,,,,
4907,49070.0,49070.0,49072.79999923706,0,2.799999237060547,2.799999237060547,49110.0,False,1,0,False,fast,0,0,False,False,92,False,True,,,,,,,,,,,
4908,49080.0,49080.0,49083.0,0,3.0,3.0,49120.0,False,1,0,False,fast,0,1,True,False,91,False,True,,,,,,,,,,,
4909,49090.0,49090.0,49093.0,0,3.0,3.0,49130.0,False,1,0,False,fast,0,1,True,False,90,False,True,,,,,,,,,,,
4912,49120.0,49120.0,49122.80000305176,0,2.8000030517578125,2.8000030517578125,49160.0,False,1,0,False,fast,0,1,True,False,87,False,True,,,,,,,,,,,
4914,49140.0,49140.0,49144.60000228882,0,4.600002288818359,4.600002288818359,49180.0,False,1,0,False,fast,0,0,False,False,85,False,True,,,,,,,,,,,
4920,49200.0,49200.0,49202.79999923706,0,2.799999237060547,2.799999237060547,49240.0,False,1,0,False,fast,0,1,True,False,79,False,True,,,,,,,,,,,
4925,49250.0,49250.0,49252.79999923706,0,2.799999237060547,2.799999237060547,49290.0,False,1,0,False,fast,0,0,False,False,74,False,True,,,,,,,,,,,
4927,49270.0,49270.0,49272.69999694824,0,2.6999969482421875,2.6999969482421875,49310.0,False,1,0,False,fast,0,1,True,False,72,False,True,,,,,,,,,,,
4931,49310.0,49310.0,49312.79999923706,0,2.799999237060547,2.799999237060547,49350.0,False,1,0,False,fast,0,1,True,False,68,False,True,,,,,,,,,,,
4932,49320.0,49320.0,49322.79999923706,0,2.799999237060547,2.799999237060547,49360.0,False,1,0,False,fast,0,0,False,False,67,False,True,,,,,,,,,,,
4933,49330.0,49330.0,49334.09999847412,0,4.099998474121094,4.099998474121094,49370.0,False,1,0,False,fast,0,1,True,False,66,False,True,,,,,,,,,,,
4936,49360.0,49360.0,49362.79999923706,0,2.799999237060547,2.799999237060547,49400.0,False,1,0,False,fast,0,0,False,False,63,False,True,,,,,,,,,,,
4938,49380.0,49380.0,49382.79999923706,0,2.799999237060547,2.799999237060547,49420.0,False,1,0,False,fast,0,0,False,False,61,False,True,,,,,,,,,,,
4939,49390.0,49390.0,49392.89999771118,0,2.8999977111816406,2.8999977111816406,49430.0,False,1,0,False,fast,0,1,True,False,60,False,True,,,,,,,,,,,
4946,49460.0,49460.0,49463.0000038147,0,3.0000038146972656,3.0000038146972656,49500.0,False,1,0,False,fast,0,0,False,False,53,False,True,,,,,,,,,,,
4947,49470.0,49470.0,49474.40000152588,0,4.400001525878906,4.400001525878906,49510.0,False,1,0,False,fast,0,0,False,False,52,False,True,,,,,,,,,,,
4949,49490.0,49490.0,49492.89999771118,0,2.8999977111816406,2.8999977111816406,49530.0,False,1,0,False,fast,0,0,False,False,50,False,True,,,,,,,,,,,
4952,49520.0,49520.0,49524.10000228882,0,4.100002288818359,4.100002288818359,49560.0,False,1,0,False,fast,0,0,False,False,47,False,True,,,,,,,,,,,
4960,49600.0,49600.0,49602.79999923706,0,2.799999237060547,2.799999237060547,49640.0,False,1,0,False,fast,0,0,False,False,39,False,True,,,,,,,,,,,
4962,49620.0,49620.0,49622.89999771118,0,2.8999977111816406,2.8999977111816406,49660.0,False,1,0,False,fast,0,1,True,False,37,False,True,,,,,,,,,,,
4963,49630.0,49630.0,49633.0,0,3.0,3.0,49670.0,False,1,0,False,fast,0,0,False,False,36,False,True,,,,,,,,,,,
4966,49660.0,49660.0,49662.90000152588,0,2.9000015258789062,2.9000015258789062,49700.0,False,1,0,False,fast,0,0,False,False,33,False,True,,,,,,,,,,,
4967,49670.0,49670.0,49672.90000152588,0,2.9000015258789062,2.9000015258789062,49710.0,False,1,0,False,fast,0,0,False,False,32,False,True,,,,,,,,,,,
4968,49680.0,49680.0,49683.0000038147,0,3.0000038146972656,3.0000038146972656,49720.0,False,1,0,False,fast,0,0,False,False,31,False,True,,,,,,,,,,,
4971,49710.0,49710.0,49712.89999771118,0,2.8999977111816406,2.8999977111816406,49750.0,False,1,0,False,fast,0,0,False,False,28,False,True,,,,,,,,,,,
4977,49770.0,49770.0,49772.80000305176,0,2.8000030517578125,2.8000030517578125,49810.0,False,1,0,False,fast,0,0,False,False,22,False,True,,,,,,,,,,,
4980,49800.0,49800.0,49802.90000152588,0,2.9000015258789062,2.9000015258789062,49840.0,False,1,0,False,fast,0,1,True,False,19,False,True,,,,,,,,,,,
4982,49820.0,49820.0,49822.89999771118,0,2.8999977111816406,2.8999977111816406,49860.0,False,1,0,False,fast,0,0,False,False,17,False,True,,,,,,,,,,,
4985,49850.0,49850.0,49852.9999961853,0,2.9999961853027344,2.9999961853027344,49890.0,False,1,0,False,fast,0,0,False,False,14,False,True,,,,,,,,,,,
4986,49860.0,49860.0,49862.9999961853,0,2.9999961853027344,2.9999961853027344,49900.0,False,1,0,False,fast,0,0,False,False,13,False,True,,,,,,,,,,,
4988,49880.0,49880.0,49882.90000152588,0,2.9000015258789062,2.9000015258789062,49920.0,False,1,0,False,fast,0,0,False,False,11,False,True,,,,,,,,,,,
4989,49890.0,49890.0,49893.0000038147,0,3.0000038146972656,3.0000038146972656,49930.0,False,1,0,False,fast,0,1,True,False,10,False,True,,,,,,,,,,,
4990,49900.0,49900.0,49903.09999847412,0,3.0999984741210938,3.0999984741210938,49940.0,False,1,0,False,fast,0,0,False,False,9,False,True,,,,,,,,,,,
4994,49940.0,49940.0,49942.90000152588,0,2.9000015258789062,2.9000015258789062,49980.0,False,1,0,False,fast,0,1,True,False,5,False,True,,,,,,,,,,,
5000,50000.0,50000.0,50003.0,0,3.0,3.0,50040.0,False,1,0,False,fast,0,0,False,False,99,False,True,,,,,,,,,,,
5001,50010.0,50010.0,50012.90000152588,0,2.9000015258789062,2.9000015258789062,50050.0,False,1,0,False,fast,0,0,False,False,98,False,True,,,,,,,,,,,
5003,50030.0,50030.0,50032.90000152588,0,2.9000015258789062,2.9000015258789062,50070.0,False,1,0,False,fast,0,0,False,False,96,False,True,,,,,,,,,,,
5008,50080.0,50080.0,50083.0,0,3.0,3.0,50120.0,False,1,0,False,fast,0,1,True,False,91,False,True,,,,,,,,,,,
5014,50140.0,50140.0,50143.0000038147,0,3.0000038146972656,3.0000038146972656,50180.0,False,1,0,False,fast,0,0,False,False,85,False,True,,,,,,,,,,,
5018,50180.0,50180.0,50182.90000152588,0,2.9000015258789062,2.9000015258789062,50220.0,False,1,0,False,fast,0,1,True,False,81,False,True,,,,,,,,,,,
5019,50190.0,50190.0,50192.90000152588,0,2.9000015258789062,2.9000015258789062,50230.0,False,1,0,False,fast,0,0,False,False,80,False,True,,,,,,,,,,,
5025,50250.0,50250.0,50255.70000076294,0,5.700000762939453,5.700000762939453,50290.0,False,1,0,False,fast,0,0,False,False,74,False,True,,,,,,,,,,,
5026,50260.0,50260.0,50262.90000152588,0,2.9000015258789062,2.9000015258789062,50300.0,False,1,0,False,fast,0,0,False,False,73,False,True,,,,,,,,,,,
5027,50270.0,50270.0,50272.89999771118,0,2.8999977111816406,2.8999977111816406,50310.0,False,1,0,False,fast,0,0,False,False,72,False,True,,,,,,,,,,,
5030,50300.0,50300.0,50302.89999771118,0,2.8999977111816406,2.8999977111816406,50340.0,False,1,0,False,fast,0,1,True,False,69,False,True,,,,,,,,,,,
5035,50350.0,50350.0,50353.0000038147,0,3.0000038146972656,3.0000038146972656,50390.0,False,1,0,False,fast,0,1,True,False,64,False,True,,,,,,,,,,,
5043,50430.0,50430.0,50432.89999771118,0,2.8999977111816406,2.8999977111816406,50470.0,False,1,0,False,fast,0,1,True,False,56,False,True,,,,,,,,,,,
5044,50440.0,50440.0,50442.90000152588,0,2.9000015258789062,2.9000015258789062,50480.0,False,1,0,False,fast,0,1,True,False,55,False,True,,,,,,,,,,,
5048,50480.0,50480.0,50483.10000228882,0,3.1000022888183594,3.1000022888183594,50520.0,False,1,0,False,fast,0,1,True,False,51,False,True,,,,,,,,,,,
5052,50520.0,50520.0,50522.89999771118,0,2.8999977111816406,2.8999977111816406,50560.0,False,1,0,False,fast,0,0,False,False,47,False,True,,,,,,,,,,,
5055,50550.0,50550.0,50552.89999771118,0,2.8999977111816406,2.8999977111816406,50590.0,False,1,0,False,fast,0,0,False,False,44,False,True,,,,,,,,,,,
5056,50560.0,50560.0,50563.5000038147,0,3.5000038146972656,3.5000038146972656,50600.0,False,1,0,False,fast,0,1,True,False,43,False,True,,,,,,,,,,,
5059,50590.0,50590.0,50593.0,0,3.0,3.0,50630.0,False,1,0,False,fast,0,0,False,False,40,False,True,,,,,,,,,,,
5063,50630.0,50630.0,50632.90000152588,0,2.9000015258789062,2.9000015258789062,50670.0,False,1,0,False,fast,0,0,False,False,36,False,True,,,,,,,,,,,
5068,50680.0,50680.0,50683.0,0,3.0,3.0,50720.0,False,1,0,False,fast,0,0,False,False,31,False,True,,,,,,,,,,,
5070,50700.0,50700.0,50702.79999923706,0,2.799999237060547,2.799999237060547,50740.0,False,1,0,False,fast,0,0,False,False,29,False,True,,,,,,,,,,,
5071,50710.0,50710.0,50712.90000152588,0,2.9000015258789062,2.9000015258789062,50750.0,False,1,0,False,fast,0,0,False,False,28,False,True,,,,,,,,,,,
5073,50730.0,50730.0,50732.79999923706,0,2.799999237060547,2.799999237060547,50770.0,False,1,0,False,fast,0,0,False,False,26,False,True,,,,,,,,,,,
5077,50770.0,50770.0,50772.79999923706,0,2.799999237060547,2.799999237060547,50810.0,False,1,0,False,fast,0,0,False,False,22,False,True,,,,,,,,,,,
5079,50790.0,50790.0,50792.89999771118,0,2.8999977111816406,2.8999977111816406,50830.0,False,1,0,False,fast,0,0,False,False,20,False,True,,,,,,,,,,,
5081,50810.0,50810.0,50812.90000152588,0,2.9000015258789062,2.9000015258789062,50850.0,False,1,0,False,fast,0,0,False,False,18,False,True,,,,,,,,,,,
5082,50820.0,50820.0,50823.0,0,3.0,3.0,50860.0,False,1,0,False,fast,0,1,True,False,17,False,True,,,,,,,,,,,
5086,50860.0,50860.0,50862.79999923706,0,2.799999237060547,2.799999237060547,50900.0,False,1,0,False,fast,0,0,False,False,13,False,True,,,,,,,,,,,
5088,50880.0,50880.0,50882.89999771118,0,2.8999977111816406,2.8999977111816406,50920.0,False,1,0,False,fast,0,0,False,False,11,False,True,,,,,,,,,,,
5092,50920.0,50920.0,50922.89999771118,0,2.8999977111816406,2.8999977111816406,50960.0,False,1,0,False,fast,0,0,False,False,7,False,True,,,,,,,,,,,
5095,50950.0,50950.0,50952.90000152588,0,2.9000015258789062,2.9000015258789062,50990.0,False,1,0,False,fast,0,1,True,False,4,False,True,,,,,,,,,,,
5096,50960.0,50960.0,50962.90000152588,0,2.9000015258789062,2.9000015258789062,51000.0,False,1,0,False,fast,0,1,True,False,3,False,True,,,,,,,,,,,
5097,50970.0,50970.0,50972.90000152588,0,2.9000015258789062,2.9000015258789062,51010.0,False,1,0,False,fast,0,0,False,False,2,True,True,,,,,,,,,,,
5100,51000.0,51000.0,51002.79999923706,0,2.799999237060547,2.799999237060547,51040.0,False,1,0,False,fast,0,0,False,False,99,False,True,,,,,,,,,,,
5102,51020.0,51020.0,51022.90000152588,0,2.9000015258789062,2.9000015258789062,51060.0,False,1,0,False,fast,0,0,False,False,97,False,True,,,,,,,,,,,
5103,51030.0,51030.0,51032.90000152588,0,2.9000015258789062,2.9000015258789062,51070.0,False,1,0,False,fast,0,0,False,False,96,False,True,,,,,,,,,,,
5104,51040.0,51040.0,51043.0,0,3.0,3.0,51080.0,False,1,0,False,fast,0,1,True,False,95,False,True,,,,,,,,,,,
5109,51090.0,51090.0,51094.70000076294,0,4.700000762939453,4.700000762939453,51130.0,False,1,0,False,fast,0,0,False,False,90,False,True,,,,,,,,,,,
5114,51140.0,51140.0,51142.9999961853,0,2.9999961853027344,2.9999961853027344,51180.0,False,1,0,False,fast,0,0,False,False,85,False,True,,,,,,,,,,,
5116,51160.0,51160.0,51163.0,0,3.0,3.0,51200.0,False,1,0,False,fast,0,0,False,False,83,False,True,,,,,,,,,,,
5123,51230.0,51230.0,51233.0000038147,0,3.0000038146972656,3.0000038146972656,51270.0,False,1,0,False,fast,0,1,True,False,76,False,True,,,,,,,,,,,
5125,51250.0,51250.0,51253.09999847412,0,3.0999984741210938,3.0999984741210938,51290.0,False,1,0,False,fast,0,0,False,False,74,False,True,,,,,,,,,,,
5127,51270.0,51270.0,51272.89999771118,0,2.8999977111816406,2.8999977111816406,51310.0,False,1,0,False,fast,0,0,False,False,72,False,True,,,,,,,,,,,
5131,51310.0,51310.0,51312.90000152588,0,2.9000015258789062,2.9000015258789062,51350.0,False,1,0,False,fast,0,1,True,False,68,False,True,,,,,,,,,,,
5136,51360.0,51360.0,51362.79999923706,0,2.799999237060547,2.799999237060547,51400.0,False,1,0,False,fast,0,1,True,False,63,False,True,,,,,,,,,,,
5137,51370.0,51370.0,51372.89999771118,0,2.8999977111816406,2.8999977111816406,51410.0,False,1,0,False,fast,0,0,False,False,62,False,True,,,,,,,,,,,
5139,51390.0,51390.0,51392.89999771118,0,2.8999977111816406,2.8999977111816406,51430.0,False,1,0,False,fast,0,1,True,False,60,False,True,,,,,,,,,,,
5141,51410.0,51410.0,51413.0,0,3.0,3.0,51450.0,False,1,0,False,fast,0,1,True,False,58,False,True,,,,,,,,,,,
5142,51420.0,51420.0,51423.20000076294,0,3.200000762939453,3.200000762939453,51460.0,False,1,0,False,fast,0,1,True,False,57,False,True,,,,,,,,,,,
5143,51430.0,51430.0,51432.89999771118,0,2.8999977111816406,2.8999977111816406,51470.0,False,1,0,False,fast,0,1,True,False,56,False,True,,,,,,,,,,,
5148,51480.0,51480.0,51482.79999923706,0,2.799999237060547,2.799999237060547,51520.0,False,1,0,False,fast,0,1,True,False,51,False,True,,,,,,,,,,,
5151,51510.0,51510.0,51512.89999771118,0,2.8999977111816406,2.8999977111816406,51550.0,False,1,0,False,fast,0,0,False,False,48,False,True,,,,,,,,,,,
5152,51520.0,51520.0,51523.0,0,3.0,3.0,51560.0,False,1,0,False,fast,0,1,True,False,47,False,True,,,,,,,,,,,
5156,51560.0,51560.0,51562.90000152588,0,2.9000015258789062,2.9000015258789062,51600.0,False,1,0,False,fast,0,1,True,False,43,False,True,,,,,,,,,,,
5158,51580.0,51580.0,51582.89999771118,0,2.8999977111816406,2.8999977111816406,51620.0,False,1,0,False,fast,0,1,True,False,41,False,True,,,,,,,,,,,
5159,51590.0,51590.0,51593.0,0,3.0,3.0,51630.0,False,1,0,False,fast,0,0,False,False,40,False,True,,,,,,,,,,,
5163,51630.0,51630.0,51632.90000152588,0,2.9000015258789062,2.9000015258789062,51670.0,False,1,0,False,fast,0,0,False,False,36,False,True,,,,,,,,,,,
5171,51710.0,51710.0,51712.89999771118,0,2.8999977111816406,2.8999977111816406,51750.0,False,1,0,False,fast,0,0,False,False,28,False,True,,,,,,,,,,,
5173,51730.0,51730.0,51732.90000152588,0,2.9000015258789062,2.9000015258789062,51770.0,False,1,0,False,fast,0,1,True,False,26,False,True,,,,,,,,,,,
5184,51840.0,51840.0,51842.90000152588,0,2.9000015258789062,2.9000015258789062,51880.0,False,1,0,False,fast,0,0,False,False,15,False,True,,,,,,,,,,,
5186,51860.0,51860.0,51864.70000076294,0,4.700000762939453,4.700000762939453,51900.0,False,1,0,False,fast,0,1,True,False,13,False,True,,,,,,,,,,,
5187,51870.0,51870.0,51873.0,0,3.0,3.0,51910.0,False,1,0,False,fast,0,0,False,False,12,False,True,,,,,,,,,,,
5188,51880.0,51880.0,51883.0,0,3.0,3.0,51920.0,False,1,0,False,fast,0,0,False,False,11,False,True,,,,,,,,,,,
5193,51930.0,51930.0,51933.20000076294,0,3.200000762939453,3.200000762939453,51970.0,False,1,0,False,fast,0,0,False,False,6,False,True,,,,,,,,,,,
5194,51940.0,51940.0,51942.90000152588,0,2.9000015258789062,2.9000015258789062,51980.0,False,1,0,False,fast,0,1,True,False,5,False,True,,,,,,,,,,,
5196,51960.0,51960.0,51963.0,0,3.0,3.0,52000.0,False,1,0,False,fast,0,1,True,False,3,False,True,,,,,,,,,,,
5197,51970.0,51970.0,51974.10000228882,0,4.100002288818359,4.100002288818359,52010.0,False,1,0,False,fast,0,0,False,False,2,True,True,,,,,,,,,,,
5205,52050.0,52050.0,52052.90000152588,0,2.9000015258789062,2.9000015258789062,52090.0,False,1,0,False,fast,0,1,True,False,94,False,True,,,,,,,,,,,
5206,52060.0,52060.0,52062.90000152588,0,2.9000015258789062,2.9000015258789062,52100.0,False,1,0,False,fast,0,0,False,False,93,False,True,,,,,,,,,,,
5207,52070.0,52070.0,52074.0000038147,0,4.000003814697266,4.000003814697266,52110.0,False,1,0,False,fast,0,0,False,False,92,False,True,,,,,,,,,,,
5208,52080.0,52080.0,52083.0000038147,0,3.0000038146972656,3.0000038146972656,52120.0,False,1,0,False,fast,0,1,True,False,91,False,True,,,,,,,,,,,
5211,52110.0,52110.0,52113.0000038147,0,3.0000038146972656,3.0000038146972656,52150.0,False,1,0,False,fast,0,1,True,False,88,False,True,,,,,,,,,,,
5214,52140.0,52140.0,52143.10000228882,0,3.1000022888183594,3.1000022888183594,52180.0,False,1,0,False,fast,0,0,False,False,85,False,True,,,,,,,,,,,
5218,52180.0,52180.0,52184.19999694824,0,4.1999969482421875,4.1999969482421875,52220.0,False,1,0,False,fast,0,1,True,False,81,False,True,,,,,,,,,,,
5219,52190.0,52190.0,52192.90000152588,0,2.9000015258789062,2.9000015258789062,52230.0,False,1,0,False,fast,0,0,False,False,80,False,True,,,,,,,,,,,
5221,52210.0,52210.0,52213.0,0,3.0,3.0,52250.0,False,1,0,False,fast,0,0,False,False,78,False,True,,,,,,,,,,,
5223,52230.0,52230.0,52232.89999771118,0,2.8999977111816406,2.8999977111816406,52270.0,False,1,0,False,fast,0,0,False,False,76,False,True,,,,,,,,,,,
5224,52240.0,52240.0,52244.20000457764,0,4.200004577636719,4.200004577636719,52280.0,False,1,0,False,fast,0,0,False,False,75,False,True,,,,,,,,,,,
5225,52250.0,52250.0,52252.89999771118,0,2.8999977111816406,2.8999977111816406,52290.0,False,1,0,False,fast,0,0,False,False,74,False,True,,,,,,,,,,,
5226,52260.0,52260.0,52262.90000152588,0,2.9000015258789062,2.9000015258789062,52300.0,False,1,0,False,fast,0,0,False,False,73,False,True,,,,,,,,,,,
5228,52280.0,52280.0,52283.09999847412,0,3.0999984741210938,3.0999984741210938,52320.0,False,1,0,False,fast,0,0,False,False,71,False,True,,,,,,,,,,,
5230,52300.0,52300.0,52303.39999771118,0,3.3999977111816406,3.3999977111816406,52340.0,False,1,0,False,fast,0,1,True,False,69,False,True,,,,,,,,,,,
5234,52340.0,52340.0,52343.0000038147,0,3.0000038146972656,3.0000038146972656,52380.0,False,1,0,False,fast,0,0,False,False,65,False,True,,,,,,,,,,,
5236,52360.0,52360.0,52362.90000152588,0,2.9000015258789062,2.9000015258789062,52400.0,False,1,0,False,fast,0,1,True,False,63,False,True,,,,,,,,,,,
5237,52370.0,52370.0,52375.100006103516,0,5.100006103515625,5.100006103515625,52410.0,False,1,0,False,fast,0,0,False,False,62,False,True,,,,,,,,,,,
5239,52390.0,52390.0,52392.90000152588,0,2.9000015258789062,2.9000015258789062,52430.0,False,1,0,False,fast,0,1,True,False,60,False,True,,,,,,,,,,,
5241,52410.0,52410.0,52412.9999961853,0,2.9999961853027344,2.9999961853027344,52450.0,False,1,0,False,fast,0,0,False,False,58,False,True,,,,,,,,,,,
5244,52440.0,52440.0,52443.0,0,3.0,3.0,52480.0,False,1,0,False,fast,0,0,False,False,55,False,True,,,,,,,,,,,
5245,52450.0,52450.0,52453.0000038147,0,3.0000038146972656,3.0000038146972656,52490.0,False,1,0,False,fast,0,0,False,False,54,False,True,,,,,,,,,,,
5250,52500.0,52500.0,52502.89999771118,0,2.8999977111816406,2.8999977111816406,52540.0,False,1,0,False,fast,0,0,False,False,49,False,True,,,,,,,,,,,
5257,52570.0,52570.0,52573.90000152588,0,3.9000015258789062,3.9000015258789062,52610.0,False,1,0,False,fast,0,0,False,False,42,False,True,,,,,,,,,,,
5263,52630.0,52630.0,52634.10000228882,0,4.100002288818359,4.100002288818359,52670.0,False,1,0,False,fast,0,1,True,False,36,False,True,,,,,,,,,,,
5266,52660.0,52660.0,52662.90000152588,0,2.9000015258789062,2.9000015258789062,52700.0,False,1,0,False,fast,0,1,True,False,33,False,True,,,,,,,,,,,
5268,52680.0,52680.0,52682.79999923706,0,2.799999237060547,2.799999237060547,52720.0,False,1,0,False,fast,0,0,False,False,31,False,True,,,,,,,,,,,
5269,52690.0,52690.0,52692.90000152588,0,2.9000015258789062,2.9000015258789062,52730.0,False,1,0,False,fast,0,1,True,False,30,False,True,,,,,,,,,,,
5270,52700.0,52700.0,52702.79999923706,0,2.799999237060547,2.799999237060547,52740.0,False,1,0,False,fast,0,0,False,False,29,False,True,,,,,,,,,,,
5272,52720.0,52720.0,52722.90000152588,0,2.9000015258789062,2.9000015258789062,52760.0,False,1,0,False,fast,0,0,False,False,27,False,True,,,,,,,,,,,
5273,52730.0,52730.0,52733.0,0,3.0,3.0,52770.0,False,1,0,False,fast,0,0,False,False,26,False,True,,,,,,,,,,,
5278,52780.0,52780.0,52782.90000152588,0,2.9000015258789062,2.9000015258789062,52820.0,False,1,0,False,fast,0,0,False,False,21,False,True,,,,,,,,,,,
5281,52810.0,52810.0,52813.5,0,3.5,3.5,52850.0,False,1,0,False,fast,0,1,True,False,18,False,True,,,,,,,,,,,
5284,52840.0,52840.0,52842.9999961853,0,2.9999961853027344,2.9999961853027344,52880.0,False,1,0,False,fast,0,0,False,False,15,False,True,,,,,,,,,,,
5287,52870.0,52870.0,52872.90000152588,0,2.9000015258789062,2.9000015258789062,52910.0,False,1,0,False,fast,0,0,False,False,12,False,True,,,,,,,,,,,
5289,52890.0,52890.0,52892.89999771118,0,2.8999977111816406,2.8999977111816406,52930.0,False,1,0,False,fast,0,0,False,False,10,False,True,,,,,,,,,,,
5291,52910.0,52910.0,52913.0,0,3.0,3.0,52950.0,False,1,0,False,fast,0,1,True,False,8,False,True,,,,,,,,,,,
5294,52940.0,52940.0,52942.90000152588,0,2.9000015258789062,2.9000015258789062,52980.0,False,1,0,False,fast,0,0,False,False,5,False,True,,,,,,,,,,,
5295,52950.0,52950.0,52952.9999961853,0,2.9999961853027344,2.9999961853027344,52990.0,False,1,0,False,fast,0,0,False,False,4,False,True,,,,,,,,,,,
5296,52960.0,52960.0,52962.90000152588,0,2.9000015258789062,2.9000015258789062,53000.0,False,1,0,False,fast,0,0,False,False,3,False,True,,,,,,,,,,,
5299,52990.0,52990.0,52992.89999771118,0,2.8999977111816406,2.8999977111816406,53030.0,False,1,0,False,fast,0,0,False,True,0,True,True,,,,,,,,,,,
5300,53000.0,53000.0,53002.89999771118,0,2.8999977111816406,2.8999977111816406,53040.0,False,1,0,False,fast,0,0,False,False,99,False,True,,,,,,,,,,,
5301,53010.0,53010.0,53012.89999771118,0,2.8999977111816406,2.8999977111816406,53050.0,False,1,0,False,fast,0,0,False,False,98,False,True,,,,,,,,,,,
5302,53020.0,53020.0,53022.80000305176,0,2.8000030517578125,2.8000030517578125,53060.0,False,1,0,False,fast,0,1,True,False,97,False,True,,,,,,,,,,,
5303,53030.0,53030.0,53032.79999923706,0,2.799999237060547,2.799999237060547,53070.0,False,1,0,False,fast,0,0,False,False,96,False,True,,,,,,,,,,,
5305,53050.0,53050.0,53052.9999961853,0,2.9999961853027344,2.9999961853027344,53090.0,False,1,0,False,fast,0,0,False,False,94,False,True,,,,,,,,,,,
5306,53060.0,53060.0,53063.0,0,3.0,3.0,53100.0,False,1,0,False,fast,0,0,False,False,93,False,True,,,,,,,,,,,
5307,53070.0,53070.0,53073.0,0,3.0,3.0,53110.0,False,1,0,False,fast,0,0,False,False,92,False,True,,,,,,,,,,,
5312,53120.0,53120.0,53123.0,0,3.0,3.0,53160.0,False,1,0,False,fast,0,0,False,False,87,False,True,,,,,,,,,,,
5313,53130.0,53130.0,53132.89999771118,0,2.8999977111816406,2.8999977111816406,53170.0,False,1,0,False,fast,0,0,False,False,86,False,True,,,,,,,,,,,
5318,53180.0,53180.0,53182.79999923706,0,2.799999237060547,2.799999237060547,53220.0,False,1,0,False,fast,0,0,False,False,81,False,True,,,,,,,,,,,
5320,53200.0,53200.0,53202.90000152588,0,2.9000015258789062,2.9000015258789062,53240.0,False,1,0,False,fast,0,0,False,False,79,False,True,,,,,,,,,,,
5321,53210.0,53210.0,53212.90000152588,0,2.9000015258789062,2.9000015258789062,53250.0,False,1,0,False,fast,0,1,True,False,78,False,True,,,,,,,,,,,
5322,53220.0,53220.0,53222.90000152588,0,2.9000015258789062,2.9000015258789062,53260.0,False,1,0,False,fast,0,0,False,False,77,False,True,,,,,,,,,,,
5327,53270.0,53270.0,53272.80000305176,0,2.8000030517578125,2.8000030517578125,53310.0,False,1,0,False,fast,0,0,False,False,72,False,True,,,,,,,,,,,
5328,53280.0,53280.0,53283.0,0,3.0,3.0,53320.0,False,1,0,False,fast,0,0,False,False,71,False,True,,,,,,,,,,,
5333,53330.0,53330.0,53333.89999771118,0,3.8999977111816406,3.8999977111816406,53370.0,False,1,0,False,fast,0,1,True,False,66,False,True,,,,,,,,,,,
5334,53340.0,53340.0,53342.79999923706,0,2.799999237060547,2.799999237060547,53380.0,False,1,0,False,fast,0,0,False,False,65,False,True,,,,,,,,,,,
5335,53350.0,53350.0,53352.89999771118,0,2.8999977111816406,2.8999977111816406,53390.0,False,1,0,False,fast,0,1,True,False,64,False,True,,,,,,,,,,,
5337,53370.0,53370.0,53372.90000152588,0,2.9000015258789062,2.9000015258789062,53410.0,False,1,0,False,fast,0,0,False,False,62,False,True,,,,,,,,,,,
5348,53480.0,53480.0,53483.9999961853,0,3.9999961853027344,3.9999961853027344,53520.0,False,1,0,False,fast,0,1,True,False,51,False,True,,,,,,,,,,,
5352,53520.0,53520.0,53522.89999771118,0,2.8999977111816406,2.8999977111816406,53560.0,False,1,0,False,fast,0,1,True,False,47,False,True,,,,,,,,,,,
5353,53530.0,53530.0,53533.0,0,3.0,3.0,53570.0,False,1,0,False,fast,0,1,True,False,46,False,True,,,,,,,,,,,
5354,53540.0,53540.0,53542.79999923706,0,2.799999237060547,2.799999237060547,53580.0,False,1,0,False,fast,0,0,False,False,45,False,True,,,,,,,,,,,
5355,53550.0,53550.0,53552.90000152588,0,2.9000015258789062,2.9000015258789062,53590.0,False,1,0,False,fast,0,0,False,False,44,False,True,,,,,,,,,,,
5357,53570.0,53570.0,53573.9999961853,0,3.9999961853027344,3.9999961853027344,53610.0,False,1,0,False,fast,0,1,True,False,42,False,True,,,,,,,,,,,
5358,53580.0,53580.0,53582.79999923706,0,2.799999237060547,2.799999237060547,53620.0,False,1,0,False,fast,0,0,False,False,41,False,True,,,,,,,,,,,
5360,53600.0,53600.0,53602.89999771118,0,2.8999977111816406,2.8999977111816406,53640.0,False,1,0,False,fast,0,0,False,False,39,False,True,,,,,,,,,,,
5363,53630.0,53630.0,53632.89999771118,0,2.8999977111816406,2.8999977111816406,53670.0,False,1,0,False,fast,0,0,False,False,36,False,True,,,,,,,,,,,
5364,53640.0,53640.0,53642.89999771118,0,2.8999977111816406,2.8999977111816406,53680.0,False,1,0,False,fast,0,1,True,False,35,False,True,,,,,,,,,,,
5367,53670.0,53670.0,53672.90000152588,0,2.9000015258789062,2.9000015258789062,53710.0,False,1,0,False,fast,0,0,False,False,32,False,True,,,,,,,,,,,
5368,53680.0,53680.0,53682.79999923706,0,2.799999237060547,2.799999237060547,53720.0,False,1,0,False,fast,0,0,False,False,31,False,True,,,,,,,,,,,
5371,53710.0,53710.0,53712.90000152588,0,2.9000015258789062,2.9000015258789062,53750.0,False,1,0,False,fast,0,0,False,False,28,False,True,,,,,,,,,,,
5373,53730.0,53730.0,53733.40000152588,0,3.4000015258789062,3.4000015258789062,53770.0,False,1,0,False,fast,0,1,True,False,26,False,True,,,,,,,,,,,
5374,53740.0,53740.0,53742.90000152588,0,2.9000015258789062,2.9000015258789062,53780.0,False,1,0,False,fast,0,0,False,False,25,False,True,,,,,,,,,,,
5375,53750.0,53750.0,53752.89999771118,0,2.8999977111816406,2.8999977111816406,53790.0,False,1,0,False,fast,0,0,False,False,24,False,True,,,,,,,,,,,
5378,53780.0,53780.0,53782.90000152588,0,2.9000015258789062,2.9000015258789062,53820.0,False,1,0,False,fast,0,1,True,False,21,False,True,,,,,,,,,,,
5379,53790.0,53790.0,53792.90000152588,0,2.9000015258789062,2.9000015258789062,53830.0,False,1,0,False,fast,0,0,False,False,20,False,True,,,,,,,,,,,
5380,53800.0,53800.0,53802.89999771118,0,2.8999977111816406,2.8999977111816406,53840.0,False,1,0,False,fast,0,0,False,False,19,False,True,,,,,,,,,,,
5381,53810.0,53810.0,53812.90000152588,0,2.9000015258789062,2.9000015258789062,53850.0,False,1,0,False,fast,0,0,False,False,18,False,True,,,,,,,,,,,
5383,53830.0,53830.0,53832.79999923706,0,2.799999237060547,2.799999237060547,53870.0,False,1,0,False,fast,0,0,False,False,16,False,True,,,,,,,,,,,
5384,53840.0,53840.0,53842.90000152588,0,2.9000015258789062,2.9000015258789062,53880.0,False,1,0,False,fast,0,0,False,False,15,False,True,,,,,,,,,,,
5387,53870.0,53870.0,53872.9999961853,0,2.9999961853027344,2.9999961853027344,53910.0,False,1,0,False,fast,0,0,False,False,12,False,True,,,,,,,,,,,
5388,53880.0,53880.0,53882.90000152588,0,2.9000015258789062,2.9000015258789062,53920.0,False,1,0,False,fast,0,0,False,False,11,False,True,,,,,,,,,,,
5390,53900.0,53900.0,53902.90000152588,0,2.9000015258789062,2.9000015258789062,53940.0,False,1,0,False,fast,0,0,False,False,9,False,True,,,,,,,,,,,
5391,53910.0,53910.0,53912.899993896484,0,2.899993896484375,2.899993896484375,53950.0,False,1,0,False,fast,0,1,True,False,8,False,True,,,,,,,,,,,
5392,53920.0,53920.0,53922.90000152588,0,2.9000015258789062,2.9000015258789062,53960.0,False,1,0,False,fast,0,1,True,False,7,False,True,,,,,,,,,,,
5395,53950.0,53950.0,53953.0,0,3.0,3.0,53990.0,False,1,0,False,fast,0,1,True,False,4,False,True,,,,,,,,,,,
5404,54040.0,54040.0,54042.90000152588,0,2.9000015258789062,2.9000015258789062,54080.0,False,1,0,False,fast,0,0,False,False,95,False,True,,,,,,,,,,,
5410,54100.0,54100.0,54103.0,0,3.0,3.0,54140.0,False,1,0,False,fast,0,0,False,False,89,False,True,,,,,,,,,,,
5412,54120.0,54120.0,54122.89999771118,0,2.8999977111816406,2.8999977111816406,54160.0,False,1,0,False,fast,0,0,False,False,87,False,True,,,,,,,,,,,
5413,54130.0,54130.0,54132.80000305176,0,2.8000030517578125,2.8000030517578125,54170.0,False,1,0,False,fast,0,0,False,False,86,False,True,,,,,,,,,,,
5415,54150.0,54150.0,54152.90000152588,0,2.9000015258789062,2.9000015258789062,54190.0,False,1,0,False,fast,0,0,False,False,84,False,True,,,,,,,,,,,
5416,54160.0,54160.0,54163.0,0,3.0,3.0,54200.0,False,1,0,False,fast,0,1,True,False,83,False,True,,,,,,,,,,,
5420,54200.0,54200.0,54204.20000076294,0,4.200000762939453,4.200000762939453,54240.0,False,1,0,False,fast,0,1,True,False,79,False,True,,,,,,,,,,,
5425,54250.0,54250.0,54255.20000076294,0,5.200000762939453,5.200000762939453,54290.0,False,1,0,False,fast,0,0,False,False,74,False,True,,,,,,,,,,,
5430,54300.0,54300.0,54304.70000076294,0,4.700000762939453,4.700000762939453,54340.0,False,1,0,False,fast,0,1,True,False,69,False,True,,,,,,,,,,,
5432,54320.0,54320.0,54324.79999923706,0,4.799999237060547,4.799999237060547,54360.0,False,1,0,False,fast,0,1,True,False,67,False,True,,,,,,,,,,,
5438,54380.0,54380.0,54385.39999771118,0,5.399997711181641,5.399997711181641,54420.0,False,1,0,False,fast,0,0,False,False,61,False,True,,,,,,,,,,,
5439,54390.0,54390.0,54395.5000038147,0,5.500003814697266,5.500003814697266,54430.0,False,1,0,False,fast,0,0,False,False,60,False,True,,,,,,,,,,,
5440,54400.0,54400.0,54405.5,0,5.5,5.5,54440.0,False,1,0,False,fast,0,1,True,False,59,False,True,,,,,,,,,,,
5442,54420.0,54420.0,54425.29999923706,0,5.299999237060547,5.299999237060547,54460.0,False,1,0,False,fast,0,0,False,False,57,False,True,,,,,,,,,,,
5443,54430.0,54430.0,54435.29999923706,0,5.299999237060547,5.299999237060547,54470.0,False,1,0,False,fast,0,0,False,False,56,False,True,,,,,,,,,,,
5445,54450.0,54450.0,54454.9999961853,0,4.999996185302734,4.999996185302734,54490.0,False,1,0,False,fast,0,0,False,False,54,False,True,,,,,,,,,,,
5446,54460.0,54460.0,54485.70000076294,0,25.700000762939453,25.700000762939453,54500.0,False,1,0,False,fast,0,1,True,False,53,False,True,,,,,,,,,,,
5450,54500.0,54500.0,54507.20000076294,0,7.200000762939453,7.200000762939453,54540.0,False,1,0,False,fast,0,1,True,False,49,False,True,,,,,,,,,,,
5451,54510.0,54510.0,54515.79999923706,0,5.799999237060547,5.799999237060547,54550.0,False,1,0,False,fast,0,0,False,False,48,False,True,,,,,,,,,,,
5452,54520.0,54520.0,54525.39999771118,0,5.399997711181641,5.399997711181641,54560.0,False,1,0,False,fast,0,0,False,False,47,False,True,,,,,,,,,,,
5453,54530.0,54530.0,54535.29999923706,0,5.299999237060547,5.299999237060547,54570.0,False,1,0,False,fast,0,1,True,False,46,False,True,,,,,,,,,,,
5457,54570.0,54570.0,54575.40000152588,0,5.400001525878906,5.400001525878906,54610.0,False,1,0,False,fast,0,1,True,False,42,False,True,,,,,,,,,,,
5459,54590.0,54590.0,54595.0,0,5.0,5.0,54630.0,False,1,0,False,fast,0,1,True,False,40,False,True,,,,,,,,,,,
5462,54620.0,54620.0,54625.40000152588,0,5.400001525878906,5.400001525878906,54660.0,False,1,0,False,fast,0,0,False,False,37,False,True,,,,,,,,,,,
5463,54630.0,54630.0,54635.20000076294,0,5.200000762939453,5.200000762939453,54670.0,False,1,0,False,fast,0,0,False,False,36,False,True,,,,,,,,,,,
5464,54640.0,54640.0,54644.90000152588,0,4.900001525878906,4.900001525878906,54680.0,False,1,0,False,fast,0,0,False,False,35,False,True,,,,,,,,,,,
5465,54650.0,54650.0,54655.80000305176,0,5.8000030517578125,5.8000030517578125,54690.0,False,1,0,False,fast,0,1,True,False,34,False,True,,,,,,,,,,,
5466,54660.0,54660.0,54665.29999923706,0,5.299999237060547,5.299999237060547,54700.0,False,1,0,False,fast,0,0,False,False,33,False,True,,,,,,,,,,,
5467,54670.0,54670.0,54675.89999771118,0,5.899997711181641,5.899997711181641,54710.0,False,1,0,False,fast,0,1,True,False,32,False,True,,,,,,,,,,,
5469,54690.0,54690.0,54695.10000228882,0,5.100002288818359,5.100002288818359,54730.0,False,1,0,False,fast,0,1,True,False,30,False,True,,,,,,,,,,,
5471,54710.0,54710.0,54715.29999923706,0,5.299999237060547,5.299999237060547,54750.0,False,1,0,False,fast,0,0,False,False,28,False,True,,,,,,,,,,,
5476,54760.0,54760.0,54766.0,0,6.0,6.0,54800.0,False,1,0,False,fast,0,1,True,False,23,False,True,,,,,,,,,,,
5477,54770.0,54770.0,54777.19999694824,0,7.1999969482421875,7.1999969482421875,54810.0,False,1,0,False,fast,0,0,False,False,22,False,True,,,,,,,,,,,
5479,54790.0,54790.0,54796.59999847412,0,6.599998474121094,6.599998474121094,54830.0,False,1,0,False,fast,0,0,False,False,20,False,True,,,,,,,,,,,
5485,54850.0,54850.0,54855.5,0,5.5,5.5,54890.0,False,1,0,False,fast,0,0,False,False,14,False,True,,,,,,,,,,,
5487,54870.0,54870.0,54875.59999847412,0,5.599998474121094,5.599998474121094,54910.0,False,1,0,False,fast,0,1,True,False,12,False,True,,,,,,,,,,,
5491,54910.0,54910.0,54915.79999923706,0,5.799999237060547,5.799999237060547,54950.0,False,1,0,False,fast,0,0,False,False,8,False,True,,,,,,,,,,,
5492,54920.0,54920.0,54926.5,0,6.5,6.5,54960.0,False,1,0,False,fast,0,1,True,False,7,False,True,,,,,,,,,,,
5501,55010.0,55010.0,55015.70000076294,0,5.700000762939453,5.700000762939453,55050.0,False,1,0,False,fast,0,0,False,False,98,False,True,,,,,,,,,,,
5503,55030.0,55030.0,55037.29999923706,0,7.299999237060547,7.299999237060547,55070.0,False,1,0,False,fast,0,1,True,False,96,False,True,,,,,,,,,,,
5512,55120.0,55120.0,55126.0,0,6.0,6.0,55160.0,False,1,0,False,fast,0,1,True,False,87,False,True,,,,,,,,,,,
5513,55130.0,55130.0,55136.0,0,6.0,6.0,55170.0,False,1,0,False,fast,0,1,True,False,86,False,True,,,,,,,,,,,
5515,55150.0,55150.0,55155.5000038147,0,5.500003814697266,5.500003814697266,55190.0,False,1,0,False,fast,0,0,False,False,84,False,True,,,,,,,,,,,
5516,55160.0,55160.0,55166.09999847412,0,6.099998474121094,6.099998474121094,55200.0,False,1,0,False,fast,0,0,False,False,83,False,True,,,,,,,,,,,
5518,55180.0,55180.0,55185.40000152588,0,5.400001525878906,5.400001525878906,55220.0,False,1,0,False,fast,0,0,False,False,81,False,True,,,,,,,,,,,
5519,55190.0,55190.0,55197.0000038147,0,7.000003814697266,7.000003814697266,55230.0,False,1,0,False,fast,0,0,False,False,80,False,True,,,,,,,,,,,
5524,55240.0,55240.0,55245.39999771118,0,5.399997711181641,5.399997711181641,55280.0,False,1,0,False,fast,0,0,False,False,75,False,True,,,,,,,,,,,
5531,55310.0,55310.0,55315.40000152588,0,5.400001525878906,5.400001525878906,55350.0,False,1,0,False,fast,0,0,False,False,68,False,True,,,,,,,,,,,
5532,55320.0,55320.0,55325.79999923706,0,5.799999237060547,5.799999237060547,55360.0,False,1,0,False,fast,0,0,False,False,67,False,True,,,,,,,,,,,
5534,55340.0,55340.0,55345.79999542236,0,5.799995422363281,5.799995422363281,55380.0,False,1,0,False,fast,0,1,True,False,65,False,True,,,,,,,,,,,
5539,55390.0,55390.0,55395.70000076294,0,5.700000762939453,5.700000762939453,55430.0,False,1,0,False,fast,0,0,False,False,60,False,True,,,,,,,,,,,
5540,55400.0,55400.0,55405.4999961853,0,5.499996185302734,5.499996185302734,55440.0,False,1,0,False,fast,0,1,True,False,59,False,True,,,,,,,,,,,
5541,55410.0,55410.0,55414.79999923706,0,4.799999237060547,4.799999237060547,55450.0,False,1,0,False,fast,0,0,False,False,58,False,True,,,,,,,,,,,
5542,55420.0,55420.0,55432.70000076294,0,12.700000762939453,12.700000762939453,55460.0,False,1,0,False,fast,0,1,True,False,57,False,True,,,,,,,,,,,
5543,55430.0,55432.70000076294,55437.89999771118,0,5.1999969482421875,7.899997711181641,55470.0,False,2,1,False,fast,0,0,False,False,56,False,True,,,,,,,,,,,
5544,55440.0,55440.0,55445.40000152588,0,5.400001525878906,5.400001525878906,55480.0,False,1,0,False,fast,0,1,True,False,55,False,True,,,,,,,,,,,
5550,55500.0,55500.0,55505.10000228882,0,5.100002288818359,5.100002288818359,55540.0,False,1,0,False,fast,0,1,True,False,49,False,True,,,,,,,,,,,
5554,55540.0,55540.0,55545.5,0,5.5,5.5,55580.0,False,1,0,False,fast,0,0,False,False,45,False,True,,,,,,,,,,,
5555,55550.0,55550.0,55555.70000076294,0,5.700000762939453,5.700000762939453,55590.0,False,1,0,False,fast,0,0,False,False,44,False,True,,,,,,,,,,,
5556,55560.0,55560.0,55565.40000152588,0,5.400001525878906,5.400001525878906,55600.0,False,1,0,False,fast,0,0,False,False,43,False,True,,,,,,,,,,,
5558,55580.0,55580.0,55607.09999847412,0,27.099998474121094,27.099998474121094,55620.0,False,1,0,False,fast,0,0,False,False,41,False,True,,,,,,,,,,,
5563,55630.0,55630.0,55655.20000076294,0,25.200000762939453,25.200000762939453,55670.0,False,1,0,False,fast,0,1,True,False,36,False,True,,,,,,,,,,,
5564,55640.0,55655.20000076294,55660.5,0,5.299999237060547,20.5,55680.0,False,2,1,False,fast,0,0,False,False,35,False,True,,,,,,,,,,,
5565,55650.0,55660.5,55666.5,0,6.0,16.5,55690.0,False,3,2,False,fast,0,1,True,False,34,False,True,,,,,,,,,,,
5566,55660.0,55666.5,55672.0000038147,0,5.500003814697266,12.000003814697266,55700.0,False,3,2,False,fast,0,0,False,False,33,False,True,,,,,,,,,,,
5568,55680.0,55680.0,55685.20000076294,0,5.200000762939453,5.200000762939453,55720.0,False,1,0,False,fast,0,0,False,False,31,False,True,,,,,,,,,,,
5569,55690.0,55690.0,55696.4999961853,0,6.499996185302734,6.499996185302734,55730.0,False,1,0,False,fast,0,0,False,False,30,False,True,,,,,,,,,,,
5570,55700.0,55700.0,55705.5,0,5.5,5.5,55740.0,False,1,0,False,fast,0,0,False,False,29,False,True,,,,,,,,,,,
5572,55720.0,55720.0,55725.4999961853,0,5.499996185302734,5.499996185302734,55760.0,False,1,0,False,fast,0,0,False,False,27,False,True,,,,,,,,,,,
5577,55770.0,55770.0,55777.29999923706,0,7.299999237060547,7.299999237060547,55810.0,False,1,0,False,fast,0,0,False,False,22,False,True,,,,,,,,,,,
5578,55780.0,55780.0,55785.09999847412,0,5.099998474121094,5.099998474121094,55820.0,False,1,0,False,fast,0,1,True,False,21,False,True,,,,,,,,,,,
5579,55790.0,55790.0,55795.4999961853,0,5.499996185302734,5.499996185302734,55830.0,False,1,0,False,fast,0,1,True,False,20,False,True,,,,,,,,,,,
5584,55840.0,55840.0,55845.5,0,5.5,5.5,55880.0,False,1,0,False,fast,0,1,True,False,15,False,True,,,,,,,,,,,
5585,55850.0,55850.0,55856.79999923706,0,6.799999237060547,6.799999237060547,55890.0,False,1,0,False,fast,0,1,True,False,14,False,True,,,,,,,,,,,
5586,55860.0,55860.0,55865.79999923706,0,5.799999237060547,5.799999237060547,55900.0,False,1,0,False,fast,0,0,False,False,13,False,True,,,,,,,,,,,
5587,55870.0,55870.0,55875.70000457764,0,5.700004577636719,5.700004577636719,55910.0,False,1,0,False,fast,0,1,True,False,12,False,True,,,,,,,,,,,
5590,55900.0,55900.0,55905.29999923706,0,5.299999237060547,5.299999237060547,55940.0,False,1,0,False,fast,0,0,False,False,9,False,True,,,,,,,,,,,
5591,55910.0,55910.0,55915.39999771118,0,5.399997711181641,5.399997711181641,55950.0,False,1,0,False,fast,0,1,True,False,8,False,True,,,,,,,,,,,
5595,55950.0,55950.0,55955.90000152588,0,5.900001525878906,5.900001525878906,55990.0,False,1,0,False,fast,0,0,False,False,4,False,True,,,,,,,,,,,
5597,55970.0,55970.0,55975.59999847412,0,5.599998474121094,5.599998474121094,56010.0,False,1,0,False,fast,0,0,False,False,2,True,True,,,,,,,,,,,
5603,56030.0,56030.0,56036.0,0,6.0,6.0,56070.0,False,1,0,False,fast,0,0,False,False,96,False,True,,,,,,,,,,,
5606,56060.0,56060.0,56065.40000152588,0,5.400001525878906,5.400001525878906,56100.0,False,1,0,False,fast,0,0,False,False,93,False,True,,,,,,,,,,,
5607,56070.0,56070.0,56075.5,0,5.5,5.5,56110.0,False,1,0,False,fast,0,1,True,False,92,False,True,,,,,,,,,,,
5608,56080.0,56080.0,56085.79999923706,0,5.799999237060547,5.799999237060547,56120.0,False,1,0,False,fast,0,0,False,False,91,False,True,,,,,,,,,,,
5611,56110.0,56110.0,56115.60000228882,0,5.600002288818359,5.600002288818359,56150.0,False,1,0,False,fast,0,1,True,False,88,False,True,,,,,,,,,,,
5614,56140.0,56140.0,56145.20000076294,0,5.200000762939453,5.200000762939453,56180.0,False,1,0,False,fast,0,0,False,False,85,False,True,,,,,,,,,,,
5616,56160.0,56160.0,56165.09999847412,0,5.099998474121094,5.099998474121094,56200.0,False,1,0,False,fast,0,1,True,False,83,False,True,,,,,,,,,,,
5617,56170.0,56170.0,56175.29999923706,0,5.299999237060547,5.299999237060547,56210.0,False,1,0,False,fast,0,1,True,False,82,False,True,,,,,,,,,,,
5618,56180.0,56180.0,56185.5,0,5.5,5.5,56220.0,False,1,0,False,fast,0,0,False,False,81,False,True,,,,,,,,,,,
5619,56190.0,56190.0,56195.4999961853,0,5.499996185302734,5.499996185302734,56230.0,False,1,0,False,fast,0,0,False,False,80,False,True,,,,,,,,,,,
5620,56200.0,56200.0,56206.69999694824,0,6.6999969482421875,6.6999969482421875,56240.0,False,1,0,False,fast,0,0,False,False,79,False,True,,,,,,,,,,,
5625,56250.0,56250.0,56255.0,0,5.0,5.0,56290.0,False,1,0,False,fast,0,0,False,False,74,False,True,,,,,,,,,,,
5634,56340.0,56340.0,56345.09999847412,0,5.099998474121094,5.099998474121094,56380.0,False,1,0,False,fast,0,0,False,False,65,False,True,,,,,,,,,,,
5635,56350.0,56350.0,56355.5,0,5.5,5.5,56390.0,False,1,0,False,fast,0,0,False,False,64,False,True,,,,,,,,,,,
5636,56360.0,56360.0,56365.30000305176,0,5.3000030517578125,5.3000030517578125,56400.0,False,1,0,False,fast,0,0,False,False,63,False,True,,,,,,,,,,,
5638,56380.0,56380.0,56385.5,0,5.5,5.5,56420.0,False,1,0,False,fast,0,0,False,False,61,False,True,,,,,,,,,,,
5639,56390.0,56390.0,56394.89999771118,0,4.899997711181641,4.899997711181641,56430.0,False,1,0,False,fast,0,1,True,False,60,False,True,,,,,,,,,,,
5642,56420.0,56420.0,56425.10000228882,0,5.100002288818359,5.100002288818359,56460.0,False,1,0,False,fast,0,1,True,False,57,False,True,,,,,,,,,,,
5643,56430.0,56430.0,56434.9999961853,0,4.999996185302734,4.999996185302734,56470.0,False,1,0,False,fast,0,0,False,False,56,False,True,,,,,,,,,,,
5644,56440.0,56440.0,56445.29999923706,0,5.299999237060547,5.299999237060547,56480.0,False,1,0,False,fast,0,1,True,False,55,False,True,,,,,,,,,,,
5648,56480.0,56480.0,56485.20000076294,0,5.200000762939453,5.200000762939453,56520.0,False,1,0,False,fast,0,1,True,False,51,False,True,,,,,,,,,,,
5649,56490.0,56490.0,56495.20000076294,0,5.200000762939453,5.200000762939453,56530.0,False,1,0,False,fast,0,1,True,False,50,False,True,,,,,,,,,,,
5651,56510.0,56510.0,56515.40000152588,0,5.400001525878906,5.400001525878906,56550.0,False,1,0,False,fast,0,1,True,False,48,False,True,,,,,,,,,,,
5658,56580.0,56580.0,56582.9999961853,0,2.9999961853027344,2.9999961853027344,56620.0,False,1,0,False,fast,0,0,False,False,41,False,True,,,,,,,,,,,
5659,56590.0,56590.0,56593.20000076294,0,3.200000762939453,3.200000762939453,56630.0,False,1,0,False,fast,0,0,False,False,40,False,True,,,,,,,,,,,
5660,56600.0,56600.0,56603.09999847412,0,3.0999984741210938,3.0999984741210938,56640.0,False,1,0,False,fast,0,1,True,False,39,False,True,,,,,,,,,,,
5661,56610.0,56610.0,56613.0,0,3.0,3.0,56650.0,False,1,0,False,fast,0,0,False,False,38,False,True,,,,,,,,,,,
5662,56620.0,56620.0,56622.89999771118,0,2.8999977111816406,2.8999977111816406,56660.0,False,1,0,False,fast,0,0,False,False,37,False,True,,,,,,,,,,,
5663,56630.0,56630.0,56634.29999923706,0,4.299999237060547,4.299999237060547,56670.0,False,1,0,False,fast,0,1,True,False,36,False,True,,,,,,,,,,,
5665,56650.0,56650.0,56652.89999771118,0,2.8999977111816406,2.8999977111816406,56690.0,False,1,0,False,fast,0,1,True,False,34,False,True,,,,,,,,,,,
5666,56660.0,56660.0,56663.0,0,3.0,3.0,56700.0,False,1,0,False,fast,0,0,False,False,33,False,True,,,,,,,,,,,
5667,56670.0,56670.0,56672.90000152588,0,2.9000015258789062,2.9000015258789062,56710.0,False,1,0,False,fast,0,1,True,False,32,False,True,,,,,,,,,,,
5668,56680.0,56680.0,56682.79999923706,0,2.799999237060547,2.799999237060547,56720.0,False,1,0,False,fast,0,0,False,False,31,False,True,,,,,,,,,,,
5672,56720.0,56720.0,56723.0,0,3.0,3.0,56760.0,False,1,0,False,fast,0,0,False,False,27,False,True,,,,,,,,,,,
5673,56730.0,56730.0,56732.90000152588,0,2.9000015258789062,2.9000015258789062,56770.0,False,1,0,False,fast,0,1,True,False,26,False,True,,,,,,,,,,,
5676,56760.0,56760.0,56763.0000038147,0,3.0000038146972656,3.0000038146972656,56800.0,False,1,0,False,fast,0,1,True,False,23,False,True,,,,,,,,,,,
5677,56770.0,56770.0,56772.89999771118,0,2.8999977111816406,2.8999977111816406,56810.0,False,1,0,False,fast,0,1,True,False,22,False,True,,,,,,,,,,,
5680,56800.0,56800.0,56802.79999923706,0,2.799999237060547,2.799999237060547,56840.0,False,1,0,False,fast,0,1,True,False,19,False,True,,,,,,,,,,,
5682,56820.0,56820.0,56822.9999961853,0,2.9999961853027344,2.9999961853027344,56860.0,False,1,0,False,fast,0,0,False,False,17,False,True,,,,,,,,,,,
5683,56830.0,56830.0,56832.90000152588,0,2.9000015258789062,2.9000015258789062,56870.0,False,1,0,False,fast,0,1,True,False,16,False,True,,,,,,,,,,,
5684,56840.0,56840.0,56842.90000152588,0,2.9000015258789062,2.9000015258789062,56880.0,False,1,0,False,fast,0,0,False,False,15,False,True,,,,,,,,,,,
5685,56850.0,56850.0,56852.89999771118,0,2.8999977111816406,2.8999977111816406,56890.0,False,1,0,False,fast,0,0,False,False,14,False,True,,,,,,,,,,,
5689,56890.0,56890.0,56892.80000305176,0,2.8000030517578125,2.8000030517578125,56930.0,False,1,0,False,fast,0,0,False,False,10,False,True,,,,,,,,,,,
5697,56970.0,56970.0,56972.89999771118,0,2.8999977111816406,2.8999977111816406,57010.0,False,1,0,False,fast,0,0,False,False,2,True,True,,,,,,,,,,,
5699,56990.0,56990.0,56993.0,0,3.0,3.0,57030.0,False,1,0,False,fast,0,1,True,True,0,True,True,,,,,,,,,,,
5700,57000.0,57000.0,57003.0000038147,0,3.0000038146972656,3.0000038146972656,57040.0,False,1,0,False,fast,0,0,False,False,99,False,True,,,,,,,,,,,
5702,57020.0,57020.0,57022.79999923706,0,2.799999237060547,2.799999237060547,57060.0,False,1,0,False,fast,0,0,False,False,97,False,True,,,,,,,,,,,
5703,57030.0,57030.0,57033.09999847412,0,3.0999984741210938,3.0999984741210938,57070.0,False,1,0,False,fast,0,0,False,False,96,False,True,,,,,,,,,,,
5704,57040.0,57040.0,57044.09999847412,0,4.099998474121094,4.099998474121094,57080.0,False,1,0,False,fast,0,0,False,False,95,False,True,,,,,,,,,,,
5708,57080.0,57080.0,57083.0,0,3.0,3.0,57120.0,False,1,0,False,fast,0,0,False,False,91,False,True,,,,,,,,,,,
5709,57090.0,57090.0,57092.90000152588,0,2.9000015258789062,2.9000015258789062,57130.0,False,1,0,False,fast,0,0,False,False,90,False,True,,,,,,,,,,,
5710,57100.0,57100.0,57102.90000152588,0,2.9000015258789062,2.9000015258789062,57140.0,False,1,0,False,fast,0,0,False,False,89,False,True,,,,,,,,,,,
5714,57140.0,57140.0,57143.0000038147,0,3.0000038146972656,3.0000038146972656,57180.0,False,1,0,False,fast,0,0,False,False,85,False,True,,,,,,,,,,,
5716,57160.0,57160.0,57162.90000152588,0,2.9000015258789062,2.9000015258789062,57200.0,False,1,0,False,fast,0,0,False,False,83,False,True,,,,,,,,,,,
5719,57190.0,57190.0,57192.79999923706,0,2.799999237060547,2.799999237060547,57230.0,False,1,0,False,fast,0,1,True,False,80,False,True,,,,,,,,,,,
5720,57200.0,57200.0,57202.89999771118,0,2.8999977111816406,2.8999977111816406,57240.0,False,1,0,False,fast,0,1,True,False,79,False,True,,,,,,,,,,,
5721,57210.0,57210.0,57212.90000152588,0,2.9000015258789062,2.9000015258789062,57250.0,False,1,0,False,fast,0,0,False,False,78,False,True,,,,,,,,,,,
5722,57220.0,57220.0,57223.0000038147,0,3.0000038146972656,3.0000038146972656,57260.0,False,1,0,False,fast,0,0,False,False,77,False,True,,,,,,,,,,,
5725,57250.0,57250.0,57252.90000152588,0,2.9000015258789062,2.9000015258789062,57290.0,False,1,0,False,fast,0,1,True,False,74,False,True,,,,,,,,,,,
5727,57270.0,57270.0,57272.90000152588,0,2.9000015258789062,2.9000015258789062,57310.0,False,1,0,False,fast,0,1,True,False,72,False,True,,,,,,,,,,,
5728,57280.0,57280.0,57283.0,0,3.0,3.0,57320.0,False,1,0,False,fast,0,0,False,False,71,False,True,,,,,,,,,,,
5732,57320.0,57320.0,57323.0000038147,0,3.0000038146972656,3.0000038146972656,57360.0,False,1,0,False,fast,0,0,False,False,67,False,True,,,,,,,,,,,
5733,57330.0,57330.0,57332.79999923706,0,2.799999237060547,2.799999237060547,57370.0,False,1,0,False,fast,0,0,False,False,66,False,True,,,,,,,,,,,
5734,57340.0,57340.0,57342.89999771118,0,2.8999977111816406,2.8999977111816406,57380.0,False,1,0,False,fast,0,0,False,False,65,False,True,,,,,,,,,,,
5736,57360.0,57360.0,57362.899993896484,0,2.899993896484375,2.899993896484375,57400.0,False,1,0,False,fast,0,1,True,False,63,False,True,,,,,,,,,,,
5737,57370.0,57370.0,57372.79999923706,0,2.799999237060547,2.799999237060547,57410.0,False,1,0,False,fast,0,0,False,False,62,False,True,,,,,,,,,,,
5738,57380.0,57380.0,57383.0,0,3.0,3.0,57420.0,False,1,0,False,fast,0,1,True,False,61,False,True,,,,,,,,,,,
5739,57390.0,57390.0,57392.90000152588,0,2.9000015258789062,2.9000015258789062,57430.0,False,1,0,False,fast,0,0,False,False,60,False,True,,,,,,,,,,,
5743,57430.0,57430.0,57432.90000152588,0,2.9000015258789062,2.9000015258789062,57470.0,False,1,0,False,fast,0,1,True,False,56,False,True,,,,,,,,,,,
5744,57440.0,57440.0,57443.90000152588,0,3.9000015258789062,3.9000015258789062,57480.0,False,1,0,False,fast,0,1,True,False,55,False,True,,,,,,,,,,,
5745,57450.0,57450.0,57453.09999847412,0,3.0999984741210938,3.0999984741210938,57490.0,False,1,0,False,fast,0,1,True,False,54,False,True,,,,,,,,,,,
5754,57540.0,57540.0,57543.09999847412,0,3.0999984741210938,3.0999984741210938,57580.0,False,1,0,False,fast,0,1,True,False,45,False,True,,,,,,,,,,,
5756,57560.0,57560.0,57562.80000305176,0,2.8000030517578125,2.8000030517578125,57600.0,False,1,0,False,fast,0,0,False,False,43,False,True,,,,,,,,,,,
5759,57590.0,57590.0,57592.90000152588,0,2.9000015258789062,2.9000015258789062,57630.0,False,1,0,False,fast,0,0,False,False,40,False,True,,,,,,,,,,,
5761,57610.0,57610.0,57614.09999847412,0,4.099998474121094,4.099998474121094,57650.0,False,1,0,False,fast,0,1,True,False,38,False,True,,,,,,,,,,,
5773,57730.0,57730.0,57733.0,0,3.0,3.0,57770.0,False,1,0,False,fast,0,0,False,False,26,False,True,,,,,,,,,,,
5776,57760.0,57760.0,57763.0,0,3.0,3.0,57800.0,False,1,0,False,fast,0,0,False,False,23,False,True,,,,,,,,,,,
5777,57770.0,57770.0,57772.79999923706,0,2.799999237060547,2.799999237060547,57810.0,False,1,0,False,fast,0,0,False,False,22,False,True,,,,,,,,,,,
5780,57800.0,57800.0,57802.89999771118,0,2.8999977111816406,2.8999977111816406,57840.0,False,1,0,False,fast,0,0,False,False,19,False,True,,,,,,,,,,,
5781,57810.0,57810.0,57812.899993896484,0,2.899993896484375,2.899993896484375,57850.0,False,1,0,False,fast,0,0,False,False,18,False,True,,,,,,,,,,,
5783,57830.0,57830.0,57832.90000152588,0,2.9000015258789062,2.9000015258789062,57870.0,False,1,0,False,fast,0,0,False,False,16,False,True,,,,,,,,,,,
5784,57840.0,57840.0,57843.0,0,3.0,3.0,57880.0,False,1,0,False,fast,0,0,False,False,15,False,True,,,,,,,,,,,
5787,57870.0,57870.0,57872.9999961853,0,2.9999961853027344,2.9999961853027344,57910.0,False,1,0,False,fast,0,0,False,False,12,False,True,,,,,,,,,,,
5788,57880.0,57880.0,57882.90000152588,0,2.9000015258789062,2.9000015258789062,57920.0,False,1,0,False,fast,0,1,True,False,11,False,True,,,,,,,,,,,
5795,57950.0,57950.0,57952.80000305176,0,2.8000030517578125,2.8000030517578125,57990.0,False,1,0,False,fast,0,1,True,False,4,False,True,,,,,,,,,,,
5803,58030.0,58030.0,58033.0,0,3.0,3.0,58070.0,False,1,0,False,fast,0,0,False,False,96,False,True,,,,,,,,,,,
5806,58060.0,58060.0,58064.69999694824,0,4.6999969482421875,4.6999969482421875,58100.0,False,1,0,False,fast,0,0,False,False,93,False,True,,,,,,,,,,,
5807,58070.0,58070.0,58073.20000076294,0,3.200000762939453,3.200000762939453,58110.0,False,1,0,False,fast,0,0,False,False,92,False,True,,,,,,,,,,,
5808,58080.0,58080.0,58083.0,0,3.0,3.0,58120.0,False,1,0,False,fast,0,0,False,False,91,False,True,,,,,,,,,,,
5810,58100.0,58100.0,58102.9999961853,0,2.9999961853027344,2.9999961853027344,58140.0,False,1,0,False,fast,0,0,False,False,89,False,True,,,,,,,,,,,
5812,58120.0,58120.0,58123.20000076294,0,3.200000762939453,3.200000762939453,58160.0,False,1,0,False,fast,0,0,False,False,87,False,True,,,,,,,,,,,
5813,58130.0,58130.0,58132.79999923706,0,2.799999237060547,2.799999237060547,58170.0,False,1,0,False,fast,0,0,False,False,86,False,True,,,,,,,,,,,
5814,58140.0,58140.0,58143.0000038147,0,3.0000038146972656,3.0000038146972656,58180.0,False,1,0,False,fast,0,0,False,False,85,False,True,,,,,,,,,,,
5817,58170.0,58170.0,58173.09999847412,0,3.0999984741210938,3.0999984741210938,58210.0,False,1,0,False,fast,0,0,False,False,82,False,True,,,,,,,,,,,
5818,58180.0,58180.0,58183.10000228882,0,3.1000022888183594,3.1000022888183594,58220.0,False,1,0,False,fast,0,0,False,False,81,False,True,,,,,,,,,,,
5819,58190.0,58190.0,58193.40000152588,0,3.4000015258789062,3.4000015258789062,58230.0,False,1,0,False,fast,0,0,False,False,80,False,True,,,,,,,,,,,
5821,58210.0,58210.0,58212.9999961853,0,2.9999961853027344,2.9999961853027344,58250.0,False,1,0,False,fast,0,0,False,False,78,False,True,,,,,,,,,,,
5827,58270.0,58270.0,58273.29999923706,0,3.299999237060547,3.299999237060547,58310.0,False,1,0,False,fast,0,0,False,False,72,False,True,,,,,,,,,,,
5828,58280.0,58280.0,58283.20000457764,0,3.2000045776367188,3.2000045776367188,58320.0,False,1,0,False,fast,0,0,False,False,71,False,True,,,,,,,,,,,
5829,58290.0,58290.0,58292.90000152588,0,2.9000015258789062,2.9000015258789062,58330.0,False,1,0,False,fast,0,1,True,False,70,False,True,,,,,,,,,,,
5830,58300.0,58300.0,58303.19999694824,0,3.1999969482421875,3.1999969482421875,58340.0,False,1,0,False,fast,0,0,False,False,69,False,True,,,,,,,,,,,
5832,58320.0,58320.0,58324.70000076294,0,4.700000762939453,4.700000762939453,58360.0,False,1,0,False,fast,0,0,False,False,67,False,True,,,,,,,,,,,
5835,58350.0,58350.0,58353.0,0,3.0,3.0,58390.0,False,1,0,False,fast,0,0,False,False,64,False,True,,,,,,,,,,,
5836,58360.0,58360.0,58363.09999847412,0,3.0999984741210938,3.0999984741210938,58400.0,False,1,0,False,fast,0,0,False,False,63,False,True,,,,,,,,,,,
5837,58370.0,58370.0,58373.19999694824,0,3.1999969482421875,3.1999969482421875,58410.0,False,1,0,False,fast,0,1,True,False,62,False,True,,,,,,,,,,,
5839,58390.0,58390.0,58392.89999771118,0,2.8999977111816406,2.8999977111816406,58430.0,False,1,0,False,fast,0,0,False,False,60,False,True,,,,,,,,,,,
5840,58400.0,58400.0,58404.29999923706,0,4.299999237060547,4.299999237060547,58440.0,False,1,0,False,fast,0,0,False,False,59,False,True,,,,,,,,,,,
5842,58420.0,58420.0,58422.89999771118,0,2.8999977111816406,2.8999977111816406,58460.0,False,1,0,False,fast,0,0,False,False,57,False,True,,,,,,,,,,,
5843,58430.0,58430.0,58433.90000152588,0,3.9000015258789062,3.9000015258789062,58470.0,False,1,0,False,fast,0,0,False,False,56,False,True,,,,,,,,,,,
5844,58440.0,58440.0,58443.69999694824,0,3.6999969482421875,3.6999969482421875,58480.0,False,1,0,False,fast,0,0,False,False,55,False,True,,,,,,,,,,,
5846,58460.0,58460.0,58463.79999923706,0,3.799999237060547,3.799999237060547,58500.0,False,1,0,False,fast,0,0,False,False,53,False,True,,,,,,,,,,,
5852,58520.0,58520.0,58522.90000152588,0,2.9000015258789062,2.9000015258789062,58560.0,False,1,0,False,fast,0,0,False,False,47,False,True,,,,,,,,,,,
5855,58550.0,58550.0,58554.09999847412,0,4.099998474121094,4.099998474121094,58590.0,False,1,0,False,fast,0,1,True,False,44,False,True,,,,,,,,,,,
5861,58610.0,58610.0,58613.09999847412,0,3.0999984741210938,3.0999984741210938,58650.0,False,1,0,False,fast,0,1,True,False,38,False,True,,,,,,,,,,,
5863,58630.0,58630.0,58634.0,0,4.0,4.0,58670.0,False,1,0,False,fast,0,1,True,False,36,False,True,,,,,,,,,,,
5868,58680.0,58680.0,58690.29999542236,0,10.299995422363281,10.299995422363281,58720.0,False,1,0,False,fast,0,0,False,False,31,False,True,,,,,,,,,,,
5870,58700.0,58700.0,58706.10000228882,0,6.100002288818359,6.100002288818359,58740.0,False,1,0,False,fast,0,1,True,False,29,False,True,,,,,,,,,,,
5871,58710.0,58710.0,58716.40000152588,0,6.400001525878906,6.400001525878906,58750.0,False,1,0,False,fast,0,0,False,False,28,False,True,,,,,,,,,,,
5874,58740.0,58740.0,58744.29999923706,0,4.299999237060547,4.299999237060547,58780.0,False,1,0,False,fast,0,1,True,False,25,False,True,,,,,,,,,,,
5877,58770.0,58770.0,58776.0000038147,0,6.000003814697266,6.000003814697266,58810.0,False,1,0,False,fast,0,0,False,False,22,False,True,,,,,,,,,,,
5880,58800.0,58800.0,58806.0,0,6.0,6.0,58840.0,False,1,0,False,fast,0,0,False,False,19,False,True,,,,,,,,,,,
5881,58810.0,58810.0,58815.79999923706,0,5.799999237060547,5.799999237060547,58850.0,False,1,0,False,fast,0,0,False,False,18,False,True,,,,,,,,,,,
5884,58840.0,58840.0,58844.90000152588,0,4.900001525878906,4.900001525878906,58880.0,False,1,0,False,fast,0,0,False,False,15,False,True,,,,,,,,,,,
5887,58870.0,58870.0,58875.59999847412,0,5.599998474121094,5.599998474121094,58910.0,False,1,0,False,fast,0,0,False,False,12,False,True,,,,,,,,,,,
5888,58880.0,58880.0,58884.5000038147,0,4.500003814697266,4.500003814697266,58920.0,False,1,0,False,fast,0,0,False,False,11,False,True,,,,,,,,,,,
5892,58920.0,58920.0,58924.09999847412,0,4.099998474121094,4.099998474121094,58960.0,False,1,0,False,fast,0,0,False,False,7,False,True,,,,,,,,,,,
5895,58950.0,58950.0,58955.30000305176,0,5.3000030517578125,5.3000030517578125,58990.0,False,1,0,False,fast,0,0,False,False,4,False,True,,,,,,,,,,,
5897,58970.0,58970.0,58974.69999694824,0,4.6999969482421875,4.6999969482421875,59010.0,False,1,0,False,fast,0,1,True,False,2,True,True,,,,,,,,,,,
5899,58990.0,58990.0,58994.59999847412,0,4.599998474121094,4.599998474121094,59030.0,False,1,0,False,fast,0,0,False,True,0,True,True,,,,,,,,,,,
5900,59000.0,59000.0,59004.29999923706,0,4.299999237060547,4.299999237060547,59040.0,False,1,0,False,fast,0,1,True,False,99,False,True,,,,,,,,,,,
5902,59020.0,59020.0,59024.40000152588,0,4.400001525878906,4.400001525878906,59060.0,False,1,0,False,fast,0,0,False,False,97,False,True,,,,,,,,,,,
5908,59080.0,59080.0,59083.0,0,3.0,3.0,59120.0,False,1,0,False,fast,0,0,False,False,91,False,True,,,,,,,,,,,
5909,59090.0,59090.0,59093.0,0,3.0,3.0,59130.0,False,1,0,False,fast,0,0,False,False,90,False,True,,,,,,,,,,,
5910,59100.0,59100.0,59103.40000152588,0,3.4000015258789062,3.4000015258789062,59140.0,False,1,0,False,fast,0,0,False,False,89,False,True,,,,,,,,,,,
5914,59140.0,59140.0,59143.0,0,3.0,3.0,59180.0,False,1,0,False,fast,0,0,False,False,85,False,True,,,,,,,,,,,
5916,59160.0,59160.0,59163.19999694824,0,3.1999969482421875,3.1999969482421875,59200.0,False,1,0,False,fast,0,0,False,False,83,False,True,,,,,,,,,,,
5919,59190.0,59190.0,59192.89999771118,0,2.8999977111816406,2.8999977111816406,59230.0,False,1,0,False,fast,0,0,False,False,80,False,True,,,,,,,,,,,
5920,59200.0,59200.0,59203.0000038147,0,3.0000038146972656,3.0000038146972656,59240.0,False,1,0,False,fast,0,0,False,False,79,False,True,,,,,,,,,,,
5921,59210.0,59210.0,59213.0000038147,0,3.0000038146972656,3.0000038146972656,59250.0,False,1,0,False,fast,0,0,False,False,78,False,True,,,,,,,,,,,
5924,59240.0,59240.0,59244.0,0,4.0,4.0,59280.0,False,1,0,False,fast,0,1,True,False,75,False,True,,,,,,,,,,,
5925,59250.0,59250.0,59253.0,0,3.0,3.0,59290.0,False,1,0,False,fast,0,1,True,False,74,False,True,,,,,,,,,,,
5927,59270.0,59270.0,59273.09999847412,0,3.0999984741210938,3.0999984741210938,59310.0,False,1,0,False,fast,0,0,False,False,72,False,True,,,,,,,,,,,
5931,59310.0,59310.0,59313.09999847412,0,3.0999984741210938,3.0999984741210938,59350.0,False,1,0,False,fast,0,0,False,False,68,False,True,,,,,,,,,,,
5934,59340.0,59340.0,59342.90000152588,0,2.9000015258789062,2.9000015258789062,59380.0,False,1,0,False,fast,0,1,True,False,65,False,True,,,,,,,,,,,
5937,59370.0,59370.0,59373.90000152588,0,3.9000015258789062,3.9000015258789062,59410.0,False,1,0,False,fast,0,0,False,False,62,False,True,,,,,,,,,,,
5941,59410.0,59410.0,59412.90000152588,0,2.9000015258789062,2.9000015258789062,59450.0,False,1,0,False,fast,0,0,False,False,58,False,True,,,,,,,,,,,
5953,59530.0,59530.0,59534.29999923706,0,4.299999237060547,4.299999237060547,59570.0,False,1,0,False,fast,0,1,True,False,46,False,True,,,,,,,,,,,
5955,59550.0,59550.0,59553.20000076294,0,3.200000762939453,3.200000762939453,59590.0,False,1,0,False,fast,0,0,False,False,44,False,True,,,,,,,,,,,
5960,59600.0,59600.0,59604.0,0,4.0,4.0,59640.0,False,1,0,False,fast,0,0,False,False,39,False,True,,,,,,,,,,,
5962,59620.0,59620.0,59622.9999961853,0,2.9999961853027344,2.9999961853027344,59660.0,False,1,0,False,fast,0,0,False,False,37,False,True,,,,,,,,,,,
5964,59640.0,59640.0,59642.90000152588,0,2.9000015258789062,2.9000015258789062,59680.0,False,1,0,False,fast,0,1,True,False,35,False,True,,,,,,,,,,,
5967,59670.0,59670.0,59673.10000228882,0,3.1000022888183594,3.1000022888183594,59710.0,False,1,0,False,fast,0,0,False,False,32,False,True,,,,,,,,,,,
5970,59700.0,59700.0,59702.89999771118,0,2.8999977111816406,2.8999977111816406,59740.0,False,1,0,False,fast,0,1,True,False,29,False,True,,,,,,,,,,,
5971,59710.0,59710.0,59713.0,0,3.0,3.0,59750.0,False,1,0,False,fast,0,0,False,False,28,False,True,,,,,,,,,,,
5972,59720.0,59720.0,59722.89999771118,0,2.8999977111816406,2.8999977111816406,59760.0,False,1,0,False,fast,0,1,True,False,27,False,True,,,,,,,,,,,
5975,59750.0,59750.0,59753.0,0,3.0,3.0,59790.0,False,1,0,False,fast,0,0,False,False,24,False,True,,,,,,,,,,,
5976,59760.0,59760.0,59763.09999847412,0,3.0999984741210938,3.0999984741210938,59800.0,False,1,0,False,fast,0,0,False,False,23,False,True,,,,,,,,,,,
5978,59780.0,59780.0,59782.89999771118,0,2.8999977111816406,2.8999977111816406,59820.0,False,1,0,False,fast,0,0,False,False,21,False,True,,,,,,,,,,,
5979,59790.0,59790.0,59792.89999771118,0,2.8999977111816406,2.8999977111816406,59830.0,False,1,0,False,fast,0,1,True,False,20,False,True,,,,,,,,,,,
5980,59800.0,59800.0,59802.89999771118,0,2.8999977111816406,2.8999977111816406,59840.0,False,1,0,False,fast,0,0,False,False,19,False,True,,,,,,,,,,,
5981,59810.0,59810.0,59812.90000152588,0,2.9000015258789062,2.9000015258789062,59850.0,False,1,0,False,fast,0,0,False,False,18,False,True,,,,,,,,,,,
5982,59820.0,59820.0,59823.0,0,3.0,3.0,59860.0,False,1,0,False,fast,0,0,False,False,17,False,True,,,,,,,,,,,
5983,59830.0,59830.0,59833.0,0,3.0,3.0,59870.0,False,1,0,False,fast,0,0,False,False,16,False,True,,,,,,,,,,,
5984,59840.0,59840.0,59843.20000076294,0,3.200000762939453,3.200000762939453,59880.0,False,1,0,False,fast,0,0,False,False,15,False,True,,,,,,,,,,,
5986,59860.0,59860.0,59862.90000152588,0,2.9000015258789062,2.9000015258789062,59900.0,False,1,0,False,fast,0,0,False,False,13,False,True,,,,,,,,,,,
5987,59870.0,59870.0,59872.80000305176,0,2.8000030517578125,2.8000030517578125,59910.0,False,1,0,False,fast,0,0,False,False,12,False,True,,,,,,,,,,,
5991,59910.0,59910.0,59912.89999771118,0,2.8999977111816406,2.8999977111816406,59950.0,False,1,0,False,fast,0,0,False,False,8,False,True,,,,,,,,,,,
5992,59920.0,59920.0,59923.09999847412,0,3.0999984741210938,3.0999984741210938,59960.0,False,1,0,False,fast,0,0,False,False,7,False,True,,,,,,,,,,,
5993,59930.0,59930.0,59932.90000152588,0,2.9000015258789062,2.9000015258789062,59970.0,False,1,0,False,fast,0,0,False,False,6,False,True,,,,,,,,,,,
5998,59980.0,59980.0,59983.70000076294,0,3.700000762939453,3.700000762939453,60020.0,False,1,0,False,fast,0,0,False,False,1,True,True,,,,,,,,,,,
6002,60020.0,60020.0,60023.0,0,3.0,3.0,60060.0,False,1,0,False,fast,0,1,True,False,97,False,True,,,,,,,,,,,
6003,60030.0,60030.0,60034.20000076294,0,4.200000762939453,4.200000762939453,60070.0,False,1,0,False,fast,0,0,False,False,96,False,True,,,,,,,,,,,
6005,60050.0,60050.0,60052.79999923706,0,2.799999237060547,2.799999237060547,60090.0,False,1,0,False,fast,0,0,False,False,94,False,True,,,,,,,,,,,
6006,60060.0,60060.0,60062.90000152588,0,2.9000015258789062,2.9000015258789062,60100.0,False,1,0,False,fast,0,1,True,False,93,False,True,,,,,,,,,,,
6011,60110.0,60110.0,60112.90000152588,0,2.9000015258789062,2.9000015258789062,60150.0,False,1,0,False,fast,0,0,False,False,88,False,True,,,,,,,,,,,
6013,60130.0,60130.0,60133.09999847412,0,3.0999984741210938,3.0999984741210938,60170.0,False,1,0,False,fast,0,1,True,False,86,False,True,,,,,,,,,,,
6015,60150.0,60150.0,60153.0,0,3.0,3.0,60190.0,False,1,0,False,fast,0,0,False,False,84,False,True,,,,,,,,,,,
6022,60220.0,60220.0,60225.09999847412,0,5.099998474121094,5.099998474121094,60260.0,False,1,0,False,fast,0,0,False,False,77,False,True,,,,,,,,,,,
6023,60230.0,60230.0,60234.70000076294,0,4.700000762939453,4.700000762939453,60270.0,False,1,0,False,fast,0,0,False,False,76,False,True,,,,,,,,,,,
6025,60250.0,60250.0,60253.10000228882,0,3.1000022888183594,3.1000022888183594,60290.0,False,1,0,False,fast,0,0,False,False,74,False,True,,,,,,,,,,,
6028,60280.0,60280.0,60283.10000228882,0,3.1000022888183594,3.1000022888183594,60320.0,False,1,0,False,fast,0,1,True,False,71,False,True,,,,,,,,,,,
6030,60300.0,60300.0,60302.9999961853,0,2.9999961853027344,2.9999961853027344,60340.0,False,1,0,False,fast,0,1,True,False,69,False,True,,,,,,,,,,,
6033,60330.0,60330.0,60332.89999771118,0,2.8999977111816406,2.8999977111816406,60370.0,False,1,0,False,fast,0,1,True,False,66,False,True,,,,,,,,,,,
6034,60340.0,60340.0,60343.10000228882,0,3.1000022888183594,3.1000022888183594,60380.0,False,1,0,False,fast,0,0,False,False,65,False,True,,,,,,,,,,,
6035,60350.0,60350.0,60352.90000152588,0,2.9000015258789062,2.9000015258789062,60390.0,False,1,0,False,fast,0,1,True,False,64,False,True,,,,,,,,,,,
6036,60360.0,60360.0,60363.0,0,3.0,3.0,60400.0,False,1,0,False,fast,0,1,True,False,63,False,True,,,,,,,,,,,
6037,60370.0,60370.0,60373.0,0,3.0,3.0,60410.0,False,1,0,False,fast,0,1,True,False,62,False,True,,,,,,,,,,,
6039,60390.0,60390.0,60392.80000305176,0,2.8000030517578125,2.8000030517578125,60430.0,False,1,0,False,fast,0,1,True,False,60,False,True,,,,,,,,,,,
6042,60420.0,60420.0,60423.0,0,3.0,3.0,60460.0,False,1,0,False,fast,0,0,False,False,57,False,True,,,,,,,,,,,
6047,60470.0,60470.0,60472.90000152588,0,2.9000015258789062,2.9000015258789062,60510.0,False,1,0,False,fast,0,0,False,False,52,False,True,,,,,,,,,,,
6048,60480.0,60480.0,60483.10000228882,0,3.1000022888183594,3.1000022888183594,60520.0,False,1,0,False,fast,0,0,False,False,51,False,True,,,,,,,,,,,
6056,60560.0,60560.0,60563.0,0,3.0,3.0,60600.0,False,1,0,False,fast,0,0,False,False,43,False,True,,,,,,,,,,,
6060,60600.0,60600.0,60602.90000152588,0,2.9000015258789062,2.9000015258789062,60640.0,False,1,0,False,fast,0,1,True,False,39,False,True,,,,,,,,,,,
6061,60610.0,60610.0,60613.0,0,3.0,3.0,60650.0,False,1,0,False,fast,0,1,True,False,38,False,True,,,,,,,,,,,
6063,60630.0,60630.0,60634.09999847412,0,4.099998474121094,4.099998474121094,60670.0,False,1,0,False,fast,0,0,False,False,36,False,True,,,,,,,,,,,
6069,60690.0,60690.0,60694.0000038147,0,4.000003814697266,4.000003814697266,60730.0,False,1,0,False,fast,0,0,False,False,30,False,True,,,,,,,,,,,
6070,60700.0,60700.0,60703.30000305176,0,3.3000030517578125,3.3000030517578125,60740.0,False,1,0,False,fast,0,0,False,False,29,False,True,,,,,,,,,,,
6074,60740.0,60740.0,60744.20000076294,0,4.200000762939453,4.200000762939453,60780.0,False,1,0,False,fast,0,0,False,False,25,False,True,,,,,,,,,,,
6083,60830.0,60830.0,60832.90000152588,0,2.9000015258789062,2.9000015258789062,60870.0,False,1,0,False,fast,0,0,False,False,16,False,True,,,,,,,,,,,
6084,60840.0,60840.0,60842.79999923706,0,2.799999237060547,2.799999237060547,60880.0,False,1,0,False,fast,0,1,True,False,15,False,True,,,,,,,,,,,
6085,60850.0,60850.0,60852.90000152588,0,2.9000015258789062,2.9000015258789062,60890.0,False,1,0,False,fast,0,1,True,False,14,False,True,,,,,,,,,,,
6087,60870.0,60870.0,60874.20000457764,0,4.200004577636719,4.200004577636719,60910.0,False,1,0,False,fast,0,1,True,False,12,False,True,,,,,,,,,,,
6090,60900.0,60900.0,60903.19999694824,0,3.1999969482421875,3.1999969482421875,60940.0,False,1,0,False,fast,0,0,False,False,9,False,True,,,,,,,,,,,
6091,60910.0,60910.0,60913.0,0,3.0,3.0,60950.0,False,1,0,False,fast,0,0,False,False,8,False,True,,,,,,,,,,,
6093,60930.0,60930.0,60933.09999847412,0,3.0999984741210938,3.0999984741210938,60970.0,False,1,0,False,fast,0,0,False,False,6,False,True,,,,,,,,,,,
6095,60950.0,60950.0,60952.90000152588,0,2.9000015258789062,2.9000015258789062,60990.0,False,1,0,False,fast,0,1,True,False,4,False,True,,,,,,,,,,,
6097,60970.0,60970.0,60973.0,0,3.0,3.0,61010.0,False,1,0,False,fast,0,1,True,False,2,True,True,,,,,,,,,,,
6098,60980.0,60980.0,60982.79999923706,0,2.799999237060547,2.799999237060547,61020.0,False,1,0,False,fast,0,0,False,False,1,True,True,,,,,,,,,,,
6099,60990.0,60990.0,60992.89999771118,0,2.8999977111816406,2.8999977111816406,61030.0,False,1,0,False,fast,0,0,False,True,0,True,True,,,,,,,,,,,
6107,61070.0,61070.0,61073.09999847412,0,3.0999984741210938,3.0999984741210938,61110.0,False,1,0,False,fast,0,0,False,False,92,False,True,,,,,,,,,,,
6108,61080.0,61080.0,61082.89999771118,0,2.8999977111816406,2.8999977111816406,61120.0,False,1,0,False,fast,0,1,True,False,91,False,True,,,,,,,,,,,
6111,61110.0,61110.0,61113.20000457764,0,3.2000045776367188,3.2000045776367188,61150.0,False,1,0,False,fast,0,1,True,False,88,False,True,,,,,,,,,,,
6114,61140.0,61140.0,61143.20000076294,0,3.200000762939453,3.200000762939453,61180.0,False,1,0,False,fast,0,1,True,False,85,False,True,,,,,,,,,,,
6115,61150.0,61150.0,61153.0,0,3.0,3.0,61190.0,False,1,0,False,fast,0,1,True,False,84,False,True,,,,,,,,,,,
6120,61200.0,61200.0,61203.10000228882,0,3.1000022888183594,3.1000022888183594,61240.0,False,1,0,False,fast,0,0,False,False,79,False,True,,,,,,,,,,,
6121,61210.0,61210.0,61213.09999847412,0,3.0999984741210938,3.0999984741210938,61250.0,False,1,0,False,fast,0,1,True,False,78,False,True,,,,,,,,,,,
6123,61230.0,61230.0,61233.0,0,3.0,3.0,61270.0,False,1,0,False,fast,0,0,False,False,76,False,True,,,,,,,,,,,
6130,61300.0,61300.0,61304.59999847412,0,4.599998474121094,4.599998474121094,61340.0,False,1,0,False,fast,0,0,False,False,69,False,True,,,,,,,,,,,
6132,61320.0,61320.0,61322.90000152588,0,2.9000015258789062,2.9000015258789062,61360.0,False,1,0,False,fast,0,0,False,False,67,False,True,,,,,,,,,,,
6134,61340.0,61340.0,61343.0,0,3.0,3.0,61380.0,False,1,0,False,fast,0,0,False,False,65,False,True,,,,,,,,,,,
6141,61410.0,61410.0,61413.10000228882,0,3.1000022888183594,3.1000022888183594,61450.0,False,1,0,False,fast,0,0,False,False,58,False,True,,,,,,,,,,,
6142,61420.0,61420.0,61423.20000076294,0,3.200000762939453,3.200000762939453,61460.0,False,1,0,False,fast,0,0,False,False,57,False,True,,,,,,,,,,,
6143,61430.0,61430.0,61433.0,0,3.0,3.0,61470.0,False,1,0,False,fast,0,0,False,False,56,False,True,,,,,,,,,,,
6144,61440.0,61440.0,61443.20000076294,0,3.200000762939453,3.200000762939453,61480.0,False,1,0,False,fast,0,0,False,False,55,False,True,,,,,,,,,,,
6149,61490.0,61490.0,61494.29999923706,0,4.299999237060547,4.299999237060547,61530.0,False,1,0,False,fast,0,0,False,False,50,False,True,,,,,,,,,,,
6154,61540.0,61540.0,61543.0,0,3.0,3.0,61580.0,False,1,0,False,fast,0,1,True,False,45,False,True,,,,,,,,,,,
6155,61550.0,61550.0,61553.20000076294,0,3.200000762939453,3.200000762939453,61590.0,False,1,0,False,fast,0,0,False,False,44,False,True,,,,,,,,,,,
6158,61580.0,61580.0,61582.80000305176,0,2.8000030517578125,2.8000030517578125,61620.0,False,1,0,False,fast,0,0,False,False,41,False,True,,,,,,,,,,,
6159,61590.0,61590.0,61594.09999847412,0,4.099998474121094,4.099998474121094,61630.0,False,1,0,False,fast,0,0,False,False,40,False,True,,,,,,,,,,,
6162,61620.0,61620.0,61622.79999923706,0,2.799999237060547,2.799999237060547,61660.0,False,1,0,False,fast,0,0,False,False,37,False,True,,,,,,,,,,,
6163,61630.0,61630.0,61632.89999771118,0,2.8999977111816406,2.8999977111816406,61670.0,False,1,0,False,fast,0,0,False,False,36,False,True,,,,,,,,,,,
6164,61640.0,61640.0,61642.89999771118,0,2.8999977111816406,2.8999977111816406,61680.0,False,1,0,False,fast,0,0,False,False,35,False,True,,,,,,,,,,,
6167,61670.0,61670.0,61673.10000228882,0,3.1000022888183594,3.1000022888183594,61710.0,False,1,0,False,fast,0,1,True,False,32,False,True,,,,,,,,,,,
6168,61680.0,61680.0,61684.20000457764,0,4.200004577636719,4.200004577636719,61720.0,False,1,0,False,fast,0,0,False,False,31,False,True,,,,,,,,,,,
6173,61730.0,61730.0,61734.09999847412,0,4.099998474121094,4.099998474121094,61770.0,False,1,0,False,fast,0,1,True,False,26,False,True,,,,,,,,,,,
6175,61750.0,61750.0,61753.09999847412,0,3.0999984741210938,3.0999984741210938,61790.0,False,1,0,False,fast,0,0,False,False,24,False,True,,,,,,,,,,,
6178,61780.0,61780.0,61783.30000305176,0,3.3000030517578125,3.3000030517578125,61820.0,False,1,0,False,fast,0,0,False,False,21,False,True,,,,,,,,,,,
6180,61800.0,61800.0,61802.90000152588,0,2.9000015258789062,2.9000015258789062,61840.0,False,1,0,False,fast,0,1,True,False,19,False,True,,,,,,,,,,,
6181,61810.0,61810.0,61813.0,0,3.0,3.0,61850.0,False,1,0,False,fast,0,0,False,False,18,False,True,,,,,,,,,,,
6182,61820.0,61820.0,61822.89999771118,0,2.8999977111816406,2.8999977111816406,61860.0,False,1,0,False,fast,0,0,False,False,17,False,True,,,,,,,,,,,
6184,61840.0,61840.0,61842.90000152588,0,2.9000015258789062,2.9000015258789062,61880.0,False,1,0,False,fast,0,1,True,False,15,False,True,,,,,,,,,,,
6186,61860.0,61860.0,61863.0,0,3.0,3.0,61900.0,False,1,0,False,fast,0,0,False,False,13,False,True,,,,,,,,,,,
6189,61890.0,61890.0,61892.79999923706,0,2.799999237060547,2.799999237060547,61930.0,False,1,0,False,fast,0,0,False,False,10,False,True,,,,,,,,,,,
6201,62010.0,62010.0,62013.40000152588,0,3.4000015258789062,3.4000015258789062,62050.0,False,1,0,False,fast,0,0,False,False,98,False,True,,,,,,,,,,,
6203,62030.0,62030.0,62032.80000305176,0,2.8000030517578125,2.8000030517578125,62070.0,False,1,0,False,fast,0,1,True,False,96,False,True,,,,,,,,,,,
6208,62080.0,62080.0,62083.29999923706,0,3.299999237060547,3.299999237060547,62120.0,False,1,0,False,fast,0,1,True,False,91,False,True,,,,,,,,,,,
6210,62100.0,62100.0,62103.30000305176,0,3.3000030517578125,3.3000030517578125,62140.0,False,1,0,False,fast,0,1,True,False,89,False,True,,,,,,,,,,,
6212,62120.0,62120.0,62123.0000038147,0,3.0000038146972656,3.0000038146972656,62160.0,False,1,0,False,fast,0,0,False,False,87,False,True,,,,,,,,,,,
6213,62130.0,62130.0,62132.9999961853,0,2.9999961853027344,2.9999961853027344,62170.0,False,1,0,False,fast,0,0,False,False,86,False,True,,,,,,,,,,,
6214,62140.0,62140.0,62142.90000152588,0,2.9000015258789062,2.9000015258789062,62180.0,False,1,0,False,fast,0,0,False,False,85,False,True,,,,,,,,,,,
6215,62150.0,62150.0,62154.0000038147,0,4.000003814697266,4.000003814697266,62190.0,False,1,0,False,fast,0,0,False,False,84,False,True,,,,,,,,,,,
6216,62160.0,62160.0,62163.0,0,3.0,3.0,62200.0,False,1,0,False,fast,0,0,False,False,83,False,True,,,,,,,,,,,
6217,62170.0,62170.0,62173.0,0,3.0,3.0,62210.0,False,1,0,False,fast,0,1,True,False,82,False,True,,,,,,,,,,,
6218,62180.0,62180.0,62183.09999847412,0,3.0999984741210938,3.0999984741210938,62220.0,False,1,0,False,fast,0,0,False,False,81,False,True,,,,,,,,,,,
6219,62190.0,62190.0,62192.89999771118,0,2.8999977111816406,2.8999977111816406,62230.0,False,1,0,False,fast,0,1,True,False,80,False,True,,,,,,,,,,,
6221,62210.0,62210.0,62212.90000152588,0,2.9000015258789062,2.9000015258789062,62250.0,False,1,0,False,fast,0,0,False,False,78,False,True,,,,,,,,,,,
6222,62220.0,62220.0,62222.89999771118,0,2.8999977111816406,2.8999977111816406,62260.0,False,1,0,False,fast,0,0,False,False,77,False,True,,,,,,,,,,,
6228,62280.0,62280.0,62282.90000152588,0,2.9000015258789062,2.9000015258789062,62320.0,False,1,0,False,fast,0,1,True,False,71,False,True,,,,,,,,,,,
6233,62330.0,62330.0,62335.0,0,5.0,5.0,62370.0,False,1,0,False,fast,0,1,True,False,66,False,True,,,,,,,,,,,
6238,62380.0,62380.0,62382.79999923706,0,2.799999237060547,2.799999237060547,62420.0,False,1,0,False,fast,0,0,False,False,61,False,True,,,,,,,,,,,
6240,62400.0,62400.0,62402.90000152588,0,2.9000015258789062,2.9000015258789062,62440.0,False,1,0,False,fast,0,0,False,False,59,False,True,,,,,,,,,,,
6241,62410.0,62410.0,62413.10000228882,0,3.1000022888183594,3.1000022888183594,62450.0,False,1,0,False,fast,0,0,False,False,58,False,True,,,,,,,,,,,
6242,62420.0,62420.0,62424.20000076294,0,4.200000762939453,4.200000762939453,62460.0,False,1,0,False,fast,0,1,True,False,57,False,True,,,,,,,,,,,
6243,62430.0,62430.0,62432.79999923706,0,2.799999237060547,2.799999237060547,62470.0,False,1,0,False,fast,0,0,False,False,56,False,True,,,,,,,,,,,
6246,62460.0,62460.0,62463.09999847412,0,3.0999984741210938,3.0999984741210938,62500.0,False,1,0,False,fast,0,1,True,False,53,False,True,,,,,,,,,,,
6250,62500.0,62500.0,62504.0,0,4.0,4.0,62540.0,False,1,0,False,fast,0,0,False,False,49,False,True,,,,,,,,,,,
6251,62510.0,62510.0,62512.89999771118,0,2.8999977111816406,2.8999977111816406,62550.0,False,1,0,False,fast,0,0,False,False,48,False,True,,,,,,,,,,,
6261,62610.0,62610.0,62613.0,0,3.0,3.0,62650.0,False,1,0,False,fast,0,1,True,False,38,False,True,,,,,,,,,,,
6265,62650.0,62650.0,62653.09999847412,0,3.0999984741210938,3.0999984741210938,62690.0,False,1,0,False,fast,0,0,False,False,34,False,True,,,,,,,,,,,
6266,62660.0,62660.0,62663.09999847412,0,3.0999984741210938,3.0999984741210938,62700.0,False,1,0,False,fast,0,1,True,False,33,False,True,,,,,,,,,,,
6271,62710.0,62710.0,62713.29999923706,0,3.299999237060547,3.299999237060547,62750.0,False,1,0,False,fast,0,1,True,False,28,False,True,,,,,,,,,,,
6272,62720.0,62720.0,62723.09999847412,0,3.0999984741210938,3.0999984741210938,62760.0,False,1,0,False,fast,0,0,False,False,27,False,True,,,,,,,,,,,
6273,62730.0,62730.0,62734.09999847412,0,4.099998474121094,4.099998474121094,62770.0,False,1,0,False,fast,0,1,True,False,26,False,True,,,,,,,,,,,
6274,62740.0,62740.0,62743.10000228882,0,3.1000022888183594,3.1000022888183594,62780.0,False,1,0,False,fast,0,0,False,False,25,False,True,,,,,,,,,,,
6276,62760.0,62760.0,62763.099994659424,0,3.099994659423828,3.099994659423828,62800.0,False,1,0,False,fast,0,0,False,False,23,False,True,,,,,,,,,,,
6278,62780.0,62780.0,62783.90000152588,0,3.9000015258789062,3.9000015258789062,62820.0,False,1,0,False,fast,0,0,False,False,21,False,True,,,,,,,,,,,
6280,62800.0,62800.0,62803.9999961853,0,3.9999961853027344,3.9999961853027344,62840.0,False,1,0,False,fast,0,0,False,False,19,False,True,,,,,,,,,,,
6281,62810.0,62810.0,62812.90000152588,0,2.9000015258789062,2.9000015258789062,62850.0,False,1,0,False,fast,0,1,True,False,18,False,True,,,,,,,,,,,
6282,62820.0,62820.0,62823.0,0,3.0,3.0,62860.0,False,1,0,False,fast,0,1,True,False,17,False,True,,,,,,,,,,,
6285,62850.0,62850.0,62853.0000038147,0,3.0000038146972656,3.0000038146972656,62890.0,False,1,0,False,fast,0,0,False,False,14,False,True,,,,,,,,,,,
6286,62860.0,62860.0,62862.79999923706,0,2.799999237060547,2.799999237060547,62900.0,False,1,0,False,fast,0,1,True,False,13,False,True,,,,,,,,,,,
6290,62900.0,62900.0,62902.80000305176,0,2.8000030517578125,2.8000030517578125,62940.0,False,1,0,False,fast,0,0,False,False,9,False,True,,,,,,,,,,,
6291,62910.0,62910.0,62912.79999923706,0,2.799999237060547,2.799999237060547,62950.0,False,1,0,False,fast,0,1,True,False,8,False,True,,,,,,,,,,,
6292,62920.0,62920.0,62922.80000305176,0,2.8000030517578125,2.8000030517578125,62960.0,False,1,0,False,fast,0,0,False,False,7,False,True,,,,,,,,,,,
6293,62930.0,62930.0,62932.90000152588,0,2.9000015258789062,2.9000015258789062,62970.0,False,1,0,False,fast,0,0,False,False,6,False,True,,,,,,,,,,,
6294,62940.0,62940.0,62942.80000305176,0,2.8000030517578125,2.8000030517578125,62980.0,False,1,0,False,fast,0,0,False,False,5,False,True,,,,,,,,,,,
6295,62950.0,62950.0,62953.09999847412,0,3.0999984741210938,3.0999984741210938,62990.0,False,1,0,False,fast,0,0,False,False,4,False,True,,,,,,,,,,,
6297,62970.0,62970.0,62973.0,0,3.0,3.0,63010.0,False,1,0,False,fast,0,0,False,False,2,True,True,,,,,,,,,,,
6298,62980.0,62980.0,62982.79999923706,0,2.799999237060547,2.799999237060547,63020.0,False,1,0,False,fast,0,0,False,False,1,True,True,,,,,,,,,,,
6302,63020.0,63020.0,63022.9999961853,0,2.9999961853027344,2.9999961853027344,63060.0,False,1,0,False,fast,0,0,False,False,97,False,True,,,,,,,,,,,
6303,63030.0,63030.0,63032.79999923706,0,2.799999237060547,2.799999237060547,63070.0,False,1,0,False,fast,0,1,True,False,96,False,True,,,,,,,,,,,
6304,63040.0,63040.0,63042.79999923706,0,2.799999237060547,2.799999237060547,63080.0,False,1,0,False,fast,0,1,True,False,95,False,True,,,,,,,,,,,
6305,63050.0,63050.0,63053.39999771118,0,3.3999977111816406,3.3999977111816406,63090.0,False,1,0,False,fast,0,0,False,False,94,False,True,,,,,,,,,,,
6309,63090.0,63090.0,63093.20000076294,0,3.200000762939453,3.200000762939453,63130.0,False,1,0,False,fast,0,0,False,False,90,False,True,,,,,,,,,,,
6310,63100.0,63100.0,63103.0,0,3.0,3.0,63140.0,False,1,0,False,fast,0,0,False,False,89,False,True,,,,,,,,,,,
6311,63110.0,63110.0,63114.30000305176,0,4.3000030517578125,4.3000030517578125,63150.0,False,1,0,False,fast,0,0,False,False,88,False,True,,,,,,,,,,,
6314,63140.0,63140.0,63142.79999923706,0,2.799999237060547,2.799999237060547,63180.0,False,1,0,False,fast,0,1,True,False,85,False,True,,,,,,,,,,,
6315,63150.0,63150.0,63154.20000076294,0,4.200000762939453,4.200000762939453,63190.0,False,1,0,False,fast,0,1,True,False,84,False,True,,,,,,,,,,,
6318,63180.0,63180.0,63183.0,0,3.0,3.0,63220.0,False,1,0,False,fast,0,0,False,False,81,False,True,,,,,,,,,,,
6320,63200.0,63200.0,63202.89999771118,0,2.8999977111816406,2.8999977111816406,63240.0,False,1,0,False,fast,0,0,False,False,79,False,True,,,,,,,,,,,
6321,63210.0,63210.0,63212.79999923706,0,2.799999237060547,2.799999237060547,63250.0,False,1,0,False,fast,0,1,True,False,78,False,True,,,,,,,,,,,
6325,63250.0,63250.0,63253.0000038147,0,3.0000038146972656,3.0000038146972656,63290.0,False,1,0,False,fast,0,0,False,False,74,False,True,,,,,,,,,,,
6327,63270.0,63270.0,63273.20000076294,0,3.200000762939453,3.200000762939453,63310.0,False,1,0,False,fast,0,1,True,False,72,False,True,,,,,,,,,,,
6328,63280.0,63280.0,63283.10000228882,0,3.1000022888183594,3.1000022888183594,63320.0,False,1,0,False,fast,0,0,False,False,71,False,True,,,,,,,,,,,
6329,63290.0,63290.0,63293.20000076294,0,3.200000762939453,3.200000762939453,63330.0,False,1,0,False,fast,0,0,False,False,70,False,True,,,,,,,,,,,
6331,63310.0,63310.0,63312.89999771118,0,2.8999977111816406,2.8999977111816406,63350.0,False,1,0,False,fast,0,0,False,False,68,False,True,,,,,,,,,,,
6332,63320.0,63320.0,63322.79999923706,0,2.799999237060547,2.799999237060547,63360.0,False,1,0,False,fast,0,0,False,False,67,False,True,,,,,,,,,,,
6333,63330.0,63330.0,63333.0000038147,0,3.0000038146972656,3.0000038146972656,63370.0,False,1,0,False,fast,0,0,False,False,66,False,True,,,,,,,,,,,
6336,63360.0,63360.0,63362.79999923706,0,2.799999237060547,2.799999237060547,63400.0,False,1,0,False,fast,0,1,True,False,63,False,True,,,,,,,,,,,
6338,63380.0,63380.0,63382.80000305176,0,2.8000030517578125,2.8000030517578125,63420.0,False,1,0,False,fast,0,1,True,False,61,False,True,,,,,,,,,,,
6341,63410.0,63410.0,63412.80000305176,0,2.8000030517578125,2.8000030517578125,63450.0,False,1,0,False,fast,0,0,False,False,58,False,True,,,,,,,,,,,
6344,63440.0,63440.0,63442.90000152588,0,2.9000015258789062,2.9000015258789062,63480.0,False,1,0,False,fast,0,0,False,False,55,False,True,,,,,,,,,,,
6351,63510.0,63510.0,63512.90000152588,0,2.9000015258789062,2.9000015258789062,63550.0,False,1,0,False,fast,0,1,True,False,48,False,True,,,,,,,,,,,
6353,63530.0,63530.0,63532.90000152588,0,2.9000015258789062,2.9000015258789062,63570.0,False,1,0,False,fast,0,0,False,False,46,False,True,,,,,,,,,,,
6354,63540.0,63540.0,63542.90000152588,0,2.9000015258789062,2.9000015258789062,63580.0,False,1,0,False,fast,0,0,False,False,45,False,True,,,,,,,,,,,
6357,63570.0,63570.0,63572.80000305176,0,2.8000030517578125,2.8000030517578125,63610.0,False,1,0,False,fast,0,0,False,False,42,False,True,,,,,,,,,,,
6359,63590.0,63590.0,63592.90000152588,0,2.9000015258789062,2.9000015258789062,63630.0,False,1,0,False,fast,0,0,False,False,40,False,True,,,,,,,,,,,
6365,63650.0,63650.0,63652.90000152588,0,2.9000015258789062,2.9000015258789062,63690.0,False,1,0,False,fast,0,0,False,False,34,False,True,,,,,,,,,,,
6369,63690.0,63690.0,63692.79999923706,0,2.799999237060547,2.799999237060547,63730.0,False,1,0,False,fast,0,0,False,False,30,False,True,,,,,,,,,,,
6370,63700.0,63700.0,63702.90000152588,0,2.9000015258789062,2.9000015258789062,63740.0,False,1,0,False,fast,0,0,False,False,29,False,True,,,,,,,,,,,
6372,63720.0,63720.0,63722.89999771118,0,2.8999977111816406,2.8999977111816406,63760.0,False,1,0,False,fast,0,0,False,False,27,False,True,,,,,,,,,,,
6375,63750.0,63750.0,63752.79999923706,0,2.799999237060547,2.799999237060547,63790.0,False,1,0,False,fast,0,0,False,False,24,False,True,,,,,,,,,,,
6379,63790.0,63790.0,63792.90000152588,0,2.9000015258789062,2.9000015258789062,63830.0,False,1,0,False,fast,0,0,False,False,20,False,True,,,,,,,,,,,
6381,63810.0,63810.0,63812.79999923706,0,2.799999237060547,2.799999237060547,63850.0,False,1,0,False,fast,0,1,True,False,18,False,True,,,,,,,,,,,
6388,63880.0,63880.0,63883.80000305176,0,3.8000030517578125,3.8000030517578125,63920.0,False,1,0,False,fast,0,0,False,False,11,False,True,,,,,,,,,,,
6391,63910.0,63910.0,63913.89999771118,0,3.8999977111816406,3.8999977111816406,63950.0,False,1,0,False,fast,0,0,False,False,8,False,True,,,,,,,,,,,
6395,63950.0,63950.0,63952.90000152588,0,2.9000015258789062,2.9000015258789062,63990.0,False,1,0,False,fast,0,0,False,False,4,False,True,,,,,,,,,,,
6396,63960.0,63960.0,63964.0,0,4.0,4.0,64000.0,False,1,0,False,fast,0,0,False,False,3,False,True,,,,,,,,,,,
6397,63970.0,63970.0,63972.79999923706,0,2.799999237060547,2.799999237060547,64010.0,False,1,0,False,fast,0,0,False,False,2,True,True,,,,,,,,,,,
6399,63990.0,63990.0,63993.89999771118,0,3.8999977111816406,3.8999977111816406,64030.0,False,1,0,False,fast,0,0,False,True,0,True,True,,,,,,,,,,,
6410,64100.0,64100.0,64102.70000457764,0,2.7000045776367188,2.7000045776367188,64140.0,False,1,0,False,fast,0,0,False,False,89,False,True,,,,,,,,,,,
6412,64120.0,64120.0,64122.899993896484,0,2.899993896484375,2.899993896484375,64160.0,False,1,0,False,fast,0,0,False,False,87,False,True,,,,,,,,,,,
6415,64150.0,64150.0,64152.89999771118,0,2.8999977111816406,2.8999977111816406,64190.0,False,1,0,False,fast,0,1,True,False,84,False,True,,,,,,,,,,,
6419,64190.0,64190.0,64192.90000152588,0,2.9000015258789062,2.9000015258789062,64230.0,False,1,0,False,fast,0,1,True,False,80,False,True,,,,,,,,,,,
6421,64210.0,64210.0,64212.89999771118,0,2.8999977111816406,2.8999977111816406,64250.0,False,1,0,False,fast,0,0,False,False,78,False,True,,,,,,,,,,,
6422,64220.0,64220.0,64222.79999923706,0,2.799999237060547,2.799999237060547,64260.0,False,1,0,False,fast,0,0,False,False,77,False,True,,,,,,,,,,,
6423,64230.0,64230.0,64234.89999771118,0,4.899997711181641,4.899997711181641,64270.0,False,1,0,False,fast,0,0,False,False,76,False,True,,,,,,,,,,,
6426,64260.0,64260.0,64262.90000152588,0,2.9000015258789062,2.9000015258789062,64300.0,False,1,0,False,fast,0,0,False,False,73,False,True,,,,,,,,,,,
6427,64270.0,64270.0,64273.79999923706,0,3.799999237060547,3.799999237060547,64310.0,False,1,0,False,fast,0,0,False,False,72,False,True,,,,,,,,,,,
6430,64300.0,64300.0,64302.79999923706,0,2.799999237060547,2.799999237060547,64340.0,False,1,0,False,fast,0,1,True,False,69,False,True,,,,,,,,,,,
6431,64310.0,64310.0,64312.70000076294,0,2.700000762939453,2.700000762939453,64350.0,False,1,0,False,fast,0,0,False,False,68,False,True,,,,,,,,,,,
6432,64320.0,64320.0,64322.79999923706,0,2.799999237060547,2.799999237060547,64360.0,False,1,0,False,fast,0,0,False,False,67,False,True,,,,,,,,,,,
6433,64330.0,64330.0,64332.79999923706,0,2.799999237060547,2.799999237060547,64370.0,False,1,0,False,fast,0,0,False,False,66,False,True,,,,,,,,,,,
6435,64350.0,64350.0,64353.10000228882,0,3.1000022888183594,3.1000022888183594,64390.0,False,1,0,False,fast,0,1,True,False,64,False,True,,,,,,,,,,,
6438,64380.0,64380.0,64382.79999923706,0,2.799999237060547,2.799999237060547,64420.0,False,1,0,False,fast,0,0,False,False,61,False,True,,,,,,,,,,,
6441,64410.0,64410.0,64412.79999923706,0,2.799999237060547,2.799999237060547,64450.0,False,1,0,False,fast,0,0,False,False,58,False,True,,,,,,,,,,,
6443,64430.0,64430.0,64432.79999923706,0,2.799999237060547,2.799999237060547,64470.0,False,1,0,False,fast,0,0,False,False,56,False,True,,,,,,,,,,,
6444,64440.0,64440.0,64442.79999923706,0,2.799999237060547,2.799999237060547,64480.0,False,1,0,False,fast,0,0,False,False,55,False,True,,,,,,,,,,,
6447,64470.0,64470.0,64472.79999923706,0,2.799999237060547,2.799999237060547,64510.0,False,1,0,False,fast,0,1,True,False,52,False,True,,,,,,,,,,,
6448,64480.0,64480.0,64482.90000152588,0,2.9000015258789062,2.9000015258789062,64520.0,False,1,0,False,fast,0,1,True,False,51,False,True,,,,,,,,,,,
6451,64510.0,64510.0,64512.79999923706,0,2.799999237060547,2.799999237060547,64550.0,False,1,0,False,fast,0,0,False,False,48,False,True,,,,,,,,,,,
6452,64520.0,64520.0,64522.79999923706,0,2.799999237060547,2.799999237060547,64560.0,False,1,0,False,fast,0,0,False,False,47,False,True,,,,,,,,,,,
6453,64530.0,64530.0,64532.79999923706,0,2.799999237060547,2.799999237060547,64570.0,False,1,0,False,fast,0,0,False,False,46,False,True,,,,,,,,,,,
6455,64550.0,64550.0,64552.79999923706,0,2.799999237060547,2.799999237060547,64590.0,False,1,0,False,fast,0,1,True,False,44,False,True,,,,,,,,,,,
6458,64580.0,64580.0,64582.90000152588,0,2.9000015258789062,2.9000015258789062,64620.0,False,1,0,False,fast,0,1,True,False,41,False,True,,,,,,,,,,,
6459,64590.0,64590.0,64592.90000152588,0,2.9000015258789062,2.9000015258789062,64630.0,False,1,0,False,fast,0,1,True,False,40,False,True,,,,,,,,,,,
6461,64610.0,64610.0,64612.79999923706,0,2.799999237060547,2.799999237060547,64650.0,False,1,0,False,fast,0,0,False,False,38,False,True,,,,,,,,,,,
6462,64620.0,64620.0,64622.90000152588,0,2.9000015258789062,2.9000015258789062,64660.0,False,1,0,False,fast,0,0,False,False,37,False,True,,,,,,,,,,,
6468,64680.0,64680.0,64683.0,0,3.0,3.0,64720.0,False,1,0,False,fast,0,1,True,False,31,False,True,,,,,,,,,,,
6469,64690.0,64690.0,64692.90000152588,0,2.9000015258789062,2.9000015258789062,64730.0,False,1,0,False,fast,0,0,False,False,30,False,True,,,,,,,,,,,
6470,64700.0,64700.0,64704.20000076294,0,4.200000762939453,4.200000762939453,64740.0,False,1,0,False,fast,0,1,True,False,29,False,True,,,,,,,,,,,
6471,64710.0,64710.0,64713.19999694824,0,3.1999969482421875,3.1999969482421875,64750.0,False,1,0,False,fast,0,0,False,False,28,False,True,,,,,,,,,,,
6478,64780.0,64780.0,64782.80000305176,0,2.8000030517578125,2.8000030517578125,64820.0,False,1,0,False,fast,0,0,False,False,21,False,True,,,,,,,,,,,
6479,64790.0,64790.0,64792.90000152588,0,2.9000015258789062,2.9000015258789062,64830.0,False,1,0,False,fast,0,0,False,False,20,False,True,,,,,,,,,,,
6481,64810.0,64810.0,64814.5000038147,0,4.500003814697266,4.500003814697266,64850.0,False,1,0,False,fast,0,0,False,False,18,False,True,,,,,,,,,,,
6482,64820.0,64820.0,64824.40000152588,0,4.400001525878906,4.400001525878906,64860.0,False,1,0,False,fast,0,1,True,False,17,False,True,,,,,,,,,,,
6483,64830.0,64830.0,64833.10000228882,0,3.1000022888183594,3.1000022888183594,64870.0,False,1,0,False,fast,0,1,True,False,16,False,True,,,,,,,,,,,
6484,64840.0,64840.0,64843.0,0,3.0,3.0,64880.0,False,1,0,False,fast,0,0,False,False,15,False,True,,,,,,,,,,,
6488,64880.0,64880.0,64882.89999771118,0,2.8999977111816406,2.8999977111816406,64920.0,False,1,0,False,fast,0,0,False,False,11,False,True,,,,,,,,,,,
6492,64920.0,64920.0,64922.79999923706,0,2.799999237060547,2.799999237060547,64960.0,False,1,0,False,fast,0,1,True,False,7,False,True,,,,,,,,,,,
6494,64940.0,64940.0,64942.79999923706,0,2.799999237060547,2.799999237060547,64980.0,False,1,0,False,fast,0,0,False,False,5,False,True,,,,,,,,,,,
6495,64950.0,64950.0,64952.79999923706,0,2.799999237060547,2.799999237060547,64990.0,False,1,0,False,fast,0,1,True,False,4,False,True,,,,,,,,,,,
6497,64970.0,64970.0,64973.29999923706,0,3.299999237060547,3.299999237060547,65010.0,False,1,0,False,fast,0,0,False,False,2,True,True,,,,,,,,,,,
6498,64980.0,64980.0,64982.79999923706,0,2.799999237060547,2.799999237060547,65020.0,False,1,0,False,fast,0,0,False,False,1,True,True,,,,,,,,,,,
6499,64990.0,64990.0,64992.80000305176,0,2.8000030517578125,2.8000030517578125,65030.0,False,1,0,False,fast,0,0,False,True,0,True,True,,,,,,,,,,,
6501,65010.0,65010.0,65012.79999923706,0,2.799999237060547,2.799999237060547,65050.0,False,1,0,False,fast,0,0,False,False,98,False,True,,,,,,,,,,,
6505,65050.0,65050.0,65052.70000457764,0,2.7000045776367188,2.7000045776367188,65090.0,False,1,0,False,fast,0,1,True,False,94,False,True,,,,,,,,,,,
6506,65060.0,65060.0,65062.90000152588,0,2.9000015258789062,2.9000015258789062,65100.0,False,1,0,False,fast,0,1,True,False,93,False,True,,,,,,,,,,,
6512,65120.0,65120.0,65122.79999923706,0,2.799999237060547,2.799999237060547,65160.0,False,1,0,False,fast,0,1,True,False,87,False,True,,,,,,,,,,,
6514,65140.0,65140.0,65142.90000152588,0,2.9000015258789062,2.9000015258789062,65180.0,False,1,0,False,fast,0,0,False,False,85,False,True,,,,,,,,,,,
6518,65180.0,65180.0,65182.79999923706,0,2.799999237060547,2.799999237060547,65220.0,False,1,0,False,fast,0,0,False,False,81,False,True,,,,,,,,,,,
6519,65190.0,65190.0,65192.79999923706,0,2.799999237060547,2.799999237060547,65230.0,False,1,0,False,fast,0,1,True,False,80,False,True,,,,,,,,,,,
6522,65220.0,65220.0,65223.90000152588,0,3.9000015258789062,3.9000015258789062,65260.0,False,1,0,False,fast,0,0,False,False,77,False,True,,,,,,,,,,,
6523,65230.0,65230.0,65232.90000152588,0,2.9000015258789062,2.9000015258789062,65270.0,False,1,0,False,fast,0,1,True,False,76,False,True,,,,,,,,,,,
6531,65310.0,65310.0,65312.80000305176,0,2.8000030517578125,2.8000030517578125,65350.0,False,1,0,False,fast,0,0,False,False,68,False,True,,,,,,,,,,,
6533,65330.0,65330.0,65332.90000152588,0,2.9000015258789062,2.9000015258789062,65370.0,False,1,0,False,fast,0,0,False,False,66,False,True,,,,,,,,,,,
6542,65420.0,65420.0,65422.79999923706,0,2.799999237060547,2.799999237060547,65460.0,False,1,0,False,fast,0,1,True,False,57,False,True,,,,,,,,,,,
6543,65430.0,65430.0,65432.80000305176,0,2.8000030517578125,2.8000030517578125,65470.0,False,1,0,False,fast,0,0,False,False,56,False,True,,,,,,,,,,,
6545,65450.0,65450.0,65452.80000305176,0,2.8000030517578125,2.8000030517578125,65490.0,False,1,0,False,fast,0,1,True,False,54,False,True,,,,,,,,,,,
6552,65520.0,65520.0,65522.89999771118,0,2.8999977111816406,2.8999977111816406,65560.0,False,1,0,False,fast,0,0,False,False,47,False,True,,,,,,,,,,,
6553,65530.0,65530.0,65533.90000152588,0,3.9000015258789062,3.9000015258789062,65570.0,False,1,0,False,fast,0,0,False,False,46,False,True,,,,,,,,,,,
6554,65540.0,65540.0,65542.79999923706,0,2.799999237060547,2.799999237060547,65580.0,False,1,0,False,fast,0,0,False,False,45,False,True,,,,,,,,,,,
6559,65590.0,65590.0,65593.89999771118,0,3.8999977111816406,3.8999977111816406,65630.0,False,1,0,False,fast,0,0,False,False,40,False,True,,,,,,,,,,,
6567,65670.0,65670.0,65672.90000152588,0,2.9000015258789062,2.9000015258789062,65710.0,False,1,0,False,fast,0,0,False,False,32,False,True,,,,,,,,,,,
6568,65680.0,65680.0,65682.90000152588,0,2.9000015258789062,2.9000015258789062,65720.0,False,1,0,False,fast,0,0,False,False,31,False,True,,,,,,,,,,,
6571,65710.0,65710.0,65712.90000152588,0,2.9000015258789062,2.9000015258789062,65750.0,False,1,0,False,fast,0,0,False,False,28,False,True,,,,,,,,,,,
6572,65720.0,65720.0,65722.79999923706,0,2.799999237060547,2.799999237060547,65760.0,False,1,0,False,fast,0,0,False,False,27,False,True,,,,,,,,,,,
6573,65730.0,65730.0,65732.89999771118,0,2.8999977111816406,2.8999977111816406,65770.0,False,1,0,False,fast,0,0,False,False,26,False,True,,,,,,,,,,,
6575,65750.0,65750.0,65752.90000152588,0,2.9000015258789062,2.9000015258789062,65790.0,False,1,0,False,fast,0,0,False,False,24,False,True,,,,,,,,,,,
6576,65760.0,65760.0,65762.90000152588,0,2.9000015258789062,2.9000015258789062,65800.0,False,1,0,False,fast,0,0,False,False,23,False,True,,,,,,,,,,,
6577,65770.0,65770.0,65772.90000152588,0,2.9000015258789062,2.9000015258789062,65810.0,False,1,0,False,fast,0,1,True,False,22,False,True,,,,,,,,,,,
6583,65830.0,65830.0,65833.0,0,3.0,3.0,65870.0,False,1,0,False,fast,0,0,False,False,16,False,True,,,,,,,,,,,
6584,65840.0,65840.0,65843.89999771118,0,3.8999977111816406,3.8999977111816406,65880.0,False,1,0,False,fast,0,1,True,False,15,False,True,,,,,,,,,,,
6587,65870.0,65870.0,65872.79999923706,0,2.799999237060547,2.799999237060547,65910.0,False,1,0,False,fast,0,0,False,False,12,False,True,,,,,,,,,,,
6589,65890.0,65890.0,65892.79999923706,0,2.799999237060547,2.799999237060547,65930.0,False,1,0,False,fast,0,0,False,False,10,False,True,,,,,,,,,,,
6591,65910.0,65910.0,65912.89999771118,0,2.8999977111816406,2.8999977111816406,65950.0,False,1,0,False,fast,0,0,False,False,8,False,True,,,,,,,,,,,
6592,65920.0,65920.0,65922.79999923706,0,2.799999237060547,2.799999237060547,65960.0,False,1,0,False,fast,0,0,False,False,7,False,True,,,,,,,,,,,
6595,65950.0,65950.0,65953.09999847412,0,3.0999984741210938,3.0999984741210938,65990.0,False,1,0,False,fast,0,0,False,False,4,False,True,,,,,,,,,,,
6596,65960.0,65960.0,65963.80000305176,0,3.8000030517578125,3.8000030517578125,66000.0,False,1,0,False,fast,0,0,False,False,3,False,True,,,,,,,,,,,
6597,65970.0,65970.0,65973.89999771118,0,3.8999977111816406,3.8999977111816406,66010.0,False,1,0,False,fast,0,1,True,False,2,True,True,,,,,,,,,,,
6599,65990.0,65990.0,65992.89999771118,0,2.8999977111816406,2.8999977111816406,66030.0,False,1,0,False,fast,0,0,False,True,0,True,True,,,,,,,,,,,
6603,66030.0,66030.0,66034.70000076294,0,4.700000762939453,4.700000762939453,66070.0,False,1,0,False,fast,0,0,False,False,96,False,True,,,,,,,,,,,
6605,66050.0,66050.0,66052.79999923706,0,2.799999237060547,2.799999237060547,66090.0,False,1,0,False,fast,0,0,False,False,94,False,True,,,,,,,,,,,
6608,66080.0,66080.0,66082.79999923706,0,2.799999237060547,2.799999237060547,66120.0,False,1,0,False,fast,0,1,True,False,91,False,True,,,,,,,,,,,
6609,66090.0,66090.0,66092.80000305176,0,2.8000030517578125,2.8000030517578125,66130.0,False,1,0,False,fast,0,0,False,False,90,False,True,,,,,,,,,,,
6613,66130.0,66130.0,66132.89999771118,0,2.8999977111816406,2.8999977111816406,66170.0,False,1,0,False,fast,0,0,False,False,86,False,True,,,,,,,,,,,
6616,66160.0,66160.0,66162.79999923706,0,2.799999237060547,2.799999237060547,66200.0,False,1,0,False,fast,0,1,True,False,83,False,True,,,,,,,,,,,
6620,66200.0,66200.0,66202.79999923706,0,2.799999237060547,2.799999237060547,66240.0,False,1,0,False,fast,0,0,False,False,79,False,True,,,,,,,,,,,
6621,66210.0,66210.0,66212.90000152588,0,2.9000015258789062,2.9000015258789062,66250.0,False,1,0,False,fast,0,0,False,False,78,False,True,,,,,,,,,,,
6624,66240.0,66240.0,66242.79999923706,0,2.799999237060547,2.799999237060547,66280.0,False,1,0,False,fast,0,0,False,False,75,False,True,,,,,,,,,,,
6628,66280.0,66280.0,66283.0,0,3.0,3.0,66320.0,False,1,0,False,fast,0,0,False,False,71,False,True,,,,,,,,,,,
6630,66300.0,66300.0,66302.90000152588,0,2.9000015258789062,2.9000015258789062,66340.0,False,1,0,False,fast,0,1,True,False,69,False,True,,,,,,,,,,,
6631,66310.0,66310.0,66313.0,0,3.0,3.0,66350.0,False,1,0,False,fast,0,1,True,False,68,False,True,,,,,,,,,,,
6632,66320.0,66320.0,66322.90000152588,0,2.9000015258789062,2.9000015258789062,66360.0,False,1,0,False,fast,0,0,False,False,67,False,True,,,,,,,,,,,
6633,66330.0,66330.0,66332.90000152588,0,2.9000015258789062,2.9000015258789062,66370.0,False,1,0,False,fast,0,0,False,False,66,False,True,,,,,,,,,,,
6635,66350.0,66350.0,66352.90000152588,0,2.9000015258789062,2.9000015258789062,66390.0,False,1,0,False,fast,0,1,True,False,64,False,True,,,,,,,,,,,
6636,66360.0,66360.0,66363.0,0,3.0,3.0,66400.0,False,1,0,False,fast,0,1,True,False,63,False,True,,,,,,,,,,,
6645,66450.0,66450.0,66452.79999923706,0,2.799999237060547,2.799999237060547,66490.0,False,1,0,False,fast,0,0,False,False,54,False,True,,,,,,,,,,,
6646,66460.0,66460.0,66462.90000152588,0,2.9000015258789062,2.9000015258789062,66500.0,False,1,0,False,fast,0,0,False,False,53,False,True,,,,,,,,,,,
6650,66500.0,66500.0,66502.80000305176,0,2.8000030517578125,2.8000030517578125,66540.0,False,1,0,False,fast,0,0,False,False,49,False,True,,,,,,,,,,,
6651,66510.0,66510.0,66512.90000152588,0,2.9000015258789062,2.9000015258789062,66550.0,False,1,0,False,fast,0,1,True,False,48,False,True,,,,,,,,,,,
6658,66580.0,66580.0,66582.79999923706,0,2.799999237060547,2.799999237060547,66620.0,False,1,0,False,fast,0,1,True,False,41,False,True,,,,,,,,,,,
6659,66590.0,66590.0,66592.79999923706,0,2.799999237060547,2.799999237060547,66630.0,False,1,0,False,fast,0,1,True,False,40,False,True,,,,,,,,,,,
6660,66600.0,66600.0,66602.90000152588,0,2.9000015258789062,2.9000015258789062,66640.0,False,1,0,False,fast,0,1,True,False,39,False,True,,,,,,,,,,,
6663,66630.0,66630.0,66633.0,0,3.0,3.0,66670.0,False,1,0,False,fast,0,0,False,False,36,False,True,,,,,,,,,,,
6664,66640.0,66640.0,66643.0000038147,0,3.0000038146972656,3.0000038146972656,66680.0,False,1,0,False,fast,0,0,False,False,35,False,True,,,,,,,,,,,
6666,66660.0,66660.0,66662.90000152588,0,2.9000015258789062,2.9000015258789062,66700.0,False,1,0,False,fast,0,0,False,False,33,False,True,,,,,,,,,,,
6670,66700.0,66700.0,66702.79999923706,0,2.799999237060547,2.799999237060547,66740.0,False,1,0,False,fast,0,1,True,False,29,False,True,,,,,,,,,,,
6673,66730.0,66730.0,66732.89999771118,0,2.8999977111816406,2.8999977111816406,66770.0,False,1,0,False,fast,0,1,True,False,26,False,True,,,,,,,,,,,
6674,66740.0,66740.0,66742.79999923706,0,2.799999237060547,2.799999237060547,66780.0,False,1,0,False,fast,0,0,False,False,25,False,True,,,,,,,,,,,
6678,66780.0,66780.0,66782.89999771118,0,2.8999977111816406,2.8999977111816406,66820.0,False,1,0,False,fast,0,0,False,False,21,False,True,,,,,,,,,,,
6679,66790.0,66790.0,66792.89999771118,0,2.8999977111816406,2.8999977111816406,66830.0,False,1,0,False,fast,0,1,True,False,20,False,True,,,,,,,,,,,
6685,66850.0,66850.0,66852.89999771118,0,2.8999977111816406,2.8999977111816406,66890.0,False,1,0,False,fast,0,1,True,False,14,False,True,,,,,,,,,,,
6687,66870.0,66870.0,66872.89999771118,0,2.8999977111816406,2.8999977111816406,66910.0,False,1,0,False,fast,0,1,True,False,12,False,True,,,,,,,,,,,
6691,66910.0,66910.0,66912.79999923706,0,2.799999237060547,2.799999237060547,66950.0,False,1,0,False,fast,0,0,False,False,8,False,True,,,,,,,,,,,
6692,66920.0,66920.0,66922.79999923706,0,2.799999237060547,2.799999237060547,66960.0,False,1,0,False,fast,0,0,False,False,7,False,True,,,,,,,,,,,
6694,66940.0,66940.0,66942.79999923706,0,2.799999237060547,2.799999237060547,66980.0,False,1,0,False,fast,0,1,True,False,5,False,True,,,,,,,,,,,
6701,67010.0,67010.0,67012.90000152588,0,2.9000015258789062,2.9000015258789062,67050.0,False,1,0,False,fast,0,0,False,False,98,False,True,,,,,,,,,,,
6707,67070.0,67070.0,67072.79999923706,0,2.799999237060547,2.799999237060547,67110.0,False,1,0,False,fast,0,0,False,False,92,False,True,,,,,,,,,,,
6708,67080.0,67080.0,67082.79999923706,0,2.799999237060547,2.799999237060547,67120.0,False,1,0,False,fast,0,0,False,False,91,False,True,,,,,,,,,,,
6709,67090.0,67090.0,67092.80000305176,0,2.8000030517578125,2.8000030517578125,67130.0,False,1,0,False,fast,0,1,True,False,90,False,True,,,,,,,,,,,
6710,67100.0,67100.0,67102.79999923706,0,2.799999237060547,2.799999237060547,67140.0,False,1,0,False,fast,0,1,True,False,89,False,True,,,,,,,,,,,
6711,67110.0,67110.0,67112.90000152588,0,2.9000015258789062,2.9000015258789062,67150.0,False,1,0,False,fast,0,1,True,False,88,False,True,,,,,,,,,,,
6714,67140.0,67140.0,67142.80000305176,0,2.8000030517578125,2.8000030517578125,67180.0,False,1,0,False,fast,0,0,False,False,85,False,True,,,,,,,,,,,
6715,67150.0,67150.0,67152.90000152588,0,2.9000015258789062,2.9000015258789062,67190.0,False,1,0,False,fast,0,1,True,False,84,False,True,,,,,,,,,,,
6716,67160.0,67160.0,67162.79999923706,0,2.799999237060547,2.799999237060547,67200.0,False,1,0,False,fast,0,1,True,False,83,False,True,,,,,,,,,,,
6719,67190.0,67190.0,67192.90000152588,0,2.9000015258789062,2.9000015258789062,67230.0,False,1,0,False,fast,0,0,False,False,80,False,True,,,,,,,,,,,
6720,67200.0,67200.0,67202.89999771118,0,2.8999977111816406,2.8999977111816406,67240.0,False,1,0,False,fast,0,0,False,False,79,False,True,,,,,,,,,,,
6723,67230.0,67230.0,67232.90000152588,0,2.9000015258789062,2.9000015258789062,67270.0,False,1,0,False,fast,0,1,True,False,76,False,True,,,,,,,,,,,
6724,67240.0,67240.0,67242.89999771118,0,2.8999977111816406,2.8999977111816406,67280.0,False,1,0,False,fast,0,1,True,False,75,False,True,,,,,,,,,,,
6725,67250.0,67250.0,67253.90000152588,0,3.9000015258789062,3.9000015258789062,67290.0,False,1,0,False,fast,0,1,True,False,74,False,True,,,,,,,,,,,
6729,67290.0,67290.0,67292.80000305176,0,2.8000030517578125,2.8000030517578125,67330.0,False,1,0,False,fast,0,0,False,False,70,False,True,,,,,,,,,,,
6731,67310.0,67310.0,67312.89999771118,0,2.8999977111816406,2.8999977111816406,67350.0,False,1,0,False,fast,0,0,False,False,68,False,True,,,,,,,,,,,
6732,67320.0,67320.0,67322.89999771118,0,2.8999977111816406,2.8999977111816406,67360.0,False,1,0,False,fast,0,1,True,False,67,False,True,,,,,,,,,,,
6733,67330.0,67330.0,67332.89999771118,0,2.8999977111816406,2.8999977111816406,67370.0,False,1,0,False,fast,0,1,True,False,66,False,True,,,,,,,,,,,
6734,67340.0,67340.0,67344.10000228882,0,4.100002288818359,4.100002288818359,67380.0,False,1,0,False,fast,0,0,False,False,65,False,True,,,,,,,,,,,
6736,67360.0,67360.0,67363.20000076294,0,3.200000762939453,3.200000762939453,67400.0,False,1,0,False,fast,0,0,False,False,63,False,True,,,,,,,,,,,
6737,67370.0,67370.0,67372.80000305176,0,2.8000030517578125,2.8000030517578125,67410.0,False,1,0,False,fast,0,1,True,False,62,False,True,,,,,,,,,,,
6739,67390.0,67390.0,67394.0,0,4.0,4.0,67430.0,False,1,0,False,fast,0,0,False,False,60,False,True,,,,,,,,,,,
6741,67410.0,67410.0,67413.0,0,3.0,3.0,67450.0,False,1,0,False,fast,0,1,True,False,58,False,True,,,,,,,,,,,
6742,67420.0,67420.0,67422.89999771118,0,2.8999977111816406,2.8999977111816406,67460.0,False,1,0,False,fast,0,0,False,False,57,False,True,,,,,,,,,,,
6743,67430.0,67430.0,67432.89999771118,0,2.8999977111816406,2.8999977111816406,67470.0,False,1,0,False,fast,0,1,True,False,56,False,True,,,,,,,,,,,
6745,67450.0,67450.0,67452.90000152588,0,2.9000015258789062,2.9000015258789062,67490.0,False,1,0,False,fast,0,0,False,False,54,False,True,,,,,,,,,,,
6746,67460.0,67460.0,67464.10000228882,0,4.100002288818359,4.100002288818359,67500.0,False,1,0,False,fast,0,0,False,False,53,False,True,,,,,,,,,,,
6747,67470.0,67470.0,67472.90000152588,0,2.9000015258789062,2.9000015258789062,67510.0,False,1,0,False,fast,0,1,True,False,52,False,True,,,,,,,,,,,
6749,67490.0,67490.0,67492.79999923706,0,2.799999237060547,2.799999237060547,67530.0,False,1,0,False,fast,0,1,True,False,50,False,True,,,,,,,,,,,
6750,67500.0,67500.0,67503.10000228882,0,3.1000022888183594,3.1000022888183594,67540.0,False,1,0,False,fast,0,0,False,False,49,False,True,,,,,,,,,,,
6756,67560.0,67560.0,67562.89999771118,0,2.8999977111816406,2.8999977111816406,67600.0,False,1,0,False,fast,0,0,False,False,43,False,True,,,,,,,,,,,
6759,67590.0,67590.0,67593.20000076294,0,3.200000762939453,3.200000762939453,67630.0,False,1,0,False,fast,0,1,True,False,40,False,True,,,,,,,,,,,
6762,67620.0,67620.0,67623.9999961853,0,3.9999961853027344,3.9999961853027344,67660.0,False,1,0,False,fast,0,0,False,False,37,False,True,,,,,,,,,,,
6764,67640.0,67640.0,67644.10000228882,0,4.100002288818359,4.100002288818359,67680.0,False,1,0,False,fast,0,0,False,False,35,False,True,,,,,,,,,,,
6765,67650.0,67650.0,67652.90000152588,0,2.9000015258789062,2.9000015258789062,67690.0,False,1,0,False,fast,0,1,True,False,34,False,True,,,,,,,,,,,
6766,67660.0,67660.0,67664.5000038147,0,4.500003814697266,4.500003814697266,67700.0,False,1,0,False,fast,0,0,False,False,33,False,True,,,,,,,,,,,
6767,67670.0,67670.0,67674.90000152588,0,4.900001525878906,4.900001525878906,67710.0,False,1,0,False,fast,0,0,False,False,32,False,True,,,,,,,,,,,
6771,67710.0,67710.0,67713.90000152588,0,3.9000015258789062,3.9000015258789062,67750.0,False,1,0,False,fast,0,0,False,False,28,False,True,,,,,,,,,,,
6773,67730.0,67730.0,67732.79999923706,0,2.799999237060547,2.799999237060547,67770.0,False,1,0,False,fast,0,1,True,False,26,False,True,,,,,,,,,,,
6775,67750.0,67750.0,67754.0000038147,0,4.000003814697266,4.000003814697266,67790.0,False,1,0,False,fast,0,0,False,False,24,False,True,,,,,,,,,,,
6776,67760.0,67760.0,67763.0,0,3.0,3.0,67800.0,False,1,0,False,fast,0,1,True,False,23,False,True,,,,,,,,,,,
6778,67780.0,67780.0,67783.0,0,3.0,3.0,67820.0,False,1,0,False,fast,0,1,True,False,21,False,True,,,,,,,,,,,
6781,67810.0,67810.0,67812.90000152588,0,2.9000015258789062,2.9000015258789062,67850.0,False,1,0,False,fast,0,1,True,False,18,False,True,,,,,,,,,,,
6782,67820.0,67820.0,67822.89999771118,0,2.8999977111816406,2.8999977111816406,67860.0,False,1,0,False,fast,0,0,False,False,17,False,True,,,,,,,,,,,
6783,67830.0,67830.0,67833.0000038147,0,3.0000038146972656,3.0000038146972656,67870.0,False,1,0,False,fast,0,0,False,False,16,False,True,,,,,,,,,,,
6784,67840.0,67840.0,67843.0,0,3.0,3.0,67880.0,False,1,0,False,fast,0,0,False,False,15,False,True,,,,,,,,,,,
6785,67850.0,67850.0,67852.90000152588,0,2.9000015258789062,2.9000015258789062,67890.0,False,1,0,False,fast,0,0,False,False,14,False,True,,,,,,,,,,,
6786,67860.0,67860.0,67863.0,0,3.0,3.0,67900.0,False,1,0,False,fast,0,0,False,False,13,False,True,,,,,,,,,,,
6788,67880.0,67880.0,67882.80000305176,0,2.8000030517578125,2.8000030517578125,67920.0,False,1,0,False,fast,0,0,False,False,11,False,True,,,,,,,,,,,
6789,67890.0,67890.0,67893.0,0,3.0,3.0,67930.0,False,1,0,False,fast,0,1,True,False,10,False,True,,,,,,,,,,,
6790,67900.0,67900.0,67902.90000152588,0,2.9000015258789062,2.9000015258789062,67940.0,False,1,0,False,fast,0,0,False,False,9,False,True,,,,,,,,,,,
6795,67950.0,67950.0,67952.90000152588,0,2.9000015258789062,2.9000015258789062,67990.0,False,1,0,False,fast,0,0,False,False,4,False,True,,,,,,,,,,,
6799,67990.0,67990.0,67992.90000152588,0,2.9000015258789062,2.9000015258789062,68030.0,False,1,0,False,fast,0,1,True,True,0,True,True,,,,,,,,,,,
6801,68010.0,68010.0,68012.90000152588,0,2.9000015258789062,2.9000015258789062,68050.0,False,1,0,False,fast,0,0,False,False,98,False,True,,,,,,,,,,,
6803,68030.0,68030.0,68032.90000152588,0,2.9000015258789062,2.9000015258789062,68070.0,False,1,0,False,fast,0,0,False,False,96,False,True,,,,,,,,,,,
6805,68050.0,68050.0,68053.10000228882,0,3.1000022888183594,3.1000022888183594,68090.0,False,1,0,False,fast,0,0,False,False,94,False,True,,,,,,,,,,,
6806,68060.0,68060.0,68063.0000038147,0,3.0000038146972656,3.0000038146972656,68100.0,False,1,0,False,fast,0,1,True,False,93,False,True,,,,,,,,,,,
6809,68090.0,68090.0,68092.9999961853,0,2.9999961853027344,2.9999961853027344,68130.0,False,1,0,False,fast,0,0,False,False,90,False,True,,,,,,,,,,,
6811,68110.0,68110.0,68112.90000152588,0,2.9000015258789062,2.9000015258789062,68150.0,False,1,0,False,fast,0,0,False,False,88,False,True,,,,,,,,,,,
6813,68130.0,68130.0,68132.80000305176,0,2.8000030517578125,2.8000030517578125,68170.0,False,1,0,False,fast,0,0,False,False,86,False,True,,,,,,,,,,,
6814,68140.0,68140.0,68142.79999923706,0,2.799999237060547,2.799999237060547,68180.0,False,1,0,False,fast,0,1,True,False,85,False,True,,,,,,,,,,,
6815,68150.0,68150.0,68152.79999923706,0,2.799999237060547,2.799999237060547,68190.0,False,1,0,False,fast,0,0,False,False,84,False,True,,,,,,,,,,,
6817,68170.0,68170.0,68173.5,0,3.5,3.5,68210.0,False,1,0,False,fast,0,0,False,False,82,False,True,,,,,,,,,,,
6823,68230.0,68230.0,68232.79999923706,0,2.799999237060547,2.799999237060547,68270.0,False,1,0,False,fast,0,0,False,False,76,False,True,,,,,,,,,,,
6828,68280.0,68280.0,68284.10000228882,0,4.100002288818359,4.100002288818359,68320.0,False,1,0,False,fast,0,0,False,False,71,False,True,,,,,,,,,,,
6832,68320.0,68320.0,68323.0,0,3.0,3.0,68360.0,False,1,0,False,fast,0,1,True,False,67,False,True,,,,,,,,,,,
6834,68340.0,68340.0,68343.90000152588,0,3.9000015258789062,3.9000015258789062,68380.0,False,1,0,False,fast,0,1,True,False,65,False,True,,,,,,,,,,,
6836,68360.0,68360.0,68362.79999923706,0,2.799999237060547,2.799999237060547,68400.0,False,1,0,False,fast,0,1,True,False,63,False,True,,,,,,,,,,,
6841,68410.0,68410.0,68413.79999923706,0,3.799999237060547,3.799999237060547,68450.0,False,1,0,False,fast,0,1,True,False,58,False,True,,,,,,,,,,,
6846,68460.0,68460.0,68462.90000152588,0,2.9000015258789062,2.9000015258789062,68500.0,False,1,0,False,fast,0,0,False,False,53,False,True,,,,,,,,,,,
6849,68490.0,68490.0,68492.89999771118,0,2.8999977111816406,2.8999977111816406,68530.0,False,1,0,False,fast,0,0,False,False,50,False,True,,,,,,,,,,,
6853,68530.0,68530.0,68533.89999771118,0,3.8999977111816406,3.8999977111816406,68570.0,False,1,0,False,fast,0,0,False,False,46,False,True,,,,,,,,,,,
6854,68540.0,68540.0,68543.0,0,3.0,3.0,68580.0,False,1,0,False,fast,0,0,False,False,45,False,True,,,,,,,,,,,
6864,68640.0,68640.0,68642.89999771118,0,2.8999977111816406,2.8999977111816406,68680.0,False,1,0,False,fast,0,1,True,False,35,False,True,,,,,,,,,,,
6865,68650.0,68650.0,68652.90000152588,0,2.9000015258789062,2.9000015258789062,68690.0,False,1,0,False,fast,0,0,False,False,34,False,True,,,,,,,,,,,
6866,68660.0,68660.0,68662.80000305176,0,2.8000030517578125,2.8000030517578125,68700.0,False,1,0,False,fast,0,1,True,False,33,False,True,,,,,,,,,,,
6869,68690.0,68690.0,68692.90000152588,0,2.9000015258789062,2.9000015258789062,68730.0,False,1,0,False,fast,0,1,True,False,30,False,True,,,,,,,,,,,
6870,68700.0,68700.0,68703.0000038147,0,3.0000038146972656,3.0000038146972656,68740.0,False,1,0,False,fast,0,1,True,False,29,False,True,,,,,,,,,,,
6875,68750.0,68750.0,68752.90000152588,0,2.9000015258789062,2.9000015258789062,68790.0,False,1,0,False,fast,0,0,False,False,24,False,True,,,,,,,,,,,
6877,68770.0,68770.0,68773.0,0,3.0,3.0,68810.0,False,1,0,False,fast,0,0,False,False,22,False,True,,,,,,,,,,,
6878,68780.0,68780.0,68782.90000152588,0,2.9000015258789062,2.9000015258789062,68820.0,False,1,0,False,fast,0,0,False,False,21,False,True,,,,,,,,,,,
6879,68790.0,68790.0,68792.79999923706,0,2.799999237060547,2.799999237060547,68830.0,False,1,0,False,fast,0,1,True,False,20,False,True,,,,,,,,,,,
6880,68800.0,68800.0,68802.90000152588,0,2.9000015258789062,2.9000015258789062,68840.0,False,1,0,False,fast,0,0,False,False,19,False,True,,,,,,,,,,,
6884,68840.0,68840.0,68843.0000038147,0,3.0000038146972656,3.0000038146972656,68880.0,False,1,0,False,fast,0,0,False,False,15,False,True,,,,,,,,,,,
6889,68890.0,68890.0,68892.90000152588,0,2.9000015258789062,2.9000015258789062,68930.0,False,1,0,False,fast,0,1,True,False,10,False,True,,,,,,,,,,,
6890,68900.0,68900.0,68902.79999923706,0,2.799999237060547,2.799999237060547,68940.0,False,1,0,False,fast,0,0,False,False,9,False,True,,,,,,,,,,,
6893,68930.0,68930.0,68932.89999771118,0,2.8999977111816406,2.8999977111816406,68970.0,False,1,0,False,fast,0,0,False,False,6,False,True,,,,,,,,,,,
6896,68960.0,68960.0,68962.90000152588,0,2.9000015258789062,2.9000015258789062,69000.0,False,1,0,False,fast,0,0,False,False,3,False,True,,,,,,,,,,,
6897,68970.0,68970.0,68972.90000152588,0,2.9000015258789062,2.9000015258789062,69010.0,False,1,0,False,fast,0,1,True,False,2,True,True,,,,,,,,,,,
6900,69000.0,69000.0,69003.09999847412,0,3.0999984741210938,3.0999984741210938,69040.0,False,1,0,False,fast,0,1,True,False,99,False,True,,,,,,,,,,,
6908,69080.0,69080.0,69083.90000152588,0,3.9000015258789062,3.9000015258789062,69120.0,False,1,0,False,fast,0,1,True,False,91,False,True,,,,,,,,,,,
6917,69170.0,69170.0,69172.79999923706,0,2.799999237060547,2.799999237060547,69210.0,False,1,0,False,fast,0,0,False,False,82,False,True,,,,,,,,,,,
6918,69180.0,69180.0,69182.9999961853,0,2.9999961853027344,2.9999961853027344,69220.0,False,1,0,False,fast,0,1,True,False,81,False,True,,,,,,,,,,,
6919,69190.0,69190.0,69194.10000228882,0,4.100002288818359,4.100002288818359,69230.0,False,1,0,False,fast,0,0,False,False,80,False,True,,,,,,,,,,,
6920,69200.0,69200.0,69202.89999771118,0,2.8999977111816406,2.8999977111816406,69240.0,False,1,0,False,fast,0,0,False,False,79,False,True,,,,,,,,,,,
6924,69240.0,69240.0,69242.80000305176,0,2.8000030517578125,2.8000030517578125,69280.0,False,1,0,False,fast,0,0,False,False,75,False,True,,,,,,,,,,,
6928,69280.0,69280.0,69284.0,0,4.0,4.0,69320.0,False,1,0,False,fast,0,0,False,False,71,False,True,,,,,,,,,,,
6936,69360.0,69360.0,69362.79999923706,0,2.799999237060547,2.799999237060547,69400.0,False,1,0,False,fast,0,1,True,False,63,False,True,,,,,,,,,,,
6938,69380.0,69380.0,69384.20000076294,0,4.200000762939453,4.200000762939453,69420.0,False,1,0,False,fast,0,0,False,False,61,False,True,,,,,,,,,,,
6940,69400.0,69400.0,69402.80000305176,0,2.8000030517578125,2.8000030517578125,69440.0,False,1,0,False,fast,0,0,False,False,59,False,True,,,,,,,,,,,
6941,69410.0,69410.0,69412.89999771118,0,2.8999977111816406,2.8999977111816406,69450.0,False,1,0,False,fast,0,0,False,False,58,False,True,,,,,,,,,,,
6942,69420.0,69420.0,69422.90000152588,0,2.9000015258789062,2.9000015258789062,69460.0,False,1,0,False,fast,0,0,False,False,57,False,True,,,,,,,,,,,
6946,69460.0,69460.0,69463.89999771118,0,3.8999977111816406,3.8999977111816406,69500.0,False,1,0,False,fast,0,1,True,False,53,False,True,,,,,,,,,,,
6947,69470.0,69470.0,69472.79999923706,0,2.799999237060547,2.799999237060547,69510.0,False,1,0,False,fast,0,1,True,False,52,False,True,,,,,,,,,,,
6948,69480.0,69480.0,69482.89999771118,0,2.8999977111816406,2.8999977111816406,69520.0,False,1,0,False,fast,0,0,False,False,51,False,True,,,,,,,,,,,
6950,69500.0,69500.0,69502.79999923706,0,2.799999237060547,2.799999237060547,69540.0,False,1,0,False,fast,0,0,False,False,49,False,True,,,,,,,,,,,
6952,69520.0,69520.0,69522.79999923706,0,2.799999237060547,2.799999237060547,69560.0,False,1,0,False,fast,0,0,False,False,47,False,True,,,,,,,,,,,
6954,69540.0,69540.0,69542.90000152588,0,2.9000015258789062,2.9000015258789062,69580.0,False,1,0,False,fast,0,0,False,False,45,False,True,,,,,,,,,,,
6955,69550.0,69550.0,69552.90000152588,0,2.9000015258789062,2.9000015258789062,69590.0,False,1,0,False,fast,0,0,False,False,44,False,True,,,,,,,,,,,
6956,69560.0,69560.0,69562.90000152588,0,2.9000015258789062,2.9000015258789062,69600.0,False,1,0,False,fast,0,1,True,False,43,False,True,,,,,,,,,,,
6959,69590.0,69590.0,69592.89999771118,0,2.8999977111816406,2.8999977111816406,69630.0,False,1,0,False,fast,0,1,True,False,40,False,True,,,,,,,,,,,
6961,69610.0,69610.0,69612.90000152588,0,2.9000015258789062,2.9000015258789062,69650.0,False,1,0,False,fast,0,0,False,False,38,False,True,,,,,,,,,,,
6965,69650.0,69650.0,69652.89999771118,0,2.8999977111816406,2.8999977111816406,69690.0,False,1,0,False,fast,0,1,True,False,34,False,True,,,,,,,,,,,
6966,69660.0,69660.0,69662.89999771118,0,2.8999977111816406,2.8999977111816406,69700.0,False,1,0,False,fast,0,0,False,False,33,False,True,,,,,,,,,,,
6968,69680.0,69680.0,69682.90000152588,0,2.9000015258789062,2.9000015258789062,69720.0,False,1,0,False,fast,0,0,False,False,31,False,True,,,,,,,,,,,
6971,69710.0,69710.0,69712.90000152588,0,2.9000015258789062,2.9000015258789062,69750.0,False,1,0,False,fast,0,0,False,False,28,False,True,,,,,,,,,,,
6983,69830.0,69830.0,69832.79999923706,0,2.799999237060547,2.799999237060547,69870.0,False,1,0,False,fast,0,1,True,False,16,False,True,,,,,,,,,,,
6984,69840.0,69840.0,69843.10000228882,0,3.1000022888183594,3.1000022888183594,69880.0,False,1,0,False,fast,0,1,True,False,15,False,True,,,,,,,,,,,
6986,69860.0,69860.0,69862.89999771118,0,2.8999977111816406,2.8999977111816406,69900.0,False,1,0,False,fast,0,0,False,False,13,False,True,,,,,,,,,,,
6989,69890.0,69890.0,69892.79999923706,0,2.799999237060547,2.799999237060547,69930.0,False,1,0,False,fast,0,1,True,False,10,False,True,,,,,,,,,,,
6993,69930.0,69930.0,69932.80000305176,0,2.8000030517578125,2.8000030517578125,69970.0,False,1,0,False,fast,0,0,False,False,6,False,True,,,,,,,,,,,
6994,69940.0,69940.0,69942.79999923706,0,2.799999237060547,2.799999237060547,69980.0,False,1,0,False,fast,0,1,True,False,5,False,True,,,,,,,,,,,
6998,69980.0,69980.0,69982.80000305176,0,2.8000030517578125,2.8000030517578125,70020.0,False,1,0,False,fast,0,1,True,False,1,True,True,,,,,,,,,,,
6999,69990.0,69990.0,69992.80000305176,0,2.8000030517578125,2.8000030517578125,70030.0,False,1,0,False,fast,0,1,True,True,0,True,True,,,,,,,,,,,
7000,70000.0,70000.0,70003.09999847412,0,3.0999984741210938,3.0999984741210938,70040.0,False,1,0,False,fast,0,1,True,False,99,False,True,,,,,,,,,,,
7002,70020.0,70020.0,70022.90000152588,0,2.9000015258789062,2.9000015258789062,70060.0,False,1,0,False,fast,0,1,True,False,97,False,True,,,,,,,,,,,
7003,70030.0,70030.0,70033.89999771118,0,3.8999977111816406,3.8999977111816406,70070.0,False,1,0,False,fast,0,0,False,False,96,False,True,,,,,,,,,,,
7006,70060.0,70060.0,70062.79999923706,0,2.799999237060547,2.799999237060547,70100.0,False,1,0,False,fast,0,0,False,False,93,False,True,,,,,,,,,,,
7008,70080.0,70080.0,70083.0,0,3.0,3.0,70120.0,False,1,0,False,fast,0,0,False,False,91,False,True,,,,,,,,,,,
7012,70120.0,70120.0,70123.0,0,3.0,3.0,70160.0,False,1,0,False,fast,0,0,False,False,87,False,True,,,,,,,,,,,
7013,70130.0,70130.0,70132.90000152588,0,2.9000015258789062,2.9000015258789062,70170.0,False,1,0,False,fast,0,0,False,False,86,False,True,,,,,,,,,,,
7016,70160.0,70160.0,70162.90000152588,0,2.9000015258789062,2.9000015258789062,70200.0,False,1,0,False,fast,0,1,True,False,83,False,True,,,,,,,,,,,
7019,70190.0,70190.0,70192.90000152588,0,2.9000015258789062,2.9000015258789062,70230.0,False,1,0,False,fast,0,1,True,False,80,False,True,,,,,,,,,,,
7022,70220.0,70220.0,70222.90000152588,0,2.9000015258789062,2.9000015258789062,70260.0,False,1,0,False,fast,0,1,True,False,77,False,True,,,,,,,,,,,
7028,70280.0,70280.0,70282.90000152588,0,2.9000015258789062,2.9000015258789062,70320.0,False,1,0,False,fast,0,1,True,False,71,False,True,,,,,,,,,,,
7029,70290.0,70290.0,70292.90000152588,0,2.9000015258789062,2.9000015258789062,70330.0,False,1,0,False,fast,0,0,False,False,70,False,True,,,,,,,,,,,
7031,70310.0,70310.0,70312.89999771118,0,2.8999977111816406,2.8999977111816406,70350.0,False,1,0,False,fast,0,0,False,False,68,False,True,,,,,,,,,,,
7032,70320.0,70320.0,70322.89999771118,0,2.8999977111816406,2.8999977111816406,70360.0,False,1,0,False,fast,0,1,True,False,67,False,True,,,,,,,,,,,
7038,70380.0,70380.0,70382.79999923706,0,2.799999237060547,2.799999237060547,70420.0,False,1,0,False,fast,0,0,False,False,61,False,True,,,,,,,,,,,
7040,70400.0,70400.0,70402.80000305176,0,2.8000030517578125,2.8000030517578125,70440.0,False,1,0,False,fast,0,1,True,False,59,False,True,,,,,,,,,,,
7041,70410.0,70410.0,70413.89999771118,0,3.8999977111816406,3.8999977111816406,70450.0,False,1,0,False,fast,0,0,False,False,58,False,True,,,,,,,,,,,
7042,70420.0,70420.0,70423.0,0,3.0,3.0,70460.0,False,1,0,False,fast,0,1,True,False,57,False,True,,,,,,,,,,,
7046,70460.0,70460.0,70462.79999923706,0,2.799999237060547,2.799999237060547,70500.0,False,1,0,False,fast,0,0,False,False,53,False,True,,,,,,,,,,,
7047,70470.0,70470.0,70472.80000305176,0,2.8000030517578125,2.8000030517578125,70510.0,False,1,0,False,fast,0,0,False,False,52,False,True,,,,,,,,,,,
7050,70500.0,70500.0,70503.90000152588,0,3.9000015258789062,3.9000015258789062,70540.0,False,1,0,False,fast,0,1,True,False,49,False,True,,,,,,,,,,,
7052,70520.0,70520.0,70522.90000152588,0,2.9000015258789062,2.9000015258789062,70560.0,False,1,0,False,fast,0,0,False,False,47,False,True,,,,,,,,,,,
7054,70540.0,70540.0,70544.0,0,4.0,4.0,70580.0,False,1,0,False,fast,0,0,False,False,45,False,True,,,,,,,,,,,
7057,70570.0,70570.0,70573.0,0,3.0,3.0,70610.0,False,1,0,False,fast,0,0,False,False,42,False,True,,,,,,,,,,,
7060,70600.0,70600.0,70602.90000152588,0,2.9000015258789062,2.9000015258789062,70640.0,False,1,0,False,fast,0,0,False,False,39,False,True,,,,,,,,,,,
7062,70620.0,70620.0,70623.59999847412,0,3.5999984741210938,3.5999984741210938,70660.0,False,1,0,False,fast,0,1,True,False,37,False,True,,,,,,,,,,,
7066,70660.0,70660.0,70662.9999961853,0,2.9999961853027344,2.9999961853027344,70700.0,False,1,0,False,fast,0,0,False,False,33,False,True,,,,,,,,,,,
7070,70700.0,70700.0,70702.90000152588,0,2.9000015258789062,2.9000015258789062,70740.0,False,1,0,False,fast,0,0,False,False,29,False,True,,,,,,,,,,,
7071,70710.0,70710.0,70712.9999961853,0,2.9999961853027344,2.9999961853027344,70750.0,False,1,0,False,fast,0,1,True,False,28,False,True,,,,,,,,,,,
7072,70720.0,70720.0,70724.0,0,4.0,4.0,70760.0,False,1,0,False,fast,0,1,True,False,27,False,True,,,,,,,,,,,
7073,70730.0,70730.0,70733.4999961853,0,3.4999961853027344,3.4999961853027344,70770.0,False,1,0,False,fast,0,0,False,False,26,False,True,,,,,,,,,,,
7076,70760.0,70760.0,70762.80000305176,0,2.8000030517578125,2.8000030517578125,70800.0,False,1,0,False,fast,0,0,False,False,23,False,True,,,,,,,,,,,
7079,70790.0,70790.0,70792.90000152588,0,2.9000015258789062,2.9000015258789062,70830.0,False,1,0,False,fast,0,1,True,False,20,False,True,,,,,,,,,,,
7080,70800.0,70800.0,70802.89999771118,0,2.8999977111816406,2.8999977111816406,70840.0,False,1,0,False,fast,0,1,True,False,19,False,True,,,,,,,,,,,
7082,70820.0,70820.0,70822.89999771118,0,2.8999977111816406,2.8999977111816406,70860.0,False,1,0,False,fast,0,0,False,False,17,False,True,,,,,,,,,,,
7083,70830.0,70830.0,70832.90000152588,0,2.9000015258789062,2.9000015258789062,70870.0,False,1,0,False,fast,0,1,True,False,16,False,True,,,,,,,,,,,
7084,70840.0,70840.0,70842.89999771118,0,2.8999977111816406,2.8999977111816406,70880.0,False,1,0,False,fast,0,0,False,False,15,False,True,,,,,,,,,,,
7085,70850.0,70850.0,70852.89999771118,0,2.8999977111816406,2.8999977111816406,70890.0,False,1,0,False,fast,0,0,False,False,14,False,True,,,,,,,,,,,
7086,70860.0,70860.0,70862.90000152588,0,2.9000015258789062,2.9000015258789062,70900.0,False,1,0,False,fast,0,0,False,False,13,False,True,,,,,,,,,,,
7089,70890.0,70890.0,70892.79999923706,0,2.799999237060547,2.799999237060547,70930.0,False,1,0,False,fast,0,0,False,False,10,False,True,,,,,,,,,,,
7090,70900.0,70900.0,70902.90000152588,0,2.9000015258789062,2.9000015258789062,70940.0,False,1,0,False,fast,0,0,False,False,9,False,True,,,,,,,,,,,
7091,70910.0,70910.0,70912.90000152588,0,2.9000015258789062,2.9000015258789062,70950.0,False,1,0,False,fast,0,1,True,False,8,False,True,,,,,,,,,,,
7094,70940.0,70940.0,70944.59999847412,0,4.599998474121094,4.599998474121094,70980.0,False,1,0,False,fast,0,0,False,False,5,False,True,,,,,,,,,,,
7095,70950.0,70950.0,70971.10000228882,0,21.10000228881836,21.10000228881836,70990.0,False,1,0,False,fast,0,0,False,False,4,False,True,,,,,,,,,,,
7096,70960.0,70971.10000228882,70975.80000305176,0,4.700000762939453,15.800003051757812,71000.0,False,2,1,False,fast,0,0,False,False,3,False,True,,,,,,,,,,,
7097,70970.0,70975.80000305176,70981.40000534058,0,5.600002288818359,11.400005340576172,71010.0,False,3,2,False,fast,0,1,True,False,2,True,True,,,,,,,,,,,
7098,70980.0,70981.40000534058,70986.30000686646,0,4.900001525878906,6.300006866455078,71020.0,False,2,1,False,fast,0,0,False,False,1,True,True,,,,,,,,,,,
7100,71000.0,71000.0,71003.19999694824,0,3.1999969482421875,3.1999969482421875,71040.0,False,1,0,False,fast,0,1,True,False,99,False,True,,,,,,,,,,,
7102,71020.0,71020.0,71023.10000228882,0,3.1000022888183594,3.1000022888183594,71060.0,False,1,0,False,fast,0,0,False,False,97,False,True,,,,,,,,,,,
7104,71040.0,71040.0,71044.69999694824,0,4.6999969482421875,4.6999969482421875,71080.0,False,1,0,False,fast,0,0,False,False,95,False,True,,,,,,,,,,,
7106,71060.0,71060.0,71064.69999694824,0,4.6999969482421875,4.6999969482421875,71100.0,False,1,0,False,fast,0,0,False,False,93,False,True,,,,,,,,,,,
7112,71120.0,71120.0,71122.90000152588,0,2.9000015258789062,2.9000015258789062,71160.0,False,1,0,False,fast,0,1,True,False,87,False,True,,,,,,,,,,,
7113,71130.0,71130.0,71132.90000152588,0,2.9000015258789062,2.9000015258789062,71170.0,False,1,0,False,fast,0,0,False,False,86,False,True,,,,,,,,,,,
7114,71140.0,71140.0,71142.79999923706,0,2.799999237060547,2.799999237060547,71180.0,False,1,0,False,fast,0,0,False,False,85,False,True,,,,,,,,,,,
7117,71170.0,71170.0,71173.0,0,3.0,3.0,71210.0,False,1,0,False,fast,0,0,False,False,82,False,True,,,,,,,,,,,
7119,71190.0,71190.0,71192.90000152588,0,2.9000015258789062,2.9000015258789062,71230.0,False,1,0,False,fast,0,0,False,False,80,False,True,,,,,,,,,,,
7122,71220.0,71220.0,71224.5000038147,0,4.500003814697266,4.500003814697266,71260.0,False,1,0,False,fast,0,1,True,False,77,False,True,,,,,,,,,,,
7127,71270.0,71270.0,71272.9999961853,0,2.9999961853027344,2.9999961853027344,71310.0,False,1,0,False,fast,0,0,False,False,72,False,True,,,,,,,,,,,
7130,71300.0,71300.0,71303.0,0,3.0,3.0,71340.0,False,1,0,False,fast,0,0,False,False,69,False,True,,,,,,,,,,,
7132,71320.0,71320.0,71323.0,0,3.0,3.0,71360.0,False,1,0,False,fast,0,0,False,False,67,False,True,,,,,,,,,,,
7133,71330.0,71330.0,71332.89999771118,0,2.8999977111816406,2.8999977111816406,71370.0,False,1,0,False,fast,0,0,False,False,66,False,True,,,,,,,,,,,
7135,71350.0,71350.0,71352.89999771118,0,2.8999977111816406,2.8999977111816406,71390.0,False,1,0,False,fast,0,0,False,False,64,False,True,,,,,,,,,,,
7139,71390.0,71390.0,71393.09999847412,0,3.0999984741210938,3.0999984741210938,71430.0,False,1,0,False,fast,0,1,True,False,60,False,True,,,,,,,,,,,
7140,71400.0,71400.0,71402.89999771118,0,2.8999977111816406,2.8999977111816406,71440.0,False,1,0,False,fast,0,1,True,False,59,False,True,,,,,,,,,,,
7141,71410.0,71410.0,71413.09999847412,0,3.0999984741210938,3.0999984741210938,71450.0,False,1,0,False,fast,0,0,False,False,58,False,True,,,,,,,,,,,
7143,71430.0,71430.0,71432.89999771118,0,2.8999977111816406,2.8999977111816406,71470.0,False,1,0,False,fast,0,0,False,False,56,False,True,,,,,,,,,,,
7144,71440.0,71440.0,71443.0,0,3.0,3.0,71480.0,False,1,0,False,fast,0,0,False,False,55,False,True,,,,,,,,,,,
7145,71450.0,71450.0,71452.9999961853,0,2.9999961853027344,2.9999961853027344,71490.0,False,1,0,False,fast,0,0,False,False,54,False,True,,,,,,,,,,,
7149,71490.0,71490.0,71493.0,0,3.0,3.0,71530.0,False,1,0,False,fast,0,1,True,False,50,False,True,,,,,,,,,,,
7153,71530.0,71530.0,71534.10000228882,0,4.100002288818359,4.100002288818359,71570.0,False,1,0,False,fast,0,0,False,False,46,False,True,,,,,,,,,,,
7155,71550.0,71550.0,71553.0,0,3.0,3.0,71590.0,False,1,0,False,fast,0,0,False,False,44,False,True,,,,,,,,,,,
7156,71560.0,71560.0,71563.20000076294,0,3.200000762939453,3.200000762939453,71600.0,False,1,0,False,fast,0,1,True,False,43,False,True,,,,,,,,,,,
7157,71570.0,71570.0,71574.10000228882,0,4.100002288818359,4.100002288818359,71610.0,False,1,0,False,fast,0,0,False,False,42,False,True,,,,,,,,,,,
7158,71580.0,71580.0,71585.29999923706,0,5.299999237060547,5.299999237060547,71620.0,False,1,0,False,fast,0,0,False,False,41,False,True,,,,,,,,,,,
7165,71650.0,71650.0,71654.90000152588,0,4.900001525878906,4.900001525878906,71690.0,False,1,0,False,fast,0,1,True,False,34,False,True,,,,,,,,,,,
7166,71660.0,71660.0,71666.80000305176,0,6.8000030517578125,6.8000030517578125,71700.0,False,1,0,False,fast,0,1,True,False,33,False,True,,,,,,,,,,,
7167,71670.0,71670.0,71673.29999923706,0,3.299999237060547,3.299999237060547,71710.0,False,1,0,False,fast,0,0,False,False,32,False,True,,,,,,,,,,,
7171,71710.0,71710.0,71713.0,0,3.0,3.0,71750.0,False,1,0,False,fast,0,0,False,False,28,False,True,,,,,,,,,,,
7172,71720.0,71720.0,71723.20000076294,0,3.200000762939453,3.200000762939453,71760.0,False,1,0,False,fast,0,1,True,False,27,False,True,,,,,,,,,,,
7173,71730.0,71730.0,71734.09999847412,0,4.099998474121094,4.099998474121094,71770.0,False,1,0,False,fast,0,1,True,False,26,False,True,,,,,,,,,,,
7174,71740.0,71740.0,71742.79999923706,0,2.799999237060547,2.799999237060547,71780.0,False,1,0,False,fast,0,1,True,False,25,False,True,,,,,,,,,,,
7175,71750.0,71750.0,71753.5,0,3.5,3.5,71790.0,False,1,0,False,fast,0,0,False,False,24,False,True,,,,,,,,,,,
7177,71770.0,71770.0,71772.79999923706,0,2.799999237060547,2.799999237060547,71810.0,False,1,0,False,fast,0,1,True,False,22,False,True,,,,,,,,,,,
7178,71780.0,71780.0,71782.79999923706,0,2.799999237060547,2.799999237060547,71820.0,False,1,0,False,fast,0,0,False,False,21,False,True,,,,,,,,,,,
7179,71790.0,71790.0,71793.9999961853,0,3.9999961853027344,3.9999961853027344,71830.0,False,1,0,False,fast,0,1,True,False,20,False,True,,,,,,,,,,,
7180,71800.0,71800.0,71813.80000305176,0,13.800003051757812,13.800003051757812,71840.0,False,1,0,False,fast,0,0,False,False,19,False,True,,,,,,,,,,,
7182,71820.0,71820.0,71822.89999771118,0,2.8999977111816406,2.8999977111816406,71860.0,False,1,0,False,fast,0,1,True,False,17,False,True,,,,,,,,,,,
7183,71830.0,71830.0,71832.89999771118,0,2.8999977111816406,2.8999977111816406,71870.0,False,1,0,False,fast,0,0,False,False,16,False,True,,,,,,,,,,,
7186,71860.0,71860.0,71862.89999771118,0,2.8999977111816406,2.8999977111816406,71900.0,False,1,0,False,fast,0,0,False,False,13,False,True,,,,,,,,,,,
7187,71870.0,71870.0,71872.90000152588,0,2.9000015258789062,2.9000015258789062,71910.0,False,1,0,False,fast,0,0,False,False,12,False,True,,,,,,,,,,,
7189,71890.0,71890.0,71893.09999847412,0,3.0999984741210938,3.0999984741210938,71930.0,False,1,0,False,fast,0,0,False,False,10,False,True,,,,,,,,,,,
7193,71930.0,71930.0,71934.10000228882,0,4.100002288818359,4.100002288818359,71970.0,False,1,0,False,fast,0,0,False,False,6,False,True,,,,,,,,,,,
7194,71940.0,71940.0,71943.4999961853,0,3.4999961853027344,3.4999961853027344,71980.0,False,1,0,False,fast,0,0,False,False,5,False,True,,,,,,,,,,,
7195,71950.0,71950.0,71953.0,0,3.0,3.0,71990.0,False,1,0,False,fast,0,1,True,False,4,False,True,,,,,,,,,,,
7197,71970.0,71970.0,71973.0000038147,0,3.0000038146972656,3.0000038146972656,72010.0,False,1,0,False,fast,0,0,False,False,2,True,True,,,,,,,,,,,
7200,72000.0,72000.0,72002.79999923706,0,2.799999237060547,2.799999237060547,72040.0,False,1,0,False,fast,0,0,False,False,99,False,True,,,,,,,,,,,
7201,72010.0,72010.0,72013.0,0,3.0,3.0,72050.0,False,1,0,False,fast,0,0,False,False,98,False,True,,,,,,,,,,,
7202,72020.0,72020.0,72022.69999694824,0,2.6999969482421875,2.6999969482421875,72060.0,False,1,0,False,fast,0,1,True,False,97,False,True,,,,,,,,,,,
7204,72040.0,72040.0,72061.70000076294,0,21.700000762939453,21.700000762939453,72080.0,False,1,0,False,fast,0,1,True,False,95,False,True,,,,,,,,,,,
7210,72100.0,72100.0,72102.79999923706,0,2.799999237060547,2.799999237060547,72140.0,False,1,0,False,fast,0,0,False,False,89,False,True,,,,,,,,,,,
7211,72110.0,72110.0,72112.80000305176,0,2.8000030517578125,2.8000030517578125,72150.0,False,1,0,False,fast,0,0,False,False,88,False,True,,,,,,,,,,,
7213,72130.0,72130.0,72132.79999923706,0,2.799999237060547,2.799999237060547,72170.0,False,1,0,False,fast,0,0,False,False,86,False,True,,,,,,,,,,,
7220,72200.0,72200.0,72203.9999961853,0,3.9999961853027344,3.9999961853027344,72240.0,False,1,0,False,fast,0,0,False,False,79,False,True,,,,,,,,,,,
7222,72220.0,72220.0,72222.70000076294,0,2.700000762939453,2.700000762939453,72260.0,False,1,0,False,fast,0,0,False,False,77,False,True,,,,,,,,,,,
7233,72330.0,72330.0,72332.90000152588,0,2.9000015258789062,2.9000015258789062,72370.0,False,1,0,False,fast,0,0,False,False,66,False,True,,,,,,,,,,,
7236,72360.0,72360.0,72363.29999923706,0,3.299999237060547,3.299999237060547,72400.0,False,1,0,False,fast,0,0,False,False,63,False,True,,,,,,,,,,,
7237,72370.0,72370.0,72375.20000076294,0,5.200000762939453,5.200000762939453,72410.0,False,1,0,False,fast,0,0,False,False,62,False,True,,,,,,,,,,,
7238,72380.0,72380.0,72384.79999923706,0,4.799999237060547,4.799999237060547,72420.0,False,1,0,False,fast,0,0,False,False,61,False,True,,,,,,,,,,,
7245,72450.0,72450.0,72453.29999923706,0,3.299999237060547,3.299999237060547,72490.0,False,1,0,False,fast,0,0,False,False,54,False,True,,,,,,,,,,,
7247,72470.0,72470.0,72473.0,0,3.0,3.0,72510.0,False,1,0,False,fast,0,0,False,False,52,False,True,,,,,,,,,,,
7251,72510.0,72510.0,72512.89999771118,0,2.8999977111816406,2.8999977111816406,72550.0,False,1,0,False,fast,0,1,True,False,48,False,True,,,,,,,,,,,
7253,72530.0,72530.0,72533.29999923706,0,3.299999237060547,3.299999237060547,72570.0,False,1,0,False,fast,0,1,True,False,46,False,True,,,,,,,,,,,
7255,72550.0,72550.0,72553.0,0,3.0,3.0,72590.0,False,1,0,False,fast,0,0,False,False,44,False,True,,,,,,,,,,,
7259,72590.0,72590.0,72593.09999847412,0,3.0999984741210938,3.0999984741210938,72630.0,False,1,0,False,fast,0,0,False,False,40,False,True,,,,,,,,,,,
7263,72630.0,72630.0,72633.19999694824,0,3.1999969482421875,3.1999969482421875,72670.0,False,1,0,False,fast,0,0,False,False,36,False,True,,,,,,,,,,,
7264,72640.0,72640.0,72643.0,0,3.0,3.0,72680.0,False,1,0,False,fast,0,0,False,False,35,False,True,,,,,,,,,,,
7265,72650.0,72650.0,72653.10000228882,0,3.1000022888183594,3.1000022888183594,72690.0,False,1,0,False,fast,0,0,False,False,34,False,True,,,,,,,,,,,
7269,72690.0,72690.0,72692.79999923706,0,2.799999237060547,2.799999237060547,72730.0,False,1,0,False,fast,0,0,False,False,30,False,True,,,,,,,,,,,
7270,72700.0,72700.0,72718.60000228882,0,18.60000228881836,18.60000228881836,72740.0,False,1,0,False,fast,0,0,False,False,29,False,True,,,,,,,,,,,
7271,72710.0,72718.60000228882,72721.5000038147,0,2.9000015258789062,11.500003814697266,72750.0,False,2,1,False,fast,0,0,False,False,28,False,True,,,,,,,,,,,
7272,72720.0,72721.5000038147,72724.5000038147,0,3.0,4.500003814697266,72760.0,False,2,1,False,fast,0,0,False,False,27,False,True,,,,,,,,,,,
7274,72740.0,72740.0,72742.79999923706,0,2.799999237060547,2.799999237060547,72780.0,False,1,0,False,fast,0,1,True,False,25,False,True,,,,,,,,,,,
7276,72760.0,72760.0,72763.19999694824,0,3.1999969482421875,3.1999969482421875,72800.0,False,1,0,False,fast,0,0,False,False,23,False,True,,,,,,,,,,,
7280,72800.0,72800.0,72802.89999771118,0,2.8999977111816406,2.8999977111816406,72840.0,False,1,0,False,fast,0,0,False,False,19,False,True,,,,,,,,,,,
7281,72810.0,72810.0,72813.0,0,3.0,3.0,72850.0,False,1,0,False,fast,0,0,False,False,18,False,True,,,,,,,,,,,
7282,72820.0,72820.0,72823.10000228882,0,3.1000022888183594,3.1000022888183594,72860.0,False,1,0,False,fast,0,1,True,False,17,False,True,,,,,,,,,,,
7283,72830.0,72830.0,72832.90000152588,0,2.9000015258789062,2.9000015258789062,72870.0,False,1,0,False,fast,0,0,False,False,16,False,True,,,,,,,,,,,
7286,72860.0,72860.0,72862.9999961853,0,2.9999961853027344,2.9999961853027344,72900.0,False,1,0,False,fast,0,0,False,False,13,False,True,,,,,,,,,,,
7291,72910.0,72910.0,72913.0,0,3.0,3.0,72950.0,False,1,0,False,fast,0,0,False,False,8,False,True,,,,,,,,,,,
7292,72920.0,72920.0,72923.89999771118,0,3.8999977111816406,3.8999977111816406,72960.0,False,1,0,False,fast,0,1,True,False,7,False,True,,,,,,,,,,,
7293,72930.0,72930.0,72932.79999923706,0,2.799999237060547,2.799999237060547,72970.0,False,1,0,False,fast,0,0,False,False,6,False,True,,,,,,,,,,,
7298,72980.0,72980.0,72982.90000152588,0,2.9000015258789062,2.9000015258789062,73020.0,False,1,0,False,fast,0,1,True,False,1,True,True,,,,,,,,,,,
7301,73010.0,73010.0,73012.80000305176,0,2.8000030517578125,2.8000030517578125,73050.0,False,1,0,False,fast,0,0,False,False,98,False,True,,,,,,,,,,,
7302,73020.0,73020.0,73023.0,0,3.0,3.0,73060.0,False,1,0,False,fast,0,0,False,False,97,False,True,,,,,,,,,,,
7304,73040.0,73040.0,73042.79999923706,0,2.799999237060547,2.799999237060547,73080.0,False,1,0,False,fast,0,0,False,False,95,False,True,,,,,,,,,,,
7305,73050.0,73050.0,73052.80000305176,0,2.8000030517578125,2.8000030517578125,73090.0,False,1,0,False,fast,0,1,True,False,94,False,True,,,,,,,,,,,
7306,73060.0,73060.0,73062.79999923706,0,2.799999237060547,2.799999237060547,73100.0,False,1,0,False,fast,0,0,False,False,93,False,True,,,,,,,,,,,
7309,73090.0,73090.0,73093.0,0,3.0,3.0,73130.0,False,1,0,False,fast,0,1,True,False,90,False,True,,,,,,,,,,,
7312,73120.0,73120.0,73122.79999923706,0,2.799999237060547,2.799999237060547,73160.0,False,1,0,False,fast,0,0,False,False,87,False,True,,,,,,,,,,,
7314,73140.0,73140.0,73142.79999923706,0,2.799999237060547,2.799999237060547,73180.0,False,1,0,False,fast,0,0,False,False,85,False,True,,,,,,,,,,,
7316,73160.0,73160.0,73162.89999771118,0,2.8999977111816406,2.8999977111816406,73200.0,False,1,0,False,fast,0,0,False,False,83,False,True,,,,,,,,,,,
7323,73230.0,73230.0,73233.0,0,3.0,3.0,73270.0,False,1,0,False,fast,0,1,True,False,76,False,True,,,,,,,,,,,
7325,73250.0,73250.0,73252.9999961853,0,2.9999961853027344,2.9999961853027344,73290.0,False,1,0,False,fast,0,0,False,False,74,False,True,,,,,,,,,,,
7328,73280.0,73280.0,73282.79999923706,0,2.799999237060547,2.799999237060547,73320.0,False,1,0,False,fast,0,0,False,False,71,False,True,,,,,,,,,,,
7329,73290.0,73290.0,73293.59999847412,0,3.5999984741210938,3.5999984741210938,73330.0,False,1,0,False,fast,0,1,True,False,70,False,True,,,,,,,,,,,
7330,73300.0,73300.0,73302.89999771118,0,2.8999977111816406,2.8999977111816406,73340.0,False,1,0,False,fast,0,0,False,False,69,False,True,,,,,,,,,,,
7332,73320.0,73320.0,73323.0,0,3.0,3.0,73360.0,False,1,0,False,fast,0,1,True,False,67,False,True,,,,,,,,,,,
7339,73390.0,73390.0,73392.79999923706,0,2.799999237060547,2.799999237060547,73430.0,False,1,0,False,fast,0,0,False,False,60,False,True,,,,,,,,,,,
7340,73400.0,73400.0,73402.79999923706,0,2.799999237060547,2.799999237060547,73440.0,False,1,0,False,fast,0,0,False,False,59,False,True,,,,,,,,,,,
7344,73440.0,73440.0,73443.09999847412,0,3.0999984741210938,3.0999984741210938,73480.0,False,1,0,False,fast,0,1,True,False,55,False,True,,,,,,,,,,,
7347,73470.0,73470.0,73473.10000228882,0,3.1000022888183594,3.1000022888183594,73510.0,False,1,0,False,fast,0,1,True,False,52,False,True,,,,,,,,,,,
7349,73490.0,73490.0,73492.9999961853,0,2.9999961853027344,2.9999961853027344,73530.0,False,1,0,False,fast,0,0,False,False,50,False,True,,,,,,,,,,,
7350,73500.0,73500.0,73502.90000152588,0,2.9000015258789062,2.9000015258789062,73540.0,False,1,0,False,fast,0,0,False,False,49,False,True,,,,,,,,,,,
7352,73520.0,73520.0,73523.30000305176,0,3.3000030517578125,3.3000030517578125,73560.0,False,1,0,False,fast,0,0,False,False,47,False,True,,,,,,,,,,,
7354,73540.0,73540.0,73542.90000152588,0,2.9000015258789062,2.9000015258789062,73580.0,False,1,0,False,fast,0,0,False,False,45,False,True,,,,,,,,,,,
7355,73550.0,73550.0,73553.0,0,3.0,3.0,73590.0,False,1,0,False,fast,0,0,False,False,44,False,True,,,,,,,,,,,
7361,73610.0,73610.0,73613.40000152588,0,3.4000015258789062,3.4000015258789062,73650.0,False,1,0,False,fast,0,0,False,False,38,False,True,,,,,,,,,,,
7362,73620.0,73620.0,73625.10000228882,0,5.100002288818359,5.100002288818359,73660.0,False,1,0,False,fast,0,1,True,False,37,False,True,,,,,,,,,,,
7364,73640.0,73640.0,73642.9999961853,0,2.9999961853027344,2.9999961853027344,73680.0,False,1,0,False,fast,0,0,False,False,35,False,True,,,,,,,,,,,
7367,73670.0,73670.0,73672.79999923706,0,2.799999237060547,2.799999237060547,73710.0,False,1,0,False,fast,0,0,False,False,32,False,True,,,,,,,,,,,
7369,73690.0,73690.0,73693.10000228882,0,3.1000022888183594,3.1000022888183594,73730.0,False,1,0,False,fast,0,1,True,False,30,False,True,,,,,,,,,,,
7371,73710.0,73710.0,73712.89999771118,0,2.8999977111816406,2.8999977111816406,73750.0,False,1,0,False,fast,0,1,True,False,28,False,True,,,,,,,,,,,
7374,73740.0,73740.0,73743.0,0,3.0,3.0,73780.0,False,1,0,False,fast,0,0,False,False,25,False,True,,,,,,,,,,,
7382,73820.0,73820.0,73822.80000305176,0,2.8000030517578125,2.8000030517578125,73860.0,False,1,0,False,fast,0,0,False,False,17,False,True,,,,,,,,,,,
7383,73830.0,73830.0,73832.80000305176,0,2.8000030517578125,2.8000030517578125,73870.0,False,1,0,False,fast,0,0,False,False,16,False,True,,,,,,,,,,,
7384,73840.0,73840.0,73842.89999771118,0,2.8999977111816406,2.8999977111816406,73880.0,False,1,0,False,fast,0,0,False,False,15,False,True,,,,,,,,,,,
7385,73850.0,73850.0,73854.09999847412,0,4.099998474121094,4.099998474121094,73890.0,False,1,0,False,fast,0,1,True,False,14,False,True,,,,,,,,,,,
7390,73900.0,73900.0,73903.0,0,3.0,3.0,73940.0,False,1,0,False,fast,0,1,True,False,9,False,True,,,,,,,,,,,
7395,73950.0,73950.0,73953.09999465942,0,3.099994659423828,3.099994659423828,73990.0,False,1,0,False,fast,0,0,False,False,4,False,True,,,,,,,,,,,
7398,73980.0,73980.0,73983.30000305176,0,3.3000030517578125,3.3000030517578125,74020.0,False,1,0,False,fast,0,1,True,False,1,True,True,,,,,,,,,,,
7399,73990.0,73990.0,73993.5,0,3.5,3.5,74030.0,False,1,0,False,fast,0,1,True,True,0,True,True,,,,,,,,,,,
7405,74050.0,74050.0,74053.80000305176,0,3.8000030517578125,3.8000030517578125,74090.0,False,1,0,False,fast,0,0,False,False,94,False,True,,,,,,,,,,,
7407,74070.0,74070.0,74072.79999923706,0,2.799999237060547,2.799999237060547,74110.0,False,1,0,False,fast,0,0,False,False,92,False,True,,,,,,,,,,,
7410,74100.0,74100.0,74102.90000152588,0,2.9000015258789062,2.9000015258789062,74140.0,False,1,0,False,fast,0,0,False,False,89,False,True,,,,,,,,,,,
7416,74160.0,74160.0,74163.0,0,3.0,3.0,74200.0,False,1,0,False,fast,0,1,True,False,83,False,True,,,,,,,,,,,
7418,74180.0,74180.0,74183.0,0,3.0,3.0,74220.0,False,1,0,False,fast,0,0,False,False,81,False,True,,,,,,,,,,,
7419,74190.0,74190.0,74192.90000152588,0,2.9000015258789062,2.9000015258789062,74230.0,False,1,0,False,fast,0,0,False,False,80,False,True,,,,,,,,,,,
7420,74200.0,74200.0,74203.0000038147,0,3.0000038146972656,3.0000038146972656,74240.0,False,1,0,False,fast,0,0,False,False,79,False,True,,,,,,,,,,,
7422,74220.0,74220.0,74222.89999771118,0,2.8999977111816406,2.8999977111816406,74260.0,False,1,0,False,fast,0,0,False,False,77,False,True,,,,,,,,,,,
7426,74260.0,74260.0,74263.0000038147,0,3.0000038146972656,3.0000038146972656,74300.0,False,1,0,False,fast,0,0,False,False,73,False,True,,,,,,,,,,,
7428,74280.0,74280.0,74283.09999847412,0,3.0999984741210938,3.0999984741210938,74320.0,False,1,0,False,fast,0,0,False,False,71,False,True,,,,,,,,,,,
7433,74330.0,74330.0,74332.90000152588,0,2.9000015258789062,2.9000015258789062,74370.0,False,1,0,False,fast,0,1,True,False,66,False,True,,,,,,,,,,,
7436,74360.0,74360.0,74363.0000038147,0,3.0000038146972656,3.0000038146972656,74400.0,False,1,0,False,fast,0,1,True,False,63,False,True,,,,,,,,,,,
7442,74420.0,74420.0,74422.90000152588,0,2.9000015258789062,2.9000015258789062,74460.0,False,1,0,False,fast,0,1,True,False,57,False,True,,,,,,,,,,,
7443,74430.0,74430.0,74432.9999961853,0,2.9999961853027344,2.9999961853027344,74470.0,False,1,0,False,fast,0,0,False,False,56,False,True,,,,,,,,,,,
7444,74440.0,74440.0,74442.90000152588,0,2.9000015258789062,2.9000015258789062,74480.0,False,1,0,False,fast,0,0,False,False,55,False,True,,,,,,,,,,,
7445,74450.0,74450.0,74453.0,0,3.0,3.0,74490.0,False,1,0,False,fast,0,1,True,False,54,False,True,,,,,,,,,,,
7446,74460.0,74460.0,74462.90000152588,0,2.9000015258789062,2.9000015258789062,74500.0,False,1,0,False,fast,0,0,False,False,53,False,True,,,,,,,,,,,
7447,74470.0,74470.0,74473.90000152588,0,3.9000015258789062,3.9000015258789062,74510.0,False,1,0,False,fast,0,0,False,False,52,False,True,,,,,,,,,,,
7448,74480.0,74480.0,74482.9999961853,0,2.9999961853027344,2.9999961853027344,74520.0,False,1,0,False,fast,0,1,True,False,51,False,True,,,,,,,,,,,
7450,74500.0,74500.0,74503.09999847412,0,3.0999984741210938,3.0999984741210938,74540.0,False,1,0,False,fast,0,0,False,False,49,False,True,,,,,,,,,,,
7451,74510.0,74510.0,74513.0,0,3.0,3.0,74550.0,False,1,0,False,fast,0,0,False,False,48,False,True,,,,,,,,,,,
7453,74530.0,74530.0,74533.0,0,3.0,3.0,74570.0,False,1,0,False,fast,0,0,False,False,46,False,True,,,,,,,,,,,
7456,74560.0,74560.0,74563.09999847412,0,3.0999984741210938,3.0999984741210938,74600.0,False,1,0,False,fast,0,0,False,False,43,False,True,,,,,,,,,,,
7460,74600.0,74600.0,74603.09999847412,0,3.0999984741210938,3.0999984741210938,74640.0,False,1,0,False,fast,0,1,True,False,39,False,True,,,,,,,,,,,
7461,74610.0,74610.0,74615.5,0,5.5,5.5,74650.0,False,1,0,False,fast,0,0,False,False,38,False,True,,,,,,,,,,,
7462,74620.0,74620.0,74623.09999465942,0,3.099994659423828,3.099994659423828,74660.0,False,1,0,False,fast,0,0,False,False,37,False,True,,,,,,,,,,,
7463,74630.0,74630.0,74634.0,0,4.0,4.0,74670.0,False,1,0,False,fast,0,1,True,False,36,False,True,,,,,,,,,,,
7464,74640.0,74640.0,74642.89999771118,0,2.8999977111816406,2.8999977111816406,74680.0,False,1,0,False,fast,0,1,True,False,35,False,True,,,,,,,,,,,
7468,74680.0,74680.0,74682.90000152588,0,2.9000015258789062,2.9000015258789062,74720.0,False,1,0,False,fast,0,1,True,False,31,False,True,,,,,,,,,,,
7470,74700.0,74700.0,74702.89999771118,0,2.8999977111816406,2.8999977111816406,74740.0,False,1,0,False,fast,0,0,False,False,29,False,True,,,,,,,,,,,
7474,74740.0,74740.0,74743.10000228882,0,3.1000022888183594,3.1000022888183594,74780.0,False,1,0,False,fast,0,0,False,False,25,False,True,,,,,,,,,,,
7478,74780.0,74780.0,74782.89999771118,0,2.8999977111816406,2.8999977111816406,74820.0,False,1,0,False,fast,0,0,False,False,21,False,True,,,,,,,,,,,
7480,74800.0,74800.0,74804.09999847412,0,4.099998474121094,4.099998474121094,74840.0,False,1,0,False,fast,0,0,False,False,19,False,True,,,,,,,,,,,
7482,74820.0,74820.0,74822.79999923706,0,2.799999237060547,2.799999237060547,74860.0,False,1,0,False,fast,0,0,False,False,17,False,True,,,,,,,,,,,
7484,74840.0,74840.0,74842.9999961853,0,2.9999961853027344,2.9999961853027344,74880.0,False,1,0,False,fast,0,1,True,False,15,False,True,,,,,,,,,,,
7489,74890.0,74890.0,74892.90000152588,0,2.9000015258789062,2.9000015258789062,74930.0,False,1,0,False,fast,0,0,False,False,10,False,True,,,,,,,,,,,
7495,74950.0,74950.0,74954.09999847412,0,4.099998474121094,4.099998474121094,74990.0,False,1,0,False,fast,0,0,False,False,4,False,True,,,,,,,,,,,
7496,74960.0,74960.0,74962.90000152588,0,2.9000015258789062,2.9000015258789062,75000.0,False,1,0,False,fast,0,0,False,False,3,False,True,,,,,,,,,,,
7497,74970.0,74970.0,74972.89999771118,0,2.8999977111816406,2.8999977111816406,75010.0,False,1,0,False,fast,0,1,True,False,2,True,True,,,,,,,,,,,
7498,74980.0,74980.0,74982.90000152588,0,2.9000015258789062,2.9000015258789062,75020.0,False,1,0,False,fast,0,0,False,False,1,True,True,,,,,,,,,,,
7499,74990.0,74990.0,74994.20000076294,0,4.200000762939453,4.200000762939453,75030.0,False,1,0,False,fast,0,0,False,True,0,True,True,,,,,,,,,,,
7500,75000.0,75000.0,75003.9999961853,0,3.9999961853027344,3.9999961853027344,75040.0,False,1,0,False,fast,0,0,False,False,99,False,True,,,,,,,,,,,
7506,75060.0,75060.0,75062.90000152588,0,2.9000015258789062,2.9000015258789062,75100.0,False,1,0,False,fast,0,0,False,False,93,False,True,,,,,,,,,,,
7508,75080.0,75080.0,75083.0,0,3.0,3.0,75120.0,False,1,0,False,fast,0,1,True,False,91,False,True,,,,,,,,,,,
7509,75090.0,75090.0,75092.89999771118,0,2.8999977111816406,2.8999977111816406,75130.0,False,1,0,False,fast,0,0,False,False,90,False,True,,,,,,,,,,,
7511,75110.0,75110.0,75113.09999847412,0,3.0999984741210938,3.0999984741210938,75150.0,False,1,0,False,fast,0,0,False,False,88,False,True,,,,,,,,,,,
7512,75120.0,75120.0,75123.10000228882,0,3.1000022888183594,3.1000022888183594,75160.0,False,1,0,False,fast,0,0,False,False,87,False,True,,,,,,,,,,,
7513,75130.0,75130.0,75132.79999923706,0,2.799999237060547,2.799999237060547,75170.0,False,1,0,False,fast,0,1,True,False,86,False,True,,,,,,,,,,,
7518,75180.0,75180.0,75182.89999771118,0,2.8999977111816406,2.8999977111816406,75220.0,False,1,0,False,fast,0,0,False,False,81,False,True,,,,,,,,,,,
7520,75200.0,75200.0,75202.90000152588,0,2.9000015258789062,2.9000015258789062,75240.0,False,1,0,False,fast,0,1,True,False,79,False,True,,,,,,,,,,,
7521,75210.0,75210.0,75212.90000152588,0,2.9000015258789062,2.9000015258789062,75250.0,False,1,0,False,fast,0,1,True,False,78,False,True,,,,,,,,,,,
7527,75270.0,75270.0,75272.90000152588,0,2.9000015258789062,2.9000015258789062,75310.0,False,1,0,False,fast,0,1,True,False,72,False,True,,,,,,,,,,,
7530,75300.0,75300.0,75302.79999923706,0,2.799999237060547,2.799999237060547,75340.0,False,1,0,False,fast,0,0,False,False,69,False,True,,,,,,,,,,,
7532,75320.0,75320.0,75322.89999771118,0,2.8999977111816406,2.8999977111816406,75360.0,False,1,0,False,fast,0,1,True,False,67,False,True,,,,,,,,,,,
7534,75340.0,75340.0,75343.0,0,3.0,3.0,75380.0,False,1,0,False,fast,0,0,False,False,65,False,True,,,,,,,,,,,
7535,75350.0,75350.0,75352.9999961853,0,2.9999961853027344,2.9999961853027344,75390.0,False,1,0,False,fast,0,0,False,False,64,False,True,,,,,,,,,,,
7537,75370.0,75370.0,75372.90000152588,0,2.9000015258789062,2.9000015258789062,75410.0,False,1,0,False,fast,0,0,False,False,62,False,True,,,,,,,,,,,
7539,75390.0,75390.0,75392.9999961853,0,2.9999961853027344,2.9999961853027344,75430.0,False,1,0,False,fast,0,1,True,False,60,False,True,,,,,,,,,,,
7542,75420.0,75420.0,75422.90000152588,0,2.9000015258789062,2.9000015258789062,75460.0,False,1,0,False,fast,0,0,False,False,57,False,True,,,,,,,,,,,
7544,75440.0,75440.0,75442.79999923706,0,2.799999237060547,2.799999237060547,75480.0,False,1,0,False,fast,0,0,False,False,55,False,True,,,,,,,,,,,
7546,75460.0,75460.0,75462.80000305176,0,2.8000030517578125,2.8000030517578125,75500.0,False,1,0,False,fast,0,0,False,False,53,False,True,,,,,,,,,,,
7547,75470.0,75470.0,75472.79999923706,0,2.799999237060547,2.799999237060547,75510.0,False,1,0,False,fast,0,1,True,False,52,False,True,,,,,,,,,,,
7553,75530.0,75530.0,75532.79999923706,0,2.799999237060547,2.799999237060547,75570.0,False,1,0,False,fast,0,1,True,False,46,False,True,,,,,,,,,,,
7558,75580.0,75580.0,75582.79999923706,0,2.799999237060547,2.799999237060547,75620.0,False,1,0,False,fast,0,0,False,False,41,False,True,,,,,,,,,,,
7560,75600.0,75600.0,75604.10000228882,0,4.100002288818359,4.100002288818359,75640.0,False,1,0,False,fast,0,0,False,False,39,False,True,,,,,,,,,,,
7568,75680.0,75680.0,75682.79999923706,0,2.799999237060547,2.799999237060547,75720.0,False,1,0,False,fast,0,0,False,False,31,False,True,,,,,,,,,,,
7572,75720.0,75720.0,75724.5,0,4.5,4.5,75760.0,False,1,0,False,fast,0,1,True,False,27,False,True,,,,,,,,,,,
7574,75740.0,75740.0,75742.79999923706,0,2.799999237060547,2.799999237060547,75780.0,False,1,0,False,fast,0,1,True,False,25,False,True,,,,,,,,,,,
7575,75750.0,75750.0,75754.10000228882,0,4.100002288818359,4.100002288818359,75790.0,False,1,0,False,fast,0,0,False,False,24,False,True,,,,,,,,,,,
7578,75780.0,75780.0,75784.0000038147,0,4.000003814697266,4.000003814697266,75820.0,False,1,0,False,fast,0,0,False,False,21,False,True,,,,,,,,,,,
7580,75800.0,75800.0,75803.0,0,3.0,3.0,75840.0,False,1,0,False,fast,0,0,False,False,19,False,True,,,,,,,,,,,
7581,75810.0,75810.0,75814.20000457764,0,4.200004577636719,4.200004577636719,75850.0,False,1,0,False,fast,0,0,False,False,18,False,True,,,,,,,,,,,
7584,75840.0,75840.0,75842.89999771118,0,2.8999977111816406,2.8999977111816406,75880.0,False,1,0,False,fast,0,0,False,False,15,False,True,,,,,,,,,,,
7585,75850.0,75850.0,75854.90000152588,0,4.900001525878906,4.900001525878906,75890.0,False,1,0,False,fast,0,1,True,False,14,False,True,,,,,,,,,,,
7590,75900.0,75900.0,75903.90000152588,0,3.9000015258789062,3.9000015258789062,75940.0,False,1,0,False,fast,0,0,False,False,9,False,True,,,,,,,,,,,
7592,75920.0,75920.0,75922.89999771118,0,2.8999977111816406,2.8999977111816406,75960.0,False,1,0,False,fast,0,1,True,False,7,False,True,,,,,,,,,,,
7594,75940.0,75940.0,75942.79999923706,0,2.799999237060547,2.799999237060547,75980.0,False,1,0,False,fast,0,0,False,False,5,False,True,,,,,,,,,,,
7601,76010.0,76010.0,76012.79999923706,0,2.799999237060547,2.799999237060547,76050.0,False,1,0,False,fast,0,0,False,False,98,False,True,,,,,,,,,,,
7602,76020.0,76020.0,76022.90000152588,0,2.9000015258789062,2.9000015258789062,76060.0,False,1,0,False,fast,0,1,True,False,97,False,True,,,,,,,,,,,
7603,76030.0,76030.0,76032.89999771118,0,2.8999977111816406,2.8999977111816406,76070.0,False,1,0,False,fast,0,1,True,False,96,False,True,,,,,,,,,,,
7604,76040.0,76040.0,76042.90000152588,0,2.9000015258789062,2.9000015258789062,76080.0,False,1,0,False,fast,0,1,True,False,95,False,True,,,,,,,,,,,
7607,76070.0,76070.0,76072.90000152588,0,2.9000015258789062,2.9000015258789062,76110.0,False,1,0,False,fast,0,1,True,False,92,False,True,,,,,,,,,,,
7610,76100.0,76100.0,76102.89999389648,0,2.899993896484375,2.899993896484375,76140.0,False,1,0,False,fast,0,0,False,False,89,False,True,,,,,,,,,,,
7612,76120.0,76120.0,76122.90000152588,0,2.9000015258789062,2.9000015258789062,76160.0,False,1,0,False,fast,0,0,False,False,87,False,True,,,,,,,,,,,
7613,76130.0,76130.0,76132.90000152588,0,2.9000015258789062,2.9000015258789062,76170.0,False,1,0,False,fast,0,1,True,False,86,False,True,,,,,,,,,,,
7617,76170.0,76170.0,76174.0,0,4.0,4.0,76210.0,False,1,0,False,fast,0,1,True,False,82,False,True,,,,,,,,,,,
7618,76180.0,76180.0,76182.90000152588,0,2.9000015258789062,2.9000015258789062,76220.0,False,1,0,False,fast,0,0,False,False,81,False,True,,,,,,,,,,,
7619,76190.0,76190.0,76192.79999923706,0,2.799999237060547,2.799999237060547,76230.0,False,1,0,False,fast,0,0,False,False,80,False,True,,,,,,,,,,,
7620,76200.0,76200.0,76203.0,0,3.0,3.0,76240.0,False,1,0,False,fast,0,1,True,False,79,False,True,,,,,,,,,,,
7623,76230.0,76230.0,76232.90000152588,0,2.9000015258789062,2.9000015258789062,76270.0,False,1,0,False,fast,0,0,False,False,76,False,True,,,,,,,,,,,
7624,76240.0,76240.0,76242.90000152588,0,2.9000015258789062,2.9000015258789062,76280.0,False,1,0,False,fast,0,0,False,False,75,False,True,,,,,,,,,,,
7625,76250.0,76250.0,76252.79999923706,0,2.799999237060547,2.799999237060547,76290.0,False,1,0,False,fast,0,0,False,False,74,False,True,,,,,,,,,,,
7632,76320.0,76320.0,76322.90000152588,0,2.9000015258789062,2.9000015258789062,76360.0,False,1,0,False,fast,0,0,False,False,67,False,True,,,,,,,,,,,
7633,76330.0,76330.0,76333.0,0,3.0,3.0,76370.0,False,1,0,False,fast,0,0,False,False,66,False,True,,,,,,,,,,,
7634,76340.0,76340.0,76343.29999923706,0,3.299999237060547,3.299999237060547,76380.0,False,1,0,False,fast,0,0,False,False,65,False,True,,,,,,,,,,,
7636,76360.0,76360.0,76363.79999923706,0,3.799999237060547,3.799999237060547,76400.0,False,1,0,False,fast,0,0,False,False,63,False,True,,,,,,,,,,,
7638,76380.0,76380.0,76383.0,0,3.0,3.0,76420.0,False,1,0,False,fast,0,0,False,False,61,False,True,,,,,,,,,,,
7639,76390.0,76390.0,76392.90000152588,0,2.9000015258789062,2.9000015258789062,76430.0,False,1,0,False,fast,0,0,False,False,60,False,True,,,,,,,,,,,
7640,76400.0,76400.0,76402.89999771118,0,2.8999977111816406,2.8999977111816406,76440.0,False,1,0,False,fast,0,0,False,False,59,False,True,,,,,,,,,,,
7647,76470.0,76470.0,76472.79999923706,0,2.799999237060547,2.799999237060547,76510.0,False,1,0,False,fast,0,1,True,False,52,False,True,,,,,,,,,,,
7649,76490.0,76490.0,76492.9999961853,0,2.9999961853027344,2.9999961853027344,76530.0,False,1,0,False,fast,0,1,True,False,50,False,True,,,,,,,,,,,
7655,76550.0,76550.0,76553.89999771118,0,3.8999977111816406,3.8999977111816406,76590.0,False,1,0,False,fast,0,0,False,False,44,False,True,,,,,,,,,,,
7658,76580.0,76580.0,76584.0,0,4.0,4.0,76620.0,False,1,0,False,fast,0,0,False,False,41,False,True,,,,,,,,,,,
7659,76590.0,76590.0,76592.80000305176,0,2.8000030517578125,2.8000030517578125,76630.0,False,1,0,False,fast,0,0,False,False,40,False,True,,,,,,,,,,,
7660,76600.0,76600.0,76605.09999847412,0,5.099998474121094,5.099998474121094,76640.0,False,1,0,False,fast,0,1,True,False,39,False,True,,,,,,,,,,,
7664,76640.0,76640.0,76644.09999847412,0,4.099998474121094,4.099998474121094,76680.0,False,1,0,False,fast,0,1,True,False,35,False,True,,,,,,,,,,,
7665,76650.0,76650.0,76652.79999923706,0,2.799999237060547,2.799999237060547,76690.0,False,1,0,False,fast,0,0,False,False,34,False,True,,,,,,,,,,,
7667,76670.0,76670.0,76672.90000152588,0,2.9000015258789062,2.9000015258789062,76710.0,False,1,0,False,fast,0,1,True,False,32,False,True,,,,,,,,,,,
7670,76700.0,76700.0,76702.90000152588,0,2.9000015258789062,2.9000015258789062,76740.0,False,1,0,False,fast,0,0,False,False,29,False,True,,,,,,,,,,,
7674,76740.0,76740.0,76743.0000038147,0,3.0000038146972656,3.0000038146972656,76780.0,False,1,0,False,fast,0,1,True,False,25,False,True,,,,,,,,,,,
7676,76760.0,76760.0,76762.79999923706,0,2.799999237060547,2.799999237060547,76800.0,False,1,0,False,fast,0,1,True,False,23,False,True,,,,,,,,,,,
7678,76780.0,76780.0,76782.89999771118,0,2.8999977111816406,2.8999977111816406,76820.0,False,1,0,False,fast,0,0,False,False,21,False,True,,,,,,,,,,,
7679,76790.0,76790.0,76792.90000152588,0,2.9000015258789062,2.9000015258789062,76830.0,False,1,0,False,fast,0,0,False,False,20,False,True,,,,,,,,,,,
7680,76800.0,76800.0,76802.89999771118,0,2.8999977111816406,2.8999977111816406,76840.0,False,1,0,False,fast,0,0,False,False,19,False,True,,,,,,,,,,,
7682,76820.0,76820.0,76822.79999923706,0,2.799999237060547,2.799999237060547,76860.0,False,1,0,False,fast,0,0,False,False,17,False,True,,,,,,,,,,,
7684,76840.0,76840.0,76844.0,0,4.0,4.0,76880.0,False,1,0,False,fast,0,0,False,False,15,False,True,,,,,,,,,,,
7689,76890.0,76890.0,76892.90000152588,0,2.9000015258789062,2.9000015258789062,76930.0,False,1,0,False,fast,0,1,True,False,10,False,True,,,,,,,,,,,
7692,76920.0,76920.0,76922.89999771118,0,2.8999977111816406,2.8999977111816406,76960.0,False,1,0,False,fast,0,0,False,False,7,False,True,,,,,,,,,,,
7694,76940.0,76940.0,76942.79999923706,0,2.799999237060547,2.799999237060547,76980.0,False,1,0,False,fast,0,0,False,False,5,False,True,,,,,,,,,,,
7701,77010.0,77010.0,77012.79999923706,0,2.799999237060547,2.799999237060547,77050.0,False,1,0,False,fast,0,0,False,False,98,False,True,,,,,,,,,,,
7703,77030.0,77030.0,77034.10000228882,0,4.100002288818359,4.100002288818359,77070.0,False,1,0,False,fast,0,0,False,False,96,False,True,,,,,,,,,,,
7704,77040.0,77040.0,77042.90000152588,0,2.9000015258789062,2.9000015258789062,77080.0,False,1,0,False,fast,0,0,False,False,95,False,True,,,,,,,,,,,
7705,77050.0,77050.0,77052.79999923706,0,2.799999237060547,2.799999237060547,77090.0,False,1,0,False,fast,0,1,True,False,94,False,True,,,,,,,,,,,
7707,77070.0,77070.0,77072.90000152588,0,2.9000015258789062,2.9000015258789062,77110.0,False,1,0,False,fast,0,0,False,False,92,False,True,,,,,,,,,,,
7710,77100.0,77100.0,77102.80000305176,0,2.8000030517578125,2.8000030517578125,77140.0,False,1,0,False,fast,0,0,False,False,89,False,True,,,,,,,,,,,
7711,77110.0,77110.0,77112.89999771118,0,2.8999977111816406,2.8999977111816406,77150.0,False,1,0,False,fast,0,1,True,False,88,False,True,,,,,,,,,,,
7712,77120.0,77120.0,77123.0,0,3.0,3.0,77160.0,False,1,0,False,fast,0,0,False,False,87,False,True,,,,,,,,,,,
7713,77130.0,77130.0,77132.79999923706,0,2.799999237060547,2.799999237060547,77170.0,False,1,0,False,fast,0,0,False,False,86,False,True,,,,,,,,,,,
7715,77150.0,77150.0,77152.90000152588,0,2.9000015258789062,2.9000015258789062,77190.0,False,1,0,False,fast,0,1,True,False,84,False,True,,,,,,,,,,,
7716,77160.0,77160.0,77162.90000152588,0,2.9000015258789062,2.9000015258789062,77200.0,False,1,0,False,fast,0,0,False,False,83,False,True,,,,,,,,,,,
7722,77220.0,77220.0,77223.0,0,3.0,3.0,77260.0,False,1,0,False,fast,0,1,True,False,77,False,True,,,,,,,,,,,
7725,77250.0,77250.0,77252.89999771118,0,2.8999977111816406,2.8999977111816406,77290.0,False,1,0,False,fast,0,0,False,False,74,False,True,,,,,,,,,,,
7727,77270.0,77270.0,77273.0000038147,0,3.0000038146972656,3.0000038146972656,77310.0,False,1,0,False,fast,0,0,False,False,72,False,True,,,,,,,,,,,
7728,77280.0,77280.0,77282.89999771118,0,2.8999977111816406,2.8999977111816406,77320.0,False,1,0,False,fast,0,1,True,False,71,False,True,,,,,,,,,,,
7730,77300.0,77300.0,77302.89999771118,0,2.8999977111816406,2.8999977111816406,77340.0,False,1,0,False,fast,0,0,False,False,69,False,True,,,,,,,,,,,
7734,77340.0,77340.0,77342.90000152588,0,2.9000015258789062,2.9000015258789062,77380.0,False,1,0,False,fast,0,0,False,False,65,False,True,,,,,,,,,,,
7735,77350.0,77350.0,77352.90000152588,0,2.9000015258789062,2.9000015258789062,77390.0,False,1,0,False,fast,0,0,False,False,64,False,True,,,,,,,,,,,
7737,77370.0,77370.0,77373.0,0,3.0,3.0,77410.0,False,1,0,False,fast,0,0,False,False,62,False,True,,,,,,,,,,,
7739,77390.0,77390.0,77392.79999923706,0,2.799999237060547,2.799999237060547,77430.0,False,1,0,False,fast,0,0,False,False,60,False,True,,,,,,,,,,,
7742,77420.0,77420.0,77422.89999771118,0,2.8999977111816406,2.8999977111816406,77460.0,False,1,0,False,fast,0,0,False,False,57,False,True,,,,,,,,,,,
7743,77430.0,77430.0,77433.0,0,3.0,3.0,77470.0,False,1,0,False,fast,0,1,True,False,56,False,True,,,,,,,,,,,
7744,77440.0,77440.0,77442.90000152588,0,2.9000015258789062,2.9000015258789062,77480.0,False,1,0,False,fast,0,0,False,False,55,False,True,,,,,,,,,,,
7745,77450.0,77450.0,77453.89999771118,0,3.8999977111816406,3.8999977111816406,77490.0,False,1,0,False,fast,0,1,True,False,54,False,True,,,,,,,,,,,
7747,77470.0,77470.0,77472.90000152588,0,2.9000015258789062,2.9000015258789062,77510.0,False,1,0,False,fast,0,1,True,False,52,False,True,,,,,,,,,,,
7749,77490.0,77490.0,77494.0000038147,0,4.000003814697266,4.000003814697266,77530.0,False,1,0,False,fast,0,0,False,False,50,False,True,,,,,,,,,,,
7753,77530.0,77530.0,77534.20000076294,0,4.200000762939453,4.200000762939453,77570.0,False,1,0,False,fast,0,1,True,False,46,False,True,,,,,,,,,,,
7755,77550.0,77550.0,77552.90000152588,0,2.9000015258789062,2.9000015258789062,77590.0,False,1,0,False,fast,0,0,False,False,44,False,True,,,,,,,,,,,
7756,77560.0,77560.0,77562.89999771118,0,2.8999977111816406,2.8999977111816406,77600.0,False,1,0,False,fast,0,0,False,False,43,False,True,,,,,,,,,,,
7757,77570.0,77570.0,77574.09999847412,0,4.099998474121094,4.099998474121094,77610.0,False,1,0,False,fast,0,0,False,False,42,False,True,,,,,,,,,,,
7758,77580.0,77580.0,77583.0,0,3.0,3.0,77620.0,False,1,0,False,fast,0,0,False,False,41,False,True,,,,,,,,,,,
7759,77590.0,77590.0,77592.89999771118,0,2.8999977111816406,2.8999977111816406,77630.0,False,1,0,False,fast,0,0,False,False,40,False,True,,,,,,,,,,,
7760,77600.0,77600.0,77603.90000152588,0,3.9000015258789062,3.9000015258789062,77640.0,False,1,0,False,fast,0,1,True,False,39,False,True,,,,,,,,,,,
7764,77640.0,77640.0,77643.89999771118,0,3.8999977111816406,3.8999977111816406,77680.0,False,1,0,False,fast,0,1,True,False,35,False,True,,,,,,,,,,,
7766,77660.0,77660.0,77663.0000038147,0,3.0000038146972656,3.0000038146972656,77700.0,False,1,0,False,fast,0,0,False,False,33,False,True,,,,,,,,,,,
7767,77670.0,77670.0,77672.80000305176,0,2.8000030517578125,2.8000030517578125,77710.0,False,1,0,False,fast,0,0,False,False,32,False,True,,,,,,,,,,,
7777,77770.0,77770.0,77772.89999771118,0,2.8999977111816406,2.8999977111816406,77810.0,False,1,0,False,fast,0,0,False,False,22,False,True,,,,,,,,,,,
7780,77800.0,77800.0,77803.0,0,3.0,3.0,77840.0,False,1,0,False,fast,0,1,True,False,19,False,True,,,,,,,,,,,
7783,77830.0,77830.0,77833.0000038147,0,3.0000038146972656,3.0000038146972656,77870.0,False,1,0,False,fast,0,0,False,False,16,False,True,,,,,,,,,,,
7784,77840.0,77840.0,77842.90000152588,0,2.9000015258789062,2.9000015258789062,77880.0,False,1,0,False,fast,0,0,False,False,15,False,True,,,,,,,,,,,
7786,77860.0,77860.0,77862.9999961853,0,2.9999961853027344,2.9999961853027344,77900.0,False,1,0,False,fast,0,0,False,False,13,False,True,,,,,,,,,,,
7792,77920.0,77920.0,77923.0,0,3.0,3.0,77960.0,False,1,0,False,fast,0,1,True,False,7,False,True,,,,,,,,,,,
7795,77950.0,77950.0,77952.80000305176,0,2.8000030517578125,2.8000030517578125,77990.0,False,1,0,False,fast,0,0,False,False,4,False,True,,,,,,,,,,,
7797,77970.0,77970.0,77972.79999923706,0,2.799999237060547,2.799999237060547,78010.0,False,1,0,False,fast,0,1,True,False,2,True,True,,,,,,,,,,,
7800,78000.0,78000.0,78002.79999923706,0,2.799999237060547,2.799999237060547,78040.0,False,1,0,False,fast,0,0,False,False,99,False,True,,,,,,,,,,,
7801,78010.0,78010.0,78012.89999771118,0,2.8999977111816406,2.8999977111816406,78050.0,False,1,0,False,fast,0,0,False,False,98,False,True,,,,,,,,,,,
7802,78020.0,78020.0,78022.79999923706,0,2.799999237060547,2.799999237060547,78060.0,False,1,0,False,fast,0,0,False,False,97,False,True,,,,,,,,,,,
7804,78040.0,78040.0,78043.0,0,3.0,3.0,78080.0,False,1,0,False,fast,0,0,False,False,95,False,True,,,,,,,,,,,
7805,78050.0,78050.0,78052.90000152588,0,2.9000015258789062,2.9000015258789062,78090.0,False,1,0,False,fast,0,0,False,False,94,False,True,,,,,,,,,,,
7806,78060.0,78060.0,78063.0,0,3.0,3.0,78100.0,False,1,0,False,fast,0,0,False,False,93,False,True,,,,,,,,,,,
7812,78120.0,78120.0,78122.90000152588,0,2.9000015258789062,2.9000015258789062,78160.0,False,1,0,False,fast,0,0,False,False,87,False,True,,,,,,,,,,,
7816,78160.0,78160.0,78162.90000152588,0,2.9000015258789062,2.9000015258789062,78200.0,False,1,0,False,fast,0,1,True,False,83,False,True,,,,,,,,,,,
7818,78180.0,78180.0,78183.0000038147,0,3.0000038146972656,3.0000038146972656,78220.0,False,1,0,False,fast,0,1,True,False,81,False,True,,,,,,,,,,,
7820,78200.0,78200.0,78203.09999847412,0,3.0999984741210938,3.0999984741210938,78240.0,False,1,0,False,fast,0,0,False,False,79,False,True,,,,,,,,,,,
7824,78240.0,78240.0,78243.0,0,3.0,3.0,78280.0,False,1,0,False,fast,0,1,True,False,75,False,True,,,,,,,,,,,
7827,78270.0,78270.0,78272.79999923706,0,2.799999237060547,2.799999237060547,78310.0,False,1,0,False,fast,0,0,False,False,72,False,True,,,,,,,,,,,
7830,78300.0,78300.0,78304.19999694824,0,4.1999969482421875,4.1999969482421875,78340.0,False,1,0,False,fast,0,0,False,False,69,False,True,,,,,,,,,,,
7834,78340.0,78340.0,78342.90000152588,0,2.9000015258789062,2.9000015258789062,78380.0,False,1,0,False,fast,0,0,False,False,65,False,True,,,,,,,,,,,
7835,78350.0,78350.0,78352.89999771118,0,2.8999977111816406,2.8999977111816406,78390.0,False,1,0,False,fast,0,1,True,False,64,False,True,,,,,,,,,,,
7842,78420.0,78420.0,78422.89999389648,0,2.899993896484375,2.899993896484375,78460.0,False,1,0,False,fast,0,0,False,False,57,False,True,,,,,,,,,,,
7847,78470.0,78470.0,78472.90000152588,0,2.9000015258789062,2.9000015258789062,78510.0,False,1,0,False,fast,0,0,False,False,52,False,True,,,,,,,,,,,
7850,78500.0,78500.0,78503.0,0,3.0,3.0,78540.0,False,1,0,False,fast,0,0,False,False,49,False,True,,,,,,,,,,,
7856,78560.0,78560.0,78563.0,0,3.0,3.0,78600.0,False,1,0,False,fast,0,0,False,False,43,False,True,,,,,,,,,,,
7861,78610.0,78610.0,78614.10000228882,0,4.100002288818359,4.100002288818359,78650.0,False,1,0,False,fast,0,1,True,False,38,False,True,,,,,,,,,,,
7862,78620.0,78620.0,78622.90000152588,0,2.9000015258789062,2.9000015258789062,78660.0,False,1,0,False,fast,0,0,False,False,37,False,True,,,,,,,,,,,
7864,78640.0,78640.0,78642.90000152588,0,2.9000015258789062,2.9000015258789062,78680.0,False,1,0,False,fast,0,0,False,False,35,False,True,,,,,,,,,,,
7865,78650.0,78650.0,78653.90000152588,0,3.9000015258789062,3.9000015258789062,78690.0,False,1,0,False,fast,0,1,True,False,34,False,True,,,,,,,,,,,
7868,78680.0,78680.0,78682.79999923706,0,2.799999237060547,2.799999237060547,78720.0,False,1,0,False,fast,0,0,False,False,31,False,True,,,,,,,,,,,
7869,78690.0,78690.0,78693.80000305176,0,3.8000030517578125,3.8000030517578125,78730.0,False,1,0,False,fast,0,1,True,False,30,False,True,,,,,,,,,,,
7872,78720.0,78720.0,78722.90000152588,0,2.9000015258789062,2.9000015258789062,78760.0,False,1,0,False,fast,0,0,False,False,27,False,True,,,,,,,,,,,
7873,78730.0,78730.0,78734.10000228882,0,4.100002288818359,4.100002288818359,78770.0,False,1,0,False,fast,0,1,True,False,26,False,True,,,,,,,,,,,
7874,78740.0,78740.0,78742.90000152588,0,2.9000015258789062,2.9000015258789062,78780.0,False,1,0,False,fast,0,0,False,False,25,False,True,,,,,,,,,,,
7875,78750.0,78750.0,78752.89999771118,0,2.8999977111816406,2.8999977111816406,78790.0,False,1,0,False,fast,0,0,False,False,24,False,True,,,,,,,,,,,
7876,78760.0,78760.0,78762.89999771118,0,2.8999977111816406,2.8999977111816406,78800.0,False,1,0,False,fast,0,0,False,False,23,False,True,,,,,,,,,,,
7880,78800.0,78800.0,78803.0,0,3.0,3.0,78840.0,False,1,0,False,fast,0,0,False,False,19,False,True,,,,,,,,,,,
7881,78810.0,78810.0,78812.90000152588,0,2.9000015258789062,2.9000015258789062,78850.0,False,1,0,False,fast,0,0,False,False,18,False,True,,,,,,,,,,,
7886,78860.0,78860.0,78864.20000457764,0,4.200004577636719,4.200004577636719,78900.0,False,1,0,False,fast,0,1,True,False,13,False,True,,,,,,,,,,,
7888,78880.0,78880.0,78883.10000228882,0,3.1000022888183594,3.1000022888183594,78920.0,False,1,0,False,fast,0,0,False,False,11,False,True,,,,,,,,,,,
7891,78910.0,78910.0,78912.90000152588,0,2.9000015258789062,2.9000015258789062,78950.0,False,1,0,False,fast,0,0,False,False,8,False,True,,,,,,,,,,,
7893,78930.0,78930.0,78932.79999923706,0,2.799999237060547,2.799999237060547,78970.0,False,1,0,False,fast,0,0,False,False,6,False,True,,,,,,,,,,,
7902,79020.0,79020.0,79022.89999389648,0,2.899993896484375,2.899993896484375,79060.0,False,1,0,False,fast,0,0,False,False,97,False,True,,,,,,,,,,,
7905,79050.0,79050.0,79052.79999923706,0,2.799999237060547,2.799999237060547,79090.0,False,1,0,False,fast,0,0,False,False,94,False,True,,,,,,,,,,,
7906,79060.0,79060.0,79062.9999961853,0,2.9999961853027344,2.9999961853027344,79100.0,False,1,0,False,fast,0,1,True,False,93,False,True,,,,,,,,,,,
7907,79070.0,79070.0,79073.20000076294,0,3.200000762939453,3.200000762939453,79110.0,False,1,0,False,fast,0,0,False,False,92,False,True,,,,,,,,,,,
7911,79110.0,79110.0,79112.90000152588,0,2.9000015258789062,2.9000015258789062,79150.0,False,1,0,False,fast,0,0,False,False,88,False,True,,,,,,,,,,,
7912,79120.0,79120.0,79123.0,0,3.0,3.0,79160.0,False,1,0,False,fast,0,1,True,False,87,False,True,,,,,,,,,,,
7913,79130.0,79130.0,79132.89999771118,0,2.8999977111816406,2.8999977111816406,79170.0,False,1,0,False,fast,0,0,False,False,86,False,True,,,,,,,,,,,
7914,79140.0,79140.0,79143.09999847412,0,3.0999984741210938,3.0999984741210938,79180.0,False,1,0,False,fast,0,1,True,False,85,False,True,,,,,,,,,,,
7917,79170.0,79170.0,79173.0,0,3.0,3.0,79210.0,False,1,0,False,fast,0,0,False,False,82,False,True,,,,,,,,,,,
7925,79250.0,79250.0,79252.89999771118,0,2.8999977111816406,2.8999977111816406,79290.0,False,1,0,False,fast,0,1,True,False,74,False,True,,,,,,,,,,,
7929,79290.0,79290.0,79292.90000152588,0,2.9000015258789062,2.9000015258789062,79330.0,False,1,0,False,fast,0,0,False,False,70,False,True,,,,,,,,,,,
7931,79310.0,79310.0,79313.0000038147,0,3.0000038146972656,3.0000038146972656,79350.0,False,1,0,False,fast,0,0,False,False,68,False,True,,,,,,,,,,,
7935,79350.0,79350.0,79352.89999771118,0,2.8999977111816406,2.8999977111816406,79390.0,False,1,0,False,fast,0,1,True,False,64,False,True,,,,,,,,,,,
7939,79390.0,79390.0,79392.90000152588,0,2.9000015258789062,2.9000015258789062,79430.0,False,1,0,False,fast,0,0,False,False,60,False,True,,,,,,,,,,,
7940,79400.0,79400.0,79403.0,0,3.0,3.0,79440.0,False,1,0,False,fast,0,0,False,False,59,False,True,,,,,,,,,,,
7943,79430.0,79430.0,79433.5,0,3.5,3.5,79470.0,False,1,0,False,fast,0,1,True,False,56,False,True,,,,,,,,,,,
7944,79440.0,79440.0,79444.09999847412,0,4.099998474121094,4.099998474121094,79480.0,False,1,0,False,fast,0,0,False,False,55,False,True,,,,,,,,,,,
7945,79450.0,79450.0,79452.89999771118,0,2.8999977111816406,2.8999977111816406,79490.0,False,1,0,False,fast,0,1,True,False,54,False,True,,,,,,,,,,,
7947,79470.0,79470.0,79472.89999389648,0,2.899993896484375,2.899993896484375,79510.0,False,1,0,False,fast,0,0,False,False,52,False,True,,,,,,,,,,,
7948,79480.0,79480.0,79482.89999771118,0,2.8999977111816406,2.8999977111816406,79520.0,False,1,0,False,fast,0,0,False,False,51,False,True,,,,,,,,,,,
7950,79500.0,79500.0,79502.90000152588,0,2.9000015258789062,2.9000015258789062,79540.0,False,1,0,False,fast,0,0,False,False,49,False,True,,,,,,,,,,,
7953,79530.0,79530.0,79534.29999923706,0,4.299999237060547,4.299999237060547,79570.0,False,1,0,False,fast,0,1,True,False,46,False,True,,,,,,,,,,,
7957,79570.0,79570.0,79574.0000038147,0,4.000003814697266,4.000003814697266,79610.0,False,1,0,False,fast,0,0,False,False,42,False,True,,,,,,,,,,,
7959,79590.0,79590.0,79592.90000152588,0,2.9000015258789062,2.9000015258789062,79630.0,False,1,0,False,fast,0,0,False,False,40,False,True,,,,,,,,,,,
7964,79640.0,79640.0,79642.90000152588,0,2.9000015258789062,2.9000015258789062,79680.0,False,1,0,False,fast,0,1,True,False,35,False,True,,,,,,,,,,,
7967,79670.0,79670.0,79672.79999923706,0,2.799999237060547,2.799999237060547,79710.0,False,1,0,False,fast,0,0,False,False,32,False,True,,,,,,,,,,,
7969,79690.0,79690.0,79692.90000152588,0,2.9000015258789062,2.9000015258789062,79730.0,False,1,0,False,fast,0,0,False,False,30,False,True,,,,,,,,,,,
7970,79700.0,79700.0,79702.79999923706,0,2.799999237060547,2.799999237060547,79740.0,False,1,0,False,fast,0,1,True,False,29,False,True,,,,,,,,,,,
7971,79710.0,79710.0,79713.39999771118,0,3.3999977111816406,3.3999977111816406,79750.0,False,1,0,False,fast,0,1,True,False,28,False,True,,,,,,,,,,,
7973,79730.0,79730.0,79732.90000152588,0,2.9000015258789062,2.9000015258789062,79770.0,False,1,0,False,fast,0,1,True,False,26,False,True,,,,,,,,,,,
7975,79750.0,79750.0,79752.90000152588,0,2.9000015258789062,2.9000015258789062,79790.0,False,1,0,False,fast,0,1,True,False,24,False,True,,,,,,,,,,,
7978,79780.0,79780.0,79782.90000152588,0,2.9000015258789062,2.9000015258789062,79820.0,False,1,0,False,fast,0,1,True,False,21,False,True,,,,,,,,,,,
7981,79810.0,79810.0,79812.90000152588,0,2.9000015258789062,2.9000015258789062,79850.0,False,1,0,False,fast,0,0,False,False,18,False,True,,,,,,,,,,,
7982,79820.0,79820.0,79822.90000152588,0,2.9000015258789062,2.9000015258789062,79860.0,False,1,0,False,fast,0,0,False,False,17,False,True,,,,,,,,,,,
7984,79840.0,79840.0,79842.89999771118,0,2.8999977111816406,2.8999977111816406,79880.0,False,1,0,False,fast,0,0,False,False,15,False,True,,,,,,,,,,,
7986,79860.0,79860.0,79863.09999847412,0,3.0999984741210938,3.0999984741210938,79900.0,False,1,0,False,fast,0,0,False,False,13,False,True,,,,,,,,,,,
7988,79880.0,79880.0,79882.89999771118,0,2.8999977111816406,2.8999977111816406,79920.0,False,1,0,False,fast,0,1,True,False,11,False,True,,,,,,,,,,,
7989,79890.0,79890.0,79892.90000152588,0,2.9000015258789062,2.9000015258789062,79930.0,False,1,0,False,fast,0,1,True,False,10,False,True,,,,,,,,,,,
7991,79910.0,79910.0,79913.10000228882,0,3.1000022888183594,3.1000022888183594,79950.0,False,1,0,False,fast,0,0,False,False,8,False,True,,,,,,,,,,,
7992,79920.0,79920.0,79922.89999771118,0,2.8999977111816406,2.8999977111816406,79960.0,False,1,0,False,fast,0,0,False,False,7,False,True,,,,,,,,,,,
7994,79940.0,79940.0,79943.40000152588,0,3.4000015258789062,3.4000015258789062,79980.0,False,1,0,False,fast,0,0,False,False,5,False,True,,,,,,,,,,,
7997,79970.0,79970.0,79972.90000152588,0,2.9000015258789062,2.9000015258789062,80010.0,False,1,0,False,fast,0,1,True,False,2,True,True,,,,,,,,,,,
8000,80000.0,80000.0,80003.9999961853,0,3.9999961853027344,3.9999961853027344,80040.0,False,1,0,False,fast,0,1,True,False,99,False,True,,,,,,,,,,,
8003,80030.0,80030.0,80032.79999923706,0,2.799999237060547,2.799999237060547,80070.0,False,1,0,False,fast,0,1,True,False,96,False,True,,,,,,,,,,,
8004,80040.0,80040.0,80043.0,0,3.0,3.0,80080.0,False,1,0,False,fast,0,0,False,False,95,False,True,,,,,,,,,,,
8007,80070.0,80070.0,80072.90000152588,0,2.9000015258789062,2.9000015258789062,80110.0,False,1,0,False,fast,0,0,False,False,92,False,True,,,,,,,,,,,
8008,80080.0,80080.0,80083.0,0,3.0,3.0,80120.0,False,1,0,False,fast,0,1,True,False,91,False,True,,,,,,,,,,,
8011,80110.0,80110.0,80112.89999771118,0,2.8999977111816406,2.8999977111816406,80150.0,False,1,0,False,fast,0,0,False,False,88,False,True,,,,,,,,,,,
8013,80130.0,80130.0,80132.79999923706,0,2.799999237060547,2.799999237060547,80170.0,False,1,0,False,fast,0,0,False,False,86,False,True,,,,,,,,,,,
8014,80140.0,80140.0,80142.79999923706,0,2.799999237060547,2.799999237060547,80180.0,False,1,0,False,fast,0,1,True,False,85,False,True,,,,,,,,,,,
8019,80190.0,80190.0,80192.89999771118,0,2.8999977111816406,2.8999977111816406,80230.0,False,1,0,False,fast,0,0,False,False,80,False,True,,,,,,,,,,,
8023,80230.0,80230.0,80232.79999923706,0,2.799999237060547,2.799999237060547,80270.0,False,1,0,False,fast,0,1,True,False,76,False,True,,,,,,,,,,,
8027,80270.0,80270.0,80272.90000152588,0,2.9000015258789062,2.9000015258789062,80310.0,False,1,0,False,fast,0,1,True,False,72,False,True,,,,,,,,,,,
8029,80290.0,80290.0,80293.09999847412,0,3.0999984741210938,3.0999984741210938,80330.0,False,1,0,False,fast,0,1,True,False,70,False,True,,,,,,,,,,,
8031,80310.0,80310.0,80314.10000228882,0,4.100002288818359,4.100002288818359,80350.0,False,1,0,False,fast,0,1,True,False,68,False,True,,,,,,,,,,,
8032,80320.0,80320.0,80323.0000038147,0,3.0000038146972656,3.0000038146972656,80360.0,False,1,0,False,fast,0,1,True,False,67,False,True,,,,,,,,,,,
8034,80340.0,80340.0,80343.0,0,3.0,3.0,80380.0,False,1,0,False,fast,0,0,False,False,65,False,True,,,,,,,,,,,
8038,80380.0,80380.0,80383.0000038147,0,3.0000038146972656,3.0000038146972656,80420.0,False,1,0,False,fast,0,0,False,False,61,False,True,,,,,,,,,,,
8039,80390.0,80390.0,80394.40000152588,0,4.400001525878906,4.400001525878906,80430.0,False,1,0,False,fast,0,1,True,False,60,False,True,,,,,,,,,,,
8040,80400.0,80400.0,80403.09999847412,0,3.0999984741210938,3.0999984741210938,80440.0,False,1,0,False,fast,0,0,False,False,59,False,True,,,,,,,,,,,
8042,80420.0,80420.0,80424.0,0,4.0,4.0,80460.0,False,1,0,False,fast,0,1,True,False,57,False,True,,,,,,,,,,,
8045,80450.0,80450.0,80452.90000152588,0,2.9000015258789062,2.9000015258789062,80490.0,False,1,0,False,fast,0,1,True,False,54,False,True,,,,,,,,,,,
8046,80460.0,80460.0,80464.29999923706,0,4.299999237060547,4.299999237060547,80500.0,False,1,0,False,fast,0,0,False,False,53,False,True,,,,,,,,,,,
8048,80480.0,80480.0,80482.89999771118,0,2.8999977111816406,2.8999977111816406,80520.0,False,1,0,False,fast,0,0,False,False,51,False,True,,,,,,,,,,,
8050,80500.0,80500.0,80502.80000305176,0,2.8000030517578125,2.8000030517578125,80540.0,False,1,0,False,fast,0,1,True,False,49,False,True,,,,,,,,,,,
8051,80510.0,80510.0,80512.79999923706,0,2.799999237060547,2.799999237060547,80550.0,False,1,0,False,fast,0,0,False,False,48,False,True,,,,,,,,,,,
8053,80530.0,80530.0,80532.79999923706,0,2.799999237060547,2.799999237060547,80570.0,False,1,0,False,fast,0,1,True,False,46,False,True,,,,,,,,,,,
8055,80550.0,80550.0,80552.90000152588,0,2.9000015258789062,2.9000015258789062,80590.0,False,1,0,False,fast,0,0,False,False,44,False,True,,,,,,,,,,,
8058,80580.0,80580.0,80582.90000152588,0,2.9000015258789062,2.9000015258789062,80620.0,False,1,0,False,fast,0,0,False,False,41,False,True,,,,,,,,,,,
8059,80590.0,80590.0,80592.79999923706,0,2.799999237060547,2.799999237060547,80630.0,False,1,0,False,fast,0,1,True,False,40,False,True,,,,,,,,,,,
8060,80600.0,80600.0,80602.79999923706,0,2.799999237060547,2.799999237060547,80640.0,False,1,0,False,fast,0,0,False,False,39,False,True,,,,,,,,,,,
8061,80610.0,80610.0,80613.0,0,3.0,3.0,80650.0,False,1,0,False,fast,0,0,False,False,38,False,True,,,,,,,,,,,
8063,80630.0,80630.0,80633.20000076294,0,3.200000762939453,3.200000762939453,80670.0,False,1,0,False,fast,0,0,False,False,36,False,True,,,,,,,,,,,
8065,80650.0,80650.0,80653.0,0,3.0,3.0,80690.0,False,1,0,False,fast,0,0,False,False,34,False,True,,,,,,,,,,,
8067,80670.0,80670.0,80673.0,0,3.0,3.0,80710.0,False,1,0,False,fast,0,0,False,False,32,False,True,,,,,,,,,,,
8069,80690.0,80690.0,80692.89999771118,0,2.8999977111816406,2.8999977111816406,80730.0,False,1,0,False,fast,0,0,False,False,30,False,True,,,,,,,,,,,
8071,80710.0,80710.0,80714.09999847412,0,4.099998474121094,4.099998474121094,80750.0,False,1,0,False,fast,0,0,False,False,28,False,True,,,,,,,,,,,
8075,80750.0,80750.0,80752.90000152588,0,2.9000015258789062,2.9000015258789062,80790.0,False,1,0,False,fast,0,0,False,False,24,False,True,,,,,,,,,,,
8083,80830.0,80830.0,80832.89999771118,0,2.8999977111816406,2.8999977111816406,80870.0,False,1,0,False,fast,0,0,False,False,16,False,True,,,,,,,,,,,
8089,80890.0,80890.0,80893.0,0,3.0,3.0,80930.0,False,1,0,False,fast,0,0,False,False,10,False,True,,,,,,,,,,,
8090,80900.0,80900.0,80902.90000152588,0,2.9000015258789062,2.9000015258789062,80940.0,False,1,0,False,fast,0,1,True,False,9,False,True,,,,,,,,,,,
8091,80910.0,80910.0,80912.90000152588,0,2.9000015258789062,2.9000015258789062,80950.0,False,1,0,False,fast,0,0,False,False,8,False,True,,,,,,,,,,,
8093,80930.0,80930.0,80933.09999847412,0,3.0999984741210938,3.0999984741210938,80970.0,False,1,0,False,fast,0,0,False,False,6,False,True,,,,,,,,,,,
8094,80940.0,80940.0,80943.0,0,3.0,3.0,80980.0,False,1,0,False,fast,0,1,True,False,5,False,True,,,,,,,,,,,
8099,80990.0,80990.0,80992.90000152588,0,2.9000015258789062,2.9000015258789062,81030.0,False,1,0,False,fast,0,1,True,True,0,True,True,,,,,,,,,,,
8100,81000.0,81000.0,81002.90000152588,0,2.9000015258789062,2.9000015258789062,81040.0,False,1,0,False,fast,0,0,False,False,99,False,True,,,,,,,,,,,
8102,81020.0,81020.0,81022.9999961853,0,2.9999961853027344,2.9999961853027344,81060.0,False,1,0,False,fast,0,1,True,False,97,False,True,,,,,,,,,,,
8104,81040.0,81040.0,81043.09999847412,0,3.0999984741210938,3.0999984741210938,81080.0,False,1,0,False,fast,0,0,False,False,95,False,True,,,,,,,,,,,
8105,81050.0,81050.0,81052.79999923706,0,2.799999237060547,2.799999237060547,81090.0,False,1,0,False,fast,0,0,False,False,94,False,True,,,,,,,,,,,
8112,81120.0,81120.0,81122.89999771118,0,2.8999977111816406,2.8999977111816406,81160.0,False,1,0,False,fast,0,0,False,False,87,False,True,,,,,,,,,,,
8118,81180.0,81180.0,81182.90000152588,0,2.9000015258789062,2.9000015258789062,81220.0,False,1,0,False,fast,0,0,False,False,81,False,True,,,,,,,,,,,
8120,81200.0,81200.0,81202.89999771118,0,2.8999977111816406,2.8999977111816406,81240.0,False,1,0,False,fast,0,1,True,False,79,False,True,,,,,,,,,,,
8121,81210.0,81210.0,81212.90000152588,0,2.9000015258789062,2.9000015258789062,81250.0,False,1,0,False,fast,0,1,True,False,78,False,True,,,,,,,,,,,
8122,81220.0,81220.0,81222.89999771118,0,2.8999977111816406,2.8999977111816406,81260.0,False,1,0,False,fast,0,0,False,False,77,False,True,,,,,,,,,,,
8123,81230.0,81230.0,81232.89999771118,0,2.8999977111816406,2.8999977111816406,81270.0,False,1,0,False,fast,0,0,False,False,76,False,True,,,,,,,,,,,
8124,81240.0,81240.0,81242.89999771118,0,2.8999977111816406,2.8999977111816406,81280.0,False,1,0,False,fast,0,1,True,False,75,False,True,,,,,,,,,,,
8126,81260.0,81260.0,81264.09999847412,0,4.099998474121094,4.099998474121094,81300.0,False,1,0,False,fast,0,1,True,False,73,False,True,,,,,,,,,,,
8129,81290.0,81290.0,81292.90000152588,0,2.9000015258789062,2.9000015258789062,81330.0,False,1,0,False,fast,0,0,False,False,70,False,True,,,,,,,,,,,
8131,81310.0,81310.0,81312.90000152588,0,2.9000015258789062,2.9000015258789062,81350.0,False,1,0,False,fast,0,0,False,False,68,False,True,,,,,,,,,,,
8134,81340.0,81340.0,81342.89999771118,0,2.8999977111816406,2.8999977111816406,81380.0,False,1,0,False,fast,0,0,False,False,65,False,True,,,,,,,,,,,
8136,81360.0,81360.0,81363.0,0,3.0,3.0,81400.0,False,1,0,False,fast,0,1,True,False,63,False,True,,,,,,,,,,,
8137,81370.0,81370.0,81373.0,0,3.0,3.0,81410.0,False,1,0,False,fast,0,1,True,False,62,False,True,,,,,,,,,,,
8142,81420.0,81420.0,81422.89999771118,0,2.8999977111816406,2.8999977111816406,81460.0,False,1,0,False,fast,0,0,False,False,57,False,True,,,,,,,,,,,
8145,81450.0,81450.0,81452.89999771118,0,2.8999977111816406,2.8999977111816406,81490.0,False,1,0,False,fast,0,0,False,False,54,False,True,,,,,,,,,,,
8146,81460.0,81460.0,81462.90000152588,0,2.9000015258789062,2.9000015258789062,81500.0,False,1,0,False,fast,0,0,False,False,53,False,True,,,,,,,,,,,
8148,81480.0,81480.0,81483.5,0,3.5,3.5,81520.0,False,1,0,False,fast,0,1,True,False,51,False,True,,,,,,,,,,,
8152,81520.0,81520.0,81523.0,0,3.0,3.0,81560.0,False,1,0,False,fast,0,0,False,False,47,False,True,,,,,,,,,,,
8158,81580.0,81580.0,81582.89999771118,0,2.8999977111816406,2.8999977111816406,81620.0,False,1,0,False,fast,0,1,True,False,41,False,True,,,,,,,,,,,
8159,81590.0,81590.0,81592.90000152588,0,2.9000015258789062,2.9000015258789062,81630.0,False,1,0,False,fast,0,0,False,False,40,False,True,,,,,,,,,,,
8160,81600.0,81600.0,81602.90000152588,0,2.9000015258789062,2.9000015258789062,81640.0,False,1,0,False,fast,0,0,False,False,39,False,True,,,,,,,,,,,
8161,81610.0,81610.0,81612.79999923706,0,2.799999237060547,2.799999237060547,81650.0,False,1,0,False,fast,0,1,True,False,38,False,True,,,,,,,,,,,
8166,81660.0,81660.0,81662.89999771118,0,2.8999977111816406,2.8999977111816406,81700.0,False,1,0,False,fast,0,0,False,False,33,False,True,,,,,,,,,,,
8167,81670.0,81670.0,81672.89999771118,0,2.8999977111816406,2.8999977111816406,81710.0,False,1,0,False,fast,0,0,False,False,32,False,True,,,,,,,,,,,
8170,81700.0,81700.0,81703.9999961853,0,3.9999961853027344,3.9999961853027344,81740.0,False,1,0,False,fast,0,1,True,False,29,False,True,,,,,,,,,,,
8173,81730.0,81730.0,81732.90000152588,0,2.9000015258789062,2.9000015258789062,81770.0,False,1,0,False,fast,0,1,True,False,26,False,True,,,,,,,,,,,
8174,81740.0,81740.0,81742.89999771118,0,2.8999977111816406,2.8999977111816406,81780.0,False,1,0,False,fast,0,0,False,False,25,False,True,,,,,,,,,,,
8177,81770.0,81770.0,81772.89999771118,0,2.8999977111816406,2.8999977111816406,81810.0,False,1,0,False,fast,0,0,False,False,22,False,True,,,,,,,,,,,
8181,81810.0,81810.0,81813.0,0,3.0,3.0,81850.0,False,1,0,False,fast,0,0,False,False,18,False,True,,,,,,,,,,,
8183,81830.0,81830.0,81832.89999771118,0,2.8999977111816406,2.8999977111816406,81870.0,False,1,0,False,fast,0,0,False,False,16,False,True,,,,,,,,,,,
8184,81840.0,81840.0,81843.09999847412,0,3.0999984741210938,3.0999984741210938,81880.0,False,1,0,False,fast,0,0,False,False,15,False,True,,,,,,,,,,,
8185,81850.0,81850.0,81852.89999771118,0,2.8999977111816406,2.8999977111816406,81890.0,False,1,0,False,fast,0,0,False,False,14,False,True,,,,,,,,,,,
8190,81900.0,81900.0,81902.90000152588,0,2.9000015258789062,2.9000015258789062,81940.0,False,1,0,False,fast,0,1,True,False,9,False,True,,,,,,,,,,,
8193,81930.0,81930.0,81932.90000152588,0,2.9000015258789062,2.9000015258789062,81970.0,False,1,0,False,fast,0,0,False,False,6,False,True,,,,,,,,,,,
8195,81950.0,81950.0,81952.80000305176,0,2.8000030517578125,2.8000030517578125,81990.0,False,1,0,False,fast,0,0,False,False,4,False,True,,,,,,,,,,,
8196,81960.0,81960.0,81962.90000152588,0,2.9000015258789062,2.9000015258789062,82000.0,False,1,0,False,fast,0,0,False,False,3,False,True,,,,,,,,,,,
8199,81990.0,81990.0,81993.79999923706,0,3.799999237060547,3.799999237060547,82030.0,False,1,0,False,fast,0,1,True,True,0,True,True,,,,,,,,,,,
8200,82000.0,82000.0,82002.89999771118,0,2.8999977111816406,2.8999977111816406,82040.0,False,1,0,False,fast,0,1,True,False,99,False,True,,,,,,,,,,,
8201,82010.0,82010.0,82012.89999771118,0,2.8999977111816406,2.8999977111816406,82050.0,False,1,0,False,fast,0,1,True,False,98,False,True,,,,,,,,,,,
8203,82030.0,82030.0,82032.90000152588,0,2.9000015258789062,2.9000015258789062,82070.0,False,1,0,False,fast,0,0,False,False,96,False,True,,,,,,,,,,,
8205,82050.0,82050.0,82052.90000152588,0,2.9000015258789062,2.9000015258789062,82090.0,False,1,0,False,fast,0,1,True,False,94,False,True,,,,,,,,,,,
8207,82070.0,82070.0,82073.0,0,3.0,3.0,82110.0,False,1,0,False,fast,0,1,True,False,92,False,True,,,,,,,,,,,
8208,82080.0,82080.0,82082.79999923706,0,2.799999237060547,2.799999237060547,82120.0,False,1,0,False,fast,0,0,False,False,91,False,True,,,,,,,,,,,
8211,82110.0,82110.0,82114.5,0,4.5,4.5,82150.0,False,1,0,False,fast,0,0,False,False,88,False,True,,,,,,,,,,,
8218,82180.0,82180.0,82182.90000152588,0,2.9000015258789062,2.9000015258789062,82220.0,False,1,0,False,fast,0,1,True,False,81,False,True,,,,,,,,,,,
8220,82200.0,82200.0,82203.09999847412,0,3.0999984741210938,3.0999984741210938,82240.0,False,1,0,False,fast,0,0,False,False,79,False,True,,,,,,,,,,,
8223,82230.0,82230.0,82232.90000152588,0,2.9000015258789062,2.9000015258789062,82270.0,False,1,0,False,fast,0,1,True,False,76,False,True,,,,,,,,,,,
8224,82240.0,82240.0,82243.0,0,3.0,3.0,82280.0,False,1,0,False,fast,0,0,False,False,75,False,True,,,,,,,,,,,
8225,82250.0,82250.0,82252.90000152588,0,2.9000015258789062,2.9000015258789062,82290.0,False,1,0,False,fast,0,0,False,False,74,False,True,,,,,,,,,,,
8228,82280.0,82280.0,82282.90000152588,0,2.9000015258789062,2.9000015258789062,82320.0,False,1,0,False,fast,0,0,False,False,71,False,True,,,,,,,,,,,
8233,82330.0,82330.0,82332.90000152588,0,2.9000015258789062,2.9000015258789062,82370.0,False,1,0,False,fast,0,1,True,False,66,False,True,,,,,,,,,,,
8235,82350.0,82350.0,82353.90000152588,0,3.9000015258789062,3.9000015258789062,82390.0,False,1,0,False,fast,0,0,False,False,64,False,True,,,,,,,,,,,
8236,82360.0,82360.0,82362.89999771118,0,2.8999977111816406,2.8999977111816406,82400.0,False,1,0,False,fast,0,0,False,False,63,False,True,,,,,,,,,,,
8241,82410.0,82410.0,82412.89999771118,0,2.8999977111816406,2.8999977111816406,82450.0,False,1,0,False,fast,0,0,False,False,58,False,True,,,,,,,,,,,
8244,82440.0,82440.0,82443.0000038147,0,3.0000038146972656,3.0000038146972656,82480.0,False,1,0,False,fast,0,0,False,False,55,False,True,,,,,,,,,,,
8247,82470.0,82470.0,82473.0,0,3.0,3.0,82510.0,False,1,0,False,fast,0,0,False,False,52,False,True,,,,,,,,,,,
8248,82480.0,82480.0,82482.89999771118,0,2.8999977111816406,2.8999977111816406,82520.0,False,1,0,False,fast,0,1,True,False,51,False,True,,,,,,,,,,,
8249,82490.0,82490.0,82493.0,0,3.0,3.0,82530.0,False,1,0,False,fast,0,0,False,False,50,False,True,,,,,,,,,,,
8251,82510.0,82510.0,82512.9999961853,0,2.9999961853027344,2.9999961853027344,82550.0,False,1,0,False,fast,0,1,True,False,48,False,True,,,,,,,,,,,
8253,82530.0,82530.0,82532.90000152588,0,2.9000015258789062,2.9000015258789062,82570.0,False,1,0,False,fast,0,1,True,False,46,False,True,,,,,,,,,,,
8254,82540.0,82540.0,82543.89999771118,0,3.8999977111816406,3.8999977111816406,82580.0,False,1,0,False,fast,0,0,False,False,45,False,True,,,,,,,,,,,
8256,82560.0,82560.0,82562.79999923706,0,2.799999237060547,2.799999237060547,82600.0,False,1,0,False,fast,0,1,True,False,43,False,True,,,,,,,,,,,
8259,82590.0,82590.0,82592.90000152588,0,2.9000015258789062,2.9000015258789062,82630.0,False,1,0,False,fast,0,0,False,False,40,False,True,,,,,,,,,,,
8260,82600.0,82600.0,82602.89999771118,0,2.8999977111816406,2.8999977111816406,82640.0,False,1,0,False,fast,0,1,True,False,39,False,True,,,,,,,,,,,
8262,82620.0,82620.0,82622.90000152588,0,2.9000015258789062,2.9000015258789062,82660.0,False,1,0,False,fast,0,1,True,False,37,False,True,,,,,,,,,,,
8263,82630.0,82630.0,82632.89999771118,0,2.8999977111816406,2.8999977111816406,82670.0,False,1,0,False,fast,0,1,True,False,36,False,True,,,,,,,,,,,
8264,82640.0,82640.0,82643.10000228882,0,3.1000022888183594,3.1000022888183594,82680.0,False,1,0,False,fast,0,1,True,False,35,False,True,,,,,,,,,,,
8267,82670.0,82670.0,82672.79999923706,0,2.799999237060547,2.799999237060547,82710.0,False,1,0,False,fast,0,0,False,False,32,False,True,,,,,,,,,,,
8269,82690.0,82690.0,82693.0000038147,0,3.0000038146972656,3.0000038146972656,82730.0,False,1,0,False,fast,0,0,False,False,30,False,True,,,,,,,,,,,
8270,82700.0,82700.0,82702.90000152588,0,2.9000015258789062,2.9000015258789062,82740.0,False,1,0,False,fast,0,0,False,False,29,False,True,,,,,,,,,,,
8272,82720.0,82720.0,82722.90000152588,0,2.9000015258789062,2.9000015258789062,82760.0,False,1,0,False,fast,0,0,False,False,27,False,True,,,,,,,,,,,
8274,82740.0,82740.0,82742.90000152588,0,2.9000015258789062,2.9000015258789062,82780.0,False,1,0,False,fast,0,1,True,False,25,False,True,,,,,,,,,,,
8276,82760.0,82760.0,82762.89999771118,0,2.8999977111816406,2.8999977111816406,82800.0,False,1,0,False,fast,0,0,False,False,23,False,True,,,,,,,,,,,
8279,82790.0,82790.0,82792.90000152588,0,2.9000015258789062,2.9000015258789062,82830.0,False,1,0,False,fast,0,1,True,False,20,False,True,,,,,,,,,,,
8282,82820.0,82820.0,82822.9999961853,0,2.9999961853027344,2.9999961853027344,82860.0,False,1,0,False,fast,0,0,False,False,17,False,True,,,,,,,,,,,
8286,82860.0,82860.0,82862.89999771118,0,2.8999977111816406,2.8999977111816406,82900.0,False,1,0,False,fast,0,1,True,False,13,False,True,,,,,,,,,,,
8287,82870.0,82870.0,82872.90000152588,0,2.9000015258789062,2.9000015258789062,82910.0,False,1,0,False,fast,0,0,False,False,12,False,True,,,,,,,,,,,
8291,82910.0,82910.0,82912.89999771118,0,2.8999977111816406,2.8999977111816406,82950.0,False,1,0,False,fast,0,1,True,False,8,False,True,,,,,,,,,,,
8294,82940.0,82940.0,82942.89999771118,0,2.8999977111816406,2.8999977111816406,82980.0,False,1,0,False,fast,0,0,False,False,5,False,True,,,,,,,,,,,
8299,82990.0,82990.0,82993.0,0,3.0,3.0,83030.0,False,1,0,False,fast,0,1,True,True,0,True,True,,,,,,,,,,,
8300,83000.0,83000.0,83003.0,0,3.0,3.0,83040.0,False,1,0,False,fast,0,0,False,False,99,False,True,,,,,,,,,,,
8304,83040.0,83040.0,83043.0000038147,0,3.0000038146972656,3.0000038146972656,83080.0,False,1,0,False,fast,0,1,True,False,95,False,True,,,,,,,,,,,
8305,83050.0,83050.0,83052.89999771118,0,2.8999977111816406,2.8999977111816406,83090.0,False,1,0,False,fast,0,0,False,False,94,False,True,,,,,,,,,,,
8306,83060.0,83060.0,83063.0,0,3.0,3.0,83100.0,False,1,0,False,fast,0,0,False,False,93,False,True,,,,,,,,,,,
8309,83090.0,83090.0,83092.89999771118,0,2.8999977111816406,2.8999977111816406,83130.0,False,1,0,False,fast,0,0,False,False,90,False,True,,,,,,,,,,,
8311,83110.0,83110.0,83112.79999923706,0,2.799999237060547,2.799999237060547,83150.0,False,1,0,False,fast,0,0,False,False,88,False,True,,,,,,,,,,,
8315,83150.0,83150.0,83153.90000152588,0,3.9000015258789062,3.9000015258789062,83190.0,False,1,0,False,fast,0,1,True,False,84,False,True,,,,,,,,,,,
8316,83160.0,83160.0,83162.89999771118,0,2.8999977111816406,2.8999977111816406,83200.0,False,1,0,False,fast,0,1,True,False,83,False,True,,,,,,,,,,,
8320,83200.0,83200.0,83202.89999771118,0,2.8999977111816406,2.8999977111816406,83240.0,False,1,0,False,fast,0,0,False,False,79,False,True,,,,,,,,,,,
8321,83210.0,83210.0,83212.89999771118,0,2.8999977111816406,2.8999977111816406,83250.0,False,1,0,False,fast,0,0,False,False,78,False,True,,,,,,,,,,,
8323,83230.0,83230.0,83232.89999771118,0,2.8999977111816406,2.8999977111816406,83270.0,False,1,0,False,fast,0,1,True,False,76,False,True,,,,,,,,,,,
8325,83250.0,83250.0,83253.0000038147,0,3.0000038146972656,3.0000038146972656,83290.0,False,1,0,False,fast,0,0,False,False,74,False,True,,,,,,,,,,,
8326,83260.0,83260.0,83263.0,0,3.0,3.0,83300.0,False,1,0,False,fast,0,0,False,False,73,False,True,,,,,,,,,,,
8330,83300.0,83300.0,83302.90000152588,0,2.9000015258789062,2.9000015258789062,83340.0,False,1,0,False,fast,0,0,False,False,69,False,True,,,,,,,,,,,
8333,83330.0,83330.0,83333.0,0,3.0,3.0,83370.0,False,1,0,False,fast,0,1,True,False,66,False,True,,,,,,,,,,,
8337,83370.0,83370.0,83372.89999771118,0,2.8999977111816406,2.8999977111816406,83410.0,False,1,0,False,fast,0,1,True,False,62,False,True,,,,,,,,,,,
8338,83380.0,83380.0,83383.9999961853,0,3.9999961853027344,3.9999961853027344,83420.0,False,1,0,False,fast,0,0,False,False,61,False,True,,,,,,,,,,,
8339,83390.0,83390.0,83392.79999923706,0,2.799999237060547,2.799999237060547,83430.0,False,1,0,False,fast,0,1,True,False,60,False,True,,,,,,,,,,,
8341,83410.0,83410.0,83414.09999847412,0,4.099998474121094,4.099998474121094,83450.0,False,1,0,False,fast,0,0,False,False,58,False,True,,,,,,,,,,,
8342,83420.0,83420.0,83422.90000152588,0,2.9000015258789062,2.9000015258789062,83460.0,False,1,0,False,fast,0,0,False,False,57,False,True,,,,,,,,,,,
8343,83430.0,83430.0,83432.9999961853,0,2.9999961853027344,2.9999961853027344,83470.0,False,1,0,False,fast,0,0,False,False,56,False,True,,,,,,,,,,,
8351,83510.0,83510.0,83512.9999961853,0,2.9999961853027344,2.9999961853027344,83550.0,False,1,0,False,fast,0,0,False,False,48,False,True,,,,,,,,,,,
8353,83530.0,83530.0,83534.0,0,4.0,4.0,83570.0,False,1,0,False,fast,0,0,False,False,46,False,True,,,,,,,,,,,
8354,83540.0,83540.0,83543.0,0,3.0,3.0,83580.0,False,1,0,False,fast,0,0,False,False,45,False,True,,,,,,,,,,,
8356,83560.0,83560.0,83562.9999961853,0,2.9999961853027344,2.9999961853027344,83600.0,False,1,0,False,fast,0,1,True,False,43,False,True,,,,,,,,,,,
8357,83570.0,83570.0,83572.90000152588,0,2.9000015258789062,2.9000015258789062,83610.0,False,1,0,False,fast,0,0,False,False,42,False,True,,,,,,,,,,,
8362,83620.0,83620.0,83623.09999847412,0,3.0999984741210938,3.0999984741210938,83660.0,False,1,0,False,fast,0,0,False,False,37,False,True,,,,,,,,,,,
8364,83640.0,83640.0,83642.89999771118,0,2.8999977111816406,2.8999977111816406,83680.0,False,1,0,False,fast,0,1,True,False,35,False,True,,,,,,,,,,,
8370,83700.0,83700.0,83703.0000038147,0,3.0000038146972656,3.0000038146972656,83740.0,False,1,0,False,fast,0,1,True,False,29,False,True,,,,,,,,,,,
8373,83730.0,83730.0,83732.90000152588,0,2.9000015258789062,2.9000015258789062,83770.0,False,1,0,False,fast,0,1,True,False,26,False,True,,,,,,,,,,,
8374,83740.0,83740.0,83744.0,0,4.0,4.0,83780.0,False,1,0,False,fast,0,0,False,False,25,False,True,,,,,,,,,,,
8375,83750.0,83750.0,83752.89999771118,0,2.8999977111816406,2.8999977111816406,83790.0,False,1,0,False,fast,0,0,False,False,24,False,True,,,,,,,,,,,
8379,83790.0,83790.0,83792.9999961853,0,2.9999961853027344,2.9999961853027344,83830.0,False,1,0,False,fast,0,1,True,False,20,False,True,,,,,,,,,,,
8381,83810.0,83810.0,83813.0,0,3.0,3.0,83850.0,False,1,0,False,fast,0,0,False,False,18,False,True,,,,,,,,,,,
8383,83830.0,83830.0,83835.79999923706,0,5.799999237060547,5.799999237060547,83870.0,False,1,0,False,fast,0,0,False,False,16,False,True,,,,,,,,,,,
8385,83850.0,83850.0,83854.39999771118,0,4.399997711181641,4.399997711181641,83890.0,False,1,0,False,fast,0,1,True,False,14,False,True,,,,,,,,,,,
8386,83860.0,83860.0,83863.0,0,3.0,3.0,83900.0,False,1,0,False,fast,0,0,False,False,13,False,True,,,,,,,,,,,
8387,83870.0,83870.0,83873.0,0,3.0,3.0,83910.0,False,1,0,False,fast,0,0,False,False,12,False,True,,,,,,,,,,,
8388,83880.0,83880.0,83883.0000038147,0,3.0000038146972656,3.0000038146972656,83920.0,False,1,0,False,fast,0,1,True,False,11,False,True,,,,,,,,,,,
8389,83890.0,83890.0,83893.0,0,3.0,3.0,83930.0,False,1,0,False,fast,0,1,True,False,10,False,True,,,,,,,,,,,
8392,83920.0,83920.0,83922.90000152588,0,2.9000015258789062,2.9000015258789062,83960.0,False,1,0,False,fast,0,0,False,False,7,False,True,,,,,,,,,,,
8395,83950.0,83950.0,83953.0,0,3.0,3.0,83990.0,False,1,0,False,fast,0,0,False,False,4,False,True,,,,,,,,,,,
8399,83990.0,83990.0,83992.89999771118,0,2.8999977111816406,2.8999977111816406,84030.0,False,1,0,False,fast,0,1,True,True,0,True,True,,,,,,,,,,,
8400,84000.0,84000.0,84002.90000152588,0,2.9000015258789062,2.9000015258789062,84040.0,False,1,0,False,fast,0,0,False,False,99,False,True,,,,,,,,,,,
8402,84020.0,84020.0,84022.90000152588,0,2.9000015258789062,2.9000015258789062,84060.0,False,1,0,False,fast,0,0,False,False,97,False,True,,,,,,,,,,,
8404,84040.0,84040.0,84043.69999694824,0,3.6999969482421875,3.6999969482421875,84080.0,False,1,0,False,fast,0,0,False,False,95,False,True,,,,,,,,,,,
8406,84060.0,84060.0,84062.90000152588,0,2.9000015258789062,2.9000015258789062,84100.0,False,1,0,False,fast,0,0,False,False,93,False,True,,,,,,,,,,,
8408,84080.0,84080.0,84082.89999771118,0,2.8999977111816406,2.8999977111816406,84120.0,False,1,0,False,fast,0,0,False,False,91,False,True,,,,,,,,,,,
8410,84100.0,84100.0,84102.79999923706,0,2.799999237060547,2.799999237060547,84140.0,False,1,0,False,fast,0,0,False,False,89,False,True,,,,,,,,,,,
8414,84140.0,84140.0,84143.10000228882,0,3.1000022888183594,3.1000022888183594,84180.0,False,1,0,False,fast,0,1,True,False,85,False,True,,,,,,,,,,,
8415,84150.0,84150.0,84153.09999847412,0,3.0999984741210938,3.0999984741210938,84190.0,False,1,0,False,fast,0,0,False,False,84,False,True,,,,,,,,,,,
8416,84160.0,84160.0,84163.90000152588,0,3.9000015258789062,3.9000015258789062,84200.0,False,1,0,False,fast,0,0,False,False,83,False,True,,,,,,,,,,,
8420,84200.0,84200.0,84202.89999771118,0,2.8999977111816406,2.8999977111816406,84240.0,False,1,0,False,fast,0,1,True,False,79,False,True,,,,,,,,,,,
8421,84210.0,84210.0,84212.90000152588,0,2.9000015258789062,2.9000015258789062,84250.0,False,1,0,False,fast,0,1,True,False,78,False,True,,,,,,,,,,,
8426,84260.0,84260.0,84262.90000152588,0,2.9000015258789062,2.9000015258789062,84300.0,False,1,0,False,fast,0,0,False,False,73,False,True,,,,,,,,,,,
8434,84340.0,84340.0,84342.90000152588,0,2.9000015258789062,2.9000015258789062,84380.0,False,1,0,False,fast,0,0,False,False,65,False,True,,,,,,,,,,,
8436,84360.0,84360.0,84362.89999771118,0,2.8999977111816406,2.8999977111816406,84400.0,False,1,0,False,fast,0,0,False,False,63,False,True,,,,,,,,,,,
8438,84380.0,84380.0,84382.89999771118,0,2.8999977111816406,2.8999977111816406,84420.0,False,1,0,False,fast,0,0,False,False,61,False,True,,,,,,,,,,,
8440,84400.0,84400.0,84402.79999923706,0,2.799999237060547,2.799999237060547,84440.0,False,1,0,False,fast,0,0,False,False,59,False,True,,,,,,,,,,,
8441,84410.0,84410.0,84413.0,0,3.0,3.0,84450.0,False,1,0,False,fast,0,1,True,False,58,False,True,,,,,,,,,,,
8447,84470.0,84470.0,84473.09999847412,0,3.0999984741210938,3.0999984741210938,84510.0,False,1,0,False,fast,0,1,True,False,52,False,True,,,,,,,,,,,
8452,84520.0,84520.0,84522.80000305176,0,2.8000030517578125,2.8000030517578125,84560.0,False,1,0,False,fast,0,0,False,False,47,False,True,,,,,,,,,,,
8454,84540.0,84540.0,84542.89999771118,0,2.8999977111816406,2.8999977111816406,84580.0,False,1,0,False,fast,0,0,False,False,45,False,True,,,,,,,,,,,
8457,84570.0,84570.0,84572.90000152588,0,2.9000015258789062,2.9000015258789062,84610.0,False,1,0,False,fast,0,1,True,False,42,False,True,,,,,,,,,,,
8459,84590.0,84590.0,84592.90000152588,0,2.9000015258789062,2.9000015258789062,84630.0,False,1,0,False,fast,0,0,False,False,40,False,True,,,,,,,,,,,
8464,84640.0,84640.0,84642.79999923706,0,2.799999237060547,2.799999237060547,84680.0,False,1,0,False,fast,0,0,False,False,35,False,True,,,,,,,,,,,
8467,84670.0,84670.0,84673.90000152588,0,3.9000015258789062,3.9000015258789062,84710.0,False,1,0,False,fast,0,0,False,False,32,False,True,,,,,,,,,,,
8468,84680.0,84680.0,84682.90000152588,0,2.9000015258789062,2.9000015258789062,84720.0,False,1,0,False,fast,0,0,False,False,31,False,True,,,,,,,,,,,
8469,84690.0,84690.0,84692.90000152588,0,2.9000015258789062,2.9000015258789062,84730.0,False,1,0,False,fast,0,0,False,False,30,False,True,,,,,,,,,,,
8470,84700.0,84700.0,84702.89999771118,0,2.8999977111816406,2.8999977111816406,84740.0,False,1,0,False,fast,0,0,False,False,29,False,True,,,,,,,,,,,
8471,84710.0,84710.0,84712.90000152588,0,2.9000015258789062,2.9000015258789062,84750.0,False,1,0,False,fast,0,0,False,False,28,False,True,,,,,,,,,,,
8475,84750.0,84750.0,84752.90000152588,0,2.9000015258789062,2.9000015258789062,84790.0,False,1,0,False,fast,0,0,False,False,24,False,True,,,,,,,,,,,
8476,84760.0,84760.0,84762.90000152588,0,2.9000015258789062,2.9000015258789062,84800.0,False,1,0,False,fast,0,0,False,False,23,False,True,,,,,,,,,,,
8478,84780.0,84780.0,84782.90000152588,0,2.9000015258789062,2.9000015258789062,84820.0,False,1,0,False,fast,0,0,False,False,21,False,True,,,,,,,,,,,
8481,84810.0,84810.0,84812.90000152588,0,2.9000015258789062,2.9000015258789062,84850.0,False,1,0,False,fast,0,0,False,False,18,False,True,,,,,,,,,,,
8482,84820.0,84820.0,84822.9999961853,0,2.9999961853027344,2.9999961853027344,84860.0,False,1,0,False,fast,0,1,True,False,17,False,True,,,,,,,,,,,
8493,84930.0,84930.0,84934.10000228882,0,4.100002288818359,4.100002288818359,84970.0,False,1,0,False,fast,0,0,False,False,6,False,True,,,,,,,,,,,
8494,84940.0,84940.0,84943.0,0,3.0,3.0,84980.0,False,1,0,False,fast,0,0,False,False,5,False,True,,,,,,,,,,,
8495,84950.0,84950.0,84952.90000152588,0,2.9000015258789062,2.9000015258789062,84990.0,False,1,0,False,fast,0,0,False,False,4,False,True,,,,,,,,,,,
8502,85020.0,85020.0,85022.90000152588,0,2.9000015258789062,2.9000015258789062,85060.0,False,1,0,False,fast,0,0,False,False,97,False,True,,,,,,,,,,,
8504,85040.0,85040.0,85042.90000152588,0,2.9000015258789062,2.9000015258789062,85080.0,False,1,0,False,fast,0,0,False,False,95,False,True,,,,,,,,,,,
8506,85060.0,85060.0,85063.4999961853,0,3.4999961853027344,3.4999961853027344,85100.0,False,1,0,False,fast,0,0,False,False,93,False,True,,,,,,,,,,,
8507,85070.0,85070.0,85072.89999771118,0,2.8999977111816406,2.8999977111816406,85110.0,False,1,0,False,fast,0,1,True,False,92,False,True,,,,,,,,,,,
8511,85110.0,85110.0,85114.20000076294,0,4.200000762939453,4.200000762939453,85150.0,False,1,0,False,fast,0,0,False,False,88,False,True,,,,,,,,,,,
8512,85120.0,85120.0,85122.89999771118,0,2.8999977111816406,2.8999977111816406,85160.0,False,1,0,False,fast,0,0,False,False,87,False,True,,,,,,,,,,,
8514,85140.0,85140.0,85144.0000038147,0,4.000003814697266,4.000003814697266,85180.0,False,1,0,False,fast,0,0,False,False,85,False,True,,,,,,,,,,,
8516,85160.0,85160.0,85162.90000152588,0,2.9000015258789062,2.9000015258789062,85200.0,False,1,0,False,fast,0,0,False,False,83,False,True,,,,,,,,,,,
8522,85220.0,85220.0,85223.10000228882,0,3.1000022888183594,3.1000022888183594,85260.0,False,1,0,False,fast,0,0,False,False,77,False,True,,,,,,,,,,,
8524,85240.0,85240.0,85242.9999961853,0,2.9999961853027344,2.9999961853027344,85280.0,False,1,0,False,fast,0,0,False,False,75,False,True,,,,,,,,,,,
8526,85260.0,85260.0,85262.89999771118,0,2.8999977111816406,2.8999977111816406,85300.0,False,1,0,False,fast,0,0,False,False,73,False,True,,,,,,,,,,,
8528,85280.0,85280.0,85283.09999847412,0,3.0999984741210938,3.0999984741210938,85320.0,False,1,0,False,fast,0,0,False,False,71,False,True,,,,,,,,,,,
8529,85290.0,85290.0,85292.90000152588,0,2.9000015258789062,2.9000015258789062,85330.0,False,1,0,False,fast,0,1,True,False,70,False,True,,,,,,,,,,,
8532,85320.0,85320.0,85324.09999847412,0,4.099998474121094,4.099998474121094,85360.0,False,1,0,False,fast,0,0,False,False,67,False,True,,,,,,,,,,,
8534,85340.0,85340.0,85344.19999694824,0,4.1999969482421875,4.1999969482421875,85380.0,False,1,0,False,fast,0,0,False,False,65,False,True,,,,,,,,,,,
8535,85350.0,85350.0,85353.0,0,3.0,3.0,85390.0,False,1,0,False,fast,0,0,False,False,64,False,True,,,,,,,,,,,
8538,85380.0,85380.0,85382.79999923706,0,2.799999237060547,2.799999237060547,85420.0,False,1,0,False,fast,0,0,False,False,61,False,True,,,,,,,,,,,
8547,85470.0,85470.0,85472.9999961853,0,2.9999961853027344,2.9999961853027344,85510.0,False,1,0,False,fast,0,1,True,False,52,False,True,,,,,,,,,,,
8549,85490.0,85490.0,85492.90000152588,0,2.9000015258789062,2.9000015258789062,85530.0,False,1,0,False,fast,0,0,False,False,50,False,True,,,,,,,,,,,
8552,85520.0,85520.0,85523.0,0,3.0,3.0,85560.0,False,1,0,False,fast,0,0,False,False,47,False,True,,,,,,,,,,,
8555,85550.0,85550.0,85553.0,0,3.0,3.0,85590.0,False,1,0,False,fast,0,1,True,False,44,False,True,,,,,,,,,,,
8556,85560.0,85560.0,85562.89999771118,0,2.8999977111816406,2.8999977111816406,85600.0,False,1,0,False,fast,0,0,False,False,43,False,True,,,,,,,,,,,
8558,85580.0,85580.0,85582.90000152588,0,2.9000015258789062,2.9000015258789062,85620.0,False,1,0,False,fast,0,0,False,False,41,False,True,,,,,,,,,,,
8566,85660.0,85660.0,85662.89999771118,0,2.8999977111816406,2.8999977111816406,85700.0,False,1,0,False,fast,0,0,False,False,33,False,True,,,,,,,,,,,
8569,85690.0,85690.0,85692.79999923706,0,2.799999237060547,2.799999237060547,85730.0,False,1,0,False,fast,0,0,False,False,30,False,True,,,,,,,,,,,
8571,85710.0,85710.0,85712.9999961853,0,2.9999961853027344,2.9999961853027344,85750.0,False,1,0,False,fast,0,1,True,False,28,False,True,,,,,,,,,,,
8575,85750.0,85750.0,85752.80000305176,0,2.8000030517578125,2.8000030517578125,85790.0,False,1,0,False,fast,0,1,True,False,24,False,True,,,,,,,,,,,
8577,85770.0,85770.0,85772.90000152588,0,2.9000015258789062,2.9000015258789062,85810.0,False,1,0,False,fast,0,1,True,False,22,False,True,,,,,,,,,,,
8579,85790.0,85790.0,85792.89999771118,0,2.8999977111816406,2.8999977111816406,85830.0,False,1,0,False,fast,0,0,False,False,20,False,True,,,,,,,,,,,
8582,85820.0,85820.0,85823.89999771118,0,3.8999977111816406,3.8999977111816406,85860.0,False,1,0,False,fast,0,0,False,False,17,False,True,,,,,,,,,,,
8588,85880.0,85880.0,85884.29999923706,0,4.299999237060547,4.299999237060547,85920.0,False,1,0,False,fast,0,1,True,False,11,False,True,,,,,,,,,,,
8592,85920.0,85920.0,85922.90000152588,0,2.9000015258789062,2.9000015258789062,85960.0,False,1,0,False,fast,0,1,True,False,7,False,True,,,,,,,,,,,
8594,85940.0,85940.0,85942.79999923706,0,2.799999237060547,2.799999237060547,85980.0,False,1,0,False,fast,0,0,False,False,5,False,True,,,,,,,,,,,
8595,85950.0,85950.0,85955.0000038147,0,5.000003814697266,5.000003814697266,85990.0,False,1,0,False,fast,0,0,False,False,4,False,True,,,,,,,,,,,
8596,85960.0,85960.0,85962.90000152588,0,2.9000015258789062,2.9000015258789062,86000.0,False,1,0,False,fast,0,0,False,False,3,False,True,,,,,,,,,,,
8599,85990.0,85990.0,85993.0,0,3.0,3.0,86030.0,False,1,0,False,fast,0,0,False,True,0,True,True,,,,,,,,,,,
8603,86030.0,86030.0,86032.79999923706,0,2.799999237060547,2.799999237060547,86070.0,False,1,0,False,fast,0,1,True,False,96,False,True,,,,,,,,,,,
8606,86060.0,86060.0,86064.09999847412,0,4.099998474121094,4.099998474121094,86100.0,False,1,0,False,fast,0,1,True,False,93,False,True,,,,,,,,,,,
8607,86070.0,86070.0,86072.9999961853,0,2.9999961853027344,2.9999961853027344,86110.0,False,1,0,False,fast,0,0,False,False,92,False,True,,,,,,,,,,,
8608,86080.0,86080.0,86083.0,0,3.0,3.0,86120.0,False,1,0,False,fast,0,0,False,False,91,False,True,,,,,,,,,,,
8609,86090.0,86090.0,86094.0,0,4.0,4.0,86130.0,False,1,0,False,fast,0,0,False,False,90,False,True,,,,,,,,,,,
8611,86110.0,86110.0,86112.89999771118,0,2.8999977111816406,2.8999977111816406,86150.0,False,1,0,False,fast,0,0,False,False,88,False,True,,,,,,,,,,,
8612,86120.0,86120.0,86122.89999771118,0,2.8999977111816406,2.8999977111816406,86160.0,False,1,0,False,fast,0,1,True,False,87,False,True,,,,,,,,,,,
8614,86140.0,86140.0,86142.79999923706,0,2.799999237060547,2.799999237060547,86180.0,False,1,0,False,fast,0,0,False,False,85,False,True,,,,,,,,,,,
8617,86170.0,86170.0,86172.89999771118,0,2.8999977111816406,2.8999977111816406,86210.0,False,1,0,False,fast,0,0,False,False,82,False,True,,,,,,,,,,,
8619,86190.0,86190.0,86192.90000152588,0,2.9000015258789062,2.9000015258789062,86230.0,False,1,0,False,fast,0,0,False,False,80,False,True,,,,,,,,,,,
8621,86210.0,86210.0,86212.90000152588,0,2.9000015258789062,2.9000015258789062,86250.0,False,1,0,False,fast,0,0,False,False,78,False,True,,,,,,,,,,,
8623,86230.0,86230.0,86234.10000228882,0,4.100002288818359,4.100002288818359,86270.0,False,1,0,False,fast,0,0,False,False,76,False,True,,,,,,,,,,,
8624,86240.0,86240.0,86243.0,0,3.0,3.0,86280.0,False,1,0,False,fast,0,0,False,False,75,False,True,,,,,,,,,,,
8629,86290.0,86290.0,86294.29999923706,0,4.299999237060547,4.299999237060547,86330.0,False,1,0,False,fast,0,0,False,False,70,False,True,,,,,,,,,,,
8631,86310.0,86310.0,86313.0,0,3.0,3.0,86350.0,False,1,0,False,fast,0,0,False,False,68,False,True,,,,,,,,,,,
8632,86320.0,86320.0,86323.0,0,3.0,3.0,86360.0,False,1,0,False,fast,0,1,True,False,67,False,True,,,,,,,,,,,
8634,86340.0,86340.0,86342.90000152588,0,2.9000015258789062,2.9000015258789062,86380.0,False,1,0,False,fast,0,0,False,False,65,False,True,,,,,,,,,,,
8640,86400.0,86400.0,86402.89999771118,0,2.8999977111816406,2.8999977111816406,86440.0,False,1,0,False,fast,0,1,True,False,59,False,True,,,,,,,,,,,
8643,86430.0,86430.0,86432.90000152588,0,2.9000015258789062,2.9000015258789062,86470.0,False,1,0,False,fast,0,0,False,False,56,False,True,,,,,,,,,,,
8644,86440.0,86440.0,86442.89999771118,0,2.8999977111816406,2.8999977111816406,86480.0,False,1,0,False,fast,0,0,False,False,55,False,True,,,,,,,,,,,
8645,86450.0,86450.0,86453.0,0,3.0,3.0,86490.0,False,1,0,False,fast,0,0,False,False,54,False,True,,,,,,,,,,,
8646,86460.0,86460.0,86462.79999923706,0,2.799999237060547,2.799999237060547,86500.0,False,1,0,False,fast,0,1,True,False,53,False,True,,,,,,,,,,,
8647,86470.0,86470.0,86472.79999923706,0,2.799999237060547,2.799999237060547,86510.0,False,1,0,False,fast,0,1,True,False,52,False,True,,,,,,,,,,,
8649,86490.0,86490.0,86492.89999771118,0,2.8999977111816406,2.8999977111816406,86530.0,False,1,0,False,fast,0,1,True,False,50,False,True,,,,,,,,,,,
8650,86500.0,86500.0,86503.09999847412,0,3.0999984741210938,3.0999984741210938,86540.0,False,1,0,False,fast,0,0,False,False,49,False,True,,,,,,,,,,,
8651,86510.0,86510.0,86513.0,0,3.0,3.0,86550.0,False,1,0,False,fast,0,0,False,False,48,False,True,,,,,,,,,,,
8653,86530.0,86530.0,86532.80000305176,0,2.8000030517578125,2.8000030517578125,86570.0,False,1,0,False,fast,0,0,False,False,46,False,True,,,,,,,,,,,
8655,86550.0,86550.0,86553.0,0,3.0,3.0,86590.0,False,1,0,False,fast,0,1,True,False,44,False,True,,,,,,,,,,,
8658,86580.0,86580.0,86582.9999961853,0,2.9999961853027344,2.9999961853027344,86620.0,False,1,0,False,fast,0,0,False,False,41,False,True,,,,,,,,,,,
8662,86620.0,86620.0,86622.90000152588,0,2.9000015258789062,2.9000015258789062,86660.0,False,1,0,False,fast,0,0,False,False,37,False,True,,,,,,,,,,,
8663,86630.0,86630.0,86632.90000152588,0,2.9000015258789062,2.9000015258789062,86670.0,False,1,0,False,fast,0,0,False,False,36,False,True,,,,,,,,,,,
8672,86720.0,86720.0,86723.0,0,3.0,3.0,86760.0,False,1,0,False,fast,0,0,False,False,27,False,True,,,,,,,,,,,
8677,86770.0,86770.0,86773.9999961853,0,3.9999961853027344,3.9999961853027344,86810.0,False,1,0,False,fast,0,0,False,False,22,False,True,,,,,,,,,,,
8678,86780.0,86780.0,86782.9999961853,0,2.9999961853027344,2.9999961853027344,86820.0,False,1,0,False,fast,0,1,True,False,21,False,True,,,,,,,,,,,
8679,86790.0,86790.0,86792.90000152588,0,2.9000015258789062,2.9000015258789062,86830.0,False,1,0,False,fast,0,0,False,False,20,False,True,,,,,,,,,,,
8684,86840.0,86840.0,86843.90000152588,0,3.9000015258789062,3.9000015258789062,86880.0,False,1,0,False,fast,0,0,False,False,15,False,True,,,,,,,,,,,
8686,86860.0,86860.0,86862.89999771118,0,2.8999977111816406,2.8999977111816406,86900.0,False,1,0,False,fast,0,0,False,False,13,False,True,,,,,,,,,,,
8687,86870.0,86870.0,86872.89999771118,0,2.8999977111816406,2.8999977111816406,86910.0,False,1,0,False,fast,0,1,True,False,12,False,True,,,,,,,,,,,
8689,86890.0,86890.0,86892.90000152588,0,2.9000015258789062,2.9000015258789062,86930.0,False,1,0,False,fast,0,0,False,False,10,False,True,,,,,,,,,,,
8692,86920.0,86920.0,86922.9999961853,0,2.9999961853027344,2.9999961853027344,86960.0,False,1,0,False,fast,0,1,True,False,7,False,True,,,,,,,,,,,
8694,86940.0,86940.0,86942.90000152588,0,2.9000015258789062,2.9000015258789062,86980.0,False,1,0,False,fast,0,1,True,False,5,False,True,,,,,,,,,,,
8695,86950.0,86950.0,86953.9999961853,0,3.9999961853027344,3.9999961853027344,86990.0,False,1,0,False,fast,0,1,True,False,4,False,True,,,,,,,,,,,
8697,86970.0,86970.0,86972.79999923706,0,2.799999237060547,2.799999237060547,87010.0,False,1,0,False,fast,0,0,False,False,2,True,True,,,,,,,,,,,
8698,86980.0,86980.0,86982.89999771118,0,2.8999977111816406,2.8999977111816406,87020.0,False,1,0,False,fast,0,1,True,False,1,True,True,,,,,,,,,,,
8699,86990.0,86990.0,86992.90000152588,0,2.9000015258789062,2.9000015258789062,87030.0,False,1,0,False,fast,0,1,True,True,0,True,True,,,,,,,,,,,
8700,87000.0,87000.0,87003.10000228882,0,3.1000022888183594,3.1000022888183594,87040.0,False,1,0,False,fast,0,1,True,False,99,False,True,,,,,,,,,,,
8702,87020.0,87020.0,87022.79999923706,0,2.799999237060547,2.799999237060547,87060.0,False,1,0,False,fast,0,0,False,False,97,False,True,,,,,,,,,,,
8703,87030.0,87030.0,87032.89999771118,0,2.8999977111816406,2.8999977111816406,87070.0,False,1,0,False,fast,0,0,False,False,96,False,True,,,,,,,,,,,
8706,87060.0,87060.0,87062.90000152588,0,2.9000015258789062,2.9000015258789062,87100.0,False,1,0,False,fast,0,0,False,False,93,False,True,,,,,,,,,,,
8707,87070.0,87070.0,87072.79999923706,0,2.799999237060547,2.799999237060547,87110.0,False,1,0,False,fast,0,1,True,False,92,False,True,,,,,,,,,,,
8712,87120.0,87120.0,87122.89999771118,0,2.8999977111816406,2.8999977111816406,87160.0,False,1,0,False,fast,0,0,False,False,87,False,True,,,,,,,,,,,
8717,87170.0,87170.0,87172.90000152588,0,2.9000015258789062,2.9000015258789062,87210.0,False,1,0,False,fast,0,0,False,False,82,False,True,,,,,,,,,,,
8718,87180.0,87180.0,87183.0000038147,0,3.0000038146972656,3.0000038146972656,87220.0,False,1,0,False,fast,0,0,False,False,81,False,True,,,,,,,,,,,
8722,87220.0,87220.0,87223.0000038147,0,3.0000038146972656,3.0000038146972656,87260.0,False,1,0,False,fast,0,1,True,False,77,False,True,,,,,,,,,,,
8726,87260.0,87260.0,87262.90000152588,0,2.9000015258789062,2.9000015258789062,87300.0,False,1,0,False,fast,0,0,False,False,73,False,True,,,,,,,,,,,
8728,87280.0,87280.0,87282.89999771118,0,2.8999977111816406,2.8999977111816406,87320.0,False,1,0,False,fast,0,1,True,False,71,False,True,,,,,,,,,,,
8731,87310.0,87310.0,87313.0000038147,0,3.0000038146972656,3.0000038146972656,87350.0,False,1,0,False,fast,0,1,True,False,68,False,True,,,,,,,,,,,
8732,87320.0,87320.0,87323.0,0,3.0,3.0,87360.0,False,1,0,False,fast,0,0,False,False,67,False,True,,,,,,,,,,,
8733,87330.0,87330.0,87332.90000152588,0,2.9000015258789062,2.9000015258789062,87370.0,False,1,0,False,fast,0,0,False,False,66,False,True,,,,,,,,,,,
8736,87360.0,87360.0,87362.79999923706,0,2.799999237060547,2.799999237060547,87400.0,False,1,0,False,fast,0,0,False,False,63,False,True,,,,,,,,,,,
8737,87370.0,87370.0,87372.79999923706,0,2.799999237060547,2.799999237060547,87410.0,False,1,0,False,fast,0,0,False,False,62,False,True,,,,,,,,,,,
8738,87380.0,87380.0,87382.89999771118,0,2.8999977111816406,2.8999977111816406,87420.0,False,1,0,False,fast,0,0,False,False,61,False,True,,,,,,,,,,,
8742,87420.0,87420.0,87422.79999923706,0,2.799999237060547,2.799999237060547,87460.0,False,1,0,False,fast,0,1,True,False,57,False,True,,,,,,,,,,,
8744,87440.0,87440.0,87442.89999771118,0,2.8999977111816406,2.8999977111816406,87480.0,False,1,0,False,fast,0,0,False,False,55,False,True,,,,,,,,,,,
8747,87470.0,87470.0,87472.90000152588,0,2.9000015258789062,2.9000015258789062,87510.0,False,1,0,False,fast,0,1,True,False,52,False,True,,,,,,,,,,,
8748,87480.0,87480.0,87482.89999771118,0,2.8999977111816406,2.8999977111816406,87520.0,False,1,0,False,fast,0,0,False,False,51,False,True,,,,,,,,,,,
8750,87500.0,87500.0,87502.89999771118,0,2.8999977111816406,2.8999977111816406,87540.0,False,1,0,False,fast,0,1,True,False,49,False,True,,,,,,,,,,,
8751,87510.0,87510.0,87512.89999771118,0,2.8999977111816406,2.8999977111816406,87550.0,False,1,0,False,fast,0,0,False,False,48,False,True,,,,,,,,,,,
8752,87520.0,87520.0,87522.79999923706,0,2.799999237060547,2.799999237060547,87560.0,False,1,0,False,fast,0,1,True,False,47,False,True,,,,,,,,,,,
8754,87540.0,87540.0,87543.0,0,3.0,3.0,87580.0,False,1,0,False,fast,0,0,False,False,45,False,True,,,,,,,,,,,
8755,87550.0,87550.0,87552.90000152588,0,2.9000015258789062,2.9000015258789062,87590.0,False,1,0,False,fast,0,1,True,False,44,False,True,,,,,,,,,,,
8757,87570.0,87570.0,87572.90000152588,0,2.9000015258789062,2.9000015258789062,87610.0,False,1,0,False,fast,0,0,False,False,42,False,True,,,,,,,,,,,
8758,87580.0,87580.0,87584.09999847412,0,4.099998474121094,4.099998474121094,87620.0,False,1,0,False,fast,0,0,False,False,41,False,True,,,,,,,,,,,
8760,87600.0,87600.0,87602.79999923706,0,2.799999237060547,2.799999237060547,87640.0,False,1,0,False,fast,0,0,False,False,39,False,True,,,,,,,,,,,
8762,87620.0,87620.0,87623.5000038147,0,3.5000038146972656,3.5000038146972656,87660.0,False,1,0,False,fast,0,0,False,False,37,False,True,,,,,,,,,,,
8764,87640.0,87640.0,87642.90000152588,0,2.9000015258789062,2.9000015258789062,87680.0,False,1,0,False,fast,0,1,True,False,35,False,True,,,,,,,,,,,
8768,87680.0,87680.0,87682.90000152588,0,2.9000015258789062,2.9000015258789062,87720.0,False,1,0,False,fast,0,0,False,False,31,False,True,,,,,,,,,,,
8777,87770.0,87770.0,87772.79999923706,0,2.799999237060547,2.799999237060547,87810.0,False,1,0,False,fast,0,0,False,False,22,False,True,,,,,,,,,,,
8779,87790.0,87790.0,87792.90000152588,0,2.9000015258789062,2.9000015258789062,87830.0,False,1,0,False,fast,0,0,False,False,20,False,True,,,,,,,,,,,
8780,87800.0,87800.0,87803.9999961853,0,3.9999961853027344,3.9999961853027344,87840.0,False,1,0,False,fast,0,0,False,False,19,False,True,,,,,,,,,,,
8783,87830.0,87830.0,87832.89999771118,0,2.8999977111816406,2.8999977111816406,87870.0,False,1,0,False,fast,0,0,False,False,16,False,True,,,,,,,,,,,
8784,87840.0,87840.0,87843.0000038147,0,3.0000038146972656,3.0000038146972656,87880.0,False,1,0,False,fast,0,0,False,False,15,False,True,,,,,,,,,,,
8786,87860.0,87860.0,87863.0,0,3.0,3.0,87900.0,False,1,0,False,fast,0,0,False,False,13,False,True,,,,,,,,,,,
8787,87870.0,87870.0,87872.90000152588,0,2.9000015258789062,2.9000015258789062,87910.0,False,1,0,False,fast,0,1,True,False,12,False,True,,,,,,,,,,,
8791,87910.0,87910.0,87912.90000152588,0,2.9000015258789062,2.9000015258789062,87950.0,False,1,0,False,fast,0,0,False,False,8,False,True,,,,,,,,,,,
8793,87930.0,87930.0,87932.90000152588,0,2.9000015258789062,2.9000015258789062,87970.0,False,1,0,False,fast,0,0,False,False,6,False,True,,,,,,,,,,,
8794,87940.0,87940.0,87943.0,0,3.0,3.0,87980.0,False,1,0,False,fast,0,0,False,False,5,False,True,,,,,,,,,,,
8797,87970.0,87970.0,87973.0,0,3.0,3.0,88010.0,False,1,0,False,fast,0,0,False,False,2,True,True,,,,,,,,,,,
8801,88010.0,88010.0,88014.0,0,4.0,4.0,88050.0,False,1,0,False,fast,0,0,False,False,98,False,True,,,,,,,,,,,
8803,88030.0,88030.0,88034.0,0,4.0,4.0,88070.0,False,1,0,False,fast,0,0,False,False,96,False,True,,,,,,,,,,,
8806,88060.0,88060.0,88062.90000152588,0,2.9000015258789062,2.9000015258789062,88100.0,False,1,0,False,fast,0,0,False,False,93,False,True,,,,,,,,,,,
8807,88070.0,88070.0,88073.90000152588,0,3.9000015258789062,3.9000015258789062,88110.0,False,1,0,False,fast,0,1,True,False,92,False,True,,,,,,,,,,,
8809,88090.0,88090.0,88092.90000152588,0,2.9000015258789062,2.9000015258789062,88130.0,False,1,0,False,fast,0,1,True,False,90,False,True,,,,,,,,,,,
8811,88110.0,88110.0,88113.0000038147,0,3.0000038146972656,3.0000038146972656,88150.0,False,1,0,False,fast,0,0,False,False,88,False,True,,,,,,,,,,,
8814,88140.0,88140.0,88143.0,0,3.0,3.0,88180.0,False,1,0,False,fast,0,0,False,False,85,False,True,,,,,,,,,,,
8815,88150.0,88150.0,88152.90000152588,0,2.9000015258789062,2.9000015258789062,88190.0,False,1,0,False,fast,0,0,False,False,84,False,True,,,,,,,,,,,
8820,88200.0,88200.0,88203.0,0,3.0,3.0,88240.0,False,1,0,False,fast,0,0,False,False,79,False,True,,,,,,,,,,,
8821,88210.0,88210.0,88212.90000152588,0,2.9000015258789062,2.9000015258789062,88250.0,False,1,0,False,fast,0,0,False,False,78,False,True,,,,,,,,,,,
8822,88220.0,88220.0,88222.9999961853,0,2.9999961853027344,2.9999961853027344,88260.0,False,1,0,False,fast,0,0,False,False,77,False,True,,,,,,,,,,,
8823,88230.0,88230.0,88232.90000152588,0,2.9000015258789062,2.9000015258789062,88270.0,False,1,0,False,fast,0,0,False,False,76,False,True,,,,,,,,,,,
8829,88290.0,88290.0,88292.80000305176,0,2.8000030517578125,2.8000030517578125,88330.0,False,1,0,False,fast,0,1,True,False,70,False,True,,,,,,,,,,,
8830,88300.0,88300.0,88303.0,0,3.0,3.0,88340.0,False,1,0,False,fast,0,0,False,False,69,False,True,,,,,,,,,,,
8831,88310.0,88310.0,88312.90000152588,0,2.9000015258789062,2.9000015258789062,88350.0,False,1,0,False,fast,0,0,False,False,68,False,True,,,,,,,,,,,
8833,88330.0,88330.0,88332.90000152588,0,2.9000015258789062,2.9000015258789062,88370.0,False,1,0,False,fast,0,0,False,False,66,False,True,,,,,,,,,,,
8835,88350.0,88350.0,88352.90000152588,0,2.9000015258789062,2.9000015258789062,88390.0,False,1,0,False,fast,0,0,False,False,64,False,True,,,,,,,,,,,
8837,88370.0,88370.0,88373.0,0,3.0,3.0,88410.0,False,1,0,False,fast,0,0,False,False,62,False,True,,,,,,,,,,,
8840,88400.0,88400.0,88402.90000152588,0,2.9000015258789062,2.9000015258789062,88440.0,False,1,0,False,fast,0,0,False,False,59,False,True,,,,,,,,,,,
8842,88420.0,88420.0,88422.79999923706,0,2.799999237060547,2.799999237060547,88460.0,False,1,0,False,fast,0,0,False,False,57,False,True,,,,,,,,,,,
8843,88430.0,88430.0,88432.90000152588,0,2.9000015258789062,2.9000015258789062,88470.0,False,1,0,False,fast,0,0,False,False,56,False,True,,,,,,,,,,,
8845,88450.0,88450.0,88453.0,0,3.0,3.0,88490.0,False,1,0,False,fast,0,1,True,False,54,False,True,,,,,,,,,,,
8846,88460.0,88460.0,88462.90000152588,0,2.9000015258789062,2.9000015258789062,88500.0,False,1,0,False,fast,0,1,True,False,53,False,True,,,,,,,,,,,
8847,88470.0,88470.0,88472.89999771118,0,2.8999977111816406,2.8999977111816406,88510.0,False,1,0,False,fast,0,0,False,False,52,False,True,,,,,,,,,,,
8848,88480.0,88480.0,88482.90000152588,0,2.9000015258789062,2.9000015258789062,88520.0,False,1,0,False,fast,0,1,True,False,51,False,True,,,,,,,,,,,
8849,88490.0,88490.0,88493.0000038147,0,3.0000038146972656,3.0000038146972656,88530.0,False,1,0,False,fast,0,0,False,False,50,False,True,,,,,,,,,,,
8852,88520.0,88520.0,88522.90000152588,0,2.9000015258789062,2.9000015258789062,88560.0,False,1,0,False,fast,0,1,True,False,47,False,True,,,,,,,,,,,
8855,88550.0,88550.0,88552.79999923706,0,2.799999237060547,2.799999237060547,88590.0,False,1,0,False,fast,0,0,False,False,44,False,True,,,,,,,,,,,
8856,88560.0,88560.0,88562.89999771118,0,2.8999977111816406,2.8999977111816406,88600.0,False,1,0,False,fast,0,0,False,False,43,False,True,,,,,,,,,,,
8857,88570.0,88570.0,88572.90000152588,0,2.9000015258789062,2.9000015258789062,88610.0,False,1,0,False,fast,0,0,False,False,42,False,True,,,,,,,,,,,
8860,88600.0,88600.0,88604.20000076294,0,4.200000762939453,4.200000762939453,88640.0,False,1,0,False,fast,0,0,False,False,39,False,True,,,,,,,,,,,
8861,88610.0,88610.0,88614.79999923706,0,4.799999237060547,4.799999237060547,88650.0,False,1,0,False,fast,0,0,False,False,38,False,True,,,,,,,,,,,
8863,88630.0,88630.0,88632.79999923706,0,2.799999237060547,2.799999237060547,88670.0,False,1,0,False,fast,0,0,False,False,36,False,True,,,,,,,,,,,
8864,88640.0,88640.0,88642.79999923706,0,2.799999237060547,2.799999237060547,88680.0,False,1,0,False,fast,0,0,False,False,35,False,True,,,,,,,,,,,
8865,88650.0,88650.0,88652.90000152588,0,2.9000015258789062,2.9000015258789062,88690.0,False,1,0,False,fast,0,0,False,False,34,False,True,,,,,,,,,,,
8869,88690.0,88690.0,88692.79999923706,0,2.799999237060547,2.799999237060547,88730.0,False,1,0,False,fast,0,1,True,False,30,False,True,,,,,,,,,,,
8876,88760.0,88760.0,88762.90000152588,0,2.9000015258789062,2.9000015258789062,88800.0,False,1,0,False,fast,0,0,False,False,23,False,True,,,,,,,,,,,
8880,88800.0,88800.0,88802.90000152588,0,2.9000015258789062,2.9000015258789062,88840.0,False,1,0,False,fast,0,0,False,False,19,False,True,,,,,,,,,,,
8883,88830.0,88830.0,88832.90000152588,0,2.9000015258789062,2.9000015258789062,88870.0,False,1,0,False,fast,0,1,True,False,16,False,True,,,,,,,,,,,
8884,88840.0,88840.0,88842.80000305176,0,2.8000030517578125,2.8000030517578125,88880.0,False,1,0,False,fast,0,1,True,False,15,False,True,,,,,,,,,,,
8886,88860.0,88860.0,88862.89999771118,0,2.8999977111816406,2.8999977111816406,88900.0,False,1,0,False,fast,0,1,True,False,13,False,True,,,,,,,,,,,
8887,88870.0,88870.0,88872.79999923706,0,2.799999237060547,2.799999237060547,88910.0,False,1,0,False,fast,0,0,False,False,12,False,True,,,,,,,,,,,
8889,88890.0,88890.0,88894.10000228882,0,4.100002288818359,4.100002288818359,88930.0,False,1,0,False,fast,0,0,False,False,10,False,True,,,,,,,,,,,
8890,88900.0,88900.0,88903.0,0,3.0,3.0,88940.0,False,1,0,False,fast,0,0,False,False,9,False,True,,,,,,,,,,,
8891,88910.0,88910.0,88912.90000152588,0,2.9000015258789062,2.9000015258789062,88950.0,False,1,0,False,fast,0,0,False,False,8,False,True,,,,,,,,,,,
8893,88930.0,88930.0,88934.9999961853,0,4.999996185302734,4.999996185302734,88970.0,False,1,0,False,fast,0,0,False,False,6,False,True,,,,,,,,,,,
8894,88940.0,88940.0,88942.90000152588,0,2.9000015258789062,2.9000015258789062,88980.0,False,1,0,False,fast,0,1,True,False,5,False,True,,,,,,,,,,,
8896,88960.0,88960.0,88962.90000152588,0,2.9000015258789062,2.9000015258789062,89000.0,False,1,0,False,fast,0,0,False,False,3,False,True,,,,,,,,,,,
8898,88980.0,88980.0,88982.9999961853,0,2.9999961853027344,2.9999961853027344,89020.0,False,1,0,False,fast,0,1,True,False,1,True,True,,,,,,,,,,,
8901,89010.0,89010.0,89013.90000152588,0,3.9000015258789062,3.9000015258789062,89050.0,False,1,0,False,fast,0,0,False,False,98,False,True,,,,,,,,,,,
8902,89020.0,89020.0,89022.90000152588,0,2.9000015258789062,2.9000015258789062,89060.0,False,1,0,False,fast,0,0,False,False,97,False,True,,,,,,,,,,,
8903,89030.0,89030.0,89034.10000228882,0,4.100002288818359,4.100002288818359,89070.0,False,1,0,False,fast,0,0,False,False,96,False,True,,,,,,,,,,,
8904,89040.0,89040.0,89042.79999923706,0,2.799999237060547,2.799999237060547,89080.0,False,1,0,False,fast,0,0,False,False,95,False,True,,,,,,,,,,,
8905,89050.0,89050.0,89052.80000305176,0,2.8000030517578125,2.8000030517578125,89090.0,False,1,0,False,fast,0,0,False,False,94,False,True,,,,,,,,,,,
8906,89060.0,89060.0,89062.90000152588,0,2.9000015258789062,2.9000015258789062,89100.0,False,1,0,False,fast,0,0,False,False,93,False,True,,,,,,,,,,,
8908,89080.0,89080.0,89082.80000305176,0,2.8000030517578125,2.8000030517578125,89120.0,False,1,0,False,fast,0,0,False,False,91,False,True,,,,,,,,,,,
8912,89120.0,89120.0,89124.0,0,4.0,4.0,89160.0,False,1,0,False,fast,0,1,True,False,87,False,True,,,,,,,,,,,
8915,89150.0,89150.0,89152.89999771118,0,2.8999977111816406,2.8999977111816406,89190.0,False,1,0,False,fast,0,1,True,False,84,False,True,,,,,,,,,,,
8916,89160.0,89160.0,89164.70000076294,0,4.700000762939453,4.700000762939453,89200.0,False,1,0,False,fast,0,0,False,False,83,False,True,,,,,,,,,,,
8917,89170.0,89170.0,89173.9999961853,0,3.9999961853027344,3.9999961853027344,89210.0,False,1,0,False,fast,0,0,False,False,82,False,True,,,,,,,,,,,
8920,89200.0,89200.0,89203.0000038147,0,3.0000038146972656,3.0000038146972656,89240.0,False,1,0,False,fast,0,0,False,False,79,False,True,,,,,,,,,,,
8923,89230.0,89230.0,89233.30000305176,0,3.3000030517578125,3.3000030517578125,89270.0,False,1,0,False,fast,0,0,False,False,76,False,True,,,,,,,,,,,
8925,89250.0,89250.0,89254.09999847412,0,4.099998474121094,4.099998474121094,89290.0,False,1,0,False,fast,0,1,True,False,74,False,True,,,,,,,,,,,
8926,89260.0,89260.0,89263.0,0,3.0,3.0,89300.0,False,1,0,False,fast,0,1,True,False,73,False,True,,,,,,,,,,,
8931,89310.0,89310.0,89314.0,0,4.0,4.0,89350.0,False,1,0,False,fast,0,0,False,False,68,False,True,,,,,,,,,,,
8937,89370.0,89370.0,89373.90000152588,0,3.9000015258789062,3.9000015258789062,89410.0,False,1,0,False,fast,0,0,False,False,62,False,True,,,,,,,,,,,
8938,89380.0,89380.0,89382.90000152588,0,2.9000015258789062,2.9000015258789062,89420.0,False,1,0,False,fast,0,1,True,False,61,False,True,,,,,,,,,,,
8942,89420.0,89420.0,89422.9999961853,0,2.9999961853027344,2.9999961853027344,89460.0,False,1,0,False,fast,0,0,False,False,57,False,True,,,,,,,,,,,
8944,89440.0,89440.0,89442.79999923706,0,2.799999237060547,2.799999237060547,89480.0,False,1,0,False,fast,0,0,False,False,55,False,True,,,,,,,,,,,
8945,89450.0,89450.0,89452.79999923706,0,2.799999237060547,2.799999237060547,89490.0,False,1,0,False,fast,0,1,True,False,54,False,True,,,,,,,,,,,
8946,89460.0,89460.0,89464.09999847412,0,4.099998474121094,4.099998474121094,89500.0,False,1,0,False,fast,0,1,True,False,53,False,True,,,,,,,,,,,
8948,89480.0,89480.0,89482.89999771118,0,2.8999977111816406,2.8999977111816406,89520.0,False,1,0,False,fast,0,0,False,False,51,False,True,,,,,,,,,,,
8949,89490.0,89490.0,89492.90000152588,0,2.9000015258789062,2.9000015258789062,89530.0,False,1,0,False,fast,0,0,False,False,50,False,True,,,,,,,,,,,
8951,89510.0,89510.0,89513.10000228882,0,3.1000022888183594,3.1000022888183594,89550.0,False,1,0,False,fast,0,0,False,False,48,False,True,,,,,,,,,,,
8952,89520.0,89520.0,89523.0,0,3.0,3.0,89560.0,False,1,0,False,fast,0,0,False,False,47,False,True,,,,,,,,,,,
8953,89530.0,89530.0,89533.90000152588,0,3.9000015258789062,3.9000015258789062,89570.0,False,1,0,False,fast,0,1,True,False,46,False,True,,,,,,,,,,,
8954,89540.0,89540.0,89543.0,0,3.0,3.0,89580.0,False,1,0,False,fast,0,1,True,False,45,False,True,,,,,,,,,,,
8955,89550.0,89550.0,89553.90000152588,0,3.9000015258789062,3.9000015258789062,89590.0,False,1,0,False,fast,0,1,True,False,44,False,True,,,,,,,,,,,
8959,89590.0,89590.0,89594.5000038147,0,4.500003814697266,4.500003814697266,89630.0,False,1,0,False,fast,0,0,False,False,40,False,True,,,,,,,,,,,
8962,89620.0,89620.0,89622.9999961853,0,2.9999961853027344,2.9999961853027344,89660.0,False,1,0,False,fast,0,1,True,False,37,False,True,,,,,,,,,,,
8967,89670.0,89670.0,89675.5000038147,0,5.500003814697266,5.500003814697266,89710.0,False,1,0,False,fast,0,0,False,False,32,False,True,,,,,,,,,,,
8970,89700.0,89700.0,89704.5000038147,0,4.500003814697266,4.500003814697266,89740.0,False,1,0,False,fast,0,0,False,False,29,False,True,,,,,,,,,,,
8971,89710.0,89710.0,89713.60000228882,0,3.6000022888183594,3.6000022888183594,89750.0,False,1,0,False,fast,0,0,False,False,28,False,True,,,,,,,,,,,
8972,89720.0,89720.0,89723.29999923706,0,3.299999237060547,3.299999237060547,89760.0,False,1,0,False,fast,0,1,True,False,27,False,True,,,,,,,,,,,
8973,89730.0,89730.0,89750.29999923706,0,20.299999237060547,20.299999237060547,89770.0,False,1,0,False,fast,0,0,False,False,26,False,True,,,,,,,,,,,
8976,89760.0,89760.0,89764.90000152588,0,4.900001525878906,4.900001525878906,89800.0,False,1,0,False,fast,0,0,False,False,23,False,True,,,,,,,,,,,
8981,89810.0,89810.0,89812.9999961853,0,2.9999961853027344,2.9999961853027344,89850.0,False,1,0,False,fast,0,0,False,False,18,False,True,,,,,,,,,,,
8986,89860.0,89860.0,89864.70000457764,0,4.700004577636719,4.700004577636719,89900.0,False,1,0,False,fast,0,1,True,False,13,False,True,,,,,,,,,,,
8988,89880.0,89880.0,89883.0,0,3.0,3.0,89920.0,False,1,0,False,fast,0,0,False,False,11,False,True,,,,,,,,,,,
8990,89900.0,89900.0,89902.90000152588,0,2.9000015258789062,2.9000015258789062,89940.0,False,1,0,False,fast,0,1,True,False,9,False,True,,,,,,,,,,,
8998,89980.0,89980.0,89984.10000228882,0,4.100002288818359,4.100002288818359,90020.0,False,1,0,False,fast,0,1,True,False,1,True,True,,,,,,,,,,,
9001,90010.0,90010.0,90012.79999923706,0,2.799999237060547,2.799999237060547,90050.0,False,1,0,False,fast,0,0,False,False,98,False,True,,,,,,,,,,,
9002,90020.0,90020.0,90022.90000152588,0,2.9000015258789062,2.9000015258789062,90060.0,False,1,0,False,fast,0,0,False,False,97,False,True,,,,,,,,,,,
9003,90030.0,90030.0,90032.90000152588,0,2.9000015258789062,2.9000015258789062,90070.0,False,1,0,False,fast,0,0,False,False,96,False,True,,,,,,,,,,,
9005,90050.0,90050.0,90053.09999847412,0,3.0999984741210938,3.0999984741210938,90090.0,False,1,0,False,fast,0,0,False,False,94,False,True,,,,,,,,,,,
9013,90130.0,90130.0,90132.90000152588,0,2.9000015258789062,2.9000015258789062,90170.0,False,1,0,False,fast,0,0,False,False,86,False,True,,,,,,,,,,,
9018,90180.0,90180.0,90183.80000305176,0,3.8000030517578125,3.8000030517578125,90220.0,False,1,0,False,fast,0,0,False,False,81,False,True,,,,,,,,,,,
9019,90190.0,90190.0,90192.89999771118,0,2.8999977111816406,2.8999977111816406,90230.0,False,1,0,False,fast,0,1,True,False,80,False,True,,,,,,,,,,,
9021,90210.0,90210.0,90212.89999771118,0,2.8999977111816406,2.8999977111816406,90250.0,False,1,0,False,fast,0,1,True,False,78,False,True,,,,,,,,,,,
9023,90230.0,90230.0,90232.89999771118,0,2.8999977111816406,2.8999977111816406,90270.0,False,1,0,False,fast,0,1,True,False,76,False,True,,,,,,,,,,,
9024,90240.0,90240.0,90242.79999923706,0,2.799999237060547,2.799999237060547,90280.0,False,1,0,False,fast,0,1,True,False,75,False,True,,,,,,,,,,,
9026,90260.0,90260.0,90263.0,0,3.0,3.0,90300.0,False,1,0,False,fast,0,0,False,False,73,False,True,,,,,,,,,,,
9027,90270.0,90270.0,90272.79999923706,0,2.799999237060547,2.799999237060547,90310.0,False,1,0,False,fast,0,0,False,False,72,False,True,,,,,,,,,,,
9028,90280.0,90280.0,90283.10000228882,0,3.1000022888183594,3.1000022888183594,90320.0,False,1,0,False,fast,0,0,False,False,71,False,True,,,,,,,,,,,
9030,90300.0,90300.0,90302.90000152588,0,2.9000015258789062,2.9000015258789062,90340.0,False,1,0,False,fast,0,0,False,False,69,False,True,,,,,,,,,,,
9033,90330.0,90330.0,90333.0,0,3.0,3.0,90370.0,False,1,0,False,fast,0,1,True,False,66,False,True,,,,,,,,,,,
9034,90340.0,90340.0,90343.0,0,3.0,3.0,90380.0,False,1,0,False,fast,0,0,False,False,65,False,True,,,,,,,,,,,
9039,90390.0,90390.0,90393.0,0,3.0,3.0,90430.0,False,1,0,False,fast,0,0,False,False,60,False,True,,,,,,,,,,,
9040,90400.0,90400.0,90402.90000152588,0,2.9000015258789062,2.9000015258789062,90440.0,False,1,0,False,fast,0,0,False,False,59,False,True,,,,,,,,,,,
9041,90410.0,90410.0,90412.90000152588,0,2.9000015258789062,2.9000015258789062,90450.0,False,1,0,False,fast,0,1,True,False,58,False,True,,,,,,,,,,,
9048,90480.0,90480.0,90482.90000152588,0,2.9000015258789062,2.9000015258789062,90520.0,False,1,0,False,fast,0,0,False,False,51,False,True,,,,,,,,,,,
9050,90500.0,90500.0,90503.0,0,3.0,3.0,90540.0,False,1,0,False,fast,0,0,False,False,49,False,True,,,,,,,,,,,
9057,90570.0,90570.0,90574.69999694824,0,4.6999969482421875,4.6999969482421875,90610.0,False,1,0,False,fast,0,0,False,False,42,False,True,,,,,,,,,,,
9059,90590.0,90590.0,90595.0,0,5.0,5.0,90630.0,False,1,0,False,fast,0,0,False,False,40,False,True,,,,,,,,,,,
9063,90630.0,90630.0,90636.69999694824,0,6.6999969482421875,6.6999969482421875,90670.0,False,1,0,False,fast,0,1,True,False,36,False,True,,,,,,,,,,,
9067,90670.0,90670.0,90676.0,0,6.0,6.0,90710.0,False,1,0,False,fast,0,1,True,False,32,False,True,,,,,,,,,,,
9069,90690.0,90690.0,90695.5000038147,0,5.500003814697266,5.500003814697266,90730.0,False,1,0,False,fast,0,0,False,False,30,False,True,,,,,,,,,,,
9073,90730.0,90730.0,90732.89999771118,0,2.8999977111816406,2.8999977111816406,90770.0,False,1,0,False,fast,0,1,True,False,26,False,True,,,,,,,,,,,
9074,90740.0,90740.0,90742.9999961853,0,2.9999961853027344,2.9999961853027344,90780.0,False,1,0,False,fast,0,0,False,False,25,False,True,,,,,,,,,,,
9077,90770.0,90770.0,90773.0000038147,0,3.0000038146972656,3.0000038146972656,90810.0,False,1,0,False,fast,0,1,True,False,22,False,True,,,,,,,,,,,
9078,90780.0,90780.0,90783.0,0,3.0,3.0,90820.0,False,1,0,False,fast,0,0,False,False,21,False,True,,,,,,,,,,,
9087,90870.0,90870.0,90873.10000228882,0,3.1000022888183594,3.1000022888183594,90910.0,False,1,0,False,fast,0,0,False,False,12,False,True,,,,,,,,,,,
9088,90880.0,90880.0,90884.20000457764,0,4.200004577636719,4.200004577636719,90920.0,False,1,0,False,fast,0,0,False,False,11,False,True,,,,,,,,,,,
9092,90920.0,90920.0,90923.0,0,3.0,3.0,90960.0,False,1,0,False,fast,0,0,False,False,7,False,True,,,,,,,,,,,
9093,90930.0,90930.0,90933.0,0,3.0,3.0,90970.0,False,1,0,False,fast,0,0,False,False,6,False,True,,,,,,,,,,,
9094,90940.0,90940.0,90942.90000152588,0,2.9000015258789062,2.9000015258789062,90980.0,False,1,0,False,fast,0,0,False,False,5,False,True,,,,,,,,,,,
9095,90950.0,90950.0,90953.20000076294,0,3.200000762939453,3.200000762939453,90990.0,False,1,0,False,fast,0,1,True,False,4,False,True,,,,,,,,,,,
9096,90960.0,90960.0,90964.70000076294,0,4.700000762939453,4.700000762939453,91000.0,False,1,0,False,fast,0,0,False,False,3,False,True,,,,,,,,,,,
9098,90980.0,90980.0,90983.0,0,3.0,3.0,91020.0,False,1,0,False,fast,0,0,False,False,1,True,True,,,,,,,,,,,
9099,90990.0,90990.0,90993.0,0,3.0,3.0,91030.0,False,1,0,False,fast,0,0,False,True,0,True,True,,,,,,,,,,,
9103,91030.0,91030.0,91033.0000038147,0,3.0000038146972656,3.0000038146972656,91070.0,False,1,0,False,fast,0,0,False,False,96,False,True,,,,,,,,,,,
9104,91040.0,91040.0,91042.9999961853,0,2.9999961853027344,2.9999961853027344,91080.0,False,1,0,False,fast,0,1,True,False,95,False,True,,,,,,,,,,,
9106,91060.0,91060.0,91063.0,0,3.0,3.0,91100.0,False,1,0,False,fast,0,0,False,False,93,False,True,,,,,,,,,,,
9108,91080.0,91080.0,91082.79999923706,0,2.799999237060547,2.799999237060547,91120.0,False,1,0,False,fast,0,0,False,False,91,False,True,,,,,,,,,,,
9111,91110.0,91110.0,91114.09999847412,0,4.099998474121094,4.099998474121094,91150.0,False,1,0,False,fast,0,0,False,False,88,False,True,,,,,,,,,,,
9112,91120.0,91120.0,91122.89999771118,0,2.8999977111816406,2.8999977111816406,91160.0,False,1,0,False,fast,0,1,True,False,87,False,True,,,,,,,,,,,
9113,91130.0,91130.0,91133.9999961853,0,3.9999961853027344,3.9999961853027344,91170.0,False,1,0,False,fast,0,0,False,False,86,False,True,,,,,,,,,,,
9114,91140.0,91140.0,91144.29999923706,0,4.299999237060547,4.299999237060547,91180.0,False,1,0,False,fast,0,0,False,False,85,False,True,,,,,,,,,,,
9116,91160.0,91160.0,91162.89999389648,0,2.899993896484375,2.899993896484375,91200.0,False,1,0,False,fast,0,0,False,False,83,False,True,,,,,,,,,,,
9121,91210.0,91210.0,91213.0,0,3.0,3.0,91250.0,False,1,0,False,fast,0,1,True,False,78,False,True,,,,,,,,,,,
9123,91230.0,91230.0,91233.0000038147,0,3.0000038146972656,3.0000038146972656,91270.0,False,1,0,False,fast,0,1,True,False,76,False,True,,,,,,,,,,,
9126,91260.0,91260.0,91262.89999771118,0,2.8999977111816406,2.8999977111816406,91300.0,False,1,0,False,fast,0,1,True,False,73,False,True,,,,,,,,,,,
9131,91310.0,91310.0,91312.79999923706,0,2.799999237060547,2.799999237060547,91350.0,False,1,0,False,fast,0,0,False,False,68,False,True,,,,,,,,,,,
9134,91340.0,91340.0,91342.79999923706,0,2.799999237060547,2.799999237060547,91380.0,False,1,0,False,fast,0,0,False,False,65,False,True,,,,,,,,,,,
9142,91420.0,91420.0,91423.20000076294,0,3.200000762939453,3.200000762939453,91460.0,False,1,0,False,fast,0,0,False,False,57,False,True,,,,,,,,,,,
9145,91450.0,91450.0,91452.90000152588,0,2.9000015258789062,2.9000015258789062,91490.0,False,1,0,False,fast,0,0,False,False,54,False,True,,,,,,,,,,,
9146,91460.0,91460.0,91462.90000152588,0,2.9000015258789062,2.9000015258789062,91500.0,False,1,0,False,fast,0,1,True,False,53,False,True,,,,,,,,,,,
9147,91470.0,91470.0,91474.20000457764,0,4.200004577636719,4.200004577636719,91510.0,False,1,0,False,fast,0,0,False,False,52,False,True,,,,,,,,,,,
9148,91480.0,91480.0,91482.90000152588,0,2.9000015258789062,2.9000015258789062,91520.0,False,1,0,False,fast,0,1,True,False,51,False,True,,,,,,,,,,,
9150,91500.0,91500.0,91503.09999847412,0,3.0999984741210938,3.0999984741210938,91540.0,False,1,0,False,fast,0,0,False,False,49,False,True,,,,,,,,,,,
9152,91520.0,91520.0,91523.09999847412,0,3.0999984741210938,3.0999984741210938,91560.0,False,1,0,False,fast,0,1,True,False,47,False,True,,,,,,,,,,,
9154,91540.0,91540.0,91543.09999847412,0,3.0999984741210938,3.0999984741210938,91580.0,False,1,0,False,fast,0,0,False,False,45,False,True,,,,,,,,,,,
9155,91550.0,91550.0,91553.0,0,3.0,3.0,91590.0,False,1,0,False,fast,0,0,False,False,44,False,True,,,,,,,,,,,
9156,91560.0,91560.0,91562.89999771118,0,2.8999977111816406,2.8999977111816406,91600.0,False,1,0,False,fast,0,0,False,False,43,False,True,,,,,,,,,,,
9164,91640.0,91640.0,91642.89999771118,0,2.8999977111816406,2.8999977111816406,91680.0,False,1,0,False,fast,0,0,False,False,35,False,True,,,,,,,,,,,
9166,91660.0,91660.0,91663.0,0,3.0,3.0,91700.0,False,1,0,False,fast,0,0,False,False,33,False,True,,,,,,,,,,,
9173,91730.0,91730.0,91733.0,0,3.0,3.0,91770.0,False,1,0,False,fast,0,0,False,False,26,False,True,,,,,,,,,,,
9177,91770.0,91770.0,91772.89999771118,0,2.8999977111816406,2.8999977111816406,91810.0,False,1,0,False,fast,0,1,True,False,22,False,True,,,,,,,,,,,
9180,91800.0,91800.0,91802.79999923706,0,2.799999237060547,2.799999237060547,91840.0,False,1,0,False,fast,0,1,True,False,19,False,True,,,,,,,,,,,
9181,91810.0,91810.0,91812.90000152588,0,2.9000015258789062,2.9000015258789062,91850.0,False,1,0,False,fast,0,0,False,False,18,False,True,,,,,,,,,,,
9182,91820.0,91820.0,91823.89999771118,0,3.8999977111816406,3.8999977111816406,91860.0,False,1,0,False,fast,0,1,True,False,17,False,True,,,,,,,,,,,
9185,91850.0,91850.0,91854.09999847412,0,4.099998474121094,4.099998474121094,91890.0,False,1,0,False,fast,0,0,False,False,14,False,True,,,,,,,,,,,
9187,91870.0,91870.0,91872.90000152588,0,2.9000015258789062,2.9000015258789062,91910.0,False,1,0,False,fast,0,0,False,False,12,False,True,,,,,,,,,,,
9189,91890.0,91890.0,91892.79999923706,0,2.799999237060547,2.799999237060547,91930.0,False,1,0,False,fast,0,0,False,False,10,False,True,,,,,,,,,,,
9192,91920.0,91920.0,91922.89999771118,0,2.8999977111816406,2.8999977111816406,91960.0,False,1,0,False,fast,0,0,False,False,7,False,True,,,,,,,,,,,
9199,91990.0,91990.0,91993.0,0,3.0,3.0,92030.0,False,1,0,False,fast,0,0,False,True,0,True,True,,,,,,,,,,,
9205,92050.0,92050.0,92053.0,0,3.0,3.0,92090.0,False,1,0,False,fast,0,0,False,False,94,False,True,,,,,,,,,,,
9206,92060.0,92060.0,92062.79999923706,0,2.799999237060547,2.799999237060547,92100.0,False,1,0,False,fast,0,0,False,False,93,False,True,,,,,,,,,,,
9208,92080.0,92080.0,92082.90000152588,0,2.9000015258789062,2.9000015258789062,92120.0,False,1,0,False,fast,0,1,True,False,91,False,True,,,,,,,,,,,
9212,92120.0,92120.0,92122.70000076294,0,2.700000762939453,2.700000762939453,92160.0,False,1,0,False,fast,0,0,False,False,87,False,True,,,,,,,,,,,
9214,92140.0,92140.0,92142.79999923706,0,2.799999237060547,2.799999237060547,92180.0,False,1,0,False,fast,0,1,True,False,85,False,True,,,,,,,,,,,
9218,92180.0,92180.0,92183.0,0,3.0,3.0,92220.0,False,1,0,False,fast,0,0,False,False,81,False,True,,,,,,,,,,,
9220,92200.0,92200.0,92202.79999923706,0,2.799999237060547,2.799999237060547,92240.0,False,1,0,False,fast,0,1,True,False,79,False,True,,,,,,,,,,,
9221,92210.0,92210.0,92212.79999923706,0,2.799999237060547,2.799999237060547,92250.0,False,1,0,False,fast,0,0,False,False,78,False,True,,,,,,,,,,,
9223,92230.0,92230.0,92233.40000152588,0,3.4000015258789062,3.4000015258789062,92270.0,False,1,0,False,fast,0,0,False,False,76,False,True,,,,,,,,,,,
9227,92270.0,92270.0,92272.89999771118,0,2.8999977111816406,2.8999977111816406,92310.0,False,1,0,False,fast,0,0,False,False,72,False,True,,,,,,,,,,,
9228,92280.0,92280.0,92282.90000152588,0,2.9000015258789062,2.9000015258789062,92320.0,False,1,0,False,fast,0,0,False,False,71,False,True,,,,,,,,,,,
9229,92290.0,92290.0,92292.89999771118,0,2.8999977111816406,2.8999977111816406,92330.0,False,1,0,False,fast,0,1,True,False,70,False,True,,,,,,,,,,,
9230,92300.0,92300.0,92303.0000038147,0,3.0000038146972656,3.0000038146972656,92340.0,False,1,0,False,fast,0,1,True,False,69,False,True,,,,,,,,,,,
9231,92310.0,92310.0,92312.79999923706,0,2.799999237060547,2.799999237060547,92350.0,False,1,0,False,fast,0,0,False,False,68,False,True,,,,,,,,,,,
9232,92320.0,92320.0,92332.80000305176,0,12.800003051757812,12.800003051757812,92360.0,False,1,0,False,fast,0,0,False,False,67,False,True,,,,,,,,,,,
9236,92360.0,92360.0,92362.79999923706,0,2.799999237060547,2.799999237060547,92400.0,False,1,0,False,fast,0,0,False,False,63,False,True,,,,,,,,,,,
9241,92410.0,92410.0,92412.90000152588,0,2.9000015258789062,2.9000015258789062,92450.0,False,1,0,False,fast,0,0,False,False,58,False,True,,,,,,,,,,,
9242,92420.0,92420.0,92422.79999923706,0,2.799999237060547,2.799999237060547,92460.0,False,1,0,False,fast,0,1,True,False,57,False,True,,,,,,,,,,,
9243,92430.0,92430.0,92432.90000152588,0,2.9000015258789062,2.9000015258789062,92470.0,False,1,0,False,fast,0,0,False,False,56,False,True,,,,,,,,,,,
9244,92440.0,92440.0,92442.70000457764,0,2.7000045776367188,2.7000045776367188,92480.0,False,1,0,False,fast,0,0,False,False,55,False,True,,,,,,,,,,,
9249,92490.0,92490.0,92492.80000305176,0,2.8000030517578125,2.8000030517578125,92530.0,False,1,0,False,fast,0,0,False,False,50,False,True,,,,,,,,,,,
9250,92500.0,92500.0,92502.79999923706,0,2.799999237060547,2.799999237060547,92540.0,False,1,0,False,fast,0,1,True,False,49,False,True,,,,,,,,,,,
9252,92520.0,92520.0,92522.79999923706,0,2.799999237060547,2.799999237060547,92560.0,False,1,0,False,fast,0,1,True,False,47,False,True,,,,,,,,,,,
9253,92530.0,92530.0,92533.0000038147,0,3.0000038146972656,3.0000038146972656,92570.0,False,1,0,False,fast,0,0,False,False,46,False,True,,,,,,,,,,,
9255,92550.0,92550.0,92552.69999694824,0,2.6999969482421875,2.6999969482421875,92590.0,False,1,0,False,fast,0,0,False,False,44,False,True,,,,,,,,,,,
9256,92560.0,92560.0,92563.0,0,3.0,3.0,92600.0,False,1,0,False,fast,0,0,False,False,43,False,True,,,,,,,,,,,
9262,92620.0,92620.0,92624.40000152588,0,4.400001525878906,4.400001525878906,92660.0,False,1,0,False,fast,0,0,False,False,37,False,True,,,,,,,,,,,
9263,92630.0,92630.0,92645.0,0,15.0,15.0,92670.0,False,1,0,False,fast,0,1,True,False,36,False,True,,,,,,,,,,,
9266,92660.0,92660.0,92662.79999923706,0,2.799999237060547,2.799999237060547,92700.0,False,1,0,False,fast,0,0,False,False,33,False,True,,,,,,,,,,,
9267,92670.0,92670.0,92672.70000076294,0,2.700000762939453,2.700000762939453,92710.0,False,1,0,False,fast,0,1,True,False,32,False,True,,,,,,,,,,,
9268,92680.0,92680.0,92682.9999961853,0,2.9999961853027344,2.9999961853027344,92720.0,False,1,0,False,fast,0,0,False,False,31,False,True,,,,,,,,,,,
9269,92690.0,92690.0,92692.70000076294,0,2.700000762939453,2.700000762939453,92730.0,False,1,0,False,fast,0,0,False,False,30,False,True,,,,,,,,,,,
9275,92750.0,92750.0,92753.90000152588,0,3.9000015258789062,3.9000015258789062,92790.0,False,1,0,False,fast,0,0,False,False,24,False,True,,,,,,,,,,,
9276,92760.0,92760.0,92763.0,0,3.0,3.0,92800.0,False,1,0,False,fast,0,0,False,False,23,False,True,,,,,,,,,,,
9278,92780.0,92780.0,92783.0,0,3.0,3.0,92820.0,False,1,0,False,fast,0,0,False,False,21,False,True,,,,,,,,,,,
9281,92810.0,92810.0,92812.79999923706,0,2.799999237060547,2.799999237060547,92850.0,False,1,0,False,fast,0,1,True,False,18,False,True,,,,,,,,,,,
9282,92820.0,92820.0,92822.9999961853,0,2.9999961853027344,2.9999961853027344,92860.0,False,1,0,False,fast,0,0,False,False,17,False,True,,,,,,,,,,,
9285,92850.0,92850.0,92854.09999847412,0,4.099998474121094,4.099998474121094,92890.0,False,1,0,False,fast,0,0,False,False,14,False,True,,,,,,,,,,,
9287,92870.0,92870.0,92873.0,0,3.0,3.0,92910.0,False,1,0,False,fast,0,0,False,False,12,False,True,,,,,,,,,,,
9290,92900.0,92900.0,92903.09999847412,0,3.0999984741210938,3.0999984741210938,92940.0,False,1,0,False,fast,0,0,False,False,9,False,True,,,,,,,,,,,
9292,92920.0,92920.0,92922.90000152588,0,2.9000015258789062,2.9000015258789062,92960.0,False,1,0,False,fast,0,1,True,False,7,False,True,,,,,,,,,,,
9293,92930.0,92930.0,92932.79999923706,0,2.799999237060547,2.799999237060547,92970.0,False,1,0,False,fast,0,1,True,False,6,False,True,,,,,,,,,,,
9296,92960.0,92960.0,92962.80000305176,0,2.8000030517578125,2.8000030517578125,93000.0,False,1,0,False,fast,0,1,True,False,3,False,True,,,,,,,,,,,
9302,93020.0,93020.0,93022.69999694824,0,2.6999969482421875,2.6999969482421875,93060.0,False,1,0,False,fast,0,0,False,False,97,False,True,,,,,,,,,,,
9305,93050.0,93050.0,93052.89999771118,0,2.8999977111816406,2.8999977111816406,93090.0,False,1,0,False,fast,0,0,False,False,94,False,True,,,,,,,,,,,
9309,93090.0,93090.0,93092.79999923706,0,2.799999237060547,2.799999237060547,93130.0,False,1,0,False,fast,0,1,True,False,90,False,True,,,,,,,,,,,
9313,93130.0,93130.0,93132.89999771118,0,2.8999977111816406,2.8999977111816406,93170.0,False,1,0,False,fast,0,1,True,False,86,False,True,,,,,,,,,,,
9319,93190.0,93190.0,93196.39999771118,0,6.399997711181641,6.399997711181641,93230.0,False,1,0,False,fast,0,0,False,False,80,False,True,,,,,,,,,,,
9320,93200.0,93200.0,93203.89999771118,0,3.8999977111816406,3.8999977111816406,93240.0,False,1,0,False,fast,0,0,False,False,79,False,True,,,,,,,,,,,
9322,93220.0,93220.0,93222.79999923706,0,2.799999237060547,2.799999237060547,93260.0,False,1,0,False,fast,0,1,True,False,77,False,True,,,,,,,,,,,
9323,93230.0,93230.0,93232.89999771118,0,2.8999977111816406,2.8999977111816406,93270.0,False,1,0,False,fast,0,0,False,False,76,False,True,,,,,,,,,,,
9329,93290.0,93290.0,93292.89999771118,0,2.8999977111816406,2.8999977111816406,93330.0,False,1,0,False,fast,0,1,True,False,70,False,True,,,,,,,,,,,
9338,93380.0,93380.0,93382.80000305176,0,2.8000030517578125,2.8000030517578125,93420.0,False,1,0,False,fast,0,0,False,False,61,False,True,,,,,,,,,,,
9341,93410.0,93410.0,93412.79999923706,0,2.799999237060547,2.799999237060547,93450.0,False,1,0,False,fast,0,1,True,False,58,False,True,,,,,,,,,,,
9345,93450.0,93450.0,93452.79999923706,0,2.799999237060547,2.799999237060547,93490.0,False,1,0,False,fast,0,1,True,False,54,False,True,,,,,,,,,,,
9347,93470.0,93470.0,93472.89999771118,0,2.8999977111816406,2.8999977111816406,93510.0,False,1,0,False,fast,0,1,True,False,52,False,True,,,,,,,,,,,
9348,93480.0,93480.0,93482.80000305176,0,2.8000030517578125,2.8000030517578125,93520.0,False,1,0,False,fast,0,0,False,False,51,False,True,,,,,,,,,,,
9350,93500.0,93500.0,93502.90000152588,0,2.9000015258789062,2.9000015258789062,93540.0,False,1,0,False,fast,0,1,True,False,49,False,True,,,,,,,,,,,
9351,93510.0,93510.0,93513.79999923706,0,3.799999237060547,3.799999237060547,93550.0,False,1,0,False,fast,0,0,False,False,48,False,True,,,,,,,,,,,
9352,93520.0,93520.0,93524.5000038147,0,4.500003814697266,4.500003814697266,93560.0,False,1,0,False,fast,0,0,False,False,47,False,True,,,,,,,,,,,
9355,93550.0,93550.0,93552.90000152588,0,2.9000015258789062,2.9000015258789062,93590.0,False,1,0,False,fast,0,1,True,False,44,False,True,,,,,,,,,,,
9357,93570.0,93570.0,93573.0,0,3.0,3.0,93610.0,False,1,0,False,fast,0,0,False,False,42,False,True,,,,,,,,,,,
9360,93600.0,93600.0,93603.79999923706,0,3.799999237060547,3.799999237060547,93640.0,False,1,0,False,fast,0,1,True,False,39,False,True,,,,,,,,,,,
9365,93650.0,93650.0,93652.80000305176,0,2.8000030517578125,2.8000030517578125,93690.0,False,1,0,False,fast,0,1,True,False,34,False,True,,,,,,,,,,,
9366,93660.0,93660.0,93662.70000076294,0,2.700000762939453,2.700000762939453,93700.0,False,1,0,False,fast,0,0,False,False,33,False,True,,,,,,,,,,,
9367,93670.0,93670.0,93672.79999923706,0,2.799999237060547,2.799999237060547,93710.0,False,1,0,False,fast,0,1,True,False,32,False,True,,,,,,,,,,,
9376,93760.0,93760.0,93762.70000457764,0,2.7000045776367188,2.7000045776367188,93800.0,False,1,0,False,fast,0,1,True,False,23,False,True,,,,,,,,,,,
9378,93780.0,93780.0,93782.79999923706,0,2.799999237060547,2.799999237060547,93820.0,False,1,0,False,fast,0,1,True,False,21,False,True,,,,,,,,,,,
9380,93800.0,93800.0,93802.79999923706,0,2.799999237060547,2.799999237060547,93840.0,False,1,0,False,fast,0,1,True,False,19,False,True,,,,,,,,,,,
9383,93830.0,93830.0,93832.69999694824,0,2.6999969482421875,2.6999969482421875,93870.0,False,1,0,False,fast,0,1,True,False,16,False,True,,,,,,,,,,,
9385,93850.0,93850.0,93852.79999923706,0,2.799999237060547,2.799999237060547,93890.0,False,1,0,False,fast,0,0,False,False,14,False,True,,,,,,,,,,,
9387,93870.0,93870.0,93872.79999923706,0,2.799999237060547,2.799999237060547,93910.0,False,1,0,False,fast,0,1,True,False,12,False,True,,,,,,,,,,,
9390,93900.0,93900.0,93902.80000305176,0,2.8000030517578125,2.8000030517578125,93940.0,False,1,0,False,fast,0,0,False,False,9,False,True,,,,,,,,,,,
9391,93910.0,93910.0,93912.89999771118,0,2.8999977111816406,2.8999977111816406,93950.0,False,1,0,False,fast,0,1,True,False,8,False,True,,,,,,,,,,,
9394,93940.0,93940.0,93942.79999923706,0,2.799999237060547,2.799999237060547,93980.0,False,1,0,False,fast,0,0,False,False,5,False,True,,,,,,,,,,,
9398,93980.0,93980.0,93982.79999923706,0,2.799999237060547,2.799999237060547,94020.0,False,1,0,False,fast,0,1,True,False,1,True,True,,,,,,,,,,,
9400,94000.0,94000.0,94002.79999923706,0,2.799999237060547,2.799999237060547,94040.0,False,1,0,False,fast,0,0,False,False,99,False,True,,,,,,,,,,,
9401,94010.0,94010.0,94012.90000152588,0,2.9000015258789062,2.9000015258789062,94050.0,False,1,0,False,fast,0,0,False,False,98,False,True,,,,,,,,,,,
9402,94020.0,94020.0,94022.90000152588,0,2.9000015258789062,2.9000015258789062,94060.0,False,1,0,False,fast,0,0,False,False,97,False,True,,,,,,,,,,,
9403,94030.0,94030.0,94034.29999923706,0,4.299999237060547,4.299999237060547,94070.0,False,1,0,False,fast,0,0,False,False,96,False,True,,,,,,,,,,,
9404,94040.0,94040.0,94042.79999923706,0,2.799999237060547,2.799999237060547,94080.0,False,1,0,False,fast,0,0,False,False,95,False,True,,,,,,,,,,,
9407,94070.0,94070.0,94072.79999923706,0,2.799999237060547,2.799999237060547,94110.0,False,1,0,False,fast,0,0,False,False,92,False,True,,,,,,,,,,,
9408,94080.0,94080.0,94083.0,0,3.0,3.0,94120.0,False,1,0,False,fast,0,1,True,False,91,False,True,,,,,,,,,,,
9409,94090.0,94090.0,94092.80000305176,0,2.8000030517578125,2.8000030517578125,94130.0,False,1,0,False,fast,0,0,False,False,90,False,True,,,,,,,,,,,
9410,94100.0,94100.0,94102.69999694824,0,2.6999969482421875,2.6999969482421875,94140.0,False,1,0,False,fast,0,0,False,False,89,False,True,,,,,,,,,,,
9418,94180.0,94180.0,94182.79999923706,0,2.799999237060547,2.799999237060547,94220.0,False,1,0,False,fast,0,1,True,False,81,False,True,,,,,,,,,,,
9420,94200.0,94200.0,94203.09999847412,0,3.0999984741210938,3.0999984741210938,94240.0,False,1,0,False,fast,0,1,True,False,79,False,True,,,,,,,,,,,
9422,94220.0,94220.0,94222.79999923706,0,2.799999237060547,2.799999237060547,94260.0,False,1,0,False,fast,0,0,False,False,77,False,True,,,,,,,,,,,
9423,94230.0,94230.0,94232.90000152588,0,2.9000015258789062,2.9000015258789062,94270.0,False,1,0,False,fast,0,0,False,False,76,False,True,,,,,,,,,,,
9424,94240.0,94240.0,94242.90000152588,0,2.9000015258789062,2.9000015258789062,94280.0,False,1,0,False,fast,0,1,True,False,75,False,True,,,,,,,,,,,
9427,94270.0,94270.0,94273.0,0,3.0,3.0,94310.0,False,1,0,False,fast,0,1,True,False,72,False,True,,,,,,,,,,,
9429,94290.0,94290.0,94294.09999847412,0,4.099998474121094,4.099998474121094,94330.0,False,1,0,False,fast,0,0,False,False,70,False,True,,,,,,,,,,,
9432,94320.0,94320.0,94322.79999923706,0,2.799999237060547,2.799999237060547,94360.0,False,1,0,False,fast,0,1,True,False,67,False,True,,,,,,,,,,,
9433,94330.0,94330.0,94333.0,0,3.0,3.0,94370.0,False,1,0,False,fast,0,0,False,False,66,False,True,,,,,,,,,,,
9437,94370.0,94370.0,94372.90000152588,0,2.9000015258789062,2.9000015258789062,94410.0,False,1,0,False,fast,0,0,False,False,62,False,True,,,,,,,,,,,
9439,94390.0,94390.0,94392.79999923706,0,2.799999237060547,2.799999237060547,94430.0,False,1,0,False,fast,0,0,False,False,60,False,True,,,,,,,,,,,
9440,94400.0,94400.0,94402.90000152588,0,2.9000015258789062,2.9000015258789062,94440.0,False,1,0,False,fast,0,0,False,False,59,False,True,,,,,,,,,,,
9441,94410.0,94410.0,94414.20000076294,0,4.200000762939453,4.200000762939453,94450.0,False,1,0,False,fast,0,0,False,False,58,False,True,,,,,,,,,,,
9442,94420.0,94420.0,94423.90000152588,0,3.9000015258789062,3.9000015258789062,94460.0,False,1,0,False,fast,0,0,False,False,57,False,True,,,,,,,,,,,
9445,94450.0,94450.0,94455.0,0,5.0,5.0,94490.0,False,1,0,False,fast,0,0,False,False,54,False,True,,,,,,,,,,,
9446,94460.0,94460.0,94462.89999771118,0,2.8999977111816406,2.8999977111816406,94500.0,False,1,0,False,fast,0,0,False,False,53,False,True,,,,,,,,,,,
9452,94520.0,94520.0,94522.80000305176,0,2.8000030517578125,2.8000030517578125,94560.0,False,1,0,False,fast,0,0,False,False,47,False,True,,,,,,,,,,,
9454,94540.0,94540.0,94542.89999771118,0,2.8999977111816406,2.8999977111816406,94580.0,False,1,0,False,fast,0,0,False,False,45,False,True,,,,,,,,,,,
9458,94580.0,94580.0,94582.79999923706,0,2.799999237060547,2.799999237060547,94620.0,False,1,0,False,fast,0,0,False,False,41,False,True,,,,,,,,,,,
9459,94590.0,94590.0,94592.89999771118,0,2.8999977111816406,2.8999977111816406,94630.0,False,1,0,False,fast,0,0,False,False,40,False,True,,,,,,,,,,,
9460,94600.0,94600.0,94602.79999923706,0,2.799999237060547,2.799999237060547,94640.0,False,1,0,False,fast,0,0,False,False,39,False,True,,,,,,,,,,,
9461,94610.0,94610.0,94612.79999923706,0,2.799999237060547,2.799999237060547,94650.0,False,1,0,False,fast,0,0,False,False,38,False,True,,,,,,,,,,,
9464,94640.0,94640.0,94642.69999694824,0,2.6999969482421875,2.6999969482421875,94680.0,False,1,0,False,fast,0,0,False,False,35,False,True,,,,,,,,,,,
9465,94650.0,94650.0,94653.79999923706,0,3.799999237060547,3.799999237060547,94690.0,False,1,0,False,fast,0,0,False,False,34,False,True,,,,,,,,,,,
9466,94660.0,94660.0,94662.90000152588,0,2.9000015258789062,2.9000015258789062,94700.0,False,1,0,False,fast,0,1,True,False,33,False,True,,,,,,,,,,,
9468,94680.0,94680.0,94682.70000076294,0,2.700000762939453,2.700000762939453,94720.0,False,1,0,False,fast,0,1,True,False,31,False,True,,,,,,,,,,,
9476,94760.0,94760.0,94762.90000152588,0,2.9000015258789062,2.9000015258789062,94800.0,False,1,0,False,fast,0,0,False,False,23,False,True,,,,,,,,,,,
9478,94780.0,94780.0,94782.70000076294,0,2.700000762939453,2.700000762939453,94820.0,False,1,0,False,fast,0,0,False,False,21,False,True,,,,,,,,,,,
9479,94790.0,94790.0,94793.39999771118,0,3.3999977111816406,3.3999977111816406,94830.0,False,1,0,False,fast,0,0,False,False,20,False,True,,,,,,,,,,,
9480,94800.0,94800.0,94802.90000152588,0,2.9000015258789062,2.9000015258789062,94840.0,False,1,0,False,fast,0,0,False,False,19,False,True,,,,,,,,,,,
9482,94820.0,94820.0,94822.89999771118,0,2.8999977111816406,2.8999977111816406,94860.0,False,1,0,False,fast,0,0,False,False,17,False,True,,,,,,,,,,,
9483,94830.0,94830.0,94832.90000152588,0,2.9000015258789062,2.9000015258789062,94870.0,False,1,0,False,fast,0,0,False,False,16,False,True,,,,,,,,,,,
9484,94840.0,94840.0,94842.79999923706,0,2.799999237060547,2.799999237060547,94880.0,False,1,0,False,fast,0,0,False,False,15,False,True,,,,,,,,,,,
9485,94850.0,94850.0,94852.90000152588,0,2.9000015258789062,2.9000015258789062,94890.0,False,1,0,False,fast,0,1,True,False,14,False,True,,,,,,,,,,,
9486,94860.0,94860.0,94862.79999923706,0,2.799999237060547,2.799999237060547,94900.0,False,1,0,False,fast,0,0,False,False,13,False,True,,,,,,,,,,,
9487,94870.0,94870.0,94875.79999923706,0,5.799999237060547,5.799999237060547,94910.0,False,1,0,False,fast,0,0,False,False,12,False,True,,,,,,,,,,,
9488,94880.0,94880.0,94882.90000152588,0,2.9000015258789062,2.9000015258789062,94920.0,False,1,0,False,fast,0,0,False,False,11,False,True,,,,,,,,,,,
9490,94900.0,94900.0,94903.0000038147,0,3.0000038146972656,3.0000038146972656,94940.0,False,1,0,False,fast,0,0,False,False,9,False,True,,,,,,,,,,,
9492,94920.0,94920.0,94924.19999694824,0,4.1999969482421875,4.1999969482421875,94960.0,False,1,0,False,fast,0,1,True,False,7,False,True,,,,,,,,,,,
9494,94940.0,94940.0,94942.90000152588,0,2.9000015258789062,2.9000015258789062,94980.0,False,1,0,False,fast,0,0,False,False,5,False,True,,,,,,,,,,,
9495,94950.0,94950.0,94952.89999771118,0,2.8999977111816406,2.8999977111816406,94990.0,False,1,0,False,fast,0,0,False,False,4,False,True,,,,,,,,,,,
9496,94960.0,94960.0,94963.0,0,3.0,3.0,95000.0,False,1,0,False,fast,0,0,False,False,3,False,True,,,,,,,,,,,
9498,94980.0,94980.0,94982.60000228882,0,2.6000022888183594,2.6000022888183594,95020.0,False,1,0,False,fast,0,1,True,False,1,True,True,,,,,,,,,,,
9501,95010.0,95010.0,95012.89999771118,0,2.8999977111816406,2.8999977111816406,95050.0,False,1,0,False,fast,0,1,True,False,98,False,True,,,,,,,,,,,
9507,95070.0,95070.0,95072.90000152588,0,2.9000015258789062,2.9000015258789062,95110.0,False,1,0,False,fast,0,1,True,False,92,False,True,,,,,,,,,,,
9512,95120.0,95120.0,95122.79999923706,0,2.799999237060547,2.799999237060547,95160.0,False,1,0,False,fast,0,0,False,False,87,False,True,,,,,,,,,,,
9524,95240.0,95240.0,95242.79999923706,0,2.799999237060547,2.799999237060547,95280.0,False,1,0,False,fast,0,0,False,False,75,False,True,,,,,,,,,,,
9525,95250.0,95250.0,95252.79999923706,0,2.799999237060547,2.799999237060547,95290.0,False,1,0,False,fast,0,0,False,False,74,False,True,,,,,,,,,,,
9527,95270.0,95270.0,95272.69999694824,0,2.6999969482421875,2.6999969482421875,95310.0,False,1,0,False,fast,0,0,False,False,72,False,True,,,,,,,,,,,
9530,95300.0,95300.0,95304.29999923706,0,4.299999237060547,4.299999237060547,95340.0,False,1,0,False,fast,0,1,True,False,69,False,True,,,,,,,,,,,
9531,95310.0,95310.0,95312.69999694824,0,2.6999969482421875,2.6999969482421875,95350.0,False,1,0,False,fast,0,0,False,False,68,False,True,,,,,,,,,,,
9534,95340.0,95340.0,95342.79999923706,0,2.799999237060547,2.799999237060547,95380.0,False,1,0,False,fast,0,0,False,False,65,False,True,,,,,,,,,,,
9536,95360.0,95360.0,95362.80000305176,0,2.8000030517578125,2.8000030517578125,95400.0,False,1,0,False,fast,0,0,False,False,63,False,True,,,,,,,,,,,
9537,95370.0,95370.0,95372.89999771118,0,2.8999977111816406,2.8999977111816406,95410.0,False,1,0,False,fast,0,0,False,False,62,False,True,,,,,,,,,,,
9539,95390.0,95390.0,95392.79999923706,0,2.799999237060547,2.799999237060547,95430.0,False,1,0,False,fast,0,0,False,False,60,False,True,,,,,,,,,,,
9541,95410.0,95410.0,95412.79999923706,0,2.799999237060547,2.799999237060547,95450.0,False,1,0,False,fast,0,0,False,False,58,False,True,,,,,,,,,,,
9544,95440.0,95440.0,95442.79999923706,0,2.799999237060547,2.799999237060547,95480.0,False,1,0,False,fast,0,0,False,False,55,False,True,,,,,,,,,,,
9546,95460.0,95460.0,95462.79999923706,0,2.799999237060547,2.799999237060547,95500.0,False,1,0,False,fast,0,1,True,False,53,False,True,,,,,,,,,,,
9547,95470.0,95470.0,95472.90000152588,0,2.9000015258789062,2.9000015258789062,95510.0,False,1,0,False,fast,0,0,False,False,52,False,True,,,,,,,,,,,
9557,95570.0,95570.0,95572.89999771118,0,2.8999977111816406,2.8999977111816406,95610.0,False,1,0,False,fast,0,1,True,False,42,False,True,,,,,,,,,,,
9559,95590.0,95590.0,95592.90000152588,0,2.9000015258789062,2.9000015258789062,95630.0,False,1,0,False,fast,0,0,False,False,40,False,True,,,,,,,,,,,
9563,95630.0,95630.0,95632.79999923706,0,2.799999237060547,2.799999237060547,95670.0,False,1,0,False,fast,0,0,False,False,36,False,True,,,,,,,,,,,
9564,95640.0,95640.0,95642.90000152588,0,2.9000015258789062,2.9000015258789062,95680.0,False,1,0,False,fast,0,1,True,False,35,False,True,,,,,,,,,,,
9566,95660.0,95660.0,95662.79999923706,0,2.799999237060547,2.799999237060547,95700.0,False,1,0,False,fast,0,1,True,False,33,False,True,,,,,,,,,,,
9567,95670.0,95670.0,95672.9999961853,0,2.9999961853027344,2.9999961853027344,95710.0,False,1,0,False,fast,0,0,False,False,32,False,True,,,,,,,,,,,
9569,95690.0,95690.0,95692.79999923706,0,2.799999237060547,2.799999237060547,95730.0,False,1,0,False,fast,0,0,False,False,30,False,True,,,,,,,,,,,
9572,95720.0,95720.0,95723.0,0,3.0,3.0,95760.0,False,1,0,False,fast,0,0,False,False,27,False,True,,,,,,,,,,,
9573,95730.0,95730.0,95734.5,0,4.5,4.5,95770.0,False,1,0,False,fast,0,0,False,False,26,False,True,,,,,,,,,,,
9574,95740.0,95740.0,95742.90000152588,0,2.9000015258789062,2.9000015258789062,95780.0,False,1,0,False,fast,0,0,False,False,25,False,True,,,,,,,,,,,
9578,95780.0,95780.0,95783.0000038147,0,3.0000038146972656,3.0000038146972656,95820.0,False,1,0,False,fast,0,0,False,False,21,False,True,,,,,,,,,,,
9579,95790.0,95790.0,95792.90000152588,0,2.9000015258789062,2.9000015258789062,95830.0,False,1,0,False,fast,0,0,False,False,20,False,True,,,,,,,,,,,
9581,95810.0,95810.0,95813.5,0,3.5,3.5,95850.0,False,1,0,False,fast,0,0,False,False,18,False,True,,,,,,,,,,,
9582,95820.0,95820.0,95823.0,0,3.0,3.0,95860.0,False,1,0,False,fast,0,1,True,False,17,False,True,,,,,,,,,,,
9583,95830.0,95830.0,95832.79999923706,0,2.799999237060547,2.799999237060547,95870.0,False,1,0,False,fast,0,0,False,False,16,False,True,,,,,,,,,,,
9591,95910.0,95910.0,95913.0,0,3.0,3.0,95950.0,False,1,0,False,fast,0,0,False,False,8,False,True,,,,,,,,,,,
9592,95920.0,95920.0,95922.89999771118,0,2.8999977111816406,2.8999977111816406,95960.0,False,1,0,False,fast,0,0,False,False,7,False,True,,,,,,,,,,,
9594,95940.0,95940.0,95942.90000152588,0,2.9000015258789062,2.9000015258789062,95980.0,False,1,0,False,fast,0,0,False,False,5,False,True,,,,,,,,,,,
9598,95980.0,95980.0,95982.79999923706,0,2.799999237060547,2.799999237060547,96020.0,False,1,0,False,fast,0,0,False,False,1,True,True,,,,,,,,,,,
9600,96000.0,96000.0,96002.79999923706,0,2.799999237060547,2.799999237060547,96040.0,False,1,0,False,fast,0,0,False,False,99,False,True,,,,,,,,,,,
9601,96010.0,96010.0,96012.80000305176,0,2.8000030517578125,2.8000030517578125,96050.0,False,1,0,False,fast,0,1,True,False,98,False,True,,,,,,,,,,,
9606,96060.0,96060.0,96062.79999923706,0,2.799999237060547,2.799999237060547,96100.0,False,1,0,False,fast,0,0,False,False,93,False,True,,,,,,,,,,,
9608,96080.0,96080.0,96082.80000305176,0,2.8000030517578125,2.8000030517578125,96120.0,False,1,0,False,fast,0,1,True,False,91,False,True,,,,,,,,,,,
9609,96090.0,96090.0,96093.0000038147,0,3.0000038146972656,3.0000038146972656,96130.0,False,1,0,False,fast,0,0,False,False,90,False,True,,,,,,,,,,,
9611,96110.0,96110.0,96113.20000076294,0,3.200000762939453,3.200000762939453,96150.0,False,1,0,False,fast,0,1,True,False,88,False,True,,,,,,,,,,,
9612,96120.0,96120.0,96122.90000152588,0,2.9000015258789062,2.9000015258789062,96160.0,False,1,0,False,fast,0,1,True,False,87,False,True,,,,,,,,,,,
9613,96130.0,96130.0,96132.79999923706,0,2.799999237060547,2.799999237060547,96170.0,False,1,0,False,fast,0,0,False,False,86,False,True,,,,,,,,,,,
9622,96220.0,96220.0,96222.70000076294,0,2.700000762939453,2.700000762939453,96260.0,False,1,0,False,fast,0,1,True,False,77,False,True,,,,,,,,,,,
9626,96260.0,96260.0,96263.0,0,3.0,3.0,96300.0,False,1,0,False,fast,0,1,True,False,73,False,True,,,,,,,,,,,
9629,96290.0,96290.0,96292.79999923706,0,2.799999237060547,2.799999237060547,96330.0,False,1,0,False,fast,0,0,False,False,70,False,True,,,,,,,,,,,
9631,96310.0,96310.0,96313.29999923706,0,3.299999237060547,3.299999237060547,96350.0,False,1,0,False,fast,0,1,True,False,68,False,True,,,,,,,,,,,
9632,96320.0,96320.0,96323.0,0,3.0,3.0,96360.0,False,1,0,False,fast,0,0,False,False,67,False,True,,,,,,,,,,,
9635,96350.0,96350.0,96354.5,0,4.5,4.5,96390.0,False,1,0,False,fast,0,1,True,False,64,False,True,,,,,,,,,,,
9636,96360.0,96360.0,96363.0,0,3.0,3.0,96400.0,False,1,0,False,fast,0,0,False,False,63,False,True,,,,,,,,,,,
9638,96380.0,96380.0,96383.5,0,3.5,3.5,96420.0,False,1,0,False,fast,0,1,True,False,61,False,True,,,,,,,,,,,
9640,96400.0,96400.0,96405.0,0,5.0,5.0,96440.0,False,1,0,False,fast,0,0,False,False,59,False,True,,,,,,,,,,,
9646,96460.0,96460.0,96464.20000076294,0,4.200000762939453,4.200000762939453,96500.0,False,1,0,False,fast,0,0,False,False,53,False,True,,,,,,,,,,,
9647,96470.0,96470.0,96472.89999771118,0,2.8999977111816406,2.8999977111816406,96510.0,False,1,0,False,fast,0,1,True,False,52,False,True,,,,,,,,,,,
9648,96480.0,96480.0,96482.90000152588,0,2.9000015258789062,2.9000015258789062,96520.0,False,1,0,False,fast,0,1,True,False,51,False,True,,,,,,,,,,,
9649,96490.0,96490.0,96494.19999694824,0,4.1999969482421875,4.1999969482421875,96530.0,False,1,0,False,fast,0,0,False,False,50,False,True,,,,,,,,,,,
9652,96520.0,96520.0,96523.0,0,3.0,3.0,96560.0,False,1,0,False,fast,0,0,False,False,47,False,True,,,,,,,,,,,
9654,96540.0,96540.0,96543.09999847412,0,3.0999984741210938,3.0999984741210938,96580.0,False,1,0,False,fast,0,0,False,False,45,False,True,,,,,,,,,,,
9655,96550.0,96550.0,96553.0,0,3.0,3.0,96590.0,False,1,0,False,fast,0,0,False,False,44,False,True,,,,,,,,,,,
9657,96570.0,96570.0,96575.20000076294,0,5.200000762939453,5.200000762939453,96610.0,False,1,0,False,fast,0,0,False,False,42,False,True,,,,,,,,,,,
9658,96580.0,96580.0,96584.20000076294,0,4.200000762939453,4.200000762939453,96620.0,False,1,0,False,fast,0,0,False,False,41,False,True,,,,,,,,,,,
9659,96590.0,96590.0,96592.79999923706,0,2.799999237060547,2.799999237060547,96630.0,False,1,0,False,fast,0,0,False,False,40,False,True,,,,,,,,,,,
9666,96660.0,96660.0,96662.90000152588,0,2.9000015258789062,2.9000015258789062,96700.0,False,1,0,False,fast,0,0,False,False,33,False,True,,,,,,,,,,,
9669,96690.0,96690.0,96692.90000152588,0,2.9000015258789062,2.9000015258789062,96730.0,False,1,0,False,fast,0,0,False,False,30,False,True,,,,,,,,,,,
9672,96720.0,96720.0,96722.90000152588,0,2.9000015258789062,2.9000015258789062,96760.0,False,1,0,False,fast,0,0,False,False,27,False,True,,,,,,,,,,,
9676,96760.0,96760.0,96762.90000152588,0,2.9000015258789062,2.9000015258789062,96800.0,False,1,0,False,fast,0,1,True,False,23,False,True,,,,,,,,,,,
9677,96770.0,96770.0,96772.90000152588,0,2.9000015258789062,2.9000015258789062,96810.0,False,1,0,False,fast,0,0,False,False,22,False,True,,,,,,,,,,,
9679,96790.0,96790.0,96792.79999923706,0,2.799999237060547,2.799999237060547,96830.0,False,1,0,False,fast,0,0,False,False,20,False,True,,,,,,,,,,,
9680,96800.0,96800.0,96803.0,0,3.0,3.0,96840.0,False,1,0,False,fast,0,1,True,False,19,False,True,,,,,,,,,,,
9681,96810.0,96810.0,96812.79999923706,0,2.799999237060547,2.799999237060547,96850.0,False,1,0,False,fast,0,0,False,False,18,False,True,,,,,,,,,,,
9686,96860.0,96860.0,96862.79999923706,0,2.799999237060547,2.799999237060547,96900.0,False,1,0,False,fast,0,0,False,False,13,False,True,,,,,,,,,,,
9688,96880.0,96880.0,96883.09999847412,0,3.0999984741210938,3.0999984741210938,96920.0,False,1,0,False,fast,0,0,False,False,11,False,True,,,,,,,,,,,
9693,96930.0,96930.0,96932.90000152588,0,2.9000015258789062,2.9000015258789062,96970.0,False,1,0,False,fast,0,1,True,False,6,False,True,,,,,,,,,,,
9698,96980.0,96980.0,96982.89999771118,0,2.8999977111816406,2.8999977111816406,97020.0,False,1,0,False,fast,0,0,False,False,1,True,True,,,,,,,,,,,
9700,97000.0,97000.0,97005.90000152588,0,5.900001525878906,5.900001525878906,97040.0,False,1,0,False,fast,0,1,True,False,99,False,True,,,,,,,,,,,
9702,97020.0,97020.0,97022.90000152588,0,2.9000015258789062,2.9000015258789062,97060.0,False,1,0,False,fast,0,0,False,False,97,False,True,,,,,,,,,,,
9704,97040.0,97040.0,97042.89999771118,0,2.8999977111816406,2.8999977111816406,97080.0,False,1,0,False,fast,0,0,False,False,95,False,True,,,,,,,,,,,
9705,97050.0,97050.0,97053.10000228882,0,3.1000022888183594,3.1000022888183594,97090.0,False,1,0,False,fast,0,0,False,False,94,False,True,,,,,,,,,,,
9708,97080.0,97080.0,97082.90000152588,0,2.9000015258789062,2.9000015258789062,97120.0,False,1,0,False,fast,0,0,False,False,91,False,True,,,,,,,,,,,
9709,97090.0,97090.0,97092.80000305176,0,2.8000030517578125,2.8000030517578125,97130.0,False,1,0,False,fast,0,0,False,False,90,False,True,,,,,,,,,,,
9710,97100.0,97100.0,97104.29999923706,0,4.299999237060547,4.299999237060547,97140.0,False,1,0,False,fast,0,0,False,False,89,False,True,,,,,,,,,,,
9711,97110.0,97110.0,97114.20000076294,0,4.200000762939453,4.200000762939453,97150.0,False,1,0,False,fast,0,1,True,False,88,False,True,,,,,,,,,,,
9712,97120.0,97120.0,97122.79999923706,0,2.799999237060547,2.799999237060547,97160.0,False,1,0,False,fast,0,1,True,False,87,False,True,,,,,,,,,,,
9714,97140.0,97140.0,97143.90000152588,0,3.9000015258789062,3.9000015258789062,97180.0,False,1,0,False,fast,0,0,False,False,85,False,True,,,,,,,,,,,
9715,97150.0,97150.0,97153.09999847412,0,3.0999984741210938,3.0999984741210938,97190.0,False,1,0,False,fast,0,0,False,False,84,False,True,,,,,,,,,,,
9716,97160.0,97160.0,97162.89999771118,0,2.8999977111816406,2.8999977111816406,97200.0,False,1,0,False,fast,0,0,False,False,83,False,True,,,,,,,,,,,
9719,97190.0,97190.0,97193.0000038147,0,3.0000038146972656,3.0000038146972656,97230.0,False,1,0,False,fast,0,1,True,False,80,False,True,,,,,,,,,,,
9723,97230.0,97230.0,97234.10000228882,0,4.100002288818359,4.100002288818359,97270.0,False,1,0,False,fast,0,0,False,False,76,False,True,,,,,,,,,,,
9724,97240.0,97240.0,97242.89999771118,0,2.8999977111816406,2.8999977111816406,97280.0,False,1,0,False,fast,0,0,False,False,75,False,True,,,,,,,,,,,
9727,97270.0,97270.0,97272.79999923706,0,2.799999237060547,2.799999237060547,97310.0,False,1,0,False,fast,0,1,True,False,72,False,True,,,,,,,,,,,
9732,97320.0,97320.0,97322.79999923706,0,2.799999237060547,2.799999237060547,97360.0,False,1,0,False,fast,0,0,False,False,67,False,True,,,,,,,,,,,
9736,97360.0,97360.0,97363.0,0,3.0,3.0,97400.0,False,1,0,False,fast,0,1,True,False,63,False,True,,,,,,,,,,,
9740,97400.0,97400.0,97402.80000305176,0,2.8000030517578125,2.8000030517578125,97440.0,False,1,0,False,fast,0,0,False,False,59,False,True,,,,,,,,,,,
9745,97450.0,97450.0,97452.69999694824,0,2.6999969482421875,2.6999969482421875,97490.0,False,1,0,False,fast,0,1,True,False,54,False,True,,,,,,,,,,,
9746,97460.0,97460.0,97462.90000152588,0,2.9000015258789062,2.9000015258789062,97500.0,False,1,0,False,fast,0,0,False,False,53,False,True,,,,,,,,,,,
9747,97470.0,97470.0,97474.10000228882,0,4.100002288818359,4.100002288818359,97510.0,False,1,0,False,fast,0,0,False,False,52,False,True,,,,,,,,,,,
9748,97480.0,97480.0,97482.90000152588,0,2.9000015258789062,2.9000015258789062,97520.0,False,1,0,False,fast,0,0,False,False,51,False,True,,,,,,,,,,,
9751,97510.0,97510.0,97513.20000457764,0,3.2000045776367188,3.2000045776367188,97550.0,False,1,0,False,fast,0,0,False,False,48,False,True,,,,,,,,,,,
9752,97520.0,97520.0,97523.0,0,3.0,3.0,97560.0,False,1,0,False,fast,0,0,False,False,47,False,True,,,,,,,,,,,
9754,97540.0,97540.0,97542.79999923706,0,2.799999237060547,2.799999237060547,97580.0,False,1,0,False,fast,0,0,False,False,45,False,True,,,,,,,,,,,
9756,97560.0,97560.0,97562.79999923706,0,2.799999237060547,2.799999237060547,97600.0,False,1,0,False,fast,0,0,False,False,43,False,True,,,,,,,,,,,
9758,97580.0,97580.0,97582.89999771118,0,2.8999977111816406,2.8999977111816406,97620.0,False,1,0,False,fast,0,0,False,False,41,False,True,,,,,,,,,,,
9763,97630.0,97630.0,97634.0,0,4.0,4.0,97670.0,False,1,0,False,fast,0,1,True,False,36,False,True,,,,,,,,,,,
9766,97660.0,97660.0,97662.89999771118,0,2.8999977111816406,2.8999977111816406,97700.0,False,1,0,False,fast,0,1,True,False,33,False,True,,,,,,,,,,,
9768,97680.0,97680.0,97682.89999389648,0,2.899993896484375,2.899993896484375,97720.0,False,1,0,False,fast,0,1,True,False,31,False,True,,,,,,,,,,,
9770,97700.0,97700.0,97703.0,0,3.0,3.0,97740.0,False,1,0,False,fast,0,0,False,False,29,False,True,,,,,,,,,,,
9772,97720.0,97720.0,97724.0000038147,0,4.000003814697266,4.000003814697266,97760.0,False,1,0,False,fast,0,0,False,False,27,False,True,,,,,,,,,,,
9773,97730.0,97730.0,97732.79999923706,0,2.799999237060547,2.799999237060547,97770.0,False,1,0,False,fast,0,1,True,False,26,False,True,,,,,,,,,,,
9774,97740.0,97740.0,97742.79999923706,0,2.799999237060547,2.799999237060547,97780.0,False,1,0,False,fast,0,0,False,False,25,False,True,,,,,,,,,,,
9775,97750.0,97750.0,97752.79999923706,0,2.799999237060547,2.799999237060547,97790.0,False,1,0,False,fast,0,0,False,False,24,False,True,,,,,,,,,,,
9777,97770.0,97770.0,97772.79999923706,0,2.799999237060547,2.799999237060547,97810.0,False,1,0,False,fast,0,1,True,False,22,False,True,,,,,,,,,,,
9780,97800.0,97800.0,97802.80000305176,0,2.8000030517578125,2.8000030517578125,97840.0,False,1,0,False,fast,0,0,False,False,19,False,True,,,,,,,,,,,
9786,97860.0,97860.0,97863.5,0,3.5,3.5,97900.0,False,1,0,False,fast,0,1,True,False,13,False,True,,,,,,,,,,,
9789,97890.0,97890.0,97892.90000152588,0,2.9000015258789062,2.9000015258789062,97930.0,False,1,0,False,fast,0,1,True,False,10,False,True,,,,,,,,,,,
9798,97980.0,97980.0,97984.09999847412,0,4.099998474121094,4.099998474121094,98020.0,False,1,0,False,fast,0,0,False,False,1,True,True,,,,,,,,,,,
9800,98000.0,98000.0,98003.90000152588,0,3.9000015258789062,3.9000015258789062,98040.0,False,1,0,False,fast,0,0,False,False,99,False,True,,,,,,,,,,,
9803,98030.0,98030.0,98033.89999771118,0,3.8999977111816406,3.8999977111816406,98070.0,False,1,0,False,fast,0,1,True,False,96,False,True,,,,,,,,,,,
9805,98050.0,98050.0,98054.0000038147,0,4.000003814697266,4.000003814697266,98090.0,False,1,0,False,fast,0,1,True,False,94,False,True,,,,,,,,,,,
9806,98060.0,98060.0,98062.89999771118,0,2.8999977111816406,2.8999977111816406,98100.0,False,1,0,False,fast,0,1,True,False,93,False,True,,,,,,,,,,,
9813,98130.0,98130.0,98133.90000152588,0,3.9000015258789062,3.9000015258789062,98170.0,False,1,0,False,fast,0,0,False,False,86,False,True,,,,,,,,,,,
9817,98170.0,98170.0,98172.80000305176,0,2.8000030517578125,2.8000030517578125,98210.0,False,1,0,False,fast,0,0,False,False,82,False,True,,,,,,,,,,,
9818,98180.0,98180.0,98182.90000152588,0,2.9000015258789062,2.9000015258789062,98220.0,False,1,0,False,fast,0,0,False,False,81,False,True,,,,,,,,,,,
9821,98210.0,98210.0,98212.79999923706,0,2.799999237060547,2.799999237060547,98250.0,False,1,0,False,fast,0,0,False,False,78,False,True,,,,,,,,,,,
9822,98220.0,98220.0,98223.0,0,3.0,3.0,98260.0,False,1,0,False,fast,0,0,False,False,77,False,True,,,,,,,,,,,
9823,98230.0,98230.0,98232.89999771118,0,2.8999977111816406,2.8999977111816406,98270.0,False,1,0,False,fast,0,1,True,False,76,False,True,,,,,,,,,,,
9825,98250.0,98250.0,98252.79999923706,0,2.799999237060547,2.799999237060547,98290.0,False,1,0,False,fast,0,1,True,False,74,False,True,,,,,,,,,,,
9828,98280.0,98280.0,98282.9999961853,0,2.9999961853027344,2.9999961853027344,98320.0,False,1,0,False,fast,0,1,True,False,71,False,True,,,,,,,,,,,
9831,98310.0,98310.0,98312.79999923706,0,2.799999237060547,2.799999237060547,98350.0,False,1,0,False,fast,0,1,True,False,68,False,True,,,,,,,,,,,
9832,98320.0,98320.0,98322.90000152588,0,2.9000015258789062,2.9000015258789062,98360.0,False,1,0,False,fast,0,0,False,False,67,False,True,,,,,,,,,,,
9835,98350.0,98350.0,98354.0,0,4.0,4.0,98390.0,False,1,0,False,fast,0,0,False,False,64,False,True,,,,,,,,,,,
9836,98360.0,98360.0,98362.79999923706,0,2.799999237060547,2.799999237060547,98400.0,False,1,0,False,fast,0,0,False,False,63,False,True,,,,,,,,,,,
9837,98370.0,98370.0,98374.60000228882,0,4.600002288818359,4.600002288818359,98410.0,False,1,0,False,fast,0,1,True,False,62,False,True,,,,,,,,,,,
9838,98380.0,98380.0,98382.90000152588,0,2.9000015258789062,2.9000015258789062,98420.0,False,1,0,False,fast,0,0,False,False,61,False,True,,,,,,,,,,,
9841,98410.0,98410.0,98412.79999923706,0,2.799999237060547,2.799999237060547,98450.0,False,1,0,False,fast,0,0,False,False,58,False,True,,,,,,,,,,,
9843,98430.0,98430.0,98432.79999923706,0,2.799999237060547,2.799999237060547,98470.0,False,1,0,False,fast,0,0,False,False,56,False,True,,,,,,,,,,,
9849,98490.0,98490.0,98493.9999961853,0,3.9999961853027344,3.9999961853027344,98530.0,False,1,0,False,fast,0,0,False,False,50,False,True,,,,,,,,,,,
9850,98500.0,98500.0,98502.90000152588,0,2.9000015258789062,2.9000015258789062,98540.0,False,1,0,False,fast,0,0,False,False,49,False,True,,,,,,,,,,,
9853,98530.0,98530.0,98532.90000152588,0,2.9000015258789062,2.9000015258789062,98570.0,False,1,0,False,fast,0,0,False,False,46,False,True,,,,,,,,,,,
9855,98550.0,98550.0,98552.70000457764,0,2.7000045776367188,2.7000045776367188,98590.0,False,1,0,False,fast,0,1,True,False,44,False,True,,,,,,,,,,,
9856,98560.0,98560.0,98564.0,0,4.0,4.0,98600.0,False,1,0,False,fast,0,1,True,False,43,False,True,,,,,,,,,,,
9857,98570.0,98570.0,98572.79999923706,0,2.799999237060547,2.799999237060547,98610.0,False,1,0,False,fast,0,0,False,False,42,False,True,,,,,,,,,,,
9861,98610.0,98610.0,98612.70000076294,0,2.700000762939453,2.700000762939453,98650.0,False,1,0,False,fast,0,1,True,False,38,False,True,,,,,,,,,,,
9865,98650.0,98650.0,98652.90000152588,0,2.9000015258789062,2.9000015258789062,98690.0,False,1,0,False,fast,0,0,False,False,34,False,True,,,,,,,,,,,
9868,98680.0,98680.0,98682.89999771118,0,2.8999977111816406,2.8999977111816406,98720.0,False,1,0,False,fast,0,0,False,False,31,False,True,,,,,,,,,,,
9870,98700.0,98700.0,98705.70000076294,0,5.700000762939453,5.700000762939453,98740.0,False,1,0,False,fast,0,0,False,False,29,False,True,,,,,,,,,,,
9871,98710.0,98710.0,98712.90000152588,0,2.9000015258789062,2.9000015258789062,98750.0,False,1,0,False,fast,0,0,False,False,28,False,True,,,,,,,,,,,
9874,98740.0,98740.0,98742.89999771118,0,2.8999977111816406,2.8999977111816406,98780.0,False,1,0,False,fast,0,0,False,False,25,False,True,,,,,,,,,,,
9875,98750.0,98750.0,98752.80000305176,0,2.8000030517578125,2.8000030517578125,98790.0,False,1,0,False,fast,0,0,False,False,24,False,True,,,,,,,,,,,
9877,98770.0,98770.0,98772.90000152588,0,2.9000015258789062,2.9000015258789062,98810.0,False,1,0,False,fast,0,0,False,False,22,False,True,,,,,,,,,,,
9887,98870.0,98870.0,98872.79999923706,0,2.799999237060547,2.799999237060547,98910.0,False,1,0,False,fast,0,1,True,False,12,False,True,,,,,,,,,,,
9889,98890.0,98890.0,98893.20000457764,0,3.2000045776367188,3.2000045776367188,98930.0,False,1,0,False,fast,0,0,False,False,10,False,True,,,,,,,,,,,
9890,98900.0,98900.0,98903.0,0,3.0,3.0,98940.0,False,1,0,False,fast,0,0,False,False,9,False,True,,,,,,,,,,,
9892,98920.0,98920.0,98922.90000152588,0,2.9000015258789062,2.9000015258789062,98960.0,False,1,0,False,fast,0,1,True,False,7,False,True,,,,,,,,,,,
9897,98970.0,98970.0,98972.90000152588,0,2.9000015258789062,2.9000015258789062,99010.0,False,1,0,False,fast,0,0,False,False,2,True,True,,,,,,,,,,,
9898,98980.0,98980.0,98982.89999771118,0,2.8999977111816406,2.8999977111816406,99020.0,False,1,0,False,fast,0,0,False,False,1,True,True,,,,,,,,,,,
9899,98990.0,98990.0,98992.79999923706,0,2.799999237060547,2.799999237060547,99030.0,False,1,0,False,fast,0,0,False,True,0,True,True,,,,,,,,,,,
9900,99000.0,99000.0,99002.80000305176,0,2.8000030517578125,2.8000030517578125,99040.0,False,1,0,False,fast,0,0,False,False,99,False,True,,,,,,,,,,,
9901,99010.0,99010.0,99012.80000305176,0,2.8000030517578125,2.8000030517578125,99050.0,False,1,0,False,fast,0,1,True,False,98,False,True,,,,,,,,,,,
9902,99020.0,99020.0,99022.89999771118,0,2.8999977111816406,2.8999977111816406,99060.0,False,1,0,False,fast,0,0,False,False,97,False,True,,,,,,,,,,,
9903,99030.0,99030.0,99032.89999771118,0,2.8999977111816406,2.8999977111816406,99070.0,False,1,0,False,fast,0,0,False,False,96,False,True,,,,,,,,,,,
9905,99050.0,99050.0,99052.89999771118,0,2.8999977111816406,2.8999977111816406,99090.0,False,1,0,False,fast,0,1,True,False,94,False,True,,,,,,,,,,,
9906,99060.0,99060.0,99064.10000228882,0,4.100002288818359,4.100002288818359,99100.0,False,1,0,False,fast,0,1,True,False,93,False,True,,,,,,,,,,,
9913,99130.0,99130.0,99134.0,0,4.0,4.0,99170.0,False,1,0,False,fast,0,1,True,False,86,False,True,,,,,,,,,,,
9915,99150.0,99150.0,99153.90000152588,0,3.9000015258789062,3.9000015258789062,99190.0,False,1,0,False,fast,0,1,True,False,84,False,True,,,,,,,,,,,
9922,99220.0,99220.0,99222.90000152588,0,2.9000015258789062,2.9000015258789062,99260.0,False,1,0,False,fast,0,0,False,False,77,False,True,,,,,,,,,,,
9923,99230.0,99230.0,99233.0,0,3.0,3.0,99270.0,False,1,0,False,fast,0,0,False,False,76,False,True,,,,,,,,,,,
9926,99260.0,99260.0,99263.9999961853,0,3.9999961853027344,3.9999961853027344,99300.0,False,1,0,False,fast,0,0,False,False,73,False,True,,,,,,,,,,,
9929,99290.0,99290.0,99292.89999771118,0,2.8999977111816406,2.8999977111816406,99330.0,False,1,0,False,fast,0,0,False,False,70,False,True,,,,,,,,,,,
9932,99320.0,99320.0,99322.89999771118,0,2.8999977111816406,2.8999977111816406,99360.0,False,1,0,False,fast,0,0,False,False,67,False,True,,,,,,,,,,,
9936,99360.0,99360.0,99362.80000305176,0,2.8000030517578125,2.8000030517578125,99400.0,False,1,0,False,fast,0,0,False,False,63,False,True,,,,,,,,,,,
9940,99400.0,99400.0,99402.79999923706,0,2.799999237060547,2.799999237060547,99440.0,False,1,0,False,fast,0,0,False,False,59,False,True,,,,,,,,,,,
9941,99410.0,99410.0,99412.79999923706,0,2.799999237060547,2.799999237060547,99450.0,False,1,0,False,fast,0,1,True,False,58,False,True,,,,,,,,,,,
9942,99420.0,99420.0,99422.79999923706,0,2.799999237060547,2.799999237060547,99460.0,False,1,0,False,fast,0,1,True,False,57,False,True,,,,,,,,,,,
9943,99430.0,99430.0,99433.0,0,3.0,3.0,99470.0,False,1,0,False,fast,0,0,False,False,56,False,True,,,,,,,,,,,
9944,99440.0,99440.0,99442.90000152588,0,2.9000015258789062,2.9000015258789062,99480.0,False,1,0,False,fast,0,0,False,False,55,False,True,,,,,,,,,,,
9945,99450.0,99450.0,99452.90000152588,0,2.9000015258789062,2.9000015258789062,99490.0,False,1,0,False,fast,0,0,False,False,54,False,True,,,,,,,,,,,
9947,99470.0,99470.0,99472.90000152588,0,2.9000015258789062,2.9000015258789062,99510.0,False,1,0,False,fast,0,0,False,False,52,False,True,,,,,,,,,,,
9950,99500.0,99500.0,99503.09999847412,0,3.0999984741210938,3.0999984741210938,99540.0,False,1,0,False,fast,0,1,True,False,49,False,True,,,,,,,,,,,
9951,99510.0,99510.0,99512.90000152588,0,2.9000015258789062,2.9000015258789062,99550.0,False,1,0,False,fast,0,1,True,False,48,False,True,,,,,,,,,,,
9954,99540.0,99540.0,99543.10000228882,0,3.1000022888183594,3.1000022888183594,99580.0,False,1,0,False,fast,0,1,True,False,45,False,True,,,,,,,,,,,
9955,99550.0,99550.0,99553.90000152588,0,3.9000015258789062,3.9000015258789062,99590.0,False,1,0,False,fast,0,1,True,False,44,False,True,,,,,,,,,,,
9957,99570.0,99570.0,99572.90000152588,0,2.9000015258789062,2.9000015258789062,99610.0,False,1,0,False,fast,0,1,True,False,42,False,True,,,,,,,,,,,
9958,99580.0,99580.0,99582.90000152588,0,2.9000015258789062,2.9000015258789062,99620.0,False,1,0,False,fast,0,0,False,False,41,False,True,,,,,,,,,,,
9960,99600.0,99600.0,99602.79999923706,0,2.799999237060547,2.799999237060547,99640.0,False,1,0,False,fast,0,0,False,False,39,False,True,,,,,,,,,,,
9962,99620.0,99620.0,99623.9999961853,0,3.9999961853027344,3.9999961853027344,99660.0,False,1,0,False,fast,0,1,True,False,37,False,True,,,,,,,,,,,
9969,99690.0,99690.0,99692.79999923706,0,2.799999237060547,2.799999237060547,99730.0,False,1,0,False,fast,0,0,False,False,30,False,True,,,,,,,,,,,
9972,99720.0,99720.0,99722.90000152588,0,2.9000015258789062,2.9000015258789062,99760.0,False,1,0,False,fast,0,1,True,False,27,False,True,,,,,,,,,,,
9974,99740.0,99740.0,99742.90000152588,0,2.9000015258789062,2.9000015258789062,99780.0,False,1,0,False,fast,0,0,False,False,25,False,True,,,,,,,,,,,
9975,99750.0,99750.0,99752.89999771118,0,2.8999977111816406,2.8999977111816406,99790.0,False,1,0,False,fast,0,0,False,False,24,False,True,,,,,,,,,,,
9977,99770.0,99770.0,99772.90000152588,0,2.9000015258789062,2.9000015258789062,99810.0,False,1,0,False,fast,0,0,False,False,22,False,True,,,,,,,,,,,
9979,99790.0,99790.0,99792.90000152588,0,2.9000015258789062,2.9000015258789062,99830.0,False,1,0,False,fast,0,1,True,False,20,False,True,,,,,,,,,,,
9982,99820.0,99820.0,99822.79999923706,0,2.799999237060547,2.799999237060547,99860.0,False,1,0,False,fast,0,1,True,False,17,False,True,,,,,,,,,,,
9985,99850.0,99850.0,99852.90000152588,0,2.9000015258789062,2.9000015258789062,99890.0,False,1,0,False,fast,0,0,False,False,14,False,True,,,,,,,,,,,
9986,99860.0,99860.0,99862.79999923706,0,2.799999237060547,2.799999237060547,99900.0,False,1,0,False,fast,0,1,True,False,13,False,True,,,,,,,,,,,
9988,99880.0,99880.0,99883.0000038147,0,3.0000038146972656,3.0000038146972656,99920.0,False,1,0,False,fast,0,1,True,False,11,False,True,,,,,,,,,,,
9990,99900.0,99900.0,99902.90000152588,0,2.9000015258789062,2.9000015258789062,99940.0,False,1,0,False,fast,0,0,False,False,9,False,True,,,,,,,,,,,
9991,99910.0,99910.0,99912.79999923706,0,2.799999237060547,2.799999237060547,99950.0,False,1,0,False,fast,0,0,False,False,8,False,True,,,,,,,,,,,
9992,99920.0,99920.0,99922.79999923706,0,2.799999237060547,2.799999237060547,99960.0,False,1,0,False,fast,0,0,False,False,7,False,True,,,,,,,,,,,
9997,99970.0,99970.0,99973.80000305176,0,3.8000030517578125,3.8000030517578125,100010.0,False,1,0,False,fast,0,0,False,False,2,True,True,,,,,,,,,,,
