shot_id,arrival_time_us,start_time_us,finish_time_us,worker_id,latency_us,response_time_us,deadline_us,deadline_miss,backlog,pauli_frame_lag,pauli_frame_lag_violation,selected_decoder,prediction,observable,logical_error,logical_boundary,rounds_until_boundary,boundary_drain,boundary_commit_success,ai_model_type,ai_history_length,ai_risk_score,ai_hard_runtime_score,ai_runtime_pred,ai_confidence,fast_wrong_prob,fast_logical_fail_prob,hard_runtime_prob,safe_fast_prob,combined_fast_risk
12,84.0,84.0,108.3,0,24.3,24.299999999999997,112.0,False,1,0,False,accurate,1,1,False,False,87,False,True,,,,,,,,,,,
13,91.0,108.3,112.99417000671228,0,4.694170006712284,21.99417000671228,119.0,False,2,1,False,fast,0,0,False,False,86,False,True,,,,,,,,,,,
16,112.0,112.99417000671228,134.57750816653174,0,21.583338159819473,22.577508166531743,140.0,False,2,1,False,accurate,0,0,False,False,83,False,True,,,,,,,,,,,
17,119.0,134.57750816653174,139.44583987583718,0,4.868331709305448,20.44583987583718,147.0,False,2,1,False,fast,0,1,True,False,82,False,True,,,,,,,,,,,
25,175.0,175.0,189.20000076293945,0,14.200000762939453,14.200000762939453,203.0,False,1,0,False,accurate,1,1,False,False,74,False,True,,,,,,,,,,,
27,189.0,189.20000076293945,203.29999923706055,0,14.099998474121094,14.299999237060547,217.0,False,2,1,False,accurate,0,0,False,False,72,False,True,,,,,,,,,,,
29,203.0,203.29999923706055,220.5,0,17.200000762939453,17.5,231.0,False,2,1,False,accurate,1,1,False,False,70,False,True,,,,,,,,,,,
31,217.0,220.5,231.79999923706055,0,11.299999237060547,14.799999237060547,245.0,False,2,1,False,accurate,0,0,False,False,68,False,True,,,,,,,,,,,
32,224.0,231.79999923706055,244.0,0,12.200000762939453,20.0,252.0,False,2,1,False,accurate,0,0,False,False,67,False,True,,,,,,,,,,,
34,238.0,244.0,259.00000381469727,0,15.000003814697266,21.000003814697266,266.0,False,2,1,False,accurate,1,1,False,False,65,False,True,,,,,,,,,,,
35,245.0,259.00000381469727,271.8000030517578,0,12.799999237060547,26.800003051757812,273.0,False,2,1,False,accurate,0,0,False,False,64,False,True,,,,,,,,,,,
36,252.0,271.8000030517578,276.3000030517578,0,4.5,24.300003051757812,280.0,False,3,2,False,fast,0,0,False,False,63,False,True,,,,,,,,,,,
38,266.0,276.3000030517578,280.9000015258789,0,4.599998474121094,14.900001525878906,294.0,False,3,2,False,fast,0,0,False,False,61,False,True,,,,,,,,,,,
41,287.0,287.0,305.5999984741211,0,18.599998474121094,18.599998474121094,315.0,False,1,0,False,accurate,0,0,False,False,58,False,True,,,,,,,,,,,
42,294.0,305.5999984741211,309.99999618530273,0,4.399997711181641,15.999996185302734,322.0,False,2,1,False,fast,0,0,False,False,57,False,True,,,,,,,,,,,
44,308.0,309.99999618530273,333.7999954223633,0,23.799999237060547,25.79999542236328,336.0,False,2,1,False,accurate,0,0,False,False,55,False,True,,,,,,,,,,,
46,322.0,333.7999954223633,338.1999931335449,0,4.399997711181641,16.199993133544922,350.0,False,2,1,False,fast,0,0,False,False,53,False,True,,,,,,,,,,,
47,329.0,338.1999931335449,353.0999946594238,0,14.900001525878906,24.099994659423828,357.0,False,3,2,False,accurate,0,0,False,False,52,False,True,,,,,,,,,,,
49,343.0,353.0999946594238,365.99999618530273,0,12.900001525878906,22.999996185302734,371.0,False,2,1,False,accurate,0,0,False,False,50,False,True,,,,,,,,,,,
50,350.0,365.99999618530273,370.2999954223633,0,4.299999237060547,20.29999542236328,378.0,False,3,2,False,fast,0,1,True,False,49,False,True,,,,,,,,,,,
51,357.0,370.2999954223633,383.99999618530273,0,13.700000762939453,26.999996185302734,385.0,False,3,2,False,accurate,0,0,False,False,48,False,True,,,,,,,,,,,
52,364.0,383.99999618530273,388.0999984741211,0,4.100002288818359,24.099998474121094,392.0,False,4,3,False,fast,0,1,True,False,47,False,True,,,,,,,,,,,
55,385.0,388.0999984741211,400.6999969482422,0,12.599998474121094,15.699996948242188,413.0,False,2,1,False,accurate,0,0,False,False,44,False,True,,,,,,,,,,,
58,406.0,406.0,418.1999969482422,0,12.199996948242188,12.199996948242188,434.0,False,1,0,False,accurate,0,0,False,False,41,False,True,,,,,,,,,,,
60,420.0,420.0,436.50000381469727,0,16.500003814697266,16.500003814697266,448.0,False,1,0,False,accurate,0,0,False,False,39,False,True,,,,,,,,,,,
62,434.0,436.50000381469727,449.8000030517578,0,13.299999237060547,15.800003051757812,462.0,False,2,1,False,accurate,0,0,False,False,37,False,True,,,,,,,,,,,
64,448.0,449.8000030517578,462.10000228881836,0,12.299999237060547,14.10000228881836,476.0,False,2,1,False,accurate,0,0,False,False,35,False,True,,,,,,,,,,,
65,455.0,462.10000228881836,476.70000076293945,0,14.599998474121094,21.700000762939453,483.0,False,2,1,False,accurate,1,1,False,False,34,False,True,,,,,,,,,,,
72,504.0,504.0,515.7999992370605,0,11.799999237060547,11.799999237060547,532.0,False,1,0,False,accurate,0,0,False,False,27,False,True,,,,,,,,,,,
76,532.0,532.0,548.0,0,16.0,16.0,560.0,False,1,0,False,accurate,0,0,False,False,23,False,True,,,,,,,,,,,
78,546.0,548.0,559.5,0,11.5,13.5,574.0,False,2,1,False,accurate,1,1,False,False,21,False,True,,,,,,,,,,,
79,553.0,559.5,571.2999992370605,0,11.799999237060547,18.299999237060547,581.0,False,2,1,False,accurate,0,0,False,False,20,False,True,,,,,,,,,,,
80,560.0,571.2999992370605,587.3999977111816,0,16.099998474121094,27.39999771118164,588.0,False,2,1,False,accurate,0,1,True,False,19,False,True,,,,,,,,,,,
83,581.0,587.3999977111816,601.0,0,13.60000228881836,20.0,609.0,False,2,1,False,accurate,0,0,False,False,16,False,True,,,,,,,,,,,
84,588.0,601.0,615.3999977111816,0,14.39999771118164,27.39999771118164,616.0,False,2,1,False,accurate,0,0,False,False,15,False,True,,,,,,,,,,,
92,644.0,644.0,655.0999946594238,0,11.099994659423828,11.099994659423828,672.0,False,1,0,False,accurate,0,0,False,False,7,False,True,,,,,,,,,,,
93,651.0,655.0999946594238,667.6999893188477,0,12.599994659423828,16.699989318847656,679.0,False,2,1,False,accurate,0,0,False,False,6,False,True,,,,,,,,,,,
95,665.0,667.6999893188477,683.5999908447266,0,15.900001525878906,18.599990844726562,693.0,False,2,1,False,accurate,0,0,False,False,4,False,True,,,,,,,,,,,
97,679.0,683.5999908447266,697.799991607666,0,14.200000762939453,18.799991607666016,707.0,False,2,1,False,accurate,0,0,False,False,2,True,True,,,,,,,,,,,
98,686.0,697.799991607666,708.1999931335449,0,10.400001525878906,22.199993133544922,714.0,False,2,1,False,accurate,0,0,False,False,1,True,True,,,,,,,,,,,
100,700.0,708.1999931335449,720.8999938964844,0,12.700000762939453,20.899993896484375,728.0,False,2,1,False,accurate,0,0,False,False,99,False,True,,,,,,,,,,,
101,707.0,720.8999938964844,734.6999931335449,0,13.799999237060547,27.699993133544922,735.0,False,3,2,False,accurate,0,0,False,False,98,False,True,,,,,,,,,,,
103,721.0,734.6999931335449,738.8999977111816,0,4.200004577636719,17.89999771118164,749.0,False,2,1,False,fast,0,0,False,False,96,False,True,,,,,,,,,,,
109,763.0,763.0,777.2999992370605,0,14.299999237060547,14.299999237060547,791.0,False,1,0,False,accurate,0,0,False,False,90,False,True,,,,,,,,,,,
111,777.0,777.2999992370605,793.6999969482422,0,16.39999771118164,16.699996948242188,805.0,False,2,1,False,accurate,0,0,False,False,88,False,True,,,,,,,,,,,
112,784.0,793.6999969482422,797.7999954223633,0,4.099998474121094,13.799995422363281,812.0,False,2,1,False,fast,0,1,True,False,87,False,True,,,,,,,,,,,
114,798.0,798.0,814.1999969482422,0,16.199996948242188,16.199996948242188,826.0,False,1,0,False,accurate,0,0,False,False,85,False,True,,,,,,,,,,,
117,819.0,819.0,831.3999977111816,0,12.39999771118164,12.39999771118164,847.0,False,1,0,False,accurate,0,0,False,False,82,False,True,,,,,,,,,,,
119,833.0,833.0,849.4999961853027,0,16.499996185302734,16.499996185302734,861.0,False,1,0,False,accurate,0,0,False,False,80,False,True,,,,,,,,,,,
125,875.0,875.0,887.9999961853027,0,12.999996185302734,12.999996185302734,903.0,False,1,0,False,accurate,1,1,False,False,74,False,True,,,,,,,,,,,
128,896.0,896.0,909.7000007629395,0,13.700000762939453,13.700000762939453,924.0,False,1,0,False,accurate,0,0,False,False,71,False,True,,,,,,,,,,,
136,952.0,952.0,967.5999984741211,0,15.599998474121094,15.599998474121094,980.0,False,1,0,False,accurate,1,1,False,False,63,False,True,,,,,,,,,,,
138,966.0,967.5999984741211,982.3999977111816,0,14.799999237060547,16.39999771118164,994.0,False,2,1,False,accurate,1,1,False,False,61,False,True,,,,,,,,,,,
139,973.0,982.3999977111816,995.4999923706055,0,13.099994659423828,22.49999237060547,1001.0,False,2,1,False,accurate,0,0,False,False,60,False,True,,,,,,,,,,,
141,987.0,995.4999923706055,1007.3999900817871,0,11.89999771118164,20.39999008178711,1015.0,False,2,1,False,accurate,0,0,False,False,58,False,True,,,,,,,,,,,
142,994.0,1007.3999900817871,1011.8999938964844,0,4.500003814697266,17.899993896484375,1022.0,False,3,2,False,fast,0,0,False,False,57,False,True,,,,,,,,,,,
144,1008.0,1011.8999938964844,1016.1999931335449,0,4.299999237060547,8.199993133544922,1036.0,False,2,1,False,fast,0,0,False,False,55,False,True,,,,,,,,,,,
146,1022.0,1022.0,1035.7000007629395,0,13.700000762939453,13.700000762939453,1050.0,False,1,0,False,accurate,0,0,False,False,53,False,True,,,,,,,,,,,
152,1064.0,1064.0,1083.099998474121,0,19.099998474121094,19.099998474121094,1092.0,False,1,0,False,accurate,0,0,False,False,47,False,True,,,,,,,,,,,
153,1071.0,1083.099998474121,1098.3999977111816,0,15.299999237060547,27.39999771118164,1099.0,False,2,1,False,accurate,0,0,False,False,46,False,True,,,,,,,,,,,
154,1078.0,1098.3999977111816,1103.599998474121,0,5.200000762939453,25.599998474121094,1106.0,False,3,2,False,fast,0,0,False,False,45,False,True,,,,,,,,,,,
156,1092.0,1103.599998474121,1117.3000030517578,0,13.700004577636719,25.300003051757812,1120.0,False,3,2,False,accurate,0,0,False,False,43,False,True,,,,,,,,,,,
158,1106.0,1117.3000030517578,1131.2000007629395,0,13.89999771118164,25.200000762939453,1134.0,False,2,1,False,accurate,0,0,False,False,41,False,True,,,,,,,,,,,
159,1113.0,1131.2000007629395,1135.2999992370605,0,4.099998474121094,22.299999237060547,1141.0,False,3,2,False,fast,0,1,True,False,40,False,True,,,,,,,,,,,
161,1127.0,1135.2999992370605,1140.424164977471,0,5.12416574041049,13.424164977471037,1155.0,False,3,2,False,fast,0,1,True,False,38,False,True,,,,,,,,,,,
163,1141.0,1141.0,1165.5100012302398,0,24.510001230239865,24.510001230239823,1169.0,False,1,0,False,accurate,0,0,False,False,36,False,True,,,,,,,,,,,
168,1176.0,1176.0,1181.3266675500074,0,5.326667550007505,5.326667550007414,1204.0,False,1,0,False,fast,0,0,False,False,31,False,True,,,,,,,,,,,
171,1197.0,1197.0,1215.894579314987,0,18.894579314986824,18.894579314986913,1225.0,False,1,0,False,accurate,1,1,False,False,28,False,True,,,,,,,,,,,
173,1211.0,1215.894579314987,1234.914576391975,0,19.019997076988204,23.91457639197506,1239.0,False,2,1,False,accurate,0,0,False,False,26,False,True,,,,,,,,,,,
175,1225.0,1234.914576391975,1250.948322539131,0,16.03374614715576,25.948322539130913,1253.0,False,2,1,False,accurate,1,1,False,False,24,False,True,,,,,,,,,,,
177,1239.0,1250.948322539131,1255.9224900039037,0,4.974167464772858,16.922490003903704,1267.0,False,2,1,False,fast,0,0,False,False,22,False,True,,,,,,,,,,,
179,1253.0,1255.9224900039037,1279.5266592215498,0,23.604169217646113,26.526659221549835,1281.0,False,2,1,False,accurate,0,0,False,False,20,False,True,,,,,,,,,,,
180,1260.0,1279.5266592215498,1284.3833266812562,0,4.8566674597064665,24.38332668125622,1288.0,False,2,1,False,fast,0,0,False,False,19,False,True,,,,,,,,,,,
186,1302.0,1302.0,1314.5,0,12.5,12.5,1330.0,False,1,0,False,accurate,0,0,False,False,13,False,True,,,,,,,,,,,
187,1309.0,1314.5,1330.0,0,15.5,21.0,1337.0,False,2,1,False,accurate,1,1,False,False,12,False,True,,,,,,,,,,,
188,1316.0,1330.0,1343.5000038146973,0,13.500003814697266,27.500003814697266,1344.0,False,2,1,False,accurate,0,0,False,False,11,False,True,,,,,,,,,,,
189,1323.0,1343.5000038146973,1348.0000038146973,0,4.5,25.000003814697266,1351.0,False,3,2,False,fast,0,0,False,False,10,False,True,,,,,,,,,,,
190,1330.0,1348.0000038146973,1352.800006866455,0,4.8000030517578125,22.800006866455078,1358.0,False,3,2,False,fast,0,1,True,False,9,False,True,,,,,,,,,,,
195,1365.0,1365.0,1385.8999977111816,0,20.89999771118164,20.89999771118164,1393.0,False,1,0,False,accurate,0,0,False,False,4,False,True,,,,,,,,,,,
196,1372.0,1385.8999977111816,1390.599998474121,0,4.700000762939453,18.599998474121094,1400.0,False,2,1,False,fast,0,0,False,False,3,False,True,,,,,,,,,,,
197,1379.0,1390.599998474121,1395.900001525879,0,5.3000030517578125,16.900001525878906,1407.0,False,3,2,False,fast,0,0,False,False,2,True,True,,,,,,,,,,,
199,1393.0,1395.900001525879,1408.400001525879,0,12.5,15.400001525878906,1421.0,False,2,1,False,accurate,0,0,False,True,0,True,True,,,,,,,,,,,
201,1407.0,1408.400001525879,1422.7000007629395,0,14.299999237060547,15.700000762939453,1435.0,False,2,1,False,accurate,0,0,False,False,98,False,True,,,,,,,,,,,
202,1414.0,1422.7000007629395,1436.0,0,13.299999237060547,22.0,1442.0,False,2,1,False,accurate,0,0,False,False,97,False,True,,,,,,,,,,,
207,1449.0,1449.0,1462.0,0,13.0,13.0,1477.0,False,1,0,False,accurate,1,1,False,False,92,False,True,,,,,,,,,,,
209,1463.0,1463.0,1476.400001525879,0,13.400001525878906,13.400001525878906,1491.0,False,1,0,False,accurate,0,0,False,False,90,False,True,,,,,,,,,,,
210,1470.0,1476.400001525879,1490.900001525879,0,14.5,20.900001525878906,1498.0,False,2,1,False,accurate,1,1,False,False,89,False,True,,,,,,,,,,,
214,1498.0,1498.0,1508.8000030517578,0,10.800003051757812,10.800003051757812,1526.0,False,1,0,False,accurate,0,0,False,False,85,False,True,,,,,,,,,,,
216,1512.0,1512.0,1528.2000007629395,0,16.200000762939453,16.200000762939453,1540.0,False,1,0,False,accurate,0,0,False,False,83,False,True,,,,,,,,,,,
218,1526.0,1528.2000007629395,1543.900001525879,0,15.700000762939453,17.900001525878906,1554.0,False,2,1,False,accurate,0,0,False,False,81,False,True,,,,,,,,,,,
221,1547.0,1547.0,1560.8000030517578,0,13.800003051757812,13.800003051757812,1575.0,False,1,0,False,accurate,0,0,False,False,78,False,True,,,,,,,,,,,
222,1554.0,1560.8000030517578,1576.3000030517578,0,15.5,22.300003051757812,1582.0,False,2,1,False,accurate,0,0,False,False,77,False,True,,,,,,,,,,,
224,1568.0,1576.3000030517578,1593.8000030517578,0,17.5,25.800003051757812,1596.0,False,2,1,False,accurate,0,0,False,False,75,False,True,,,,,,,,,,,
225,1575.0,1593.8000030517578,1598.6000061035156,0,4.8000030517578125,23.600006103515625,1603.0,False,3,2,False,fast,0,0,False,False,74,False,True,,,,,,,,,,,
226,1582.0,1598.6000061035156,1603.2000045776367,0,4.599998474121094,21.20000457763672,1610.0,False,3,2,False,fast,0,0,False,False,73,False,True,,,,,,,,,,,
231,1617.0,1617.0,1633.900001525879,0,16.900001525878906,16.900001525878906,1645.0,False,1,0,False,accurate,0,0,False,False,68,False,True,,,,,,,,,,,
232,1624.0,1633.900001525879,1647.5,0,13.599998474121094,23.5,1652.0,False,2,1,False,accurate,0,0,False,False,67,False,True,,,,,,,,,,,
239,1673.0,1673.0,1685.6999969482422,0,12.699996948242188,12.699996948242188,1701.0,False,1,0,False,accurate,0,0,False,False,60,False,True,,,,,,,,,,,
243,1701.0,1701.0,1712.5,0,11.5,11.5,1729.0,False,1,0,False,accurate,0,0,False,False,56,False,True,,,,,,,,,,,
244,1708.0,1712.5,1724.5,0,12.0,16.5,1736.0,False,2,1,False,accurate,0,0,False,False,55,False,True,,,,,,,,,,,
245,1715.0,1724.5,1741.7999954223633,0,17.29999542236328,26.79999542236328,1743.0,False,2,1,False,accurate,0,0,False,False,54,False,True,,,,,,,,,,,
246,1722.0,1741.7999954223633,1744.599998474121,0,2.8000030517578125,22.599998474121094,1750.0,False,3,2,False,fast,0,0,False,False,53,False,True,,,,,,,,,,,
247,1729.0,1744.599998474121,1756.0,0,11.400001525878906,27.0,1757.0,False,3,2,False,accurate,0,0,False,False,52,False,True,,,,,,,,,,,
248,1736.0,1756.0,1758.900001525879,0,2.9000015258789062,22.900001525878906,1764.0,False,4,3,False,fast,0,0,False,False,51,False,True,,,,,,,,,,,
251,1757.0,1758.900001525879,1771.5,0,12.599998474121094,14.5,1785.0,False,2,1,False,accurate,0,0,False,False,48,False,True,,,,,,,,,,,
252,1764.0,1771.5,1787.1000022888184,0,15.60000228881836,23.10000228881836,1792.0,False,2,1,False,accurate,0,0,False,False,47,False,True,,,,,,,,,,,
253,1771.0,1787.1000022888184,1789.900001525879,0,2.799999237060547,18.900001525878906,1799.0,False,3,2,False,fast,0,0,False,False,46,False,True,,,,,,,,,,,
255,1785.0,1789.900001525879,1801.599998474121,0,11.699996948242188,16.599998474121094,1813.0,False,3,2,False,accurate,0,0,False,False,44,False,True,,,,,,,,,,,
256,1792.0,1801.599998474121,1814.5,0,12.900001525878906,22.5,1820.0,False,2,1,False,accurate,0,0,False,False,43,False,True,,,,,,,,,,,
257,1799.0,1814.5,1825.900001525879,0,11.400001525878906,26.900001525878906,1827.0,False,3,2,False,accurate,0,0,False,False,42,False,True,,,,,,,,,,,
259,1813.0,1825.900001525879,1838.5,0,12.599998474121094,25.5,1841.0,False,3,2,False,accurate,0,0,False,False,40,False,True,,,,,,,,,,,
266,1862.0,1862.0,1875.7000007629395,0,13.700000762939453,13.700000762939453,1890.0,False,1,0,False,accurate,0,0,False,False,33,False,True,,,,,,,,,,,
267,1869.0,1875.7000007629395,1888.3000030517578,0,12.60000228881836,19.300003051757812,1897.0,False,2,1,False,accurate,1,1,False,False,32,False,True,,,,,,,,,,,
268,1876.0,1888.3000030517578,1901.0000076293945,0,12.700004577636719,25.00000762939453,1904.0,False,2,1,False,accurate,0,0,False,False,31,False,True,,,,,,,,,,,
272,1904.0,1904.0,1916.3999977111816,0,12.39999771118164,12.39999771118164,1932.0,False,1,0,False,accurate,0,0,False,False,27,False,True,,,,,,,,,,,
274,1918.0,1918.0,1932.2000007629395,0,14.200000762939453,14.200000762939453,1946.0,False,1,0,False,accurate,1,1,False,False,25,False,True,,,,,,,,,,,
275,1925.0,1932.2000007629395,1946.400001525879,0,14.200000762939453,21.400001525878906,1953.0,False,2,1,False,accurate,0,0,False,False,24,False,True,,,,,,,,,,,
276,1932.0,1946.400001525879,1949.2000007629395,0,2.799999237060547,17.200000762939453,1960.0,False,3,2,False,fast,0,0,False,False,23,False,True,,,,,,,,,,,
278,1946.0,1949.2000007629395,1962.6999969482422,0,13.499996185302734,16.699996948242188,1974.0,False,3,2,False,accurate,0,0,False,False,21,False,True,,,,,,,,,,,
279,1953.0,1962.6999969482422,1979.2999954223633,0,16.599998474121094,26.29999542236328,1981.0,False,2,1,False,accurate,0,0,False,False,20,False,True,,,,,,,,,,,
282,1974.0,1979.2999954223633,1990.7999954223633,0,11.5,16.79999542236328,2002.0,False,2,1,False,accurate,0,0,False,False,17,False,True,,,,,,,,,,,
283,1981.0,1990.7999954223633,2003.7999954223633,0,13.0,22.79999542236328,2009.0,False,2,1,False,accurate,1,1,False,False,16,False,True,,,,,,,,,,,
287,2009.0,2009.0,2023.1999969482422,0,14.199996948242188,14.199996948242188,2037.0,False,1,0,False,accurate,0,0,False,False,12,False,True,,,,,,,,,,,
290,2030.0,2030.0,2043.0,0,13.0,13.0,2058.0,False,1,0,False,accurate,0,0,False,False,9,False,True,,,,,,,,,,,
291,2037.0,2043.0,2060.6000022888184,0,17.60000228881836,23.60000228881836,2065.0,False,2,1,False,accurate,0,0,False,False,8,False,True,,,,,,,,,,,
295,2065.0,2065.0,2077.2999992370605,0,12.299999237060547,12.299999237060547,2093.0,False,1,0,False,accurate,0,0,False,False,4,False,True,,,,,,,,,,,
298,2086.0,2086.0,2100.699996948242,0,14.699996948242188,14.699996948242188,2114.0,False,1,0,False,accurate,0,0,False,False,1,True,True,,,,,,,,,,,
303,2121.0,2121.0,2136.5,0,15.5,15.5,2149.0,False,1,0,False,accurate,0,0,False,False,96,False,True,,,,,,,,,,,
304,2128.0,2136.5,2150.6000022888184,0,14.10000228881836,22.60000228881836,2156.0,False,2,1,False,accurate,0,0,False,False,95,False,True,,,,,,,,,,,
306,2142.0,2150.6000022888184,2164.5000038146973,0,13.900001525878906,22.500003814697266,2170.0,False,2,1,False,accurate,0,0,False,False,93,False,True,,,,,,,,,,,
307,2149.0,2164.5000038146973,2167.300006866455,0,2.8000030517578125,18.300006866455078,2177.0,False,3,2,False,fast,0,0,False,False,92,False,True,,,,,,,,,,,
309,2163.0,2167.300006866455,2180.100009918213,0,12.800003051757812,17.10000991821289,2191.0,False,3,2,False,accurate,0,0,False,False,90,False,True,,,,,,,,,,,
310,2170.0,2180.100009918213,2194.8000144958496,0,14.700004577636719,24.80001449584961,2198.0,False,2,1,False,accurate,0,0,False,False,89,False,True,,,,,,,,,,,
312,2184.0,2194.8000144958496,2197.5000190734863,0,2.7000045776367188,13.500019073486328,2212.0,False,2,1,False,fast,0,0,False,False,87,False,True,,,,,,,,,,,
313,2191.0,2197.5000190734863,2209.200019836426,0,11.700000762939453,18.20001983642578,2219.0,False,3,2,False,accurate,0,0,False,False,86,False,True,,,,,,,,,,,
316,2212.0,2212.0,2224.3999977111816,0,12.39999771118164,12.39999771118164,2240.0,False,1,0,False,accurate,1,1,False,False,83,False,True,,,,,,,,,,,
319,2233.0,2233.0,2245.7999992370605,0,12.799999237060547,12.799999237060547,2261.0,False,1,0,False,accurate,1,1,False,False,80,False,True,,,,,,,,,,,
322,2254.0,2254.0,2273.700000166893,0,19.700000166893005,19.700000166893005,2282.0,False,1,0,False,accurate,1,1,False,False,77,False,True,,,,,,,,,,,
323,2261.0,2273.700000166893,2276.872501063347,0,3.1725008964538577,15.872501063347045,2289.0,False,2,1,False,fast,0,1,True,False,76,False,True,,,,,,,,,,,
325,2275.0,2276.872501063347,2297.0766679108146,0,20.204166847467423,22.07666791081465,2303.0,False,2,1,False,accurate,0,0,False,False,74,False,True,,,,,,,,,,,
327,2289.0,2297.0766679108146,2300.0449994917713,0,2.9683315809567827,11.04499949177125,2317.0,False,2,1,False,fast,0,1,True,False,72,False,True,,,,,,,,,,,
328,2296.0,2300.0449994917713,2322.044994105498,0,21.99999461372688,26.044994105498063,2324.0,False,3,2,False,accurate,0,0,False,False,71,False,True,,,,,,,,,,,
329,2303.0,2322.044994105498,2324.96998809735,0,2.9249939918518066,21.96998809734987,2331.0,False,2,1,False,fast,0,0,False,False,70,False,True,,,,,,,,,,,
330,2310.0,2324.96998809735,2327.873319716454,0,2.903331619103756,17.873319716453807,2338.0,False,3,2,False,fast,0,1,True,False,69,False,True,,,,,,,,,,,
331,2317.0,2327.873319716454,2330.7549847022697,0,2.881664985815678,13.754984702269667,2345.0,False,4,3,False,fast,0,0,False,False,68,False,True,,,,,,,,,,,
333,2331.0,2331.0,2351.0766677800816,0,20.076667780081436,20.076667780081607,2359.0,False,1,0,False,accurate,0,0,False,False,66,False,True,,,,,,,,,,,
337,2359.0,2359.0,2374.1725026685,0,15.172502668499929,15.172502668499874,2387.0,False,1,0,False,accurate,1,1,False,False,62,False,True,,,,,,,,,,,
339,2373.0,2374.1725026685,2388.9537543720503,0,14.781251703550412,15.953754372050298,2401.0,False,2,1,False,accurate,1,1,False,False,60,False,True,,,,,,,,,,,
340,2380.0,2388.9537543720503,2391.8470869197945,0,2.8933325477441145,11.847086919794492,2408.0,False,2,1,False,fast,0,1,True,False,59,False,True,,,,,,,,,,,
342,2394.0,2394.0,2409.3458333585413,0,15.34583335854113,15.345833358541313,2422.0,False,1,0,False,accurate,0,0,False,False,57,False,True,,,,,,,,,,,
343,2401.0,2409.3458333585413,2425.606669846376,0,16.260836487834656,24.606669846376008,2429.0,False,2,1,False,accurate,0,0,False,False,56,False,True,,,,,,,,,,,
346,2422.0,2425.606669846376,2439.0066675575576,0,13.39999771118164,17.00666755755765,2450.0,False,2,1,False,accurate,0,0,False,False,53,False,True,,,,,,,,,,,
348,2436.0,2439.0066675575576,2455.706668320497,0,16.700000762939453,19.7066683204971,2464.0,False,2,1,False,accurate,0,0,False,False,51,False,True,,,,,,,,,,,
350,2450.0,2455.706668320497,2468.106669846376,0,12.400001525878906,18.106669846376008,2478.0,False,2,1,False,accurate,0,0,False,False,49,False,True,,,,,,,,,,,
351,2457.0,2468.106669846376,2481.2066721351944,0,13.10000228881836,24.206672135194367,2485.0,False,2,1,False,accurate,0,0,False,False,48,False,True,,,,,,,,,,,
353,2471.0,2481.2066721351944,2494.706668320497,0,13.499996185302734,23.7066683204971,2499.0,False,2,1,False,accurate,0,0,False,False,46,False,True,,,,,,,,,,,
354,2478.0,2494.706668320497,2497.5066675575576,0,2.799999237060547,19.50666755755765,2506.0,False,3,2,False,fast,0,0,False,False,45,False,True,,,,,,,,,,,
356,2492.0,2497.5066675575576,2516.306666794618,0,18.799999237060547,24.306666794618195,2520.0,False,3,2,False,accurate,0,0,False,False,43,False,True,,,,,,,,,,,
357,2499.0,2516.306666794618,2519.1066660316787,0,2.799999237060547,20.106666031678742,2527.0,False,2,1,False,fast,0,0,False,False,42,False,True,,,,,,,,,,,
358,2506.0,2519.1066660316787,2531.306662979921,0,12.199996948242188,25.30666297992093,2534.0,False,3,2,False,accurate,0,0,False,False,41,False,True,,,,,,,,,,,
362,2534.0,2534.0,2548.400001525879,0,14.400001525878906,14.400001525878906,2562.0,False,1,0,False,accurate,0,0,False,False,37,False,True,,,,,,,,,,,
368,2576.0,2576.0,2588.8999977111816,0,12.89999771118164,12.89999771118164,2604.0,False,1,0,False,accurate,0,0,False,False,31,False,True,,,,,,,,,,,
370,2590.0,2590.0,2606.2000007629395,0,16.200000762939453,16.200000762939453,2618.0,False,1,0,False,accurate,0,0,False,False,29,False,True,,,,,,,,,,,
371,2597.0,2606.2000007629395,2622.0,0,15.799999237060547,25.0,2625.0,False,2,1,False,accurate,0,0,False,False,28,False,True,,,,,,,,,,,
372,2604.0,2622.0,2624.7000045776367,0,2.7000045776367188,20.70000457763672,2632.0,False,3,2,False,fast,0,0,False,False,27,False,True,,,,,,,,,,,
373,2611.0,2624.7000045776367,2638.6000061035156,0,13.900001525878906,27.600006103515625,2639.0,False,3,2,False,accurate,1,1,False,False,26,False,True,,,,,,,,,,,
375,2625.0,2638.6000061035156,2641.300003051758,0,2.6999969482421875,16.300003051757812,2653.0,False,2,1,False,fast,0,1,True,False,24,False,True,,,,,,,,,,,
379,2653.0,2653.0,2670.5,0,17.5,17.5,2681.0,False,1,0,False,accurate,0,0,False,False,20,False,True,,,,,,,,,,,
382,2674.0,2674.0,2684.5,0,10.5,10.5,2702.0,False,1,0,False,accurate,0,0,False,False,17,False,True,,,,,,,,,,,
383,2681.0,2684.5,2696.2000007629395,0,11.700000762939453,15.200000762939453,2709.0,False,2,1,False,accurate,1,1,False,False,16,False,True,,,,,,,,,,,
384,2688.0,2696.2000007629395,2710.599998474121,0,14.39999771118164,22.599998474121094,2716.0,False,2,1,False,accurate,0,0,False,False,15,False,True,,,,,,,,,,,
393,2751.0,2751.0,2764.0000038146973,0,13.000003814697266,13.000003814697266,2779.0,False,1,0,False,accurate,0,0,False,False,6,False,True,,,,,,,,,,,
395,2765.0,2765.0,2776.5,0,11.5,11.5,2793.0,False,1,0,False,accurate,0,0,False,False,4,False,True,,,,,,,,,,,
396,2772.0,2776.5,2792.1000022888184,0,15.60000228881836,20.10000228881836,2800.0,False,2,1,False,accurate,0,0,False,False,3,False,True,,,,,,,,,,,
397,2779.0,2792.1000022888184,2794.7000045776367,0,2.6000022888183594,15.700004577636719,2807.0,False,2,1,False,fast,0,0,False,False,2,True,True,,,,,,,,,,,
400,2800.0,2800.0,2814.1000022888184,0,14.10000228881836,14.10000228881836,2828.0,False,1,0,False,accurate,0,0,False,False,99,False,True,,,,,,,,,,,
404,2828.0,2828.0,2840.0000038146973,0,12.000003814697266,12.000003814697266,2856.0,False,1,0,False,accurate,0,0,False,False,95,False,True,,,,,,,,,,,
405,2835.0,2840.0000038146973,2852.5000038146973,0,12.5,17.500003814697266,2863.0,False,2,1,False,accurate,1,1,False,False,94,False,True,,,,,,,,,,,
410,2870.0,2870.0,2883.6000022888184,0,13.60000228881836,13.60000228881836,2898.0,False,1,0,False,accurate,0,0,False,False,89,False,True,,,,,,,,,,,
411,2877.0,2883.6000022888184,2896.599998474121,0,12.999996185302734,19.599998474121094,2905.0,False,2,1,False,accurate,0,0,False,False,88,False,True,,,,,,,,,,,
415,2905.0,2905.0,2921.5000038146973,0,16.500003814697266,16.500003814697266,2933.0,False,1,0,False,accurate,1,1,False,False,84,False,True,,,,,,,,,,,
418,2926.0,2926.0,2940.400001525879,0,14.400001525878906,14.400001525878906,2954.0,False,1,0,False,accurate,0,0,False,False,81,False,True,,,,,,,,,,,
421,2947.0,2947.0,2958.8999977111816,0,11.89999771118164,11.89999771118164,2975.0,False,1,0,False,accurate,0,0,False,False,78,False,True,,,,,,,,,,,
426,2982.0,2982.0,3000.599998474121,0,18.599998474121094,18.599998474121094,3010.0,False,1,0,False,accurate,0,0,False,False,73,False,True,,,,,,,,,,,
428,2996.0,3000.599998474121,3012.099994659424,0,11.499996185302734,16.099994659423828,3024.0,False,2,1,False,accurate,0,0,False,False,71,False,True,,,,,,,,,,,
430,3010.0,3012.099994659424,3025.7999954223633,0,13.700000762939453,15.799995422363281,3038.0,False,2,1,False,accurate,0,0,False,False,69,False,True,,,,,,,,,,,
432,3024.0,3025.7999954223633,3037.7999954223633,0,12.0,13.799995422363281,3052.0,False,2,1,False,accurate,0,0,False,False,67,False,True,,,,,,,,,,,
433,3031.0,3037.7999954223633,3058.8999977111816,0,21.10000228881836,27.89999771118164,3059.0,False,2,1,False,accurate,0,0,False,False,66,False,True,,,,,,,,,,,
434,3038.0,3058.8999977111816,3061.599998474121,0,2.700000762939453,23.599998474121094,3066.0,False,2,1,False,fast,0,0,False,False,65,False,True,,,,,,,,,,,
435,3045.0,3061.599998474121,3064.2999992370605,0,2.700000762939453,19.299999237060547,3073.0,False,3,2,False,fast,0,0,False,False,64,False,True,,,,,,,,,,,
436,3052.0,3064.2999992370605,3079.099998474121,0,14.799999237060547,27.099998474121094,3080.0,False,4,3,False,accurate,0,0,False,False,63,False,True,,,,,,,,,,,
439,3073.0,3079.099998474121,3089.2999992370605,0,10.200000762939453,16.299999237060547,3101.0,False,2,1,False,accurate,0,0,False,False,60,False,True,,,,,,,,,,,
441,3087.0,3089.2999992370605,3100.9999961853027,0,11.699996948242188,13.999996185302734,3115.0,False,2,1,False,accurate,0,0,False,False,58,False,True,,,,,,,,,,,
444,3108.0,3108.0,3120.8999977111816,0,12.89999771118164,12.89999771118164,3136.0,False,1,0,False,accurate,0,0,False,False,55,False,True,,,,,,,,,,,
445,3115.0,3120.8999977111816,3134.2999992370605,0,13.400001525878906,19.299999237060547,3143.0,False,2,1,False,accurate,1,1,False,False,54,False,True,,,,,,,,,,,
446,3122.0,3134.2999992370605,3137.0,0,2.700000762939453,15.0,3150.0,False,2,1,False,fast,0,1,True,False,53,False,True,,,,,,,,,,,
447,3129.0,3137.0,3148.2999992370605,0,11.299999237060547,19.299999237060547,3157.0,False,3,2,False,accurate,0,0,False,False,52,False,True,,,,,,,,,,,
450,3150.0,3150.0,3163.5000038146973,0,13.500003814697266,13.500003814697266,3178.0,False,1,0,False,accurate,0,0,False,False,49,False,True,,,,,,,,,,,
453,3171.0,3171.0,3184.099998474121,0,13.099998474121094,13.099998474121094,3199.0,False,1,0,False,accurate,0,0,False,False,46,False,True,,,,,,,,,,,
456,3192.0,3192.0,3204.6000022888184,0,12.60000228881836,12.60000228881836,3220.0,False,1,0,False,accurate,1,1,False,False,43,False,True,,,,,,,,,,,
457,3199.0,3204.6000022888184,3222.2999992370605,0,17.699996948242188,23.299999237060547,3227.0,False,2,1,False,accurate,0,0,False,False,42,False,True,,,,,,,,,,,
459,3213.0,3222.2999992370605,3232.7999992370605,0,10.5,19.799999237060547,3241.0,False,2,1,False,accurate,1,1,False,False,40,False,True,,,,,,,,,,,
461,3227.0,3232.7999992370605,3243.900001525879,0,11.10000228881836,16.900001525878906,3255.0,False,2,1,False,accurate,1,1,False,False,38,False,True,,,,,,,,,,,
464,3248.0,3248.0,3266.8999977111816,0,18.89999771118164,18.89999771118164,3276.0,False,1,0,False,accurate,0,0,False,False,35,False,True,,,,,,,,,,,
465,3255.0,3266.8999977111816,3281.4999961853027,0,14.599998474121094,26.499996185302734,3283.0,False,2,1,False,accurate,0,0,False,False,34,False,True,,,,,,,,,,,
468,3276.0,3281.4999961853027,3292.8999977111816,0,11.400001525878906,16.89999771118164,3304.0,False,2,1,False,accurate,0,0,False,False,31,False,True,,,,,,,,,,,
471,3297.0,3297.0,3310.099998474121,0,13.099998474121094,13.099998474121094,3325.0,False,1,0,False,accurate,0,0,False,False,28,False,True,,,,,,,,,,,
473,3311.0,3311.0,3329.0,0,18.0,18.0,3339.0,False,1,0,False,accurate,0,0,False,False,26,False,True,,,,,,,,,,,
475,3325.0,3329.0,3342.900001525879,0,13.900001525878906,17.900001525878906,3353.0,False,2,1,False,accurate,1,1,False,False,24,False,True,,,,,,,,,,,
477,3339.0,3342.900001525879,3361.199996948242,0,18.29999542236328,22.199996948242188,3367.0,False,2,1,False,accurate,1,1,False,False,22,False,True,,,,,,,,,,,
478,3346.0,3361.199996948242,3363.8999977111816,0,2.700000762939453,17.89999771118164,3374.0,False,2,1,False,fast,0,0,False,False,21,False,True,,,,,,,,,,,
480,3360.0,3363.8999977111816,3384.8099964141848,0,20.90999870300293,24.809996414184752,3388.0,False,3,2,False,accurate,0,0,False,False,19,False,True,,,,,,,,,,,
482,3374.0,3384.8099964141848,3388.0049973277255,0,3.1950009135405253,14.004997327725505,3402.0,False,2,1,False,fast,0,0,False,False,17,False,True,,,,,,,,,,,
485,3395.0,3395.0,3418.3125061372916,0,23.312506137291646,23.31250613729162,3423.0,False,1,0,False,accurate,1,1,False,False,14,False,True,,,,,,,,,,,
487,3409.0,3418.3125061372916,3421.3950069975854,0,3.082500860293703,12.39500699758537,3437.0,False,2,1,False,fast,0,0,False,False,12,False,True,,,,,,,,,,,
488,3416.0,3421.3950069975854,3424.341671945254,0,2.946664947668705,8.341671945253893,3444.0,False,3,2,False,fast,0,1,True,False,11,False,True,,,,,,,,,,,
489,3423.0,3424.341671945254,3427.379172803561,0,3.0375008583068848,4.3791728035607775,3451.0,False,2,1,False,fast,0,0,False,False,10,False,True,,,,,,,,,,,
491,3437.0,3437.0,3453.550000166893,0,16.550000166893007,16.550000166892914,3465.0,False,1,0,False,accurate,0,0,False,False,8,False,True,,,,,,,,,,,
494,3458.0,3458.0,3480.087497910162,0,22.087497910161826,22.0874979101618,3486.0,False,1,0,False,accurate,0,0,False,False,5,False,True,,,,,,,,,,,
498,3486.0,3486.0,3502.332501792908,0,16.332501792907717,16.332501792907806,3514.0,False,1,0,False,accurate,0,0,False,False,1,True,True,,,,,,,,,,,
506,3542.0,3542.0,3555.4999961853027,0,13.499996185302734,13.499996185302734,3570.0,False,1,0,False,accurate,0,0,False,False,93,False,True,,,,,,,,,,,
508,3556.0,3556.0,3568.400001525879,0,12.400001525878906,12.400001525878906,3584.0,False,1,0,False,accurate,0,0,False,False,91,False,True,,,,,,,,,,,
509,3563.0,3568.400001525879,3582.5,0,14.099998474121094,19.5,3591.0,False,2,1,False,accurate,1,1,False,False,90,False,True,,,,,,,,,,,
511,3577.0,3582.5,3596.0,0,13.5,19.0,3605.0,False,2,1,False,accurate,0,0,False,False,88,False,True,,,,,,,,,,,
512,3584.0,3596.0,3609.7999992370605,0,13.799999237060547,25.799999237060547,3612.0,False,2,1,False,accurate,0,0,False,False,87,False,True,,,,,,,,,,,
516,3612.0,3612.0,3625.2999992370605,0,13.299999237060547,13.299999237060547,3640.0,False,1,0,False,accurate,0,0,False,False,83,False,True,,,,,,,,,,,
518,3626.0,3626.0,3651.7000007629395,0,25.700000762939453,25.700000762939453,3654.0,False,1,0,False,accurate,0,0,False,False,81,False,True,,,,,,,,,,,
523,3661.0,3661.0,3673.2000007629395,0,12.200000762939453,12.200000762939453,3689.0,False,1,0,False,accurate,0,0,False,False,76,False,True,,,,,,,,,,,
525,3675.0,3675.0,3677.6000022888184,0,2.6000022888183594,2.6000022888183594,3703.0,False,1,0,False,fast,0,0,False,False,74,False,True,,,,,,,,,,,
526,3682.0,3682.0,3697.3999977111816,0,15.39999771118164,15.39999771118164,3710.0,False,1,0,False,accurate,0,0,False,False,73,False,True,,,,,,,,,,,
530,3710.0,3710.0,3731.3999977111816,0,21.39999771118164,21.39999771118164,3738.0,False,1,0,False,accurate,1,1,False,False,69,False,True,,,,,,,,,,,
531,3717.0,3731.3999977111816,3734.099994659424,0,2.6999969482421875,17.099994659423828,3745.0,False,2,1,False,fast,0,0,False,False,68,False,True,,,,,,,,,,,
532,3724.0,3734.099994659424,3747.599994659424,0,13.5,23.599994659423828,3752.0,False,3,2,False,accurate,0,0,False,False,67,False,True,,,,,,,,,,,
536,3752.0,3752.0,3764.6000022888184,0,12.60000228881836,12.60000228881836,3780.0,False,1,0,False,accurate,0,0,False,False,63,False,True,,,,,,,,,,,
542,3794.0,3794.0,3808.7000007629395,0,14.700000762939453,14.700000762939453,3822.0,False,1,0,False,accurate,0,0,False,False,57,False,True,,,,,,,,,,,
543,3801.0,3808.7000007629395,3811.400005340576,0,2.7000045776367188,10.400005340576172,3829.0,False,2,1,False,fast,0,0,False,False,56,False,True,,,,,,,,,,,
544,3808.0,3811.400005340576,3825.2000045776367,0,13.799999237060547,17.20000457763672,3836.0,False,3,2,False,accurate,0,0,False,False,55,False,True,,,,,,,,,,,
546,3822.0,3825.2000045776367,3847.7000007629395,0,22.499996185302734,25.700000762939453,3850.0,False,2,1,False,accurate,1,1,False,False,53,False,True,,,,,,,,,,,
550,3850.0,3850.0,3863.2999992370605,0,13.299999237060547,13.299999237060547,3878.0,False,1,0,False,accurate,1,1,False,False,49,False,True,,,,,,,,,,,
551,3857.0,3863.2999992370605,3880.3999977111816,0,17.099998474121094,23.39999771118164,3885.0,False,2,1,False,accurate,0,0,False,False,48,False,True,,,,,,,,,,,
552,3864.0,3880.3999977111816,3883.2999954223633,0,2.8999977111816406,19.29999542236328,3892.0,False,2,1,False,fast,0,0,False,False,47,False,True,,,,,,,,,,,
553,3871.0,3883.2999954223633,3893.699996948242,0,10.400001525878906,22.699996948242188,3899.0,False,3,2,False,accurate,0,0,False,False,46,False,True,,,,,,,,,,,
554,3878.0,3893.699996948242,3896.9999961853027,0,3.299999237060547,18.999996185302734,3906.0,False,4,3,False,fast,0,0,False,False,45,False,True,,,,,,,,,,,
556,3892.0,3896.9999961853027,3909.4999923706055,0,12.499996185302734,17.49999237060547,3920.0,False,3,2,False,accurate,0,0,False,False,43,False,True,,,,,,,,,,,
563,3941.0,3941.0,3956.2000007629395,0,15.200000762939453,15.200000762939453,3969.0,False,1,0,False,accurate,0,0,False,False,36,False,True,,,,,,,,,,,
569,3983.0,3983.0,3996.1000022888184,0,13.10000228881836,13.10000228881836,4011.0,False,1,0,False,accurate,1,1,False,False,30,False,True,,,,,,,,,,,
571,3997.0,3997.0,4015.6000022888184,0,18.60000228881836,18.60000228881836,4025.0,False,1,0,False,accurate,0,0,False,False,28,False,True,,,,,,,,,,,
572,4004.0,4015.6000022888184,4018.5000038146973,0,2.9000015258789062,14.500003814697266,4032.0,False,2,1,False,fast,0,0,False,False,27,False,True,,,,,,,,,,,
573,4011.0,4018.5000038146973,4031.7000045776367,0,13.200000762939453,20.70000457763672,4039.0,False,3,2,False,accurate,1,1,False,False,26,False,True,,,,,,,,,,,
575,4025.0,4031.7000045776367,4045.700008392334,0,14.000003814697266,20.700008392333984,4053.0,False,2,1,False,accurate,0,0,False,False,24,False,True,,,,,,,,,,,
578,4046.0,4046.0,4057.9999961853027,0,11.999996185302734,11.999996185302734,4074.0,False,1,0,False,accurate,0,0,False,False,21,False,True,,,,,,,,,,,
579,4053.0,4057.9999961853027,4071.599994659424,0,13.599998474121094,18.599994659423828,4081.0,False,2,1,False,accurate,0,0,False,False,20,False,True,,,,,,,,,,,
581,4067.0,4071.599994659424,4087.4999961853027,0,15.900001525878906,20.499996185302734,4095.0,False,2,1,False,accurate,1,1,False,False,18,False,True,,,,,,,,,,,
582,4074.0,4087.4999961853027,4098.999996185303,0,11.5,24.999996185302734,4102.0,False,2,1,False,accurate,0,0,False,False,17,False,True,,,,,,,,,,,
587,4109.0,4109.0,4122.899997711182,0,13.89999771118164,13.89999771118164,4137.0,False,1,0,False,accurate,0,0,False,False,12,False,True,,,,,,,,,,,
591,4137.0,4137.0,4149.0,0,12.0,12.0,4165.0,False,1,0,False,accurate,0,0,False,False,8,False,True,,,,,,,,,,,
594,4158.0,4158.0,4171.5,0,13.5,13.5,4186.0,False,1,0,False,accurate,0,0,False,False,5,False,True,,,,,,,,,,,
598,4186.0,4186.0,4198.600002288818,0,12.60000228881836,12.60000228881836,4214.0,False,1,0,False,accurate,0,0,False,False,1,True,True,,,,,,,,,,,
599,4193.0,4198.600002288818,4214.200000762939,0,15.599998474121094,21.200000762939453,4221.0,False,2,1,False,accurate,0,0,False,True,0,True,True,,,,,,,,,,,
601,4207.0,4214.200000762939,4232.300006866455,0,18.100006103515625,25.300006866455078,4235.0,False,2,1,False,accurate,0,0,False,False,98,False,True,,,,,,,,,,,
603,4221.0,4232.300006866455,4235.300006866455,0,3.0,14.300006866455078,4249.0,False,2,1,False,fast,0,0,False,False,96,False,True,,,,,,,,,,,
604,4228.0,4235.300006866455,4247.600009918213,0,12.300003051757812,19.60000991821289,4256.0,False,3,2,False,accurate,1,1,False,False,95,False,True,,,,,,,,,,,
606,4242.0,4247.600009918213,4260.100009918213,0,12.5,18.10000991821289,4270.0,False,2,1,False,accurate,0,0,False,False,93,False,True,,,,,,,,,,,
614,4298.0,4298.0,4313.700000762939,0,15.700000762939453,15.700000762939453,4326.0,False,1,0,False,accurate,0,0,False,False,85,False,True,,,,,,,,,,,
621,4347.0,4347.0,4360.400001525879,0,13.400001525878906,13.400001525878906,4375.0,False,1,0,False,accurate,1,1,False,False,78,False,True,,,,,,,,,,,
625,4375.0,4375.0,4390.700000762939,0,15.700000762939453,15.700000762939453,4403.0,False,1,0,False,accurate,0,0,False,False,74,False,True,,,,,,,,,,,
628,4396.0,4396.0,4408.599998474121,0,12.599998474121094,12.599998474121094,4424.0,False,1,0,False,accurate,0,0,False,False,71,False,True,,,,,,,,,,,
633,4431.0,4431.0,4445.199996948242,0,14.199996948242188,14.199996948242188,4459.0,False,1,0,False,accurate,0,0,False,False,66,False,True,,,,,,,,,,,
635,4445.0,4445.199996948242,4463.199996948242,0,18.0,18.199996948242188,4473.0,False,2,1,False,accurate,1,1,False,False,64,False,True,,,,,,,,,,,
637,4459.0,4463.199996948242,4474.900001525879,0,11.700004577636719,15.900001525878906,4487.0,False,2,1,False,accurate,0,0,False,False,62,False,True,,,,,,,,,,,
640,4480.0,4480.0,4503.459998703003,0,23.459998703002928,23.459998703003293,4508.0,False,1,0,False,accurate,0,0,False,False,59,False,True,,,,,,,,,,,
641,4487.0,4503.459998703003,4506.7966644493745,0,3.3366657463709544,19.796664449374475,4515.0,False,2,1,False,fast,0,1,True,False,58,False,True,,,,,,,,,,,
645,4515.0,4515.0,4535.670415665904,0,20.67041566590467,20.67041566590433,4543.0,False,1,0,False,accurate,0,0,False,False,54,False,True,,,,,,,,,,,
649,4543.0,4543.0,4558.956247806549,0,15.956247806549072,15.956247806549072,4571.0,False,1,0,False,accurate,0,0,False,False,50,False,True,,,,,,,,,,,
652,4564.0,4564.0,4584.520001029969,0,20.520001029968263,20.520001029968626,4592.0,False,1,0,False,accurate,0,0,False,False,47,False,True,,,,,,,,,,,
654,4578.0,4584.520001029969,4601.440837228596,0,16.920836198627935,23.440837228596138,4606.0,False,2,1,False,accurate,1,1,False,False,45,False,True,,,,,,,,,,,
658,4606.0,4606.0,4622.097500896454,0,16.09750089645386,16.09750089645422,4634.0,False,1,0,False,accurate,0,0,False,False,41,False,True,,,,,,,,,,,
659,4613.0,4622.097500896454,4638.941247348537,0,16.8437464520832,25.941247348537217,4641.0,False,2,1,False,accurate,0,0,False,False,40,False,True,,,,,,,,,,,
660,4620.0,4638.941247348537,4641.834579896281,0,2.8933325477441145,21.834579896280957,4648.0,False,3,2,False,fast,0,0,False,False,39,False,True,,,,,,,,,,,
686,4802.0,4802.0,4817.199996948242,0,15.199996948242188,15.199996948242188,4830.0,False,1,0,False,accurate,1,1,False,False,13,False,True,,,,,,,,,,,
687,4809.0,4817.199996948242,4830.399997711182,0,13.200000762939453,21.39999771118164,4837.0,False,2,1,False,accurate,1,1,False,False,12,False,True,,,,,,,,,,,
691,4837.0,4837.0,4839.799999237061,0,2.799999237060547,2.799999237060547,4865.0,False,1,0,False,fast,0,0,False,False,8,False,True,,,,,,,,,,,
693,4851.0,4851.0,4866.200000762939,0,15.200000762939453,15.200000762939453,4879.0,False,1,0,False,accurate,0,0,False,False,6,False,True,,,,,,,,,,,
695,4865.0,4866.200000762939,4882.699996948242,0,16.499996185302734,17.699996948242188,4893.0,False,2,1,False,accurate,0,0,False,False,4,False,True,,,,,,,,,,,
700,4900.0,4900.0,4912.799999237061,0,12.799999237060547,12.799999237060547,4928.0,False,1,0,False,accurate,0,0,False,False,99,False,True,,,,,,,,,,,
704,4928.0,4928.0,4943.299999237061,0,15.299999237060547,15.299999237060547,4956.0,False,1,0,False,accurate,0,0,False,False,95,False,True,,,,,,,,,,,
705,4935.0,4943.299999237061,4959.900001525879,0,16.60000228881836,24.900001525878906,4963.0,False,2,1,False,accurate,0,0,False,False,94,False,True,,,,,,,,,,,
708,4956.0,4959.900001525879,4973.000003814697,0,13.10000228881836,17.000003814697266,4984.0,False,2,1,False,accurate,1,1,False,False,91,False,True,,,,,,,,,,,
715,5005.0,5005.0,5024.899997711182,0,19.89999771118164,19.89999771118164,5033.0,False,1,0,False,accurate,0,0,False,False,84,False,True,,,,,,,,,,,
718,5026.0,5026.0,5038.600002288818,0,12.60000228881836,12.60000228881836,5054.0,False,1,0,False,accurate,1,1,False,False,81,False,True,,,,,,,,,,,
720,5040.0,5040.0,5056.400001525879,0,16.400001525878906,16.400001525878906,5068.0,False,1,0,False,accurate,1,1,False,False,79,False,True,,,,,,,,,,,
724,5068.0,5068.0,5081.0,0,13.0,13.0,5096.0,False,1,0,False,accurate,1,1,False,False,75,False,True,,,,,,,,,,,
725,5075.0,5081.0,5098.299999237061,0,17.299999237060547,23.299999237060547,5103.0,False,2,1,False,accurate,1,1,False,False,74,False,True,,,,,,,,,,,
727,5089.0,5098.299999237061,5109.100002288818,0,10.800003051757812,20.10000228881836,5117.0,False,2,1,False,accurate,0,0,False,False,72,False,True,,,,,,,,,,,
738,5166.0,5166.0,5181.700004577637,0,15.700004577636719,15.700004577636719,5194.0,False,1,0,False,accurate,0,0,False,False,61,False,True,,,,,,,,,,,
739,5173.0,5181.700004577637,5198.200004577637,0,16.5,25.20000457763672,5201.0,False,2,1,False,accurate,1,1,False,False,60,False,True,,,,,,,,,,,
741,5187.0,5198.200004577637,5209.900005340576,0,11.700000762939453,22.900005340576172,5215.0,False,2,1,False,accurate,1,1,False,False,58,False,True,,,,,,,,,,,
747,5229.0,5229.0,5242.599998474121,0,13.599998474121094,13.599998474121094,5257.0,False,1,0,False,accurate,0,0,False,False,52,False,True,,,,,,,,,,,
752,5264.0,5264.0,5276.299999237061,0,12.299999237060547,12.299999237060547,5292.0,False,1,0,False,accurate,1,1,False,False,47,False,True,,,,,,,,,,,
753,5271.0,5276.299999237061,5289.299999237061,0,13.0,18.299999237060547,5299.0,False,2,1,False,accurate,0,0,False,False,46,False,True,,,,,,,,,,,
755,5285.0,5289.299999237061,5300.799999237061,0,11.5,15.799999237060547,5313.0,False,2,1,False,accurate,0,0,False,False,44,False,True,,,,,,,,,,,
756,5292.0,5300.799999237061,5315.5,0,14.700000762939453,23.5,5320.0,False,2,1,False,accurate,0,0,False,False,43,False,True,,,,,,,,,,,
760,5320.0,5320.0,5331.5,0,11.5,11.5,5348.0,False,1,0,False,accurate,0,0,False,False,39,False,True,,,,,,,,,,,
763,5341.0,5341.0,5363.899997711182,0,22.89999771118164,22.89999771118164,5369.0,False,1,0,False,accurate,0,1,True,False,36,False,True,,,,,,,,,,,
764,5348.0,5363.899997711182,5368.499996185303,0,4.599998474121094,20.499996185302734,5376.0,False,2,1,False,fast,0,0,False,False,35,False,True,,,,,,,,,,,
769,5383.0,5383.0,5395.5,0,12.5,12.5,5411.0,False,1,0,False,accurate,0,0,False,False,30,False,True,,,,,,,,,,,
770,5390.0,5395.5,5407.200000762939,0,11.700000762939453,17.200000762939453,5418.0,False,2,1,False,accurate,0,0,False,False,29,False,True,,,,,,,,,,,
774,5418.0,5418.0,5430.200004577637,0,12.200004577636719,12.200004577636719,5446.0,False,1,0,False,accurate,0,0,False,False,25,False,True,,,,,,,,,,,
776,5432.0,5432.0,5444.700000762939,0,12.700000762939453,12.700000762939453,5460.0,False,1,0,False,accurate,0,0,False,False,23,False,True,,,,,,,,,,,
778,5446.0,5446.0,5457.299999237061,0,11.299999237060547,11.299999237060547,5474.0,False,1,0,False,accurate,1,1,False,False,21,False,True,,,,,,,,,,,
779,5453.0,5457.299999237061,5470.400001525879,0,13.10000228881836,17.400001525878906,5481.0,False,2,1,False,accurate,0,0,False,False,20,False,True,,,,,,,,,,,
780,5460.0,5470.400001525879,5474.700000762939,0,4.299999237060547,14.700000762939453,5488.0,False,2,1,False,fast,0,0,False,False,19,False,True,,,,,,,,,,,
784,5488.0,5488.0,5507.700000762939,0,19.700000762939453,19.700000762939453,5516.0,False,1,0,False,accurate,0,0,False,False,15,False,True,,,,,,,,,,,
791,5537.0,5537.0,5549.699996948242,0,12.699996948242188,12.699996948242188,5565.0,False,1,0,False,accurate,0,0,False,False,8,False,True,,,,,,,,,,,
793,5551.0,5551.0,5564.399997711182,0,13.39999771118164,13.39999771118164,5579.0,False,1,0,False,accurate,0,0,False,False,6,False,True,,,,,,,,,,,
794,5558.0,5564.399997711182,5576.599994659424,0,12.199996948242188,18.599994659423828,5586.0,False,2,1,False,accurate,0,0,False,False,5,False,True,,,,,,,,,,,
796,5572.0,5576.599994659424,5590.199993133545,0,13.599998474121094,18.199993133544922,5600.0,False,2,1,False,accurate,1,1,False,False,3,False,True,,,,,,,,,,,
797,5579.0,5590.199993133545,5603.999996185303,0,13.800003051757812,24.999996185302734,5607.0,False,2,1,False,accurate,0,0,False,False,2,True,True,,,,,,,,,,,
798,5586.0,5603.999996185303,5608.399997711182,0,4.400001525878906,22.39999771118164,5614.0,False,3,2,False,fast,0,0,False,False,1,True,True,,,,,,,,,,,
801,5607.0,5608.399997711182,5632.125838495493,0,23.72584078431123,25.125838495492644,5635.0,False,2,1,False,accurate,0,0,False,False,98,False,True,,,,,,,,,,,
805,5635.0,5635.0,5657.069168049892,0,22.0691680498918,22.06916804989214,5663.0,False,1,0,False,accurate,1,1,False,False,94,False,True,,,,,,,,,,,
808,5656.0,5657.069168049892,5662.169168067773,0,5.100000017881393,6.169168067773171,5684.0,False,2,1,False,fast,0,0,False,False,91,False,True,,,,,,,,,,,
810,5670.0,5670.0,5690.984168608387,0,20.98416860838729,20.984168608387336,5698.0,False,1,0,False,accurate,0,0,False,False,89,False,True,,,,,,,,,,,
811,5677.0,5690.984168608387,5695.971668626269,0,4.987500017881394,18.971668626269093,5705.0,False,2,1,False,fast,0,1,True,False,88,False,True,,,,,,,,,,,
812,5684.0,5695.971668626269,5701.911670304736,0,5.940001678466797,17.911670304735708,5712.0,False,3,2,False,fast,0,0,False,False,87,False,True,,,,,,,,,,,
814,5698.0,5701.911670304736,5718.961671198408,0,17.0500008936723,20.961671198408112,5726.0,False,2,1,False,accurate,1,1,False,False,85,False,True,,,,,,,,,,,
815,5705.0,5718.961671198408,5723.799167097609,0,4.837495899200439,18.799167097608915,5733.0,False,2,1,False,fast,0,0,False,False,84,False,True,,,,,,,,,,,
818,5726.0,5726.0,5745.857497310639,0,19.85749731063843,19.85749731063879,5754.0,False,1,0,False,accurate,0,0,False,False,81,False,True,,,,,,,,,,,
819,5733.0,5745.857497310639,5760.180413933844,0,14.322916623204945,27.180413933843738,5761.0,False,2,1,False,accurate,0,0,False,False,80,False,True,,,,,,,,,,,
820,5740.0,5760.180413933844,5764.727082181623,0,4.546668247779212,24.72708218162279,5768.0,False,3,2,False,fast,0,0,False,False,79,False,True,,,,,,,,,,,
827,5789.0,5789.0,5808.799995422363,0,19.79999542236328,19.79999542236328,5817.0,False,1,0,False,accurate,0,0,False,False,72,False,True,,,,,,,,,,,
828,5796.0,5808.799995422363,5822.0,0,13.200004577636719,26.0,5824.0,False,2,1,False,accurate,1,1,False,False,71,False,True,,,,,,,,,,,
829,5803.0,5822.0,5826.400001525879,0,4.400001525878906,23.400001525878906,5831.0,False,3,2,False,fast,0,1,True,False,70,False,True,,,,,,,,,,,
830,5810.0,5826.400001525879,5831.100006103516,0,4.700004577636719,21.100006103515625,5838.0,False,3,2,False,fast,0,0,False,False,69,False,True,,,,,,,,,,,
833,5831.0,5831.100006103516,5849.0000076293945,0,17.900001525878906,18.00000762939453,5859.0,False,2,1,False,accurate,1,1,False,False,66,False,True,,,,,,,,,,,
834,5838.0,5849.0000076293945,5853.400009155273,0,4.400001525878906,15.400009155273438,5866.0,False,2,1,False,fast,0,0,False,False,65,False,True,,,,,,,,,,,
836,5852.0,5853.400009155273,5864.200008392334,0,10.799999237060547,12.200008392333984,5880.0,False,2,1,False,accurate,0,0,False,False,63,False,True,,,,,,,,,,,
837,5859.0,5864.200008392334,5875.200008392334,0,11.0,16.200008392333984,5887.0,False,2,1,False,accurate,1,1,False,False,62,False,True,,,,,,,,,,,
839,5873.0,5875.200008392334,5887.200008392334,0,12.0,14.200008392333984,5901.0,False,2,1,False,accurate,1,1,False,False,60,False,True,,,,,,,,,,,
842,5894.0,5894.0,5908.100002288818,0,14.10000228881836,14.10000228881836,5922.0,False,1,0,False,accurate,0,0,False,False,57,False,True,,,,,,,,,,,
843,5901.0,5908.100002288818,5923.700004577637,0,15.60000228881836,22.70000457763672,5929.0,False,2,1,False,accurate,0,0,False,False,56,False,True,,,,,,,,,,,
845,5915.0,5923.700004577637,5934.700004577637,0,11.0,19.70000457763672,5943.0,False,2,1,False,accurate,0,0,False,False,54,False,True,,,,,,,,,,,
846,5922.0,5934.700004577637,5945.800006866455,0,11.10000228881836,23.800006866455078,5950.0,False,3,2,False,accurate,0,0,False,False,53,False,True,,,,,,,,,,,
849,5943.0,5945.800006866455,5958.200008392334,0,12.400001525878906,15.200008392333984,5971.0,False,2,1,False,accurate,0,0,False,False,50,False,True,,,,,,,,,,,
850,5950.0,5958.200008392334,5975.500011444092,0,17.300003051757812,25.500011444091797,5978.0,False,2,1,False,accurate,0,0,False,False,49,False,True,,,,,,,,,,,
854,5978.0,5978.0,5993.899997711182,0,15.89999771118164,15.89999771118164,6006.0,False,1,0,False,accurate,0,0,False,False,45,False,True,,,,,,,,,,,
857,5999.0,5999.0,6009.900001525879,0,10.900001525878906,10.900001525878906,6027.0,False,1,0,False,accurate,0,0,False,False,42,False,True,,,,,,,,,,,
864,6048.0,6048.0,6059.900005340576,0,11.900005340576172,11.900005340576172,6076.0,False,1,0,False,accurate,1,1,False,False,35,False,True,,,,,,,,,,,
867,6069.0,6069.0,6085.200000762939,0,16.200000762939453,16.200000762939453,6097.0,False,1,0,False,accurate,1,1,False,False,32,False,True,,,,,,,,,,,
868,6076.0,6085.200000762939,6100.900001525879,0,15.700000762939453,24.900001525878906,6104.0,False,2,1,False,accurate,0,0,False,False,31,False,True,,,,,,,,,,,
870,6090.0,6100.900001525879,6112.799999237061,0,11.89999771118164,22.799999237060547,6118.0,False,2,1,False,accurate,1,1,False,False,29,False,True,,,,,,,,,,,
872,6104.0,6112.799999237061,6130.600002288818,0,17.800003051757812,26.60000228881836,6132.0,False,2,1,False,accurate,0,0,False,False,27,False,True,,,,,,,,,,,
874,6118.0,6130.600002288818,6144.700000762939,0,14.099998474121094,26.700000762939453,6146.0,False,2,1,False,accurate,1,1,False,False,25,False,True,,,,,,,,,,,
878,6146.0,6146.0,6158.399997711182,0,12.39999771118164,12.39999771118164,6174.0,False,1,0,False,accurate,0,0,False,False,21,False,True,,,,,,,,,,,
880,6160.0,6160.0,6172.400001525879,0,12.400001525878906,12.400001525878906,6188.0,False,1,0,False,accurate,0,0,False,False,19,False,True,,,,,,,,,,,
881,6167.0,6172.400001525879,6182.900001525879,0,10.5,15.900001525878906,6195.0,False,2,1,False,accurate,0,0,False,False,18,False,True,,,,,,,,,,,
884,6188.0,6188.0,6202.299999237061,0,14.299999237060547,14.299999237060547,6216.0,False,1,0,False,accurate,0,0,False,False,15,False,True,,,,,,,,,,,
887,6209.0,6209.0,6224.999996185303,0,15.999996185302734,15.999996185302734,6237.0,False,1,0,False,accurate,0,0,False,False,12,False,True,,,,,,,,,,,
890,6230.0,6230.0,6245.099998474121,0,15.099998474121094,15.099998474121094,6258.0,False,1,0,False,accurate,0,0,False,False,9,False,True,,,,,,,,,,,
891,6237.0,6245.099998474121,6258.399997711182,0,13.299999237060547,21.39999771118164,6265.0,False,2,1,False,accurate,0,0,False,False,8,False,True,,,,,,,,,,,
893,6251.0,6258.399997711182,6272.0,0,13.60000228881836,21.0,6279.0,False,2,1,False,accurate,1,1,False,False,6,False,True,,,,,,,,,,,
895,6265.0,6272.0,6283.200000762939,0,11.200000762939453,18.200000762939453,6293.0,False,2,1,False,accurate,0,0,False,False,4,False,True,,,,,,,,,,,
896,6272.0,6283.200000762939,6294.600002288818,0,11.400001525878906,22.60000228881836,6300.0,False,2,1,False,accurate,0,0,False,False,3,False,True,,,,,,,,,,,
899,6293.0,6294.600002288818,6306.100002288818,0,11.5,13.10000228881836,6321.0,False,2,1,False,accurate,0,0,False,True,0,True,True,,,,,,,,,,,
903,6321.0,6321.0,6334.600002288818,0,13.60000228881836,13.60000228881836,6349.0,False,1,0,False,accurate,0,0,False,False,96,False,True,,,,,,,,,,,
906,6342.0,6342.0,6358.300003051758,0,16.300003051757812,16.300003051757812,6370.0,False,1,0,False,accurate,1,1,False,False,93,False,True,,,,,,,,,,,
909,6363.0,6363.0,6381.200000762939,0,18.200000762939453,18.200000762939453,6391.0,False,1,0,False,accurate,0,0,False,False,90,False,True,,,,,,,,,,,
911,6377.0,6381.200000762939,6393.899997711182,0,12.699996948242188,16.89999771118164,6405.0,False,2,1,False,accurate,0,0,False,False,88,False,True,,,,,,,,,,,
912,6384.0,6393.899997711182,6404.299995422363,0,10.39999771118164,20.29999542236328,6412.0,False,2,1,False,accurate,0,0,False,False,87,False,True,,,,,,,,,,,
914,6398.0,6404.299995422363,6416.999996185303,0,12.700000762939453,18.999996185302734,6426.0,False,2,1,False,accurate,0,0,False,False,85,False,True,,,,,,,,,,,
925,6475.0,6475.0,6487.899997711182,0,12.89999771118164,12.89999771118164,6503.0,False,1,0,False,accurate,0,0,False,False,74,False,True,,,,,,,,,,,
929,6503.0,6503.0,6517.400001525879,0,14.400001525878906,14.400001525878906,6531.0,False,1,0,False,accurate,1,1,False,False,70,False,True,,,,,,,,,,,
930,6510.0,6517.400001525879,6537.900001525879,0,20.5,27.900001525878906,6538.0,False,2,1,False,accurate,0,0,False,False,69,False,True,,,,,,,,,,,
932,6524.0,6537.900001525879,6542.300003051758,0,4.400001525878906,18.300003051757812,6552.0,False,2,1,False,fast,0,1,True,False,67,False,True,,,,,,,,,,,
936,6552.0,6552.0,6568.500003814697,0,16.500003814697266,16.500003814697266,6580.0,False,1,0,False,accurate,0,0,False,False,63,False,True,,,,,,,,,,,
937,6559.0,6568.500003814697,6591.300003051758,0,22.799999237060547,32.30000305175781,6587.0,True,2,1,False,fast,0,0,False,False,62,False,False,,,,,,,,,,,
938,6566.0,6591.300003051758,6595.900005340576,0,4.600002288818359,29.900005340576172,6594.0,True,3,2,False,fast,0,0,False,False,61,False,False,,,,,,,,,,,
942,6594.0,6595.900005340576,6607.5000076293945,0,11.60000228881836,13.500007629394531,6622.0,False,2,1,False,accurate,1,1,False,False,57,False,True,,,,,,,,,,,
943,6601.0,6607.5000076293945,6627.300010681152,0,19.800003051757812,26.300010681152344,6629.0,False,2,1,False,accurate,0,0,False,False,56,False,True,,,,,,,,,,,
949,6643.0,6643.0,6656.400001525879,0,13.400001525878906,13.400001525878906,6671.0,False,1,0,False,accurate,0,0,False,False,50,False,True,,,,,,,,,,,
950,6650.0,6656.400001525879,6672.0,0,15.599998474121094,22.0,6678.0,False,2,1,False,accurate,0,0,False,False,49,False,True,,,,,,,,,,,
951,6657.0,6672.0,6676.700004577637,0,4.700004577636719,19.70000457763672,6685.0,False,2,1,False,fast,0,0,False,False,48,False,True,,,,,,,,,,,
955,6685.0,6685.0,6701.0,0,16.0,16.0,6713.0,False,1,0,False,accurate,1,1,False,False,44,False,True,,,,,,,,,,,
956,6692.0,6701.0,6715.999996185303,0,14.999996185302734,23.999996185302734,6720.0,False,2,1,False,accurate,0,0,False,False,43,False,True,,,,,,,,,,,
957,6699.0,6715.999996185303,6720.099998474121,0,4.100002288818359,21.099998474121094,6727.0,False,3,2,False,fast,0,1,True,False,42,False,True,,,,,,,,,,,
958,6706.0,6720.099998474121,6733.099994659424,0,12.999996185302734,27.099994659423828,6734.0,False,3,2,False,accurate,0,0,False,False,41,False,True,,,,,,,,,,,
962,6734.0,6734.0,6753.043330989679,0,19.04333098967868,19.043330989678907,6762.0,False,1,0,False,accurate,0,0,False,False,37,False,True,,,,,,,,,,,
964,6748.0,6753.043330989679,6772.834997482499,0,19.791666492819786,24.834997482498693,6776.0,False,2,1,False,accurate,0,0,False,False,35,False,True,,,,,,,,,,,
965,6755.0,6772.834997482499,6777.931661515435,0,5.096664032936087,22.931661515434826,6783.0,False,2,1,False,fast,0,0,False,False,34,False,True,,,,,,,,,,,
967,6769.0,6777.931661515435,6782.840827293992,0,4.909165778557463,13.840827293992334,6797.0,False,3,2,False,fast,0,1,True,False,32,False,True,,,,,,,,,,,
971,6797.0,6797.0,6814.515423156619,0,17.515423156619136,17.515423156619363,6825.0,False,1,0,False,accurate,0,0,False,False,28,False,True,,,,,,,,,,,
974,6818.0,6818.0,6833.499999916554,0,15.499999916553499,15.499999916553861,6846.0,False,1,0,False,accurate,0,0,False,False,25,False,True,,,,,,,,,,,
975,6825.0,6833.499999916554,6849.786247026921,0,16.28624711036682,24.786247026921046,6853.0,False,2,1,False,accurate,0,0,False,False,24,False,True,,,,,,,,,,,
976,6832.0,6849.786247026921,6854.47957792759,0,4.6933309006690935,22.47957792759007,6860.0,False,3,2,False,fast,0,0,False,False,23,False,True,,,,,,,,,,,
977,6839.0,6854.47957792759,6859.136246200404,0,4.656668272813158,20.136246200403548,6867.0,False,3,2,False,fast,0,0,False,False,22,False,True,,,,,,,,,,,
978,6846.0,6859.136246200404,6873.236246200404,0,14.100000000000001,27.23624620040391,6874.0,False,4,3,False,accurate,0,0,False,False,21,False,True,,,,,,,,,,,
980,6860.0,6873.236246200404,6877.6795787496385,0,4.44333254923423,17.679578749638495,6888.0,False,2,1,False,fast,0,0,False,False,19,False,True,,,,,,,,,,,
981,6867.0,6877.6795787496385,6891.3820812387285,0,13.702502489089964,24.38208123872846,6895.0,False,3,2,False,accurate,1,1,False,False,18,False,True,,,,,,,,,,,
985,6895.0,6895.0,6913.400001525879,0,18.400001525878906,18.400001525878906,6923.0,False,1,0,False,accurate,0,0,False,False,14,False,True,,,,,,,,,,,
986,6902.0,6913.400001525879,6926.000003814697,0,12.60000228881836,24.000003814697266,6930.0,False,2,1,False,accurate,0,0,False,False,13,False,True,,,,,,,,,,,
989,6923.0,6926.000003814697,6939.800003051758,0,13.799999237060547,16.800003051757812,6951.0,False,2,1,False,accurate,0,0,False,False,10,False,True,,,,,,,,,,,
994,6958.0,6958.0,6960.699996948242,0,2.6999969482421875,2.6999969482421875,6986.0,False,1,0,False,fast,0,0,False,False,5,False,True,,,,,,,,,,,
996,6972.0,6972.0,6992.400001525879,0,20.400001525878906,20.400001525878906,7000.0,False,1,0,False,accurate,0,0,False,False,3,False,True,,,,,,,,,,,
997,6979.0,6992.400001525879,7006.800003051758,0,14.400001525878906,27.800003051757812,7007.0,False,2,1,False,accurate,0,0,False,False,2,True,True,,,,,,,,,,,
998,6986.0,7006.800003051758,7009.400001525879,0,2.5999984741210938,23.400001525878906,7014.0,False,3,2,False,fast,0,0,False,False,1,True,True,,,,,,,,,,,
999,6993.0,7009.400001525879,7012.099998474121,0,2.6999969482421875,19.099998474121094,7021.0,False,3,2,False,fast,0,0,False,True,0,True,True,,,,,,,,,,,
1003,7021.0,7021.0,7041.799999237061,0,20.799999237060547,20.799999237060547,7049.0,False,1,0,False,accurate,0,0,False,False,96,False,True,,,,,,,,,,,
1004,7028.0,7041.799999237061,7054.399997711182,0,12.599998474121094,26.39999771118164,7056.0,False,2,1,False,accurate,0,0,False,False,95,False,True,,,,,,,,,,,
1005,7035.0,7054.399997711182,7057.099994659424,0,2.6999969482421875,22.099994659423828,7063.0,False,3,2,False,fast,0,0,False,False,94,False,True,,,,,,,,,,,
1006,7042.0,7057.099994659424,7069.099994659424,0,12.0,27.099994659423828,7070.0,False,3,2,False,accurate,0,0,False,False,93,False,True,,,,,,,,,,,
1008,7056.0,7069.099994659424,7071.899997711182,0,2.8000030517578125,15.89999771118164,7084.0,False,3,2,False,fast,0,1,True,False,91,False,True,,,,,,,,,,,
1009,7063.0,7071.899997711182,7085.699996948242,0,13.799999237060547,22.699996948242188,7091.0,False,3,2,False,accurate,0,0,False,False,90,False,True,,,,,,,,,,,
1010,7070.0,7085.699996948242,7096.999996185303,0,11.299999237060547,26.999996185302734,7098.0,False,3,2,False,accurate,0,0,False,False,89,False,True,,,,,,,,,,,
1014,7098.0,7098.0,7112.100002288818,0,14.10000228881836,14.10000228881836,7126.0,False,1,0,False,accurate,0,0,False,False,85,False,True,,,,,,,,,,,
1015,7105.0,7112.100002288818,7127.700004577637,0,15.60000228881836,22.70000457763672,7133.0,False,2,1,False,accurate,1,1,False,False,84,False,True,,,,,,,,,,,
1016,7112.0,7127.700004577637,7132.700004577637,0,5.0,20.70000457763672,7140.0,False,3,2,False,fast,0,0,False,False,83,False,True,,,,,,,,,,,
1017,7119.0,7132.700004577637,7137.500003814697,0,4.799999237060547,18.500003814697266,7147.0,False,3,2,False,fast,0,0,False,False,82,False,True,,,,,,,,,,,
1018,7126.0,7137.500003814697,7151.900005340576,0,14.400001525878906,25.900005340576172,7154.0,False,4,3,False,accurate,0,0,False,False,81,False,True,,,,,,,,,,,
1019,7133.0,7151.900005340576,7156.400005340576,0,4.5,23.400005340576172,7161.0,False,3,2,False,fast,0,0,False,False,80,False,True,,,,,,,,,,,
1021,7147.0,7156.400005340576,7170.400005340576,0,14.0,23.400005340576172,7175.0,False,3,2,False,accurate,1,1,False,False,78,False,True,,,,,,,,,,,
1022,7154.0,7170.400005340576,7173.200008392334,0,2.8000030517578125,19.200008392333984,7182.0,False,3,2,False,fast,0,0,False,False,77,False,True,,,,,,,,,,,
1024,7168.0,7173.200008392334,7187.600006103516,0,14.39999771118164,19.600006103515625,7196.0,False,3,2,False,accurate,1,1,False,False,75,False,True,,,,,,,,,,,
1035,7245.0,7245.0,7256.400001525879,0,11.400001525878906,11.400001525878906,7273.0,False,1,0,False,accurate,0,0,False,False,64,False,True,,,,,,,,,,,
1037,7259.0,7259.0,7273.399997711182,0,14.39999771118164,14.39999771118164,7287.0,False,1,0,False,accurate,0,0,False,False,62,False,True,,,,,,,,,,,
1038,7266.0,7273.399997711182,7286.599998474121,0,13.200000762939453,20.599998474121094,7294.0,False,2,1,False,accurate,1,1,False,False,61,False,True,,,,,,,,,,,
1040,7280.0,7286.599998474121,7302.100002288818,0,15.500003814697266,22.10000228881836,7308.0,False,2,1,False,accurate,0,0,False,False,59,False,True,,,,,,,,,,,
1042,7294.0,7302.100002288818,7318.500003814697,0,16.400001525878906,24.500003814697266,7322.0,False,2,1,False,accurate,0,0,False,False,57,False,True,,,,,,,,,,,
1046,7322.0,7322.0,7334.299999237061,0,12.299999237060547,12.299999237060547,7350.0,False,1,0,False,accurate,1,1,False,False,53,False,True,,,,,,,,,,,
1048,7336.0,7336.0,7356.0,0,20.0,20.0,7364.0,False,1,0,False,accurate,0,0,False,False,51,False,True,,,,,,,,,,,
1049,7343.0,7356.0,7370.400001525879,0,14.400001525878906,27.400001525878906,7371.0,False,2,1,False,accurate,1,1,False,False,50,False,True,,,,,,,,,,,
1050,7350.0,7370.400001525879,7373.299999237061,0,2.8999977111816406,23.299999237060547,7378.0,False,3,2,False,fast,0,0,False,False,49,False,True,,,,,,,,,,,
1051,7357.0,7373.299999237061,7376.200000762939,0,2.9000015258789062,19.200000762939453,7385.0,False,3,2,False,fast,0,0,False,False,48,False,True,,,,,,,,,,,
1052,7364.0,7376.200000762939,7387.5,0,11.299999237060547,23.5,7392.0,False,4,3,False,accurate,0,0,False,False,47,False,True,,,,,,,,,,,
1061,7427.0,7427.0,7443.600002288818,0,16.60000228881836,16.60000228881836,7455.0,False,1,0,False,accurate,1,1,False,False,38,False,True,,,,,,,,,,,
1064,7448.0,7448.0,7463.200000762939,0,15.200000762939453,15.200000762939453,7476.0,False,1,0,False,accurate,0,0,False,False,35,False,True,,,,,,,,,,,
1065,7455.0,7463.200000762939,7478.699996948242,0,15.499996185302734,23.699996948242188,7483.0,False,2,1,False,accurate,0,0,False,False,34,False,True,,,,,,,,,,,
1066,7462.0,7478.699996948242,7481.399993896484,0,2.6999969482421875,19.399993896484375,7490.0,False,3,2,False,fast,0,0,False,False,33,False,True,,,,,,,,,,,
1067,7469.0,7481.399993896484,7484.099998474121,0,2.7000045776367188,15.099998474121094,7497.0,False,3,2,False,fast,0,1,True,False,32,False,True,,,,,,,,,,,
1068,7476.0,7484.099998474121,7495.199996948242,0,11.099998474121094,19.199996948242188,7504.0,False,4,3,False,accurate,0,0,False,False,31,False,True,,,,,,,,,,,
1069,7483.0,7495.199996948242,7509.199996948242,0,14.0,26.199996948242188,7511.0,False,3,2,False,accurate,1,1,False,False,30,False,True,,,,,,,,,,,
1070,7490.0,7509.199996948242,7511.899993896484,0,2.6999969482421875,21.899993896484375,7518.0,False,3,2,False,fast,0,1,True,False,29,False,True,,,,,,,,,,,
1076,7532.0,7532.0,7545.299999237061,0,13.299999237060547,13.299999237060547,7560.0,False,1,0,False,accurate,0,0,False,False,23,False,True,,,,,,,,,,,
1077,7539.0,7545.299999237061,7562.999996185303,0,17.699996948242188,23.999996185302734,7567.0,False,2,1,False,accurate,0,0,False,False,22,False,True,,,,,,,,,,,
1078,7546.0,7562.999996185303,7565.699993133545,0,2.6999969482421875,19.699993133544922,7574.0,False,2,1,False,fast,0,0,False,False,21,False,True,,,,,,,,,,,
1080,7560.0,7565.699993133545,7578.799995422363,0,13.10000228881836,18.79999542236328,7588.0,False,3,2,False,accurate,0,0,False,False,19,False,True,,,,,,,,,,,
1084,7588.0,7588.0,7611.599998474121,0,23.599998474121094,23.599998474121094,7616.0,False,1,0,False,accurate,1,1,False,False,15,False,True,,,,,,,,,,,
1088,7616.0,7616.0,7628.900001525879,0,12.900001525878906,12.900001525878906,7644.0,False,1,0,False,accurate,1,1,False,False,11,False,True,,,,,,,,,,,
1089,7623.0,7628.900001525879,7641.200000762939,0,12.299999237060547,18.200000762939453,7651.0,False,2,1,False,accurate,1,1,False,False,10,False,True,,,,,,,,,,,
1090,7630.0,7641.200000762939,7656.299999237061,0,15.099998474121094,26.299999237060547,7658.0,False,2,1,False,accurate,0,0,False,False,9,False,True,,,,,,,,,,,
1096,7672.0,7672.0,7686.899997711182,0,14.89999771118164,14.89999771118164,7700.0,False,1,0,False,accurate,0,0,False,False,3,False,True,,,,,,,,,,,
1098,7686.0,7686.899997711182,7698.499996185303,0,11.599998474121094,12.499996185302734,7714.0,False,2,1,False,accurate,1,1,False,False,1,True,True,,,,,,,,,,,
1099,7693.0,7698.499996185303,7709.799995422363,0,11.299999237060547,16.79999542236328,7721.0,False,2,1,False,accurate,1,1,False,True,0,True,True,,,,,,,,,,,
1103,7721.0,7721.0,7734.899997711182,0,13.89999771118164,13.89999771118164,7749.0,False,1,0,False,accurate,0,0,False,False,96,False,True,,,,,,,,,,,
1108,7756.0,7756.0,7772.599998474121,0,16.599998474121094,16.599998474121094,7784.0,False,1,0,False,accurate,0,0,False,False,91,False,True,,,,,,,,,,,
1109,7763.0,7772.599998474121,7784.500003814697,0,11.900005340576172,21.500003814697266,7791.0,False,2,1,False,accurate,0,0,False,False,90,False,True,,,,,,,,,,,
1110,7770.0,7784.500003814697,7787.300003051758,0,2.799999237060547,17.300003051757812,7798.0,False,3,2,False,fast,0,0,False,False,89,False,True,,,,,,,,,,,
1114,7798.0,7798.0,7815.199996948242,0,17.199996948242188,17.199996948242188,7826.0,False,1,0,False,accurate,0,0,False,False,85,False,True,,,,,,,,,,,
1115,7805.0,7815.199996948242,7827.799995422363,0,12.599998474121094,22.79999542236328,7833.0,False,2,1,False,accurate,0,0,False,False,84,False,True,,,,,,,,,,,
1116,7812.0,7827.799995422363,7830.4999923706055,0,2.6999969482421875,18.49999237060547,7840.0,False,3,2,False,fast,0,0,False,False,83,False,True,,,,,,,,,,,
1126,7882.0,7882.0,7903.044998836517,0,21.044998836517333,21.044998836517152,7910.0,False,1,0,False,accurate,0,0,False,False,73,False,True,,,,,,,,,,,
1128,7896.0,7903.044998836517,7923.431662339568,0,20.386663503050773,27.431662339567993,7924.0,False,2,1,False,accurate,1,1,False,False,71,False,True,,,,,,,,,,,
1131,7917.0,7923.431662339568,7942.602081303994,0,19.170418964425746,25.602081303994055,7945.0,False,2,1,False,accurate,0,0,False,False,68,False,True,,,,,,,,,,,
1135,7945.0,7945.0,7960.15,0,15.149999999999999,15.149999999999636,7973.0,False,1,0,False,accurate,1,1,False,False,64,False,True,,,,,,,,,,,
1138,7966.0,7966.0,7982.214999103546,0,16.214999103546145,16.21499910354578,7994.0,False,1,0,False,accurate,0,0,False,False,61,False,True,,,,,,,,,,,
1141,7987.0,7987.0,8001.572501659393,0,14.572501659393309,14.57250165939331,8015.0,False,1,0,False,accurate,1,1,False,False,58,False,True,,,,,,,,,,,
1142,7994.0,8001.572501659393,8015.013331785028,0,13.440830125634863,21.01333178502773,8022.0,False,2,1,False,accurate,0,0,False,False,57,False,True,,,,,,,,,,,
1143,8001.0,8015.013331785028,8017.836664349759,0,2.8233325647314387,16.836664349759303,8029.0,False,3,2,False,fast,0,0,False,False,56,False,True,,,,,,,,,,,
1145,8015.0,8017.836664349759,8029.536668927396,0,11.700004577636719,14.536668927396022,8043.0,False,3,2,False,accurate,0,0,False,False,54,False,True,,,,,,,,,,,
1148,8036.0,8036.0,8054.899997711182,0,18.89999771118164,18.89999771118164,8064.0,False,1,0,False,accurate,0,0,False,False,51,False,True,,,,,,,,,,,
1149,8043.0,8054.899997711182,8057.799999237061,0,2.9000015258789062,14.799999237060547,8071.0,False,2,1,False,fast,0,1,True,False,50,False,True,,,,,,,,,,,
1151,8057.0,8057.799999237061,8071.499996185303,0,13.699996948242188,14.499996185302734,8085.0,False,2,1,False,accurate,0,0,False,False,48,False,True,,,,,,,,,,,
1152,8064.0,8071.499996185303,8090.199996948242,0,18.700000762939453,26.199996948242188,8092.0,False,2,1,False,accurate,0,0,False,False,47,False,True,,,,,,,,,,,
1154,8078.0,8090.199996948242,8105.399997711182,0,15.200000762939453,27.39999771118164,8106.0,False,2,1,False,accurate,0,0,False,False,45,False,True,,,,,,,,,,,
1158,8106.0,8106.0,8123.200000762939,0,17.200000762939453,17.200000762939453,8134.0,False,1,0,False,accurate,1,1,False,False,41,False,True,,,,,,,,,,,
1165,8155.0,8155.0,8182.200000762939,0,27.200000762939453,27.200000762939453,8183.0,False,1,0,False,accurate,0,0,False,False,34,False,True,,,,,,,,,,,
1167,8169.0,8182.200000762939,8194.0,0,11.799999237060547,25.0,8197.0,False,2,1,False,accurate,0,0,False,False,32,False,True,,,,,,,,,,,
1169,8183.0,8194.0,8208.199996948242,0,14.199996948242188,25.199996948242188,8211.0,False,2,1,False,accurate,0,0,False,False,30,False,True,,,,,,,,,,,
1173,8211.0,8211.0,8225.399997711182,0,14.39999771118164,14.39999771118164,8239.0,False,1,0,False,accurate,1,1,False,False,26,False,True,,,,,,,,,,,
1175,8225.0,8225.399997711182,8239.499996185303,0,14.099998474121094,14.499996185302734,8253.0,False,2,1,False,accurate,1,1,False,False,24,False,True,,,,,,,,,,,
1177,8239.0,8239.499996185303,8252.799995422363,0,13.299999237060547,13.799995422363281,8267.0,False,2,1,False,accurate,0,0,False,False,22,False,True,,,,,,,,,,,
1179,8253.0,8253.0,8265.099998474121,0,12.099998474121094,12.099998474121094,8281.0,False,1,0,False,accurate,0,0,False,False,20,False,True,,,,,,,,,,,
1185,8295.0,8295.0,8307.599994659424,0,12.599994659423828,12.599994659423828,8323.0,False,1,0,False,accurate,0,0,False,False,14,False,True,,,,,,,,,,,
1190,8330.0,8330.0,8348.599998474121,0,18.599998474121094,18.599998474121094,8358.0,False,1,0,False,accurate,0,0,False,False,9,False,True,,,,,,,,,,,
1193,8351.0,8351.0,8363.0,0,12.0,12.0,8379.0,False,1,0,False,accurate,0,0,False,False,6,False,True,,,,,,,,,,,
1195,8365.0,8365.0,8378.199996948242,0,13.199996948242188,13.199996948242188,8393.0,False,1,0,False,accurate,0,0,False,False,4,False,True,,,,,,,,,,,
1199,8393.0,8393.0,8405.899997711182,0,12.89999771118164,12.89999771118164,8421.0,False,1,0,False,accurate,1,1,False,True,0,True,True,,,,,,,,,,,
1201,8407.0,8407.0,8419.0,0,12.0,12.0,8435.0,False,1,0,False,accurate,0,0,False,False,98,False,True,,,,,,,,,,,
1206,8442.0,8442.0,8467.900001525879,0,25.900001525878906,25.900001525878906,8470.0,False,1,0,False,accurate,0,0,False,False,93,False,True,,,,,,,,,,,
1207,8449.0,8467.900001525879,8470.70000076294,0,2.799999237060547,21.700000762939453,8477.0,False,2,1,False,fast,0,1,True,False,92,False,True,,,,,,,,,,,
1210,8470.0,8470.70000076294,8492.100002288818,0,21.400001525878906,22.10000228881836,8498.0,False,2,1,False,accurate,0,0,False,False,89,False,True,,,,,,,,,,,
1213,8491.0,8492.100002288818,8504.20000076294,0,12.099998474121094,13.200000762939453,8519.0,False,2,1,False,accurate,1,1,False,False,86,False,True,,,,,,,,,,,
1215,8505.0,8505.0,8520.29999923706,0,15.299999237060547,15.299999237060547,8533.0,False,1,0,False,accurate,0,0,False,False,84,False,True,,,,,,,,,,,
1220,8540.0,8540.0,8554.70000076294,0,14.700000762939453,14.700000762939453,8568.0,False,1,0,False,accurate,0,0,False,False,79,False,True,,,,,,,,,,,
1221,8547.0,8554.70000076294,8567.20000076294,0,12.5,20.200000762939453,8575.0,False,2,1,False,accurate,1,1,False,False,78,False,True,,,,,,,,,,,
1222,8554.0,8567.20000076294,8581.099998474121,0,13.89999771118164,27.099998474121094,8582.0,False,3,2,False,accurate,0,0,False,False,77,False,True,,,,,,,,,,,
1223,8561.0,8581.099998474121,8584.0,0,2.9000015258789062,23.0,8589.0,False,3,2,False,fast,0,0,False,False,76,False,True,,,,,,,,,,,
1228,8596.0,8596.0,8608.199996948242,0,12.199996948242188,12.199996948242188,8624.0,False,1,0,False,accurate,0,0,False,False,71,False,True,,,,,,,,,,,
1229,8603.0,8608.199996948242,8611.399997711182,0,3.200000762939453,8.39999771118164,8631.0,False,2,1,False,fast,0,1,True,False,70,False,True,,,,,,,,,,,
1231,8617.0,8617.0,8637.29999923706,0,20.299999237060547,20.299999237060547,8645.0,False,1,0,False,accurate,1,1,False,False,68,False,True,,,,,,,,,,,
1238,8666.0,8666.0,8685.0,0,19.0,19.0,8694.0,False,1,0,False,accurate,0,0,False,False,61,False,True,,,,,,,,,,,
1239,8673.0,8685.0,8687.900001525879,0,2.9000015258789062,14.900001525878906,8701.0,False,2,1,False,fast,0,0,False,False,60,False,True,,,,,,,,,,,
1240,8680.0,8687.900001525879,8703.70000076294,0,15.799999237060547,23.700000762939453,8708.0,False,3,2,False,accurate,1,1,False,False,59,False,True,,,,,,,,,,,
1253,8771.0,8771.0,8784.900001525879,0,13.900001525878906,13.900001525878906,8799.0,False,1,0,False,accurate,0,0,False,False,46,False,True,,,,,,,,,,,
1260,8820.0,8820.0,8832.0,0,12.0,12.0,8848.0,False,1,0,False,accurate,0,0,False,False,39,False,True,,,,,,,,,,,
1262,8834.0,8834.0,8844.70000076294,0,10.700000762939453,10.700000762939453,8862.0,False,1,0,False,accurate,0,0,False,False,37,False,True,,,,,,,,,,,
1263,8841.0,8844.70000076294,8855.29999923706,0,10.599998474121094,14.299999237060547,8869.0,False,2,1,False,accurate,0,0,False,False,36,False,True,,,,,,,,,,,
1264,8848.0,8855.29999923706,8866.699996948242,0,11.39999771118164,18.699996948242188,8876.0,False,2,1,False,accurate,0,0,False,False,35,False,True,,,,,,,,,,,
1266,8862.0,8866.699996948242,8879.199996948242,0,12.5,17.199996948242188,8890.0,False,2,1,False,accurate,1,1,False,False,33,False,True,,,,,,,,,,,
1274,8918.0,8918.0,8931.399997711182,0,13.39999771118164,13.39999771118164,8946.0,False,1,0,False,accurate,0,0,False,False,25,False,True,,,,,,,,,,,
1275,8925.0,8931.399997711182,8944.100002288818,0,12.700004577636719,19.10000228881836,8953.0,False,2,1,False,accurate,0,0,False,False,24,False,True,,,,,,,,,,,
1276,8932.0,8944.100002288818,8957.500003814697,0,13.400001525878906,25.500003814697266,8960.0,False,2,1,False,accurate,1,1,False,False,23,False,True,,,,,,,,,,,
1279,8953.0,8957.500003814697,8972.700008392334,0,15.200004577636719,19.700008392333984,8981.0,False,2,1,False,accurate,1,1,False,False,20,False,True,,,,,,,,,,,
1283,8981.0,8981.0,9006.31624507904,0,25.316245079040524,25.316245079040527,9009.0,False,1,0,False,accurate,1,1,False,False,16,False,True,,,,,,,,,,,
1285,8995.0,9006.31624507904,9009.443750392198,0,3.127505313158054,14.443750392198126,9023.0,False,2,1,False,fast,0,0,False,False,14,False,True,,,,,,,,,,,
1286,9002.0,9009.443750392198,9029.878752719163,0,20.435002326965332,27.878752719163458,9030.0,False,3,2,False,accurate,0,0,False,False,13,False,True,,,,,,,,,,,
1289,9023.0,9029.878752719163,9047.27250600934,0,17.39375329017639,24.27250600933985,9051.0,False,2,1,False,accurate,0,0,False,False,10,False,True,,,,,,,,,,,
1291,9037.0,9047.27250600934,9050.154175223111,0,2.881669213771829,13.154175223111451,9065.0,False,2,1,False,fast,0,1,True,False,8,False,True,,,,,,,,,,,
1295,9065.0,9065.0,9080.276252889633,0,15.276252889633177,15.276252889632815,9093.0,False,1,0,False,accurate,1,1,False,False,4,False,True,,,,,,,,,,,
1296,9072.0,9080.276252889633,9095.19958442519,0,14.923331535557896,23.19958442519055,9100.0,False,2,1,False,accurate,1,1,False,False,3,False,True,,,,,,,,,,,
1298,9086.0,9095.19958442519,9112.82458890746,0,17.625004482269286,26.824588907460566,9114.0,False,2,1,False,accurate,0,0,False,False,1,True,True,,,,,,,,,,,
1302,9114.0,9114.0,9130.510002449453,0,16.51000244945288,16.510002449453168,9142.0,False,1,0,False,accurate,1,1,False,False,97,False,True,,,,,,,,,,,
1303,9121.0,9130.510002449453,9142.345419126115,0,11.835416676662861,21.345419126115303,9149.0,False,2,1,False,accurate,0,0,False,False,96,False,True,,,,,,,,,,,
1305,9135.0,9142.345419126115,9157.045416074357,0,14.699996948242188,22.04541607435749,9163.0,False,2,1,False,accurate,1,1,False,False,94,False,True,,,,,,,,,,,
1307,9149.0,9157.045416074357,9170.2454130226,0,13.199996948242188,21.245413022599678,9177.0,False,2,1,False,accurate,0,0,False,False,92,False,True,,,,,,,,,,,
1308,9156.0,9170.2454130226,9172.84541149672,0,2.5999984741210938,16.84541149672077,9184.0,False,3,2,False,fast,0,0,False,False,91,False,True,,,,,,,,,,,
1311,9177.0,9177.0,9189.600002288818,0,12.60000228881836,12.60000228881836,9205.0,False,1,0,False,accurate,0,0,False,False,88,False,True,,,,,,,,,,,
1313,9191.0,9191.0,9203.29999923706,0,12.299999237060547,12.299999237060547,9219.0,False,1,0,False,accurate,1,1,False,False,86,False,True,,,,,,,,,,,
1314,9198.0,9203.29999923706,9223.999996185303,0,20.699996948242188,25.999996185302734,9226.0,False,2,1,False,accurate,1,1,False,False,85,False,True,,,,,,,,,,,
1317,9219.0,9223.999996185303,9237.099998474121,0,13.10000228881836,18.099998474121094,9247.0,False,2,1,False,accurate,0,0,False,False,82,False,True,,,,,,,,,,,
1320,9240.0,9240.0,9252.400001525879,0,12.400001525878906,12.400001525878906,9268.0,False,1,0,False,accurate,0,0,False,False,79,False,True,,,,,,,,,,,
1322,9254.0,9254.0,9267.999996185303,0,13.999996185302734,13.999996185302734,9282.0,False,1,0,False,accurate,0,0,False,False,77,False,True,,,,,,,,,,,
1324,9268.0,9268.0,9279.79999923706,0,11.799999237060547,11.799999237060547,9296.0,False,1,0,False,accurate,0,0,False,False,75,False,True,,,,,,,,,,,
1328,9296.0,9296.0,9307.599998474121,0,11.599998474121094,11.599998474121094,9324.0,False,1,0,False,accurate,0,0,False,False,71,False,True,,,,,,,,,,,
1329,9303.0,9307.599998474121,9318.599998474121,0,11.0,15.599998474121094,9331.0,False,2,1,False,accurate,0,0,False,False,70,False,True,,,,,,,,,,,
1331,9317.0,9318.599998474121,9332.29999923706,0,13.700000762939453,15.299999237060547,9345.0,False,2,1,False,accurate,0,0,False,False,68,False,True,,,,,,,,,,,
1333,9331.0,9332.29999923706,9345.29999923706,0,13.0,14.299999237060547,9359.0,False,2,1,False,accurate,0,0,False,False,66,False,True,,,,,,,,,,,
1335,9345.0,9345.29999923706,9358.199996948242,0,12.89999771118164,13.199996948242188,9373.0,False,2,1,False,accurate,1,1,False,False,64,False,True,,,,,,,,,,,
1336,9352.0,9358.199996948242,9377.099998474121,0,18.900001525878906,25.099998474121094,9380.0,False,2,1,False,accurate,1,1,False,False,63,False,True,,,,,,,,,,,
1339,9373.0,9377.099998474121,9388.599994659424,0,11.499996185302734,15.599994659423828,9401.0,False,2,1,False,accurate,0,0,False,False,60,False,True,,,,,,,,,,,
1344,9408.0,9408.0,9424.599998474121,0,16.599998474121094,16.599998474121094,9436.0,False,1,0,False,accurate,0,0,False,False,55,False,True,,,,,,,,,,,
1347,9429.0,9429.0,9443.899997711182,0,14.89999771118164,14.89999771118164,9457.0,False,1,0,False,accurate,0,0,False,False,52,False,True,,,,,,,,,,,
1349,9443.0,9443.899997711182,9458.099994659424,0,14.199996948242188,15.099994659423828,9471.0,False,2,1,False,accurate,0,0,False,False,50,False,True,,,,,,,,,,,
1351,9457.0,9458.099994659424,9471.599994659424,0,13.5,14.599994659423828,9485.0,False,2,1,False,accurate,1,1,False,False,48,False,True,,,,,,,,,,,
1352,9464.0,9471.599994659424,9483.799995422363,0,12.200000762939453,19.79999542236328,9492.0,False,2,1,False,accurate,0,0,False,False,47,False,True,,,,,,,,,,,
1357,9499.0,9499.0,9511.199996948242,0,12.199996948242188,12.199996948242188,9527.0,False,1,0,False,accurate,0,0,False,False,42,False,True,,,,,,,,,,,
1362,9534.0,9534.0,9553.29999923706,0,19.299999237060547,19.299999237060547,9562.0,False,1,0,False,accurate,1,1,False,False,37,False,True,,,,,,,,,,,
1368,9576.0,9576.0,9590.399997711182,0,14.39999771118164,14.39999771118164,9604.0,False,1,0,False,accurate,0,0,False,False,31,False,True,,,,,,,,,,,
1371,9597.0,9597.0,9609.5,0,12.5,12.5,9625.0,False,1,0,False,accurate,0,0,False,False,28,False,True,,,,,,,,,,,
1372,9604.0,9609.5,9623.400001525879,0,13.900001525878906,19.400001525878906,9632.0,False,2,1,False,accurate,0,0,False,False,27,False,True,,,,,,,,,,,
1377,9639.0,9639.0,9653.100002288818,0,14.10000228881836,14.10000228881836,9667.0,False,1,0,False,accurate,0,0,False,False,22,False,True,,,,,,,,,,,
1379,9653.0,9653.100002288818,9665.5,0,12.39999771118164,12.5,9681.0,False,2,1,False,accurate,0,0,False,False,20,False,True,,,,,,,,,,,
1382,9674.0,9674.0,9689.300003051758,0,15.300003051757812,15.300003051757812,9702.0,False,1,0,False,accurate,1,1,False,False,17,False,True,,,,,,,,,,,
1383,9681.0,9689.300003051758,9702.20000076294,0,12.89999771118164,21.200000762939453,9709.0,False,2,1,False,accurate,0,0,False,False,16,False,True,,,,,,,,,,,
1385,9695.0,9702.20000076294,9714.600002288818,0,12.400001525878906,19.60000228881836,9723.0,False,2,1,False,accurate,0,0,False,False,14,False,True,,,,,,,,,,,
1386,9702.0,9714.600002288818,9717.400001525879,0,2.799999237060547,15.400001525878906,9730.0,False,3,2,False,fast,0,0,False,False,13,False,True,,,,,,,,,,,
1395,9765.0,9765.0,9777.100002288818,0,12.10000228881836,12.10000228881836,9793.0,False,1,0,False,accurate,1,1,False,False,4,False,True,,,,,,,,,,,
1396,9772.0,9777.100002288818,9789.300006866455,0,12.200004577636719,17.300006866455078,9800.0,False,2,1,False,accurate,0,0,False,False,3,False,True,,,,,,,,,,,
1406,9842.0,9842.0,9855.400001525879,0,13.400001525878906,13.400001525878906,9870.0,False,1,0,False,accurate,0,0,False,False,93,False,True,,,,,,,,,,,
1408,9856.0,9856.0,9872.29999923706,0,16.299999237060547,16.299999237060547,9884.0,False,1,0,False,accurate,0,0,False,False,91,False,True,,,,,,,,,,,
1411,9877.0,9877.0,9890.79999923706,0,13.799999237060547,13.799999237060547,9905.0,False,1,0,False,accurate,0,0,False,False,88,False,True,,,,,,,,,,,
1413,9891.0,9891.0,9905.899997711182,0,14.89999771118164,14.89999771118164,9919.0,False,1,0,False,accurate,0,0,False,False,86,False,True,,,,,,,,,,,
1415,9905.0,9905.899997711182,9922.399997711182,0,16.5,17.39999771118164,9933.0,False,2,1,False,accurate,0,0,False,False,84,False,True,,,,,,,,,,,
1417,9919.0,9922.399997711182,9935.299995422363,0,12.89999771118164,16.29999542236328,9947.0,False,2,1,False,accurate,0,0,False,False,82,False,True,,,,,,,,,,,
1419,9933.0,9935.299995422363,9954.399993896484,0,19.099998474121094,21.399993896484375,9961.0,False,2,1,False,accurate,1,1,False,False,80,False,True,,,,,,,,,,,
1426,9982.0,9982.0,9994.500003814697,0,12.500003814697266,12.500003814697266,10010.0,False,1,0,False,accurate,0,0,False,False,73,False,True,,,,,,,,,,,
1427,9989.0,9994.500003814697,10011.800003051758,0,17.299999237060547,22.800003051757812,10017.0,False,2,1,False,accurate,1,0,True,False,72,False,True,,,,,,,,,,,
1429,10003.0,10011.800003051758,10014.500007629395,0,2.7000045776367188,11.500007629394531,10031.0,False,2,1,False,fast,0,0,False,False,70,False,True,,,,,,,,,,,
1431,10017.0,10017.0,10036.900001525879,0,19.900001525878906,19.900001525878906,10045.0,False,1,0,False,accurate,0,0,False,False,68,False,True,,,,,,,,,,,
1432,10024.0,10036.900001525879,10039.79999923706,0,2.8999977111816406,15.799999237060547,10052.0,False,2,1,False,fast,0,0,False,False,67,False,True,,,,,,,,,,,
1433,10031.0,10039.79999923706,10042.5,0,2.700000762939453,11.5,10059.0,False,3,2,False,fast,0,1,True,False,66,False,True,,,,,,,,,,,
1439,10073.0,10073.0,10085.699996948242,0,12.699996948242188,12.699996948242188,10101.0,False,1,0,False,accurate,0,0,False,False,60,False,True,,,,,,,,,,,
1440,10080.0,10085.699996948242,10089.059996032714,0,3.359999084472656,9.05999603271448,10108.0,False,2,1,False,fast,0,1,True,False,59,False,True,,,,,,,,,,,
1441,10087.0,10089.059996032714,10111.61624584496,0,22.55624981224537,24.61624584495985,10115.0,False,2,1,False,accurate,0,0,False,False,58,False,True,,,,,,,,,,,
1442,10094.0,10111.61624584496,10115.047909814715,0,3.4316639697551636,21.04790981471524,10122.0,False,2,1,False,fast,0,0,False,False,57,False,True,,,,,,,,,,,
1443,10101.0,10115.047909814715,10118.220410711168,0,3.1725008964538577,17.22041071116837,10129.0,False,3,2,False,fast,0,0,False,False,56,False,True,,,,,,,,,,,
1446,10122.0,10122.0,10138.469998836517,0,16.469998836517334,16.469998836517334,10150.0,False,1,0,False,accurate,0,0,False,False,53,False,True,,,,,,,,,,,
1447,10129.0,10138.469998836517,10141.55249969681,0,3.082500860293703,12.552499696810628,10157.0,False,2,1,False,fast,0,0,False,False,52,False,True,,,,,,,,,,,
1448,10136.0,10141.55249969681,10144.612500572204,0,3.0600008753935524,8.612500572204226,10164.0,False,3,2,False,fast,0,1,True,False,51,False,True,,,,,,,,,,,
1451,10157.0,10157.0,10174.23958350718,0,17.239583507180214,17.239583507180214,10185.0,False,1,0,False,accurate,0,0,False,False,48,False,True,,,,,,,,,,,
1453,10171.0,10174.23958350718,10190.882086617947,0,16.642503110766427,19.882086617946698,10199.0,False,2,1,False,accurate,0,0,False,False,46,False,True,,,,,,,,,,,
1454,10178.0,10190.882086617947,10194.240414159496,0,3.358327541550011,16.24041415949614,10206.0,False,2,1,False,fast,0,0,False,False,45,False,True,,,,,,,,,,,
1456,10192.0,10194.240414159496,10212.123747593661,0,17.883333434164527,20.123747593661392,10220.0,False,2,1,False,accurate,0,0,False,False,43,False,True,,,,,,,,,,,
1457,10199.0,10212.123747593661,10214.98124435852,0,2.8574967648585696,15.981244358519689,10227.0,False,2,1,False,fast,0,1,True,False,42,False,True,,,,,,,,,,,
1459,10213.0,10214.98124435852,10240.647912695706,0,25.66666833718617,27.6479126957056,10241.0,False,2,1,False,accurate,0,0,False,False,40,False,True,,,,,,,,,,,
1464,10248.0,10248.0,10259.700004577637,0,11.700004577636719,11.700004577636719,10276.0,False,1,0,False,accurate,0,0,False,False,35,False,True,,,,,,,,,,,
1466,10262.0,10262.0,10274.899997711182,0,12.89999771118164,12.89999771118164,10290.0,False,1,0,False,accurate,1,1,False,False,33,False,True,,,,,,,,,,,
1471,10297.0,10297.0,10310.100002288818,0,13.10000228881836,13.10000228881836,10325.0,False,1,0,False,accurate,0,0,False,False,28,False,True,,,,,,,,,,,
1474,10318.0,10318.0,10329.400001525879,0,11.400001525878906,11.400001525878906,10346.0,False,1,0,False,accurate,0,0,False,False,25,False,True,,,,,,,,,,,
1476,10332.0,10332.0,10343.400001525879,0,11.400001525878906,11.400001525878906,10360.0,False,1,0,False,accurate,1,1,False,False,23,False,True,,,,,,,,,,,
1479,10353.0,10353.0,10365.29999923706,0,12.299999237060547,12.299999237060547,10381.0,False,1,0,False,accurate,0,0,False,False,20,False,True,,,,,,,,,,,
1487,10409.0,10409.0,10421.29999923706,0,12.299999237060547,12.299999237060547,10437.0,False,1,0,False,accurate,0,0,False,False,12,False,True,,,,,,,,,,,
1491,10437.0,10437.0,10447.70000076294,0,10.700000762939453,10.700000762939453,10465.0,False,1,0,False,accurate,0,0,False,False,8,False,True,,,,,,,,,,,
1492,10444.0,10447.70000076294,10465.399997711182,0,17.699996948242188,21.39999771118164,10472.0,False,2,1,False,accurate,1,1,False,False,7,False,True,,,,,,,,,,,
1496,10472.0,10472.0,10485.499996185303,0,13.499996185302734,13.499996185302734,10500.0,False,1,0,False,accurate,0,0,False,False,3,False,True,,,,,,,,,,,
1497,10479.0,10485.499996185303,10501.599994659424,0,16.099998474121094,22.599994659423828,10507.0,False,2,1,False,accurate,0,0,False,False,2,True,True,,,,,,,,,,,
1499,10493.0,10501.599994659424,10515.699996948242,0,14.10000228881836,22.699996948242188,10521.0,False,2,1,False,accurate,1,1,False,True,0,True,True,,,,,,,,,,,
1501,10507.0,10515.699996948242,10529.799995422363,0,14.099998474121094,22.79999542236328,10535.0,False,2,1,False,accurate,0,0,False,False,98,False,True,,,,,,,,,,,
1503,10521.0,10529.799995422363,10547.999996185303,0,18.200000762939453,26.999996185302734,10549.0,False,2,1,False,accurate,1,1,False,False,96,False,True,,,,,,,,,,,
1505,10535.0,10547.999996185303,10560.199993133545,0,12.199996948242188,25.199993133544922,10563.0,False,2,1,False,accurate,0,0,False,False,94,False,True,,,,,,,,,,,
1509,10563.0,10563.0,10584.5,0,21.5,21.5,10591.0,False,1,0,False,accurate,1,1,False,False,90,False,True,,,,,,,,,,,
1510,10570.0,10584.5,10587.300003051758,0,2.8000030517578125,17.300003051757812,10598.0,False,2,1,False,fast,0,0,False,False,89,False,True,,,,,,,,,,,
1513,10591.0,10591.0,10604.199996948242,0,13.199996948242188,13.199996948242188,10619.0,False,1,0,False,accurate,0,0,False,False,86,False,True,,,,,,,,,,,
1519,10633.0,10633.0,10648.79999923706,0,15.799999237060547,15.799999237060547,10661.0,False,1,0,False,accurate,0,0,False,False,80,False,True,,,,,,,,,,,
1522,10654.0,10654.0,10664.699996948242,0,10.699996948242188,10.699996948242188,10682.0,False,1,0,False,accurate,1,1,False,False,77,False,True,,,,,,,,,,,
1525,10675.0,10675.0,10688.000003814697,0,13.000003814697266,13.000003814697266,10703.0,False,1,0,False,accurate,1,1,False,False,74,False,True,,,,,,,,,,,
1530,10710.0,10710.0,10724.000003814697,0,14.000003814697266,14.000003814697266,10738.0,False,1,0,False,accurate,0,0,False,False,69,False,True,,,,,,,,,,,
1531,10717.0,10724.000003814697,10735.700004577637,0,11.700000762939453,18.70000457763672,10745.0,False,2,1,False,accurate,0,0,False,False,68,False,True,,,,,,,,,,,
1537,10759.0,10759.0,10770.099998474121,0,11.099998474121094,11.099998474121094,10787.0,False,1,0,False,accurate,0,0,False,False,62,False,True,,,,,,,,,,,
1540,10780.0,10780.0,10793.899997711182,0,13.89999771118164,13.89999771118164,10808.0,False,1,0,False,accurate,0,0,False,False,59,False,True,,,,,,,,,,,
1541,10787.0,10793.899997711182,10805.5,0,11.60000228881836,18.5,10815.0,False,2,1,False,accurate,1,1,False,False,58,False,True,,,,,,,,,,,
1547,10829.0,10829.0,10842.79999923706,0,13.799999237060547,13.799999237060547,10857.0,False,1,0,False,accurate,0,0,False,False,52,False,True,,,,,,,,,,,
1550,10850.0,10850.0,10861.0,0,11.0,11.0,10878.0,False,1,0,False,accurate,0,0,False,False,49,False,True,,,,,,,,,,,
1554,10878.0,10878.0,10891.29999923706,0,13.299999237060547,13.299999237060547,10906.0,False,1,0,False,accurate,0,0,False,False,45,False,True,,,,,,,,,,,
1555,10885.0,10891.29999923706,10905.999996185303,0,14.699996948242188,20.999996185302734,10913.0,False,2,1,False,accurate,1,1,False,False,44,False,True,,,,,,,,,,,
1556,10892.0,10905.999996185303,10919.099994659424,0,13.099998474121094,27.099994659423828,10920.0,False,2,1,False,accurate,0,0,False,False,43,False,True,,,,,,,,,,,
1560,10920.0,10920.0,10933.699996948242,0,13.699996948242188,13.699996948242188,10948.0,False,1,0,False,accurate,0,0,False,False,39,False,True,,,,,,,,,,,
1562,10934.0,10934.0,10947.79999923706,0,13.799999237060547,13.799999237060547,10962.0,False,1,0,False,accurate,0,0,False,False,37,False,True,,,,,,,,,,,
1565,10955.0,10955.0,10968.0,0,13.0,13.0,10983.0,False,1,0,False,accurate,0,0,False,False,34,False,True,,,,,,,,,,,
1566,10962.0,10968.0,10979.29999923706,0,11.299999237060547,17.299999237060547,10990.0,False,2,1,False,accurate,0,0,False,False,33,False,True,,,,,,,,,,,
1569,10983.0,10983.0,11000.400001525879,0,17.400001525878906,17.400001525878906,11011.0,False,1,0,False,accurate,1,1,False,False,30,False,True,,,,,,,,,,,
1575,11025.0,11025.0,11039.70000076294,0,14.700000762939453,14.700000762939453,11053.0,False,1,0,False,accurate,0,0,False,False,24,False,True,,,,,,,,,,,
1577,11039.0,11039.70000076294,11057.000003814697,0,17.300003051757812,18.000003814697266,11067.0,False,2,1,False,accurate,0,0,False,False,22,False,True,,,,,,,,,,,
1578,11046.0,11057.000003814697,11070.800003051758,0,13.799999237060547,24.800003051757812,11074.0,False,2,1,False,accurate,0,0,False,False,21,False,True,,,,,,,,,,,
1582,11074.0,11074.0,11088.300003051758,0,14.300003051757812,14.300003051757812,11102.0,False,1,0,False,accurate,0,0,False,False,17,False,True,,,,,,,,,,,
1583,11081.0,11088.300003051758,11101.100002288818,0,12.799999237060547,20.10000228881836,11109.0,False,2,1,False,accurate,0,0,False,False,16,False,True,,,,,,,,,,,
1587,11109.0,11109.0,11122.399997711182,0,13.39999771118164,13.39999771118164,11137.0,False,1,0,False,accurate,0,0,False,False,12,False,True,,,,,,,,,,,
1588,11116.0,11122.399997711182,11136.999996185303,0,14.599998474121094,20.999996185302734,11144.0,False,2,1,False,accurate,1,1,False,False,11,False,True,,,,,,,,,,,
1590,11130.0,11136.999996185303,11153.899997711182,0,16.900001525878906,23.89999771118164,11158.0,False,2,1,False,accurate,1,1,False,False,9,False,True,,,,,,,,,,,
1596,11172.0,11172.0,11187.899997711182,0,15.89999771118164,15.89999771118164,11200.0,False,1,0,False,accurate,0,0,False,False,3,False,True,,,,,,,,,,,
1598,11186.0,11187.899997711182,11199.70000076294,0,11.800003051757812,13.700000762939453,11214.0,False,2,1,False,accurate,0,0,False,False,1,True,True,,,,,,,,,,,
1599,11193.0,11199.70000076294,11211.600002288818,0,11.900001525878906,18.60000228881836,11221.0,False,2,1,False,accurate,1,1,False,True,0,True,True,,,,,,,,,,,
1602,11214.0,11214.0,11234.356669344108,0,20.35666934410733,20.356669344108013,11242.0,False,1,0,False,accurate,0,0,False,False,97,False,True,,,,,,,,,,,
1608,11256.0,11256.0,11277.120002438227,0,21.120002438227356,21.120002438226948,11284.0,False,1,0,False,accurate,1,1,False,False,91,False,True,,,,,,,,,,,
1610,11270.0,11277.120002438227,11296.41416998883,0,19.29416755060354,26.4141699888296,11298.0,False,2,1,False,accurate,0,0,False,False,89,False,True,,,,,,,,,,,
1611,11277.0,11296.41416998883,11299.40667084515,0,2.9925008563200666,22.406670845150074,11305.0,False,3,2,False,fast,0,0,False,False,88,False,True,,,,,,,,,,,
1612,11284.0,11299.40667084515,11302.376671684384,0,2.9700008392333985,18.376671684383837,11312.0,False,3,2,False,fast,0,0,False,False,87,False,True,,,,,,,,,,,
1617,11319.0,11319.0,11332.36625267893,0,13.366252678930742,13.366252678930323,11347.0,False,1,0,False,accurate,0,0,False,False,82,False,True,,,,,,,,,,,
1619,11333.0,11333.0,11356.031252552719,0,23.031252552717913,23.031252552718797,11361.0,False,1,0,False,accurate,1,1,False,False,80,False,True,,,,,,,,,,,
1620,11340.0,11356.031252552719,11358.71792158708,0,2.6866690343618416,18.717921587080127,11368.0,False,2,1,False,fast,0,0,False,False,79,False,True,,,,,,,,,,,
1626,11382.0,11382.0,11397.70000076294,0,15.700000762939453,15.700000762939453,11410.0,False,1,0,False,accurate,0,0,False,False,73,False,True,,,,,,,,,,,
1631,11417.0,11417.0,11430.199996948242,0,13.199996948242188,13.199996948242188,11445.0,False,1,0,False,accurate,1,1,False,False,68,False,True,,,,,,,,,,,
1633,11431.0,11431.0,11445.699996948242,0,14.699996948242188,14.699996948242188,11459.0,False,1,0,False,accurate,1,1,False,False,66,False,True,,,,,,,,,,,
1634,11438.0,11445.699996948242,11458.399997711182,0,12.700000762939453,20.39999771118164,11466.0,False,2,1,False,accurate,0,0,False,False,65,False,True,,,,,,,,,,,
1636,11452.0,11458.399997711182,11470.699996948242,0,12.299999237060547,18.699996948242188,11480.0,False,2,1,False,accurate,0,0,False,False,63,False,True,,,,,,,,,,,
1639,11473.0,11473.0,11488.29999923706,0,15.299999237060547,15.299999237060547,11501.0,False,1,0,False,accurate,0,0,False,False,60,False,True,,,,,,,,,,,
1643,11501.0,11501.0,11513.5,0,12.5,12.5,11529.0,False,1,0,False,accurate,0,0,False,False,56,False,True,,,,,,,,,,,
1649,11543.0,11543.0,11554.20000076294,0,11.200000762939453,11.200000762939453,11571.0,False,1,0,False,accurate,0,0,False,False,50,False,True,,,,,,,,,,,
1652,11564.0,11564.0,11577.199996948242,0,13.199996948242188,13.199996948242188,11592.0,False,1,0,False,accurate,1,1,False,False,47,False,True,,,,,,,,,,,
1653,11571.0,11577.199996948242,11591.999996185303,0,14.799999237060547,20.999996185302734,11599.0,False,2,1,False,accurate,0,0,False,False,46,False,True,,,,,,,,,,,
1656,11592.0,11592.0,11604.699996948242,0,12.699996948242188,12.699996948242188,11620.0,False,1,0,False,accurate,0,0,False,False,43,False,True,,,,,,,,,,,
1657,11599.0,11604.699996948242,11620.499996185303,0,15.799999237060547,21.499996185302734,11627.0,False,2,1,False,accurate,0,0,False,False,42,False,True,,,,,,,,,,,
1658,11606.0,11620.499996185303,11623.199993133545,0,2.6999969482421875,17.199993133544922,11634.0,False,2,1,False,fast,0,0,False,False,41,False,True,,,,,,,,,,,
1659,11613.0,11623.199993133545,11637.099990844727,0,13.89999771118164,24.099990844726562,11641.0,False,3,2,False,accurate,0,0,False,False,40,False,True,,,,,,,,,,,
1661,11627.0,11637.099990844727,11652.199989318848,0,15.099998474121094,25.199989318847656,11655.0,False,2,1,False,accurate,0,0,False,False,38,False,True,,,,,,,,,,,
1662,11634.0,11652.199989318848,11654.899990081787,0,2.700000762939453,20.89999008178711,11662.0,False,3,2,False,fast,0,0,False,False,37,False,True,,,,,,,,,,,
1663,11641.0,11654.899990081787,11657.499992370605,0,2.6000022888183594,16.49999237060547,11669.0,False,3,2,False,fast,0,0,False,False,36,False,True,,,,,,,,,,,
1670,11690.0,11690.0,11703.999996185303,0,13.999996185302734,13.999996185302734,11718.0,False,1,0,False,accurate,1,1,False,False,29,False,True,,,,,,,,,,,
1673,11711.0,11711.0,11722.399997711182,0,11.39999771118164,11.39999771118164,11739.0,False,1,0,False,accurate,0,0,False,False,26,False,True,,,,,,,,,,,
1675,11725.0,11725.0,11736.79999923706,0,11.799999237060547,11.799999237060547,11753.0,False,1,0,False,accurate,0,0,False,False,24,False,True,,,,,,,,,,,
1680,11760.0,11760.0,11772.5,0,12.5,12.5,11788.0,False,1,0,False,accurate,0,0,False,False,19,False,True,,,,,,,,,,,
1681,11767.0,11772.5,11784.899997711182,0,12.39999771118164,17.89999771118164,11795.0,False,2,1,False,accurate,0,0,False,False,18,False,True,,,,,,,,,,,
1682,11774.0,11784.899997711182,11797.20000076294,0,12.300003051757812,23.200000762939453,11802.0,False,2,1,False,accurate,0,0,False,False,17,False,True,,,,,,,,,,,
1683,11781.0,11797.20000076294,11799.899997711182,0,2.6999969482421875,18.89999771118164,11809.0,False,3,2,False,fast,0,0,False,False,16,False,True,,,,,,,,,,,
1686,11802.0,11802.0,11817.600002288818,0,15.60000228881836,15.60000228881836,11830.0,False,1,0,False,accurate,0,0,False,False,13,False,True,,,,,,,,,,,
1690,11830.0,11830.0,11841.5,0,11.5,11.5,11858.0,False,1,0,False,accurate,0,0,False,False,9,False,True,,,,,,,,,,,
1693,11851.0,11851.0,11862.29999923706,0,11.299999237060547,11.299999237060547,11879.0,False,1,0,False,accurate,1,1,False,False,6,False,True,,,,,,,,,,,
1694,11858.0,11862.29999923706,11876.900001525879,0,14.60000228881836,18.900001525878906,11886.0,False,2,1,False,accurate,1,1,False,False,5,False,True,,,,,,,,,,,
1696,11872.0,11876.900001525879,11894.600002288818,0,17.700000762939453,22.60000228881836,11900.0,False,2,1,False,accurate,1,1,False,False,3,False,True,,,,,,,,,,,
1697,11879.0,11894.600002288818,11897.70000076294,0,3.0999984741210938,18.700000762939453,11907.0,False,2,1,False,fast,0,0,False,False,2,True,True,,,,,,,,,,,
1701,11907.0,11907.0,11925.599998474121,0,18.599998474121094,18.599998474121094,11935.0,False,1,0,False,accurate,0,0,False,False,98,False,True,,,,,,,,,,,
1702,11914.0,11925.599998474121,11940.0,0,14.400001525878906,26.0,11942.0,False,2,1,False,accurate,0,0,False,False,97,False,True,,,,,,,,,,,
1703,11921.0,11940.0,11943.0,0,3.0,22.0,11949.0,False,3,2,False,fast,0,1,True,False,96,False,True,,,,,,,,,,,
1704,11928.0,11943.0,11961.899997711182,0,18.89999771118164,33.89999771118164,11956.0,True,3,2,False,fast,0,0,False,False,95,False,False,,,,,,,,,,,
1710,11970.0,11970.0,11982.5,0,12.5,12.5,11998.0,False,1,0,False,accurate,0,0,False,False,89,False,True,,,,,,,,,,,
1711,11977.0,11982.5,11998.20000076294,0,15.700000762939453,21.200000762939453,12005.0,False,2,1,False,accurate,1,1,False,False,88,False,True,,,,,,,,,,,
1713,11991.0,11998.20000076294,12001.400001525879,0,3.200000762939453,10.400001525878906,12019.0,False,2,1,False,fast,0,1,True,False,86,False,True,,,,,,,,,,,
1714,11998.0,12001.400001525879,12025.300003051758,0,23.900001525878906,27.300003051757812,12026.0,False,3,2,False,accurate,0,0,False,False,85,False,True,,,,,,,,,,,
1719,12033.0,12033.0,12049.29999923706,0,16.299999237060547,16.299999237060547,12061.0,False,1,0,False,accurate,0,0,False,False,80,False,True,,,,,,,,,,,
1721,12047.0,12049.29999923706,12060.000003814697,0,10.700004577636719,13.000003814697266,12075.0,False,2,1,False,accurate,1,1,False,False,78,False,True,,,,,,,,,,,
1722,12054.0,12060.000003814697,12075.500007629395,0,15.500003814697266,21.50000762939453,12082.0,False,2,1,False,accurate,1,1,False,False,77,False,True,,,,,,,,,,,
1724,12068.0,12075.500007629395,12089.700008392334,0,14.200000762939453,21.700008392333984,12096.0,False,2,1,False,accurate,0,0,False,False,75,False,True,,,,,,,,,,,
1729,12103.0,12103.0,12119.5,0,16.5,16.5,12131.0,False,1,0,False,accurate,0,0,False,False,70,False,True,,,,,,,,,,,
1730,12110.0,12119.5,12130.5,0,11.0,20.5,12138.0,False,2,1,False,accurate,0,0,False,False,69,False,True,,,,,,,,,,,
1732,12124.0,12130.5,12144.79999923706,0,14.299999237060547,20.799999237060547,12152.0,False,2,1,False,accurate,0,0,False,False,67,False,True,,,,,,,,,,,
1734,12138.0,12144.79999923706,12158.400001525879,0,13.60000228881836,20.400001525878906,12166.0,False,2,1,False,accurate,0,0,False,False,65,False,True,,,,,,,,,,,
1735,12145.0,12158.400001525879,12172.5,0,14.099998474121094,27.5,12173.0,False,2,1,False,accurate,0,0,False,False,64,False,True,,,,,,,,,,,
1737,12159.0,12172.5,12184.79999923706,0,12.299999237060547,25.799999237060547,12187.0,False,2,1,False,accurate,0,0,False,False,62,False,True,,,,,,,,,,,
1740,12180.0,12184.79999923706,12197.20000076294,0,12.400001525878906,17.200000762939453,12208.0,False,2,1,False,accurate,0,0,False,False,59,False,True,,,,,,,,,,,
1742,12194.0,12197.20000076294,12210.800003051758,0,13.60000228881836,16.800003051757812,12222.0,False,2,1,False,accurate,0,0,False,False,57,False,True,,,,,,,,,,,
1749,12243.0,12243.0,12255.800003051758,0,12.800003051757812,12.800003051757812,12271.0,False,1,0,False,accurate,0,0,False,False,50,False,True,,,,,,,,,,,
1750,12250.0,12255.800003051758,12271.300003051758,0,15.5,21.300003051757812,12278.0,False,2,1,False,accurate,1,1,False,False,49,False,True,,,,,,,,,,,
1753,12271.0,12271.300003051758,12284.500007629395,0,13.200004577636719,13.500007629394531,12299.0,False,2,1,False,accurate,0,0,False,False,46,False,True,,,,,,,,,,,
1754,12278.0,12284.500007629395,12298.200012207031,0,13.700004577636719,20.20001220703125,12306.0,False,2,1,False,accurate,1,1,False,False,45,False,True,,,,,,,,,,,
1759,12313.0,12313.0,12340.299995422363,0,27.29999542236328,27.29999542236328,12341.0,False,1,0,False,accurate,0,0,False,False,40,False,True,,,,,,,,,,,
1760,12320.0,12340.299995422363,12343.779997253418,0,3.4800018310546874,23.779997253417605,12348.0,False,2,1,False,fast,0,0,False,False,39,False,True,,,,,,,,,,,
1761,12327.0,12343.779997253418,12347.116662999788,0,3.3366657463709544,20.116662999787877,12355.0,False,3,2,False,fast,0,0,False,False,38,False,True,,,,,,,,,,,
1771,12397.0,12397.0,12414.3775033319,0,17.377503331899675,17.37750333189979,12425.0,False,1,0,False,accurate,0,0,False,False,28,False,True,,,,,,,,,,,
1772,12404.0,12414.3775033319,12417.457502492667,0,3.0799991607666017,13.457502492667118,12432.0,False,2,1,False,fast,0,0,False,False,27,False,True,,,,,,,,,,,
1774,12418.0,12418.0,12439.700003825028,0,21.700003825028716,21.700003825028034,12446.0,False,1,0,False,accurate,1,1,False,False,25,False,True,,,,,,,,,,,
1775,12425.0,12439.700003825028,12442.710007105668,0,3.010003280639648,17.71000710566841,12453.0,False,2,1,False,fast,0,0,False,False,24,False,True,,,,,,,,,,,
1776,12432.0,12442.710007105668,12445.696672964095,0,2.986665858427682,13.696672964095342,12460.0,False,3,2,False,fast,0,0,False,False,23,False,True,,,,,,,,,,,
1779,12453.0,12453.0,12467.437498207788,0,14.437498207787677,14.43749820778794,12481.0,False,1,0,False,accurate,0,0,False,False,20,False,True,,,,,,,,,,,
1780,12460.0,12467.437498207788,12470.434166454077,0,2.996668246289096,10.434166454077058,12488.0,False,2,1,False,fast,0,0,False,False,19,False,True,,,,,,,,,,,
1782,12474.0,12474.0,12487.546665881475,0,13.54666588147481,13.546665881474837,12502.0,False,1,0,False,accurate,0,0,False,False,17,False,True,,,,,,,,,,,
1783,12481.0,12487.546665881475,12506.997913542327,0,19.451247660852967,25.997913542327296,12509.0,False,2,1,False,accurate,0,0,False,False,16,False,True,,,,,,,,,,,
1785,12495.0,12506.997913542327,12509.897911253509,0,2.8999977111816406,14.897911253508937,12523.0,False,2,1,False,fast,0,0,False,False,14,False,True,,,,,,,,,,,
1786,12502.0,12509.897911253509,12522.797912779388,0,12.900001525878906,20.797912779387843,12530.0,False,3,2,False,accurate,0,0,False,False,13,False,True,,,,,,,,,,,
1790,12530.0,12530.0,12545.599998474121,0,15.599998474121094,15.599998474121094,12558.0,False,1,0,False,accurate,0,0,False,False,9,False,True,,,,,,,,,,,
1792,12544.0,12545.599998474121,12559.099998474121,0,13.5,15.099998474121094,12572.0,False,2,1,False,accurate,0,0,False,False,7,False,True,,,,,,,,,,,
1794,12558.0,12559.099998474121,12577.099998474121,0,18.0,19.099998474121094,12586.0,False,2,1,False,accurate,0,0,False,False,5,False,True,,,,,,,,,,,
1798,12586.0,12586.0,12601.499996185303,0,15.499996185302734,15.499996185302734,12614.0,False,1,0,False,accurate,0,0,False,False,1,True,True,,,,,,,,,,,
1799,12593.0,12601.499996185303,12616.79999923706,0,15.300003051757812,23.799999237060547,12621.0,False,2,1,False,accurate,0,0,False,True,0,True,True,,,,,,,,,,,
1803,12621.0,12621.0,12634.0,0,13.0,13.0,12649.0,False,1,0,False,accurate,1,1,False,False,96,False,True,,,,,,,,,,,
1805,12635.0,12635.0,12647.399997711182,0,12.39999771118164,12.39999771118164,12663.0,False,1,0,False,accurate,0,0,False,False,94,False,True,,,,,,,,,,,
1812,12684.0,12684.0,12696.599998474121,0,12.599998474121094,12.599998474121094,12712.0,False,1,0,False,accurate,0,0,False,False,87,False,True,,,,,,,,,,,
1815,12705.0,12705.0,12719.20000076294,0,14.200000762939453,14.200000762939453,12733.0,False,1,0,False,accurate,0,0,False,False,84,False,True,,,,,,,,,,,
1816,12712.0,12719.20000076294,12731.800003051758,0,12.60000228881836,19.800003051757812,12740.0,False,2,1,False,accurate,0,0,False,False,83,False,True,,,,,,,,,,,
1817,12719.0,12731.800003051758,12734.600002288818,0,2.799999237060547,15.60000228881836,12747.0,False,3,2,False,fast,0,1,True,False,82,False,True,,,,,,,,,,,
1820,12740.0,12740.0,12753.5,0,13.5,13.5,12768.0,False,1,0,False,accurate,0,0,False,False,79,False,True,,,,,,,,,,,
1821,12747.0,12753.5,12765.899997711182,0,12.39999771118164,18.89999771118164,12775.0,False,2,1,False,accurate,1,1,False,False,78,False,True,,,,,,,,,,,
1825,12775.0,12775.0,12791.70000076294,0,16.700000762939453,16.700000762939453,12803.0,False,1,0,False,accurate,0,0,False,False,74,False,True,,,,,,,,,,,
1826,12782.0,12791.70000076294,12807.0,0,15.299999237060547,25.0,12810.0,False,2,1,False,accurate,1,1,False,False,73,False,True,,,,,,,,,,,
1828,12796.0,12807.0,12819.79999923706,0,12.799999237060547,23.799999237060547,12824.0,False,2,1,False,accurate,0,0,False,False,71,False,True,,,,,,,,,,,
1831,12817.0,12819.79999923706,12835.70000076294,0,15.900001525878906,18.700000762939453,12845.0,False,2,1,False,accurate,0,0,False,False,68,False,True,,,,,,,,,,,
1833,12831.0,12835.70000076294,12849.5,0,13.799999237060547,18.5,12859.0,False,2,1,False,accurate,0,0,False,False,66,False,True,,,,,,,,,,,
1834,12838.0,12849.5,12861.29999923706,0,11.799999237060547,23.299999237060547,12866.0,False,2,1,False,accurate,0,0,False,False,65,False,True,,,,,,,,,,,
1836,12852.0,12861.29999923706,12877.5,0,16.200000762939453,25.5,12880.0,False,2,1,False,accurate,0,0,False,False,63,False,True,,,,,,,,,,,
1837,12859.0,12877.5,12880.20000076294,0,2.700000762939453,21.200000762939453,12887.0,False,3,2,False,fast,0,1,True,False,62,False,True,,,,,,,,,,,
1838,12866.0,12880.20000076294,12893.5,0,13.299999237060547,27.5,12894.0,False,3,2,False,accurate,1,1,False,False,61,False,True,,,,,,,,,,,
1840,12880.0,12893.5,12907.29999923706,0,13.799999237060547,27.299999237060547,12908.0,False,3,2,False,fast,0,1,True,False,59,False,True,,,,,,,,,,,
1842,12894.0,12907.29999923706,12912.0,0,4.700000762939453,18.0,12922.0,False,2,1,False,fast,0,0,False,False,57,False,True,,,,,,,,,,,
1844,12908.0,12912.0,12926.200004577637,0,14.200004577636719,18.20000457763672,12936.0,False,2,1,False,accurate,0,0,False,False,55,False,True,,,,,,,,,,,
1849,12943.0,12943.0,12959.100002288818,0,16.10000228881836,16.10000228881836,12971.0,False,1,0,False,accurate,1,1,False,False,50,False,True,,,,,,,,,,,
1850,12950.0,12959.100002288818,12971.400001525879,0,12.299999237060547,21.400001525878906,12978.0,False,2,1,False,accurate,0,0,False,False,49,False,True,,,,,,,,,,,
1852,12964.0,12971.400001525879,12986.29999923706,0,14.89999771118164,22.299999237060547,12992.0,False,2,1,False,accurate,0,0,False,False,47,False,True,,,,,,,,,,,
1854,12978.0,12986.29999923706,13004.0,0,17.700000762939453,26.0,13006.0,False,2,1,False,accurate,0,0,False,False,45,False,True,,,,,,,,,,,
1857,12999.0,13004.0,13017.000003814697,0,13.000003814697266,18.000003814697266,13027.0,False,2,1,False,accurate,0,0,False,False,42,False,True,,,,,,,,,,,
1868,13076.0,13076.0,13090.100002288818,0,14.10000228881836,14.10000228881836,13104.0,False,1,0,False,accurate,0,0,False,False,31,False,True,,,,,,,,,,,
1872,13104.0,13104.0,13117.70000076294,0,13.700000762939453,13.700000762939453,13132.0,False,1,0,False,accurate,0,0,False,False,27,False,True,,,,,,,,,,,
1875,13125.0,13125.0,13142.099998474121,0,17.099998474121094,17.099998474121094,13153.0,False,1,0,False,accurate,0,0,False,False,24,False,True,,,,,,,,,,,
1882,13174.0,13174.0,13189.600002288818,0,15.60000228881836,15.60000228881836,13202.0,False,1,0,False,accurate,0,0,False,False,17,False,True,,,,,,,,,,,
1885,13195.0,13195.0,13209.5,0,14.5,14.5,13223.0,False,1,0,False,accurate,0,0,False,False,14,False,True,,,,,,,,,,,
1887,13209.0,13209.5,13225.29999923706,0,15.799999237060547,16.299999237060547,13237.0,False,2,1,False,accurate,0,0,False,False,12,False,True,,,,,,,,,,,
1890,13230.0,13230.0,13245.199996948242,0,15.199996948242188,15.199996948242188,13258.0,False,1,0,False,accurate,0,0,False,False,9,False,True,,,,,,,,,,,
1894,13258.0,13258.0,13274.400001525879,0,16.400001525878906,16.400001525878906,13286.0,False,1,0,False,accurate,1,1,False,False,5,False,True,,,,,,,,,,,
1901,13307.0,13307.0,13322.400001525879,0,15.400001525878906,15.400001525878906,13335.0,False,1,0,False,accurate,1,1,False,False,98,False,True,,,,,,,,,,,
1902,13314.0,13322.400001525879,13338.099998474121,0,15.699996948242188,24.099998474121094,13342.0,False,2,1,False,accurate,0,0,False,False,97,False,True,,,,,,,,,,,
1903,13321.0,13338.099998474121,13342.29999923706,0,4.200000762939453,21.299999237060547,13349.0,False,3,2,False,fast,0,0,False,False,96,False,True,,,,,,,,,,,
1904,13328.0,13342.29999923706,13346.800003051758,0,4.500003814697266,18.800003051757812,13356.0,False,3,2,False,fast,0,0,False,False,95,False,True,,,,,,,,,,,
1906,13342.0,13346.800003051758,13367.900005340576,0,21.10000228881836,25.900005340576172,13370.0,False,3,2,False,accurate,1,1,False,False,93,False,True,,,,,,,,,,,
1908,13356.0,13367.900005340576,13382.800003051758,0,14.89999771118164,26.800003051757812,13384.0,False,2,1,False,accurate,0,0,False,False,91,False,True,,,,,,,,,,,
1909,13363.0,13382.800003051758,13387.400005340576,0,4.600002288818359,24.400005340576172,13391.0,False,3,2,False,fast,0,0,False,False,90,False,True,,,,,,,,,,,
1910,13370.0,13387.400005340576,13392.000007629395,0,4.600002288818359,22.00000762939453,13398.0,False,3,2,False,fast,0,0,False,False,89,False,True,,,,,,,,,,,
1911,13377.0,13392.000007629395,13404.800010681152,0,12.800003051757812,27.800010681152344,13405.0,False,4,3,False,accurate,1,1,False,False,88,False,True,,,,,,,,,,,
1912,13384.0,13404.800010681152,13409.900009155273,0,5.099998474121094,25.900009155273438,13412.0,False,4,3,False,fast,0,0,False,False,87,False,True,,,,,,,,,,,
1913,13391.0,13409.900009155273,13415.000007629395,0,5.099998474121094,24.00000762939453,13419.0,False,4,3,False,fast,0,0,False,False,86,False,True,,,,,,,,,,,
1916,13412.0,13415.000007629395,13428.600009918213,0,13.60000228881836,16.60000991821289,13440.0,False,2,1,False,accurate,1,1,False,False,83,False,True,,,,,,,,,,,
1918,13426.0,13428.600009918213,13442.80001449585,0,14.200004577636719,16.80001449584961,13454.0,False,2,1,False,accurate,0,0,False,False,81,False,True,,,,,,,,,,,
1923,13461.0,13461.0,13486.8,0,25.799999999999997,25.799999999999272,13489.0,False,1,0,False,accurate,1,1,False,False,76,False,True,,,,,,,,,,,
1925,13475.0,13486.8,13493.170837773878,0,6.370837773879384,18.170837773877793,13503.0,False,2,1,False,fast,0,0,False,False,74,False,True,,,,,,,,,,,
1927,13489.0,13493.170837773878,13511.41999970595,0,18.249161932071093,22.41999970594952,13517.0,False,2,1,False,accurate,0,0,False,False,72,False,True,,,,,,,,,,,
1931,13517.0,13517.0,13536.170418964426,0,19.170418964425746,19.170418964426062,13545.0,False,1,0,False,accurate,0,0,False,False,68,False,True,,,,,,,,,,,
1932,13524.0,13536.170418964426,13552.560420642892,0,16.3900016784668,28.560420642892495,13552.0,True,2,1,False,fast,0,1,True,False,67,False,False,,,,,,,,,,,
1933,13531.0,13552.560420642892,13558.346248989503,0,5.78582834661006,27.346248989502783,13559.0,False,3,2,False,fast,0,0,False,False,66,False,True,,,,,,,,,,,
1939,13573.0,13573.0,13588.239582412889,0,15.239582412888607,15.239582412888922,13601.0,False,1,0,False,accurate,0,0,False,False,60,False,True,,,,,,,,,,,
1940,13580.0,13588.239582412889,13603.8729157949,0,15.633333382010461,23.87291579490011,13608.0,False,2,1,False,accurate,1,1,False,False,59,False,True,,,,,,,,,,,
1944,13608.0,13608.0,13623.200004577637,0,15.200004577636719,15.200004577636719,13636.0,False,1,0,False,accurate,0,0,False,False,55,False,True,,,,,,,,,,,
1945,13615.0,13623.200004577637,13637.300003051758,0,14.099998474121094,22.300003051757812,13643.0,False,2,1,False,accurate,0,0,False,False,54,False,True,,,,,,,,,,,
1947,13629.0,13637.300003051758,13648.100006103516,0,10.800003051757812,19.100006103515625,13657.0,False,2,1,False,accurate,0,0,False,False,52,False,True,,,,,,,,,,,
1948,13636.0,13648.100006103516,13662.000007629395,0,13.900001525878906,26.00000762939453,13664.0,False,3,2,False,accurate,0,0,False,False,51,False,True,,,,,,,,,,,
1951,13657.0,13662.000007629395,13674.400009155273,0,12.400001525878906,17.400009155273438,13685.0,False,2,1,False,accurate,1,1,False,False,48,False,True,,,,,,,,,,,
1954,13678.0,13678.0,13693.0,0,15.0,15.0,13706.0,False,1,0,False,accurate,1,1,False,False,45,False,True,,,,,,,,,,,
1955,13685.0,13693.0,13707.5,0,14.5,22.5,13713.0,False,2,1,False,accurate,1,1,False,False,44,False,True,,,,,,,,,,,
1958,13706.0,13707.5,13721.500003814697,0,14.000003814697266,15.500003814697266,13734.0,False,2,1,False,accurate,0,0,False,False,41,False,True,,,,,,,,,,,
1960,13720.0,13721.500003814697,13735.70000076294,0,14.199996948242188,15.700000762939453,13748.0,False,2,1,False,accurate,0,0,False,False,39,False,True,,,,,,,,,,,
1963,13741.0,13741.0,13751.699996948242,0,10.699996948242188,10.699996948242188,13769.0,False,1,0,False,accurate,0,0,False,False,36,False,True,,,,,,,,,,,
1965,13755.0,13755.0,13771.70000076294,0,16.700000762939453,16.700000762939453,13783.0,False,1,0,False,accurate,0,0,False,False,34,False,True,,,,,,,,,,,
1966,13762.0,13771.70000076294,13785.100002288818,0,13.400001525878906,23.10000228881836,13790.0,False,2,1,False,accurate,1,1,False,False,33,False,True,,,,,,,,,,,
1968,13776.0,13785.100002288818,13802.20000076294,0,17.099998474121094,26.200000762939453,13804.0,False,2,1,False,accurate,0,0,False,False,31,False,True,,,,,,,,,,,
1971,13797.0,13802.20000076294,13814.70000076294,0,12.5,17.700000762939453,13825.0,False,2,1,False,accurate,1,1,False,False,28,False,True,,,,,,,,,,,
1972,13804.0,13814.70000076294,13819.29999923706,0,4.599998474121094,15.299999237060547,13832.0,False,2,1,False,fast,0,1,True,False,27,False,True,,,,,,,,,,,
1973,13811.0,13819.29999923706,13833.29999923706,0,14.0,22.299999237060547,13839.0,False,3,2,False,accurate,0,0,False,False,26,False,True,,,,,,,,,,,
1974,13818.0,13833.29999923706,13838.099998474121,0,4.799999237060547,20.099998474121094,13846.0,False,3,2,False,fast,0,0,False,False,25,False,True,,,,,,,,,,,
1975,13825.0,13838.099998474121,13850.20000076294,0,12.10000228881836,25.200000762939453,13853.0,False,3,2,False,accurate,0,0,False,False,24,False,True,,,,,,,,,,,
1976,13832.0,13850.20000076294,13854.699996948242,0,4.499996185302734,22.699996948242188,13860.0,False,4,3,False,fast,0,0,False,False,23,False,True,,,,,,,,,,,
1978,13846.0,13854.699996948242,13867.79999923706,0,13.10000228881836,21.799999237060547,13874.0,False,3,2,False,accurate,0,0,False,False,21,False,True,,,,,,,,,,,
1983,13881.0,13881.0,13897.199996948242,0,16.199996948242188,16.199996948242188,13909.0,False,1,0,False,accurate,1,1,False,False,16,False,True,,,,,,,,,,,
1985,13895.0,13897.199996948242,13913.199996948242,0,16.0,18.199996948242188,13923.0,False,2,1,False,accurate,1,1,False,False,14,False,True,,,,,,,,,,,
1986,13902.0,13913.199996948242,13915.999996185303,0,2.799999237060547,13.999996185302734,13930.0,False,2,1,False,fast,0,1,True,False,13,False,True,,,,,,,,,,,
1991,13937.0,13937.0,13951.5,0,14.5,14.5,13965.0,False,1,0,False,accurate,0,0,False,False,8,False,True,,,,,,,,,,,
1997,13979.0,13979.0,13992.100002288818,0,13.10000228881836,13.10000228881836,14007.0,False,1,0,False,accurate,0,0,False,False,2,True,True,,,,,,,,,,,
1998,13986.0,13992.100002288818,14007.70000076294,0,15.599998474121094,21.700000762939453,14014.0,False,2,1,False,accurate,1,1,False,False,1,True,True,,,,,,,,,,,
1999,13993.0,14007.70000076294,14010.5,0,2.799999237060547,17.5,14021.0,False,2,1,False,fast,0,1,True,True,0,True,True,,,,,,,,,,,
2004,14028.0,14028.0,14040.199996948242,0,12.199996948242188,12.199996948242188,14056.0,False,1,0,False,accurate,0,0,False,False,95,False,True,,,,,,,,,,,
2007,14049.0,14049.0,14061.899997711182,0,12.89999771118164,12.89999771118164,14077.0,False,1,0,False,accurate,0,0,False,False,92,False,True,,,,,,,,,,,
2011,14077.0,14077.0,14088.5,0,11.5,11.5,14105.0,False,1,0,False,accurate,1,1,False,False,88,False,True,,,,,,,,,,,
2012,14084.0,14088.5,14102.200004577637,0,13.700004577636719,18.20000457763672,14112.0,False,2,1,False,accurate,0,0,False,False,87,False,True,,,,,,,,,,,
2017,14119.0,14119.0,14132.599998474121,0,13.599998474121094,13.599998474121094,14147.0,False,1,0,False,accurate,1,1,False,False,82,False,True,,,,,,,,,,,
2021,14147.0,14147.0,14160.700004577637,0,13.700004577636719,13.700004577636719,14175.0,False,1,0,False,accurate,0,0,False,False,78,False,True,,,,,,,,,,,
2023,14161.0,14161.0,14172.0,0,11.0,11.0,14189.0,False,1,0,False,accurate,0,0,False,False,76,False,True,,,,,,,,,,,
2025,14175.0,14175.0,14188.500003814697,0,13.500003814697266,13.500003814697266,14203.0,False,1,0,False,accurate,0,0,False,False,74,False,True,,,,,,,,,,,
2029,14203.0,14203.0,14213.300003051758,0,10.300003051757812,10.300003051757812,14231.0,False,1,0,False,accurate,0,0,False,False,70,False,True,,,,,,,,,,,
2035,14245.0,14245.0,14260.79999923706,0,15.799999237060547,15.799999237060547,14273.0,False,1,0,False,accurate,0,0,False,False,64,False,True,,,,,,,,,,,
2036,14252.0,14260.79999923706,14273.099998474121,0,12.299999237060547,21.099998474121094,14280.0,False,2,1,False,accurate,0,0,False,False,63,False,True,,,,,,,,,,,
2038,14266.0,14273.099998474121,14287.20000076294,0,14.10000228881836,21.200000762939453,14294.0,False,2,1,False,accurate,0,0,False,False,61,False,True,,,,,,,,,,,
2040,14280.0,14287.20000076294,14301.899997711182,0,14.699996948242188,21.89999771118164,14308.0,False,2,1,False,accurate,0,0,False,False,59,False,True,,,,,,,,,,,
2044,14308.0,14308.0,14322.70000076294,0,14.700000762939453,14.700000762939453,14336.0,False,1,0,False,accurate,0,0,False,False,55,False,True,,,,,,,,,,,
2045,14315.0,14322.70000076294,14339.599998474121,0,16.89999771118164,24.599998474121094,14343.0,False,2,1,False,accurate,1,1,False,False,54,False,True,,,,,,,,,,,
2046,14322.0,14339.599998474121,14342.79999923706,0,3.200000762939453,20.799999237060547,14350.0,False,3,2,False,fast,0,0,False,False,53,False,True,,,,,,,,,,,
2048,14336.0,14342.79999923706,14354.099998474121,0,11.299999237060547,18.099998474121094,14364.0,False,3,2,False,accurate,0,0,False,False,51,False,True,,,,,,,,,,,
2049,14343.0,14354.099998474121,14356.999996185303,0,2.8999977111816406,13.999996185302734,14371.0,False,2,1,False,fast,0,0,False,False,50,False,True,,,,,,,,,,,
2050,14350.0,14356.999996185303,14368.099994659424,0,11.099998474121094,18.099994659423828,14378.0,False,3,2,False,accurate,1,1,False,False,49,False,True,,,,,,,,,,,
2054,14378.0,14378.0,14395.799995422363,0,17.79999542236328,17.79999542236328,14406.0,False,1,0,False,accurate,1,1,False,False,45,False,True,,,,,,,,,,,
2055,14385.0,14395.799995422363,14398.399993896484,0,2.5999984741210938,13.399993896484375,14413.0,False,2,1,False,fast,0,0,False,False,44,False,True,,,,,,,,,,,
2060,14420.0,14420.0,14437.000003814697,0,17.000003814697266,17.000003814697266,14448.0,False,1,0,False,accurate,0,0,False,False,39,False,True,,,,,,,,,,,
2061,14427.0,14437.000003814697,14449.100006103516,0,12.10000228881836,22.100006103515625,14455.0,False,2,1,False,accurate,0,0,False,False,38,False,True,,,,,,,,,,,
2062,14434.0,14449.100006103516,14460.600006103516,0,11.5,26.600006103515625,14462.0,False,3,2,False,accurate,0,0,False,False,37,False,True,,,,,,,,,,,
2063,14441.0,14460.600006103516,14463.200004577637,0,2.5999984741210938,22.20000457763672,14469.0,False,3,2,False,fast,0,1,True,False,36,False,True,,,,,,,,,,,
2064,14448.0,14463.200004577637,14466.000003814697,0,2.799999237060547,18.000003814697266,14476.0,False,4,3,False,fast,0,0,False,False,35,False,True,,,,,,,,,,,
2066,14462.0,14466.000003814697,14468.600006103516,0,2.6000022888183594,6.600006103515625,14490.0,False,3,2,False,fast,0,1,True,False,33,False,True,,,,,,,,,,,
2067,14469.0,14469.0,14471.699996948242,0,2.6999969482421875,2.6999969482421875,14497.0,False,1,0,False,fast,0,1,True,False,32,False,True,,,,,,,,,,,
2068,14476.0,14476.0,14500.099998474121,0,24.099998474121094,24.099998474121094,14504.0,False,1,0,False,accurate,0,0,False,False,31,False,True,,,,,,,,,,,
2070,14490.0,14500.099998474121,14502.799995422363,0,2.6999969482421875,12.799995422363281,14518.0,False,2,1,False,fast,0,0,False,False,29,False,True,,,,,,,,,,,
2072,14504.0,14504.0,14506.79999923706,0,2.799999237060547,2.799999237060547,14532.0,False,1,0,False,fast,0,0,False,False,27,False,True,,,,,,,,,,,
2074,14518.0,14518.0,14543.70000076294,0,25.700000762939453,25.700000762939453,14546.0,False,1,0,False,accurate,0,0,False,False,25,False,True,,,,,,,,,,,
2075,14525.0,14543.70000076294,14546.29999923706,0,2.5999984741210938,21.299999237060547,14553.0,False,2,1,False,fast,0,0,False,False,24,False,True,,,,,,,,,,,
2078,14546.0,14546.29999923706,14549.099998474121,0,2.799999237060547,3.0999984741210938,14574.0,False,2,1,False,fast,0,0,False,False,21,False,True,,,,,,,,,,,
2080,14560.0,14560.0,14563.23999633789,0,3.239996337890625,3.239996337890261,14588.0,False,1,0,False,fast,0,1,True,False,19,False,True,,,,,,,,,,,
2083,14581.0,14581.0,14584.407501792908,0,3.407501792907715,3.4075017929080786,14609.0,False,1,0,False,fast,0,0,False,False,16,False,True,,,,,,,,,,,
2084,14588.0,14588.0,14591.383330651523,0,3.3833306515216917,3.383330651522556,14616.0,False,1,0,False,fast,0,1,True,False,15,False,True,,,,,,,,,,,
2086,14602.0,14602.0,14605.219999122619,0,3.2199991226196287,3.2199991226189013,14630.0,False,1,0,False,fast,0,0,False,False,13,False,True,,,,,,,,,,,
2091,14637.0,14637.0,14639.99250085632,0,2.9925008563200666,2.9925008563204756,14665.0,False,1,0,False,fast,0,0,False,False,8,False,True,,,,,,,,,,,
2096,14672.0,14672.0,14697.283333475887,0,25.283333475887776,25.283333475887048,14700.0,False,1,0,False,accurate,0,0,False,False,3,False,True,,,,,,,,,,,
2097,14679.0,14697.283333475887,14700.458337507147,0,3.1750040312608006,21.458337507147007,14707.0,False,2,1,False,fast,0,0,False,False,2,True,True,,,,,,,,,,,
2102,14714.0,14714.0,14740.458337414017,0,26.45833741401633,26.45833741401657,14742.0,False,1,0,False,accurate,1,1,False,False,97,False,True,,,,,,,,,,,
2107,14749.0,14749.0,14772.400005340576,0,23.400005340576172,23.400005340576172,14777.0,False,1,0,False,accurate,0,0,False,False,92,False,True,,,,,,,,,,,
2110,14770.0,14772.400005340576,14796.200004577637,0,23.799999237060547,26.20000457763672,14798.0,False,2,1,False,accurate,0,0,False,False,89,False,True,,,,,,,,,,,
2111,14777.0,14796.200004577637,14799.100002288818,0,2.8999977111816406,22.10000228881836,14805.0,False,2,1,False,fast,0,0,False,False,88,False,True,,,,,,,,,,,
2112,14784.0,14799.100002288818,14801.900001525879,0,2.799999237060547,17.900001525878906,14812.0,False,3,2,False,fast,0,1,True,False,87,False,True,,,,,,,,,,,
2115,14805.0,14805.0,14829.5,0,24.5,24.5,14833.0,False,1,0,False,accurate,1,1,False,False,84,False,True,,,,,,,,,,,
2117,14819.0,14829.5,14832.20000076294,0,2.700000762939453,13.200000762939453,14847.0,False,2,1,False,fast,0,0,False,False,82,False,True,,,,,,,,,,,
2120,14840.0,14840.0,14842.900001525879,0,2.9000015258789062,2.9000015258789062,14868.0,False,1,0,False,fast,0,0,False,False,79,False,True,,,,,,,,,,,
2124,14868.0,14868.0,14889.400001525879,0,21.400001525878906,21.400001525878906,14896.0,False,1,0,False,accurate,0,0,False,False,75,False,True,,,,,,,,,,,
2126,14882.0,14889.400001525879,14892.500003814697,0,3.1000022888183594,10.500003814697266,14910.0,False,2,1,False,fast,0,1,True,False,73,False,True,,,,,,,,,,,
2127,14889.0,14892.500003814697,14916.200004577637,0,23.700000762939453,27.20000457763672,14917.0,False,3,2,False,accurate,1,1,False,False,72,False,True,,,,,,,,,,,
2128,14896.0,14916.200004577637,14919.000003814697,0,2.799999237060547,23.000003814697266,14924.0,False,2,1,False,fast,0,0,False,False,71,False,True,,,,,,,,,,,
2132,14924.0,14924.0,14946.900001525879,0,22.900001525878906,22.900001525878906,14952.0,False,1,0,False,accurate,0,0,False,False,67,False,True,,,,,,,,,,,
2137,14959.0,14959.0,14977.999996185303,0,18.999996185302734,18.999996185302734,14987.0,False,1,0,False,accurate,0,0,False,False,62,False,True,,,,,,,,,,,
2139,14973.0,14977.999996185303,14982.399993896484,0,4.399997711181641,9.399993896484375,15001.0,False,2,1,False,fast,0,0,False,False,60,False,True,,,,,,,,,,,
2142,14994.0,14994.0,14999.099998474121,0,5.099998474121094,5.099998474121094,15022.0,False,1,0,False,fast,0,0,False,False,57,False,True,,,,,,,,,,,
2145,15015.0,15015.0,15038.600002288818,0,23.60000228881836,23.60000228881836,15043.0,False,1,0,False,accurate,0,0,False,False,54,False,True,,,,,,,,,,,
2146,15022.0,15038.600002288818,15043.400005340576,0,4.8000030517578125,21.400005340576172,15050.0,False,2,1,False,fast,0,0,False,False,53,False,True,,,,,,,,,,,
2147,15029.0,15043.400005340576,15048.300006866455,0,4.900001525878906,19.300006866455078,15057.0,False,3,2,False,fast,0,0,False,False,52,False,True,,,,,,,,,,,
2154,15078.0,15078.0,15105.20000076294,0,27.200000762939453,27.200000762939453,15106.0,False,1,0,False,accurate,1,1,False,False,45,False,True,,,,,,,,,,,
2155,15085.0,15105.20000076294,15110.20000076294,0,5.0,25.200000762939453,15113.0,False,2,1,False,fast,0,1,True,False,44,False,True,,,,,,,,,,,
2156,15092.0,15110.20000076294,15115.29999923706,0,5.099998474121094,23.299999237060547,15120.0,False,3,2,False,fast,0,0,False,False,43,False,True,,,,,,,,,,,
2159,15113.0,15115.29999923706,15137.400001525879,0,22.10000228881836,24.400001525878906,15141.0,False,2,1,False,accurate,0,0,False,False,40,False,True,,,,,,,,,,,
2163,15141.0,15141.0,15146.000003814697,0,5.000003814697266,5.000003814697266,15169.0,False,1,0,False,fast,0,0,False,False,36,False,True,,,,,,,,,,,
2166,15162.0,15162.0,15188.900001525879,0,26.900001525878906,26.900001525878906,15190.0,False,1,0,False,accurate,0,0,False,False,33,False,True,,,,,,,,,,,
2168,15176.0,15188.900001525879,15193.300003051758,0,4.400001525878906,17.300003051757812,15204.0,False,2,1,False,fast,0,0,False,False,31,False,True,,,,,,,,,,,
2172,15204.0,15204.0,15217.399997711182,0,13.39999771118164,13.39999771118164,15232.0,False,1,0,False,accurate,0,0,False,False,27,False,True,,,,,,,,,,,
2173,15211.0,15217.399997711182,15233.0,0,15.60000228881836,22.0,15239.0,False,2,1,False,accurate,0,0,False,False,26,False,True,,,,,,,,,,,
2175,15225.0,15233.0,15247.599998474121,0,14.599998474121094,22.599998474121094,15253.0,False,2,1,False,accurate,0,0,False,False,24,False,True,,,,,,,,,,,
2176,15232.0,15247.599998474121,15251.899997711182,0,4.299999237060547,19.89999771118164,15260.0,False,3,2,False,fast,0,0,False,False,23,False,True,,,,,,,,,,,
2178,15246.0,15251.899997711182,15265.399997711182,0,13.5,19.39999771118164,15274.0,False,3,2,False,accurate,0,0,False,False,21,False,True,,,,,,,,,,,
2179,15253.0,15265.399997711182,15279.70000076294,0,14.300003051757812,26.700000762939453,15281.0,False,2,1,False,accurate,0,0,False,False,20,False,True,,,,,,,,,,,
2183,15281.0,15281.0,15294.0,0,13.0,13.0,15309.0,False,1,0,False,accurate,0,0,False,False,16,False,True,,,,,,,,,,,
2185,15295.0,15295.0,15307.79999923706,0,12.799999237060547,12.799999237060547,15323.0,False,1,0,False,accurate,0,0,False,False,14,False,True,,,,,,,,,,,
2186,15302.0,15307.79999923706,15322.300003051758,0,14.500003814697266,20.300003051757812,15330.0,False,2,1,False,accurate,1,1,False,False,13,False,True,,,,,,,,,,,
2187,15309.0,15322.300003051758,15334.899997711182,0,12.599994659423828,25.89999771118164,15337.0,False,2,1,False,accurate,0,0,False,False,12,False,True,,,,,,,,,,,
2192,15344.0,15344.0,15356.599998474121,0,12.599998474121094,12.599998474121094,15372.0,False,1,0,False,accurate,1,1,False,False,7,False,True,,,,,,,,,,,
2193,15351.0,15356.599998474121,15368.399997711182,0,11.799999237060547,17.39999771118164,15379.0,False,2,1,False,accurate,0,0,False,False,6,False,True,,,,,,,,,,,
2197,15379.0,15379.0,15391.500003814697,0,12.500003814697266,12.500003814697266,15407.0,False,1,0,False,accurate,0,0,False,False,2,True,True,,,,,,,,,,,
2198,15386.0,15391.500003814697,15407.400005340576,0,15.900001525878906,21.400005340576172,15414.0,False,2,1,False,accurate,0,0,False,False,1,True,True,,,,,,,,,,,
2202,15414.0,15414.0,15426.70000076294,0,12.700000762939453,12.700000762939453,15442.0,False,1,0,False,accurate,0,0,False,False,97,False,True,,,,,,,,,,,
2203,15421.0,15426.70000076294,15444.499996185303,0,17.79999542236328,23.499996185302734,15449.0,False,2,1,False,accurate,0,0,False,False,96,False,True,,,,,,,,,,,
2205,15435.0,15444.499996185303,15462.399997711182,0,17.900001525878906,27.39999771118164,15463.0,False,2,1,False,accurate,0,0,False,False,94,False,True,,,,,,,,,,,
2207,15449.0,15462.399997711182,15475.099998474121,0,12.700000762939453,26.099998474121094,15477.0,False,2,1,False,accurate,0,0,False,False,92,False,True,,,,,,,,,,,
2210,15470.0,15475.099998474121,15492.199996948242,0,17.099998474121094,22.199996948242188,15498.0,False,2,1,False,accurate,1,1,False,False,89,False,True,,,,,,,,,,,
2211,15477.0,15492.199996948242,15496.699996948242,0,4.5,19.699996948242188,15505.0,False,2,1,False,fast,0,0,False,False,88,False,True,,,,,,,,,,,
2212,15484.0,15496.699996948242,15509.399993896484,0,12.699996948242188,25.399993896484375,15512.0,False,3,2,False,accurate,1,1,False,False,87,False,True,,,,,,,,,,,
2214,15498.0,15509.399993896484,15520.899993896484,0,11.5,22.899993896484375,15526.0,False,2,1,False,accurate,0,0,False,False,85,False,True,,,,,,,,,,,
2215,15505.0,15520.899993896484,15525.399993896484,0,4.5,20.399993896484375,15533.0,False,3,2,False,fast,0,0,False,False,84,False,True,,,,,,,,,,,
2219,15533.0,15533.0,15549.000003814697,0,16.000003814697266,16.000003814697266,15561.0,False,1,0,False,accurate,0,0,False,False,80,False,True,,,,,,,,,,,
2224,15568.0,15568.0,15580.0,0,12.0,12.0,15596.0,False,1,0,False,accurate,0,0,False,False,75,False,True,,,,,,,,,,,
2225,15575.0,15580.0,15596.099998474121,0,16.099998474121094,21.099998474121094,15603.0,False,2,1,False,accurate,0,0,False,False,74,False,True,,,,,,,,,,,
2227,15589.0,15596.099998474121,15609.79999923706,0,13.700000762939453,20.799999237060547,15617.0,False,2,1,False,accurate,0,0,False,False,72,False,True,,,,,,,,,,,
2230,15610.0,15610.0,15623.100002288818,0,13.10000228881836,13.10000228881836,15638.0,False,1,0,False,accurate,0,0,False,False,69,False,True,,,,,,,,,,,
2232,15624.0,15624.0,15639.099998474121,0,15.099998474121094,15.099998474121094,15652.0,False,1,0,False,accurate,0,0,False,False,67,False,True,,,,,,,,,,,
2233,15631.0,15639.099998474121,15652.899997711182,0,13.799999237060547,21.89999771118164,15659.0,False,2,1,False,accurate,0,0,False,False,66,False,True,,,,,,,,,,,
2235,15645.0,15652.899997711182,15665.699996948242,0,12.799999237060547,20.699996948242188,15673.0,False,2,1,False,accurate,0,0,False,False,64,False,True,,,,,,,,,,,
2238,15666.0,15666.0,15677.600002288818,0,11.60000228881836,11.60000228881836,15694.0,False,1,0,False,accurate,0,0,False,False,61,False,True,,,,,,,,,,,
2241,15687.0,15687.0,15712.062499791384,0,25.062499791383743,25.062499791383743,15715.0,False,1,0,False,accurate,0,0,False,False,58,False,True,,,,,,,,,,,
2245,15715.0,15715.0,15735.825835891168,0,20.825835891167344,20.825835891168026,15743.0,False,1,0,False,accurate,0,0,False,False,54,False,True,,,,,,,,,,,
2247,15729.0,15735.825835891168,15740.735001669726,0,4.909165778557463,11.735001669725534,15757.0,False,2,1,False,fast,0,0,False,False,52,False,True,,,,,,,,,,,
2249,15743.0,15743.0,15760.96875,0,17.96875,17.96875,15771.0,False,1,0,False,accurate,0,0,False,False,50,False,True,,,,,,,,,,,
2250,15750.0,15760.96875,15787.545415720146,0,26.576665720144913,37.545415720145684,15778.0,True,2,1,False,fast,0,0,False,False,49,False,False,,,,,,,,,,,
2252,15764.0,15787.545415720146,15792.495411523978,0,4.9499958038330085,28.495411523977964,15792.0,True,2,1,False,fast,0,0,False,False,47,False,False,,,,,,,,,,,
2254,15778.0,15792.495411523978,15796.720409036676,0,4.224997512698178,18.720409036675846,15806.0,False,3,2,False,fast,0,0,False,False,45,False,True,,,,,,,,,,,
2257,15799.0,15799.0,15815.978748064537,0,16.978748064537854,16.978748064537285,15827.0,False,1,0,False,accurate,0,0,False,False,42,False,True,,,,,,,,,,,
2260,15820.0,15820.0,15833.176665855746,0,13.176665855745473,13.17666585574625,15848.0,False,1,0,False,accurate,1,1,False,False,39,False,True,,,,,,,,,,,
2261,15827.0,15833.176665855746,15848.401661707263,0,15.224995851516722,21.401661707262974,15855.0,False,2,1,False,accurate,1,1,False,False,38,False,True,,,,,,,,,,,
2265,15855.0,15855.0,15882.599998474121,0,27.599998474121094,27.599998474121094,15883.0,False,1,0,False,accurate,1,1,False,False,34,False,True,,,,,,,,,,,
2268,15876.0,15882.599998474121,15894.599994659424,0,11.999996185302734,18.599994659423828,15904.0,False,2,1,False,accurate,0,0,False,False,31,False,True,,,,,,,,,,,
2269,15883.0,15894.599994659424,15907.099994659424,0,12.5,24.099994659423828,15911.0,False,2,1,False,accurate,1,1,False,False,30,False,True,,,,,,,,,,,
2272,15904.0,15907.099994659424,15923.199996948242,0,16.10000228881836,19.199996948242188,15932.0,False,2,1,False,accurate,1,1,False,False,27,False,True,,,,,,,,,,,
2274,15918.0,15923.199996948242,15941.299995422363,0,18.099998474121094,23.29999542236328,15946.0,False,2,1,False,accurate,0,0,False,False,25,False,True,,,,,,,,,,,
2283,15981.0,15981.0,15992.900001525879,0,11.900001525878906,11.900001525878906,16009.0,False,1,0,False,accurate,0,0,False,False,16,False,True,,,,,,,,,,,
2285,15995.0,15995.0,16010.100002288818,0,15.10000228881836,15.10000228881836,16023.0,False,1,0,False,accurate,1,1,False,False,14,False,True,,,,,,,,,,,
2287,16009.0,16010.100002288818,16027.700004577637,0,17.60000228881836,18.70000457763672,16037.0,False,2,1,False,accurate,0,0,False,False,12,False,True,,,,,,,,,,,
2291,16037.0,16037.0,16048.79999923706,0,11.799999237060547,11.799999237060547,16065.0,False,1,0,False,accurate,0,0,False,False,8,False,True,,,,,,,,,,,
2292,16044.0,16048.79999923706,16061.099998474121,0,12.299999237060547,17.099998474121094,16072.0,False,2,1,False,accurate,0,0,False,False,7,False,True,,,,,,,,,,,
2296,16072.0,16072.0,16086.900001525879,0,14.900001525878906,14.900001525878906,16100.0,False,1,0,False,accurate,0,0,False,False,3,False,True,,,,,,,,,,,
2297,16079.0,16086.900001525879,16100.900001525879,0,14.0,21.900001525878906,16107.0,False,2,1,False,accurate,0,0,False,False,2,True,True,,,,,,,,,,,
2299,16093.0,16100.900001525879,16119.199996948242,0,18.29999542236328,26.199996948242188,16121.0,False,2,1,False,accurate,0,0,False,True,0,True,True,,,,,,,,,,,
2300,16100.0,16119.199996948242,16121.79999923706,0,2.6000022888183594,21.799999237060547,16128.0,False,3,2,False,fast,0,0,False,False,99,False,True,,,,,,,,,,,
2304,16128.0,16128.0,16139.79999923706,0,11.799999237060547,11.799999237060547,16156.0,False,1,0,False,accurate,0,0,False,False,95,False,True,,,,,,,,,,,
2308,16156.0,16156.0,16169.5,0,13.5,13.5,16184.0,False,1,0,False,accurate,0,0,False,False,91,False,True,,,,,,,,,,,
2309,16163.0,16169.5,16181.200004577637,0,11.700004577636719,18.20000457763672,16191.0,False,2,1,False,accurate,0,0,False,False,90,False,True,,,,,,,,,,,
2315,16205.0,16205.0,16221.600002288818,0,16.60000228881836,16.60000228881836,16233.0,False,1,0,False,accurate,0,0,False,False,84,False,True,,,,,,,,,,,
2317,16219.0,16221.600002288818,16232.900001525879,0,11.299999237060547,13.900001525878906,16247.0,False,2,1,False,accurate,1,1,False,False,82,False,True,,,,,,,,,,,
2319,16233.0,16233.0,16244.600002288818,0,11.60000228881836,11.60000228881836,16261.0,False,1,0,False,accurate,0,0,False,False,80,False,True,,,,,,,,,,,
2323,16261.0,16261.0,16273.599998474121,0,12.599998474121094,12.599998474121094,16289.0,False,1,0,False,accurate,0,0,False,False,76,False,True,,,,,,,,,,,
2328,16296.0,16296.0,16310.099998474121,0,14.099998474121094,14.099998474121094,16324.0,False,1,0,False,accurate,0,0,False,False,71,False,True,,,,,,,,,,,
2330,16310.0,16310.099998474121,16321.599998474121,0,11.5,11.599998474121094,16338.0,False,2,1,False,accurate,1,1,False,False,69,False,True,,,,,,,,,,,
2331,16317.0,16321.599998474121,16336.900001525879,0,15.300003051757812,19.900001525878906,16345.0,False,2,1,False,accurate,0,0,False,False,68,False,True,,,,,,,,,,,
2333,16331.0,16336.900001525879,16347.699996948242,0,10.799995422363281,16.699996948242188,16359.0,False,2,1,False,accurate,0,0,False,False,66,False,True,,,,,,,,,,,
2337,16359.0,16359.0,16374.399997711182,0,15.39999771118164,15.39999771118164,16387.0,False,1,0,False,accurate,1,1,False,False,62,False,True,,,,,,,,,,,
2339,16373.0,16374.399997711182,16392.29999923706,0,17.900001525878906,19.299999237060547,16401.0,False,2,1,False,accurate,0,0,False,False,60,False,True,,,,,,,,,,,
2341,16387.0,16392.29999923706,16404.699996948242,0,12.39999771118164,17.699996948242188,16415.0,False,2,1,False,accurate,1,1,False,False,58,False,True,,,,,,,,,,,
2343,16401.0,16404.699996948242,16407.299995422363,0,2.5999984741210938,6.299995422363281,16429.0,False,2,1,False,fast,0,0,False,False,56,False,True,,,,,,,,,,,
2344,16408.0,16408.0,16426.09999847412,0,18.099998474121094,18.099998474121094,16436.0,False,1,0,False,accurate,1,1,False,False,55,False,True,,,,,,,,,,,
2349,16443.0,16443.0,16454.0,0,11.0,11.0,16471.0,False,1,0,False,accurate,0,0,False,False,50,False,True,,,,,,,,,,,
2351,16457.0,16457.0,16474.70000076294,0,17.700000762939453,17.700000762939453,16485.0,False,1,0,False,accurate,1,0,True,False,48,False,True,,,,,,,,,,,
2352,16464.0,16474.70000076294,16490.900005340576,0,16.20000457763672,26.900005340576172,16492.0,False,2,1,False,accurate,0,0,False,False,47,False,True,,,,,,,,,,,
2354,16478.0,16490.900005340576,16503.5,0,12.599994659423828,25.5,16506.0,False,2,1,False,accurate,1,1,False,False,45,False,True,,,,,,,,,,,
2355,16485.0,16503.5,16507.199996948242,0,3.6999969482421875,22.199996948242188,16513.0,False,3,2,False,fast,0,0,False,False,44,False,True,,,,,,,,,,,
2356,16492.0,16507.199996948242,16511.0,0,3.8000030517578125,19.0,16520.0,False,3,2,False,fast,0,0,False,False,43,False,True,,,,,,,,,,,
2357,16499.0,16511.0,16525.09999847412,0,14.099998474121094,26.099998474121094,16527.0,False,4,3,False,accurate,1,1,False,False,42,False,True,,,,,,,,,,,
2362,16534.0,16534.0,16545.79999923706,0,11.799999237060547,11.799999237060547,16562.0,False,1,0,False,accurate,0,0,False,False,37,False,True,,,,,,,,,,,
2363,16541.0,16545.79999923706,16559.5,0,13.700000762939453,18.5,16569.0,False,2,1,False,accurate,1,1,False,False,36,False,True,,,,,,,,,,,
2365,16555.0,16559.5,16573.20000076294,0,13.700000762939453,18.200000762939453,16583.0,False,2,1,False,accurate,0,0,False,False,34,False,True,,,,,,,,,,,
2367,16569.0,16573.20000076294,16588.39999771118,0,15.199996948242188,19.39999771118164,16597.0,False,2,1,False,accurate,0,0,False,False,32,False,True,,,,,,,,,,,
2369,16583.0,16588.39999771118,16602.099994659424,0,13.699996948242188,19.099994659423828,16611.0,False,2,1,False,accurate,0,0,False,False,30,False,True,,,,,,,,,,,
2370,16590.0,16602.099994659424,16617.799991607666,0,15.699996948242188,27.799991607666016,16618.0,False,2,1,False,accurate,0,0,False,False,29,False,True,,,,,,,,,,,
2374,16618.0,16618.0,16634.59999847412,0,16.599998474121094,16.599998474121094,16646.0,False,1,0,False,accurate,1,1,False,False,25,False,True,,,,,,,,,,,
2386,16702.0,16702.0,16715.699996948242,0,13.699996948242188,13.699996948242188,16730.0,False,1,0,False,accurate,0,0,False,False,13,False,True,,,,,,,,,,,
2387,16709.0,16715.699996948242,16732.89999771118,0,17.200000762939453,23.89999771118164,16737.0,False,2,1,False,accurate,0,0,False,False,12,False,True,,,,,,,,,,,
2388,16716.0,16732.89999771118,16735.89999771118,0,3.0,19.89999771118164,16744.0,False,2,1,False,fast,0,1,True,False,11,False,True,,,,,,,,,,,
2390,16730.0,16735.89999771118,16750.89999771118,0,15.0,20.89999771118164,16758.0,False,3,2,False,accurate,0,0,False,False,9,False,True,,,,,,,,,,,
2391,16737.0,16750.89999771118,16762.89999771118,0,12.0,25.89999771118164,16765.0,False,2,1,False,accurate,0,0,False,False,8,False,True,,,,,,,,,,,
2394,16758.0,16762.89999771118,16775.39999771118,0,12.5,17.39999771118164,16786.0,False,2,1,False,accurate,1,1,False,False,5,False,True,,,,,,,,,,,
2397,16779.0,16779.0,16791.70000076294,0,12.700000762939453,12.700000762939453,16807.0,False,1,0,False,accurate,0,0,False,False,2,True,True,,,,,,,,,,,
2399,16793.0,16793.0,16805.300003051758,0,12.300003051757812,12.300003051757812,16821.0,False,1,0,False,accurate,0,0,False,True,0,True,True,,,,,,,,,,,
2405,16835.0,16835.0,16840.44416756908,0,5.444167569080992,5.444167569079582,16863.0,False,1,0,False,fast,0,1,True,False,94,False,True,,,,,,,,,,,
2406,16842.0,16842.0,16861.825,0,19.825,19.825000000000728,16870.0,False,1,0,False,accurate,0,0,False,False,93,False,True,,,,,,,,,,,
2415,16905.0,16905.0,16930.88125,0,25.881249999999998,25.881249999998545,16933.0,False,1,0,False,accurate,0,0,False,False,84,False,True,,,,,,,,,,,
2419,16933.0,16933.0,16951.677082402457,0,18.677082402457795,18.677082402457017,16961.0,False,1,0,False,accurate,1,1,False,False,80,False,True,,,,,,,,,,,
2420,16940.0,16951.677082402457,16965.300412370412,0,13.623329967955739,25.300412370412232,16968.0,False,2,1,False,accurate,0,0,False,False,79,False,True,,,,,,,,,,,
2425,16975.0,16975.0,16988.000003814697,0,13.000003814697266,13.000003814697266,17003.0,False,1,0,False,accurate,0,0,False,False,74,False,True,,,,,,,,,,,
2426,16982.0,16988.000003814697,16990.90000152588,0,2.8999977111816406,8.900001525878906,17010.0,False,2,1,False,fast,0,0,False,False,73,False,True,,,,,,,,,,,
2427,16989.0,16990.90000152588,17009.79999923706,0,18.89999771118164,20.799999237060547,17017.0,False,2,1,False,accurate,0,0,False,False,72,False,True,,,,,,,,,,,
2429,17003.0,17009.79999923706,17024.699996948242,0,14.89999771118164,21.699996948242188,17031.0,False,2,1,False,accurate,1,1,False,False,70,False,True,,,,,,,,,,,
2435,17045.0,17045.0,17063.79999923706,0,18.799999237060547,18.799999237060547,17073.0,False,1,0,False,accurate,1,1,False,False,64,False,True,,,,,,,,,,,
2436,17052.0,17063.79999923706,17082.09999847412,0,18.299999237060547,30.099998474121094,17080.0,True,2,1,False,fast,0,0,False,False,63,False,False,,,,,,,,,,,
2441,17087.0,17087.0,17101.20000076294,0,14.200000762939453,14.200000762939453,17115.0,False,1,0,False,accurate,0,0,False,False,58,False,True,,,,,,,,,,,
2443,17101.0,17101.20000076294,17124.500003814697,0,23.300003051757812,23.500003814697266,17129.0,False,2,1,False,accurate,0,0,False,False,56,False,True,,,,,,,,,,,
2444,17108.0,17124.500003814697,17127.700004577637,0,3.200000762939453,19.70000457763672,17136.0,False,2,1,False,fast,0,0,False,False,55,False,True,,,,,,,,,,,
2445,17115.0,17127.700004577637,17139.700004577637,0,12.0,24.70000457763672,17143.0,False,3,2,False,accurate,0,0,False,False,54,False,True,,,,,,,,,,,
2451,17157.0,17157.0,17173.500003814697,0,16.500003814697266,16.500003814697266,17185.0,False,1,0,False,accurate,0,0,False,False,48,False,True,,,,,,,,,,,
2452,17164.0,17173.500003814697,17185.40000152588,0,11.89999771118164,21.400001525878906,17192.0,False,2,1,False,accurate,0,0,False,False,47,False,True,,,,,,,,,,,
2454,17178.0,17185.40000152588,17196.60000228882,0,11.200000762939453,18.60000228881836,17206.0,False,2,1,False,accurate,0,0,False,False,45,False,True,,,,,,,,,,,
2455,17185.0,17196.60000228882,17199.5,0,2.8999977111816406,14.5,17213.0,False,3,2,False,fast,0,1,True,False,44,False,True,,,,,,,,,,,
2459,17213.0,17213.0,17232.0,0,19.0,19.0,17241.0,False,1,0,False,accurate,0,0,False,False,40,False,True,,,,,,,,,,,
2462,17234.0,17234.0,17244.79999923706,0,10.799999237060547,10.799999237060547,17262.0,False,1,0,False,accurate,1,1,False,False,37,False,True,,,,,,,,,,,
2466,17262.0,17262.0,17276.70000076294,0,14.700000762939453,14.700000762939453,17290.0,False,1,0,False,accurate,0,0,False,False,33,False,True,,,,,,,,,,,
2467,17269.0,17276.70000076294,17291.40000152588,0,14.700000762939453,22.400001525878906,17297.0,False,2,1,False,accurate,0,0,False,False,32,False,True,,,,,,,,,,,
2471,17297.0,17297.0,17307.800003051758,0,10.800003051757812,10.800003051757812,17325.0,False,1,0,False,accurate,0,0,False,False,28,False,True,,,,,,,,,,,
2473,17311.0,17311.0,17327.40000152588,0,16.400001525878906,16.400001525878906,17339.0,False,1,0,False,accurate,0,0,False,False,26,False,True,,,,,,,,,,,
2474,17318.0,17327.40000152588,17345.70000076294,0,18.299999237060547,27.700000762939453,17346.0,False,2,1,False,accurate,0,0,False,False,25,False,True,,,,,,,,,,,
2480,17360.0,17360.0,17374.09999847412,0,14.099998474121094,14.099998474121094,17388.0,False,1,0,False,accurate,0,0,False,False,19,False,True,,,,,,,,,,,
2486,17402.0,17402.0,17417.000003814697,0,15.000003814697266,15.000003814697266,17430.0,False,1,0,False,accurate,0,0,False,False,13,False,True,,,,,,,,,,,
2488,17416.0,17417.000003814697,17437.800003051758,0,20.799999237060547,21.800003051757812,17444.0,False,2,1,False,accurate,0,0,False,False,11,False,True,,,,,,,,,,,
2489,17423.0,17437.800003051758,17440.500003814697,0,2.700000762939453,17.500003814697266,17451.0,False,2,1,False,fast,0,0,False,False,10,False,True,,,,,,,,,,,
2490,17430.0,17440.500003814697,17453.300003051758,0,12.799999237060547,23.300003051757812,17458.0,False,3,2,False,accurate,1,1,False,False,9,False,True,,,,,,,,,,,
2493,17451.0,17453.300003051758,17467.400005340576,0,14.10000228881836,16.400005340576172,17479.0,False,2,1,False,accurate,0,0,False,False,6,False,True,,,,,,,,,,,
2495,17465.0,17467.400005340576,17481.600006103516,0,14.200000762939453,16.600006103515625,17493.0,False,2,1,False,accurate,1,1,False,False,4,False,True,,,,,,,,,,,
2497,17479.0,17481.600006103516,17493.000003814697,0,11.39999771118164,14.000003814697266,17507.0,False,2,1,False,accurate,0,0,False,False,2,True,True,,,,,,,,,,,
2502,17514.0,17514.0,17525.5,0,11.5,11.5,17542.0,False,1,0,False,accurate,0,0,False,False,97,False,True,,,,,,,,,,,
2503,17521.0,17525.5,17544.799995422363,0,19.29999542236328,23.79999542236328,17549.0,False,2,1,False,accurate,1,1,False,False,96,False,True,,,,,,,,,,,
2506,17542.0,17544.799995422363,17559.999992370605,0,15.199996948242188,17.99999237060547,17570.0,False,2,1,False,accurate,0,0,False,False,93,False,True,,,,,,,,,,,
2508,17556.0,17559.999992370605,17573.199989318848,0,13.199996948242188,17.199989318847656,17584.0,False,2,1,False,accurate,0,0,False,False,91,False,True,,,,,,,,,,,
2510,17570.0,17573.199989318848,17585.79998779297,0,12.599998474121094,15.79998779296875,17598.0,False,2,1,False,accurate,0,0,False,False,89,False,True,,,,,,,,,,,
2514,17598.0,17598.0,17615.70000076294,0,17.700000762939453,17.700000762939453,17626.0,False,1,0,False,accurate,0,0,False,False,85,False,True,,,,,,,,,,,
2515,17605.0,17615.70000076294,17618.40000152588,0,2.700000762939453,13.400001525878906,17633.0,False,2,1,False,fast,0,1,True,False,84,False,True,,,,,,,,,,,
2516,17612.0,17618.40000152588,17629.90000152588,0,11.5,17.900001525878906,17640.0,False,3,2,False,accurate,1,1,False,False,83,False,True,,,,,,,,,,,
2517,17619.0,17629.90000152588,17632.500003814697,0,2.6000022888183594,13.500003814697266,17647.0,False,2,1,False,fast,0,0,False,False,82,False,True,,,,,,,,,,,
2519,17633.0,17633.0,17646.79999923706,0,13.799999237060547,13.799999237060547,17661.0,False,1,0,False,accurate,1,1,False,False,80,False,True,,,,,,,,,,,
2521,17647.0,17647.0,17660.29999923706,0,13.299999237060547,13.299999237060547,17675.0,False,1,0,False,accurate,0,0,False,False,78,False,True,,,,,,,,,,,
2522,17654.0,17660.29999923706,17676.39999771118,0,16.099998474121094,22.39999771118164,17682.0,False,2,1,False,accurate,0,0,False,False,77,False,True,,,,,,,,,,,
2525,17675.0,17676.39999771118,17689.90000152588,0,13.500003814697266,14.900001525878906,17703.0,False,2,1,False,accurate,0,0,False,False,74,False,True,,,,,,,,,,,
2527,17689.0,17689.90000152588,17707.60000228882,0,17.700000762939453,18.60000228881836,17717.0,False,2,1,False,accurate,0,0,False,False,72,False,True,,,,,,,,,,,
2529,17703.0,17707.60000228882,17721.10000228882,0,13.5,18.10000228881836,17731.0,False,2,1,False,accurate,0,0,False,False,70,False,True,,,,,,,,,,,
2531,17717.0,17721.10000228882,17740.10000228882,0,19.0,23.10000228881836,17745.0,False,2,1,False,accurate,0,0,False,False,68,False,True,,,,,,,,,,,
2532,17724.0,17740.10000228882,17742.79999923706,0,2.6999969482421875,18.799999237060547,17752.0,False,2,1,False,fast,0,0,False,False,67,False,True,,,,,,,,,,,
2533,17731.0,17742.79999923706,17755.09999847412,0,12.299999237060547,24.099998474121094,17759.0,False,3,2,False,accurate,1,1,False,False,66,False,True,,,,,,,,,,,
2534,17738.0,17755.09999847412,17757.79999923706,0,2.700000762939453,19.799999237060547,17766.0,False,4,3,False,fast,0,0,False,False,65,False,True,,,,,,,,,,,
2535,17745.0,17757.79999923706,17770.59999847412,0,12.799999237060547,25.599998474121094,17773.0,False,3,2,False,accurate,0,0,False,False,64,False,True,,,,,,,,,,,
2536,17752.0,17770.59999847412,17773.499996185303,0,2.8999977111816406,21.499996185302734,17780.0,False,4,3,False,fast,0,0,False,False,63,False,True,,,,,,,,,,,
2538,17766.0,17773.499996185303,17790.39999771118,0,16.900001525878906,24.39999771118164,17794.0,False,3,2,False,accurate,0,0,False,False,61,False,True,,,,,,,,,,,
2540,17780.0,17790.39999771118,17801.70000076294,0,11.300003051757812,21.700000762939453,17808.0,False,2,1,False,accurate,0,0,False,False,59,False,True,,,,,,,,,,,
2541,17787.0,17801.70000076294,17814.20000076294,0,12.5,27.200000762939453,17815.0,False,3,2,False,accurate,0,0,False,False,58,False,True,,,,,,,,,,,
2543,17801.0,17814.20000076294,17828.29999923706,0,14.099998474121094,27.299999237060547,17829.0,False,3,2,False,accurate,0,0,False,False,56,False,True,,,,,,,,,,,
2552,17864.0,17864.0,17878.29999923706,0,14.299999237060547,14.299999237060547,17892.0,False,1,0,False,accurate,0,0,False,False,47,False,True,,,,,,,,,,,
2555,17885.0,17885.0,17897.5,0,12.5,12.5,17913.0,False,1,0,False,accurate,0,0,False,False,44,False,True,,,,,,,,,,,
2557,17899.0,17899.0,17912.200004577637,0,13.200004577636719,13.200004577636719,17927.0,False,1,0,False,accurate,0,0,False,False,42,False,True,,,,,,,,,,,
2560,17920.0,17920.0,17939.379996109008,0,19.37999610900879,19.37999610900806,17948.0,False,1,0,False,accurate,0,0,False,False,39,False,True,,,,,,,,,,,
2566,17962.0,17962.0,17987.1625,0,25.162499999999998,25.162499999998545,17990.0,False,1,0,False,accurate,0,0,False,False,33,False,True,,,,,,,,,,,
2570,17990.0,17990.0,18008.73083207389,0,18.7308320738872,18.73083207388845,18018.0,False,1,0,False,accurate,0,0,False,False,29,False,True,,,,,,,,,,,
2571,17997.0,18008.73083207389,18011.834164572756,0,3.1033324988683035,14.83416457275598,18025.0,False,2,1,False,fast,0,1,True,False,28,False,True,,,,,,,,,,,
2575,18025.0,18025.0,18040.65500192642,0,15.655001926422118,15.655001926421392,18053.0,False,1,0,False,accurate,1,1,False,False,24,False,True,,,,,,,,,,,
2577,18039.0,18040.65500192642,18055.345836093624,0,14.690834167202308,16.345836093623802,18067.0,False,2,1,False,accurate,0,0,False,False,22,False,True,,,,,,,,,,,
2578,18046.0,18055.345836093624,18073.79333699008,0,18.447500896453857,27.793336990078387,18074.0,False,2,1,False,accurate,1,1,False,False,21,False,True,,,,,,,,,,,
2583,18081.0,18081.0,18092.01208020187,0,11.012080201866723,11.01208020186823,18109.0,False,1,0,False,accurate,0,0,False,False,16,False,True,,,,,,,,,,,
2584,18088.0,18092.01208020187,18105.21207715011,0,13.199996948242188,17.212077150110417,18116.0,False,2,1,False,accurate,0,0,False,False,15,False,True,,,,,,,,,,,
2588,18116.0,18116.0,18130.39999771118,0,14.39999771118164,14.39999771118164,18144.0,False,1,0,False,accurate,1,1,False,False,11,False,True,,,,,,,,,,,
2591,18137.0,18137.0,18152.699996948242,0,15.699996948242188,15.699996948242188,18165.0,False,1,0,False,accurate,1,1,False,False,8,False,True,,,,,,,,,,,
2599,18193.0,18193.0,18207.499996185303,0,14.499996185302734,14.499996185302734,18221.0,False,1,0,False,accurate,0,0,False,True,0,True,True,,,,,,,,,,,
2600,18200.0,18207.499996185303,18221.599994659424,0,14.099998474121094,21.599994659423828,18228.0,False,2,1,False,accurate,0,0,False,False,99,False,True,,,,,,,,,,,
2601,18207.0,18221.599994659424,18224.199993133545,0,2.5999984741210938,17.199993133544922,18235.0,False,3,2,False,fast,0,0,False,False,98,False,True,,,,,,,,,,,
2603,18221.0,18224.199993133545,18238.399990081787,0,14.199996948242188,17.39999008178711,18249.0,False,3,2,False,accurate,0,0,False,False,96,False,True,,,,,,,,,,,
2604,18228.0,18238.399990081787,18241.199989318848,0,2.799999237060547,13.199989318847656,18256.0,False,2,1,False,fast,0,1,True,False,95,False,True,,,,,,,,,,,
2605,18235.0,18241.199989318848,18255.099990844727,0,13.900001525878906,20.099990844726562,18263.0,False,3,2,False,accurate,1,1,False,False,94,False,True,,,,,,,,,,,
2606,18242.0,18255.099990844727,18269.399990081787,0,14.299999237060547,27.39999008178711,18270.0,False,2,1,False,accurate,0,0,False,False,93,False,True,,,,,,,,,,,
2608,18256.0,18269.399990081787,18283.399990081787,0,14.0,27.39999008178711,18284.0,False,2,1,False,accurate,0,0,False,False,91,False,True,,,,,,,,,,,
2610,18270.0,18283.399990081787,18286.099990844727,0,2.700000762939453,16.099990844726562,18298.0,False,2,1,False,fast,0,1,True,False,89,False,True,,,,,,,,,,,
2614,18298.0,18298.0,18310.10000228882,0,12.10000228881836,12.10000228881836,18326.0,False,1,0,False,accurate,0,0,False,False,85,False,True,,,,,,,,,,,
2616,18312.0,18312.0,18333.59999847412,0,21.599998474121094,21.599998474121094,18340.0,False,1,0,False,accurate,1,1,False,False,83,False,True,,,,,,,,,,,
2619,18333.0,18333.59999847412,18347.799995422363,0,14.199996948242188,14.799995422363281,18361.0,False,2,1,False,accurate,1,1,False,False,80,False,True,,,,,,,,,,,
2622,18354.0,18354.0,18365.29999923706,0,11.299999237060547,11.299999237060547,18382.0,False,1,0,False,accurate,1,1,False,False,77,False,True,,,,,,,,,,,
2623,18361.0,18365.29999923706,18377.39999771118,0,12.099998474121094,16.39999771118164,18389.0,False,2,1,False,accurate,0,0,False,False,76,False,True,,,,,,,,,,,
2624,18368.0,18377.39999771118,18389.599994659424,0,12.199996948242188,21.599994659423828,18396.0,False,2,1,False,accurate,0,0,False,False,75,False,True,,,,,,,,,,,
2626,18382.0,18389.599994659424,18407.799995422363,0,18.200000762939453,25.79999542236328,18410.0,False,2,1,False,accurate,1,1,False,False,73,False,True,,,,,,,,,,,
2627,18389.0,18407.799995422363,18416.89999771118,0,9.10000228881836,27.89999771118164,18417.0,False,3,2,False,accurate,0,0,False,False,72,False,True,,,,,,,,,,,
2628,18396.0,18416.89999771118,18419.599994659424,0,2.6999969482421875,23.599994659423828,18424.0,False,3,2,False,fast,0,1,True,False,71,False,True,,,,,,,,,,,
2629,18403.0,18419.599994659424,18422.199996948242,0,2.6000022888183594,19.199996948242188,18431.0,False,4,3,False,fast,0,1,True,False,70,False,True,,,,,,,,,,,
2635,18445.0,18445.0,18457.10000228882,0,12.10000228881836,12.10000228881836,18473.0,False,1,0,False,accurate,0,0,False,False,64,False,True,,,,,,,,,,,
2636,18452.0,18457.10000228882,18469.0,0,11.89999771118164,17.0,18480.0,False,2,1,False,accurate,0,0,False,False,63,False,True,,,,,,,,,,,
2638,18466.0,18469.0,18488.89999771118,0,19.89999771118164,22.89999771118164,18494.0,False,2,1,False,accurate,0,0,False,False,61,False,True,,,,,,,,,,,
2639,18473.0,18488.89999771118,18491.599994659424,0,2.6999969482421875,18.599994659423828,18501.0,False,2,1,False,fast,0,0,False,False,60,False,True,,,,,,,,,,,
2644,18508.0,18508.0,18520.89999771118,0,12.89999771118164,12.89999771118164,18536.0,False,1,0,False,accurate,0,0,False,False,55,False,True,,,,,,,,,,,
2646,18522.0,18522.0,18535.29999923706,0,13.299999237060547,13.299999237060547,18550.0,False,1,0,False,accurate,1,1,False,False,53,False,True,,,,,,,,,,,
2648,18536.0,18536.0,18549.89999771118,0,13.89999771118164,13.89999771118164,18564.0,False,1,0,False,accurate,0,0,False,False,51,False,True,,,,,,,,,,,
2651,18557.0,18557.0,18569.59999847412,0,12.599998474121094,12.599998474121094,18585.0,False,1,0,False,accurate,0,0,False,False,48,False,True,,,,,,,,,,,
2658,18606.0,18606.0,18621.999996185303,0,15.999996185302734,15.999996185302734,18634.0,False,1,0,False,accurate,0,0,False,False,41,False,True,,,,,,,,,,,
2661,18627.0,18627.0,18639.0,0,12.0,12.0,18655.0,False,1,0,False,accurate,0,0,False,False,38,False,True,,,,,,,,,,,
2665,18655.0,18655.0,18675.79999923706,0,20.799999237060547,20.799999237060547,18683.0,False,1,0,False,accurate,0,0,False,False,34,False,True,,,,,,,,,,,
2667,18669.0,18675.79999923706,18691.70000076294,0,15.900001525878906,22.700000762939453,18697.0,False,2,1,False,accurate,0,0,False,False,32,False,True,,,,,,,,,,,
2668,18676.0,18691.70000076294,18703.39999771118,0,11.699996948242188,27.39999771118164,18704.0,False,2,1,False,accurate,0,0,False,False,31,False,True,,,,,,,,,,,
2669,18683.0,18703.39999771118,18706.199996948242,0,2.799999237060547,23.199996948242188,18711.0,False,3,2,False,fast,0,0,False,False,30,False,True,,,,,,,,,,,
2670,18690.0,18706.199996948242,18708.899993896484,0,2.6999969482421875,18.899993896484375,18718.0,False,4,3,False,fast,0,0,False,False,29,False,True,,,,,,,,,,,
2671,18697.0,18708.899993896484,18724.999996185303,0,16.10000228881836,27.999996185302734,18725.0,False,4,3,False,accurate,0,0,False,False,28,False,True,,,,,,,,,,,
2675,18725.0,18725.0,18741.20000076294,0,16.200000762939453,16.200000762939453,18753.0,False,1,0,False,accurate,1,1,False,False,24,False,True,,,,,,,,,,,
2676,18732.0,18741.20000076294,18753.600006103516,0,12.400005340576172,21.600006103515625,18760.0,False,2,1,False,accurate,0,0,False,False,23,False,True,,,,,,,,,,,
2678,18746.0,18753.600006103516,18765.600006103516,0,12.0,19.600006103515625,18774.0,False,2,1,False,accurate,0,0,False,False,21,False,True,,,,,,,,,,,
2682,18774.0,18774.0,18790.499996185303,0,16.499996185302734,16.499996185302734,18802.0,False,1,0,False,accurate,0,0,False,False,17,False,True,,,,,,,,,,,
2685,18795.0,18795.0,18810.59999847412,0,15.599998474121094,15.599998474121094,18823.0,False,1,0,False,accurate,0,0,False,False,14,False,True,,,,,,,,,,,
2686,18802.0,18810.59999847412,18829.499996185303,0,18.89999771118164,27.499996185302734,18830.0,False,2,1,False,accurate,0,0,False,False,13,False,True,,,,,,,,,,,
2692,18844.0,18844.0,18856.5,0,12.5,12.5,18872.0,False,1,0,False,accurate,0,0,False,False,7,False,True,,,,,,,,,,,
2693,18851.0,18856.5,18871.39999771118,0,14.89999771118164,20.39999771118164,18879.0,False,2,1,False,accurate,1,1,False,False,6,False,True,,,,,,,,,,,
2694,18858.0,18871.39999771118,18883.299995422363,0,11.89999771118164,25.29999542236328,18886.0,False,2,1,False,accurate,0,0,False,False,5,False,True,,,,,,,,,,,
2701,18907.0,18907.0,18919.5,0,12.5,12.5,18935.0,False,1,0,False,accurate,0,0,False,False,98,False,True,,,,,,,,,,,
2705,18935.0,18935.0,18947.20000076294,0,12.200000762939453,12.200000762939453,18963.0,False,1,0,False,accurate,1,1,False,False,94,False,True,,,,,,,,,,,
2710,18970.0,18970.0,18985.79999923706,0,15.799999237060547,15.799999237060547,18998.0,False,1,0,False,accurate,1,1,False,False,89,False,True,,,,,,,,,,,
2711,18977.0,18985.79999923706,18998.90000152588,0,13.10000228881836,21.900001525878906,19005.0,False,2,1,False,accurate,0,0,False,False,88,False,True,,,,,,,,,,,
2715,19005.0,19005.0,19016.20000076294,0,11.200000762939453,11.200000762939453,19033.0,False,1,0,False,accurate,0,0,False,False,84,False,True,,,,,,,,,,,
2717,19019.0,19019.0,19032.60000228882,0,13.60000228881836,13.60000228881836,19047.0,False,1,0,False,accurate,0,0,False,False,82,False,True,,,,,,,,,,,
2720,19040.0,19040.0,19059.209992218017,0,19.20999221801758,19.20999221801685,19068.0,False,1,0,False,accurate,0,0,False,False,79,False,True,,,,,,,,,,,
2724,19068.0,19068.0,19087.475004660886,0,19.475004660884498,19.475004660886043,19096.0,False,1,0,False,accurate,0,0,False,False,75,False,True,,,,,,,,,,,
2729,19103.0,19103.0,19119.962498903275,0,16.962498903274536,16.962498903274536,19131.0,False,1,0,False,accurate,0,0,False,False,70,False,True,,,,,,,,,,,
2732,19124.0,19124.0,19141.144995880128,0,17.144995880126956,17.14499588012768,19152.0,False,1,0,False,accurate,1,1,False,False,67,False,True,,,,,,,,,,,
2734,19138.0,19141.144995880128,19143.961665021183,0,2.816669141054149,5.961665021182853,19166.0,False,2,1,False,fast,0,1,True,False,65,False,True,,,,,,,,,,,
2735,19145.0,19145.0,19165.073751926422,0,20.07375192642212,20.07375192642212,19173.0,False,1,0,False,accurate,0,0,False,False,64,False,True,,,,,,,,,,,
2737,19159.0,19165.073751926422,19180.005420344274,0,14.93166841785112,21.00542034427417,19187.0,False,2,1,False,accurate,0,0,False,False,62,False,True,,,,,,,,,,,
2742,19194.0,19194.0,19208.07583254901,0,14.07583254901071,14.075832549009647,19222.0,False,1,0,False,accurate,0,0,False,False,57,False,True,,,,,,,,,,,
2745,19215.0,19215.0,19232.90000152588,0,17.900001525878906,17.900001525878906,19243.0,False,1,0,False,accurate,0,0,False,False,54,False,True,,,,,,,,,,,
2750,19250.0,19250.0,19266.20000076294,0,16.200000762939453,16.200000762939453,19278.0,False,1,0,False,accurate,0,0,False,False,49,False,True,,,,,,,,,,,
2751,19257.0,19266.20000076294,19280.0,0,13.799999237060547,23.0,19285.0,False,2,1,False,accurate,1,1,False,False,48,False,True,,,,,,,,,,,
2752,19264.0,19280.0,19282.79999923706,0,2.799999237060547,18.799999237060547,19292.0,False,3,2,False,fast,0,0,False,False,47,False,True,,,,,,,,,,,
2761,19327.0,19327.0,19341.39999771118,0,14.39999771118164,14.39999771118164,19355.0,False,1,0,False,accurate,0,0,False,False,38,False,True,,,,,,,,,,,
2765,19355.0,19355.0,19366.699996948242,0,11.699996948242188,11.699996948242188,19383.0,False,1,0,False,accurate,0,0,False,False,34,False,True,,,,,,,,,,,
2769,19383.0,19383.0,19396.0,0,13.0,13.0,19411.0,False,1,0,False,accurate,1,1,False,False,30,False,True,,,,,,,,,,,
2771,19397.0,19397.0,19408.70000076294,0,11.700000762939453,11.700000762939453,19425.0,False,1,0,False,accurate,0,0,False,False,28,False,True,,,,,,,,,,,
2772,19404.0,19408.70000076294,19424.79999923706,0,16.099998474121094,20.799999237060547,19432.0,False,2,1,False,accurate,1,1,False,False,27,False,True,,,,,,,,,,,
2778,19446.0,19446.0,19471.0,0,25.0,25.0,19474.0,False,1,0,False,accurate,0,0,False,False,21,False,True,,,,,,,,,,,
2781,19467.0,19471.0,19487.60000228882,0,16.60000228881836,20.60000228881836,19495.0,False,2,1,False,accurate,0,0,False,False,18,False,True,,,,,,,,,,,
2782,19474.0,19487.60000228882,19500.300003051758,0,12.700000762939453,26.300003051757812,19502.0,False,2,1,False,accurate,1,1,False,False,17,False,True,,,,,,,,,,,
2786,19502.0,19502.0,19529.0,0,27.0,27.0,19530.0,False,1,0,False,accurate,0,0,False,False,13,False,True,,,,,,,,,,,
2788,19516.0,19529.0,19543.60000228882,0,14.60000228881836,27.60000228881836,19544.0,False,2,1,False,accurate,0,0,False,False,11,False,True,,,,,,,,,,,
2790,19530.0,19543.60000228882,19556.40000152588,0,12.799999237060547,26.400001525878906,19558.0,False,2,1,False,accurate,0,0,False,False,9,False,True,,,,,,,,,,,
2791,19537.0,19556.40000152588,19559.10000228882,0,2.700000762939453,22.10000228881836,19565.0,False,3,2,False,fast,0,0,False,False,8,False,True,,,,,,,,,,,
2793,19551.0,19559.10000228882,19571.800003051758,0,12.700000762939453,20.800003051757812,19579.0,False,3,2,False,accurate,0,0,False,False,6,False,True,,,,,,,,,,,
2794,19558.0,19571.800003051758,19585.700004577637,0,13.900001525878906,27.70000457763672,19586.0,False,3,2,False,accurate,0,0,False,False,5,False,True,,,,,,,,,,,
2796,19572.0,19585.700004577637,19588.400005340576,0,2.700000762939453,16.400005340576172,19600.0,False,2,1,False,fast,0,0,False,False,3,False,True,,,,,,,,,,,
2798,19586.0,19588.400005340576,19610.000007629395,0,21.60000228881836,24.00000762939453,19614.0,False,2,1,False,accurate,0,0,False,False,1,True,True,,,,,,,,,,,
2803,19621.0,19621.0,19634.79999923706,0,13.799999237060547,13.799999237060547,19649.0,False,1,0,False,accurate,1,1,False,False,96,False,True,,,,,,,,,,,
2805,19635.0,19635.0,19650.10000228882,0,15.10000228881836,15.10000228881836,19663.0,False,1,0,False,accurate,0,0,False,False,94,False,True,,,,,,,,,,,
2806,19642.0,19650.10000228882,19667.200004577637,0,17.10000228881836,25.20000457763672,19670.0,False,2,1,False,accurate,0,0,False,False,93,False,True,,,,,,,,,,,
2810,19670.0,19670.0,19683.200004577637,0,13.200004577636719,13.200004577636719,19698.0,False,1,0,False,accurate,1,1,False,False,89,False,True,,,,,,,,,,,
2814,19698.0,19698.0,19711.40000152588,0,13.400001525878906,13.400001525878906,19726.0,False,1,0,False,accurate,0,0,False,False,85,False,True,,,,,,,,,,,
2819,19733.0,19733.0,19746.5,0,13.5,13.5,19761.0,False,1,0,False,accurate,1,1,False,False,80,False,True,,,,,,,,,,,
2820,19740.0,19746.5,19761.0,0,14.5,21.0,19768.0,False,2,1,False,accurate,1,1,False,False,79,False,True,,,,,,,,,,,
2822,19754.0,19761.0,19773.59999847412,0,12.599998474121094,19.599998474121094,19782.0,False,2,1,False,accurate,0,0,False,False,77,False,True,,,,,,,,,,,
2827,19789.0,19789.0,19809.89999771118,0,20.89999771118164,20.89999771118164,19817.0,False,1,0,False,accurate,0,0,False,False,72,False,True,,,,,,,,,,,
2833,19831.0,19831.0,19847.0,0,16.0,16.0,19859.0,False,1,0,False,accurate,0,0,False,False,66,False,True,,,,,,,,,,,
2838,19866.0,19866.0,19880.40000152588,0,14.400001525878906,14.400001525878906,19894.0,False,1,0,False,accurate,0,0,False,False,61,False,True,,,,,,,,,,,
2844,19908.0,19908.0,19926.500003814697,0,18.500003814697266,18.500003814697266,19936.0,False,1,0,False,accurate,0,0,False,False,55,False,True,,,,,,,,,,,
2852,19964.0,19964.0,19978.40000152588,0,14.400001525878906,14.400001525878906,19992.0,False,1,0,False,accurate,0,0,False,False,47,False,True,,,,,,,,,,,
2857,19999.0,19999.0,20011.599994659424,0,12.599994659423828,12.599994659423828,20027.0,False,1,0,False,accurate,1,1,False,False,42,False,True,,,,,,,,,,,
2861,20027.0,20027.0,20041.89999771118,0,14.89999771118164,14.89999771118164,20055.0,False,1,0,False,accurate,0,0,False,False,38,False,True,,,,,,,,,,,
2864,20048.0,20048.0,20065.90000152588,0,17.900001525878906,17.900001525878906,20076.0,False,1,0,False,accurate,0,0,False,False,35,False,True,,,,,,,,,,,
2866,20062.0,20065.90000152588,20079.500003814697,0,13.60000228881836,17.500003814697266,20090.0,False,2,1,False,accurate,0,0,False,False,33,False,True,,,,,,,,,,,
2867,20069.0,20079.500003814697,20082.300006866455,0,2.8000030517578125,13.300006866455078,20097.0,False,2,1,False,fast,0,0,False,False,32,False,True,,,,,,,,,,,
2871,20097.0,20097.0,20111.0,0,14.0,14.0,20125.0,False,1,0,False,accurate,0,0,False,False,28,False,True,,,,,,,,,,,
2872,20104.0,20111.0,20126.89999771118,0,15.89999771118164,22.89999771118164,20132.0,False,2,1,False,accurate,0,0,False,False,27,False,True,,,,,,,,,,,
2874,20118.0,20126.89999771118,20129.699996948242,0,2.799999237060547,11.699996948242188,20146.0,False,2,1,False,fast,0,0,False,False,25,False,True,,,,,,,,,,,
2881,20167.0,20167.0,20190.55874725441,0,23.5587472544114,23.558747254410264,20195.0,False,1,0,False,accurate,0,0,False,False,18,False,True,,,,,,,,,,,
2884,20188.0,20190.55874725441,20209.717078003487,0,19.15833074907464,21.717078003486677,20216.0,False,2,1,False,accurate,0,0,False,False,15,False,True,,,,,,,,,,,
2885,20195.0,20209.717078003487,20213.307914000354,0,3.5908359968662356,18.307914000353776,20223.0,False,2,1,False,fast,0,0,False,False,14,False,True,,,,,,,,,,,
2891,20237.0,20237.0,20255.480835624137,0,18.480835624138535,18.4808356241374,20265.0,False,1,0,False,accurate,0,0,False,False,8,False,True,,,,,,,,,,,
2895,20265.0,20265.0,20285.073747110368,0,20.07374711036682,20.07374711036755,20293.0,False,1,0,False,accurate,0,0,False,False,4,False,True,,,,,,,,,,,
2900,20300.0,20300.0,20320.323334248562,0,20.323334248562656,20.323334248561878,20328.0,False,1,0,False,accurate,0,0,False,False,99,False,True,,,,,,,,,,,
2901,20307.0,20320.323334248562,20333.590830929774,0,13.267496681213379,26.5908309297738,20335.0,False,2,1,False,accurate,0,0,False,False,98,False,True,,,,,,,,,,,
2905,20335.0,20335.0,20348.0,0,13.0,13.0,20363.0,False,1,0,False,accurate,0,0,False,False,94,False,True,,,,,,,,,,,
2906,20342.0,20348.0,20361.0,0,13.0,19.0,20370.0,False,2,1,False,accurate,0,0,False,False,93,False,True,,,,,,,,,,,
2908,20356.0,20361.0,20375.000003814697,0,14.000003814697266,19.000003814697266,20384.0,False,2,1,False,accurate,0,0,False,False,91,False,True,,,,,,,,,,,
2909,20363.0,20375.000003814697,20390.900005340576,0,15.900001525878906,27.900005340576172,20391.0,False,2,1,False,accurate,0,0,False,False,90,False,True,,,,,,,,,,,
2911,20377.0,20390.900005340576,20394.300006866455,0,3.4000015258789062,17.300006866455078,20405.0,False,2,1,False,fast,0,0,False,False,88,False,True,,,,,,,,,,,
2913,20391.0,20394.300006866455,20406.00001144409,0,11.700004577636719,15.000011444091797,20419.0,False,2,1,False,accurate,0,0,False,False,86,False,True,,,,,,,,,,,
2915,20405.0,20406.00001144409,20419.90001296997,0,13.900001525878906,14.900012969970703,20433.0,False,2,1,False,accurate,0,0,False,False,84,False,True,,,,,,,,,,,
2916,20412.0,20419.90001296997,20431.40001296997,0,11.5,19.400012969970703,20440.0,False,2,1,False,accurate,0,0,False,False,83,False,True,,,,,,,,,,,
2919,20433.0,20433.0,20445.0,0,12.0,12.0,20461.0,False,1,0,False,accurate,0,0,False,False,80,False,True,,,,,,,,,,,
2920,20440.0,20445.0,20459.09999847412,0,14.099998474121094,19.099998474121094,20468.0,False,2,1,False,accurate,0,0,False,False,79,False,True,,,,,,,,,,,
2921,20447.0,20459.09999847412,20470.90000152588,0,11.800003051757812,23.900001525878906,20475.0,False,2,1,False,accurate,0,0,False,False,78,False,True,,,,,,,,,,,
2922,20454.0,20470.90000152588,20473.70000076294,0,2.799999237060547,19.700000762939453,20482.0,False,3,2,False,fast,0,0,False,False,77,False,True,,,,,,,,,,,
2927,20489.0,20489.0,20501.39999771118,0,12.39999771118164,12.39999771118164,20517.0,False,1,0,False,accurate,1,1,False,False,72,False,True,,,,,,,,,,,
2929,20503.0,20503.0,20516.29999923706,0,13.299999237060547,13.299999237060547,20531.0,False,1,0,False,accurate,0,0,False,False,70,False,True,,,,,,,,,,,
2930,20510.0,20516.29999923706,20531.09999847412,0,14.799999237060547,21.099998474121094,20538.0,False,2,1,False,accurate,1,1,False,False,69,False,True,,,,,,,,,,,
2931,20517.0,20531.09999847412,20533.89999771118,0,2.799999237060547,16.89999771118164,20545.0,False,2,1,False,fast,0,0,False,False,68,False,True,,,,,,,,,,,
2933,20531.0,20533.89999771118,20545.79999923706,0,11.900001525878906,14.799999237060547,20559.0,False,3,2,False,accurate,0,0,False,False,66,False,True,,,,,,,,,,,
2946,20622.0,20622.0,20637.0,0,15.0,15.0,20650.0,False,1,0,False,accurate,0,0,False,False,53,False,True,,,,,,,,,,,
2947,20629.0,20637.0,20639.700004577637,0,2.7000045776367188,10.700004577636719,20657.0,False,2,1,False,fast,0,1,True,False,52,False,True,,,,,,,,,,,
2953,20671.0,20671.0,20683.800003051758,0,12.800003051757812,12.800003051757812,20699.0,False,1,0,False,accurate,0,0,False,False,46,False,True,,,,,,,,,,,
2956,20692.0,20692.0,20706.10000228882,0,14.10000228881836,14.10000228881836,20720.0,False,1,0,False,accurate,0,0,False,False,43,False,True,,,,,,,,,,,
2959,20713.0,20713.0,20724.699996948242,0,11.699996948242188,11.699996948242188,20741.0,False,1,0,False,accurate,0,0,False,False,40,False,True,,,,,,,,,,,
2962,20734.0,20734.0,20750.0,0,16.0,16.0,20762.0,False,1,0,False,accurate,0,0,False,False,37,False,True,,,,,,,,,,,
2964,20748.0,20750.0,20765.89999771118,0,15.89999771118164,17.89999771118164,20776.0,False,2,1,False,accurate,0,0,False,False,35,False,True,,,,,,,,,,,
2965,20755.0,20765.89999771118,20778.5,0,12.60000228881836,23.5,20783.0,False,2,1,False,accurate,0,0,False,False,34,False,True,,,,,,,,,,,
2966,20762.0,20778.5,20781.29999923706,0,2.799999237060547,19.299999237060547,20790.0,False,3,2,False,fast,0,1,True,False,33,False,True,,,,,,,,,,,
2969,20783.0,20783.0,20798.40000152588,0,15.400001525878906,15.400001525878906,20811.0,False,1,0,False,accurate,0,0,False,False,30,False,True,,,,,,,,,,,
2976,20832.0,20832.0,20848.39999771118,0,16.39999771118164,16.39999771118164,20860.0,False,1,0,False,accurate,0,0,False,False,23,False,True,,,,,,,,,,,
2977,20839.0,20848.39999771118,20866.59999847412,0,18.200000762939453,27.599998474121094,20867.0,False,2,1,False,accurate,0,0,False,False,22,False,True,,,,,,,,,,,
2978,20846.0,20866.59999847412,20869.40000152588,0,2.8000030517578125,23.400001525878906,20874.0,False,3,2,False,fast,0,1,True,False,21,False,True,,,,,,,,,,,
2979,20853.0,20869.40000152588,20872.20000076294,0,2.799999237060547,19.200000762939453,20881.0,False,3,2,False,fast,0,1,True,False,20,False,True,,,,,,,,,,,
2984,20888.0,20888.0,20900.39999771118,0,12.39999771118164,12.39999771118164,20916.0,False,1,0,False,accurate,1,1,False,False,15,False,True,,,,,,,,,,,
2985,20895.0,20900.39999771118,20911.299995422363,0,10.89999771118164,16.29999542236328,20923.0,False,2,1,False,accurate,0,0,False,False,14,False,True,,,,,,,,,,,
2987,20909.0,20911.299995422363,20924.499992370605,0,13.199996948242188,15.499992370605469,20937.0,False,2,1,False,accurate,0,0,False,False,12,False,True,,,,,,,,,,,
2989,20923.0,20924.499992370605,20939.799991607666,0,15.299999237060547,16.799991607666016,20951.0,False,2,1,False,accurate,0,0,False,False,10,False,True,,,,,,,,,,,
2991,20937.0,20939.799991607666,20955.799995422363,0,16.000003814697266,18.79999542236328,20965.0,False,2,1,False,accurate,0,0,False,False,8,False,True,,,,,,,,,,,
2992,20944.0,20955.799995422363,20958.499996185303,0,2.700000762939453,14.499996185302734,20972.0,False,2,1,False,fast,0,0,False,False,7,False,True,,,,,,,,,,,
2993,20951.0,20958.499996185303,20961.099994659424,0,2.5999984741210938,10.099994659423828,20979.0,False,3,2,False,fast,0,0,False,False,6,False,True,,,,,,,,,,,
2994,20958.0,20961.099994659424,20979.799991607666,0,18.699996948242188,21.799991607666016,20986.0,False,3,2,False,accurate,0,0,False,False,5,False,True,,,,,,,,,,,
2995,20965.0,20979.799991607666,20992.79998779297,0,12.999996185302734,27.79998779296875,20993.0,False,2,1,False,accurate,0,0,False,False,4,False,True,,,,,,,,,,,
2998,20986.0,20992.79998779297,20995.49998855591,0,2.700000762939453,9.499988555908203,21014.0,False,2,1,False,fast,0,1,True,False,1,True,True,,,,,,,,,,,
2999,20993.0,20995.49998855591,21005.699989318848,0,10.200000762939453,12.699989318847656,21021.0,False,2,1,False,accurate,0,0,False,True,0,True,True,,,,,,,,,,,
3003,21021.0,21021.0,21035.90000152588,0,14.900001525878906,14.900001525878906,21049.0,False,1,0,False,accurate,1,1,False,False,96,False,True,,,,,,,,,,,
3004,21028.0,21035.90000152588,21050.5,0,14.599998474121094,22.5,21056.0,False,2,1,False,accurate,0,0,False,False,95,False,True,,,,,,,,,,,
3005,21035.0,21050.5,21053.09999847412,0,2.5999984741210938,18.099998474121094,21063.0,False,3,2,False,fast,0,0,False,False,94,False,True,,,,,,,,,,,
3009,21063.0,21063.0,21077.70000076294,0,14.700000762939453,14.700000762939453,21091.0,False,1,0,False,accurate,0,0,False,False,90,False,True,,,,,,,,,,,
3012,21084.0,21084.0,21097.10000228882,0,13.10000228881836,13.10000228881836,21112.0,False,1,0,False,accurate,0,0,False,False,87,False,True,,,,,,,,,,,
3019,21133.0,21133.0,21149.5,0,16.5,16.5,21161.0,False,1,0,False,accurate,0,0,False,False,80,False,True,,,,,,,,,,,
3023,21161.0,21161.0,21179.70000076294,0,18.700000762939453,18.700000762939453,21189.0,False,1,0,False,accurate,0,0,False,False,76,False,True,,,,,,,,,,,
3024,21168.0,21179.70000076294,21195.70000076294,0,16.0,27.700000762939453,21196.0,False,2,1,False,accurate,0,0,False,False,75,False,True,,,,,,,,,,,
3025,21175.0,21195.70000076294,21198.39999771118,0,2.6999969482421875,23.39999771118164,21203.0,False,3,2,False,fast,0,0,False,False,74,False,True,,,,,,,,,,,
3026,21182.0,21198.39999771118,21201.09999847412,0,2.700000762939453,19.099998474121094,21210.0,False,3,2,False,fast,0,0,False,False,73,False,True,,,,,,,,,,,
3029,21203.0,21203.0,21217.70000076294,0,14.700000762939453,14.700000762939453,21231.0,False,1,0,False,accurate,0,0,False,False,70,False,True,,,,,,,,,,,
3034,21238.0,21238.0,21249.299995422363,0,11.299995422363281,11.299995422363281,21266.0,False,1,0,False,accurate,1,1,False,False,65,False,True,,,,,,,,,,,
3038,21266.0,21266.0,21282.500003814697,0,16.500003814697266,16.500003814697266,21294.0,False,1,0,False,accurate,0,0,False,False,61,False,True,,,,,,,,,,,
3040,21280.0,21282.500003814697,21285.980005645753,0,3.4800018310546874,5.980005645753408,21308.0,False,2,1,False,fast,0,0,False,False,59,False,True,,,,,,,,,,,
3045,21315.0,21315.0,21336.758339456715,0,21.758339456717227,21.758339456715476,21343.0,False,1,0,False,accurate,0,0,False,False,54,False,True,,,,,,,,,,,
3046,21322.0,21336.758339456715,21339.863340334097,0,3.105000877380371,17.863340334097302,21350.0,False,2,1,False,fast,0,0,False,False,53,False,True,,,,,,,,,,,
3049,21343.0,21343.0,21364.562505483627,0,21.56250548362732,21.56250548362732,21371.0,False,1,0,False,accurate,0,0,False,False,50,False,True,,,,,,,,,,,
3051,21357.0,21364.562505483627,21367.555006339946,0,2.9925008563200666,10.555006339945976,21385.0,False,2,1,False,fast,0,1,True,False,48,False,True,,,,,,,,,,,
3053,21371.0,21371.0,21394.114578416447,0,23.114578416446818,23.11457841644733,21399.0,False,1,0,False,accurate,1,1,False,False,46,False,True,,,,,,,,,,,
3059,21413.0,21413.0,21415.81250476569,0,2.812504765689368,2.8125047656903917,21441.0,False,1,0,False,fast,0,1,True,False,40,False,True,,,,,,,,,,,
3064,21448.0,21448.0,21464.89999771118,0,16.89999771118164,16.89999771118164,21476.0,False,1,0,False,accurate,1,1,False,False,35,False,True,,,,,,,,,,,
3070,21490.0,21490.0,21503.29999923706,0,13.299999237060547,13.299999237060547,21518.0,False,1,0,False,accurate,0,0,False,False,29,False,True,,,,,,,,,,,
3071,21497.0,21503.29999923706,21513.90000152588,0,10.60000228881836,16.900001525878906,21525.0,False,2,1,False,accurate,0,0,False,False,28,False,True,,,,,,,,,,,
3072,21504.0,21513.90000152588,21527.70000076294,0,13.799999237060547,23.700000762939453,21532.0,False,2,1,False,accurate,0,0,False,False,27,False,True,,,,,,,,,,,
3073,21511.0,21527.70000076294,21538.499996185303,0,10.799995422363281,27.499996185302734,21539.0,False,3,2,False,accurate,0,0,False,False,26,False,True,,,,,,,,,,,
3074,21518.0,21538.499996185303,21541.199993133545,0,2.6999969482421875,23.199993133544922,21546.0,False,3,2,False,fast,0,0,False,False,25,False,True,,,,,,,,,,,
3076,21532.0,21541.199993133545,21557.299995422363,0,16.10000228881836,25.29999542236328,21560.0,False,3,2,False,accurate,1,1,False,False,23,False,True,,,,,,,,,,,
3078,21546.0,21557.299995422363,21559.89999771118,0,2.6000022888183594,13.89999771118164,21574.0,False,2,1,False,fast,0,0,False,False,21,False,True,,,,,,,,,,,
3084,21588.0,21588.0,21604.70000076294,0,16.700000762939453,16.700000762939453,21616.0,False,1,0,False,accurate,0,0,False,False,15,False,True,,,,,,,,,,,
3086,21602.0,21604.70000076294,21623.70000076294,0,19.0,21.700000762939453,21630.0,False,2,1,False,accurate,1,1,False,False,13,False,True,,,,,,,,,,,
3088,21616.0,21623.70000076294,21637.29999923706,0,13.599998474121094,21.299999237060547,21644.0,False,2,1,False,accurate,0,0,False,False,11,False,True,,,,,,,,,,,
3089,21623.0,21637.29999923706,21650.5,0,13.200000762939453,27.5,21651.0,False,3,2,False,accurate,0,0,False,False,10,False,True,,,,,,,,,,,
3090,21630.0,21650.5,21653.09999847412,0,2.5999984741210938,23.099998474121094,21658.0,False,3,2,False,fast,0,1,True,False,9,False,True,,,,,,,,,,,
3094,21658.0,21658.0,21660.70000076294,0,2.700000762939453,2.700000762939453,21686.0,False,1,0,False,fast,0,0,False,False,5,False,True,,,,,,,,,,,
3098,21686.0,21686.0,21697.79999923706,0,11.799999237060547,11.799999237060547,21714.0,False,1,0,False,accurate,0,0,False,False,1,True,True,,,,,,,,,,,
3101,21707.0,21707.0,21724.20000076294,0,17.200000762939453,17.200000762939453,21735.0,False,1,0,False,accurate,0,0,False,False,98,False,True,,,,,,,,,,,
3103,21721.0,21724.20000076294,21736.09999847412,0,11.89999771118164,15.099998474121094,21749.0,False,2,1,False,accurate,0,0,False,False,96,False,True,,,,,,,,,,,
3104,21728.0,21736.09999847412,21751.499996185303,0,15.39999771118164,23.499996185302734,21756.0,False,2,1,False,accurate,0,0,False,False,95,False,True,,,,,,,,,,,
3105,21735.0,21751.499996185303,21754.09999847412,0,2.6000022888183594,19.099998474121094,21763.0,False,3,2,False,fast,0,0,False,False,94,False,True,,,,,,,,,,,
3108,21756.0,21756.0,21771.5,0,15.5,15.5,21784.0,False,1,0,False,accurate,1,1,False,False,91,False,True,,,,,,,,,,,
3109,21763.0,21771.5,21784.0,0,12.5,21.0,21791.0,False,2,1,False,accurate,0,0,False,False,90,False,True,,,,,,,,,,,
3113,21791.0,21791.0,21804.10000228882,0,13.10000228881836,13.10000228881836,21819.0,False,1,0,False,accurate,0,0,False,False,86,False,True,,,,,,,,,,,
3114,21798.0,21804.10000228882,21818.60000228882,0,14.5,20.60000228881836,21826.0,False,2,1,False,accurate,0,0,False,False,85,False,True,,,,,,,,,,,
3116,21812.0,21818.60000228882,21830.900005340576,0,12.300003051757812,18.900005340576172,21840.0,False,2,1,False,accurate,0,0,False,False,83,False,True,,,,,,,,,,,
3117,21819.0,21830.900005340576,21846.100006103516,0,15.200000762939453,27.100006103515625,21847.0,False,2,1,False,accurate,0,0,False,False,82,False,True,,,,,,,,,,,
3121,21847.0,21847.0,21858.39999771118,0,11.39999771118164,11.39999771118164,21875.0,False,1,0,False,accurate,0,0,False,False,78,False,True,,,,,,,,,,,
3124,21868.0,21868.0,21879.90000152588,0,11.900001525878906,11.900001525878906,21896.0,False,1,0,False,accurate,0,0,False,False,75,False,True,,,,,,,,,,,
3125,21875.0,21879.90000152588,21899.400005340576,0,19.500003814697266,24.400005340576172,21903.0,False,2,1,False,accurate,1,1,False,False,74,False,True,,,,,,,,,,,
3129,21903.0,21903.0,21915.90000152588,0,12.900001525878906,12.900001525878906,21931.0,False,1,0,False,accurate,0,0,False,False,70,False,True,,,,,,,,,,,
3131,21917.0,21917.0,21928.90000152588,0,11.900001525878906,11.900001525878906,21945.0,False,1,0,False,accurate,0,0,False,False,68,False,True,,,,,,,,,,,
3133,21931.0,21931.0,21942.89999771118,0,11.89999771118164,11.89999771118164,21959.0,False,1,0,False,accurate,1,1,False,False,66,False,True,,,,,,,,,,,
3134,21938.0,21942.89999771118,21955.60000228882,0,12.700004577636719,17.60000228881836,21966.0,False,2,1,False,accurate,1,1,False,False,65,False,True,,,,,,,,,,,
3136,21952.0,21955.60000228882,21967.0,0,11.39999771118164,15.0,21980.0,False,2,1,False,accurate,0,0,False,False,63,False,True,,,,,,,,,,,
3137,21959.0,21967.0,21969.59999847412,0,2.5999984741210938,10.599998474121094,21987.0,False,2,1,False,fast,0,1,True,False,62,False,True,,,,,,,,,,,
3141,21987.0,21987.0,22001.40000152588,0,14.400001525878906,14.400001525878906,22015.0,False,1,0,False,accurate,1,1,False,False,58,False,True,,,,,,,,,,,
3145,22015.0,22015.0,22028.5,0,13.5,13.5,22043.0,False,1,0,False,accurate,1,1,False,False,54,False,True,,,,,,,,,,,
3146,22022.0,22028.5,22039.10000228882,0,10.60000228881836,17.10000228881836,22050.0,False,2,1,False,accurate,0,0,False,False,53,False,True,,,,,,,,,,,
3152,22064.0,22064.0,22075.39999771118,0,11.39999771118164,11.39999771118164,22092.0,False,1,0,False,accurate,0,0,False,False,47,False,True,,,,,,,,,,,
3154,22078.0,22078.0,22094.999996185303,0,16.999996185302734,16.999996185302734,22106.0,False,1,0,False,accurate,0,0,False,False,45,False,True,,,,,,,,,,,
3157,22099.0,22099.0,22114.899993896484,0,15.899993896484375,15.899993896484375,22127.0,False,1,0,False,accurate,0,0,False,False,42,False,True,,,,,,,,,,,
3160,22120.0,22120.0,22131.60000228882,0,11.60000228881836,11.60000228881836,22148.0,False,1,0,False,accurate,0,0,False,False,39,False,True,,,,,,,,,,,
3165,22155.0,22155.0,22169.09999847412,0,14.099998474121094,14.099998474121094,22183.0,False,1,0,False,accurate,0,0,False,False,34,False,True,,,,,,,,,,,
3166,22162.0,22169.09999847412,22181.699996948242,0,12.599998474121094,19.699996948242188,22190.0,False,2,1,False,accurate,1,1,False,False,33,False,True,,,,,,,,,,,
3168,22176.0,22181.699996948242,22195.799995422363,0,14.099998474121094,19.79999542236328,22204.0,False,2,1,False,accurate,0,0,False,False,31,False,True,,,,,,,,,,,
3174,22218.0,22218.0,22229.5,0,11.5,11.5,22246.0,False,1,0,False,accurate,0,0,False,False,25,False,True,,,,,,,,,,,
3175,22225.0,22229.5,22242.90000152588,0,13.400001525878906,17.900001525878906,22253.0,False,2,1,False,accurate,0,0,False,False,24,False,True,,,,,,,,,,,
3179,22253.0,22253.0,22265.29999923706,0,12.299999237060547,12.299999237060547,22281.0,False,1,0,False,accurate,0,0,False,False,20,False,True,,,,,,,,,,,
3197,22379.0,22379.0,22395.5,0,16.5,16.5,22407.0,False,1,0,False,accurate,1,1,False,False,2,True,True,,,,,,,,,,,
3199,22393.0,22395.5,22407.5,0,12.0,14.5,22421.0,False,2,1,False,accurate,0,0,False,True,0,True,True,,,,,,,,,,,
3205,22435.0,22435.0,22438.127496475776,0,3.1274964757760246,3.1274964757758426,22463.0,False,1,0,False,fast,0,0,False,False,94,False,True,,,,,,,,,,,
3209,22463.0,22463.0,22484.131251096725,0,21.131251096725464,21.131251096725464,22491.0,False,1,0,False,accurate,0,0,False,False,90,False,True,,,,,,,,,,,
3215,22505.0,22505.0,22518.00374903679,0,13.00374903678894,13.003749036790396,22533.0,False,1,0,False,accurate,0,0,False,False,84,False,True,,,,,,,,,,,
3219,22533.0,22533.0,22549.84375082309,0,16.84375082309047,16.843750823089067,22561.0,False,1,0,False,accurate,0,0,False,False,80,False,True,,,,,,,,,,,
3221,22547.0,22549.84375082309,22566.047494185517,0,16.203743362426756,19.04749418551728,22575.0,False,2,1,False,accurate,0,0,False,False,78,False,True,,,,,,,,,,,
3228,22596.0,22596.0,22613.5,0,17.5,17.5,22624.0,False,1,0,False,accurate,0,0,False,False,71,False,True,,,,,,,,,,,
3229,22603.0,22613.5,22625.700004577637,0,12.200004577636719,22.70000457763672,22631.0,False,2,1,False,accurate,0,0,False,False,70,False,True,,,,,,,,,,,
3230,22610.0,22625.700004577637,22636.800003051758,0,11.099998474121094,26.800003051757812,22638.0,False,3,2,False,accurate,0,0,False,False,69,False,True,,,,,,,,,,,
3232,22624.0,22636.800003051758,22650.200004577637,0,13.400001525878906,26.20000457763672,22652.0,False,3,2,False,accurate,0,0,False,False,67,False,True,,,,,,,,,,,
3237,22659.0,22659.0,22676.000003814697,0,17.000003814697266,17.000003814697266,22687.0,False,1,0,False,accurate,0,0,False,False,62,False,True,,,,,,,,,,,
3240,22680.0,22680.0,22698.20000076294,0,18.200000762939453,18.200000762939453,22708.0,False,1,0,False,accurate,0,0,False,False,59,False,True,,,,,,,,,,,
3243,22701.0,22701.0,22718.59999847412,0,17.599998474121094,17.599998474121094,22729.0,False,1,0,False,accurate,0,0,False,False,56,False,True,,,,,,,,,,,
3244,22708.0,22718.59999847412,22721.29999923706,0,2.700000762939453,13.299999237060547,22736.0,False,2,1,False,fast,0,0,False,False,55,False,True,,,,,,,,,,,
3246,22722.0,22722.0,22742.59999847412,0,20.599998474121094,20.599998474121094,22750.0,False,1,0,False,accurate,0,0,False,False,53,False,True,,,,,,,,,,,
3247,22729.0,22742.59999847412,22753.89999771118,0,11.299999237060547,24.89999771118164,22757.0,False,2,1,False,accurate,0,0,False,False,52,False,True,,,,,,,,,,,
3249,22743.0,22753.89999771118,22767.899993896484,0,13.999996185302734,24.899993896484375,22771.0,False,2,1,False,accurate,0,0,False,False,50,False,True,,,,,,,,,,,
3250,22750.0,22767.899993896484,22770.499992370605,0,2.5999984741210938,20.49999237060547,22778.0,False,3,2,False,fast,0,0,False,False,49,False,True,,,,,,,,,,,
3255,22785.0,22785.0,22797.39999771118,0,12.39999771118164,12.39999771118164,22813.0,False,1,0,False,accurate,0,0,False,False,44,False,True,,,,,,,,,,,
3256,22792.0,22797.39999771118,22813.59999847412,0,16.200000762939453,21.599998474121094,22820.0,False,2,1,False,accurate,0,0,False,False,43,False,True,,,,,,,,,,,
3257,22799.0,22813.59999847412,22826.59999847412,0,13.0,27.599998474121094,22827.0,False,2,1,False,accurate,1,1,False,False,42,False,True,,,,,,,,,,,
3258,22806.0,22826.59999847412,22829.20000076294,0,2.6000022888183594,23.200000762939453,22834.0,False,3,2,False,fast,0,0,False,False,41,False,True,,,,,,,,,,,
3261,22827.0,22829.20000076294,22846.800003051758,0,17.60000228881836,19.800003051757812,22855.0,False,2,1,False,accurate,0,0,False,False,38,False,True,,,,,,,,,,,
3262,22834.0,22846.800003051758,22859.90000152588,0,13.099998474121094,25.900001525878906,22862.0,False,2,1,False,accurate,0,0,False,False,37,False,True,,,,,,,,,,,
3263,22841.0,22859.90000152588,22862.70000076294,0,2.799999237060547,21.700000762939453,22869.0,False,3,2,False,fast,0,0,False,False,36,False,True,,,,,,,,,,,
3264,22848.0,22862.70000076294,22865.39999771118,0,2.6999969482421875,17.39999771118164,22876.0,False,3,2,False,fast,0,0,False,False,35,False,True,,,,,,,,,,,
3267,22869.0,22869.0,22884.59999847412,0,15.599998474121094,15.599998474121094,22897.0,False,1,0,False,accurate,0,0,False,False,32,False,True,,,,,,,,,,,
3272,22904.0,22904.0,22920.20000076294,0,16.200000762939453,16.200000762939453,22932.0,False,1,0,False,accurate,1,1,False,False,27,False,True,,,,,,,,,,,
3276,22932.0,22932.0,22947.699996948242,0,15.699996948242188,15.699996948242188,22960.0,False,1,0,False,accurate,1,1,False,False,23,False,True,,,,,,,,,,,
3281,22967.0,22967.0,22982.5,0,15.5,15.5,22995.0,False,1,0,False,accurate,0,0,False,False,18,False,True,,,,,,,,,,,
3283,22981.0,22982.5,22997.79999923706,0,15.299999237060547,16.799999237060547,23009.0,False,2,1,False,accurate,1,1,False,False,16,False,True,,,,,,,,,,,
3284,22988.0,22997.79999923706,23000.90000152588,0,3.1000022888183594,12.900001525878906,23016.0,False,2,1,False,fast,0,0,False,False,15,False,True,,,,,,,,,,,
3285,22995.0,23000.90000152588,23003.600006103516,0,2.7000045776367188,8.600006103515625,23023.0,False,3,2,False,fast,0,0,False,False,14,False,True,,,,,,,,,,,
3287,23009.0,23009.0,23029.20000076294,0,20.200000762939453,20.200000762939453,23037.0,False,1,0,False,accurate,0,0,False,False,12,False,True,,,,,,,,,,,
3292,23044.0,23044.0,23046.70000076294,0,2.700000762939453,2.700000762939453,23072.0,False,1,0,False,fast,0,0,False,False,7,False,True,,,,,,,,,,,
3294,23058.0,23058.0,23079.10000228882,0,21.10000228881836,21.10000228881836,23086.0,False,1,0,False,accurate,0,0,False,False,5,False,True,,,,,,,,,,,
3295,23065.0,23079.10000228882,23082.40000152588,0,3.299999237060547,17.400001525878906,23093.0,False,2,1,False,fast,0,0,False,False,4,False,True,,,,,,,,,,,
3296,23072.0,23082.40000152588,23085.09999847412,0,2.6999969482421875,13.099998474121094,23100.0,False,3,2,False,fast,0,0,False,False,3,False,True,,,,,,,,,,,
3298,23086.0,23086.0,23105.20000076294,0,19.200000762939453,19.200000762939453,23114.0,False,1,0,False,accurate,0,0,False,False,1,True,True,,,,,,,,,,,
3299,23093.0,23105.20000076294,23107.89999771118,0,2.6999969482421875,14.89999771118164,23121.0,False,2,1,False,fast,0,0,False,True,0,True,True,,,,,,,,,,,
3303,23121.0,23121.0,23134.29999923706,0,13.299999237060547,13.299999237060547,23149.0,False,1,0,False,accurate,0,0,False,False,96,False,True,,,,,,,,,,,
3308,23156.0,23156.0,23170.10000228882,0,14.10000228881836,14.10000228881836,23184.0,False,1,0,False,accurate,1,1,False,False,91,False,True,,,,,,,,,,,
3316,23212.0,23212.0,23225.79999923706,0,13.799999237060547,13.799999237060547,23240.0,False,1,0,False,accurate,0,0,False,False,83,False,True,,,,,,,,,,,
3318,23226.0,23226.0,23240.59999847412,0,14.599998474121094,14.599998474121094,23254.0,False,1,0,False,accurate,0,0,False,False,81,False,True,,,,,,,,,,,
3319,23233.0,23240.59999847412,23254.299995422363,0,13.699996948242188,21.29999542236328,23261.0,False,2,1,False,accurate,1,1,False,False,80,False,True,,,,,,,,,,,
3320,23240.0,23254.299995422363,23256.999992370605,0,2.6999969482421875,16.99999237060547,23268.0,False,3,2,False,fast,0,0,False,False,79,False,True,,,,,,,,,,,
3323,23261.0,23261.0,23272.29999923706,0,11.299999237060547,11.299999237060547,23289.0,False,1,0,False,accurate,0,0,False,False,76,False,True,,,,,,,,,,,
3326,23282.0,23282.0,23295.10000228882,0,13.10000228881836,13.10000228881836,23310.0,False,1,0,False,accurate,0,0,False,False,73,False,True,,,,,,,,,,,
3333,23331.0,23331.0,23343.5,0,12.5,12.5,23359.0,False,1,0,False,accurate,0,0,False,False,66,False,True,,,,,,,,,,,
3341,23387.0,23387.0,23400.5,0,13.5,13.5,23415.0,False,1,0,False,accurate,1,1,False,False,58,False,True,,,,,,,,,,,
3342,23394.0,23400.5,23412.60000228882,0,12.10000228881836,18.60000228881836,23422.0,False,2,1,False,accurate,0,0,False,False,57,False,True,,,,,,,,,,,
3346,23422.0,23422.0,23435.699996948242,0,13.699996948242188,13.699996948242188,23450.0,False,1,0,False,accurate,1,1,False,False,53,False,True,,,,,,,,,,,
3347,23429.0,23435.699996948242,23446.499996185303,0,10.799999237060547,17.499996185302734,23457.0,False,2,1,False,accurate,1,1,False,False,52,False,True,,,,,,,,,,,
3349,23443.0,23446.499996185303,23461.199996948242,0,14.700000762939453,18.199996948242188,23471.0,False,2,1,False,accurate,0,0,False,False,50,False,True,,,,,,,,,,,
3350,23450.0,23461.199996948242,23476.499996185303,0,15.299999237060547,26.499996185302734,23478.0,False,2,1,False,accurate,1,1,False,False,49,False,True,,,,,,,,,,,
3355,23485.0,23485.0,23497.39999771118,0,12.39999771118164,12.39999771118164,23513.0,False,1,0,False,accurate,0,0,False,False,44,False,True,,,,,,,,,,,
3356,23492.0,23497.39999771118,23513.79999923706,0,16.400001525878906,21.799999237060547,23520.0,False,2,1,False,accurate,1,1,False,False,43,False,True,,,,,,,,,,,
3360,23520.0,23520.0,23539.209998703,0,19.209998703002928,19.209998703001474,23548.0,False,1,0,False,accurate,0,0,False,False,39,False,True,,,,,,,,,,,
3364,23548.0,23548.0,23568.900001024405,0,20.900001024405153,20.900001024405356,23576.0,False,1,0,False,accurate,0,0,False,False,35,False,True,,,,,,,,,,,
3365,23555.0,23568.900001024405,23571.91167035262,0,3.0116693282127476,16.911670352619694,23583.0,False,2,1,False,fast,0,0,False,False,34,False,True,,,,,,,,,,,
3368,23576.0,23576.0,23578.946664947667,0,2.946664947668705,2.946664947667159,23604.0,False,1,0,False,fast,0,1,True,False,31,False,True,,,,,,,,,,,
3375,23625.0,23625.0,23645.704997110366,0,20.704997110366822,20.704997110366094,23653.0,False,1,0,False,accurate,0,0,False,False,24,False,True,,,,,,,,,,,
3377,23639.0,23645.704997110366,23659.432498868504,0,13.727501758138327,20.4324988685039,23667.0,False,2,1,False,accurate,0,0,False,False,22,False,True,,,,,,,,,,,
3380,23660.0,23660.0,23672.953331669767,0,12.953331669767692,12.953331669767067,23688.0,False,1,0,False,accurate,0,0,False,False,19,False,True,,,,,,,,,,,
3381,23667.0,23672.953331669767,23684.91583166977,0,11.962499999999999,17.915831669768522,23695.0,False,2,1,False,accurate,0,0,False,False,18,False,True,,,,,,,,,,,
3383,23681.0,23684.91583166977,23702.41166109192,0,17.495829422151044,21.411661091919086,23709.0,False,2,1,False,accurate,0,0,False,False,16,False,True,,,,,,,,,,,
3388,23716.0,23716.0,23726.79999923706,0,10.799999237060547,10.799999237060547,23744.0,False,1,0,False,accurate,0,0,False,False,11,False,True,,,,,,,,,,,
3390,23730.0,23730.0,23744.29999923706,0,14.299999237060547,14.299999237060547,23758.0,False,1,0,False,accurate,1,1,False,False,9,False,True,,,,,,,,,,,
3392,23744.0,23744.29999923706,23758.09999847412,0,13.799999237060547,14.099998474121094,23772.0,False,2,1,False,accurate,0,0,False,False,7,False,True,,,,,,,,,,,
3393,23751.0,23758.09999847412,23769.59999847412,0,11.5,18.599998474121094,23779.0,False,2,1,False,accurate,0,0,False,False,6,False,True,,,,,,,,,,,
3394,23758.0,23769.59999847412,23785.09999847412,0,15.5,27.099998474121094,23786.0,False,3,2,False,accurate,1,1,False,False,5,False,True,,,,,,,,,,,
3395,23765.0,23785.09999847412,23787.70000076294,0,2.6000022888183594,22.700000762939453,23793.0,False,3,2,False,fast,0,1,True,False,4,False,True,,,,,,,,,,,
3397,23779.0,23787.70000076294,23799.10000228882,0,11.400001525878906,20.10000228881836,23807.0,False,3,2,False,accurate,0,0,False,False,2,True,True,,,,,,,,,,,
3398,23786.0,23799.10000228882,23801.800003051758,0,2.700000762939453,15.800003051757812,23814.0,False,3,2,False,fast,0,1,True,False,1,True,True,,,,,,,,,,,
3399,23793.0,23801.800003051758,23819.40000152588,0,17.599998474121094,26.400001525878906,23821.0,False,3,2,False,accurate,0,0,False,True,0,True,True,,,,,,,,,,,
3400,23800.0,23819.40000152588,23822.300003051758,0,2.9000015258789062,22.300003051757812,23828.0,False,3,2,False,fast,0,1,True,False,99,False,True,,,,,,,,,,,
3405,23835.0,23835.0,23847.70000076294,0,12.700000762939453,12.700000762939453,23863.0,False,1,0,False,accurate,0,0,False,False,94,False,True,,,,,,,,,,,
3407,23849.0,23849.0,23870.29999923706,0,21.299999237060547,21.299999237060547,23877.0,False,1,0,False,accurate,1,1,False,False,92,False,True,,,,,,,,,,,
3409,23863.0,23870.29999923706,23888.5,0,18.200000762939453,25.5,23891.0,False,2,1,False,accurate,0,0,False,False,90,False,True,,,,,,,,,,,
3410,23870.0,23888.5,23891.199996948242,0,2.6999969482421875,21.199996948242188,23898.0,False,3,2,False,fast,0,0,False,False,89,False,True,,,,,,,,,,,
3411,23877.0,23891.199996948242,23904.999996185303,0,13.799999237060547,27.999996185302734,23905.0,False,3,2,False,accurate,1,1,False,False,88,False,True,,,,,,,,,,,
3412,23884.0,23904.999996185303,23907.799995422363,0,2.799999237060547,23.79999542236328,23912.0,False,4,3,False,fast,0,0,False,False,87,False,True,,,,,,,,,,,
3416,23912.0,23912.0,23925.300003051758,0,13.300003051757812,13.300003051757812,23940.0,False,1,0,False,accurate,0,0,False,False,83,False,True,,,,,,,,,,,
3418,23926.0,23926.0,23939.70000076294,0,13.700000762939453,13.700000762939453,23954.0,False,1,0,False,accurate,0,0,False,False,81,False,True,,,,,,,,,,,
3420,23940.0,23940.0,23951.89999771118,0,11.89999771118164,11.89999771118164,23968.0,False,1,0,False,accurate,1,1,False,False,79,False,True,,,,,,,,,,,
3421,23947.0,23951.89999771118,23966.39999771118,0,14.5,19.39999771118164,23975.0,False,2,1,False,accurate,0,0,False,False,78,False,True,,,,,,,,,,,
3425,23975.0,23975.0,23993.699996948242,0,18.699996948242188,18.699996948242188,24003.0,False,1,0,False,accurate,1,1,False,False,74,False,True,,,,,,,,,,,
3430,24010.0,24010.0,24026.40000152588,0,16.400001525878906,16.400001525878906,24038.0,False,1,0,False,accurate,1,1,False,False,69,False,True,,,,,,,,,,,
3432,24024.0,24026.40000152588,24041.000003814697,0,14.60000228881836,17.000003814697266,24052.0,False,2,1,False,accurate,0,0,False,False,67,False,True,,,,,,,,,,,
3437,24059.0,24059.0,24070.70000076294,0,11.700000762939453,11.700000762939453,24087.0,False,1,0,False,accurate,1,1,False,False,62,False,True,,,,,,,,,,,
3439,24073.0,24073.0,24089.000003814697,0,16.000003814697266,16.000003814697266,24101.0,False,1,0,False,accurate,0,0,False,False,60,False,True,,,,,,,,,,,
3444,24108.0,24108.0,24127.70000076294,0,19.700000762939453,19.700000762939453,24136.0,False,1,0,False,accurate,0,0,False,False,55,False,True,,,,,,,,,,,
3445,24115.0,24127.70000076294,24130.29999923706,0,2.5999984741210938,15.299999237060547,24143.0,False,2,1,False,fast,0,1,True,False,54,False,True,,,,,,,,,,,
3448,24136.0,24136.0,24148.0,0,12.0,12.0,24164.0,False,1,0,False,accurate,1,1,False,False,51,False,True,,,,,,,,,,,
3449,24143.0,24148.0,24158.60000228882,0,10.60000228881836,15.60000228881836,24171.0,False,2,1,False,accurate,0,0,False,False,50,False,True,,,,,,,,,,,
3453,24171.0,24171.0,24186.29999923706,0,15.299999237060547,15.299999237060547,24199.0,False,1,0,False,accurate,1,1,False,False,46,False,True,,,,,,,,,,,
3458,24206.0,24206.0,24218.29999923706,0,12.299999237060547,12.299999237060547,24234.0,False,1,0,False,accurate,1,1,False,False,41,False,True,,,,,,,,,,,
3462,24234.0,24234.0,24248.90000152588,0,14.900001525878906,14.900001525878906,24262.0,False,1,0,False,accurate,0,0,False,False,37,False,True,,,,,,,,,,,
3463,24241.0,24248.90000152588,24263.000003814697,0,14.10000228881836,22.000003814697266,24269.0,False,2,1,False,accurate,0,0,False,False,36,False,True,,,,,,,,,,,
3465,24255.0,24263.000003814697,24280.200004577637,0,17.200000762939453,25.20000457763672,24283.0,False,2,1,False,accurate,0,0,False,False,34,False,True,,,,,,,,,,,
3466,24262.0,24280.200004577637,24282.90000152588,0,2.6999969482421875,20.900001525878906,24290.0,False,3,2,False,fast,0,0,False,False,33,False,True,,,,,,,,,,,
3467,24269.0,24282.90000152588,24285.60000228882,0,2.700000762939453,16.60000228881836,24297.0,False,3,2,False,fast,0,0,False,False,32,False,True,,,,,,,,,,,
3469,24283.0,24285.60000228882,24299.60000228882,0,14.0,16.60000228881836,24311.0,False,2,1,False,accurate,0,0,False,False,30,False,True,,,,,,,,,,,
3471,24297.0,24299.60000228882,24313.40000152588,0,13.799999237060547,16.400001525878906,24325.0,False,2,1,False,accurate,0,0,False,False,28,False,True,,,,,,,,,,,
3477,24339.0,24339.0,24352.0,0,13.0,13.0,24367.0,False,1,0,False,accurate,0,0,False,False,22,False,True,,,,,,,,,,,
3480,24360.0,24360.0,24372.800003051758,0,12.800003051757812,12.800003051757812,24388.0,False,1,0,False,accurate,0,0,False,False,19,False,True,,,,,,,,,,,
3482,24374.0,24374.0,24391.09999847412,0,17.099998474121094,17.099998474121094,24402.0,False,1,0,False,accurate,0,0,False,False,17,False,True,,,,,,,,,,,
3484,24388.0,24391.09999847412,24404.799995422363,0,13.699996948242188,16.79999542236328,24416.0,False,2,1,False,accurate,0,0,False,False,15,False,True,,,,,,,,,,,
3486,24402.0,24404.799995422363,24416.999996185303,0,12.200000762939453,14.999996185302734,24430.0,False,2,1,False,accurate,0,0,False,False,13,False,True,,,,,,,,,,,
3488,24416.0,24416.999996185303,24429.299995422363,0,12.299999237060547,13.299995422363281,24444.0,False,2,1,False,accurate,0,0,False,False,11,False,True,,,,,,,,,,,
3491,24437.0,24437.0,24451.199996948242,0,14.199996948242188,14.199996948242188,24465.0,False,1,0,False,accurate,0,0,False,False,8,False,True,,,,,,,,,,,
3492,24444.0,24451.199996948242,24465.29999923706,0,14.10000228881836,21.299999237060547,24472.0,False,2,1,False,accurate,0,0,False,False,7,False,True,,,,,,,,,,,
3493,24451.0,24465.29999923706,24468.0,0,2.700000762939453,17.0,24479.0,False,3,2,False,fast,0,0,False,False,6,False,True,,,,,,,,,,,
3494,24458.0,24468.0,24480.89999771118,0,12.89999771118164,22.89999771118164,24486.0,False,3,2,False,accurate,0,0,False,False,5,False,True,,,,,,,,,,,
3495,24465.0,24480.89999771118,24483.499996185303,0,2.5999984741210938,18.499996185302734,24493.0,False,4,3,False,fast,0,0,False,False,4,False,True,,,,,,,,,,,
3498,24486.0,24486.0,24503.699996948242,0,17.699996948242188,17.699996948242188,24514.0,False,1,0,False,accurate,1,1,False,False,1,True,True,,,,,,,,,,,
3500,24500.0,24503.699996948242,24518.299995422363,0,14.599998474121094,18.29999542236328,24528.0,False,2,1,False,accurate,0,0,False,False,99,False,True,,,,,,,,,,,
3501,24507.0,24518.299995422363,24531.89999771118,0,13.60000228881836,24.89999771118164,24535.0,False,2,1,False,accurate,0,0,False,False,98,False,True,,,,,,,,,,,
3502,24514.0,24531.89999771118,24534.59999847412,0,2.700000762939453,20.599998474121094,24542.0,False,3,2,False,fast,0,0,False,False,97,False,True,,,,,,,,,,,
3503,24521.0,24534.59999847412,24547.09999847412,0,12.5,26.099998474121094,24549.0,False,3,2,False,accurate,0,0,False,False,96,False,True,,,,,,,,,,,
3506,24542.0,24547.09999847412,24560.699996948242,0,13.599998474121094,18.699996948242188,24570.0,False,2,1,False,accurate,0,0,False,False,93,False,True,,,,,,,,,,,
3509,24563.0,24563.0,24579.300003051758,0,16.300003051757812,16.300003051757812,24591.0,False,1,0,False,accurate,0,0,False,False,90,False,True,,,,,,,,,,,
3510,24570.0,24579.300003051758,24593.900005340576,0,14.60000228881836,23.900005340576172,24598.0,False,2,1,False,accurate,0,0,False,False,89,False,True,,,,,,,,,,,
3513,24591.0,24593.900005340576,24607.700004577637,0,13.799999237060547,16.70000457763672,24619.0,False,2,1,False,accurate,0,0,False,False,86,False,True,,,,,,,,,,,
3515,24605.0,24607.700004577637,24618.800003051758,0,11.099998474121094,13.800003051757812,24633.0,False,2,1,False,accurate,0,0,False,False,84,False,True,,,,,,,,,,,
3517,24619.0,24619.0,24635.5,0,16.5,16.5,24647.0,False,1,0,False,accurate,0,0,False,False,82,False,True,,,,,,,,,,,
3519,24633.0,24635.5,24648.29999923706,0,12.799999237060547,15.299999237060547,24661.0,False,2,1,False,accurate,0,0,False,False,80,False,True,,,,,,,,,,,
3522,24654.0,24654.0,24671.401670571566,0,17.40167057156566,17.401670571565774,24682.0,False,1,0,False,accurate,0,0,False,False,77,False,True,,,,,,,,,,,
3530,24710.0,24710.0,24736.19499759237,0,26.194997592369738,26.194997592370783,24738.0,False,1,0,False,accurate,1,1,False,False,69,False,True,,,,,,,,,,,
3534,24738.0,24738.0,24756.987500883242,0,18.98750088324149,18.98750088324232,24766.0,False,1,0,False,accurate,0,0,False,False,65,False,True,,,,,,,,,,,
3537,24759.0,24759.0,24775.256249906124,0,16.256249906122683,16.25624990612414,24787.0,False,1,0,False,accurate,0,0,False,False,62,False,True,,,,,,,,,,,
3538,24766.0,24775.256249906124,24778.511252309385,0,3.2550024032592777,12.511252309384872,24794.0,False,2,1,False,fast,0,1,True,False,61,False,True,,,,,,,,,,,
3542,24794.0,24794.0,24809.240001639922,0,15.240001639922461,15.240001639922411,24822.0,False,1,0,False,accurate,0,0,False,False,57,False,True,,,,,,,,,,,
3546,24822.0,24822.0,24842.20000076294,0,20.200000762939453,20.200000762939453,24850.0,False,1,0,False,accurate,1,1,False,False,53,False,True,,,,,,,,,,,
3550,24850.0,24850.0,24862.400005340576,0,12.400005340576172,12.400005340576172,24878.0,False,1,0,False,accurate,0,0,False,False,49,False,True,,,,,,,,,,,
3552,24864.0,24864.0,24875.79999923706,0,11.799999237060547,11.799999237060547,24892.0,False,1,0,False,accurate,0,0,False,False,47,False,True,,,,,,,,,,,
3553,24871.0,24875.79999923706,24889.79999923706,0,14.0,18.799999237060547,24899.0,False,2,1,False,accurate,0,0,False,False,46,False,True,,,,,,,,,,,
3556,24892.0,24892.0,24903.60000228882,0,11.60000228881836,11.60000228881836,24920.0,False,1,0,False,accurate,0,0,False,False,43,False,True,,,,,,,,,,,
3557,24899.0,24903.60000228882,24917.800003051758,0,14.200000762939453,18.800003051757812,24927.0,False,2,1,False,accurate,1,1,False,False,42,False,True,,,,,,,,,,,
3558,24906.0,24917.800003051758,24921.800006866455,0,4.000003814697266,15.800006866455078,24934.0,False,2,1,False,fast,0,0,False,False,41,False,True,,,,,,,,,,,
3559,24913.0,24921.800006866455,24935.200004577637,0,13.39999771118164,22.20000457763672,24941.0,False,3,2,False,accurate,1,1,False,False,40,False,True,,,,,,,,,,,
3563,24941.0,24941.0,24960.59999847412,0,19.599998474121094,19.599998474121094,24969.0,False,1,0,False,accurate,0,0,False,False,36,False,True,,,,,,,,,,,
3565,24955.0,24960.59999847412,24978.09999847412,0,17.5,23.099998474121094,24983.0,False,2,1,False,accurate,1,1,False,False,34,False,True,,,,,,,,,,,
3573,25011.0,25011.0,25024.70000076294,0,13.700000762939453,13.700000762939453,25039.0,False,1,0,False,accurate,1,1,False,False,26,False,True,,,,,,,,,,,
3574,25018.0,25024.70000076294,25040.79999923706,0,16.099998474121094,22.799999237060547,25046.0,False,2,1,False,accurate,1,1,False,False,25,False,True,,,,,,,,,,,
3576,25032.0,25040.79999923706,25054.0,0,13.200000762939453,22.0,25060.0,False,2,1,False,accurate,0,0,False,False,23,False,True,,,,,,,,,,,
3581,25067.0,25067.0,25078.39999771118,0,11.39999771118164,11.39999771118164,25095.0,False,1,0,False,accurate,0,0,False,False,18,False,True,,,,,,,,,,,
3584,25088.0,25088.0,25098.300003051758,0,10.300003051757812,10.300003051757812,25116.0,False,1,0,False,accurate,0,0,False,False,15,False,True,,,,,,,,,,,
3589,25123.0,25123.0,25141.0,0,18.0,18.0,25151.0,False,1,0,False,accurate,0,0,False,False,10,False,True,,,,,,,,,,,
3590,25130.0,25141.0,25153.60000228882,0,12.60000228881836,23.60000228881836,25158.0,False,2,1,False,accurate,0,0,False,False,9,False,True,,,,,,,,,,,
3591,25137.0,25153.60000228882,25156.29999923706,0,2.6999969482421875,19.299999237060547,25165.0,False,3,2,False,fast,0,1,True,False,8,False,True,,,,,,,,,,,
3598,25186.0,25186.0,25198.0,0,12.0,12.0,25214.0,False,1,0,False,accurate,0,0,False,False,1,True,True,,,,,,,,,,,
3600,25200.0,25200.0,25218.100006103516,0,18.100006103515625,18.100006103515625,25228.0,False,1,0,False,accurate,0,0,False,False,99,False,True,,,,,,,,,,,
3603,25221.0,25221.0,25236.899993896484,0,15.899993896484375,15.899993896484375,25249.0,False,1,0,False,accurate,0,0,False,False,96,False,True,,,,,,,,,,,
3607,25249.0,25249.0,25262.29999923706,0,13.299999237060547,13.299999237060547,25277.0,False,1,0,False,accurate,1,1,False,False,92,False,True,,,,,,,,,,,
3612,25284.0,25284.0,25296.59999847412,0,12.599998474121094,12.599998474121094,25312.0,False,1,0,False,accurate,0,0,False,False,87,False,True,,,,,,,,,,,
3614,25298.0,25298.0,25310.60000228882,0,12.60000228881836,12.60000228881836,25326.0,False,1,0,False,accurate,1,1,False,False,85,False,True,,,,,,,,,,,
3615,25305.0,25310.60000228882,25329.20000076294,0,18.599998474121094,24.200000762939453,25333.0,False,2,1,False,accurate,0,0,False,False,84,False,True,,,,,,,,,,,
3619,25333.0,25333.0,25346.40000152588,0,13.400001525878906,13.400001525878906,25361.0,False,1,0,False,accurate,0,0,False,False,80,False,True,,,,,,,,,,,
3621,25347.0,25347.0,25363.300003051758,0,16.300003051757812,16.300003051757812,25375.0,False,1,0,False,accurate,0,0,False,False,78,False,True,,,,,,,,,,,
3622,25354.0,25363.300003051758,25379.900005340576,0,16.60000228881836,25.900005340576172,25382.0,False,2,1,False,accurate,0,0,False,False,77,False,True,,,,,,,,,,,
3624,25368.0,25379.900005340576,25395.000007629395,0,15.10000228881836,27.00000762939453,25396.0,False,2,1,False,accurate,0,0,False,False,75,False,True,,,,,,,,,,,
3625,25375.0,25395.000007629395,25397.70001220703,0,2.7000045776367188,22.70001220703125,25403.0,False,3,2,False,fast,0,1,True,False,74,False,True,,,,,,,,,,,
3627,25389.0,25397.70001220703,25414.70001220703,0,17.0,25.70001220703125,25417.0,False,3,2,False,accurate,1,1,False,False,72,False,True,,,,,,,,,,,
3628,25396.0,25414.70001220703,25417.30001449585,0,2.6000022888183594,21.30001449584961,25424.0,False,3,2,False,fast,0,1,True,False,71,False,True,,,,,,,,,,,
3630,25410.0,25417.30001449585,25430.10001373291,0,12.799999237060547,20.100013732910156,25438.0,False,3,2,False,accurate,0,0,False,False,69,False,True,,,,,,,,,,,
3635,25445.0,25445.0,25461.499996185303,0,16.499996185302734,16.499996185302734,25473.0,False,1,0,False,accurate,0,0,False,False,64,False,True,,,,,,,,,,,
3636,25452.0,25461.499996185303,25476.89999771118,0,15.400001525878906,24.89999771118164,25480.0,False,2,1,False,accurate,0,0,False,False,63,False,True,,,,,,,,,,,
3637,25459.0,25476.89999771118,25479.59999847412,0,2.700000762939453,20.599998474121094,25487.0,False,3,2,False,fast,0,0,False,False,62,False,True,,,,,,,,,,,
3638,25466.0,25479.59999847412,25491.499996185303,0,11.89999771118164,25.499996185302734,25494.0,False,3,2,False,accurate,0,0,False,False,61,False,True,,,,,,,,,,,
3639,25473.0,25491.499996185303,25494.099994659424,0,2.5999984741210938,21.099994659423828,25501.0,False,4,3,False,fast,0,0,False,False,60,False,True,,,,,,,,,,,
3641,25487.0,25494.099994659424,25511.499996185303,0,17.400001525878906,24.499996185302734,25515.0,False,3,2,False,accurate,0,0,False,False,58,False,True,,,,,,,,,,,
3643,25501.0,25511.499996185303,25524.499996185303,0,13.0,23.499996185302734,25529.0,False,2,1,False,accurate,0,0,False,False,56,False,True,,,,,,,,,,,
3647,25529.0,25529.0,25542.60000228882,0,13.60000228881836,13.60000228881836,25557.0,False,1,0,False,accurate,1,1,False,False,52,False,True,,,,,,,,,,,
3648,25536.0,25542.60000228882,25563.300003051758,0,20.700000762939453,27.300003051757812,25564.0,False,2,1,False,accurate,0,0,False,False,51,False,True,,,,,,,,,,,
3651,25557.0,25563.300003051758,25576.70000076294,0,13.39999771118164,19.700000762939453,25585.0,False,2,1,False,accurate,1,1,False,False,48,False,True,,,,,,,,,,,
3655,25585.0,25585.0,25597.29999923706,0,12.299999237060547,12.299999237060547,25613.0,False,1,0,False,accurate,1,1,False,False,44,False,True,,,,,,,,,,,
3659,25613.0,25613.0,25631.70000076294,0,18.700000762939453,18.700000762939453,25641.0,False,1,0,False,accurate,0,0,False,False,40,False,True,,,,,,,,,,,
3660,25620.0,25631.70000076294,25646.89999771118,0,15.199996948242188,26.89999771118164,25648.0,False,2,1,False,accurate,1,1,False,False,39,False,True,,,,,,,,,,,
3662,25634.0,25646.89999771118,25661.999996185303,0,15.099998474121094,27.999996185302734,25662.0,False,2,1,False,accurate,0,0,False,False,37,False,True,,,,,,,,,,,
3663,25641.0,25661.999996185303,25664.59999847412,0,2.6000022888183594,23.599998474121094,25669.0,False,3,2,False,fast,0,0,False,False,36,False,True,,,,,,,,,,,
3665,25655.0,25664.59999847412,25681.199996948242,0,16.599998474121094,26.199996948242188,25683.0,False,3,2,False,accurate,0,0,False,False,34,False,True,,,,,,,,,,,
3666,25662.0,25681.199996948242,25683.79999923706,0,2.6000022888183594,21.799999237060547,25690.0,False,3,2,False,fast,0,0,False,False,33,False,True,,,,,,,,,,,
3667,25669.0,25683.79999923706,25686.89999771118,0,3.0999984741210938,17.89999771118164,25697.0,False,3,2,False,fast,0,0,False,False,32,False,True,,,,,,,,,,,
3669,25683.0,25686.89999771118,25697.699996948242,0,10.799999237060547,14.699996948242188,25711.0,False,3,2,False,accurate,0,0,False,False,30,False,True,,,,,,,,,,,
3673,25711.0,25711.0,25722.29999923706,0,11.299999237060547,11.299999237060547,25739.0,False,1,0,False,accurate,0,0,False,False,26,False,True,,,,,,,,,,,
3677,25739.0,25739.0,25757.20000076294,0,18.200000762939453,18.200000762939453,25767.0,False,1,0,False,accurate,0,0,False,False,22,False,True,,,,,,,,,,,
3680,25760.0,25760.0,25783.459998703,0,23.459998703002928,23.459998703001474,25788.0,False,1,0,False,accurate,0,0,False,False,19,False,True,,,,,,,,,,,
3684,25788.0,25788.0,25815.391671258014,0,27.391671258012412,27.391671258013957,25816.0,False,1,0,False,accurate,0,0,False,False,15,False,True,,,,,,,,,,,
3685,25795.0,25815.391671258014,25818.40334058623,0,3.0116693282127476,23.403340586228296,25823.0,False,2,1,False,fast,0,0,False,False,14,False,True,,,,,,,,,,,
3691,25837.0,25837.0,25852.170833486318,0,15.170833486318589,15.17083348631786,25865.0,False,1,0,False,accurate,1,1,False,False,8,False,True,,,,,,,,,,,
3692,25844.0,25852.170833486318,25870.80083245635,0,18.62999897003174,26.80083245634887,25872.0,False,2,1,False,accurate,0,0,False,False,7,False,True,,,,,,,,,,,
3697,25879.0,25879.0,25895.73791381389,0,16.73791381388904,16.737913813889463,25907.0,False,1,0,False,accurate,1,1,False,False,2,True,True,,,,,,,,,,,
3698,25886.0,25895.73791381389,25898.572910609542,0,2.834996795654297,12.572910609542305,25914.0,False,2,1,False,fast,0,0,False,False,1,True,True,,,,,,,,,,,
3700,25900.0,25900.0,25915.521668418893,0,15.521668418894217,15.52166841889266,25928.0,False,1,0,False,accurate,0,0,False,False,99,False,True,,,,,,,,,,,
3701,25907.0,25915.521668418893,25933.791663440712,0,18.269995021820066,26.791663440712,25935.0,False,2,1,False,accurate,0,0,False,False,98,False,True,,,,,,,,,,,
3707,25949.0,25949.0,25961.199996948242,0,12.199996948242188,12.199996948242188,25977.0,False,1,0,False,accurate,0,0,False,False,92,False,True,,,,,,,,,,,
3708,25956.0,25961.199996948242,25978.199996948242,0,17.0,22.199996948242188,25984.0,False,2,1,False,accurate,1,1,False,False,91,False,True,,,,,,,,,,,
3710,25970.0,25978.199996948242,25993.899993896484,0,15.699996948242188,23.899993896484375,25998.0,False,2,1,False,accurate,0,0,False,False,89,False,True,,,,,,,,,,,
3711,25977.0,25993.899993896484,25996.599994659424,0,2.700000762939453,19.599994659423828,26005.0,False,3,2,False,fast,0,0,False,False,88,False,True,,,,,,,,,,,
3713,25991.0,25996.599994659424,26010.199993133545,0,13.599998474121094,19.199993133544922,26019.0,False,3,2,False,accurate,0,0,False,False,86,False,True,,,,,,,,,,,
3714,25998.0,26010.199993133545,26022.799995422363,0,12.60000228881836,24.79999542236328,26026.0,False,2,1,False,accurate,1,1,False,False,85,False,True,,,,,,,,,,,
3715,26005.0,26022.799995422363,26025.5,0,2.7000045776367188,20.5,26033.0,False,3,2,False,fast,0,1,True,False,84,False,True,,,,,,,,,,,
3717,26019.0,26025.5,26046.40000152588,0,20.900001525878906,27.400001525878906,26047.0,False,3,2,False,accurate,1,1,False,False,82,False,True,,,,,,,,,,,
3718,26026.0,26046.40000152588,26049.09999847412,0,2.6999969482421875,23.099998474121094,26054.0,False,2,1,False,fast,0,0,False,False,81,False,True,,,,,,,,,,,
3722,26054.0,26054.0,26068.59999847412,0,14.599998474121094,14.599998474121094,26082.0,False,1,0,False,accurate,0,0,False,False,77,False,True,,,,,,,,,,,
3723,26061.0,26068.59999847412,26083.40000152588,0,14.800003051757812,22.400001525878906,26089.0,False,2,1,False,accurate,0,0,False,False,76,False,True,,,,,,,,,,,
3724,26068.0,26083.40000152588,26086.100006103516,0,2.7000045776367188,18.100006103515625,26096.0,False,3,2,False,fast,0,0,False,False,75,False,True,,,,,,,,,,,
3727,26089.0,26089.0,26101.29999923706,0,12.299999237060547,12.299999237060547,26117.0,False,1,0,False,accurate,0,0,False,False,72,False,True,,,,,,,,,,,
3729,26103.0,26103.0,26116.40000152588,0,13.400001525878906,13.400001525878906,26131.0,False,1,0,False,accurate,1,1,False,False,70,False,True,,,,,,,,,,,
3731,26117.0,26117.0,26136.0,0,19.0,19.0,26145.0,False,1,0,False,accurate,0,0,False,False,68,False,True,,,,,,,,,,,
3732,26124.0,26136.0,26138.700004577637,0,2.7000045776367188,14.700004577636719,26152.0,False,2,1,False,fast,0,0,False,False,67,False,True,,,,,,,,,,,
3735,26145.0,26145.0,26163.90000152588,0,18.900001525878906,18.900001525878906,26173.0,False,1,0,False,accurate,0,0,False,False,64,False,True,,,,,,,,,,,
3738,26166.0,26166.0,26183.90000152588,0,17.900001525878906,17.900001525878906,26194.0,False,1,0,False,accurate,0,0,False,False,61,False,True,,,,,,,,,,,
3739,26173.0,26183.90000152588,26195.700004577637,0,11.800003051757812,22.70000457763672,26201.0,False,2,1,False,accurate,0,0,False,False,60,False,True,,,,,,,,,,,
3740,26180.0,26195.700004577637,26216.200004577637,0,20.5,36.20000457763672,26208.0,True,3,2,False,fast,0,0,False,False,59,False,False,,,,,,,,,,,
3742,26194.0,26216.200004577637,26221.300006866455,0,5.100002288818359,27.300006866455078,26222.0,False,3,2,False,fast,0,0,False,False,57,False,True,,,,,,,,,,,
3748,26236.0,26236.0,26251.40000152588,0,15.400001525878906,15.400001525878906,26264.0,False,1,0,False,accurate,0,0,False,False,51,False,True,,,,,,,,,,,
3750,26250.0,26251.40000152588,26262.29999923706,0,10.89999771118164,12.299999237060547,26278.0,False,2,1,False,accurate,0,0,False,False,49,False,True,,,,,,,,,,,
3751,26257.0,26262.29999923706,26273.79999923706,0,11.5,16.799999237060547,26285.0,False,2,1,False,accurate,0,0,False,False,48,False,True,,,,,,,,,,,
3753,26271.0,26273.79999923706,26288.09999847412,0,14.299999237060547,17.099998474121094,26299.0,False,2,1,False,accurate,0,0,False,False,46,False,True,,,,,,,,,,,
3757,26299.0,26299.0,26310.800003051758,0,11.800003051757812,11.800003051757812,26327.0,False,1,0,False,accurate,0,0,False,False,42,False,True,,,,,,,,,,,
3758,26306.0,26310.800003051758,26327.90000152588,0,17.099998474121094,21.900001525878906,26334.0,False,2,1,False,accurate,1,1,False,False,41,False,True,,,,,,,,,,,
3759,26313.0,26327.90000152588,26340.79999923706,0,12.89999771118164,27.799999237060547,26341.0,False,2,1,False,accurate,0,0,False,False,40,False,True,,,,,,,,,,,
3761,26327.0,26340.79999923706,26346.499996185303,0,5.6999969482421875,19.499996185302734,26355.0,False,3,2,False,fast,0,0,False,False,38,False,True,,,,,,,,,,,
3764,26348.0,26348.0,26364.799995422363,0,16.79999542236328,16.79999542236328,26376.0,False,1,0,False,accurate,0,0,False,False,35,False,True,,,,,,,,,,,
3767,26369.0,26369.0,26382.89999771118,0,13.89999771118164,13.89999771118164,26397.0,False,1,0,False,accurate,1,1,False,False,32,False,True,,,,,,,,,,,
3769,26383.0,26383.0,26396.20000076294,0,13.200000762939453,13.200000762939453,26411.0,False,1,0,False,accurate,0,0,False,False,30,False,True,,,,,,,,,,,
3772,26404.0,26404.0,26420.000003814697,0,16.000003814697266,16.000003814697266,26432.0,False,1,0,False,accurate,0,0,False,False,27,False,True,,,,,,,,,,,
3775,26425.0,26425.0,26445.699996948242,0,20.699996948242188,20.699996948242188,26453.0,False,1,0,False,accurate,0,0,False,False,24,False,True,,,,,,,,,,,
3776,26432.0,26445.699996948242,26458.499996185303,0,12.799999237060547,26.499996185302734,26460.0,False,2,1,False,accurate,0,0,False,False,23,False,True,,,,,,,,,,,
3779,26453.0,26458.499996185303,26472.799995422363,0,14.299999237060547,19.79999542236328,26481.0,False,2,1,False,accurate,0,0,False,False,20,False,True,,,,,,,,,,,
3780,26460.0,26472.799995422363,26475.399993896484,0,2.5999984741210938,15.399993896484375,26488.0,False,2,1,False,fast,0,1,True,False,19,False,True,,,,,,,,,,,
3781,26467.0,26475.399993896484,26478.099994659424,0,2.700000762939453,11.099994659423828,26495.0,False,3,2,False,fast,0,1,True,False,18,False,True,,,,,,,,,,,
3782,26474.0,26478.099994659424,26480.79999923706,0,2.7000045776367188,6.799999237060547,26502.0,False,3,2,False,fast,0,1,True,False,17,False,True,,,,,,,,,,,
3783,26481.0,26481.0,26493.90000152588,0,12.900001525878906,12.900001525878906,26509.0,False,1,0,False,accurate,0,0,False,False,16,False,True,,,,,,,,,,,
3784,26488.0,26493.90000152588,26504.60000228882,0,10.700000762939453,16.60000228881836,26516.0,False,2,1,False,accurate,0,0,False,False,15,False,True,,,,,,,,,,,
3789,26523.0,26523.0,26537.5,0,14.5,14.5,26551.0,False,1,0,False,accurate,0,0,False,False,10,False,True,,,,,,,,,,,
3793,26551.0,26551.0,26563.79999923706,0,12.799999237060547,12.799999237060547,26579.0,False,1,0,False,accurate,0,0,False,False,6,False,True,,,,,,,,,,,
3794,26558.0,26563.79999923706,26578.999996185303,0,15.199996948242188,20.999996185302734,26586.0,False,2,1,False,accurate,0,0,False,False,5,False,True,,,,,,,,,,,
3795,26565.0,26578.999996185303,26591.89999771118,0,12.900001525878906,26.89999771118164,26593.0,False,2,1,False,accurate,1,1,False,False,4,False,True,,,,,,,,,,,
3799,26593.0,26593.0,26608.90000152588,0,15.900001525878906,15.900001525878906,26621.0,False,1,0,False,accurate,0,0,False,True,0,True,True,,,,,,,,,,,
3801,26607.0,26608.90000152588,26620.70000076294,0,11.799999237060547,13.700000762939453,26635.0,False,2,1,False,accurate,0,0,False,False,98,False,True,,,,,,,,,,,
3803,26621.0,26621.0,26631.5,0,10.5,10.5,26649.0,False,1,0,False,accurate,0,0,False,False,96,False,True,,,,,,,,,,,
3804,26628.0,26631.5,26646.59999847412,0,15.099998474121094,18.599998474121094,26656.0,False,2,1,False,accurate,1,1,False,False,95,False,True,,,,,,,,,,,
3811,26677.0,26677.0,26689.699996948242,0,12.699996948242188,12.699996948242188,26705.0,False,1,0,False,accurate,0,0,False,False,88,False,True,,,,,,,,,,,
3812,26684.0,26689.699996948242,26706.79999923706,0,17.10000228881836,22.799999237060547,26712.0,False,2,1,False,accurate,1,1,False,False,87,False,True,,,,,,,,,,,
3815,26705.0,26706.79999923706,26720.39999771118,0,13.599998474121094,15.39999771118164,26733.0,False,2,1,False,accurate,0,0,False,False,84,False,True,,,,,,,,,,,
3817,26719.0,26720.39999771118,26737.5,0,17.10000228881836,18.5,26747.0,False,2,1,False,accurate,0,0,False,False,82,False,True,,,,,,,,,,,
3820,26740.0,26740.0,26754.90000152588,0,14.900001525878906,14.900001525878906,26768.0,False,1,0,False,accurate,0,0,False,False,79,False,True,,,,,,,,,,,
3825,26775.0,26775.0,26788.70000076294,0,13.700000762939453,13.700000762939453,26803.0,False,1,0,False,accurate,0,0,False,False,74,False,True,,,,,,,,,,,
3833,26831.0,26831.0,26846.300003051758,0,15.300003051757812,15.300003051757812,26859.0,False,1,0,False,accurate,0,0,False,False,66,False,True,,,,,,,,,,,
3843,26901.0,26901.0,26923.41375246048,0,22.413752460479735,22.41375246048119,26929.0,False,1,0,False,accurate,0,0,False,False,56,False,True,,,,,,,,,,,
3848,26936.0,26936.0,26962.54667587022,0,26.54667587021995,26.546675870220497,26964.0,False,1,0,False,accurate,1,1,False,False,51,False,True,,,,,,,,,,,
3856,26992.0,26992.0,27006.67666392654,0,14.67666392654179,14.676663926540641,27020.0,False,1,0,False,accurate,0,0,False,False,43,False,True,,,,,,,,,,,
3859,27013.0,27013.0,27027.43749383678,0,14.437493836780407,14.43749383678005,27041.0,False,1,0,False,accurate,1,1,False,False,40,False,True,,,,,,,,,,,
3861,27027.0,27027.43749383678,27040.922495496172,0,13.48500165939331,13.922495496171905,27055.0,False,2,1,False,accurate,0,0,False,False,38,False,True,,,,,,,,,,,
3862,27034.0,27040.922495496172,27052.77582965642,0,11.853334160248439,18.775829656420683,27062.0,False,2,1,False,accurate,0,0,False,False,37,False,True,,,,,,,,,,,
3863,27041.0,27052.77582965642,27055.498326579902,0,2.722496923481424,14.498326579901914,27069.0,False,2,1,False,fast,0,0,False,False,36,False,True,,,,,,,,,,,
3864,27048.0,27055.498326579902,27073.998326579902,0,18.5,25.998326579901914,27076.0,False,3,2,False,accurate,1,1,False,False,35,False,True,,,,,,,,,,,
3870,27090.0,27090.0,27103.09999847412,0,13.099998474121094,13.099998474121094,27118.0,False,1,0,False,accurate,1,1,False,False,29,False,True,,,,,,,,,,,
3871,27097.0,27103.09999847412,27116.40000152588,0,13.300003051757812,19.400001525878906,27125.0,False,2,1,False,accurate,0,0,False,False,28,False,True,,,,,,,,,,,
3876,27132.0,27132.0,27144.90000152588,0,12.900001525878906,12.900001525878906,27160.0,False,1,0,False,accurate,0,0,False,False,23,False,True,,,,,,,,,,,
3889,27223.0,27223.0,27240.29999923706,0,17.299999237060547,17.299999237060547,27251.0,False,1,0,False,accurate,0,0,False,False,10,False,True,,,,,,,,,,,
3891,27237.0,27240.29999923706,27256.39999771118,0,16.099998474121094,19.39999771118164,27265.0,False,2,1,False,accurate,0,0,False,False,8,False,True,,,,,,,,,,,
3901,27307.0,27307.0,27320.20000076294,0,13.200000762939453,13.200000762939453,27335.0,False,1,0,False,accurate,1,1,False,False,98,False,True,,,,,,,,,,,
3908,27356.0,27356.0,27368.29999923706,0,12.299999237060547,12.299999237060547,27384.0,False,1,0,False,accurate,0,0,False,False,91,False,True,,,,,,,,,,,
3912,27384.0,27384.0,27405.79999923706,0,21.799999237060547,21.799999237060547,27412.0,False,1,0,False,accurate,0,0,False,False,87,False,True,,,,,,,,,,,
3914,27398.0,27405.79999923706,27410.0,0,4.200000762939453,12.0,27426.0,False,2,1,False,fast,0,0,False,False,85,False,True,,,,,,,,,,,
3917,27419.0,27419.0,27435.499996185303,0,16.499996185302734,16.499996185302734,27447.0,False,1,0,False,accurate,1,1,False,False,82,False,True,,,,,,,,,,,
3919,27433.0,27435.499996185303,27448.799995422363,0,13.299999237060547,15.799995422363281,27461.0,False,2,1,False,accurate,0,0,False,False,80,False,True,,,,,,,,,,,
3920,27440.0,27448.799995422363,27462.299991607666,0,13.499996185302734,22.299991607666016,27468.0,False,2,1,False,accurate,1,1,False,False,79,False,True,,,,,,,,,,,
3922,27454.0,27462.299991607666,27476.199989318848,0,13.89999771118164,22.199989318847656,27482.0,False,2,1,False,accurate,0,0,False,False,77,False,True,,,,,,,,,,,
3924,27468.0,27476.199989318848,27489.49998855591,0,13.299999237060547,21.499988555908203,27496.0,False,2,1,False,accurate,0,0,False,False,75,False,True,,,,,,,,,,,
3933,27531.0,27531.0,27548.999996185303,0,17.999996185302734,17.999996185302734,27559.0,False,1,0,False,accurate,0,0,False,False,66,False,True,,,,,,,,,,,
3936,27552.0,27552.0,27566.5,0,14.5,14.5,27580.0,False,1,0,False,accurate,1,1,False,False,63,False,True,,,,,,,,,,,
3939,27573.0,27573.0,27587.199996948242,0,14.199996948242188,14.199996948242188,27601.0,False,1,0,False,accurate,1,1,False,False,60,False,True,,,,,,,,,,,
3941,27587.0,27587.199996948242,27599.59999847412,0,12.400001525878906,12.599998474121094,27615.0,False,2,1,False,accurate,0,0,False,False,58,False,True,,,,,,,,,,,
3944,27608.0,27608.0,27619.5,0,11.5,11.5,27636.0,False,1,0,False,accurate,0,0,False,False,55,False,True,,,,,,,,,,,
3945,27615.0,27619.5,27632.79999923706,0,13.299999237060547,17.799999237060547,27643.0,False,2,1,False,accurate,0,0,False,False,54,False,True,,,,,,,,,,,
3947,27629.0,27632.79999923706,27647.199996948242,0,14.39999771118164,18.199996948242188,27657.0,False,2,1,False,accurate,0,0,False,False,52,False,True,,,,,,,,,,,
3948,27636.0,27647.199996948242,27660.79999923706,0,13.60000228881836,24.799999237060547,27664.0,False,2,1,False,accurate,0,0,False,False,51,False,True,,,,,,,,,,,
3951,27657.0,27660.79999923706,27680.70000076294,0,19.900001525878906,23.700000762939453,27685.0,False,2,1,False,accurate,1,1,False,False,48,False,True,,,,,,,,,,,
3954,27678.0,27680.70000076294,27697.500003814697,0,16.800003051757812,19.500003814697266,27706.0,False,2,1,False,accurate,0,0,False,False,45,False,True,,,,,,,,,,,
3956,27692.0,27697.500003814697,27710.400005340576,0,12.900001525878906,18.400005340576172,27720.0,False,2,1,False,accurate,0,0,False,False,43,False,True,,,,,,,,,,,
3959,27713.0,27713.0,27723.5,0,10.5,10.5,27741.0,False,1,0,False,accurate,0,0,False,False,40,False,True,,,,,,,,,,,
3960,27720.0,27723.5,27737.5,0,14.0,17.5,27748.0,False,2,1,False,accurate,0,0,False,False,39,False,True,,,,,,,,,,,
3962,27734.0,27737.5,27749.29999923706,0,11.799999237060547,15.299999237060547,27762.0,False,2,1,False,accurate,0,0,False,False,37,False,True,,,,,,,,,,,
3964,27748.0,27749.29999923706,27763.999996185303,0,14.699996948242188,15.999996185302734,27776.0,False,2,1,False,accurate,0,0,False,False,35,False,True,,,,,,,,,,,
3965,27755.0,27763.999996185303,27778.89999771118,0,14.900001525878906,23.89999771118164,27783.0,False,2,1,False,accurate,1,1,False,False,34,False,True,,,,,,,,,,,
3966,27762.0,27778.89999771118,27789.89999771118,0,11.0,27.89999771118164,27790.0,False,3,2,False,accurate,0,0,False,False,33,False,True,,,,,,,,,,,
3969,27783.0,27789.89999771118,27803.199996948242,0,13.299999237060547,20.199996948242188,27811.0,False,2,1,False,accurate,0,0,False,False,30,False,True,,,,,,,,,,,
3970,27790.0,27803.199996948242,27818.0,0,14.800003051757812,28.0,27818.0,False,2,1,False,accurate,0,0,False,False,29,False,True,,,,,,,,,,,
3973,27811.0,27818.0,27832.90000152588,0,14.900001525878906,21.900001525878906,27839.0,False,2,1,False,accurate,1,1,False,False,26,False,True,,,,,,,,,,,
3976,27832.0,27832.90000152588,27848.200004577637,0,15.300003051757812,16.20000457763672,27860.0,False,2,1,False,accurate,0,0,False,False,23,False,True,,,,,,,,,,,
3978,27846.0,27848.200004577637,27865.000003814697,0,16.799999237060547,19.000003814697266,27874.0,False,2,1,False,accurate,1,1,False,False,21,False,True,,,,,,,,,,,
3981,27867.0,27867.0,27879.40000152588,0,12.400001525878906,12.400001525878906,27895.0,False,1,0,False,accurate,0,0,False,False,18,False,True,,,,,,,,,,,
3983,27881.0,27881.0,27892.29999923706,0,11.299999237060547,11.299999237060547,27909.0,False,1,0,False,accurate,0,0,False,False,16,False,True,,,,,,,,,,,
3985,27895.0,27895.0,27907.59999847412,0,12.599998474121094,12.599998474121094,27923.0,False,1,0,False,accurate,0,0,False,False,14,False,True,,,,,,,,,,,
3987,27909.0,27909.0,27925.29999923706,0,16.299999237060547,16.299999237060547,27937.0,False,1,0,False,accurate,0,0,False,False,12,False,True,,,,,,,,,,,
3989,27923.0,27925.29999923706,27936.60000228882,0,11.300003051757812,13.60000228881836,27951.0,False,2,1,False,accurate,1,1,False,False,10,False,True,,,,,,,,,,,
3994,27958.0,27958.0,27971.70000076294,0,13.700000762939453,13.700000762939453,27986.0,False,1,0,False,accurate,0,0,False,False,5,False,True,,,,,,,,,,,
3996,27972.0,27972.0,27987.500003814697,0,15.500003814697266,15.500003814697266,28000.0,False,1,0,False,accurate,1,1,False,False,3,False,True,,,,,,,,,,,
3998,27986.0,27987.500003814697,28003.200004577637,0,15.700000762939453,17.20000457763672,28014.0,False,2,1,False,accurate,0,0,False,False,1,True,True,,,,,,,,,,,
4000,28000.0,28003.200004577637,28008.6,0,5.399995422363281,8.599999999998545,28028.0,False,2,1,False,fast,0,0,False,False,99,False,True,,,,,,,,,,,
4002,28014.0,28014.0,28038.953334797225,0,24.95333479722342,24.95333479722467,28042.0,False,1,0,False,accurate,0,0,False,False,97,False,True,,,,,,,,,,,
4003,28021.0,28038.953334797225,28043.653330314955,0,4.699995517730713,22.653330314955383,28049.0,False,2,1,False,fast,0,1,True,False,96,False,True,,,,,,,,,,,
4008,28056.0,28056.0,28062.00666582306,0,6.006665823062257,6.006665823060757,28084.0,False,1,0,False,fast,0,0,False,False,91,False,True,,,,,,,,,,,
4010,28070.0,28070.0,28093.096668587525,0,23.096668587525667,23.09666858752462,28098.0,False,1,0,False,accurate,0,0,False,False,89,False,True,,,,,,,,,,,
4011,28077.0,28093.096668587525,28098.30583611846,0,5.209167530934019,21.30583611845941,28105.0,False,2,1,False,fast,0,0,False,False,88,False,True,,,,,,,,,,,
4013,28091.0,28098.30583611846,28116.401248849532,0,18.095412731071292,25.40124884953184,28119.0,False,3,2,False,accurate,0,0,False,False,86,False,True,,,,,,,,,,,
4014,28098.0,28116.401248849532,28119.651248843573,0,3.249999994039536,21.65124884357283,28126.0,False,3,2,False,fast,0,0,False,False,85,False,True,,,,,,,,,,,
4015,28105.0,28119.651248843573,28122.661248023414,0,3.009999179840088,17.661248023414373,28133.0,False,3,2,False,fast,0,0,False,False,84,False,True,,,,,,,,,,,
4017,28119.0,28122.661248023414,28137.472501612705,0,14.811253589292345,18.472501612704946,28147.0,False,3,2,False,accurate,0,0,False,False,82,False,True,,,,,,,,,,,
4018,28126.0,28137.472501612705,28140.412500811617,0,2.9399991989135743,14.412500811617065,28154.0,False,2,1,False,fast,0,1,True,False,81,False,True,,,,,,,,,,,
4022,28154.0,28154.0,28168.710830935164,0,14.710830935165282,14.710830935164267,28182.0,False,1,0,False,accurate,1,1,False,False,77,False,True,,,,,,,,,,,
4023,28161.0,28168.710830935164,28183.324998399366,0,14.61416746420165,22.32499839936645,28189.0,False,2,1,False,accurate,0,0,False,False,76,False,True,,,,,,,,,,,
4025,28175.0,28183.324998399366,28194.724999925245,0,11.400001525878906,19.724999925245356,28203.0,False,2,1,False,accurate,0,0,False,False,74,False,True,,,,,,,,,,,
4026,28182.0,28194.724999925245,28209.524999162306,0,14.799999237060547,27.524999162305903,28210.0,False,3,2,False,accurate,0,0,False,False,73,False,True,,,,,,,,,,,
4027,28189.0,28209.524999162306,28212.225003739943,0,2.7000045776367188,23.225003739942622,28217.0,False,3,2,False,fast,0,0,False,False,72,False,True,,,,,,,,,,,
4030,28210.0,28212.225003739943,28224.025002977003,0,11.799999237060547,14.025002977003169,28238.0,False,2,1,False,accurate,0,0,False,False,69,False,True,,,,,,,,,,,
4032,28224.0,28224.025002977003,28237.925000688185,0,13.89999771118164,13.92500068818481,28252.0,False,2,1,False,accurate,0,0,False,False,67,False,True,,,,,,,,,,,
4035,28245.0,28245.0,28256.800003051758,0,11.800003051757812,11.800003051757812,28273.0,False,1,0,False,accurate,0,0,False,False,64,False,True,,,,,,,,,,,
4037,28259.0,28259.0,28272.90000152588,0,13.900001525878906,13.900001525878906,28287.0,False,1,0,False,accurate,1,1,False,False,62,False,True,,,,,,,,,,,
4039,28273.0,28273.0,28288.0,0,15.0,15.0,28301.0,False,1,0,False,accurate,0,0,False,False,60,False,True,,,,,,,,,,,
4044,28308.0,28308.0,28322.40000152588,0,14.400001525878906,14.400001525878906,28336.0,False,1,0,False,accurate,0,0,False,False,55,False,True,,,,,,,,,,,
4046,28322.0,28322.40000152588,28325.500003814697,0,3.1000022888183594,3.5000038146972656,28350.0,False,2,1,False,fast,0,0,False,False,53,False,True,,,,,,,,,,,
4047,28329.0,28329.0,28343.500003814697,0,14.500003814697266,14.500003814697266,28357.0,False,1,0,False,accurate,1,1,False,False,52,False,True,,,,,,,,,,,
4051,28357.0,28357.0,28368.29999923706,0,11.299999237060547,11.299999237060547,28385.0,False,1,0,False,accurate,0,0,False,False,48,False,True,,,,,,,,,,,
4059,28413.0,28413.0,28424.70000076294,0,11.700000762939453,11.700000762939453,28441.0,False,1,0,False,accurate,0,0,False,False,40,False,True,,,,,,,,,,,
4064,28448.0,28448.0,28462.300003051758,0,14.300003051757812,14.300003051757812,28476.0,False,1,0,False,accurate,0,0,False,False,35,False,True,,,,,,,,,,,
4065,28455.0,28462.300003051758,28476.300006866455,0,14.000003814697266,21.300006866455078,28483.0,False,2,1,False,accurate,1,1,False,False,34,False,True,,,,,,,,,,,
4067,28469.0,28476.300006866455,28489.500007629395,0,13.200000762939453,20.50000762939453,28497.0,False,2,1,False,accurate,0,0,False,False,32,False,True,,,,,,,,,,,
4068,28476.0,28489.500007629395,28500.90001296997,0,11.400005340576172,24.900012969970703,28504.0,False,3,2,False,accurate,0,0,False,False,31,False,True,,,,,,,,,,,
4072,28504.0,28504.0,28517.800003051758,0,13.800003051757812,13.800003051757812,28532.0,False,1,0,False,accurate,0,0,False,False,27,False,True,,,,,,,,,,,
4075,28525.0,28525.0,28527.699996948242,0,2.6999969482421875,2.6999969482421875,28553.0,False,1,0,False,fast,0,0,False,False,24,False,True,,,,,,,,,,,
4077,28539.0,28539.0,28552.79999923706,0,13.799999237060547,13.799999237060547,28567.0,False,1,0,False,accurate,0,0,False,False,22,False,True,,,,,,,,,,,
4083,28581.0,28581.0,28594.70000076294,0,13.700000762939453,13.700000762939453,28609.0,False,1,0,False,accurate,1,1,False,False,16,False,True,,,,,,,,,,,
4084,28588.0,28594.70000076294,28610.0,0,15.299999237060547,22.0,28616.0,False,2,1,False,accurate,0,0,False,False,15,False,True,,,,,,,,,,,
4087,28609.0,28610.0,28623.90000152588,0,13.900001525878906,14.900001525878906,28637.0,False,2,1,False,accurate,1,1,False,False,12,False,True,,,,,,,,,,,
4091,28637.0,28637.0,28650.20000076294,0,13.200000762939453,13.200000762939453,28665.0,False,1,0,False,accurate,0,0,False,False,8,False,True,,,,,,,,,,,
4094,28658.0,28658.0,28683.20000076294,0,25.200000762939453,25.200000762939453,28686.0,False,1,0,False,accurate,0,0,False,False,5,False,True,,,,,,,,,,,
4096,28672.0,28683.20000076294,28695.5,0,12.299999237060547,23.5,28700.0,False,2,1,False,accurate,0,0,False,False,3,False,True,,,,,,,,,,,
4098,28686.0,28695.5,28711.40000152588,0,15.900001525878906,25.400001525878906,28714.0,False,2,1,False,accurate,0,0,False,False,1,True,True,,,,,,,,,,,
4099,28693.0,28711.40000152588,28714.200004577637,0,2.8000030517578125,21.20000457763672,28721.0,False,3,2,False,fast,0,0,False,True,0,True,True,,,,,,,,,,,
4101,28707.0,28714.200004577637,28726.40000152588,0,12.199996948242188,19.400001525878906,28735.0,False,3,2,False,accurate,0,0,False,False,98,False,True,,,,,,,,,,,
4103,28721.0,28726.40000152588,28742.39999771118,0,15.999996185302734,21.39999771118164,28749.0,False,2,1,False,accurate,0,0,False,False,96,False,True,,,,,,,,,,,
4106,28742.0,28742.39999771118,28756.0,0,13.60000228881836,14.0,28770.0,False,2,1,False,accurate,0,0,False,False,93,False,True,,,,,,,,,,,
4114,28798.0,28798.0,28810.29999923706,0,12.299999237060547,12.299999237060547,28826.0,False,1,0,False,accurate,0,0,False,False,85,False,True,,,,,,,,,,,
4115,28805.0,28810.29999923706,28822.500003814697,0,12.200004577636719,17.500003814697266,28833.0,False,2,1,False,accurate,0,0,False,False,84,False,True,,,,,,,,,,,
4116,28812.0,28822.500003814697,28835.800003051758,0,13.299999237060547,23.800003051757812,28840.0,False,2,1,False,accurate,1,1,False,False,83,False,True,,,,,,,,,,,
4118,28826.0,28835.800003051758,28849.20000076294,0,13.39999771118164,23.200000762939453,28854.0,False,2,1,False,accurate,0,0,False,False,81,False,True,,,,,,,,,,,
4121,28847.0,28849.20000076294,28862.10000228882,0,12.900001525878906,15.10000228881836,28875.0,False,2,1,False,accurate,0,0,False,False,78,False,True,,,,,,,,,,,
4122,28854.0,28862.10000228882,28874.29999923706,0,12.199996948242188,20.299999237060547,28882.0,False,2,1,False,accurate,0,0,False,False,77,False,True,,,,,,,,,,,
4123,28861.0,28874.29999923706,28877.09999847412,0,2.799999237060547,16.099998474121094,28889.0,False,3,2,False,fast,0,0,False,False,76,False,True,,,,,,,,,,,
4124,28868.0,28877.09999847412,28889.60000228882,0,12.500003814697266,21.60000228881836,28896.0,False,3,2,False,accurate,1,1,False,False,75,False,True,,,,,,,,,,,
4125,28875.0,28889.60000228882,28901.79999923706,0,12.199996948242188,26.799999237060547,28903.0,False,3,2,False,accurate,0,0,False,False,74,False,True,,,,,,,,,,,
4126,28882.0,28901.79999923706,28904.59999847412,0,2.799999237060547,22.599998474121094,28910.0,False,3,2,False,fast,0,0,False,False,73,False,True,,,,,,,,,,,
4128,28896.0,28904.59999847412,28919.699996948242,0,15.099998474121094,23.699996948242188,28924.0,False,3,2,False,accurate,0,0,False,False,71,False,True,,,,,,,,,,,
4129,28903.0,28919.699996948242,28922.399993896484,0,2.6999969482421875,19.399993896484375,28931.0,False,3,2,False,fast,0,1,True,False,70,False,True,,,,,,,,,,,
4130,28910.0,28922.399993896484,28935.399990081787,0,12.999996185302734,25.39999008178711,28938.0,False,3,2,False,accurate,0,0,False,False,69,False,True,,,,,,,,,,,
4133,28931.0,28935.399990081787,28950.599990844727,0,15.200000762939453,19.599990844726562,28959.0,False,2,1,False,accurate,1,1,False,False,66,False,True,,,,,,,,,,,
4134,28938.0,28950.599990844727,28963.899990081787,0,13.299999237060547,25.89999008178711,28966.0,False,2,1,False,accurate,1,1,False,False,65,False,True,,,,,,,,,,,
4136,28952.0,28963.899990081787,28977.79998779297,0,13.89999771118164,25.79998779296875,28980.0,False,2,1,False,accurate,0,0,False,False,63,False,True,,,,,,,,,,,
4138,28966.0,28977.79998779297,28989.199989318848,0,11.400001525878906,23.199989318847656,28994.0,False,2,1,False,accurate,1,1,False,False,61,False,True,,,,,,,,,,,
4139,28973.0,28989.199989318848,28991.99998855591,0,2.799999237060547,18.999988555908203,29001.0,False,3,2,False,fast,0,0,False,False,60,False,True,,,,,,,,,,,
4143,29001.0,29001.0,29014.09999847412,0,13.099998474121094,13.099998474121094,29029.0,False,1,0,False,accurate,1,1,False,False,56,False,True,,,,,,,,,,,
4145,29015.0,29015.0,29034.0,0,19.0,19.0,29043.0,False,1,0,False,accurate,1,1,False,False,54,False,True,,,,,,,,,,,
4147,29029.0,29034.0,29047.79999923706,0,13.799999237060547,18.799999237060547,29057.0,False,2,1,False,accurate,0,0,False,False,52,False,True,,,,,,,,,,,
4148,29036.0,29047.79999923706,29058.79999923706,0,11.0,22.799999237060547,29064.0,False,2,1,False,accurate,0,0,False,False,51,False,True,,,,,,,,,,,
4152,29064.0,29064.0,29076.90000152588,0,12.900001525878906,12.900001525878906,29092.0,False,1,0,False,accurate,1,1,False,False,47,False,True,,,,,,,,,,,
4153,29071.0,29076.90000152588,29094.800003051758,0,17.900001525878906,23.800003051757812,29099.0,False,2,1,False,accurate,1,1,False,False,46,False,True,,,,,,,,,,,
4158,29106.0,29106.0,29119.10000228882,0,13.10000228881836,13.10000228881836,29134.0,False,1,0,False,accurate,0,0,False,False,41,False,True,,,,,,,,,,,
4160,29120.0,29120.0,29123.239996337892,0,3.239996337890625,3.23999633789208,29148.0,False,1,0,False,fast,0,0,False,False,39,False,True,,,,,,,,,,,
4162,29134.0,29134.0,29158.132495194473,0,24.132495194474814,24.13249519447345,29162.0,False,1,0,False,accurate,0,0,False,False,37,False,True,,,,,,,,,,,
4167,29169.0,29169.0,29188.44583315253,0,19.445833152532575,19.445833152531122,29197.0,False,1,0,False,accurate,0,0,False,False,32,False,True,,,,,,,,,,,
4168,29176.0,29188.44583315253,29191.392502423525,0,2.946669270992288,15.392502423525002,29204.0,False,2,1,False,fast,0,0,False,False,31,False,True,,,,,,,,,,,
4170,29190.0,29191.392502423525,29211.109174267847,0,19.716671844323425,21.109174267847266,29218.0,False,2,1,False,accurate,1,1,False,False,29,False,True,,,,,,,,,,,
4171,29197.0,29211.109174267847,29213.99084348162,0,2.881669213771829,16.990843481620686,29225.0,False,2,1,False,fast,0,0,False,False,28,False,True,,,,,,,,,,,
4172,29204.0,29213.99084348162,29216.96084851702,0,2.970005035400391,12.960848517021077,29232.0,False,3,2,False,fast,0,1,True,False,27,False,True,,,,,,,,,,,
4173,29211.0,29216.96084851702,29219.908345190885,0,2.9474966738621333,8.908345190884575,29239.0,False,4,3,False,fast,0,0,False,False,26,False,True,,,,,,,,,,,
4175,29225.0,29225.0,29242.16999807358,0,17.16999807357788,17.169998073579336,29253.0,False,1,0,False,accurate,0,0,False,False,24,False,True,,,,,,,,,,,
4180,29260.0,29260.0,29275.521668418893,0,15.521668418894217,15.52166841889266,29288.0,False,1,0,False,accurate,0,0,False,False,19,False,True,,,,,,,,,,,
4183,29281.0,29281.0,29295.202499226805,0,14.20249922680358,14.20249922680523,29309.0,False,1,0,False,accurate,0,0,False,False,16,False,True,,,,,,,,,,,
4184,29288.0,29295.202499226805,29313.302501515624,0,18.10000228881836,25.30250151562359,29316.0,False,2,1,False,accurate,0,0,False,False,15,False,True,,,,,,,,,,,
4190,29330.0,29330.0,29343.39999771118,0,13.39999771118164,13.39999771118164,29358.0,False,1,0,False,accurate,0,0,False,False,9,False,True,,,,,,,,,,,
4192,29344.0,29344.0,29361.299995422363,0,17.29999542236328,17.29999542236328,29372.0,False,1,0,False,accurate,0,0,False,False,7,False,True,,,,,,,,,,,
4193,29351.0,29361.299995422363,29375.999996185303,0,14.700000762939453,24.999996185302734,29379.0,False,2,1,False,accurate,0,0,False,False,6,False,True,,,,,,,,,,,
4196,29372.0,29375.999996185303,29388.999996185303,0,13.0,16.999996185302734,29400.0,False,2,1,False,accurate,1,1,False,False,3,False,True,,,,,,,,,,,
4199,29393.0,29393.0,29409.20000076294,0,16.200000762939453,16.200000762939453,29421.0,False,1,0,False,accurate,1,1,False,True,0,True,True,,,,,,,,,,,
4203,29421.0,29421.0,29434.70000076294,0,13.700000762939453,13.700000762939453,29449.0,False,1,0,False,accurate,0,0,False,False,96,False,True,,,,,,,,,,,
4212,29484.0,29484.0,29500.09999847412,0,16.099998474121094,16.099998474121094,29512.0,False,1,0,False,accurate,0,0,False,False,87,False,True,,,,,,,,,,,
4214,29498.0,29500.09999847412,29511.39999771118,0,11.299999237060547,13.39999771118164,29526.0,False,2,1,False,accurate,0,0,False,False,85,False,True,,,,,,,,,,,
4215,29505.0,29511.39999771118,29525.199996948242,0,13.799999237060547,20.199996948242188,29533.0,False,2,1,False,accurate,0,0,False,False,84,False,True,,,,,,,,,,,
4217,29519.0,29525.199996948242,29541.59999847412,0,16.400001525878906,22.599998474121094,29547.0,False,2,1,False,accurate,0,0,False,False,82,False,True,,,,,,,,,,,
4223,29561.0,29561.0,29572.300003051758,0,11.300003051757812,11.300003051757812,29589.0,False,1,0,False,accurate,0,0,False,False,76,False,True,,,,,,,,,,,
4226,29582.0,29582.0,29594.700004577637,0,12.700004577636719,12.700004577636719,29610.0,False,1,0,False,accurate,0,0,False,False,73,False,True,,,,,,,,,,,
4227,29589.0,29594.700004577637,29610.500003814697,0,15.799999237060547,21.500003814697266,29617.0,False,2,1,False,accurate,0,0,False,False,72,False,True,,,,,,,,,,,
4229,29603.0,29610.500003814697,29624.000003814697,0,13.5,21.000003814697266,29631.0,False,2,1,False,accurate,0,0,False,False,70,False,True,,,,,,,,,,,
4232,29624.0,29624.000003814697,29626.60000228882,0,2.5999984741210938,2.6000022888183594,29652.0,False,2,1,False,fast,0,0,False,False,67,False,True,,,,,,,,,,,
4235,29645.0,29645.0,29663.500003814697,0,18.500003814697266,18.500003814697266,29673.0,False,1,0,False,accurate,1,1,False,False,64,False,True,,,,,,,,,,,
4236,29652.0,29663.500003814697,29675.200004577637,0,11.700000762939453,23.20000457763672,29680.0,False,2,1,False,accurate,1,1,False,False,63,False,True,,,,,,,,,,,
4238,29666.0,29675.200004577637,29686.300006866455,0,11.10000228881836,20.300006866455078,29694.0,False,2,1,False,accurate,0,0,False,False,61,False,True,,,,,,,,,,,
4240,29680.0,29686.300006866455,29706.800006866455,0,20.5,26.800006866455078,29708.0,False,2,1,False,accurate,0,0,False,False,59,False,True,,,,,,,,,,,
4244,29708.0,29708.0,29730.999996185303,0,22.999996185302734,22.999996185302734,29736.0,False,1,0,False,accurate,1,1,False,False,55,False,True,,,,,,,,,,,
4245,29715.0,29730.999996185303,29733.699996948242,0,2.700000762939453,18.699996948242188,29743.0,False,2,1,False,fast,0,0,False,False,54,False,True,,,,,,,,,,,
4246,29722.0,29733.699996948242,29748.29999923706,0,14.60000228881836,26.299999237060547,29750.0,False,3,2,False,accurate,1,1,False,False,53,False,True,,,,,,,,,,,
4248,29736.0,29748.29999923706,29763.20000076294,0,14.900001525878906,27.200000762939453,29764.0,False,2,1,False,accurate,0,0,False,False,51,False,True,,,,,,,,,,,
4249,29743.0,29763.20000076294,29765.90000152588,0,2.700000762939453,22.900001525878906,29771.0,False,3,2,False,fast,0,0,False,False,50,False,True,,,,,,,,,,,
4252,29764.0,29765.90000152588,29777.700004577637,0,11.800003051757812,13.700004577636719,29792.0,False,2,1,False,accurate,0,0,False,False,47,False,True,,,,,,,,,,,
4254,29778.0,29778.0,29794.800003051758,0,16.800003051757812,16.800003051757812,29806.0,False,1,0,False,accurate,1,1,False,False,45,False,True,,,,,,,,,,,
4255,29785.0,29794.800003051758,29807.10000228882,0,12.299999237060547,22.10000228881836,29813.0,False,2,1,False,accurate,0,0,False,False,44,False,True,,,,,,,,,,,
4257,29799.0,29807.10000228882,29822.5,0,15.39999771118164,23.5,29827.0,False,2,1,False,accurate,0,0,False,False,42,False,True,,,,,,,,,,,
4260,29820.0,29822.5,29842.79999923706,0,20.299999237060547,22.799999237060547,29848.0,False,2,1,False,accurate,1,1,False,False,39,False,True,,,,,,,,,,,
4263,29841.0,29842.79999923706,29864.29999923706,0,21.5,23.299999237060547,29869.0,False,2,1,False,accurate,0,0,False,False,36,False,True,,,,,,,,,,,
4264,29848.0,29864.29999923706,29867.0,0,2.700000762939453,19.0,29876.0,False,2,1,False,fast,0,1,True,False,35,False,True,,,,,,,,,,,
4266,29862.0,29867.0,29878.10000228882,0,11.10000228881836,16.10000228881836,29890.0,False,3,2,False,accurate,0,0,False,False,33,False,True,,,,,,,,,,,
4267,29869.0,29878.10000228882,29892.000003814697,0,13.900001525878906,23.000003814697266,29897.0,False,2,1,False,accurate,0,0,False,False,32,False,True,,,,,,,,,,,
4268,29876.0,29892.000003814697,29894.800003051758,0,2.799999237060547,18.800003051757812,29904.0,False,3,2,False,fast,0,0,False,False,31,False,True,,,,,,,,,,,
4269,29883.0,29894.800003051758,29897.500003814697,0,2.700000762939453,14.500003814697266,29911.0,False,3,2,False,fast,0,1,True,False,30,False,True,,,,,,,,,,,
4277,29939.0,29939.0,29950.90000152588,0,11.900001525878906,11.900001525878906,29967.0,False,1,0,False,accurate,0,0,False,False,22,False,True,,,,,,,,,,,
4279,29953.0,29953.0,29967.60000228882,0,14.60000228881836,14.60000228881836,29981.0,False,1,0,False,accurate,0,0,False,False,20,False,True,,,,,,,,,,,
4280,29960.0,29967.60000228882,29981.59999847412,0,13.999996185302734,21.599998474121094,29988.0,False,2,1,False,accurate,0,0,False,False,19,False,True,,,,,,,,,,,
4281,29967.0,29981.59999847412,29994.5,0,12.900001525878906,27.5,29995.0,False,3,2,False,accurate,1,1,False,False,18,False,True,,,,,,,,,,,
4282,29974.0,29994.5,29997.20000076294,0,2.700000762939453,23.200000762939453,30002.0,False,3,2,False,fast,0,0,False,False,17,False,True,,,,,,,,,,,
4289,30023.0,30023.0,30035.499996185303,0,12.499996185302734,12.499996185302734,30051.0,False,1,0,False,accurate,0,0,False,False,10,False,True,,,,,,,,,,,
4290,30030.0,30035.499996185303,30047.599990844727,0,12.099994659423828,17.599990844726562,30058.0,False,2,1,False,accurate,0,0,False,False,9,False,True,,,,,,,,,,,
4295,30065.0,30065.0,30078.39999771118,0,13.39999771118164,13.39999771118164,30093.0,False,1,0,False,accurate,1,1,False,False,4,False,True,,,,,,,,,,,
4297,30079.0,30079.0,30094.20000076294,0,15.200000762939453,15.200000762939453,30107.0,False,1,0,False,accurate,0,0,False,False,2,True,True,,,,,,,,,,,
4298,30086.0,30094.20000076294,30105.10000228882,0,10.900001525878906,19.10000228881836,30114.0,False,2,1,False,accurate,0,0,False,False,1,True,True,,,,,,,,,,,
4300,30100.0,30105.10000228882,30118.200004577637,0,13.10000228881836,18.20000457763672,30128.0,False,2,1,False,accurate,0,0,False,False,99,False,True,,,,,,,,,,,
4306,30142.0,30142.0,30152.0,0,10.0,10.0,30170.0,False,1,0,False,accurate,0,0,False,False,93,False,True,,,,,,,,,,,
4308,30156.0,30156.0,30173.0,0,17.0,17.0,30184.0,False,1,0,False,accurate,0,0,False,False,91,False,True,,,,,,,,,,,
4310,30170.0,30173.0,30186.300003051758,0,13.300003051757812,16.300003051757812,30198.0,False,2,1,False,accurate,1,1,False,False,89,False,True,,,,,,,,,,,
4312,30184.0,30186.300003051758,30198.400005340576,0,12.10000228881836,14.400005340576172,30212.0,False,2,1,False,accurate,0,0,False,False,87,False,True,,,,,,,,,,,
4313,30191.0,30198.400005340576,30210.600009918213,0,12.200004577636719,19.60000991821289,30219.0,False,2,1,False,accurate,0,0,False,False,86,False,True,,,,,,,,,,,
4318,30226.0,30226.0,30246.5,0,20.5,20.5,30254.0,False,1,0,False,accurate,0,0,False,False,81,False,True,,,,,,,,,,,
4326,30282.0,30282.0,30305.027497673036,0,23.027497673034667,23.027497673036123,30310.0,False,1,0,False,accurate,0,0,False,False,73,False,True,,,,,,,,,,,
4328,30296.0,30305.027497673036,30308.087502871753,0,3.0600051987171355,12.087502871752804,30324.0,False,2,1,False,fast,0,0,False,False,71,False,True,,,,,,,,,,,
4330,30310.0,30310.0,30329.71666647196,0,19.71666647195816,19.716666471958888,30338.0,False,1,0,False,accurate,0,0,False,False,69,False,True,,,,,,,,,,,
4333,30331.0,30331.0,30351.604998093047,0,20.60499809304872,20.60499809304747,30359.0,False,1,0,False,accurate,0,0,False,False,66,False,True,,,,,,,,,,,
4335,30345.0,30351.604998093047,30368.269999056258,0,16.66500096321106,23.269999056257802,30373.0,False,2,1,False,accurate,0,0,False,False,64,False,True,,,,,,,,,,,
4340,30380.0,30380.0,30394.404997489004,0,14.40499748900532,14.404997489004018,30408.0,False,1,0,False,accurate,0,0,False,False,59,False,True,,,,,,,,,,,
4341,30387.0,30394.404997489004,30410.28249582961,0,15.877498340606689,23.282495829611435,30415.0,False,2,1,False,accurate,0,0,False,False,58,False,True,,,,,,,,,,,
4345,30415.0,30415.0,30427.90000152588,0,12.900001525878906,12.900001525878906,30443.0,False,1,0,False,accurate,1,1,False,False,54,False,True,,,,,,,,,,,
4351,30457.0,30457.0,30478.0,0,21.0,21.0,30485.0,False,1,0,False,accurate,0,0,False,False,48,False,True,,,,,,,,,,,
4352,30464.0,30478.0,30491.5,0,13.5,27.5,30492.0,False,2,1,False,accurate,0,0,False,False,47,False,True,,,,,,,,,,,
4354,30478.0,30491.5,30503.10000228882,0,11.60000228881836,25.10000228881836,30506.0,False,2,1,False,accurate,0,0,False,False,45,False,True,,,,,,,,,,,
4355,30485.0,30503.10000228882,30505.900005340576,0,2.8000030517578125,20.900005340576172,30513.0,False,3,2,False,fast,0,0,False,False,44,False,True,,,,,,,,,,,
4360,30520.0,30520.0,30531.199996948242,0,11.199996948242188,11.199996948242188,30548.0,False,1,0,False,accurate,0,0,False,False,39,False,True,,,,,,,,,,,
4362,30534.0,30534.0,30547.500003814697,0,13.500003814697266,13.500003814697266,30562.0,False,1,0,False,accurate,0,0,False,False,37,False,True,,,,,,,,,,,
4363,30541.0,30547.500003814697,30561.600006103516,0,14.10000228881836,20.600006103515625,30569.0,False,2,1,False,accurate,0,0,False,False,36,False,True,,,,,,,,,,,
4364,30548.0,30561.600006103516,30574.500003814697,0,12.89999771118164,26.500003814697266,30576.0,False,2,1,False,accurate,0,0,False,False,35,False,True,,,,,,,,,,,
4365,30555.0,30574.500003814697,30577.200004577637,0,2.700000762939453,22.20000457763672,30583.0,False,3,2,False,fast,0,1,True,False,34,False,True,,,,,,,,,,,
4367,30569.0,30577.200004577637,30593.500007629395,0,16.300003051757812,24.50000762939453,30597.0,False,3,2,False,accurate,0,0,False,False,32,False,True,,,,,,,,,,,
4368,30576.0,30593.500007629395,30596.300006866455,0,2.799999237060547,20.300006866455078,30604.0,False,3,2,False,fast,0,1,True,False,31,False,True,,,,,,,,,,,
4370,30590.0,30596.300006866455,30609.500007629395,0,13.200000762939453,19.50000762939453,30618.0,False,3,2,False,accurate,0,0,False,False,29,False,True,,,,,,,,,,,
4371,30597.0,30609.500007629395,30621.400009155273,0,11.900001525878906,24.400009155273438,30625.0,False,2,1,False,accurate,0,0,False,False,28,False,True,,,,,,,,,,,
4374,30618.0,30621.400009155273,30637.100009918213,0,15.700000762939453,19.10000991821289,30646.0,False,2,1,False,accurate,0,0,False,False,25,False,True,,,,,,,,,,,
4377,30639.0,30639.0,30650.70000076294,0,11.700000762939453,11.700000762939453,30667.0,False,1,0,False,accurate,0,0,False,False,22,False,True,,,,,,,,,,,
4383,30681.0,30681.0,30696.09999847412,0,15.099998474121094,15.099998474121094,30709.0,False,1,0,False,accurate,1,1,False,False,16,False,True,,,,,,,,,,,
4384,30688.0,30696.09999847412,30709.799995422363,0,13.699996948242188,21.79999542236328,30716.0,False,2,1,False,accurate,0,0,False,False,15,False,True,,,,,,,,,,,
4386,30702.0,30709.799995422363,30725.599994659424,0,15.799999237060547,23.599994659423828,30730.0,False,2,1,False,accurate,0,0,False,False,13,False,True,,,,,,,,,,,
4391,30737.0,30737.0,30750.10000228882,0,13.10000228881836,13.10000228881836,30765.0,False,1,0,False,accurate,0,0,False,False,8,False,True,,,,,,,,,,,
4397,30779.0,30779.0,30789.79999923706,0,10.799999237060547,10.799999237060547,30807.0,False,1,0,False,accurate,0,0,False,False,2,True,True,,,,,,,,,,,
4400,30800.0,30800.0,30814.90000152588,0,14.900001525878906,14.900001525878906,30828.0,False,1,0,False,accurate,0,0,False,False,99,False,True,,,,,,,,,,,
4406,30842.0,30842.0,30854.79999923706,0,12.799999237060547,12.799999237060547,30870.0,False,1,0,False,accurate,0,0,False,False,93,False,True,,,,,,,,,,,
4408,30856.0,30856.0,30870.89999771118,0,14.89999771118164,14.89999771118164,30884.0,False,1,0,False,accurate,0,0,False,False,91,False,True,,,,,,,,,,,
4410,30870.0,30870.89999771118,30883.999996185303,0,13.099998474121094,13.999996185302734,30898.0,False,2,1,False,accurate,1,1,False,False,89,False,True,,,,,,,,,,,
4411,30877.0,30883.999996185303,30895.29999923706,0,11.300003051757812,18.299999237060547,30905.0,False,2,1,False,accurate,0,0,False,False,88,False,True,,,,,,,,,,,
4413,30891.0,30895.29999923706,30909.10000228882,0,13.800003051757812,18.10000228881836,30919.0,False,2,1,False,accurate,0,0,False,False,86,False,True,,,,,,,,,,,
4416,30912.0,30912.0,30925.20000076294,0,13.200000762939453,13.200000762939453,30940.0,False,1,0,False,accurate,0,0,False,False,83,False,True,,,,,,,,,,,
4417,30919.0,30925.20000076294,30940.5,0,15.299999237060547,21.5,30947.0,False,2,1,False,accurate,0,0,False,False,82,False,True,,,,,,,,,,,
4419,30933.0,30940.5,30950.09999847412,0,9.599998474121094,17.099998474121094,30961.0,False,2,1,False,accurate,0,0,False,False,80,False,True,,,,,,,,,,,
4420,30940.0,30950.09999847412,30965.0,0,14.900001525878906,25.0,30968.0,False,3,2,False,accurate,0,0,False,False,79,False,True,,,,,,,,,,,
4423,30961.0,30965.0,30977.79999923706,0,12.799999237060547,16.799999237060547,30989.0,False,2,1,False,accurate,0,0,False,False,76,False,True,,,,,,,,,,,
4424,30968.0,30977.79999923706,30990.39999771118,0,12.599998474121094,22.39999771118164,30996.0,False,2,1,False,accurate,0,0,False,False,75,False,True,,,,,,,,,,,
4426,30982.0,30990.39999771118,30993.09999847412,0,2.700000762939453,11.099998474121094,31010.0,False,2,1,False,fast,0,0,False,False,73,False,True,,,,,,,,,,,
4428,30996.0,30996.0,31010.0,0,14.0,14.0,31024.0,False,1,0,False,accurate,0,0,False,False,71,False,True,,,,,,,,,,,
4429,31003.0,31010.0,31022.79999923706,0,12.799999237060547,19.799999237060547,31031.0,False,2,1,False,accurate,1,1,False,False,70,False,True,,,,,,,,,,,
4435,31045.0,31045.0,31058.5,0,13.5,13.5,31073.0,False,1,0,False,accurate,0,0,False,False,64,False,True,,,,,,,,,,,
4436,31052.0,31058.5,31076.29999923706,0,17.799999237060547,24.299999237060547,31080.0,False,2,1,False,accurate,0,0,False,False,63,False,True,,,,,,,,,,,
4437,31059.0,31076.29999923706,31078.90000152588,0,2.6000022888183594,19.900001525878906,31087.0,False,2,1,False,fast,0,0,False,False,62,False,True,,,,,,,,,,,
4438,31066.0,31078.90000152588,31092.90000152588,0,14.0,26.900001525878906,31094.0,False,3,2,False,accurate,1,1,False,False,61,False,True,,,,,,,,,,,
4439,31073.0,31092.90000152588,31095.499996185303,0,2.599994659423828,22.499996185302734,31101.0,False,4,3,False,fast,0,0,False,False,60,False,True,,,,,,,,,,,
4440,31080.0,31095.499996185303,31098.199996948242,0,2.700000762939453,18.199996948242188,31108.0,False,3,2,False,fast,0,0,False,False,59,False,True,,,,,,,,,,,
4443,31101.0,31101.0,31113.5,0,12.5,12.5,31129.0,False,1,0,False,accurate,0,0,False,False,56,False,True,,,,,,,,,,,
4444,31108.0,31113.5,31126.10000228882,0,12.60000228881836,18.10000228881836,31136.0,False,2,1,False,accurate,0,0,False,False,55,False,True,,,,,,,,,,,
4445,31115.0,31126.10000228882,31141.20000076294,0,15.099998474121094,26.200000762939453,31143.0,False,2,1,False,accurate,1,1,False,False,54,False,True,,,,,,,,,,,
4449,31143.0,31143.0,31155.5,0,12.5,12.5,31171.0,False,1,0,False,accurate,0,0,False,False,50,False,True,,,,,,,,,,,
4453,31171.0,31171.0,31188.60000228882,0,17.60000228881836,17.60000228881836,31199.0,False,1,0,False,accurate,0,0,False,False,46,False,True,,,,,,,,,,,
4454,31178.0,31188.60000228882,31200.10000228882,0,11.5,22.10000228881836,31206.0,False,2,1,False,accurate,1,1,False,False,45,False,True,,,,,,,,,,,
4462,31234.0,31234.0,31252.10000228882,0,18.10000228881836,18.10000228881836,31262.0,False,1,0,False,accurate,0,0,False,False,37,False,True,,,,,,,,,,,
4466,31262.0,31262.0,31279.800003051758,0,17.800003051757812,17.800003051757812,31290.0,False,1,0,False,accurate,0,0,False,False,33,False,True,,,,,,,,,,,
4471,31297.0,31297.0,31311.89999771118,0,14.89999771118164,14.89999771118164,31325.0,False,1,0,False,accurate,0,0,False,False,28,False,True,,,,,,,,,,,
4475,31325.0,31325.0,31340.70000076294,0,15.700000762939453,15.700000762939453,31353.0,False,1,0,False,accurate,0,0,False,False,24,False,True,,,,,,,,,,,
4476,31332.0,31340.70000076294,31352.300003051758,0,11.60000228881836,20.300003051757812,31360.0,False,2,1,False,accurate,0,0,False,False,23,False,True,,,,,,,,,,,
4477,31339.0,31352.300003051758,31356.79999923706,0,4.499996185302734,17.799999237060547,31367.0,False,3,2,False,fast,0,0,False,False,22,False,True,,,,,,,,,,,
4480,31360.0,31360.0,31385.839994812013,0,25.839994812011717,25.839994812013174,31388.0,False,1,0,False,accurate,1,1,False,False,19,False,True,,,,,,,,,,,
4481,31367.0,31385.839994812013,31389.057500256302,0,3.2175054442882356,22.057500256301864,31395.0,False,2,1,False,fast,0,0,False,False,18,False,True,,,,,,,,,,,
4484,31388.0,31389.057500256302,31410.27416915258,0,21.216668896277724,22.274169152580725,31416.0,False,2,1,False,accurate,0,0,False,False,15,False,True,,,,,,,,,,,
4486,31402.0,31410.27416915258,31429.184165662133,0,18.909996509552002,27.184165662132727,31430.0,False,2,1,False,accurate,0,0,False,False,13,False,True,,,,,,,,,,,
4487,31409.0,31429.184165662133,31432.38083144665,0,3.196665784517927,23.380831446651428,31437.0,False,3,2,False,fast,0,0,False,False,12,False,True,,,,,,,,,,,
4488,31416.0,31432.38083144665,31435.554163926445,0,3.173332479794817,19.554163926444744,31444.0,False,3,2,False,fast,0,1,True,False,11,False,True,,,,,,,,,,,
4489,31423.0,31435.554163926445,31438.59166478475,0,3.0375008583068848,15.591664784751629,31451.0,False,4,3,False,fast,0,0,False,False,10,False,True,,,,,,,,,,,
4490,31430.0,31438.59166478475,31457.322502231003,0,18.730837446252462,27.322502231003455,31458.0,False,4,3,False,accurate,0,0,False,False,9,False,True,,,,,,,,,,,
4491,31437.0,31457.322502231003,31460.315003087322,0,2.9925008563200666,23.31500308732211,31465.0,False,3,2,False,fast,0,1,True,False,8,False,True,,,,,,,,,,,
4496,31472.0,31472.0,31496.296663039822,0,24.296663039823354,24.296663039822306,31500.0,False,1,0,False,accurate,1,1,False,False,3,False,True,,,,,,,,,,,
4497,31479.0,31496.296663039822,31499.154163841904,0,2.857500802079835,20.154163841903937,31507.0,False,2,1,False,fast,0,0,False,False,2,True,True,,,,,,,,,,,
4498,31486.0,31499.154163841904,31502.094163040816,0,2.9399991989135743,16.094163040816056,31514.0,False,3,2,False,fast,0,0,False,False,1,True,True,,,,,,,,,,,
4500,31500.0,31502.094163040816,31521.189161396374,0,19.094998355557518,21.189161396374402,31528.0,False,2,1,False,accurate,0,0,False,False,99,False,True,,,,,,,,,,,
4503,31521.0,31521.189161396374,31535.803328860577,0,14.61416746420165,14.803328860576585,31549.0,False,2,1,False,accurate,0,0,False,False,96,False,True,,,,,,,,,,,
4505,31535.0,31535.803328860577,31553.20332657176,0,17.39999771118164,18.203326571758225,31563.0,False,2,1,False,accurate,1,1,False,False,94,False,True,,,,,,,,,,,
4508,31556.0,31556.0,31570.499996185303,0,14.499996185302734,14.499996185302734,31584.0,False,1,0,False,accurate,0,0,False,False,91,False,True,,,,,,,,,,,
4509,31563.0,31570.499996185303,31581.699996948242,0,11.200000762939453,18.699996948242188,31591.0,False,2,1,False,accurate,0,0,False,False,90,False,True,,,,,,,,,,,
4511,31577.0,31581.699996948242,31603.099994659424,0,21.39999771118164,26.099994659423828,31605.0,False,2,1,False,accurate,0,0,False,False,88,False,True,,,,,,,,,,,
4512,31584.0,31603.099994659424,31605.79999923706,0,2.7000045776367188,21.799999237060547,31612.0,False,2,1,False,fast,0,0,False,False,87,False,True,,,,,,,,,,,
4515,31605.0,31605.79999923706,31623.09999847412,0,17.299999237060547,18.099998474121094,31633.0,False,2,1,False,accurate,0,0,False,False,84,False,True,,,,,,,,,,,
4516,31612.0,31623.09999847412,31634.699996948242,0,11.599998474121094,22.699996948242188,31640.0,False,2,1,False,accurate,0,0,False,False,83,False,True,,,,,,,,,,,
4518,31626.0,31634.699996948242,31647.999996185303,0,13.299999237060547,21.999996185302734,31654.0,False,2,1,False,accurate,0,0,False,False,81,False,True,,,,,,,,,,,
4520,31640.0,31647.999996185303,31659.79999923706,0,11.800003051757812,19.799999237060547,31668.0,False,2,1,False,accurate,0,0,False,False,79,False,True,,,,,,,,,,,
4521,31647.0,31659.79999923706,31662.40000152588,0,2.6000022888183594,15.400001525878906,31675.0,False,3,2,False,fast,0,1,True,False,78,False,True,,,,,,,,,,,
4524,31668.0,31668.0,31682.0,0,14.0,14.0,31696.0,False,1,0,False,accurate,0,0,False,False,75,False,True,,,,,,,,,,,
4526,31682.0,31682.0,31694.29999923706,0,12.299999237060547,12.299999237060547,31710.0,False,1,0,False,accurate,0,0,False,False,73,False,True,,,,,,,,,,,
4527,31689.0,31694.29999923706,31697.20000076294,0,2.9000015258789062,8.200000762939453,31717.0,False,2,1,False,fast,0,0,False,False,72,False,True,,,,,,,,,,,
4531,31717.0,31717.0,31729.0,0,12.0,12.0,31745.0,False,1,0,False,accurate,0,0,False,False,68,False,True,,,,,,,,,,,
4534,31738.0,31738.0,31750.89999771118,0,12.89999771118164,12.89999771118164,31766.0,False,1,0,False,accurate,0,0,False,False,65,False,True,,,,,,,,,,,
4539,31773.0,31773.0,31784.10000228882,0,11.10000228881836,11.10000228881836,31801.0,False,1,0,False,accurate,0,0,False,False,60,False,True,,,,,,,,,,,
4540,31780.0,31784.10000228882,31796.60000228882,0,12.5,16.60000228881836,31808.0,False,2,1,False,accurate,0,0,False,False,59,False,True,,,,,,,,,,,
4543,31801.0,31801.0,31813.40000152588,0,12.400001525878906,12.400001525878906,31829.0,False,1,0,False,accurate,0,0,False,False,56,False,True,,,,,,,,,,,
4544,31808.0,31813.40000152588,31826.499996185303,0,13.099994659423828,18.499996185302734,31836.0,False,2,1,False,accurate,0,0,False,False,55,False,True,,,,,,,,,,,
4545,31815.0,31826.499996185303,31838.199993133545,0,11.699996948242188,23.199993133544922,31843.0,False,2,1,False,accurate,0,0,False,False,54,False,True,,,,,,,,,,,
4548,31836.0,31838.199993133545,31851.799991607666,0,13.599998474121094,15.799991607666016,31864.0,False,2,1,False,accurate,0,0,False,False,51,False,True,,,,,,,,,,,
4554,31878.0,31878.0,31892.800003051758,0,14.800003051757812,14.800003051757812,31906.0,False,1,0,False,accurate,1,1,False,False,45,False,True,,,,,,,,,,,
4555,31885.0,31892.800003051758,31903.200008392334,0,10.400005340576172,18.200008392333984,31913.0,False,2,1,False,accurate,0,0,False,False,44,False,True,,,,,,,,,,,
4560,31920.0,31920.0,31931.70000076294,0,11.700000762939453,11.700000762939453,31948.0,False,1,0,False,accurate,0,0,False,False,39,False,True,,,,,,,,,,,
4564,31948.0,31948.0,31960.90000152588,0,12.900001525878906,12.900001525878906,31976.0,False,1,0,False,accurate,0,0,False,False,35,False,True,,,,,,,,,,,
4567,31969.0,31969.0,31986.29999923706,0,17.299999237060547,17.299999237060547,31997.0,False,1,0,False,accurate,0,0,False,False,32,False,True,,,,,,,,,,,
4570,31990.0,31990.0,32004.59999847412,0,14.599998474121094,14.599998474121094,32018.0,False,1,0,False,accurate,0,0,False,False,29,False,True,,,,,,,,,,,
4573,32011.0,32011.0,32027.60000228882,0,16.60000228881836,16.60000228881836,32039.0,False,1,0,False,accurate,1,1,False,False,26,False,True,,,,,,,,,,,
4574,32018.0,32027.60000228882,32041.59999847412,0,13.999996185302734,23.599998474121094,32046.0,False,2,1,False,accurate,0,0,False,False,25,False,True,,,,,,,,,,,
4575,32025.0,32041.59999847412,32044.89999771118,0,3.299999237060547,19.89999771118164,32053.0,False,3,2,False,fast,0,0,False,False,24,False,True,,,,,,,,,,,
4576,32032.0,32044.89999771118,32059.39999771118,0,14.5,27.39999771118164,32060.0,False,3,2,False,accurate,0,0,False,False,23,False,True,,,,,,,,,,,
4580,32060.0,32060.0,32073.10000228882,0,13.10000228881836,13.10000228881836,32088.0,False,1,0,False,accurate,1,1,False,False,19,False,True,,,,,,,,,,,
4582,32074.0,32074.0,32087.70000076294,0,13.700000762939453,13.700000762939453,32102.0,False,1,0,False,accurate,1,1,False,False,17,False,True,,,,,,,,,,,
4583,32081.0,32087.70000076294,32102.699996948242,0,14.999996185302734,21.699996948242188,32109.0,False,2,1,False,accurate,0,0,False,False,16,False,True,,,,,,,,,,,
4584,32088.0,32102.699996948242,32115.39999771118,0,12.700000762939453,27.39999771118164,32116.0,False,2,1,False,accurate,1,1,False,False,15,False,True,,,,,,,,,,,
4588,32116.0,32116.0,32128.699996948242,0,12.699996948242188,12.699996948242188,32144.0,False,1,0,False,accurate,0,0,False,False,11,False,True,,,,,,,,,,,
4593,32151.0,32151.0,32163.800003051758,0,12.800003051757812,12.800003051757812,32179.0,False,1,0,False,accurate,0,0,False,False,6,False,True,,,,,,,,,,,
4597,32179.0,32179.0,32191.59999847412,0,12.599998474121094,12.599998474121094,32207.0,False,1,0,False,accurate,0,0,False,False,2,True,True,,,,,,,,,,,
4602,32214.0,32214.0,32227.20000076294,0,13.200000762939453,13.200000762939453,32242.0,False,1,0,False,accurate,0,0,False,False,97,False,True,,,,,,,,,,,
4604,32228.0,32228.0,32241.79999923706,0,13.799999237060547,13.799999237060547,32256.0,False,1,0,False,accurate,0,0,False,False,95,False,True,,,,,,,,,,,
4605,32235.0,32241.79999923706,32254.000003814697,0,12.200004577636719,19.000003814697266,32263.0,False,2,1,False,accurate,1,1,False,False,94,False,True,,,,,,,,,,,
4607,32249.0,32254.000003814697,32274.200008392334,0,20.20000457763672,25.200008392333984,32277.0,False,2,1,False,accurate,0,0,False,False,92,False,True,,,,,,,,,,,
4610,32270.0,32274.200008392334,32288.800006866455,0,14.599998474121094,18.800006866455078,32298.0,False,2,1,False,accurate,0,0,False,False,89,False,True,,,,,,,,,,,
4614,32298.0,32298.0,32309.39999771118,0,11.39999771118164,11.39999771118164,32326.0,False,1,0,False,accurate,0,0,False,False,85,False,True,,,,,,,,,,,
4616,32312.0,32312.0,32332.20000076294,0,20.200000762939453,20.200000762939453,32340.0,False,1,0,False,accurate,0,0,False,False,83,False,True,,,,,,,,,,,
4621,32347.0,32347.0,32360.29999923706,0,13.299999237060547,13.299999237060547,32375.0,False,1,0,False,accurate,0,0,False,False,78,False,True,,,,,,,,,,,
4624,32368.0,32368.0,32381.39999771118,0,13.39999771118164,13.39999771118164,32396.0,False,1,0,False,accurate,0,0,False,False,75,False,True,,,,,,,,,,,
4627,32389.0,32389.0,32414.999996185303,0,25.999996185302734,25.999996185302734,32417.0,False,1,0,False,accurate,0,0,False,False,72,False,True,,,,,,,,,,,
4628,32396.0,32414.999996185303,32417.599994659424,0,2.5999984741210938,21.599994659423828,32424.0,False,2,1,False,fast,0,0,False,False,71,False,True,,,,,,,,,,,
4629,32403.0,32417.599994659424,32430.999992370605,0,13.39999771118164,27.99999237060547,32431.0,False,3,2,False,accurate,0,0,False,False,70,False,True,,,,,,,,,,,
4630,32410.0,32430.999992370605,32433.699996948242,0,2.7000045776367188,23.699996948242188,32438.0,False,4,3,False,fast,0,0,False,False,69,False,True,,,,,,,,,,,
4631,32417.0,32433.699996948242,32436.39999771118,0,2.700000762939453,19.39999771118164,32445.0,False,4,3,False,fast,0,0,False,False,68,False,True,,,,,,,,,,,
4633,32431.0,32436.39999771118,32449.89999771118,0,13.5,18.89999771118164,32459.0,False,3,2,False,accurate,1,1,False,False,66,False,True,,,,,,,,,,,
4634,32438.0,32449.89999771118,32456.299995422363,0,6.399997711181641,18.29999542236328,32466.0,False,2,1,False,fast,0,0,False,False,65,False,True,,,,,,,,,,,
4635,32445.0,32456.299995422363,32468.599994659424,0,12.299999237060547,23.599994659423828,32473.0,False,3,2,False,accurate,0,0,False,False,64,False,True,,,,,,,,,,,
4636,32452.0,32468.599994659424,32471.299991607666,0,2.6999969482421875,19.299991607666016,32480.0,False,3,2,False,fast,0,1,True,False,63,False,True,,,,,,,,,,,
4638,32466.0,32471.299991607666,32485.099990844727,0,13.799999237060547,19.099990844726562,32494.0,False,3,2,False,accurate,0,0,False,False,61,False,True,,,,,,,,,,,
4639,32473.0,32485.099990844727,32497.299991607666,0,12.200000762939453,24.299991607666016,32501.0,False,2,1,False,accurate,0,0,False,False,60,False,True,,,,,,,,,,,
4642,32494.0,32497.299991607666,32500.494988007147,0,3.194996399482079,6.494988007147185,32522.0,False,2,1,False,fast,0,1,True,False,57,False,True,,,,,,,,,,,
4648,32536.0,32536.0,32554.773332392375,0,18.773332392374662,18.77333239237487,32564.0,False,1,0,False,accurate,0,0,False,False,51,False,True,,,,,,,,,,,
4654,32578.0,32578.0,32595.566669528485,0,17.56666952848433,17.566669528485363,32606.0,False,1,0,False,accurate,1,1,False,False,45,False,True,,,,,,,,,,,
4657,32599.0,32599.0,32621.156663782596,0,22.156663782596603,22.156663782596297,32627.0,False,1,0,False,accurate,0,0,False,False,42,False,True,,,,,,,,,,,
4661,32627.0,32627.0,32640.158748340607,0,13.158748340606689,13.158748340607417,32655.0,False,1,0,False,accurate,0,0,False,False,38,False,True,,,,,,,,,,,
4665,32655.0,32655.0,32668.60000228882,0,13.60000228881836,13.60000228881836,32683.0,False,1,0,False,accurate,0,0,False,False,34,False,True,,,,,,,,,,,
4666,32662.0,32668.60000228882,32682.0,0,13.39999771118164,20.0,32690.0,False,2,1,False,accurate,0,0,False,False,33,False,True,,,,,,,,,,,
4667,32669.0,32682.0,32684.70000076294,0,2.700000762939453,15.700000762939453,32697.0,False,2,1,False,fast,0,0,False,False,32,False,True,,,,,,,,,,,
4668,32676.0,32684.70000076294,32698.70000076294,0,14.0,22.700000762939453,32704.0,False,3,2,False,accurate,0,0,False,False,31,False,True,,,,,,,,,,,
4670,32690.0,32698.70000076294,32713.09999847412,0,14.39999771118164,23.099998474121094,32718.0,False,2,1,False,accurate,1,1,False,False,29,False,True,,,,,,,,,,,
4672,32704.0,32713.09999847412,32726.09999847412,0,13.0,22.099998474121094,32732.0,False,2,1,False,accurate,0,0,False,False,27,False,True,,,,,,,,,,,
4674,32718.0,32726.09999847412,32738.09999847412,0,12.0,20.099998474121094,32746.0,False,2,1,False,accurate,0,0,False,False,25,False,True,,,,,,,,,,,
4676,32732.0,32738.09999847412,32753.70000076294,0,15.60000228881836,21.700000762939453,32760.0,False,2,1,False,accurate,1,1,False,False,23,False,True,,,,,,,,,,,
4678,32746.0,32753.70000076294,32767.10000228882,0,13.400001525878906,21.10000228881836,32774.0,False,2,1,False,accurate,1,1,False,False,21,False,True,,,,,,,,,,,
4683,32781.0,32781.0,32792.79999923706,0,11.799999237060547,11.799999237060547,32809.0,False,1,0,False,accurate,0,0,False,False,16,False,True,,,,,,,,,,,
4684,32788.0,32792.79999923706,32814.89999771118,0,22.099998474121094,26.89999771118164,32816.0,False,2,1,False,accurate,1,1,False,False,15,False,True,,,,,,,,,,,
4685,32795.0,32814.89999771118,32817.59999847412,0,2.700000762939453,22.599998474121094,32823.0,False,2,1,False,fast,0,1,True,False,14,False,True,,,,,,,,,,,
4688,32816.0,32817.59999847412,32840.90000152588,0,23.300003051757812,24.900001525878906,32844.0,False,2,1,False,accurate,0,0,False,False,11,False,True,,,,,,,,,,,
4689,32823.0,32840.90000152588,32843.59999847412,0,2.6999969482421875,20.599998474121094,32851.0,False,2,1,False,fast,0,1,True,False,10,False,True,,,,,,,,,,,
4690,32830.0,32843.59999847412,32846.20000076294,0,2.6000022888183594,16.200000762939453,32858.0,False,3,2,False,fast,0,0,False,False,9,False,True,,,,,,,,,,,
4691,32837.0,32846.20000076294,32848.90000152588,0,2.700000762939453,11.900001525878906,32865.0,False,4,3,False,fast,0,1,True,False,8,False,True,,,,,,,,,,,
4693,32851.0,32851.0,32866.60000228882,0,15.60000228881836,15.60000228881836,32879.0,False,1,0,False,accurate,0,0,False,False,6,False,True,,,,,,,,,,,
4694,32858.0,32866.60000228882,32881.5000038147,0,14.900001525878906,23.500003814697266,32886.0,False,2,1,False,accurate,1,1,False,False,5,False,True,,,,,,,,,,,
4700,32900.0,32900.0,32916.10000228882,0,16.10000228881836,16.10000228881836,32928.0,False,1,0,False,accurate,1,1,False,False,99,False,True,,,,,,,,,,,
4702,32914.0,32916.10000228882,32930.60000228882,0,14.5,16.60000228881836,32942.0,False,2,1,False,accurate,0,0,False,False,97,False,True,,,,,,,,,,,
4704,32928.0,32930.60000228882,32945.0000038147,0,14.400001525878906,17.000003814697266,32956.0,False,2,1,False,accurate,0,0,False,False,95,False,True,,,,,,,,,,,
4706,32942.0,32945.0000038147,32955.30000305176,0,10.299999237060547,13.300003051757812,32970.0,False,2,1,False,accurate,0,0,False,False,93,False,True,,,,,,,,,,,
4707,32949.0,32955.30000305176,32969.300006866455,0,14.000003814697266,20.300006866455078,32977.0,False,2,1,False,accurate,0,0,False,False,92,False,True,,,,,,,,,,,
4710,32970.0,32970.0,32984.0,0,14.0,14.0,32998.0,False,1,0,False,accurate,0,0,False,False,89,False,True,,,,,,,,,,,
4711,32977.0,32984.0,32996.39999771118,0,12.39999771118164,19.39999771118164,33005.0,False,2,1,False,accurate,0,0,False,False,88,False,True,,,,,,,,,,,
4712,32984.0,32996.39999771118,32999.099994659424,0,2.6999969482421875,15.099994659423828,33012.0,False,2,1,False,fast,0,1,True,False,87,False,True,,,,,,,,,,,
4717,33019.0,33019.0,33032.60000228882,0,13.60000228881836,13.60000228881836,33047.0,False,1,0,False,accurate,0,0,False,False,82,False,True,,,,,,,,,,,
4718,33026.0,33032.60000228882,33046.70000457764,0,14.10000228881836,20.70000457763672,33054.0,False,2,1,False,accurate,0,0,False,False,81,False,True,,,,,,,,,,,
4721,33047.0,33047.0,33067.20000457764,0,20.20000457763672,20.20000457763672,33075.0,False,1,0,False,accurate,0,0,False,False,78,False,True,,,,,,,,,,,
4722,33054.0,33067.20000457764,33079.0000038147,0,11.799999237060547,25.000003814697266,33082.0,False,2,1,False,accurate,0,0,False,False,77,False,True,,,,,,,,,,,
4730,33110.0,33110.0,33127.90000152588,0,17.900001525878906,17.900001525878906,33138.0,False,1,0,False,accurate,0,0,False,False,69,False,True,,,,,,,,,,,
4732,33124.0,33127.90000152588,33143.20000457764,0,15.300003051757812,19.20000457763672,33152.0,False,2,1,False,accurate,0,0,False,False,67,False,True,,,,,,,,,,,
4737,33159.0,33159.0,33171.39999771118,0,12.39999771118164,12.39999771118164,33187.0,False,1,0,False,accurate,0,0,False,False,62,False,True,,,,,,,,,,,
4742,33194.0,33194.0,33207.59999847412,0,13.599998474121094,13.599998474121094,33222.0,False,1,0,False,accurate,0,0,False,False,57,False,True,,,,,,,,,,,
4743,33201.0,33207.59999847412,33223.4999961853,0,15.89999771118164,22.499996185302734,33229.0,False,2,1,False,accurate,0,0,False,False,56,False,True,,,,,,,,,,,
4745,33215.0,33223.4999961853,33238.29999542236,0,14.799999237060547,23.29999542236328,33243.0,False,2,1,False,accurate,0,0,False,False,54,False,True,,,,,,,,,,,
4749,33243.0,33243.0,33257.0,0,14.0,14.0,33271.0,False,1,0,False,accurate,0,0,False,False,50,False,True,,,,,,,,,,,
4751,33257.0,33257.0,33271.90000152588,0,14.900001525878906,14.900001525878906,33285.0,False,1,0,False,accurate,0,0,False,False,48,False,True,,,,,,,,,,,
4752,33264.0,33271.90000152588,33289.20000076294,0,17.299999237060547,25.200000762939453,33292.0,False,2,1,False,accurate,0,0,False,False,47,False,True,,,,,,,,,,,
4755,33285.0,33289.20000076294,33305.0,0,15.799999237060547,20.0,33313.0,False,2,1,False,accurate,0,0,False,False,44,False,True,,,,,,,,,,,
4756,33292.0,33305.0,33318.30000305176,0,13.300003051757812,26.300003051757812,33320.0,False,2,1,False,accurate,0,0,False,False,43,False,True,,,,,,,,,,,
4762,33334.0,33334.0,33347.19999694824,0,13.199996948242188,13.199996948242188,33362.0,False,1,0,False,accurate,1,1,False,False,37,False,True,,,,,,,,,,,
4763,33341.0,33347.19999694824,33349.899993896484,0,2.6999969482421875,8.899993896484375,33369.0,False,2,1,False,fast,0,1,True,False,36,False,True,,,,,,,,,,,
4765,33355.0,33355.0,33366.89999771118,0,11.89999771118164,11.89999771118164,33383.0,False,1,0,False,accurate,0,0,False,False,34,False,True,,,,,,,,,,,
4768,33376.0,33376.0,33388.20000076294,0,12.200000762939453,12.200000762939453,33404.0,False,1,0,False,accurate,0,0,False,False,31,False,True,,,,,,,,,,,
4771,33397.0,33397.0,33409.79999923706,0,12.799999237060547,12.799999237060547,33425.0,False,1,0,False,accurate,0,0,False,False,28,False,True,,,,,,,,,,,
4772,33404.0,33409.79999923706,33426.20000076294,0,16.400001525878906,22.200000762939453,33432.0,False,2,1,False,accurate,0,0,False,False,27,False,True,,,,,,,,,,,
4774,33418.0,33426.20000076294,33429.0,0,2.799999237060547,11.0,33446.0,False,2,1,False,fast,0,0,False,False,25,False,True,,,,,,,,,,,
4775,33425.0,33429.0,33440.90000152588,0,11.900001525878906,15.900001525878906,33453.0,False,3,2,False,accurate,0,0,False,False,24,False,True,,,,,,,,,,,
4777,33439.0,33440.90000152588,33452.60000228882,0,11.700000762939453,13.60000228881836,33467.0,False,2,1,False,accurate,0,0,False,False,22,False,True,,,,,,,,,,,
4778,33446.0,33452.60000228882,33466.70000076294,0,14.099998474121094,20.700000762939453,33474.0,False,2,1,False,accurate,1,1,False,False,21,False,True,,,,,,,,,,,
4779,33453.0,33466.70000076294,33480.10000228882,0,13.400001525878906,27.10000228881836,33481.0,False,2,1,False,accurate,0,0,False,False,20,False,True,,,,,,,,,,,
4781,33467.0,33480.10000228882,33492.90000152588,0,12.799999237060547,25.900001525878906,33495.0,False,2,1,False,accurate,0,0,False,False,18,False,True,,,,,,,,,,,
4782,33474.0,33492.90000152588,33495.80000305176,0,2.9000015258789062,21.800003051757812,33502.0,False,3,2,False,fast,0,0,False,False,17,False,True,,,,,,,,,,,
4784,33488.0,33495.80000305176,33499.20000076294,0,3.3999977111816406,11.200000762939453,33516.0,False,3,2,False,fast,0,1,True,False,15,False,True,,,,,,,,,,,
4786,33502.0,33502.0,33514.5,0,12.5,12.5,33530.0,False,1,0,False,accurate,0,0,False,False,13,False,True,,,,,,,,,,,
4787,33509.0,33514.5,33529.5000038147,0,15.000003814697266,20.500003814697266,33537.0,False,2,1,False,accurate,0,0,False,False,12,False,True,,,,,,,,,,,
4788,33516.0,33529.5000038147,33542.40000152588,0,12.89999771118164,26.400001525878906,33544.0,False,2,1,False,accurate,0,0,False,False,11,False,True,,,,,,,,,,,
4789,33523.0,33542.40000152588,33545.29999923706,0,2.8999977111816406,22.299999237060547,33551.0,False,3,2,False,fast,0,0,False,False,10,False,True,,,,,,,,,,,
4792,33544.0,33545.29999923706,33560.29999923706,0,15.0,16.299999237060547,33572.0,False,2,1,False,accurate,1,1,False,False,7,False,True,,,,,,,,,,,
4795,33565.0,33565.0,33579.899993896484,0,14.899993896484375,14.899993896484375,33593.0,False,1,0,False,accurate,0,0,False,False,4,False,True,,,,,,,,,,,
4796,33572.0,33579.899993896484,33597.19999694824,0,17.300003051757812,25.199996948242188,33600.0,False,2,1,False,accurate,1,1,False,False,3,False,True,,,,,,,,,,,
4799,33593.0,33597.19999694824,33611.29999923706,0,14.10000228881836,18.299999237060547,33621.0,False,2,1,False,accurate,0,0,False,True,0,True,True,,,,,,,,,,,
4801,33607.0,33611.29999923706,33614.63666498343,0,3.3366657463709544,7.636664983430819,33635.0,False,2,1,False,fast,0,0,False,False,98,False,True,,,,,,,,,,,
4802,33614.0,33614.63666498343,33635.48583307922,0,20.849168095787377,21.485833079219447,33642.0,False,2,1,False,accurate,0,0,False,False,97,False,True,,,,,,,,,,,
4803,33621.0,33635.48583307922,33638.893334872126,0,3.407501792907715,17.893334872125706,33649.0,False,2,1,False,fast,0,0,False,False,96,False,True,,,,,,,,,,,
4805,33635.0,33638.893334872126,33657.38791481376,0,18.49457994163033,22.38791481375665,33663.0,False,3,2,False,accurate,0,0,False,False,94,False,True,,,,,,,,,,,
4807,33649.0,33657.38791481376,33660.47041567405,0,3.082500860293703,11.470415674048127,33677.0,False,2,1,False,fast,0,0,False,False,92,False,True,,,,,,,,,,,
4813,33691.0,33691.0,33693.94749667386,0,2.9474966738621333,2.9474966738634976,33719.0,False,1,0,False,fast,0,1,True,False,86,False,True,,,,,,,,,,,
4814,33698.0,33698.0,33712.98333620906,0,14.983336209058747,14.983336209057597,33726.0,False,1,0,False,accurate,0,0,False,False,85,False,True,,,,,,,,,,,
4818,33726.0,33726.0,33742.685000896454,0,16.685000896453857,16.685000896453857,33754.0,False,1,0,False,accurate,0,0,False,False,81,False,True,,,,,,,,,,,
4820,33740.0,33742.685000896454,33764.57166592737,0,21.88666503091653,24.571665927367576,33768.0,False,2,1,False,accurate,0,0,False,False,79,False,True,,,,,,,,,,,
4821,33747.0,33764.57166592737,33767.44166514536,0,2.8699992179870604,20.441665145357547,33775.0,False,2,1,False,fast,0,0,False,False,78,False,True,,,,,,,,,,,
4823,33761.0,33767.44166514536,33778.45374927318,0,11.012084127825995,17.453749273183348,33789.0,False,3,2,False,accurate,1,1,False,False,76,False,True,,,,,,,,,,,
4825,33775.0,33778.45374927318,33790.253748510244,0,11.799999237060547,15.253748510243895,33803.0,False,2,1,False,accurate,0,0,False,False,74,False,True,,,,,,,,,,,
4827,33789.0,33790.253748510244,33805.253748510244,0,15.0,16.253748510243895,33817.0,False,2,1,False,accurate,0,0,False,False,72,False,True,,,,,,,,,,,
4828,33796.0,33805.253748510244,33820.753748510244,0,15.5,24.753748510243895,33824.0,False,2,1,False,accurate,0,0,False,False,71,False,True,,,,,,,,,,,
4834,33838.0,33838.0,33858.60000228882,0,20.60000228881836,20.60000228881836,33866.0,False,1,0,False,accurate,0,0,False,False,65,False,True,,,,,,,,,,,
4835,33845.0,33858.60000228882,33870.30000305176,0,11.700000762939453,25.300003051757812,33873.0,False,2,1,False,accurate,0,0,False,False,64,False,True,,,,,,,,,,,
4836,33852.0,33870.30000305176,33873.0,0,2.6999969482421875,21.0,33880.0,False,3,2,False,fast,0,0,False,False,63,False,True,,,,,,,,,,,
4837,33859.0,33873.0,33883.79999923706,0,10.799999237060547,24.799999237060547,33887.0,False,3,2,False,accurate,0,0,False,False,62,False,True,,,,,,,,,,,
4838,33866.0,33883.79999923706,33886.4999961853,0,2.6999969482421875,20.499996185302734,33894.0,False,4,3,False,fast,0,1,True,False,61,False,True,,,,,,,,,,,
4844,33908.0,33908.0,33919.69999694824,0,11.699996948242188,11.699996948242188,33936.0,False,1,0,False,accurate,0,0,False,False,55,False,True,,,,,,,,,,,
4845,33915.0,33919.69999694824,33935.89999771118,0,16.200000762939453,20.89999771118164,33943.0,False,2,1,False,accurate,0,0,False,False,54,False,True,,,,,,,,,,,
4846,33922.0,33935.89999771118,33939.59999847412,0,3.700000762939453,17.599998474121094,33950.0,False,2,1,False,fast,0,0,False,False,53,False,True,,,,,,,,,,,
4848,33936.0,33939.59999847412,33952.89999771118,0,13.299999237060547,16.89999771118164,33964.0,False,2,1,False,accurate,0,0,False,False,51,False,True,,,,,,,,,,,
4849,33943.0,33952.89999771118,33955.59999847412,0,2.700000762939453,12.599998474121094,33971.0,False,2,1,False,fast,0,1,True,False,50,False,True,,,,,,,,,,,
4855,33985.0,33985.0,33998.5,0,13.5,13.5,34013.0,False,1,0,False,accurate,0,0,False,False,44,False,True,,,,,,,,,,,
4856,33992.0,33998.5,34011.70000457764,0,13.200004577636719,19.70000457763672,34020.0,False,2,1,False,accurate,0,0,False,False,43,False,True,,,,,,,,,,,
4857,33999.0,34011.70000457764,34014.40000152588,0,2.6999969482421875,15.400001525878906,34027.0,False,2,1,False,fast,0,0,False,False,42,False,True,,,,,,,,,,,
4860,34020.0,34020.0,34036.59999847412,0,16.599998474121094,16.599998474121094,34048.0,False,1,0,False,accurate,0,0,False,False,39,False,True,,,,,,,,,,,
4862,34034.0,34036.59999847412,34053.60000228882,0,17.000003814697266,19.60000228881836,34062.0,False,2,1,False,accurate,0,0,False,False,37,False,True,,,,,,,,,,,
4864,34048.0,34053.60000228882,34066.70000076294,0,13.099998474121094,18.700000762939453,34076.0,False,2,1,False,accurate,1,1,False,False,35,False,True,,,,,,,,,,,
4866,34062.0,34066.70000076294,34079.5,0,12.799999237060547,17.5,34090.0,False,2,1,False,accurate,0,0,False,False,33,False,True,,,,,,,,,,,
4867,34069.0,34079.5,34094.59999847412,0,15.099998474121094,25.599998474121094,34097.0,False,2,1,False,accurate,1,1,False,False,32,False,True,,,,,,,,,,,
4868,34076.0,34094.59999847412,34097.39999771118,0,2.799999237060547,21.39999771118164,34104.0,False,3,2,False,fast,0,0,False,False,31,False,True,,,,,,,,,,,
4870,34090.0,34097.39999771118,34108.89999771118,0,11.5,18.89999771118164,34118.0,False,3,2,False,accurate,0,0,False,False,29,False,True,,,,,,,,,,,
4874,34118.0,34118.0,34131.89999771118,0,13.89999771118164,13.89999771118164,34146.0,False,1,0,False,accurate,0,0,False,False,25,False,True,,,,,,,,,,,
4879,34153.0,34153.0,34165.20000076294,0,12.200000762939453,12.200000762939453,34181.0,False,1,0,False,accurate,1,1,False,False,20,False,True,,,,,,,,,,,
4882,34174.0,34174.0,34188.29999923706,0,14.299999237060547,14.299999237060547,34202.0,False,1,0,False,accurate,0,0,False,False,17,False,True,,,,,,,,,,,
4884,34188.0,34188.29999923706,34200.29999923706,0,12.0,12.299999237060547,34216.0,False,2,1,False,accurate,0,0,False,False,15,False,True,,,,,,,,,,,
4885,34195.0,34200.29999923706,34203.19999694824,0,2.8999977111816406,8.199996948242188,34223.0,False,2,1,False,fast,0,0,False,False,14,False,True,,,,,,,,,,,
4898,34286.0,34286.0,34300.29999923706,0,14.299999237060547,14.299999237060547,34314.0,False,1,0,False,accurate,1,1,False,False,1,True,True,,,,,,,,,,,
4899,34293.0,34300.29999923706,34313.5,0,13.200000762939453,20.5,34321.0,False,2,1,False,accurate,0,0,False,True,0,True,True,,,,,,,,,,,
4903,34321.0,34321.0,34336.4999961853,0,15.499996185302734,15.499996185302734,34349.0,False,1,0,False,accurate,0,0,False,False,96,False,True,,,,,,,,,,,
4904,34328.0,34336.4999961853,34346.59999847412,0,10.10000228881836,18.599998474121094,34356.0,False,2,1,False,accurate,0,0,False,False,95,False,True,,,,,,,,,,,
4907,34349.0,34349.0,34351.70000076294,0,2.700000762939453,2.700000762939453,34377.0,False,1,0,False,fast,0,1,True,False,92,False,True,,,,,,,,,,,
4908,34356.0,34356.0,34378.70000457764,0,22.70000457763672,22.70000457763672,34384.0,False,1,0,False,accurate,1,1,False,False,91,False,True,,,,,,,,,,,
4909,34363.0,34378.70000457764,34381.5000038147,0,2.799999237060547,18.500003814697266,34391.0,False,2,1,False,fast,0,0,False,False,90,False,True,,,,,,,,,,,
4912,34384.0,34384.0,34397.39999771118,0,13.39999771118164,13.39999771118164,34412.0,False,1,0,False,accurate,0,0,False,False,87,False,True,,,,,,,,,,,
4914,34398.0,34398.0,34416.59999847412,0,18.599998474121094,18.599998474121094,34426.0,False,1,0,False,accurate,1,1,False,False,85,False,True,,,,,,,,,,,
4920,34440.0,34440.0,34461.70000076294,0,21.700000762939453,21.700000762939453,34468.0,False,1,0,False,accurate,0,0,False,False,79,False,True,,,,,,,,,,,
4925,34475.0,34475.0,34489.70000457764,0,14.700004577636719,14.700004577636719,34503.0,False,1,0,False,accurate,1,1,False,False,74,False,True,,,,,,,,,,,
4927,34489.0,34489.70000457764,34505.000007629395,0,15.300003051757812,16.00000762939453,34517.0,False,2,1,False,accurate,0,0,False,False,72,False,True,,,,,,,,,,,
4931,34517.0,34517.0,34520.79999923706,0,3.799999237060547,3.799999237060547,34545.0,False,1,0,False,fast,0,0,False,False,68,False,True,,,,,,,,,,,
4932,34524.0,34524.0,34540.5000038147,0,16.500003814697266,16.500003814697266,34552.0,False,1,0,False,accurate,0,0,False,False,67,False,True,,,,,,,,,,,
4933,34531.0,34540.5000038147,34558.60000991821,0,18.100006103515625,27.60000991821289,34559.0,False,2,1,False,accurate,0,0,False,False,66,False,True,,,,,,,,,,,
4936,34552.0,34558.60000991821,34571.80001449585,0,13.200004577636719,19.80001449584961,34580.0,False,2,1,False,accurate,0,0,False,False,63,False,True,,,,,,,,,,,
4938,34566.0,34571.80001449585,34586.20001220703,0,14.39999771118164,20.20001220703125,34594.0,False,2,1,False,accurate,1,1,False,False,61,False,True,,,,,,,,,,,
4939,34573.0,34586.20001220703,34599.90001296997,0,13.700000762939453,26.900012969970703,34601.0,False,2,1,False,accurate,0,0,False,False,60,False,True,,,,,,,,,,,
4946,34622.0,34622.0,34633.09999847412,0,11.099998474121094,11.099998474121094,34650.0,False,1,0,False,accurate,1,1,False,False,53,False,True,,,,,,,,,,,
4947,34629.0,34633.09999847412,34645.09999847412,0,12.0,16.099998474121094,34657.0,False,2,1,False,accurate,0,0,False,False,52,False,True,,,,,,,,,,,
4949,34643.0,34645.09999847412,34658.70000076294,0,13.60000228881836,15.700000762939453,34671.0,False,2,1,False,accurate,0,0,False,False,50,False,True,,,,,,,,,,,
4952,34664.0,34664.0,34677.70000076294,0,13.700000762939453,13.700000762939453,34692.0,False,1,0,False,accurate,0,0,False,False,47,False,True,,,,,,,,,,,
4960,34720.0,34720.0,34739.37999610901,0,19.37999610900879,19.3799961090117,34748.0,False,1,0,False,accurate,0,0,False,False,39,False,True,,,,,,,,,,,
4962,34734.0,34739.37999610901,34742.811664592824,0,3.43166848381361,8.811664592823945,34762.0,False,2,1,False,fast,0,0,False,False,37,False,True,,,,,,,,,,,
4963,34741.0,34742.811664592824,34763.12916213235,0,20.31749753952026,22.12916213234712,34769.0,False,2,1,False,accurate,0,0,False,False,36,False,True,,,,,,,,,,,
4966,34762.0,34763.12916213235,34766.23416300973,0,3.105000877380371,4.234163009728945,34790.0,False,2,1,False,fast,0,0,False,False,33,False,True,,,,,,,,,,,
4967,34769.0,34769.0,34787.8474975423,0,18.847497542301834,18.847497542301426,34797.0,False,1,0,False,accurate,0,0,False,False,32,False,True,,,,,,,,,,,
4968,34776.0,34787.8474975423,34790.90749409437,0,3.0599965520699697,14.907494094368303,34804.0,False,2,1,False,fast,0,1,True,False,31,False,True,,,,,,,,,,,
4971,34797.0,34797.0,34820.30791900615,0,23.307919006148996,23.30791900614713,34825.0,False,1,0,False,accurate,0,0,False,False,28,False,True,,,,,,,,,,,
4977,34839.0,34839.0,34861.99958595663,0,22.999585956633073,22.999585956633382,34867.0,False,1,0,False,accurate,1,1,False,False,22,False,True,,,,,,,,,,,
4980,34860.0,34861.99958595663,34878.19124841397,0,16.19166245733697,18.191248413968424,34888.0,False,2,1,False,accurate,0,0,False,False,19,False,True,,,,,,,,,,,
4982,34874.0,34878.19124841397,34892.16124924436,0,13.970000830392044,18.16124924436008,34902.0,False,2,1,False,accurate,0,0,False,False,17,False,True,,,,,,,,,,,
4985,34895.0,34895.0,34909.40000152588,0,14.400001525878906,14.400001525878906,34923.0,False,1,0,False,accurate,0,0,False,False,14,False,True,,,,,,,,,,,
4986,34902.0,34909.40000152588,34926.20000076294,0,16.799999237060547,24.200000762939453,34930.0,False,2,1,False,accurate,0,0,False,False,13,False,True,,,,,,,,,,,
4988,34916.0,34926.20000076294,34938.80000305176,0,12.60000228881836,22.800003051757812,34944.0,False,2,1,False,accurate,0,0,False,False,11,False,True,,,,,,,,,,,
4989,34923.0,34938.80000305176,34949.30000305176,0,10.5,26.300003051757812,34951.0,False,3,2,False,accurate,0,0,False,False,10,False,True,,,,,,,,,,,
4990,34930.0,34949.30000305176,34952.0,0,2.6999969482421875,22.0,34958.0,False,3,2,False,fast,0,0,False,False,9,False,True,,,,,,,,,,,
4994,34958.0,34958.0,34971.10000228882,0,13.10000228881836,13.10000228881836,34986.0,False,1,0,False,accurate,0,0,False,False,5,False,True,,,,,,,,,,,
5000,35000.0,35000.0,35017.70000076294,0,17.700000762939453,17.700000762939453,35028.0,False,1,0,False,accurate,1,1,False,False,99,False,True,,,,,,,,,,,
5001,35007.0,35017.70000076294,35034.20000457764,0,16.500003814697266,27.20000457763672,35035.0,False,2,1,False,accurate,0,0,False,False,98,False,True,,,,,,,,,,,
5003,35021.0,35034.20000457764,35048.5000038147,0,14.299999237060547,27.500003814697266,35049.0,False,2,1,False,accurate,0,0,False,False,96,False,True,,,,,,,,,,,
5008,35056.0,35056.0,35074.09999847412,0,18.099998474121094,18.099998474121094,35084.0,False,1,0,False,accurate,0,0,False,False,91,False,True,,,,,,,,,,,
5014,35098.0,35098.0,35115.29999542236,0,17.29999542236328,17.29999542236328,35126.0,False,1,0,False,accurate,0,0,False,False,85,False,True,,,,,,,,,,,
5018,35126.0,35126.0,35140.60000228882,0,14.60000228881836,14.60000228881836,35154.0,False,1,0,False,accurate,0,0,False,False,81,False,True,,,,,,,,,,,
5019,35133.0,35140.60000228882,35153.80000305176,0,13.200000762939453,20.800003051757812,35161.0,False,2,1,False,accurate,0,0,False,False,80,False,True,,,,,,,,,,,
5025,35175.0,35175.0,35187.60000228882,0,12.60000228881836,12.60000228881836,35203.0,False,1,0,False,accurate,0,0,False,False,74,False,True,,,,,,,,,,,
5026,35182.0,35187.60000228882,35190.40000152588,0,2.799999237060547,8.400001525878906,35210.0,False,2,1,False,fast,0,0,False,False,73,False,True,,,,,,,,,,,
5027,35189.0,35190.40000152588,35204.400005340576,0,14.000003814697266,15.400005340576172,35217.0,False,2,1,False,accurate,0,0,False,False,72,False,True,,,,,,,,,,,
5030,35210.0,35210.0,35221.69999694824,0,11.699996948242188,11.699996948242188,35238.0,False,1,0,False,accurate,0,0,False,False,69,False,True,,,,,,,,,,,
5035,35245.0,35245.0,35257.0,0,12.0,12.0,35273.0,False,1,0,False,accurate,0,0,False,False,64,False,True,,,,,,,,,,,
5043,35301.0,35301.0,35313.5,0,12.5,12.5,35329.0,False,1,0,False,accurate,0,0,False,False,56,False,True,,,,,,,,,,,
5044,35308.0,35313.5,35328.09999847412,0,14.599998474121094,20.099998474121094,35336.0,False,2,1,False,accurate,0,0,False,False,55,False,True,,,,,,,,,,,
5048,35336.0,35336.0,35355.89999771118,0,19.89999771118164,19.89999771118164,35364.0,False,1,0,False,accurate,0,0,False,False,51,False,True,,,,,,,,,,,
5052,35364.0,35364.0,35379.69999694824,0,15.699996948242188,15.699996948242188,35392.0,False,1,0,False,accurate,0,0,False,False,47,False,True,,,,,,,,,,,
5055,35385.0,35385.0,35398.20000076294,0,13.200000762939453,13.200000762939453,35413.0,False,1,0,False,accurate,1,1,False,False,44,False,True,,,,,,,,,,,
5056,35392.0,35398.20000076294,35415.20000457764,0,17.000003814697266,23.20000457763672,35420.0,False,2,1,False,accurate,0,0,False,False,43,False,True,,,,,,,,,,,
5059,35413.0,35415.20000457764,35429.000007629395,0,13.800003051757812,16.00000762939453,35441.0,False,2,1,False,accurate,0,0,False,False,40,False,True,,,,,,,,,,,
5063,35441.0,35441.0,35454.09999847412,0,13.099998474121094,13.099998474121094,35469.0,False,1,0,False,accurate,0,0,False,False,36,False,True,,,,,,,,,,,
5068,35476.0,35476.0,35486.0,0,10.0,10.0,35504.0,False,1,0,False,accurate,0,0,False,False,31,False,True,,,,,,,,,,,
5070,35490.0,35490.0,35507.19999694824,0,17.199996948242188,17.199996948242188,35518.0,False,1,0,False,accurate,1,1,False,False,29,False,True,,,,,,,,,,,
5071,35497.0,35507.19999694824,35519.5,0,12.300003051757812,22.5,35525.0,False,2,1,False,accurate,0,0,False,False,28,False,True,,,,,,,,,,,
5073,35511.0,35519.5,35532.29999923706,0,12.799999237060547,21.299999237060547,35539.0,False,2,1,False,accurate,1,1,False,False,26,False,True,,,,,,,,,,,
5077,35539.0,35539.0,35555.20000076294,0,16.200000762939453,16.200000762939453,35567.0,False,1,0,False,accurate,0,0,False,False,22,False,True,,,,,,,,,,,
5079,35553.0,35555.20000076294,35567.90000152588,0,12.700000762939453,14.900001525878906,35581.0,False,2,1,False,accurate,0,0,False,False,20,False,True,,,,,,,,,,,
5081,35567.0,35567.90000152588,35585.30000305176,0,17.400001525878906,18.300003051757812,35595.0,False,2,1,False,accurate,1,1,False,False,18,False,True,,,,,,,,,,,
5082,35574.0,35585.30000305176,35596.90000152588,0,11.599998474121094,22.900001525878906,35602.0,False,2,1,False,accurate,0,0,False,False,17,False,True,,,,,,,,,,,
5086,35602.0,35602.0,35613.60000228882,0,11.60000228881836,11.60000228881836,35630.0,False,1,0,False,accurate,1,1,False,False,13,False,True,,,,,,,,,,,
5088,35616.0,35616.0,35628.79999923706,0,12.799999237060547,12.799999237060547,35644.0,False,1,0,False,accurate,0,0,False,False,11,False,True,,,,,,,,,,,
5092,35644.0,35644.0,35646.70000076294,0,2.700000762939453,2.700000762939453,35672.0,False,1,0,False,fast,0,0,False,False,7,False,True,,,,,,,,,,,
5095,35665.0,35665.0,35676.19999694824,0,11.199996948242188,11.199996948242188,35693.0,False,1,0,False,accurate,0,0,False,False,4,False,True,,,,,,,,,,,
5096,35672.0,35676.19999694824,35691.20000076294,0,15.000003814697266,19.200000762939453,35700.0,False,2,1,False,accurate,0,0,False,False,3,False,True,,,,,,,,,,,
5097,35679.0,35691.20000076294,35693.89999771118,0,2.6999969482421875,14.89999771118164,35707.0,False,2,1,False,fast,0,0,False,False,2,True,True,,,,,,,,,,,
5100,35700.0,35700.0,35714.39999771118,0,14.39999771118164,14.39999771118164,35728.0,False,1,0,False,accurate,1,1,False,False,99,False,True,,,,,,,,,,,
5102,35714.0,35714.39999771118,35729.69999694824,0,15.299999237060547,15.699996948242188,35742.0,False,2,1,False,accurate,0,0,False,False,97,False,True,,,,,,,,,,,
5103,35721.0,35729.69999694824,35748.599994659424,0,18.89999771118164,27.599994659423828,35749.0,False,2,1,False,accurate,1,1,False,False,96,False,True,,,,,,,,,,,
5104,35728.0,35748.599994659424,35751.399993896484,0,2.799999237060547,23.399993896484375,35756.0,False,3,2,False,fast,0,0,False,False,95,False,True,,,,,,,,,,,
5109,35763.0,35763.0,35777.0,0,14.0,14.0,35791.0,False,1,0,False,accurate,1,1,False,False,90,False,True,,,,,,,,,,,
5114,35798.0,35798.0,35808.79999542236,0,10.799995422363281,10.799995422363281,35826.0,False,1,0,False,accurate,0,0,False,False,85,False,True,,,,,,,,,,,
5116,35812.0,35812.0,35824.4999961853,0,12.499996185302734,12.499996185302734,35840.0,False,1,0,False,accurate,0,0,False,False,83,False,True,,,,,,,,,,,
5123,35861.0,35861.0,35884.22000246048,0,23.220002460479733,23.220002460482647,35889.0,False,1,0,False,accurate,0,0,False,False,76,False,True,,,,,,,,,,,
5125,35875.0,35884.22000246048,35887.34749893626,0,3.1274964757760246,12.34749893625849,35903.0,False,2,1,False,fast,0,1,True,False,74,False,True,,,,,,,,,,,
5127,35889.0,35889.0,35892.19667013963,0,3.196670139630623,3.1966701396304416,35917.0,False,1,0,False,fast,0,0,False,False,72,False,True,,,,,,,,,,,
5131,35917.0,35917.0,35934.791247022746,0,17.791247022747964,17.791247022745665,35945.0,False,1,0,False,accurate,0,0,False,False,68,False,True,,,,,,,,,,,
5136,35952.0,35952.0,35970.3766686522,0,18.376668652196738,18.37666865219944,35980.0,False,1,0,False,accurate,0,0,False,False,63,False,True,,,,,,,,,,,
5137,35959.0,35970.3766686522,35973.340001172524,0,2.96333252032598,14.340001172524353,35987.0,False,2,1,False,fast,0,0,False,False,62,False,True,,,,,,,,,,,
5139,35973.0,35973.340001172524,35989.954584455445,0,16.614583282917735,16.954584455445,36001.0,False,2,1,False,accurate,0,0,False,False,60,False,True,,,,,,,,,,,
5141,35987.0,35989.954584455445,36004.41833362575,0,14.463749170303343,17.418333625748346,36015.0,False,2,1,False,accurate,0,0,False,False,58,False,True,,,,,,,,,,,
5142,35994.0,36004.41833362575,36019.44666375399,0,15.028330128242565,25.446663753988105,36022.0,False,2,1,False,accurate,1,1,False,False,57,False,True,,,,,,,,,,,
5143,36001.0,36019.44666375399,36022.26999631872,0,2.8233325647314387,21.269996318718768,36029.0,False,3,2,False,fast,0,0,False,False,56,False,True,,,,,,,,,,,
5148,36036.0,36036.0,36046.20000076294,0,10.200000762939453,10.200000762939453,36064.0,False,1,0,False,accurate,0,0,False,False,51,False,True,,,,,,,,,,,
5151,36057.0,36057.0,36068.79999923706,0,11.799999237060547,11.799999237060547,36085.0,False,1,0,False,accurate,0,0,False,False,48,False,True,,,,,,,,,,,
5152,36064.0,36068.79999923706,36087.5,0,18.700000762939453,23.5,36092.0,False,2,1,False,accurate,0,0,False,False,47,False,True,,,,,,,,,,,
5156,36092.0,36092.0,36108.4999961853,0,16.499996185302734,16.499996185302734,36120.0,False,1,0,False,accurate,0,0,False,False,43,False,True,,,,,,,,,,,
5158,36106.0,36108.4999961853,36120.799991607666,0,12.299995422363281,14.799991607666016,36134.0,False,2,1,False,accurate,0,0,False,False,41,False,True,,,,,,,,,,,
5159,36113.0,36120.799991607666,36135.299991607666,0,14.5,22.299991607666016,36141.0,False,2,1,False,accurate,0,0,False,False,40,False,True,,,,,,,,,,,
5163,36141.0,36141.0,36157.10000228882,0,16.10000228881836,16.10000228881836,36169.0,False,1,0,False,accurate,0,0,False,False,36,False,True,,,,,,,,,,,
5171,36197.0,36197.0,36214.0000038147,0,17.000003814697266,17.000003814697266,36225.0,False,1,0,False,accurate,0,0,False,False,28,False,True,,,,,,,,,,,
5173,36211.0,36214.0000038147,36228.0,0,13.999996185302734,17.0,36239.0,False,2,1,False,accurate,0,0,False,False,26,False,True,,,,,,,,,,,
5184,36288.0,36288.0,36302.0,0,14.0,14.0,36316.0,False,1,0,False,accurate,0,0,False,False,15,False,True,,,,,,,,,,,
5186,36302.0,36302.0,36319.39999771118,0,17.39999771118164,17.39999771118164,36330.0,False,1,0,False,accurate,1,0,True,False,13,False,True,,,,,,,,,,,
5187,36309.0,36319.39999771118,36332.10000228882,0,12.700004577636719,23.10000228881836,36337.0,False,2,1,False,accurate,0,0,False,False,12,False,True,,,,,,,,,,,
5188,36316.0,36332.10000228882,36343.90000152588,0,11.799999237060547,27.900001525878906,36344.0,False,3,2,False,accurate,0,0,False,False,11,False,True,,,,,,,,,,,
5193,36351.0,36351.0,36365.0,0,14.0,14.0,36379.0,False,1,0,False,accurate,0,0,False,False,6,False,True,,,,,,,,,,,
5194,36358.0,36365.0,36380.0,0,15.0,22.0,36386.0,False,2,1,False,accurate,1,1,False,False,5,False,True,,,,,,,,,,,
5196,36372.0,36380.0,36394.60000228882,0,14.60000228881836,22.60000228881836,36400.0,False,2,1,False,accurate,0,0,False,False,3,False,True,,,,,,,,,,,
5197,36379.0,36394.60000228882,36397.300006866455,0,2.7000045776367188,18.300006866455078,36407.0,False,3,2,False,fast,0,0,False,False,2,True,True,,,,,,,,,,,
5205,36435.0,36435.0,36448.09999847412,0,13.099998474121094,13.099998474121094,36463.0,False,1,0,False,accurate,0,0,False,False,94,False,True,,,,,,,,,,,
5206,36442.0,36448.09999847412,36459.09999847412,0,11.0,17.099998474121094,36470.0,False,2,1,False,accurate,0,0,False,False,93,False,True,,,,,,,,,,,
5207,36449.0,36459.09999847412,36473.89999771118,0,14.799999237060547,24.89999771118164,36477.0,False,2,1,False,accurate,0,0,False,False,92,False,True,,,,,,,,,,,
5208,36456.0,36473.89999771118,36476.59999847412,0,2.700000762939453,20.599998474121094,36484.0,False,3,2,False,fast,0,0,False,False,91,False,True,,,,,,,,,,,
5211,36477.0,36477.0,36492.79999923706,0,15.799999237060547,15.799999237060547,36505.0,False,1,0,False,accurate,1,1,False,False,88,False,True,,,,,,,,,,,
5214,36498.0,36498.0,36513.20000076294,0,15.200000762939453,15.200000762939453,36526.0,False,1,0,False,accurate,0,0,False,False,85,False,True,,,,,,,,,,,
5218,36526.0,36526.0,36539.0,0,13.0,13.0,36554.0,False,1,0,False,accurate,0,0,False,False,81,False,True,,,,,,,,,,,
5219,36533.0,36539.0,36551.59999847412,0,12.599998474121094,18.599998474121094,36561.0,False,2,1,False,accurate,0,0,False,False,80,False,True,,,,,,,,,,,
5221,36547.0,36551.59999847412,36563.0,0,11.400001525878906,16.0,36575.0,False,2,1,False,accurate,1,1,False,False,78,False,True,,,,,,,,,,,
5223,36561.0,36563.0,36578.80000305176,0,15.800003051757812,17.800003051757812,36589.0,False,2,1,False,accurate,0,0,False,False,76,False,True,,,,,,,,,,,
5224,36568.0,36578.80000305176,36581.60000228882,0,2.799999237060547,13.60000228881836,36596.0,False,2,1,False,fast,0,0,False,False,75,False,True,,,,,,,,,,,
5225,36575.0,36581.60000228882,36595.90000152588,0,14.299999237060547,20.900001525878906,36603.0,False,3,2,False,accurate,1,1,False,False,74,False,True,,,,,,,,,,,
5226,36582.0,36595.90000152588,36608.70000076294,0,12.799999237060547,26.700000762939453,36610.0,False,2,1,False,accurate,0,0,False,False,73,False,True,,,,,,,,,,,
5228,36596.0,36608.70000076294,36612.80000305176,0,4.100002288818359,16.800003051757812,36624.0,False,2,1,False,fast,0,0,False,False,71,False,True,,,,,,,,,,,
5230,36610.0,36612.80000305176,36626.40000152588,0,13.599998474121094,16.400001525878906,36638.0,False,2,1,False,accurate,0,0,False,False,69,False,True,,,,,,,,,,,
5234,36638.0,36638.0,36649.5,0,11.5,11.5,36666.0,False,1,0,False,accurate,0,0,False,False,65,False,True,,,,,,,,,,,
5236,36652.0,36652.0,36667.40000152588,0,15.400001525878906,15.400001525878906,36680.0,False,1,0,False,accurate,1,1,False,False,63,False,True,,,,,,,,,,,
5237,36659.0,36667.40000152588,36685.40000152588,0,18.0,26.400001525878906,36687.0,False,2,1,False,accurate,0,0,False,False,62,False,True,,,,,,,,,,,
5239,36673.0,36685.40000152588,36697.0,0,11.599998474121094,24.0,36701.0,False,2,1,False,accurate,0,0,False,False,60,False,True,,,,,,,,,,,
5241,36687.0,36697.0,36710.90000152588,0,13.900001525878906,23.900001525878906,36715.0,False,2,1,False,accurate,0,0,False,False,58,False,True,,,,,,,,,,,
5244,36708.0,36710.90000152588,36724.59999847412,0,13.699996948242188,16.599998474121094,36736.0,False,2,1,False,accurate,0,0,False,False,55,False,True,,,,,,,,,,,
5245,36715.0,36724.59999847412,36737.89999771118,0,13.299999237060547,22.89999771118164,36743.0,False,2,1,False,accurate,0,0,False,False,54,False,True,,,,,,,,,,,
5250,36750.0,36750.0,36763.19999694824,0,13.199996948242188,13.199996948242188,36778.0,False,1,0,False,accurate,0,0,False,False,49,False,True,,,,,,,,,,,
5257,36799.0,36799.0,36811.29999923706,0,12.299999237060547,12.299999237060547,36827.0,False,1,0,False,accurate,0,0,False,False,42,False,True,,,,,,,,,,,
5263,36841.0,36841.0,36852.5,0,11.5,11.5,36869.0,False,1,0,False,accurate,0,0,False,False,36,False,True,,,,,,,,,,,
5266,36862.0,36862.0,36882.29999923706,0,20.299999237060547,20.299999237060547,36890.0,False,1,0,False,accurate,0,0,False,False,33,False,True,,,,,,,,,,,
5268,36876.0,36882.29999923706,36899.40000152588,0,17.10000228881836,23.400001525878906,36904.0,False,2,1,False,accurate,0,0,False,False,31,False,True,,,,,,,,,,,
5269,36883.0,36899.40000152588,36902.10000228882,0,2.700000762939453,19.10000228881836,36911.0,False,2,1,False,fast,0,0,False,False,30,False,True,,,,,,,,,,,
5270,36890.0,36902.10000228882,36917.40000152588,0,15.299999237060547,27.400001525878906,36918.0,False,3,2,False,accurate,0,0,False,False,29,False,True,,,,,,,,,,,
5272,36904.0,36917.40000152588,36930.70000457764,0,13.300003051757812,26.70000457763672,36932.0,False,2,1,False,accurate,0,0,False,False,27,False,True,,,,,,,,,,,
5273,36911.0,36930.70000457764,36933.400005340576,0,2.700000762939453,22.400005340576172,36939.0,False,3,2,False,fast,0,0,False,False,26,False,True,,,,,,,,,,,
5278,36946.0,36946.0,36960.0,0,14.0,14.0,36974.0,False,1,0,False,accurate,1,1,False,False,21,False,True,,,,,,,,,,,
5281,36967.0,36967.0,36970.33666574637,0,3.3366657463709544,3.3366657463702722,36995.0,False,1,0,False,fast,0,0,False,False,18,False,True,,,,,,,,,,,
5284,36988.0,36988.0,37006.208333173396,0,18.208333173394205,18.20833317339566,37016.0,False,1,0,False,accurate,0,0,False,False,15,False,True,,,,,,,,,,,
5287,37009.0,37009.0,37028.29625210305,0,19.296252103050527,19.296252103049483,37037.0,False,1,0,False,accurate,0,0,False,False,12,False,True,,,,,,,,,,,
5289,37023.0,37028.29625210305,37047.70250210305,0,19.40625,24.702502103049483,37051.0,False,2,1,False,accurate,1,1,False,False,10,False,True,,,,,,,,,,,
5291,37037.0,37047.70250210305,37051.80334052463,0,4.100838421583194,14.803340524631494,37065.0,False,2,1,False,fast,0,0,False,False,8,False,True,,,,,,,,,,,
5294,37058.0,37058.0,37078.27916261564,0,20.279162615637006,20.279162615639507,37086.0,False,1,0,False,accurate,0,0,False,False,5,False,True,,,,,,,,,,,
5295,37065.0,37078.27916261564,37081.28916179548,0,3.009999179840088,16.28916179548105,37093.0,False,2,1,False,fast,0,0,False,False,4,False,True,,,,,,,,,,,
5296,37072.0,37081.28916179548,37096.95250086288,0,15.663339067399535,24.95250086287706,37100.0,False,3,2,False,accurate,0,0,False,False,3,False,True,,,,,,,,,,,
5299,37093.0,37096.95250086288,37113.68166573038,0,16.72916486750047,20.68166573037888,37121.0,False,2,1,False,accurate,0,0,False,True,0,True,True,,,,,,,,,,,
5300,37100.0,37113.68166573038,37116.47166652143,0,2.7900007910529783,16.471666521429142,37128.0,False,2,1,False,fast,0,0,False,False,99,False,True,,,,,,,,,,,
5301,37107.0,37116.47166652143,37129.30416154325,0,12.832495021820067,22.30416154325212,37135.0,False,3,2,False,accurate,0,0,False,False,98,False,True,,,,,,,,,,,
5302,37114.0,37129.30416154325,37132.04916232025,0,2.7450007769962155,18.049162320246978,37142.0,False,3,2,False,fast,0,0,False,False,97,False,True,,,,,,,,,,,
5303,37121.0,37132.04916232025,37147.074994095885,0,15.025831775640446,26.074994095884904,37149.0,False,3,2,False,accurate,0,0,False,False,96,False,True,,,,,,,,,,,
5305,37135.0,37147.074994095885,37159.874993332945,0,12.799999237060547,24.87499333294545,37163.0,False,2,1,False,accurate,0,0,False,False,94,False,True,,,,,,,,,,,
5306,37142.0,37159.874993332945,37162.574994095885,0,2.700000762939453,20.574994095884904,37170.0,False,3,2,False,fast,0,0,False,False,93,False,True,,,,,,,,,,,
5307,37149.0,37162.574994095885,37175.77499104413,0,13.199996948242188,26.77499104412709,37177.0,False,3,2,False,accurate,0,0,False,False,92,False,True,,,,,,,,,,,
5312,37184.0,37184.0,37198.59999847412,0,14.599998474121094,14.599998474121094,37212.0,False,1,0,False,accurate,0,0,False,False,87,False,True,,,,,,,,,,,
5313,37191.0,37198.59999847412,37215.89999771118,0,17.299999237060547,24.89999771118164,37219.0,False,2,1,False,accurate,0,0,False,False,86,False,True,,,,,,,,,,,
5318,37226.0,37226.0,37239.29999923706,0,13.299999237060547,13.299999237060547,37254.0,False,1,0,False,accurate,1,1,False,False,81,False,True,,,,,,,,,,,
5320,37240.0,37240.0,37251.69999694824,0,11.699996948242188,11.699996948242188,37268.0,False,1,0,False,accurate,0,0,False,False,79,False,True,,,,,,,,,,,
5321,37247.0,37251.69999694824,37263.0,0,11.300003051757812,16.0,37275.0,False,2,1,False,accurate,1,1,False,False,78,False,True,,,,,,,,,,,
5322,37254.0,37263.0,37275.20000457764,0,12.200004577636719,21.20000457763672,37282.0,False,2,1,False,accurate,0,0,False,False,77,False,True,,,,,,,,,,,
5327,37289.0,37289.0,37309.59999847412,0,20.599998474121094,20.599998474121094,37317.0,False,1,0,False,accurate,0,0,False,False,72,False,True,,,,,,,,,,,
5328,37296.0,37309.59999847412,37312.29999923706,0,2.700000762939453,16.299999237060547,37324.0,False,2,1,False,fast,0,0,False,False,71,False,True,,,,,,,,,,,
5333,37331.0,37331.0,37344.59999847412,0,13.599998474121094,13.599998474121094,37359.0,False,1,0,False,accurate,0,0,False,False,66,False,True,,,,,,,,,,,
5334,37338.0,37344.59999847412,37356.29999923706,0,11.700000762939453,18.299999237060547,37366.0,False,2,1,False,accurate,0,0,False,False,65,False,True,,,,,,,,,,,
5335,37345.0,37356.29999923706,37371.9999961853,0,15.699996948242188,26.999996185302734,37373.0,False,2,1,False,accurate,0,0,False,False,64,False,True,,,,,,,,,,,
5337,37359.0,37371.9999961853,37386.899993896484,0,14.89999771118164,27.899993896484375,37387.0,False,2,1,False,accurate,0,0,False,False,62,False,True,,,,,,,,,,,
5348,37436.0,37436.0,37452.20000076294,0,16.200000762939453,16.200000762939453,37464.0,False,1,0,False,accurate,0,0,False,False,51,False,True,,,,,,,,,,,
5352,37464.0,37464.0,37477.5,0,13.5,13.5,37492.0,False,1,0,False,accurate,1,1,False,False,47,False,True,,,,,,,,,,,
5353,37471.0,37477.5,37495.90000152588,0,18.400001525878906,24.900001525878906,37499.0,False,2,1,False,accurate,0,0,False,False,46,False,True,,,,,,,,,,,
5354,37478.0,37495.90000152588,37498.59999847412,0,2.6999969482421875,20.599998474121094,37506.0,False,2,1,False,fast,0,1,True,False,45,False,True,,,,,,,,,,,
5355,37485.0,37498.59999847412,37501.29999923706,0,2.700000762939453,16.299999237060547,37513.0,False,3,2,False,fast,0,0,False,False,44,False,True,,,,,,,,,,,
5357,37499.0,37501.29999923706,37514.29999923706,0,13.0,15.299999237060547,37527.0,False,2,1,False,accurate,0,0,False,False,42,False,True,,,,,,,,,,,
5358,37506.0,37514.29999923706,37528.89999771118,0,14.599998474121094,22.89999771118164,37534.0,False,2,1,False,accurate,1,1,False,False,41,False,True,,,,,,,,,,,
5360,37520.0,37528.89999771118,37531.59999847412,0,2.700000762939453,11.599998474121094,37548.0,False,2,1,False,fast,0,1,True,False,39,False,True,,,,,,,,,,,
5363,37541.0,37541.0,37555.9999961853,0,14.999996185302734,14.999996185302734,37569.0,False,1,0,False,accurate,1,1,False,False,36,False,True,,,,,,,,,,,
5364,37548.0,37555.9999961853,37572.29999923706,0,16.300003051757812,24.299999237060547,37576.0,False,2,1,False,accurate,0,0,False,False,35,False,True,,,,,,,,,,,
5367,37569.0,37572.29999923706,37585.09999847412,0,12.799999237060547,16.099998474121094,37597.0,False,2,1,False,accurate,0,0,False,False,32,False,True,,,,,,,,,,,
5368,37576.0,37585.09999847412,37587.79999923706,0,2.700000762939453,11.799999237060547,37604.0,False,2,1,False,fast,0,0,False,False,31,False,True,,,,,,,,,,,
5371,37597.0,37597.0,37611.20000076294,0,14.200000762939453,14.200000762939453,37625.0,False,1,0,False,accurate,0,0,False,False,28,False,True,,,,,,,,,,,
5373,37611.0,37611.20000076294,37624.5,0,13.299999237060547,13.5,37639.0,False,2,1,False,accurate,0,0,False,False,26,False,True,,,,,,,,,,,
5374,37618.0,37624.5,37638.79999923706,0,14.299999237060547,20.799999237060547,37646.0,False,2,1,False,accurate,0,0,False,False,25,False,True,,,,,,,,,,,
5375,37625.0,37638.79999923706,37641.5,0,2.700000762939453,16.5,37653.0,False,2,1,False,fast,0,1,True,False,24,False,True,,,,,,,,,,,
5378,37646.0,37646.0,37662.9999961853,0,16.999996185302734,16.999996185302734,37674.0,False,1,0,False,accurate,0,0,False,False,21,False,True,,,,,,,,,,,
5379,37653.0,37662.9999961853,37680.19999694824,0,17.200000762939453,27.199996948242188,37681.0,False,2,1,False,accurate,1,1,False,False,20,False,True,,,,,,,,,,,
5380,37660.0,37680.19999694824,37682.89999771118,0,2.700000762939453,22.89999771118164,37688.0,False,3,2,False,fast,0,0,False,False,19,False,True,,,,,,,,,,,
5381,37667.0,37682.89999771118,37685.599994659424,0,2.6999969482421875,18.599994659423828,37695.0,False,3,2,False,fast,0,0,False,False,18,False,True,,,,,,,,,,,
5383,37681.0,37685.599994659424,37703.199993133545,0,17.599998474121094,22.199993133544922,37709.0,False,3,2,False,accurate,1,1,False,False,16,False,True,,,,,,,,,,,
5384,37688.0,37703.199993133545,37705.999992370605,0,2.799999237060547,17.99999237060547,37716.0,False,2,1,False,fast,0,0,False,False,15,False,True,,,,,,,,,,,
5387,37709.0,37709.0,37722.79999923706,0,13.799999237060547,13.799999237060547,37737.0,False,1,0,False,accurate,1,1,False,False,12,False,True,,,,,,,,,,,
5388,37716.0,37722.79999923706,37736.59999847412,0,13.799999237060547,20.599998474121094,37744.0,False,2,1,False,accurate,0,0,False,False,11,False,True,,,,,,,,,,,
5390,37730.0,37736.59999847412,37749.79999923706,0,13.200000762939453,19.799999237060547,37758.0,False,2,1,False,accurate,1,1,False,False,9,False,True,,,,,,,,,,,
5391,37737.0,37749.79999923706,37764.20000076294,0,14.400001525878906,27.200000762939453,37765.0,False,2,1,False,accurate,1,1,False,False,8,False,True,,,,,,,,,,,
5392,37744.0,37764.20000076294,37766.90000152588,0,2.700000762939453,22.900001525878906,37772.0,False,3,2,False,fast,0,0,False,False,7,False,True,,,,,,,,,,,
5395,37765.0,37766.90000152588,37780.40000152588,0,13.5,15.400001525878906,37793.0,False,2,1,False,accurate,0,0,False,False,4,False,True,,,,,,,,,,,
5404,37828.0,37828.0,37842.20000076294,0,14.200000762939453,14.200000762939453,37856.0,False,1,0,False,accurate,0,0,False,False,95,False,True,,,,,,,,,,,
5410,37870.0,37870.0,37883.40000152588,0,13.400001525878906,13.400001525878906,37898.0,False,1,0,False,accurate,0,0,False,False,89,False,True,,,,,,,,,,,
5412,37884.0,37884.0,37901.10000228882,0,17.10000228881836,17.10000228881836,37912.0,False,1,0,False,accurate,0,0,False,False,87,False,True,,,,,,,,,,,
5413,37891.0,37901.10000228882,37903.90000152588,0,2.799999237060547,12.900001525878906,37919.0,False,2,1,False,fast,0,0,False,False,86,False,True,,,,,,,,,,,
5415,37905.0,37905.0,37919.20000076294,0,14.200000762939453,14.200000762939453,37933.0,False,1,0,False,accurate,0,0,False,False,84,False,True,,,,,,,,,,,
5416,37912.0,37919.20000076294,37938.20000076294,0,19.0,26.200000762939453,37940.0,False,2,1,False,accurate,0,0,False,False,83,False,True,,,,,,,,,,,
5420,37940.0,37940.0,37960.79999923706,0,20.799999237060547,20.799999237060547,37968.0,False,1,0,False,accurate,1,1,False,False,79,False,True,,,,,,,,,,,
5425,37975.0,37975.0,37990.69999694824,0,15.699996948242188,15.699996948242188,38003.0,False,1,0,False,accurate,0,0,False,False,74,False,True,,,,,,,,,,,
5430,38010.0,38010.0,38023.0,0,13.0,13.0,38038.0,False,1,0,False,accurate,0,0,False,False,69,False,True,,,,,,,,,,,
5432,38024.0,38024.0,38034.30000305176,0,10.300003051757812,10.300003051757812,38052.0,False,1,0,False,accurate,0,0,False,False,67,False,True,,,,,,,,,,,
5438,38066.0,38066.0,38079.5,0,13.5,13.5,38094.0,False,1,0,False,accurate,0,0,False,False,61,False,True,,,,,,,,,,,
5439,38073.0,38079.5,38093.5,0,14.0,20.5,38101.0,False,2,1,False,accurate,0,0,False,False,60,False,True,,,,,,,,,,,
5440,38080.0,38093.5,38096.740000915524,0,3.2400009155273435,16.740000915524433,38108.0,False,2,1,False,fast,0,0,False,False,59,False,True,,,,,,,,,,,
5442,38094.0,38096.740000915524,38100.05333335717,0,3.3133324416478445,6.05333335717296,38122.0,False,2,1,False,fast,0,1,True,False,57,False,True,,,,,,,,,,,
5443,38101.0,38101.0,38120.02749876976,0,19.02749876976013,19.027498769763042,38129.0,False,1,0,False,accurate,0,0,False,False,56,False,True,,,,,,,,,,,
5445,38115.0,38120.02749876976,38137.744995371104,0,17.717496601343125,22.74499537110387,38143.0,False,2,1,False,accurate,0,0,False,False,54,False,True,,,,,,,,,,,
5446,38122.0,38137.744995371104,38140.96499449373,0,3.2199991226196287,18.964994493726408,38150.0,False,2,1,False,fast,0,1,True,False,53,False,True,,,,,,,,,,,
5450,38150.0,38150.0,38168.026665414174,0,18.02666541417441,18.026665414174204,38178.0,False,1,0,False,accurate,0,0,False,False,49,False,True,,,,,,,,,,,
5451,38157.0,38168.026665414174,38170.90833039999,0,2.881664985815678,13.90833039998688,38185.0,False,2,1,False,fast,0,1,True,False,48,False,True,,,,,,,,,,,
5452,38164.0,38170.90833039999,38173.76832872152,0,2.859998321533203,9.768328721518628,38192.0,False,3,2,False,fast,0,1,True,False,47,False,True,,,,,,,,,,,
5453,38171.0,38173.76832872152,38196.48666318217,0,22.718334460655853,25.48666318217147,38199.0,False,2,1,False,accurate,0,0,False,False,46,False,True,,,,,,,,,,,
5457,38199.0,38199.0,38220.072916544974,0,21.07291654497385,21.07291654497385,38227.0,False,1,0,False,accurate,1,1,False,False,42,False,True,,,,,,,,,,,
5459,38213.0,38220.072916544974,38236.80208578348,0,16.729169238507737,23.802085783478105,38241.0,False,2,1,False,accurate,0,0,False,False,40,False,True,,,,,,,,,,,
5462,38234.0,38236.80208578348,38249.396254085725,0,12.594168302242956,15.39625408572465,38262.0,False,2,1,False,accurate,0,0,False,False,37,False,True,,,,,,,,,,,
5463,38241.0,38249.396254085725,38268.02416919774,0,18.6279151120161,27.024169197742594,38269.0,False,2,1,False,accurate,0,0,False,False,36,False,True,,,,,,,,,,,
5464,38248.0,38268.02416919774,38270.8241684348,0,2.799999237060547,22.82416843480314,38276.0,False,3,2,False,fast,0,0,False,False,35,False,True,,,,,,,,,,,
5465,38255.0,38270.8241684348,38273.42417072362,0,2.6000022888183594,18.4241707236215,38283.0,False,3,2,False,fast,0,0,False,False,34,False,True,,,,,,,,,,,
5466,38262.0,38273.42417072362,38284.72417377538,0,11.300003051757812,22.724173775379313,38290.0,False,4,3,False,accurate,0,0,False,False,33,False,True,,,,,,,,,,,
5467,38269.0,38284.72417377538,38287.42417072362,0,2.6999969482421875,18.4241707236215,38297.0,False,4,3,False,fast,0,0,False,False,32,False,True,,,,,,,,,,,
5469,38283.0,38287.42417072362,38306.52417301244,0,19.10000228881836,23.52417301243986,38311.0,False,3,2,False,accurate,1,1,False,False,30,False,True,,,,,,,,,,,
5471,38297.0,38306.52417301244,38323.8241722495,0,17.299999237060547,26.824172249500407,38325.0,False,2,1,False,accurate,0,0,False,False,28,False,True,,,,,,,,,,,
5476,38332.0,38332.0,38343.70000076294,0,11.700000762939453,11.700000762939453,38360.0,False,1,0,False,accurate,0,0,False,False,23,False,True,,,,,,,,,,,
5477,38339.0,38343.70000076294,38357.5000038147,0,13.800003051757812,18.500003814697266,38367.0,False,2,1,False,accurate,1,1,False,False,22,False,True,,,,,,,,,,,
5479,38353.0,38357.5000038147,38370.70000076294,0,13.199996948242188,17.700000762939453,38381.0,False,2,1,False,accurate,0,0,False,False,20,False,True,,,,,,,,,,,
5485,38395.0,38395.0,38410.70000076294,0,15.700000762939453,15.700000762939453,38423.0,False,1,0,False,accurate,1,1,False,False,14,False,True,,,,,,,,,,,
5487,38409.0,38410.70000076294,38427.40000152588,0,16.700000762939453,18.400001525878906,38437.0,False,2,1,False,accurate,1,1,False,False,12,False,True,,,,,,,,,,,
5491,38437.0,38437.0,38449.39999771118,0,12.39999771118164,12.39999771118164,38465.0,False,1,0,False,accurate,1,1,False,False,8,False,True,,,,,,,,,,,
5492,38444.0,38449.39999771118,38462.599994659424,0,13.199996948242188,18.599994659423828,38472.0,False,2,1,False,accurate,1,1,False,False,7,False,True,,,,,,,,,,,
5501,38507.0,38507.0,38519.5,0,12.5,12.5,38535.0,False,1,0,False,accurate,0,0,False,False,98,False,True,,,,,,,,,,,
5503,38521.0,38521.0,38534.39999771118,0,13.39999771118164,13.39999771118164,38549.0,False,1,0,False,accurate,0,0,False,False,96,False,True,,,,,,,,,,,
5512,38584.0,38584.0,38598.90000152588,0,14.900001525878906,14.900001525878906,38612.0,False,1,0,False,accurate,0,0,False,False,87,False,True,,,,,,,,,,,
5513,38591.0,38598.90000152588,38613.10000228882,0,14.200000762939453,22.10000228881836,38619.0,False,2,1,False,accurate,0,0,False,False,86,False,True,,,,,,,,,,,
5515,38605.0,38613.10000228882,38623.90000152588,0,10.799999237060547,18.900001525878906,38633.0,False,2,1,False,accurate,0,0,False,False,84,False,True,,,,,,,,,,,
5516,38612.0,38623.90000152588,38626.60000228882,0,2.700000762939453,14.60000228881836,38640.0,False,3,2,False,fast,0,0,False,False,83,False,True,,,,,,,,,,,
5518,38626.0,38626.60000228882,38640.90000152588,0,14.299999237060547,14.900001525878906,38654.0,False,2,1,False,accurate,1,1,False,False,81,False,True,,,,,,,,,,,
5519,38633.0,38640.90000152588,38655.20000076294,0,14.299999237060547,22.200000762939453,38661.0,False,2,1,False,accurate,0,0,False,False,80,False,True,,,,,,,,,,,
5524,38668.0,38668.0,38679.59999847412,0,11.599998474121094,11.599998474121094,38696.0,False,1,0,False,accurate,0,0,False,False,75,False,True,,,,,,,,,,,
5531,38717.0,38717.0,38732.30000305176,0,15.300003051757812,15.300003051757812,38745.0,False,1,0,False,accurate,1,1,False,False,68,False,True,,,,,,,,,,,
5532,38724.0,38732.30000305176,38747.20000076294,0,14.89999771118164,23.200000762939453,38752.0,False,2,1,False,accurate,1,1,False,False,67,False,True,,,,,,,,,,,
5534,38738.0,38747.20000076294,38750.0,0,2.799999237060547,12.0,38766.0,False,2,1,False,fast,0,1,True,False,65,False,True,,,,,,,,,,,
5539,38773.0,38773.0,38785.30000305176,0,12.300003051757812,12.300003051757812,38801.0,False,1,0,False,accurate,0,0,False,False,60,False,True,,,,,,,,,,,
5540,38780.0,38785.30000305176,38799.000007629395,0,13.700004577636719,19.00000762939453,38808.0,False,2,1,False,accurate,0,0,False,False,59,False,True,,,,,,,,,,,
5541,38787.0,38799.000007629395,38801.70001220703,0,2.7000045776367188,14.70001220703125,38815.0,False,2,1,False,fast,0,0,False,False,58,False,True,,,,,,,,,,,
5542,38794.0,38801.70001220703,38814.80001449585,0,13.10000228881836,20.80001449584961,38822.0,False,3,2,False,accurate,0,0,False,False,57,False,True,,,,,,,,,,,
5543,38801.0,38814.80001449585,38828.90001678467,0,14.10000228881836,27.90001678466797,38829.0,False,3,2,False,accurate,1,1,False,False,56,False,True,,,,,,,,,,,
5544,38808.0,38828.90001678467,38831.60001754761,0,2.700000762939453,23.600017547607422,38836.0,False,3,2,False,fast,0,0,False,False,55,False,True,,,,,,,,,,,
5550,38850.0,38850.0,38863.19999694824,0,13.199996948242188,13.199996948242188,38878.0,False,1,0,False,accurate,0,0,False,False,49,False,True,,,,,,,,,,,
5554,38878.0,38878.0,38896.39999771118,0,18.39999771118164,18.39999771118164,38906.0,False,1,0,False,accurate,1,1,False,False,45,False,True,,,,,,,,,,,
5555,38885.0,38896.39999771118,38909.399993896484,0,12.999996185302734,24.399993896484375,38913.0,False,2,1,False,accurate,0,0,False,False,44,False,True,,,,,,,,,,,
5556,38892.0,38909.399993896484,38912.199993133545,0,2.799999237060547,20.199993133544922,38920.0,False,3,2,False,fast,0,0,False,False,43,False,True,,,,,,,,,,,
5558,38906.0,38912.199993133545,38926.199993133545,0,14.0,20.199993133544922,38934.0,False,3,2,False,accurate,1,1,False,False,41,False,True,,,,,,,,,,,
5563,38941.0,38941.0,38956.90000152588,0,15.900001525878906,15.900001525878906,38969.0,False,1,0,False,accurate,0,0,False,False,36,False,True,,,,,,,,,,,
5564,38948.0,38956.90000152588,38970.30000305176,0,13.400001525878906,22.300003051757812,38976.0,False,2,1,False,accurate,0,0,False,False,35,False,True,,,,,,,,,,,
5565,38955.0,38970.30000305176,38981.40000152588,0,11.099998474121094,26.400001525878906,38983.0,False,3,2,False,accurate,0,0,False,False,34,False,True,,,,,,,,,,,
5566,38962.0,38981.40000152588,38984.10000228882,0,2.700000762939453,22.10000228881836,38990.0,False,3,2,False,fast,0,0,False,False,33,False,True,,,,,,,,,,,
5568,38976.0,38984.10000228882,38996.60000228882,0,12.5,20.60000228881836,39004.0,False,3,2,False,accurate,1,1,False,False,31,False,True,,,,,,,,,,,
5569,38983.0,38996.60000228882,38999.40000152588,0,2.799999237060547,16.400001525878906,39011.0,False,3,2,False,fast,0,0,False,False,30,False,True,,,,,,,,,,,
5570,38990.0,38999.40000152588,39016.60000228882,0,17.200000762939453,26.60000228881836,39018.0,False,3,2,False,accurate,0,0,False,False,29,False,True,,,,,,,,,,,
5572,39004.0,39016.60000228882,39019.300006866455,0,2.7000045776367188,15.300006866455078,39032.0,False,2,1,False,fast,0,0,False,False,27,False,True,,,,,,,,,,,
5577,39039.0,39039.0,39058.39999771118,0,19.39999771118164,19.39999771118164,39067.0,False,1,0,False,accurate,0,0,False,False,22,False,True,,,,,,,,,,,
5578,39046.0,39058.39999771118,39061.099994659424,0,2.6999969482421875,15.099994659423828,39074.0,False,2,1,False,fast,0,0,False,False,21,False,True,,,,,,,,,,,
5579,39053.0,39061.099994659424,39063.79999923706,0,2.7000045776367188,10.799999237060547,39081.0,False,3,2,False,fast,0,1,True,False,20,False,True,,,,,,,,,,,
5584,39088.0,39088.0,39100.59999847412,0,12.599998474121094,12.599998474121094,39116.0,False,1,0,False,accurate,0,0,False,False,15,False,True,,,,,,,,,,,
5585,39095.0,39100.59999847412,39117.29999923706,0,16.700000762939453,22.299999237060547,39123.0,False,2,1,False,accurate,0,0,False,False,14,False,True,,,,,,,,,,,
5586,39102.0,39117.29999923706,39120.10000228882,0,2.8000030517578125,18.10000228881836,39130.0,False,2,1,False,fast,0,0,False,False,13,False,True,,,,,,,,,,,
5587,39109.0,39120.10000228882,39122.80000305176,0,2.700000762939453,13.800003051757812,39137.0,False,3,2,False,fast,0,0,False,False,12,False,True,,,,,,,,,,,
5590,39130.0,39130.0,39142.79999923706,0,12.799999237060547,12.799999237060547,39158.0,False,1,0,False,accurate,0,0,False,False,9,False,True,,,,,,,,,,,
5591,39137.0,39142.79999923706,39153.79999923706,0,11.0,16.799999237060547,39165.0,False,2,1,False,accurate,0,0,False,False,8,False,True,,,,,,,,,,,
5595,39165.0,39165.0,39177.89999771118,0,12.89999771118164,12.89999771118164,39193.0,False,1,0,False,accurate,0,0,False,False,4,False,True,,,,,,,,,,,
5597,39179.0,39179.0,39193.20000076294,0,14.200000762939453,14.200000762939453,39207.0,False,1,0,False,accurate,1,1,False,False,2,True,True,,,,,,,,,,,
5603,39221.0,39221.0,39246.31625123024,0,25.316251230239864,25.316251230236958,39249.0,False,1,0,False,accurate,1,1,False,False,96,False,True,,,,,,,,,,,
5606,39242.0,39246.31625123024,39264.76875472069,0,18.452503490447995,22.768754720687866,39270.0,False,2,1,False,accurate,1,1,False,False,93,False,True,,,,,,,,,,,
5607,39249.0,39264.76875472069,39267.85125558098,0,3.082500860293703,18.85125558097934,39277.0,False,2,1,False,fast,0,0,False,False,92,False,True,,,,,,,,,,,
5608,39256.0,39267.85125558098,39270.911252133046,0,3.0599965520699697,14.911252133046219,39284.0,False,3,2,False,fast,0,0,False,False,91,False,True,,,,,,,,,,,
5611,39277.0,39277.0,39294.791247022746,0,17.791247022747964,17.791247022745665,39305.0,False,1,0,False,accurate,0,0,False,False,88,False,True,,,,,,,,,,,
5614,39298.0,39298.0,39325.51250379374,0,27.51250379373628,27.512503793739597,39326.0,False,1,0,False,accurate,0,0,False,False,85,False,True,,,,,,,,,,,
5616,39312.0,39325.51250379374,39328.49916965217,0,2.986665858427682,16.499169652168348,39340.0,False,2,1,False,fast,0,0,False,False,83,False,True,,,,,,,,,,,
5617,39319.0,39328.49916965217,39342.467501067425,0,13.968331415255873,23.467501067425474,39347.0,False,3,2,False,accurate,0,0,False,False,82,False,True,,,,,,,,,,,
5618,39326.0,39342.467501067425,39345.40750026634,0,2.9399991989135743,19.407500266337593,39354.0,False,3,2,False,fast,0,0,False,False,81,False,True,,,,,,,,,,,
5619,39333.0,39345.40750026634,39360.53250109464,0,15.125000828305877,27.532501094639883,39361.0,False,3,2,False,accurate,0,0,False,False,80,False,True,,,,,,,,,,,
5620,39340.0,39360.53250109464,39363.42583364238,0,2.8933325477441145,23.425833642380894,39368.0,False,4,3,False,fast,0,0,False,False,79,False,True,,,,,,,,,,,
5625,39375.0,39375.0,39392.40000152588,0,17.400001525878906,17.400001525878906,39403.0,False,1,0,False,accurate,0,0,False,False,74,False,True,,,,,,,,,,,
5634,39438.0,39438.0,39460.39999771118,0,22.39999771118164,22.39999771118164,39466.0,False,1,0,False,accurate,0,0,False,False,65,False,True,,,,,,,,,,,
5635,39445.0,39460.39999771118,39463.19999694824,0,2.799999237060547,18.199996948242188,39473.0,False,2,1,False,fast,0,0,False,False,64,False,True,,,,,,,,,,,
5636,39452.0,39463.19999694824,39479.39999771118,0,16.200000762939453,27.39999771118164,39480.0,False,3,2,False,accurate,1,1,False,False,63,False,True,,,,,,,,,,,
5638,39466.0,39479.39999771118,39482.19999694824,0,2.799999237060547,16.199996948242188,39494.0,False,2,1,False,fast,0,0,False,False,61,False,True,,,,,,,,,,,
5639,39473.0,39482.19999694824,39497.9999961853,0,15.799999237060547,24.999996185302734,39501.0,False,3,2,False,accurate,0,0,False,False,60,False,True,,,,,,,,,,,
5642,39494.0,39497.9999961853,39508.9999961853,0,11.0,14.999996185302734,39522.0,False,2,1,False,accurate,0,0,False,False,57,False,True,,,,,,,,,,,
5643,39501.0,39508.9999961853,39520.9999961853,0,12.0,19.999996185302734,39529.0,False,2,1,False,accurate,0,0,False,False,56,False,True,,,,,,,,,,,
5644,39508.0,39520.9999961853,39535.399993896484,0,14.39999771118164,27.399993896484375,39536.0,False,3,2,False,accurate,0,0,False,False,55,False,True,,,,,,,,,,,
5648,39536.0,39536.0,39550.79999923706,0,14.799999237060547,14.799999237060547,39564.0,False,1,0,False,accurate,0,0,False,False,51,False,True,,,,,,,,,,,
5649,39543.0,39550.79999923706,39564.40000152588,0,13.60000228881836,21.400001525878906,39571.0,False,2,1,False,accurate,0,0,False,False,50,False,True,,,,,,,,,,,
5651,39557.0,39564.40000152588,39580.80000305176,0,16.400001525878906,23.800003051757812,39585.0,False,2,1,False,accurate,0,0,False,False,48,False,True,,,,,,,,,,,
5658,39606.0,39606.0,39625.5000038147,0,19.500003814697266,19.500003814697266,39634.0,False,1,0,False,accurate,1,1,False,False,41,False,True,,,,,,,,,,,
5659,39613.0,39625.5000038147,39628.20000076294,0,2.6999969482421875,15.200000762939453,39641.0,False,2,1,False,fast,0,1,True,False,40,False,True,,,,,,,,,,,
5660,39620.0,39628.20000076294,39642.10000228882,0,13.900001525878906,22.10000228881836,39648.0,False,3,2,False,accurate,0,0,False,False,39,False,True,,,,,,,,,,,
5661,39627.0,39642.10000228882,39653.30000305176,0,11.200000762939453,26.300003051757812,39655.0,False,3,2,False,accurate,0,0,False,False,38,False,True,,,,,,,,,,,
5662,39634.0,39653.30000305176,39656.0000038147,0,2.700000762939453,22.000003814697266,39662.0,False,3,2,False,fast,0,1,True,False,37,False,True,,,,,,,,,,,
5663,39641.0,39656.0000038147,39659.30000305176,0,3.299999237060547,18.300003051757812,39669.0,False,4,3,False,fast,0,0,False,False,36,False,True,,,,,,,,,,,
5665,39655.0,39659.30000305176,39672.20000457764,0,12.900001525878906,17.20000457763672,39683.0,False,3,2,False,accurate,0,0,False,False,34,False,True,,,,,,,,,,,
5666,39662.0,39672.20000457764,39687.700008392334,0,15.500003814697266,25.700008392333984,39690.0,False,2,1,False,accurate,0,0,False,False,33,False,True,,,,,,,,,,,
5667,39669.0,39687.700008392334,39690.40000915527,0,2.700000762939453,21.400009155273438,39697.0,False,3,2,False,fast,0,0,False,False,32,False,True,,,,,,,,,,,
5668,39676.0,39690.40000915527,39693.10001373291,0,2.7000045776367188,17.100013732910156,39704.0,False,3,2,False,fast,0,0,False,False,31,False,True,,,,,,,,,,,
5672,39704.0,39704.0,39726.20000076294,0,22.200000762939453,22.200000762939453,39732.0,False,1,0,False,accurate,1,1,False,False,27,False,True,,,,,,,,,,,
5673,39711.0,39726.20000076294,39728.79999923706,0,2.5999984741210938,17.799999237060547,39739.0,False,2,1,False,fast,0,0,False,False,26,False,True,,,,,,,,,,,
5676,39732.0,39732.0,39743.9999961853,0,11.999996185302734,11.999996185302734,39760.0,False,1,0,False,accurate,1,1,False,False,23,False,True,,,,,,,,,,,
5677,39739.0,39743.9999961853,39759.699993133545,0,15.699996948242188,20.699993133544922,39767.0,False,2,1,False,accurate,0,0,False,False,22,False,True,,,,,,,,,,,
5680,39760.0,39760.0,39774.29999923706,0,14.299999237060547,14.299999237060547,39788.0,False,1,0,False,accurate,0,0,False,False,19,False,True,,,,,,,,,,,
5682,39774.0,39774.29999923706,39784.5,0,10.200000762939453,10.5,39802.0,False,2,1,False,accurate,0,0,False,False,17,False,True,,,,,,,,,,,
5683,39781.0,39784.5,39800.09999847412,0,15.599998474121094,19.099998474121094,39809.0,False,2,1,False,accurate,0,0,False,False,16,False,True,,,,,,,,,,,
5684,39788.0,39800.09999847412,39813.89999771118,0,13.799999237060547,25.89999771118164,39816.0,False,2,1,False,accurate,0,0,False,False,15,False,True,,,,,,,,,,,
5685,39795.0,39813.89999771118,39816.69999694824,0,2.799999237060547,21.699996948242188,39823.0,False,3,2,False,fast,0,0,False,False,14,False,True,,,,,,,,,,,
5689,39823.0,39823.0,39834.79999923706,0,11.799999237060547,11.799999237060547,39851.0,False,1,0,False,accurate,0,0,False,False,10,False,True,,,,,,,,,,,
5697,39879.0,39879.0,39892.0,0,13.0,13.0,39907.0,False,1,0,False,accurate,1,1,False,False,2,True,True,,,,,,,,,,,
5699,39893.0,39893.0,39904.70000076294,0,11.700000762939453,11.700000762939453,39921.0,False,1,0,False,accurate,0,0,False,True,0,True,True,,,,,,,,,,,
5700,39900.0,39904.70000076294,39918.19999694824,0,13.499996185302734,18.199996948242188,39928.0,False,2,1,False,accurate,0,0,False,False,99,False,True,,,,,,,,,,,
5702,39914.0,39918.19999694824,39930.59999847412,0,12.400001525878906,16.599998474121094,39942.0,False,2,1,False,accurate,0,0,False,False,97,False,True,,,,,,,,,,,
5703,39921.0,39930.59999847412,39946.5,0,15.900001525878906,25.5,39949.0,False,2,1,False,accurate,0,0,False,False,96,False,True,,,,,,,,,,,
5704,39928.0,39946.5,39949.29999923706,0,2.799999237060547,21.299999237060547,39956.0,False,3,2,False,fast,0,0,False,False,95,False,True,,,,,,,,,,,
5708,39956.0,39956.0,39982.40000152588,0,26.400001525878906,26.400001525878906,39984.0,False,1,0,False,accurate,0,0,False,False,91,False,True,,,,,,,,,,,
5709,39963.0,39982.40000152588,39985.20000076294,0,2.799999237060547,22.200000762939453,39991.0,False,2,1,False,fast,0,1,True,False,90,False,True,,,,,,,,,,,
5710,39970.0,39985.20000076294,39988.0,0,2.799999237060547,18.0,39998.0,False,3,2,False,fast,0,0,False,False,89,False,True,,,,,,,,,,,
5714,39998.0,39998.0,40012.4999961853,0,14.499996185302734,14.499996185302734,40026.0,False,1,0,False,accurate,1,1,False,False,85,False,True,,,,,,,,,,,
5716,40012.0,40012.4999961853,40030.89999771118,0,18.400001525878906,18.89999771118164,40040.0,False,2,1,False,accurate,1,1,False,False,83,False,True,,,,,,,,,,,
5719,40033.0,40033.0,40045.30000305176,0,12.300003051757812,12.300003051757812,40061.0,False,1,0,False,accurate,1,1,False,False,80,False,True,,,,,,,,,,,
5720,40040.0,40045.30000305176,40060.40000152588,0,15.099998474121094,20.400001525878906,40068.0,False,2,1,False,accurate,0,0,False,False,79,False,True,,,,,,,,,,,
5721,40047.0,40060.40000152588,40074.70000457764,0,14.300003051757812,27.70000457763672,40075.0,False,2,1,False,accurate,0,0,False,False,78,False,True,,,,,,,,,,,
5722,40054.0,40074.70000457764,40077.40000152588,0,2.6999969482421875,23.400001525878906,40082.0,False,3,2,False,fast,0,1,True,False,77,False,True,,,,,,,,,,,
5725,40075.0,40077.40000152588,40090.100006103516,0,12.700004577636719,15.100006103515625,40103.0,False,2,1,False,accurate,0,0,False,False,74,False,True,,,,,,,,,,,
5727,40089.0,40090.100006103516,40103.200008392334,0,13.10000228881836,14.200008392333984,40117.0,False,2,1,False,accurate,0,0,False,False,72,False,True,,,,,,,,,,,
5728,40096.0,40103.200008392334,40115.90000915527,0,12.700000762939453,19.900009155273438,40124.0,False,2,1,False,accurate,0,0,False,False,71,False,True,,,,,,,,,,,
5732,40124.0,40124.0,40135.10000228882,0,11.10000228881836,11.10000228881836,40152.0,False,1,0,False,accurate,1,1,False,False,67,False,True,,,,,,,,,,,
5733,40131.0,40135.10000228882,40148.20000076294,0,13.099998474121094,17.200000762939453,40159.0,False,2,1,False,accurate,0,0,False,False,66,False,True,,,,,,,,,,,
5734,40138.0,40148.20000076294,40162.5,0,14.299999237060547,24.5,40166.0,False,2,1,False,accurate,1,1,False,False,65,False,True,,,,,,,,,,,
5736,40152.0,40162.5,40172.5,0,10.0,20.5,40180.0,False,2,1,False,accurate,0,0,False,False,63,False,True,,,,,,,,,,,
5737,40159.0,40172.5,40183.59999847412,0,11.099998474121094,24.599998474121094,40187.0,False,3,2,False,accurate,0,0,False,False,62,False,True,,,,,,,,,,,
5738,40166.0,40183.59999847412,40187.29999923706,0,3.700000762939453,21.299999237060547,40194.0,False,3,2,False,fast,0,1,True,False,61,False,True,,,,,,,,,,,
5739,40173.0,40187.29999923706,40190.09999847412,0,2.799999237060547,17.099998474121094,40201.0,False,3,2,False,fast,0,0,False,False,60,False,True,,,,,,,,,,,
5743,40201.0,40201.0,40212.80000305176,0,11.800003051757812,11.800003051757812,40229.0,False,1,0,False,accurate,0,0,False,False,56,False,True,,,,,,,,,,,
5744,40208.0,40212.80000305176,40228.40000152588,0,15.599998474121094,20.400001525878906,40236.0,False,2,1,False,accurate,0,0,False,False,55,False,True,,,,,,,,,,,
5745,40215.0,40228.40000152588,40242.5000038147,0,14.10000228881836,27.500003814697266,40243.0,False,2,1,False,accurate,0,0,False,False,54,False,True,,,,,,,,,,,
5754,40278.0,40278.0,40292.0,0,14.0,14.0,40306.0,False,1,0,False,accurate,0,0,False,False,45,False,True,,,,,,,,,,,
5756,40292.0,40292.0,40302.30000305176,0,10.300003051757812,10.300003051757812,40320.0,False,1,0,False,accurate,0,0,False,False,43,False,True,,,,,,,,,,,
5759,40313.0,40313.0,40329.20000076294,0,16.200000762939453,16.200000762939453,40341.0,False,1,0,False,accurate,0,0,False,False,40,False,True,,,,,,,,,,,
5761,40327.0,40329.20000076294,40352.75874801735,0,23.5587472544114,25.758748017353355,40355.0,False,2,1,False,accurate,0,0,False,False,38,False,True,,,,,,,,,,,
5773,40411.0,40411.0,40428.831255132456,0,17.831255132456647,17.831255132456135,40439.0,False,1,0,False,accurate,1,1,False,False,26,False,True,,,,,,,,,,,
5776,40432.0,40432.0,40453.3366705508,0,21.336670550803365,21.3366705508015,40460.0,False,1,0,False,accurate,0,0,False,False,23,False,True,,,,,,,,,,,
5777,40439.0,40453.3366705508,40456.30000307113,0,2.96333252032598,17.30000307112641,40467.0,False,2,1,False,fast,0,0,False,False,22,False,True,,,,,,,,,,,
5780,40460.0,40460.0,40484.45500178004,0,24.45500178004305,24.45500178004295,40488.0,False,1,0,False,accurate,1,1,False,False,19,False,True,,,,,,,,,,,
5781,40467.0,40484.45500178004,40488.14500412608,0,3.690002346038818,21.145004126083222,40495.0,False,2,1,False,fast,0,0,False,False,18,False,True,,,,,,,,,,,
5783,40481.0,40488.14500412608,40503.37667394638,0,15.231669820298753,22.376673946382653,40509.0,False,3,2,False,accurate,0,0,False,False,16,False,True,,,,,,,,,,,
5784,40488.0,40503.37667394638,40506.17667318344,0,2.799999237060547,18.1766731834432,40516.0,False,3,2,False,fast,0,1,True,False,15,False,True,,,,,,,,,,,
5787,40509.0,40509.0,40526.59999847412,0,17.599998474121094,17.599998474121094,40537.0,False,1,0,False,accurate,0,0,False,False,12,False,True,,,,,,,,,,,
5788,40516.0,40526.59999847412,40537.20000076294,0,10.60000228881836,21.200000762939453,40544.0,False,2,1,False,accurate,0,0,False,False,11,False,True,,,,,,,,,,,
5795,40565.0,40565.0,40581.70000076294,0,16.700000762939453,16.700000762939453,40593.0,False,1,0,False,accurate,1,1,False,False,4,False,True,,,,,,,,,,,
5803,40621.0,40621.0,40645.29999923706,0,24.299999237060547,24.299999237060547,40649.0,False,1,0,False,accurate,0,0,False,False,96,False,True,,,,,,,,,,,
5806,40642.0,40645.29999923706,40660.4999961853,0,15.199996948242188,18.499996185302734,40670.0,False,2,1,False,accurate,1,1,False,False,93,False,True,,,,,,,,,,,
5807,40649.0,40660.4999961853,40663.39999771118,0,2.9000015258789062,14.39999771118164,40677.0,False,2,1,False,fast,0,0,False,False,92,False,True,,,,,,,,,,,
5808,40656.0,40663.39999771118,40677.5,0,14.10000228881836,21.5,40684.0,False,3,2,False,accurate,0,0,False,False,91,False,True,,,,,,,,,,,
5810,40670.0,40677.5,40689.10000228882,0,11.60000228881836,19.10000228881836,40698.0,False,2,1,False,accurate,0,0,False,False,89,False,True,,,,,,,,,,,
5812,40684.0,40689.10000228882,40706.5000038147,0,17.400001525878906,22.500003814697266,40712.0,False,2,1,False,accurate,0,0,False,False,87,False,True,,,,,,,,,,,
5813,40691.0,40706.5000038147,40718.70000457764,0,12.200000762939453,27.70000457763672,40719.0,False,2,1,False,accurate,1,1,False,False,86,False,True,,,,,,,,,,,
5814,40698.0,40718.70000457764,40721.400005340576,0,2.700000762939453,23.400005340576172,40726.0,False,3,2,False,fast,0,0,False,False,85,False,True,,,,,,,,,,,
5817,40719.0,40721.400005340576,40737.700008392334,0,16.300003051757812,18.700008392333984,40747.0,False,2,1,False,accurate,1,1,False,False,82,False,True,,,,,,,,,,,
5818,40726.0,40737.700008392334,40751.100006103516,0,13.39999771118164,25.100006103515625,40754.0,False,2,1,False,accurate,1,1,False,False,81,False,True,,,,,,,,,,,
5819,40733.0,40751.100006103516,40753.80000305176,0,2.6999969482421875,20.800003051757812,40761.0,False,3,2,False,fast,0,0,False,False,80,False,True,,,,,,,,,,,
5821,40747.0,40753.80000305176,40771.10000228882,0,17.299999237060547,24.10000228881836,40775.0,False,3,2,False,accurate,1,1,False,False,78,False,True,,,,,,,,,,,
5827,40789.0,40789.0,40800.79999923706,0,11.799999237060547,11.799999237060547,40817.0,False,1,0,False,accurate,0,0,False,False,72,False,True,,,,,,,,,,,
5828,40796.0,40800.79999923706,40803.5,0,2.700000762939453,7.5,40824.0,False,2,1,False,fast,0,0,False,False,71,False,True,,,,,,,,,,,
5829,40803.0,40803.5,40820.5,0,17.0,17.5,40831.0,False,2,1,False,accurate,0,0,False,False,70,False,True,,,,,,,,,,,
5830,40810.0,40820.5,40838.0,0,17.5,28.0,40838.0,False,2,1,False,accurate,0,0,False,False,69,False,True,,,,,,,,,,,
5832,40824.0,40838.0,40840.70000457764,0,2.7000045776367188,16.70000457763672,40852.0,False,2,1,False,fast,0,0,False,False,67,False,True,,,,,,,,,,,
5835,40845.0,40845.0,40860.19999694824,0,15.199996948242188,15.199996948242188,40873.0,False,1,0,False,accurate,0,0,False,False,64,False,True,,,,,,,,,,,
5836,40852.0,40860.19999694824,40874.399993896484,0,14.199996948242188,22.399993896484375,40880.0,False,2,1,False,accurate,1,1,False,False,63,False,True,,,,,,,,,,,
5837,40859.0,40874.399993896484,40885.9999961853,0,11.60000228881836,26.999996185302734,40887.0,False,3,2,False,accurate,0,0,False,False,62,False,True,,,,,,,,,,,
5839,40873.0,40885.9999961853,40899.399993896484,0,13.39999771118164,26.399993896484375,40901.0,False,3,2,False,accurate,0,0,False,False,60,False,True,,,,,,,,,,,
5840,40880.0,40899.399993896484,40902.199993133545,0,2.799999237060547,22.199993133544922,40908.0,False,3,2,False,fast,0,0,False,False,59,False,True,,,,,,,,,,,
5842,40894.0,40902.199993133545,40917.599994659424,0,15.400001525878906,23.599994659423828,40922.0,False,3,2,False,accurate,0,0,False,False,57,False,True,,,,,,,,,,,
5843,40901.0,40917.599994659424,40920.499992370605,0,2.8999977111816406,19.49999237060547,40929.0,False,3,2,False,fast,0,0,False,False,56,False,True,,,,,,,,,,,
5844,40908.0,40920.499992370605,40923.299991607666,0,2.799999237060547,15.299991607666016,40936.0,False,3,2,False,fast,0,1,True,False,55,False,True,,,,,,,,,,,
5846,40922.0,40923.299991607666,40938.59999084473,0,15.299999237060547,16.599990844726562,40950.0,False,2,1,False,accurate,0,0,False,False,53,False,True,,,,,,,,,,,
5852,40964.0,40964.0,40984.20000076294,0,20.200000762939453,20.200000762939453,40992.0,False,1,0,False,accurate,0,0,False,False,47,False,True,,,,,,,,,,,
5855,40985.0,40985.0,41009.70000076294,0,24.700000762939453,24.700000762939453,41013.0,False,1,0,False,accurate,0,0,False,False,44,False,True,,,,,,,,,,,
5861,41027.0,41027.0,41040.79999923706,0,13.799999237060547,13.799999237060547,41055.0,False,1,0,False,accurate,1,1,False,False,38,False,True,,,,,,,,,,,
5863,41041.0,41041.0,41053.89999771118,0,12.89999771118164,12.89999771118164,41069.0,False,1,0,False,accurate,0,0,False,False,36,False,True,,,,,,,,,,,
5868,41076.0,41076.0,41090.10000228882,0,14.10000228881836,14.10000228881836,41104.0,False,1,0,False,accurate,0,0,False,False,31,False,True,,,,,,,,,,,
5870,41090.0,41090.10000228882,41101.5000038147,0,11.400001525878906,11.500003814697266,41118.0,False,2,1,False,accurate,1,1,False,False,29,False,True,,,,,,,,,,,
5871,41097.0,41101.5000038147,41114.30000305176,0,12.799999237060547,17.300003051757812,41125.0,False,2,1,False,accurate,1,1,False,False,28,False,True,,,,,,,,,,,
5874,41118.0,41118.0,41130.90000152588,0,12.900001525878906,12.900001525878906,41146.0,False,1,0,False,accurate,0,0,False,False,25,False,True,,,,,,,,,,,
5877,41139.0,41139.0,41154.09999847412,0,15.099998474121094,15.099998474121094,41167.0,False,1,0,False,accurate,1,1,False,False,22,False,True,,,,,,,,,,,
5880,41160.0,41160.0,41173.40000152588,0,13.400001525878906,13.400001525878906,41188.0,False,1,0,False,accurate,0,0,False,False,19,False,True,,,,,,,,,,,
5881,41167.0,41173.40000152588,41187.0000038147,0,13.60000228881836,20.000003814697266,41195.0,False,2,1,False,accurate,1,1,False,False,18,False,True,,,,,,,,,,,
5884,41188.0,41188.0,41211.0,0,23.0,23.0,41216.0,False,1,0,False,accurate,0,0,False,False,15,False,True,,,,,,,,,,,
5887,41209.0,41211.0,41223.69999694824,0,12.699996948242188,14.699996948242188,41237.0,False,2,1,False,accurate,1,1,False,False,12,False,True,,,,,,,,,,,
5888,41216.0,41223.69999694824,41238.69999694824,0,15.0,22.699996948242188,41244.0,False,2,1,False,accurate,0,0,False,False,11,False,True,,,,,,,,,,,
5892,41244.0,41244.0,41263.40000152588,0,19.400001525878906,19.400001525878906,41272.0,False,1,0,False,accurate,1,1,False,False,7,False,True,,,,,,,,,,,
5895,41265.0,41265.0,41278.20000457764,0,13.200004577636719,13.200004577636719,41293.0,False,1,0,False,accurate,0,0,False,False,4,False,True,,,,,,,,,,,
5897,41279.0,41279.0,41293.29999923706,0,14.299999237060547,14.299999237060547,41307.0,False,1,0,False,accurate,0,0,False,False,2,True,True,,,,,,,,,,,
5899,41293.0,41293.29999923706,41305.0,0,11.700000762939453,12.0,41321.0,False,2,1,False,accurate,1,1,False,True,0,True,True,,,,,,,,,,,
5900,41300.0,41305.0,41321.70000076294,0,16.700000762939453,21.700000762939453,41328.0,False,2,1,False,accurate,0,0,False,False,99,False,True,,,,,,,,,,,
5902,41314.0,41321.70000076294,41335.5,0,13.799999237060547,21.5,41342.0,False,2,1,False,accurate,1,1,False,False,97,False,True,,,,,,,,,,,
5908,41356.0,41356.0,41373.70000076294,0,17.700000762939453,17.700000762939453,41384.0,False,1,0,False,accurate,0,0,False,False,91,False,True,,,,,,,,,,,
5909,41363.0,41373.70000076294,41390.40000152588,0,16.700000762939453,27.400001525878906,41391.0,False,2,1,False,accurate,0,0,False,False,90,False,True,,,,,,,,,,,
5910,41370.0,41390.40000152588,41395.20000076294,0,4.799999237060547,25.200000762939453,41398.0,False,3,2,False,fast,0,0,False,False,89,False,True,,,,,,,,,,,
5914,41398.0,41398.0,41411.70000076294,0,13.700000762939453,13.700000762939453,41426.0,False,1,0,False,accurate,1,1,False,False,85,False,True,,,,,,,,,,,
5916,41412.0,41412.0,41426.0000038147,0,14.000003814697266,14.000003814697266,41440.0,False,1,0,False,accurate,0,0,False,False,83,False,True,,,,,,,,,,,
5919,41433.0,41433.0,41456.30000305176,0,23.300003051757812,23.300003051757812,41461.0,False,1,0,False,accurate,0,0,False,False,80,False,True,,,,,,,,,,,
5920,41440.0,41456.30000305176,41460.02000579834,0,3.720002746582031,20.02000579833839,41468.0,False,2,1,False,fast,0,0,False,False,79,False,True,,,,,,,,,,,
5921,41447.0,41460.02000579834,41463.35667154471,0,3.3366657463709544,16.35667154470866,41475.0,False,3,2,False,fast,0,0,False,False,78,False,True,,,,,,,,,,,
5924,41468.0,41468.0,41491.591668875415,0,23.5916688754161,23.591668875415053,41496.0,False,1,0,False,accurate,0,0,False,False,75,False,True,,,,,,,,,,,
5925,41475.0,41491.591668875415,41494.83500575483,0,3.2433368794123454,19.83500575483049,41503.0,False,2,1,False,fast,0,0,False,False,74,False,True,,,,,,,,,,,
5927,41489.0,41494.83500575483,41513.53292224765,0,18.697916492819786,24.532922247650276,41517.0,False,3,2,False,accurate,0,0,False,False,72,False,True,,,,,,,,,,,
5931,41517.0,41517.0,41534.51542315662,0,17.515423156619136,17.515423156619363,41545.0,False,1,0,False,accurate,0,0,False,False,68,False,True,,,,,,,,,,,
5934,41538.0,41538.0,41555.82499891857,0,17.82499891857307,17.82499891857151,41566.0,False,1,0,False,accurate,0,0,False,False,65,False,True,,,,,,,,,,,
5937,41559.0,41559.0,41573.57041474511,0,14.57041474511227,14.570414745110611,41587.0,False,1,0,False,accurate,0,0,False,False,62,False,True,,,,,,,,,,,
5941,41587.0,41587.0,41602.551249170305,0,15.551249170303343,15.5512491703048,41615.0,False,1,0,False,accurate,0,0,False,False,58,False,True,,,,,,,,,,,
5953,41671.0,41671.0,41688.19999694824,0,17.199996948242188,17.199996948242188,41699.0,False,1,0,False,accurate,1,1,False,False,46,False,True,,,,,,,,,,,
5955,41685.0,41688.19999694824,41699.40000152588,0,11.200004577636719,14.400001525878906,41713.0,False,2,1,False,accurate,0,0,False,False,44,False,True,,,,,,,,,,,
5960,41720.0,41720.0,41736.10000228882,0,16.10000228881836,16.10000228881836,41748.0,False,1,0,False,accurate,1,1,False,False,39,False,True,,,,,,,,,,,
5962,41734.0,41736.10000228882,41749.29999923706,0,13.199996948242188,15.299999237060547,41762.0,False,2,1,False,accurate,1,1,False,False,37,False,True,,,,,,,,,,,
5964,41748.0,41749.29999923706,41767.69999694824,0,18.39999771118164,19.699996948242188,41776.0,False,2,1,False,accurate,1,1,False,False,35,False,True,,,,,,,,,,,
5967,41769.0,41769.0,41779.80000305176,0,10.800003051757812,10.800003051757812,41797.0,False,1,0,False,accurate,0,0,False,False,32,False,True,,,,,,,,,,,
5970,41790.0,41790.0,41804.0000038147,0,14.000003814697266,14.000003814697266,41818.0,False,1,0,False,accurate,1,1,False,False,29,False,True,,,,,,,,,,,
5971,41797.0,41804.0000038147,41815.400005340576,0,11.400001525878906,18.400005340576172,41825.0,False,2,1,False,accurate,0,0,False,False,28,False,True,,,,,,,,,,,
5972,41804.0,41815.400005340576,41818.10000228882,0,2.6999969482421875,14.10000228881836,41832.0,False,3,2,False,fast,0,0,False,False,27,False,True,,,,,,,,,,,
5975,41825.0,41825.0,41837.79999923706,0,12.799999237060547,12.799999237060547,41853.0,False,1,0,False,accurate,0,0,False,False,24,False,True,,,,,,,,,,,
5976,41832.0,41837.79999923706,41850.40000152588,0,12.60000228881836,18.400001525878906,41860.0,False,2,1,False,accurate,0,0,False,False,23,False,True,,,,,,,,,,,
5978,41846.0,41850.40000152588,41865.29999923706,0,14.89999771118164,19.299999237060547,41874.0,False,2,1,False,accurate,0,0,False,False,21,False,True,,,,,,,,,,,
5979,41853.0,41865.29999923706,41879.20000076294,0,13.900001525878906,26.200000762939453,41881.0,False,2,1,False,accurate,0,0,False,False,20,False,True,,,,,,,,,,,
5980,41860.0,41879.20000076294,41881.900005340576,0,2.7000045776367188,21.900005340576172,41888.0,False,3,2,False,fast,0,0,False,False,19,False,True,,,,,,,,,,,
5981,41867.0,41881.900005340576,41884.5000038147,0,2.5999984741210938,17.500003814697266,41895.0,False,3,2,False,fast,0,0,False,False,18,False,True,,,,,,,,,,,
5982,41874.0,41884.5000038147,41898.70000457764,0,14.200000762939453,24.70000457763672,41902.0,False,4,3,False,accurate,0,0,False,False,17,False,True,,,,,,,,,,,
5983,41881.0,41898.70000457764,41902.200008392334,0,3.5000038146972656,21.200008392333984,41909.0,False,4,3,False,fast,0,0,False,False,16,False,True,,,,,,,,,,,
5984,41888.0,41902.200008392334,41904.90000915527,0,2.700000762939453,16.900009155273438,41916.0,False,3,2,False,fast,0,0,False,False,15,False,True,,,,,,,,,,,
5986,41902.0,41904.90000915527,41920.800006866455,0,15.89999771118164,18.800006866455078,41930.0,False,3,2,False,accurate,1,1,False,False,13,False,True,,,,,,,,,,,
5987,41909.0,41920.800006866455,41934.200008392334,0,13.400001525878906,25.200008392333984,41937.0,False,2,1,False,accurate,1,1,False,False,12,False,True,,,,,,,,,,,
5991,41937.0,41937.0,41952.10000228882,0,15.10000228881836,15.10000228881836,41965.0,False,1,0,False,accurate,1,1,False,False,8,False,True,,,,,,,,,,,
5992,41944.0,41952.10000228882,41964.40000152588,0,12.299999237060547,20.400001525878906,41972.0,False,2,1,False,accurate,0,0,False,False,7,False,True,,,,,,,,,,,
5993,41951.0,41964.40000152588,41977.10000228882,0,12.700000762939453,26.10000228881836,41979.0,False,3,2,False,accurate,1,1,False,False,6,False,True,,,,,,,,,,,
5998,41986.0,41986.0,41999.09999847412,0,13.099998474121094,13.099998474121094,42014.0,False,1,0,False,accurate,0,0,False,False,1,True,True,,,,,,,,,,,
6002,42014.0,42014.0,42029.5,0,15.5,15.5,42042.0,False,1,0,False,accurate,0,0,False,False,97,False,True,,,,,,,,,,,
6003,42021.0,42029.5,42044.79999923706,0,15.299999237060547,23.799999237060547,42049.0,False,2,1,False,accurate,0,0,False,False,96,False,True,,,,,,,,,,,
6005,42035.0,42044.79999923706,42058.5,0,13.700000762939453,23.5,42063.0,False,2,1,False,accurate,0,0,False,False,94,False,True,,,,,,,,,,,
6006,42042.0,42058.5,42061.29999923706,0,2.799999237060547,19.299999237060547,42070.0,False,3,2,False,fast,0,0,False,False,93,False,True,,,,,,,,,,,
6011,42077.0,42077.0,42092.0000038147,0,15.000003814697266,15.000003814697266,42105.0,False,1,0,False,accurate,0,0,False,False,88,False,True,,,,,,,,,,,
6013,42091.0,42092.0000038147,42106.0000038147,0,14.0,15.000003814697266,42119.0,False,2,1,False,accurate,1,1,False,False,86,False,True,,,,,,,,,,,
6015,42105.0,42106.0000038147,42119.20000457764,0,13.200000762939453,14.200004577636719,42133.0,False,2,1,False,accurate,0,0,False,False,84,False,True,,,,,,,,,,,
6022,42154.0,42154.0,42169.90000152588,0,15.900001525878906,15.900001525878906,42182.0,False,1,0,False,accurate,0,0,False,False,77,False,True,,,,,,,,,,,
6023,42161.0,42169.90000152588,42183.5,0,13.599998474121094,22.5,42189.0,False,2,1,False,accurate,0,0,False,False,76,False,True,,,,,,,,,,,
6025,42175.0,42183.5,42202.0000038147,0,18.500003814697266,27.000003814697266,42203.0,False,2,1,False,accurate,0,0,False,False,74,False,True,,,,,,,,,,,
6028,42196.0,42202.0000038147,42218.90000152588,0,16.89999771118164,22.900001525878906,42224.0,False,2,1,False,accurate,0,0,False,False,71,False,True,,,,,,,,,,,
6030,42210.0,42218.90000152588,42222.0,0,3.0999984741210938,12.0,42238.0,False,2,1,False,fast,0,0,False,False,69,False,True,,,,,,,,,,,
6033,42231.0,42231.0,42247.0,0,16.0,16.0,42259.0,False,1,0,False,accurate,0,0,False,False,66,False,True,,,,,,,,,,,
6034,42238.0,42247.0,42259.60000228882,0,12.60000228881836,21.60000228881836,42266.0,False,2,1,False,accurate,0,0,False,False,65,False,True,,,,,,,,,,,
6035,42245.0,42259.60000228882,42262.29999923706,0,2.6999969482421875,17.299999237060547,42273.0,False,3,2,False,fast,0,0,False,False,64,False,True,,,,,,,,,,,
6036,42252.0,42262.29999923706,42278.90000152588,0,16.60000228881836,26.900001525878906,42280.0,False,3,2,False,accurate,1,1,False,False,63,False,True,,,,,,,,,,,
6037,42259.0,42278.90000152588,42281.70000076294,0,2.799999237060547,22.700000762939453,42287.0,False,4,3,False,fast,0,0,False,False,62,False,True,,,,,,,,,,,
6039,42273.0,42281.70000076294,42284.39999771118,0,2.6999969482421875,11.39999771118164,42301.0,False,3,2,False,fast,0,1,True,False,60,False,True,,,,,,,,,,,
6042,42294.0,42294.0,42308.59999847412,0,14.599998474121094,14.599998474121094,42322.0,False,1,0,False,accurate,0,0,False,False,57,False,True,,,,,,,,,,,
6047,42329.0,42329.0,42340.79999923706,0,11.799999237060547,11.799999237060547,42357.0,False,1,0,False,accurate,0,0,False,False,52,False,True,,,,,,,,,,,
6048,42336.0,42340.79999923706,42353.79999923706,0,13.0,17.799999237060547,42364.0,False,2,1,False,accurate,0,0,False,False,51,False,True,,,,,,,,,,,
6056,42392.0,42392.0,42404.5,0,12.5,12.5,42420.0,False,1,0,False,accurate,0,0,False,False,43,False,True,,,,,,,,,,,
6060,42420.0,42420.0,42433.90000152588,0,13.900001525878906,13.900001525878906,42448.0,False,1,0,False,accurate,0,0,False,False,39,False,True,,,,,,,,,,,
6061,42427.0,42433.90000152588,42446.90000152588,0,13.0,19.900001525878906,42455.0,False,2,1,False,accurate,0,0,False,False,38,False,True,,,,,,,,,,,
6063,42441.0,42446.90000152588,42463.30000305176,0,16.400001525878906,22.300003051757812,42469.0,False,2,1,False,accurate,0,0,False,False,36,False,True,,,,,,,,,,,
6069,42483.0,42483.0,42508.90000152588,0,25.900001525878906,25.900001525878906,42511.0,False,1,0,False,accurate,1,1,False,False,30,False,True,,,,,,,,,,,
6070,42490.0,42508.90000152588,42511.5000038147,0,2.6000022888183594,21.500003814697266,42518.0,False,2,1,False,fast,0,1,True,False,29,False,True,,,,,,,,,,,
6074,42518.0,42518.0,42531.10000228882,0,13.10000228881836,13.10000228881836,42546.0,False,1,0,False,accurate,1,1,False,False,25,False,True,,,,,,,,,,,
6083,42581.0,42581.0,42605.50999507904,0,24.509995079040525,24.509995079039072,42609.0,False,1,0,False,accurate,0,0,False,False,16,False,True,,,,,,,,,,,
6084,42588.0,42605.50999507904,42608.659995958405,0,3.150000879367189,20.65999595840549,42616.0,False,2,1,False,fast,0,0,False,False,15,False,True,,,,,,,,,,,
6085,42595.0,42608.659995958405,42611.78749685287,0,3.127500894467039,16.78749685287039,42623.0,False,3,2,False,fast,0,0,False,False,14,False,True,,,,,,,,,,,
6087,42609.0,42611.78749685287,42614.86999335805,0,3.0824965051810067,5.869993358050124,42637.0,False,2,1,False,fast,0,1,True,False,12,False,True,,,,,,,,,,,
6090,42630.0,42630.0,42649.998334210315,0,19.99833421031633,19.99833421031508,42658.0,False,1,0,False,accurate,0,0,False,False,9,False,True,,,,,,,,,,,
6091,42637.0,42649.998334210315,42652.87999919613,0,2.881664985815678,15.879999196127756,42665.0,False,2,1,False,fast,0,0,False,False,8,False,True,,,,,,,,,,,
6093,42651.0,42652.87999919613,42673.61708364635,0,20.73708445022504,22.617083646349784,42679.0,False,2,1,False,accurate,1,1,False,False,6,False,True,,,,,,,,,,,
6095,42665.0,42673.61708364635,42688.64083557277,0,15.023751926422118,23.640835572768992,42693.0,False,2,1,False,accurate,0,0,False,False,4,False,True,,,,,,,,,,,
6097,42679.0,42688.64083557277,42703.81333364774,0,15.172498074968665,24.813333647740365,42707.0,False,2,1,False,accurate,0,0,False,False,2,True,True,,,,,,,,,,,
6098,42686.0,42703.81333364774,42706.64833044339,0,2.834996795654297,20.648330443393206,42714.0,False,3,2,False,fast,0,1,True,False,1,True,True,,,,,,,,,,,
6099,42693.0,42706.64833044339,42719.82541373674,0,13.17708329334855,26.825413736740302,42721.0,False,3,2,False,accurate,0,0,False,True,0,True,True,,,,,,,,,,,
6107,42749.0,42749.0,42769.20000076294,0,20.200000762939453,20.200000762939453,42777.0,False,1,0,False,accurate,0,0,False,False,92,False,True,,,,,,,,,,,
6108,42756.0,42769.20000076294,42781.70000076294,0,12.5,25.700000762939453,42784.0,False,2,1,False,accurate,0,0,False,False,91,False,True,,,,,,,,,,,
6111,42777.0,42781.70000076294,42796.5,0,14.799999237060547,19.5,42805.0,False,2,1,False,accurate,0,0,False,False,88,False,True,,,,,,,,,,,
6114,42798.0,42798.0,42812.79999923706,0,14.799999237060547,14.799999237060547,42826.0,False,1,0,False,accurate,0,0,False,False,85,False,True,,,,,,,,,,,
6115,42805.0,42812.79999923706,42823.20000076294,0,10.400001525878906,18.200000762939453,42833.0,False,2,1,False,accurate,0,0,False,False,84,False,True,,,,,,,,,,,
6120,42840.0,42840.0,42858.09999847412,0,18.099998474121094,18.099998474121094,42868.0,False,1,0,False,accurate,0,0,False,False,79,False,True,,,,,,,,,,,
6121,42847.0,42858.09999847412,42873.19999694824,0,15.099998474121094,26.199996948242188,42875.0,False,2,1,False,accurate,0,0,False,False,78,False,True,,,,,,,,,,,
6123,42861.0,42873.19999694824,42883.4999961853,0,10.299999237060547,22.499996185302734,42889.0,False,2,1,False,accurate,0,0,False,False,76,False,True,,,,,,,,,,,
6130,42910.0,42910.0,42922.60000228882,0,12.60000228881836,12.60000228881836,42938.0,False,1,0,False,accurate,0,0,False,False,69,False,True,,,,,,,,,,,
6132,42924.0,42924.0,42937.70000076294,0,13.700000762939453,13.700000762939453,42952.0,False,1,0,False,accurate,0,0,False,False,67,False,True,,,,,,,,,,,
6134,42938.0,42938.0,42954.20000076294,0,16.200000762939453,16.200000762939453,42966.0,False,1,0,False,accurate,1,1,False,False,65,False,True,,,,,,,,,,,
6141,42987.0,42987.0,43000.09999847412,0,13.099998474121094,13.099998474121094,43015.0,False,1,0,False,accurate,0,0,False,False,58,False,True,,,,,,,,,,,
6142,42994.0,43000.09999847412,43012.29999923706,0,12.200000762939453,18.299999237060547,43022.0,False,2,1,False,accurate,0,0,False,False,57,False,True,,,,,,,,,,,
6143,43001.0,43012.29999923706,43026.59999847412,0,14.299999237060547,25.599998474121094,43029.0,False,2,1,False,accurate,1,1,False,False,56,False,True,,,,,,,,,,,
6144,43008.0,43026.59999847412,43029.5,0,2.9000015258789062,21.5,43036.0,False,3,2,False,fast,0,1,True,False,55,False,True,,,,,,,,,,,
6149,43043.0,43043.0,43054.70000457764,0,11.700004577636719,11.700004577636719,43071.0,False,1,0,False,accurate,0,0,False,False,50,False,True,,,,,,,,,,,
6154,43078.0,43078.0,43093.59999847412,0,15.599998474121094,15.599998474121094,43106.0,False,1,0,False,accurate,0,0,False,False,45,False,True,,,,,,,,,,,
6155,43085.0,43093.59999847412,43104.5,0,10.900001525878906,19.5,43113.0,False,2,1,False,accurate,0,0,False,False,44,False,True,,,,,,,,,,,
6158,43106.0,43106.0,43119.0000038147,0,13.000003814697266,13.000003814697266,43134.0,False,1,0,False,accurate,0,0,False,False,41,False,True,,,,,,,,,,,
6159,43113.0,43119.0000038147,43131.400005340576,0,12.400001525878906,18.400005340576172,43141.0,False,2,1,False,accurate,0,0,False,False,40,False,True,,,,,,,,,,,
6162,43134.0,43134.0,43146.39999771118,0,12.39999771118164,12.39999771118164,43162.0,False,1,0,False,accurate,1,1,False,False,37,False,True,,,,,,,,,,,
6163,43141.0,43146.39999771118,43165.69999694824,0,19.299999237060547,24.699996948242188,43169.0,False,2,1,False,accurate,0,0,False,False,36,False,True,,,,,,,,,,,
6164,43148.0,43165.69999694824,43179.4999961853,0,13.799999237060547,31.499996185302734,43176.0,True,2,1,False,fast,0,0,False,False,35,False,False,,,,,,,,,,,
6167,43169.0,43179.4999961853,43182.29999542236,0,2.799999237060547,13.299995422363281,43197.0,False,2,1,False,fast,0,0,False,False,32,False,True,,,,,,,,,,,
6168,43176.0,43182.29999542236,43197.899993896484,0,15.599998474121094,21.899993896484375,43204.0,False,3,2,False,accurate,0,0,False,False,31,False,True,,,,,,,,,,,
6173,43211.0,43211.0,43227.20000076294,0,16.200000762939453,16.200000762939453,43239.0,False,1,0,False,accurate,0,0,False,False,26,False,True,,,,,,,,,,,
6175,43225.0,43227.20000076294,43239.5000038147,0,12.300003051757812,14.500003814697266,43253.0,False,2,1,False,accurate,0,0,False,False,24,False,True,,,,,,,,,,,
6178,43246.0,43246.0,43260.5,0,14.5,14.5,43274.0,False,1,0,False,accurate,0,0,False,False,21,False,True,,,,,,,,,,,
6180,43260.0,43260.5,43275.09999847412,0,14.599998474121094,15.099998474121094,43288.0,False,2,1,False,accurate,0,0,False,False,19,False,True,,,,,,,,,,,
6181,43267.0,43275.09999847412,43289.0,0,13.900001525878906,22.0,43295.0,False,2,1,False,accurate,1,1,False,False,18,False,True,,,,,,,,,,,
6182,43274.0,43289.0,43293.79999923706,0,4.799999237060547,19.799999237060547,43302.0,False,3,2,False,fast,0,1,True,False,17,False,True,,,,,,,,,,,
6184,43288.0,43293.79999923706,43305.89999771118,0,12.099998474121094,17.89999771118164,43316.0,False,3,2,False,accurate,0,0,False,False,15,False,True,,,,,,,,,,,
6186,43302.0,43305.89999771118,43318.599994659424,0,12.699996948242188,16.599994659423828,43330.0,False,2,1,False,accurate,1,1,False,False,13,False,True,,,,,,,,,,,
6189,43323.0,43323.0,43334.79999923706,0,11.799999237060547,11.799999237060547,43351.0,False,1,0,False,accurate,0,0,False,False,10,False,True,,,,,,,,,,,
6201,43407.0,43407.0,43422.29999923706,0,15.299999237060547,15.299999237060547,43435.0,False,1,0,False,accurate,0,0,False,False,98,False,True,,,,,,,,,,,
6203,43421.0,43422.29999923706,43435.09999847412,0,12.799999237060547,14.099998474121094,43449.0,False,2,1,False,accurate,0,0,False,False,96,False,True,,,,,,,,,,,
6208,43456.0,43456.0,43469.80000305176,0,13.800003051757812,13.800003051757812,43484.0,False,1,0,False,accurate,0,0,False,False,91,False,True,,,,,,,,,,,
6210,43470.0,43470.0,43484.29999923706,0,14.299999237060547,14.299999237060547,43498.0,False,1,0,False,accurate,1,1,False,False,89,False,True,,,,,,,,,,,
6212,43484.0,43484.29999923706,43498.9999961853,0,14.699996948242188,14.999996185302734,43512.0,False,2,1,False,accurate,0,0,False,False,87,False,True,,,,,,,,,,,
6213,43491.0,43498.9999961853,43511.59999847412,0,12.60000228881836,20.599998474121094,43519.0,False,2,1,False,accurate,0,0,False,False,86,False,True,,,,,,,,,,,
6214,43498.0,43511.59999847412,43514.5,0,2.9000015258789062,16.5,43526.0,False,3,2,False,fast,0,1,True,False,85,False,True,,,,,,,,,,,
6215,43505.0,43514.5,43526.79999923706,0,12.299999237060547,21.799999237060547,43533.0,False,3,2,False,accurate,0,0,False,False,84,False,True,,,,,,,,,,,
6216,43512.0,43526.79999923706,43538.899993896484,0,12.099994659423828,26.899993896484375,43540.0,False,3,2,False,accurate,0,0,False,False,83,False,True,,,,,,,,,,,
6217,43519.0,43538.899993896484,43541.699993133545,0,2.799999237060547,22.699993133544922,43547.0,False,3,2,False,fast,0,0,False,False,82,False,True,,,,,,,,,,,
6218,43526.0,43541.699993133545,43544.599994659424,0,2.9000015258789062,18.599994659423828,43554.0,False,4,3,False,fast,0,1,True,False,81,False,True,,,,,,,,,,,
6219,43533.0,43544.599994659424,43559.899993896484,0,15.299999237060547,26.899993896484375,43561.0,False,4,3,False,accurate,0,0,False,False,80,False,True,,,,,,,,,,,
6221,43547.0,43559.899993896484,43571.59999084473,0,11.699996948242188,24.599990844726562,43575.0,False,2,1,False,accurate,0,0,False,False,78,False,True,,,,,,,,,,,
6222,43554.0,43571.59999084473,43574.499992370605,0,2.9000015258789062,20.49999237060547,43582.0,False,3,2,False,fast,0,0,False,False,77,False,True,,,,,,,,,,,
6228,43596.0,43596.0,43611.0000038147,0,15.000003814697266,15.000003814697266,43624.0,False,1,0,False,accurate,0,0,False,False,71,False,True,,,,,,,,,,,
6233,43631.0,43631.0,43643.29999923706,0,12.299999237060547,12.299999237060547,43659.0,False,1,0,False,accurate,0,0,False,False,66,False,True,,,,,,,,,,,
6238,43666.0,43666.0,43680.29999923706,0,14.299999237060547,14.299999237060547,43694.0,False,1,0,False,accurate,0,0,False,False,61,False,True,,,,,,,,,,,
6240,43680.0,43680.29999923706,43683.659998321535,0,3.359999084472656,3.6599983215346583,43708.0,False,2,1,False,fast,0,1,True,False,59,False,True,,,,,,,,,,,
6241,43687.0,43687.0,43706.7158382682,0,19.715838268200514,19.715838268202788,43715.0,False,1,0,False,accurate,0,0,False,False,58,False,True,,,,,,,,,,,
6242,43694.0,43706.7158382682,43710.147506752015,0,3.43166848381361,16.147506752015033,43722.0,False,2,1,False,fast,0,0,False,False,57,False,True,,,,,,,,,,,
6243,43701.0,43710.147506752015,43713.790004959104,0,3.6424982070922853,12.790004959104408,43729.0,False,3,2,False,fast,0,1,True,False,56,False,True,,,,,,,,,,,
6246,43722.0,43722.0,43742.58749418259,0,20.587494182586667,20.58749418258958,43750.0,False,1,0,False,accurate,1,1,False,False,53,False,True,,,,,,,,,,,
6250,43750.0,43750.0,43771.12499441902,0,21.12499441901848,21.124994419020368,43778.0,False,1,0,False,accurate,0,0,False,False,49,False,True,,,,,,,,,,,
6251,43757.0,43771.12499441902,43774.33915856044,0,3.2141641414165405,17.33915856044041,43785.0,False,2,1,False,fast,0,0,False,False,48,False,True,,,,,,,,,,,
6261,43827.0,43827.0,43840.48500165939,0,13.48500165939331,13.485001659391855,43855.0,False,1,0,False,accurate,0,0,False,False,38,False,True,,,,,,,,,,,
6265,43855.0,43855.0,43868.0,0,13.0,13.0,43883.0,False,1,0,False,accurate,0,0,False,False,34,False,True,,,,,,,,,,,
6266,43862.0,43868.0,43880.89999771118,0,12.89999771118164,18.89999771118164,43890.0,False,2,1,False,accurate,1,1,False,False,33,False,True,,,,,,,,,,,
6271,43897.0,43897.0,43908.89999771118,0,11.89999771118164,11.89999771118164,43925.0,False,1,0,False,accurate,0,0,False,False,28,False,True,,,,,,,,,,,
6272,43904.0,43908.89999771118,43919.19999694824,0,10.299999237060547,15.199996948242188,43932.0,False,2,1,False,accurate,1,1,False,False,27,False,True,,,,,,,,,,,
6273,43911.0,43919.19999694824,43934.79999542236,0,15.599998474121094,23.79999542236328,43939.0,False,2,1,False,accurate,1,1,False,False,26,False,True,,,,,,,,,,,
6274,43918.0,43934.79999542236,43937.599994659424,0,2.799999237060547,19.599994659423828,43946.0,False,3,2,False,fast,0,1,True,False,25,False,True,,,,,,,,,,,
6276,43932.0,43937.599994659424,43950.299991607666,0,12.699996948242188,18.299991607666016,43960.0,False,3,2,False,accurate,0,0,False,False,23,False,True,,,,,,,,,,,
6278,43946.0,43950.299991607666,43962.999992370605,0,12.700000762939453,16.99999237060547,43974.0,False,2,1,False,accurate,1,1,False,False,21,False,True,,,,,,,,,,,
6280,43960.0,43962.999992370605,43976.199993133545,0,13.200000762939453,16.199993133544922,43988.0,False,2,1,False,accurate,0,0,False,False,19,False,True,,,,,,,,,,,
6281,43967.0,43976.199993133545,43989.29999542236,0,13.10000228881836,22.29999542236328,43995.0,False,2,1,False,accurate,0,0,False,False,18,False,True,,,,,,,,,,,
6282,43974.0,43989.29999542236,44000.89999771118,0,11.60000228881836,26.89999771118164,44002.0,False,3,2,False,accurate,0,0,False,False,17,False,True,,,,,,,,,,,
6285,43995.0,44000.89999771118,44013.70000076294,0,12.800003051757812,18.700000762939453,44023.0,False,2,1,False,accurate,0,0,False,False,14,False,True,,,,,,,,,,,
6286,44002.0,44013.70000076294,44025.90000152588,0,12.200000762939453,23.900001525878906,44030.0,False,2,1,False,accurate,1,1,False,False,13,False,True,,,,,,,,,,,
6290,44030.0,44030.0,44047.79999923706,0,17.799999237060547,17.799999237060547,44058.0,False,1,0,False,accurate,1,1,False,False,9,False,True,,,,,,,,,,,
6291,44037.0,44047.79999923706,44061.89999771118,0,14.099998474121094,24.89999771118164,44065.0,False,2,1,False,accurate,1,1,False,False,8,False,True,,,,,,,,,,,
6292,44044.0,44061.89999771118,44064.899993896484,0,2.9999961853027344,20.899993896484375,44072.0,False,3,2,False,fast,0,0,False,False,7,False,True,,,,,,,,,,,
6293,44051.0,44064.899993896484,44075.299991607666,0,10.39999771118164,24.299991607666016,44079.0,False,3,2,False,accurate,1,1,False,False,6,False,True,,,,,,,,,,,
6294,44058.0,44075.299991607666,44078.199993133545,0,2.9000015258789062,20.199993133544922,44086.0,False,4,3,False,fast,0,0,False,False,5,False,True,,,,,,,,,,,
6295,44065.0,44078.199993133545,44081.09999084473,0,2.8999977111816406,16.099990844726562,44093.0,False,3,2,False,fast,0,0,False,False,4,False,True,,,,,,,,,,,
6297,44079.0,44081.09999084473,44098.499992370605,0,17.400001525878906,19.49999237060547,44107.0,False,2,1,False,accurate,1,1,False,False,2,True,True,,,,,,,,,,,
6298,44086.0,44098.499992370605,44113.09999084473,0,14.599998474121094,27.099990844726562,44114.0,False,2,1,False,accurate,0,0,False,False,1,True,True,,,,,,,,,,,
6302,44114.0,44114.0,44125.400005340576,0,11.400005340576172,11.400005340576172,44142.0,False,1,0,False,accurate,0,0,False,False,97,False,True,,,,,,,,,,,
6303,44121.0,44125.400005340576,44137.900005340576,0,12.5,16.900005340576172,44149.0,False,2,1,False,accurate,0,0,False,False,96,False,True,,,,,,,,,,,
6304,44128.0,44137.900005340576,44140.800006866455,0,2.9000015258789062,12.800006866455078,44156.0,False,2,1,False,fast,0,1,True,False,95,False,True,,,,,,,,,,,
6305,44135.0,44140.800006866455,44156.600006103516,0,15.799999237060547,21.600006103515625,44163.0,False,3,2,False,accurate,0,0,False,False,94,False,True,,,,,,,,,,,
6309,44163.0,44163.0,44175.89999771118,0,12.89999771118164,12.89999771118164,44191.0,False,1,0,False,accurate,0,0,False,False,90,False,True,,,,,,,,,,,
6310,44170.0,44175.89999771118,44188.29999923706,0,12.400001525878906,18.299999237060547,44198.0,False,2,1,False,accurate,0,0,False,False,89,False,True,,,,,,,,,,,
6311,44177.0,44188.29999923706,44200.399993896484,0,12.099994659423828,23.399993896484375,44205.0,False,2,1,False,accurate,0,0,False,False,88,False,True,,,,,,,,,,,
6314,44198.0,44200.399993896484,44218.699993133545,0,18.299999237060547,20.699993133544922,44226.0,False,2,1,False,accurate,0,0,False,False,85,False,True,,,,,,,,,,,
6315,44205.0,44218.699993133545,44231.29999542236,0,12.60000228881836,26.29999542236328,44233.0,False,2,1,False,accurate,0,0,False,False,84,False,True,,,,,,,,,,,
6318,44226.0,44231.29999542236,44234.199993133545,0,2.8999977111816406,8.199993133544922,44254.0,False,2,1,False,fast,0,0,False,False,81,False,True,,,,,,,,,,,
6320,44240.0,44240.0,44253.29999923706,0,13.299999237060547,13.299999237060547,44268.0,False,1,0,False,accurate,1,1,False,False,79,False,True,,,,,,,,,,,
6321,44247.0,44253.29999923706,44265.79999923706,0,12.5,18.799999237060547,44275.0,False,2,1,False,accurate,0,0,False,False,78,False,True,,,,,,,,,,,
6325,44275.0,44275.0,44287.19999694824,0,12.199996948242188,12.199996948242188,44303.0,False,1,0,False,accurate,0,0,False,False,74,False,True,,,,,,,,,,,
6327,44289.0,44289.0,44305.5000038147,0,16.500003814697266,16.500003814697266,44317.0,False,1,0,False,accurate,1,1,False,False,72,False,True,,,,,,,,,,,
6328,44296.0,44305.5000038147,44318.400005340576,0,12.900001525878906,22.400005340576172,44324.0,False,2,1,False,accurate,0,0,False,False,71,False,True,,,,,,,,,,,
6329,44303.0,44318.400005340576,44321.300006866455,0,2.9000015258789062,18.300006866455078,44331.0,False,3,2,False,fast,0,0,False,False,70,False,True,,,,,,,,,,,
6331,44317.0,44321.300006866455,44334.200008392334,0,12.900001525878906,17.200008392333984,44345.0,False,3,2,False,accurate,1,1,False,False,68,False,True,,,,,,,,,,,
6332,44324.0,44334.200008392334,44346.100006103516,0,11.89999771118164,22.100006103515625,44352.0,False,2,1,False,accurate,1,1,False,False,67,False,True,,,,,,,,,,,
6333,44331.0,44346.100006103516,44356.600006103516,0,10.5,25.600006103515625,44359.0,False,3,2,False,accurate,1,1,False,False,66,False,True,,,,,,,,,,,
6336,44352.0,44356.600006103516,44377.800006866455,0,21.200000762939453,25.800006866455078,44380.0,False,2,1,False,accurate,0,0,False,False,63,False,True,,,,,,,,,,,
6338,44366.0,44377.800006866455,44392.30000305176,0,14.499996185302734,26.300003051757812,44394.0,False,2,1,False,accurate,0,0,False,False,61,False,True,,,,,,,,,,,
6341,44387.0,44392.30000305176,44411.10000228882,0,18.799999237060547,24.10000228881836,44415.0,False,2,1,False,accurate,0,0,False,False,58,False,True,,,,,,,,,,,
6344,44408.0,44411.10000228882,44426.39999771118,0,15.299995422363281,18.39999771118164,44436.0,False,2,1,False,accurate,0,0,False,False,55,False,True,,,,,,,,,,,
6351,44457.0,44457.0,44467.60000228882,0,10.60000228881836,10.60000228881836,44485.0,False,1,0,False,accurate,0,0,False,False,48,False,True,,,,,,,,,,,
6353,44471.0,44471.0,44486.70000076294,0,15.700000762939453,15.700000762939453,44499.0,False,1,0,False,accurate,0,0,False,False,46,False,True,,,,,,,,,,,
6354,44478.0,44486.70000076294,44503.90000152588,0,17.200000762939453,25.900001525878906,44506.0,False,2,1,False,accurate,0,0,False,False,45,False,True,,,,,,,,,,,
6357,44499.0,44503.90000152588,44514.5,0,10.599998474121094,15.5,44527.0,False,2,1,False,accurate,0,0,False,False,42,False,True,,,,,,,,,,,
6359,44513.0,44514.5,44530.80000305176,0,16.300003051757812,17.800003051757812,44541.0,False,2,1,False,accurate,1,1,False,False,40,False,True,,,,,,,,,,,
6365,44555.0,44555.0,44566.39999771118,0,11.39999771118164,11.39999771118164,44583.0,False,1,0,False,accurate,0,0,False,False,34,False,True,,,,,,,,,,,
6369,44583.0,44583.0,44595.59999847412,0,12.599998474121094,12.599998474121094,44611.0,False,1,0,False,accurate,0,0,False,False,30,False,True,,,,,,,,,,,
6370,44590.0,44595.59999847412,44609.19999694824,0,13.599998474121094,19.199996948242188,44618.0,False,2,1,False,accurate,0,0,False,False,29,False,True,,,,,,,,,,,
6372,44604.0,44609.19999694824,44612.09999847412,0,2.9000015258789062,8.099998474121094,44632.0,False,2,1,False,fast,0,0,False,False,27,False,True,,,,,,,,,,,
6375,44625.0,44625.0,44636.39999771118,0,11.39999771118164,11.39999771118164,44653.0,False,1,0,False,accurate,1,1,False,False,24,False,True,,,,,,,,,,,
6379,44653.0,44653.0,44665.39999771118,0,12.39999771118164,12.39999771118164,44681.0,False,1,0,False,accurate,0,0,False,False,20,False,True,,,,,,,,,,,
6381,44667.0,44667.0,44680.90000152588,0,13.900001525878906,13.900001525878906,44695.0,False,1,0,False,accurate,0,0,False,False,18,False,True,,,,,,,,,,,
6388,44716.0,44716.0,44732.60000228882,0,16.60000228881836,16.60000228881836,44744.0,False,1,0,False,accurate,0,0,False,False,11,False,True,,,,,,,,,,,
6391,44737.0,44737.0,44761.09999847412,0,24.099998474121094,24.099998474121094,44765.0,False,1,0,False,accurate,0,0,False,False,8,False,True,,,,,,,,,,,
6395,44765.0,44765.0,44777.60000228882,0,12.60000228881836,12.60000228881836,44793.0,False,1,0,False,accurate,0,0,False,False,4,False,True,,,,,,,,,,,
6396,44772.0,44777.60000228882,44796.80000305176,0,19.200000762939453,24.800003051757812,44800.0,False,2,1,False,accurate,1,1,False,False,3,False,True,,,,,,,,,,,
6397,44779.0,44796.80000305176,44800.0000038147,0,3.200000762939453,21.000003814697266,44807.0,False,2,1,False,fast,0,1,True,False,2,True,True,,,,,,,,,,,
6399,44793.0,44800.0000038147,44811.60000228882,0,11.599998474121094,18.60000228881836,44821.0,False,3,2,False,accurate,0,0,False,True,0,True,True,,,,,,,,,,,
6410,44870.0,44870.0,44895.20916856667,0,25.20916856666404,25.20916856666736,44898.0,False,1,0,False,accurate,1,1,False,False,89,False,True,,,,,,,,,,,
6412,44884.0,44895.20916856667,44911.27416547676,0,16.064996910095214,27.274165476759663,44912.0,False,2,1,False,accurate,0,0,False,False,87,False,True,,,,,,,,,,,
6415,44905.0,44911.27416547676,44925.79291547676,0,14.518749999999999,20.792915476762573,44933.0,False,2,1,False,accurate,0,0,False,False,84,False,True,,,,,,,,,,,
6419,44933.0,44933.0,44951.21875169312,0,18.2187516931196,18.218751693122613,44961.0,False,1,0,False,accurate,0,0,False,False,80,False,True,,,,,,,,,,,
6421,44947.0,44951.21875169312,44965.46500003373,0,14.246248340606689,18.465000033727847,44975.0,False,2,1,False,accurate,0,0,False,False,78,False,True,,,,,,,,,,,
6422,44954.0,44965.46500003373,44978.16500005459,0,12.700000020861625,24.165000054592383,44982.0,False,2,1,False,accurate,0,0,False,False,77,False,True,,,,,,,,,,,
6423,44961.0,44978.16500005459,44981.08916826057,0,2.9241682059814535,20.089168260572478,44989.0,False,3,2,False,fast,0,1,True,False,76,False,True,,,,,,,,,,,
6426,44982.0,44982.0,44995.10000228882,0,13.10000228881836,13.10000228881836,45010.0,False,1,0,False,accurate,0,0,False,False,73,False,True,,,,,,,,,,,
6427,44989.0,44995.10000228882,45007.0000038147,0,11.900001525878906,18.000003814697266,45017.0,False,2,1,False,accurate,0,0,False,False,72,False,True,,,,,,,,,,,
6430,45010.0,45010.0,45024.29999923706,0,14.299999237060547,14.299999237060547,45038.0,False,1,0,False,accurate,1,1,False,False,69,False,True,,,,,,,,,,,
6431,45017.0,45024.29999923706,45036.40000152588,0,12.10000228881836,19.400001525878906,45045.0,False,2,1,False,accurate,0,0,False,False,68,False,True,,,,,,,,,,,
6432,45024.0,45036.40000152588,45046.5,0,10.099998474121094,22.5,45052.0,False,3,2,False,accurate,0,0,False,False,67,False,True,,,,,,,,,,,
6433,45031.0,45046.5,45049.39999771118,0,2.8999977111816406,18.39999771118164,45059.0,False,3,2,False,fast,0,1,True,False,66,False,True,,,,,,,,,,,
6435,45045.0,45049.39999771118,45062.9999961853,0,13.599998474121094,17.999996185302734,45073.0,False,3,2,False,accurate,1,1,False,False,64,False,True,,,,,,,,,,,
6438,45066.0,45066.0,45079.5,0,13.5,13.5,45094.0,False,1,0,False,accurate,0,0,False,False,61,False,True,,,,,,,,,,,
6441,45087.0,45087.0,45101.79999923706,0,14.799999237060547,14.799999237060547,45115.0,False,1,0,False,accurate,0,0,False,False,58,False,True,,,,,,,,,,,
6443,45101.0,45101.79999923706,45117.40000152588,0,15.60000228881836,16.400001525878906,45129.0,False,2,1,False,accurate,0,0,False,False,56,False,True,,,,,,,,,,,
6444,45108.0,45117.40000152588,45127.80000305176,0,10.400001525878906,19.800003051757812,45136.0,False,2,1,False,accurate,0,0,False,False,55,False,True,,,,,,,,,,,
6447,45129.0,45129.0,45147.09999847412,0,18.099998474121094,18.099998474121094,45157.0,False,1,0,False,accurate,0,0,False,False,52,False,True,,,,,,,,,,,
6448,45136.0,45147.09999847412,45149.89999771118,0,2.799999237060547,13.89999771118164,45164.0,False,2,1,False,fast,0,0,False,False,51,False,True,,,,,,,,,,,
6451,45157.0,45157.0,45169.19999694824,0,12.199996948242188,12.199996948242188,45185.0,False,1,0,False,accurate,1,1,False,False,48,False,True,,,,,,,,,,,
6452,45164.0,45169.19999694824,45181.39999771118,0,12.200000762939453,17.39999771118164,45192.0,False,2,1,False,accurate,0,0,False,False,47,False,True,,,,,,,,,,,
6453,45171.0,45181.39999771118,45192.999992370605,0,11.599994659423828,21.99999237060547,45199.0,False,2,1,False,accurate,0,0,False,False,46,False,True,,,,,,,,,,,
6455,45185.0,45192.999992370605,45203.599994659424,0,10.60000228881836,18.599994659423828,45213.0,False,2,1,False,accurate,0,0,False,False,44,False,True,,,,,,,,,,,
6458,45206.0,45206.0,45217.90000152588,0,11.900001525878906,11.900001525878906,45234.0,False,1,0,False,accurate,0,0,False,False,41,False,True,,,,,,,,,,,
6459,45213.0,45217.90000152588,45229.20000076294,0,11.299999237060547,16.200000762939453,45241.0,False,2,1,False,accurate,0,0,False,False,40,False,True,,,,,,,,,,,
6461,45227.0,45229.20000076294,45239.29999542236,0,10.099994659423828,12.299995422363281,45255.0,False,2,1,False,accurate,1,1,False,False,38,False,True,,,,,,,,,,,
6462,45234.0,45239.29999542236,45250.79999542236,0,11.5,16.79999542236328,45262.0,False,2,1,False,accurate,0,0,False,False,37,False,True,,,,,,,,,,,
6468,45276.0,45276.0,45288.39999771118,0,12.39999771118164,12.39999771118164,45304.0,False,1,0,False,accurate,0,0,False,False,31,False,True,,,,,,,,,,,
6469,45283.0,45288.39999771118,45304.099994659424,0,15.699996948242188,21.099994659423828,45311.0,False,2,1,False,accurate,0,0,False,False,30,False,True,,,,,,,,,,,
6470,45290.0,45304.099994659424,45315.19999694824,0,11.10000228881836,25.199996948242188,45318.0,False,2,1,False,accurate,0,0,False,False,29,False,True,,,,,,,,,,,
6471,45297.0,45315.19999694824,45317.89999771118,0,2.700000762939453,20.89999771118164,45325.0,False,3,2,False,fast,0,1,True,False,28,False,True,,,,,,,,,,,
6478,45346.0,45346.0,45360.69999694824,0,14.699996948242188,14.699996948242188,45374.0,False,1,0,False,accurate,1,1,False,False,21,False,True,,,,,,,,,,,
6479,45353.0,45360.69999694824,45374.09999847412,0,13.400001525878906,21.099998474121094,45381.0,False,2,1,False,accurate,0,0,False,False,20,False,True,,,,,,,,,,,
6481,45367.0,45374.09999847412,45385.19999694824,0,11.099998474121094,18.199996948242188,45395.0,False,2,1,False,accurate,0,0,False,False,18,False,True,,,,,,,,,,,
6482,45374.0,45385.19999694824,45397.10000228882,0,11.900005340576172,23.10000228881836,45402.0,False,3,2,False,accurate,0,0,False,False,17,False,True,,,,,,,,,,,
6483,45381.0,45397.10000228882,45399.90000152588,0,2.799999237060547,18.900001525878906,45409.0,False,3,2,False,fast,0,1,True,False,16,False,True,,,,,,,,,,,
6484,45388.0,45399.90000152588,45402.70000457764,0,2.8000030517578125,14.700004577636719,45416.0,False,3,2,False,fast,0,0,False,False,15,False,True,,,,,,,,,,,
6488,45416.0,45416.0,45428.5,0,12.5,12.5,45444.0,False,1,0,False,accurate,0,0,False,False,11,False,True,,,,,,,,,,,
6492,45444.0,45444.0,45464.10000228882,0,20.10000228881836,20.10000228881836,45472.0,False,1,0,False,accurate,0,0,False,False,7,False,True,,,,,,,,,,,
6494,45458.0,45464.10000228882,45480.600006103516,0,16.500003814697266,22.600006103515625,45486.0,False,2,1,False,accurate,0,0,False,False,5,False,True,,,,,,,,,,,
6495,45465.0,45480.600006103516,45483.400005340576,0,2.799999237060547,18.400005340576172,45493.0,False,2,1,False,fast,0,0,False,False,4,False,True,,,,,,,,,,,
6497,45479.0,45483.400005340576,45486.300006866455,0,2.9000015258789062,7.300006866455078,45507.0,False,3,2,False,fast,0,0,False,False,2,True,True,,,,,,,,,,,
6498,45486.0,45486.300006866455,45489.100006103516,0,2.799999237060547,3.100006103515625,45514.0,False,2,1,False,fast,0,0,False,False,1,True,True,,,,,,,,,,,
6499,45493.0,45493.0,45503.79999923706,0,10.799999237060547,10.799999237060547,45521.0,False,1,0,False,accurate,1,1,False,True,0,True,True,,,,,,,,,,,
6501,45507.0,45507.0,45522.10000228882,0,15.10000228881836,15.10000228881836,45535.0,False,1,0,False,accurate,0,0,False,False,98,False,True,,,,,,,,,,,
6505,45535.0,45535.0,45549.40000152588,0,14.400001525878906,14.400001525878906,45563.0,False,1,0,False,accurate,1,1,False,False,94,False,True,,,,,,,,,,,
6506,45542.0,45549.40000152588,45563.90000152588,0,14.5,21.900001525878906,45570.0,False,2,1,False,accurate,0,0,False,False,93,False,True,,,,,,,,,,,
6512,45584.0,45584.0,45595.0,0,11.0,11.0,45612.0,False,1,0,False,accurate,0,0,False,False,87,False,True,,,,,,,,,,,
6514,45598.0,45598.0,45610.20000076294,0,12.200000762939453,12.200000762939453,45626.0,False,1,0,False,accurate,1,1,False,False,85,False,True,,,,,,,,,,,
6518,45626.0,45626.0,45647.59999847412,0,21.599998474121094,21.599998474121094,45654.0,False,1,0,False,accurate,1,1,False,False,81,False,True,,,,,,,,,,,
6519,45633.0,45647.59999847412,45659.60000228882,0,12.000003814697266,26.60000228881836,45661.0,False,2,1,False,accurate,0,0,False,False,80,False,True,,,,,,,,,,,
6522,45654.0,45659.60000228882,45672.70000076294,0,13.099998474121094,18.700000762939453,45682.0,False,2,1,False,accurate,0,0,False,False,77,False,True,,,,,,,,,,,
6523,45661.0,45672.70000076294,45682.59999847412,0,9.89999771118164,21.599998474121094,45689.0,False,2,1,False,accurate,0,0,False,False,76,False,True,,,,,,,,,,,
6531,45717.0,45717.0,45730.10000228882,0,13.10000228881836,13.10000228881836,45745.0,False,1,0,False,accurate,0,0,False,False,68,False,True,,,,,,,,,,,
6533,45731.0,45731.0,45742.70000076294,0,11.700000762939453,11.700000762939453,45759.0,False,1,0,False,accurate,0,0,False,False,66,False,True,,,,,,,,,,,
6542,45794.0,45794.0,45807.10000228882,0,13.10000228881836,13.10000228881836,45822.0,False,1,0,False,accurate,0,0,False,False,57,False,True,,,,,,,,,,,
6543,45801.0,45807.10000228882,45823.20000076294,0,16.099998474121094,22.200000762939453,45829.0,False,2,1,False,accurate,1,1,False,False,56,False,True,,,,,,,,,,,
6545,45815.0,45823.20000076294,45836.60000228882,0,13.400001525878906,21.60000228881836,45843.0,False,2,1,False,accurate,1,1,False,False,54,False,True,,,,,,,,,,,
6552,45864.0,45864.0,45878.09999847412,0,14.099998474121094,14.099998474121094,45892.0,False,1,0,False,accurate,0,0,False,False,47,False,True,,,,,,,,,,,
6553,45871.0,45878.09999847412,45895.39999771118,0,17.299999237060547,24.39999771118164,45899.0,False,2,1,False,accurate,1,1,False,False,46,False,True,,,,,,,,,,,
6554,45878.0,45895.39999771118,45898.19999694824,0,2.799999237060547,20.199996948242188,45906.0,False,3,2,False,fast,0,0,False,False,45,False,True,,,,,,,,,,,
6559,45913.0,45913.0,45925.5,0,12.5,12.5,45941.0,False,1,0,False,accurate,0,0,False,False,40,False,True,,,,,,,,,,,
6567,45969.0,45969.0,45990.68958883782,0,21.689588837822225,21.689588837820338,45997.0,False,1,0,False,accurate,0,0,False,False,32,False,True,,,,,,,,,,,
6568,45976.0,45990.68958883782,45993.86292564094,0,3.1733368031183997,17.862925640940375,46004.0,False,2,1,False,fast,0,0,False,False,31,False,True,,,,,,,,,,,
6571,45997.0,45997.0,46022.23874920229,0,25.23874920229116,25.23874920228991,46025.0,False,1,0,False,accurate,0,0,False,False,28,False,True,,,,,,,,,,,
6572,46004.0,46022.23874920229,46025.31874836305,0,3.0799991607666017,21.3187483630536,46032.0,False,2,1,False,fast,0,1,True,False,27,False,True,,,,,,,,,,,
6573,46011.0,46025.31874836305,46028.375414202404,0,3.0566658393541957,17.3754142024045,46039.0,False,3,2,False,fast,0,1,True,False,26,False,True,,,,,,,,,,,
6575,46025.0,46028.375414202404,46052.994164202406,0,24.61875,27.994164202405955,46053.0,False,3,2,False,accurate,0,0,False,False,24,False,True,,,,,,,,,,,
6576,46032.0,46052.994164202406,46055.98083412984,0,2.9866699274381063,23.98083412984124,46060.0,False,2,1,False,fast,0,0,False,False,23,False,True,,,,,,,,,,,
6577,46039.0,46055.98083412984,46059.04999836841,0,3.069164238572125,20.04999836841307,46067.0,False,3,2,False,fast,0,1,True,False,22,False,True,,,,,,,,,,,
6583,46081.0,46081.0,46095.71708256057,0,14.71708256057153,14.717082560571725,46109.0,False,1,0,False,accurate,0,0,False,False,16,False,True,,,,,,,,,,,
6584,46088.0,46095.71708256057,46107.417079508814,0,11.699996948242188,19.417079508813913,46116.0,False,2,1,False,accurate,1,1,False,False,15,False,True,,,,,,,,,,,
6587,46109.0,46109.0,46120.89999771118,0,11.89999771118164,11.89999771118164,46137.0,False,1,0,False,accurate,0,0,False,False,12,False,True,,,,,,,,,,,
6589,46123.0,46123.0,46134.5,0,11.5,11.5,46151.0,False,1,0,False,accurate,0,0,False,False,10,False,True,,,,,,,,,,,
6591,46137.0,46137.0,46149.30000305176,0,12.300003051757812,12.300003051757812,46165.0,False,1,0,False,accurate,0,0,False,False,8,False,True,,,,,,,,,,,
6592,46144.0,46149.30000305176,46162.30000305176,0,13.0,18.300003051757812,46172.0,False,2,1,False,accurate,0,0,False,False,7,False,True,,,,,,,,,,,
6595,46165.0,46165.0,46178.39999771118,0,13.39999771118164,13.39999771118164,46193.0,False,1,0,False,accurate,0,0,False,False,4,False,True,,,,,,,,,,,
6596,46172.0,46178.39999771118,46191.09999847412,0,12.700000762939453,19.099998474121094,46200.0,False,2,1,False,accurate,0,0,False,False,3,False,True,,,,,,,,,,,
6597,46179.0,46191.09999847412,46193.79999542236,0,2.6999969482421875,14.799995422363281,46207.0,False,2,1,False,fast,0,0,False,False,2,True,True,,,,,,,,,,,
6599,46193.0,46193.79999542236,46210.099994659424,0,16.299999237060547,17.099994659423828,46221.0,False,2,1,False,accurate,0,0,False,True,0,True,True,,,,,,,,,,,
6603,46221.0,46221.0,46235.09999847412,0,14.099998474121094,14.099998474121094,46249.0,False,1,0,False,accurate,1,1,False,False,96,False,True,,,,,,,,,,,
6605,46235.0,46235.09999847412,46251.10000228882,0,16.000003814697266,16.10000228881836,46263.0,False,2,1,False,accurate,0,0,False,False,94,False,True,,,,,,,,,,,
6608,46256.0,46256.0,46268.29999923706,0,12.299999237060547,12.299999237060547,46284.0,False,1,0,False,accurate,0,0,False,False,91,False,True,,,,,,,,,,,
6609,46263.0,46268.29999923706,46282.0,0,13.700000762939453,19.0,46291.0,False,2,1,False,accurate,0,0,False,False,90,False,True,,,,,,,,,,,
6613,46291.0,46291.0,46304.10000228882,0,13.10000228881836,13.10000228881836,46319.0,False,1,0,False,accurate,0,0,False,False,86,False,True,,,,,,,,,,,
6616,46312.0,46312.0,46327.9999961853,0,15.999996185302734,15.999996185302734,46340.0,False,1,0,False,accurate,0,0,False,False,83,False,True,,,,,,,,,,,
6620,46340.0,46340.0,46352.0,0,12.0,12.0,46368.0,False,1,0,False,accurate,0,0,False,False,79,False,True,,,,,,,,,,,
6621,46347.0,46352.0,46367.0,0,15.0,20.0,46375.0,False,2,1,False,accurate,0,0,False,False,78,False,True,,,,,,,,,,,
6624,46368.0,46368.0,46381.90000152588,0,13.900001525878906,13.900001525878906,46396.0,False,1,0,False,accurate,1,1,False,False,75,False,True,,,,,,,,,,,
6628,46396.0,46396.0,46415.59999847412,0,19.599998474121094,19.599998474121094,46424.0,False,1,0,False,accurate,0,0,False,False,71,False,True,,,,,,,,,,,
6630,46410.0,46415.59999847412,46427.69999694824,0,12.099998474121094,17.699996948242188,46438.0,False,2,1,False,accurate,0,0,False,False,69,False,True,,,,,,,,,,,
6631,46417.0,46427.69999694824,46438.79999542236,0,11.099998474121094,21.79999542236328,46445.0,False,2,1,False,accurate,0,0,False,False,68,False,True,,,,,,,,,,,
6632,46424.0,46438.79999542236,46451.89999008179,0,13.099994659423828,27.89999008178711,46452.0,False,3,2,False,accurate,0,0,False,False,67,False,True,,,,,,,,,,,
6633,46431.0,46451.89999008179,46454.69998931885,0,2.799999237060547,23.699989318847656,46459.0,False,3,2,False,fast,0,0,False,False,66,False,True,,,,,,,,,,,
6635,46445.0,46454.69998931885,46457.59998703003,0,2.8999977111816406,12.599987030029297,46473.0,False,3,2,False,fast,0,0,False,False,64,False,True,,,,,,,,,,,
6636,46452.0,46457.59998703003,46479.39998245239,0,21.79999542236328,27.399982452392578,46480.0,False,3,2,False,accurate,0,0,False,False,63,False,True,,,,,,,,,,,
6645,46515.0,46515.0,46530.29999923706,0,15.299999237060547,15.299999237060547,46543.0,False,1,0,False,accurate,0,0,False,False,54,False,True,,,,,,,,,,,
6646,46522.0,46530.29999923706,46543.20000076294,0,12.900001525878906,21.200000762939453,46550.0,False,2,1,False,accurate,0,0,False,False,53,False,True,,,,,,,,,,,
6650,46550.0,46550.0,46561.90000152588,0,11.900001525878906,11.900001525878906,46578.0,False,1,0,False,accurate,0,0,False,False,49,False,True,,,,,,,,,,,
6651,46557.0,46561.90000152588,46577.19999694824,0,15.299995422363281,20.199996948242188,46585.0,False,2,1,False,accurate,1,1,False,False,48,False,True,,,,,,,,,,,
6658,46606.0,46606.0,46618.70000076294,0,12.700000762939453,12.700000762939453,46634.0,False,1,0,False,accurate,1,1,False,False,41,False,True,,,,,,,,,,,
6659,46613.0,46618.70000076294,46632.09999847412,0,13.39999771118164,19.099998474121094,46641.0,False,2,1,False,accurate,0,0,False,False,40,False,True,,,,,,,,,,,
6660,46620.0,46632.09999847412,46644.39999771118,0,12.299999237060547,24.39999771118164,46648.0,False,2,1,False,accurate,0,0,False,False,39,False,True,,,,,,,,,,,
6663,46641.0,46644.39999771118,46658.5,0,14.10000228881836,17.5,46669.0,False,2,1,False,accurate,0,0,False,False,36,False,True,,,,,,,,,,,
6664,46648.0,46658.5,46672.59999847412,0,14.099998474121094,24.599998474121094,46676.0,False,2,1,False,accurate,0,0,False,False,35,False,True,,,,,,,,,,,
6666,46662.0,46672.59999847412,46685.999992370605,0,13.399993896484375,23.99999237060547,46690.0,False,2,1,False,accurate,0,0,False,False,33,False,True,,,,,,,,,,,
6670,46690.0,46690.0,46704.90000152588,0,14.900001525878906,14.900001525878906,46718.0,False,1,0,False,accurate,0,0,False,False,29,False,True,,,,,,,,,,,
6673,46711.0,46711.0,46726.09999847412,0,15.099998474121094,15.099998474121094,46739.0,False,1,0,False,accurate,0,0,False,False,26,False,True,,,,,,,,,,,
6674,46718.0,46726.09999847412,46740.20000076294,0,14.10000228881836,22.200000762939453,46746.0,False,2,1,False,accurate,1,1,False,False,25,False,True,,,,,,,,,,,
6678,46746.0,46746.0,46761.90000152588,0,15.900001525878906,15.900001525878906,46774.0,False,1,0,False,accurate,0,0,False,False,21,False,True,,,,,,,,,,,
6679,46753.0,46761.90000152588,46764.70000076294,0,2.799999237060547,11.700000762939453,46781.0,False,2,1,False,fast,0,1,True,False,20,False,True,,,,,,,,,,,
6685,46795.0,46795.0,46810.29999923706,0,15.299999237060547,15.299999237060547,46823.0,False,1,0,False,accurate,1,1,False,False,14,False,True,,,,,,,,,,,
6687,46809.0,46810.29999923706,46823.29999923706,0,13.0,14.299999237060547,46837.0,False,2,1,False,accurate,0,0,False,False,12,False,True,,,,,,,,,,,
6691,46837.0,46837.0,46848.90000152588,0,11.900001525878906,11.900001525878906,46865.0,False,1,0,False,accurate,0,0,False,False,8,False,True,,,,,,,,,,,
6692,46844.0,46848.90000152588,46863.10000228882,0,14.200000762939453,19.10000228881836,46872.0,False,2,1,False,accurate,0,0,False,False,7,False,True,,,,,,,,,,,
6694,46858.0,46863.10000228882,46874.20000457764,0,11.10000228881836,16.20000457763672,46886.0,False,2,1,False,accurate,0,0,False,False,5,False,True,,,,,,,,,,,
6701,46907.0,46907.0,46921.20000076294,0,14.200000762939453,14.200000762939453,46935.0,False,1,0,False,accurate,1,1,False,False,98,False,True,,,,,,,,,,,
6707,46949.0,46949.0,46964.79999923706,0,15.799999237060547,15.799999237060547,46977.0,False,1,0,False,accurate,1,1,False,False,92,False,True,,,,,,,,,,,
6708,46956.0,46964.79999923706,46977.40000152588,0,12.60000228881836,21.400001525878906,46984.0,False,2,1,False,accurate,1,1,False,False,91,False,True,,,,,,,,,,,
6709,46963.0,46977.40000152588,46989.60000228882,0,12.200000762939453,26.60000228881836,46991.0,False,3,2,False,accurate,0,0,False,False,90,False,True,,,,,,,,,,,
6710,46970.0,46989.60000228882,46992.40000152588,0,2.799999237060547,22.400001525878906,46998.0,False,3,2,False,fast,0,1,True,False,89,False,True,,,,,,,,,,,
6711,46977.0,46992.40000152588,47002.5000038147,0,10.10000228881836,25.500003814697266,47005.0,False,4,3,False,accurate,0,0,False,False,88,False,True,,,,,,,,,,,
6714,46998.0,47002.5000038147,47014.100006103516,0,11.60000228881836,16.100006103515625,47026.0,False,2,1,False,accurate,0,0,False,False,85,False,True,,,,,,,,,,,
6715,47005.0,47014.100006103516,47028.700008392334,0,14.60000228881836,23.700008392333984,47033.0,False,2,1,False,accurate,1,1,False,False,84,False,True,,,,,,,,,,,
6716,47012.0,47028.700008392334,47032.30001068115,0,3.6000022888183594,20.300010681152344,47040.0,False,3,2,False,fast,0,0,False,False,83,False,True,,,,,,,,,,,
6719,47033.0,47033.0,47044.59999847412,0,11.599998474121094,11.599998474121094,47061.0,False,1,0,False,accurate,0,0,False,False,80,False,True,,,,,,,,,,,
6720,47040.0,47044.59999847412,47047.959997558595,0,3.359999084472656,7.959997558595205,47068.0,False,2,1,False,fast,0,0,False,False,79,False,True,,,,,,,,,,,
6723,47061.0,47061.0,47088.08999876976,0,27.08999876976013,27.089998769763042,47089.0,False,1,0,False,accurate,0,0,False,False,76,False,True,,,,,,,,,,,
6724,47068.0,47088.08999876976,47091.356664535204,0,3.2666657654444404,23.35666453520389,47096.0,False,2,1,False,fast,0,0,False,False,75,False,True,,,,,,,,,,,
6725,47075.0,47091.356664535204,47094.48416542967,0,3.127500894467039,19.484165429668792,47103.0,False,3,2,False,fast,0,0,False,False,74,False,True,,,,,,,,,,,
6729,47103.0,47103.0,47106.03750514984,0,3.0375051498413086,3.0375051498413086,47131.0,False,1,0,False,fast,0,0,False,False,70,False,True,,,,,,,,,,,
6731,47117.0,47117.0,47139.06666688919,0,22.066666889190675,22.066666889193584,47145.0,False,1,0,False,accurate,1,1,False,False,68,False,True,,,,,,,,,,,
6732,47124.0,47139.06666688919,47142.146670246126,0,3.080003356933594,18.146670246125723,47152.0,False,2,1,False,fast,0,0,False,False,67,False,True,,,,,,,,,,,
6733,47131.0,47142.146670246126,47145.20334024986,0,3.0566700037320516,14.20334024985641,47159.0,False,3,2,False,fast,0,0,False,False,66,False,True,,,,,,,,,,,
6734,47138.0,47145.20334024986,47160.05750683655,0,14.854166586697103,22.0575068365506,47166.0,False,4,3,False,accurate,1,1,False,False,65,False,True,,,,,,,,,,,
6736,47152.0,47160.05750683655,47163.044176763986,0,2.9866699274381063,11.044176763985888,47180.0,False,2,1,False,fast,0,0,False,False,63,False,True,,,,,,,,,,,
6737,47159.0,47163.044176763986,47180.022924828525,0,16.978748064537854,21.022924828524992,47187.0,False,3,2,False,accurate,0,0,False,False,62,False,True,,,,,,,,,,,
6739,47173.0,47180.022924828525,47191.48125812709,0,11.458333298563957,18.48125812708895,47201.0,False,2,1,False,accurate,1,1,False,False,60,False,True,,,,,,,,,,,
6741,47187.0,47191.48125812709,47205.727510616176,0,14.246252489089965,18.727510616176005,47215.0,False,2,1,False,accurate,0,0,False,False,58,False,True,,,,,,,,,,,
6742,47194.0,47205.727510616176,47218.32167891842,0,12.594168302242956,24.32167891842255,47222.0,False,2,1,False,accurate,0,0,False,False,57,False,True,,,,,,,,,,,
6743,47201.0,47218.32167891842,47221.14501148315,0,2.8233325647314387,20.145011483153212,47229.0,False,3,2,False,fast,0,1,True,False,56,False,True,,,,,,,,,,,
6745,47215.0,47221.14501148315,47234.245009957274,0,13.099998474121094,19.245009957274306,47243.0,False,3,2,False,accurate,0,0,False,False,54,False,True,,,,,,,,,,,
6746,47222.0,47234.245009957274,47247.045009194335,0,12.799999237060547,25.045009194334853,47250.0,False,2,1,False,accurate,1,1,False,False,53,False,True,,,,,,,,,,,
6747,47229.0,47247.045009194335,47250.04501300903,0,3.0000038146972656,21.045013009032118,47257.0,False,3,2,False,fast,0,0,False,False,52,False,True,,,,,,,,,,,
6749,47243.0,47250.04501300903,47262.84501224609,0,12.799999237060547,19.845012246092665,47271.0,False,3,2,False,accurate,0,0,False,False,50,False,True,,,,,,,,,,,
6750,47250.0,47262.84501224609,47274.14501148315,0,11.299999237060547,24.145011483153212,47278.0,False,3,2,False,accurate,0,0,False,False,49,False,True,,,,,,,,,,,
6756,47292.0,47292.0,47305.29999923706,0,13.299999237060547,13.299999237060547,47320.0,False,1,0,False,accurate,0,0,False,False,43,False,True,,,,,,,,,,,
6759,47313.0,47313.0,47327.5,0,14.5,14.5,47341.0,False,1,0,False,accurate,0,0,False,False,40,False,True,,,,,,,,,,,
6762,47334.0,47334.0,47345.70000076294,0,11.700000762939453,11.700000762939453,47362.0,False,1,0,False,accurate,1,1,False,False,37,False,True,,,,,,,,,,,
6764,47348.0,47348.0,47361.59999847412,0,13.599998474121094,13.599998474121094,47376.0,False,1,0,False,accurate,0,0,False,False,35,False,True,,,,,,,,,,,
6765,47355.0,47361.59999847412,47374.39999771118,0,12.799999237060547,19.39999771118164,47383.0,False,2,1,False,accurate,0,0,False,False,34,False,True,,,,,,,,,,,
6766,47362.0,47374.39999771118,47388.10000228882,0,13.700004577636719,26.10000228881836,47390.0,False,2,1,False,accurate,0,0,False,False,33,False,True,,,,,,,,,,,
6767,47369.0,47388.10000228882,47390.80000305176,0,2.700000762939453,21.800003051757812,47397.0,False,3,2,False,fast,0,1,True,False,32,False,True,,,,,,,,,,,
6771,47397.0,47397.0,47411.40000152588,0,14.400001525878906,14.400001525878906,47425.0,False,1,0,False,accurate,1,1,False,False,28,False,True,,,,,,,,,,,
6773,47411.0,47411.40000152588,47430.90000152588,0,19.5,19.900001525878906,47439.0,False,2,1,False,accurate,0,0,False,False,26,False,True,,,,,,,,,,,
6775,47425.0,47430.90000152588,47450.5,0,19.599998474121094,25.5,47453.0,False,2,1,False,accurate,1,1,False,False,24,False,True,,,,,,,,,,,
6776,47432.0,47450.5,47453.30000305176,0,2.8000030517578125,21.300003051757812,47460.0,False,2,1,False,fast,0,0,False,False,23,False,True,,,,,,,,,,,
6778,47446.0,47453.30000305176,47466.70000457764,0,13.400001525878906,20.70000457763672,47474.0,False,3,2,False,accurate,0,0,False,False,21,False,True,,,,,,,,,,,
6781,47467.0,47467.0,47480.20000076294,0,13.200000762939453,13.200000762939453,47495.0,False,1,0,False,accurate,0,0,False,False,18,False,True,,,,,,,,,,,
6782,47474.0,47480.20000076294,47493.20000076294,0,13.0,19.200000762939453,47502.0,False,2,1,False,accurate,0,0,False,False,17,False,True,,,,,,,,,,,
6783,47481.0,47493.20000076294,47507.89999771118,0,14.699996948242188,26.89999771118164,47509.0,False,2,1,False,accurate,0,0,False,False,16,False,True,,,,,,,,,,,
6784,47488.0,47507.89999771118,47510.70000076294,0,2.8000030517578125,22.700000762939453,47516.0,False,3,2,False,fast,0,0,False,False,15,False,True,,,,,,,,,,,
6785,47495.0,47510.70000076294,47522.09999847412,0,11.39999771118164,27.099998474121094,47523.0,False,3,2,False,accurate,1,1,False,False,14,False,True,,,,,,,,,,,
6786,47502.0,47522.09999847412,47524.89999771118,0,2.799999237060547,22.89999771118164,47530.0,False,4,3,False,fast,0,0,False,False,13,False,True,,,,,,,,,,,
6788,47516.0,47524.89999771118,47537.19999694824,0,12.299999237060547,21.199996948242188,47544.0,False,3,2,False,accurate,0,0,False,False,11,False,True,,,,,,,,,,,
6789,47523.0,47537.19999694824,47549.5,0,12.300003051757812,26.5,47551.0,False,3,2,False,accurate,0,0,False,False,10,False,True,,,,,,,,,,,
6790,47530.0,47549.5,47552.29999923706,0,2.799999237060547,22.299999237060547,47558.0,False,3,2,False,fast,0,0,False,False,9,False,True,,,,,,,,,,,
6795,47565.0,47565.0,47582.40000152588,0,17.400001525878906,17.400001525878906,47593.0,False,1,0,False,accurate,1,1,False,False,4,False,True,,,,,,,,,,,
6799,47593.0,47593.0,47605.29999923706,0,12.299999237060547,12.299999237060547,47621.0,False,1,0,False,accurate,0,0,False,True,0,True,True,,,,,,,,,,,
6801,47607.0,47607.0,47617.5,0,10.5,10.5,47635.0,False,1,0,False,accurate,0,0,False,False,98,False,True,,,,,,,,,,,
6803,47621.0,47621.0,47635.59999847412,0,14.599998474121094,14.599998474121094,47649.0,False,1,0,False,accurate,1,1,False,False,96,False,True,,,,,,,,,,,
6805,47635.0,47635.59999847412,47650.10000228882,0,14.500003814697266,15.10000228881836,47663.0,False,2,1,False,accurate,0,0,False,False,94,False,True,,,,,,,,,,,
6806,47642.0,47650.10000228882,47665.30000305176,0,15.200000762939453,23.300003051757812,47670.0,False,2,1,False,accurate,0,0,False,False,93,False,True,,,,,,,,,,,
6809,47663.0,47665.30000305176,47677.20000457764,0,11.900001525878906,14.200004577636719,47691.0,False,2,1,False,accurate,0,0,False,False,90,False,True,,,,,,,,,,,
6811,47677.0,47677.20000457764,47691.900005340576,0,14.700000762939453,14.900005340576172,47705.0,False,2,1,False,accurate,0,0,False,False,88,False,True,,,,,,,,,,,
6813,47691.0,47691.900005340576,47705.30000305176,0,13.39999771118164,14.300003051757812,47719.0,False,2,1,False,accurate,1,1,False,False,86,False,True,,,,,,,,,,,
6814,47698.0,47705.30000305176,47718.79999923706,0,13.499996185302734,20.799999237060547,47726.0,False,2,1,False,accurate,0,0,False,False,85,False,True,,,,,,,,,,,
6815,47705.0,47718.79999923706,47730.39999771118,0,11.599998474121094,25.39999771118164,47733.0,False,3,2,False,accurate,0,0,False,False,84,False,True,,,,,,,,,,,
6817,47719.0,47730.39999771118,47743.39999771118,0,13.0,24.39999771118164,47747.0,False,2,1,False,accurate,1,1,False,False,82,False,True,,,,,,,,,,,
6823,47761.0,47761.0,47778.19999694824,0,17.199996948242188,17.199996948242188,47789.0,False,1,0,False,accurate,1,1,False,False,76,False,True,,,,,,,,,,,
6828,47796.0,47796.0,47807.70000076294,0,11.700000762939453,11.700000762939453,47824.0,False,1,0,False,accurate,0,0,False,False,71,False,True,,,,,,,,,,,
6832,47824.0,47824.0,47837.29999923706,0,13.299999237060547,13.299999237060547,47852.0,False,1,0,False,accurate,1,1,False,False,67,False,True,,,,,,,,,,,
6834,47838.0,47838.0,47851.90000152588,0,13.900001525878906,13.900001525878906,47866.0,False,1,0,False,accurate,0,0,False,False,65,False,True,,,,,,,,,,,
6836,47852.0,47852.0,47865.10000228882,0,13.10000228881836,13.10000228881836,47880.0,False,1,0,False,accurate,0,0,False,False,63,False,True,,,,,,,,,,,
6841,47887.0,47887.0,47901.0,0,14.0,14.0,47915.0,False,1,0,False,accurate,0,0,False,False,58,False,True,,,,,,,,,,,
6846,47922.0,47922.0,47933.60000228882,0,11.60000228881836,11.60000228881836,47950.0,False,1,0,False,accurate,0,0,False,False,53,False,True,,,,,,,,,,,
6849,47943.0,47943.0,47959.90000152588,0,16.900001525878906,16.900001525878906,47971.0,False,1,0,False,accurate,1,1,False,False,50,False,True,,,,,,,,,,,
6853,47971.0,47971.0,47985.69999694824,0,14.699996948242188,14.699996948242188,47999.0,False,1,0,False,accurate,1,1,False,False,46,False,True,,,,,,,,,,,
6854,47978.0,47985.69999694824,47998.19999694824,0,12.5,20.199996948242188,48006.0,False,2,1,False,accurate,0,0,False,False,45,False,True,,,,,,,,,,,
6864,48048.0,48048.0,48062.79999923706,0,14.799999237060547,14.799999237060547,48076.0,False,1,0,False,accurate,0,0,False,False,35,False,True,,,,,,,,,,,
6865,48055.0,48062.79999923706,48073.599994659424,0,10.799995422363281,18.599994659423828,48083.0,False,2,1,False,accurate,1,1,False,False,34,False,True,,,,,,,,,,,
6866,48062.0,48073.599994659424,48076.399993896484,0,2.799999237060547,14.399993896484375,48090.0,False,3,2,False,fast,0,1,True,False,33,False,True,,,,,,,,,,,
6869,48083.0,48083.0,48097.10000228882,0,14.10000228881836,14.10000228881836,48111.0,False,1,0,False,accurate,0,0,False,False,30,False,True,,,,,,,,,,,
6870,48090.0,48097.10000228882,48112.20000076294,0,15.099998474121094,22.200000762939453,48118.0,False,2,1,False,accurate,0,0,False,False,29,False,True,,,,,,,,,,,
6875,48125.0,48125.0,48139.29999923706,0,14.299999237060547,14.299999237060547,48153.0,False,1,0,False,accurate,0,0,False,False,24,False,True,,,,,,,,,,,
6877,48139.0,48139.29999923706,48150.70000076294,0,11.400001525878906,11.700000762939453,48167.0,False,2,1,False,accurate,0,0,False,False,22,False,True,,,,,,,,,,,
6878,48146.0,48150.70000076294,48163.80000305176,0,13.10000228881836,17.800003051757812,48174.0,False,2,1,False,accurate,0,0,False,False,21,False,True,,,,,,,,,,,
6879,48153.0,48163.80000305176,48177.70000457764,0,13.900001525878906,24.70000457763672,48181.0,False,2,1,False,accurate,0,0,False,False,20,False,True,,,,,,,,,,,
6880,48160.0,48177.70000457764,48181.06000366211,0,3.359999084472656,21.06000366211083,48188.0,False,3,2,False,fast,0,0,False,False,19,False,True,,,,,,,,,,,
6884,48188.0,48188.0,48191.266670215926,0,3.2666702159245684,3.266670215925842,48216.0,False,1,0,False,fast,0,0,False,False,15,False,True,,,,,,,,,,,
6889,48223.0,48223.0,48242.98125219345,0,19.981252193450928,19.981252193450928,48251.0,False,1,0,False,accurate,1,1,False,False,10,False,True,,,,,,,,,,,
6890,48230.0,48242.98125219345,48246.21958721916,0,3.2383350257078747,16.21958721915871,48258.0,False,2,1,False,fast,0,0,False,False,9,False,True,,,,,,,,,,,
6893,48251.0,48251.0,48264.604582397245,0,13.604582397242382,13.604582397245395,48279.0,False,1,0,False,accurate,0,0,False,False,6,False,True,,,,,,,,,,,
6896,48272.0,48272.0,48288.650000093876,0,16.650000093877317,16.65000009387586,48300.0,False,1,0,False,accurate,0,0,False,False,3,False,True,,,,,,,,,,,
6897,48279.0,48288.650000093876,48305.99000183115,0,17.3400017372767,26.990001831152767,48307.0,False,2,1,False,accurate,0,0,False,False,2,True,True,,,,,,,,,,,
6900,48300.0,48305.99000183115,48321.5116659903,0,15.521664159148925,21.51166599029966,48328.0,False,2,1,False,accurate,0,0,False,False,99,False,True,,,,,,,,,,,
6908,48356.0,48356.0,48368.70000076294,0,12.700000762939453,12.700000762939453,48384.0,False,1,0,False,accurate,0,0,False,False,91,False,True,,,,,,,,,,,
6917,48419.0,48419.0,48435.5,0,16.5,16.5,48447.0,False,1,0,False,accurate,0,0,False,False,82,False,True,,,,,,,,,,,
6918,48426.0,48435.5,48449.399993896484,0,13.899993896484375,23.399993896484375,48454.0,False,2,1,False,accurate,0,0,False,False,81,False,True,,,,,,,,,,,
6919,48433.0,48449.399993896484,48452.099994659424,0,2.700000762939453,19.099994659423828,48461.0,False,3,2,False,fast,0,0,False,False,80,False,True,,,,,,,,,,,
6920,48440.0,48452.099994659424,48465.199993133545,0,13.099998474121094,25.199993133544922,48468.0,False,3,2,False,accurate,0,0,False,False,79,False,True,,,,,,,,,,,
6924,48468.0,48468.0,48480.5,0,12.5,12.5,48496.0,False,1,0,False,accurate,0,0,False,False,75,False,True,,,,,,,,,,,
6928,48496.0,48496.0,48508.59999847412,0,12.599998474121094,12.599998474121094,48524.0,False,1,0,False,accurate,0,0,False,False,71,False,True,,,,,,,,,,,
6936,48552.0,48552.0,48564.19999694824,0,12.199996948242188,12.199996948242188,48580.0,False,1,0,False,accurate,1,1,False,False,63,False,True,,,,,,,,,,,
6938,48566.0,48566.0,48586.60000228882,0,20.60000228881836,20.60000228881836,48594.0,False,1,0,False,accurate,1,1,False,False,61,False,True,,,,,,,,,,,
6940,48580.0,48586.60000228882,48589.400005340576,0,2.8000030517578125,9.400005340576172,48608.0,False,2,1,False,fast,0,0,False,False,59,False,True,,,,,,,,,,,
6941,48587.0,48589.400005340576,48601.70000457764,0,12.299999237060547,14.700004577636719,48615.0,False,2,1,False,accurate,0,0,False,False,58,False,True,,,,,,,,,,,
6942,48594.0,48601.70000457764,48614.30000305176,0,12.599998474121094,20.300003051757812,48622.0,False,2,1,False,accurate,0,0,False,False,57,False,True,,,,,,,,,,,
6946,48622.0,48622.0,48635.89999771118,0,13.89999771118164,13.89999771118164,48650.0,False,1,0,False,accurate,0,0,False,False,53,False,True,,,,,,,,,,,
6947,48629.0,48635.89999771118,48647.4999961853,0,11.599998474121094,18.499996185302734,48657.0,False,2,1,False,accurate,0,0,False,False,52,False,True,,,,,,,,,,,
6948,48636.0,48647.4999961853,48662.89999771118,0,15.400001525878906,26.89999771118164,48664.0,False,2,1,False,accurate,0,0,False,False,51,False,True,,,,,,,,,,,
6950,48650.0,48662.89999771118,48676.79999542236,0,13.89999771118164,26.79999542236328,48678.0,False,2,1,False,accurate,0,0,False,False,49,False,True,,,,,,,,,,,
6952,48664.0,48676.79999542236,48690.399993896484,0,13.599998474121094,26.399993896484375,48692.0,False,2,1,False,accurate,0,0,False,False,47,False,True,,,,,,,,,,,
6954,48678.0,48690.399993896484,48693.09999084473,0,2.6999969482421875,15.099990844726562,48706.0,False,2,1,False,fast,0,0,False,False,45,False,True,,,,,,,,,,,
6955,48685.0,48693.09999084473,48706.29998779297,0,13.199996948242188,21.29998779296875,48713.0,False,3,2,False,accurate,1,1,False,False,44,False,True,,,,,,,,,,,
6956,48692.0,48706.29998779297,48709.19998931885,0,2.9000015258789062,17.199989318847656,48720.0,False,3,2,False,fast,0,0,False,False,43,False,True,,,,,,,,,,,
6959,48713.0,48713.0,48725.79999923706,0,12.799999237060547,12.799999237060547,48741.0,False,1,0,False,accurate,1,1,False,False,40,False,True,,,,,,,,,,,
6961,48727.0,48727.0,48742.09999847412,0,15.099998474121094,15.099998474121094,48755.0,False,1,0,False,accurate,1,1,False,False,38,False,True,,,,,,,,,,,
6965,48755.0,48755.0,48768.5,0,13.5,13.5,48783.0,False,1,0,False,accurate,1,1,False,False,34,False,True,,,,,,,,,,,
6966,48762.0,48768.5,48782.099994659424,0,13.599994659423828,20.099994659423828,48790.0,False,2,1,False,accurate,0,0,False,False,33,False,True,,,,,,,,,,,
6968,48776.0,48782.099994659424,48793.999992370605,0,11.89999771118164,17.99999237060547,48804.0,False,2,1,False,accurate,0,0,False,False,31,False,True,,,,,,,,,,,
6971,48797.0,48797.0,48809.9999961853,0,12.999996185302734,12.999996185302734,48825.0,False,1,0,False,accurate,1,1,False,False,28,False,True,,,,,,,,,,,
6983,48881.0,48881.0,48894.69999694824,0,13.699996948242188,13.699996948242188,48909.0,False,1,0,False,accurate,0,0,False,False,16,False,True,,,,,,,,,,,
6984,48888.0,48894.69999694824,48907.09999847412,0,12.400001525878906,19.099998474121094,48916.0,False,2,1,False,accurate,0,0,False,False,15,False,True,,,,,,,,,,,
6986,48902.0,48907.09999847412,48918.29999923706,0,11.200000762939453,16.299999237060547,48930.0,False,2,1,False,accurate,0,0,False,False,13,False,True,,,,,,,,,,,
6989,48923.0,48923.0,48935.69999694824,0,12.699996948242188,12.699996948242188,48951.0,False,1,0,False,accurate,0,0,False,False,10,False,True,,,,,,,,,,,
6993,48951.0,48951.0,48962.29999923706,0,11.299999237060547,11.299999237060547,48979.0,False,1,0,False,accurate,0,0,False,False,6,False,True,,,,,,,,,,,
6994,48958.0,48962.29999923706,48977.70000076294,0,15.400001525878906,19.700000762939453,48986.0,False,2,1,False,accurate,0,0,False,False,5,False,True,,,,,,,,,,,
6998,48986.0,48986.0,48997.20000076294,0,11.200000762939453,11.200000762939453,49014.0,False,1,0,False,accurate,0,0,False,False,1,True,True,,,,,,,,,,,
6999,48993.0,48997.20000076294,49016.30000305176,0,19.10000228881836,23.300003051757812,49021.0,False,2,1,False,accurate,0,0,False,True,0,True,True,,,,,,,,,,,
7000,49000.0,49016.30000305176,49019.10000228882,0,2.799999237060547,19.10000228881836,49028.0,False,2,1,False,fast,0,1,True,False,99,False,True,,,,,,,,,,,
7002,49014.0,49019.10000228882,49031.600006103516,0,12.500003814697266,17.600006103515625,49042.0,False,3,2,False,accurate,1,1,False,False,97,False,True,,,,,,,,,,,
7003,49021.0,49031.600006103516,49043.90000915527,0,12.300003051757812,22.900009155273438,49049.0,False,2,1,False,accurate,0,0,False,False,96,False,True,,,,,,,,,,,
7006,49042.0,49043.90000915527,49057.80001068115,0,13.900001525878906,15.800010681152344,49070.0,False,2,1,False,accurate,0,0,False,False,93,False,True,,,,,,,,,,,
7008,49056.0,49057.80001068115,49069.90000915527,0,12.099998474121094,13.900009155273438,49084.0,False,2,1,False,accurate,0,0,False,False,91,False,True,,,,,,,,,,,
7012,49084.0,49084.0,49097.70000076294,0,13.700000762939453,13.700000762939453,49112.0,False,1,0,False,accurate,0,0,False,False,87,False,True,,,,,,,,,,,
7013,49091.0,49097.70000076294,49112.90000152588,0,15.200000762939453,21.900001525878906,49119.0,False,2,1,False,accurate,0,0,False,False,86,False,True,,,,,,,,,,,
7016,49112.0,49112.90000152588,49131.60000228882,0,18.700000762939453,19.60000228881836,49140.0,False,2,1,False,accurate,0,0,False,False,83,False,True,,,,,,,,,,,
7019,49133.0,49133.0,49145.20000076294,0,12.200000762939453,12.200000762939453,49161.0,False,1,0,False,accurate,0,0,False,False,80,False,True,,,,,,,,,,,
7022,49154.0,49154.0,49167.09999847412,0,13.099998474121094,13.099998474121094,49182.0,False,1,0,False,accurate,0,0,False,False,77,False,True,,,,,,,,,,,
7028,49196.0,49196.0,49207.90000152588,0,11.900001525878906,11.900001525878906,49224.0,False,1,0,False,accurate,1,1,False,False,71,False,True,,,,,,,,,,,
7029,49203.0,49207.90000152588,49221.70000076294,0,13.799999237060547,18.700000762939453,49231.0,False,2,1,False,accurate,0,0,False,False,70,False,True,,,,,,,,,,,
7031,49217.0,49221.70000076294,49235.5,0,13.799999237060547,18.5,49245.0,False,2,1,False,accurate,1,1,False,False,68,False,True,,,,,,,,,,,
7032,49224.0,49235.5,49247.5,0,12.0,23.5,49252.0,False,2,1,False,accurate,0,0,False,False,67,False,True,,,,,,,,,,,
7038,49266.0,49266.0,49277.40000152588,0,11.400001525878906,11.400001525878906,49294.0,False,1,0,False,accurate,0,0,False,False,61,False,True,,,,,,,,,,,
7040,49280.0,49280.0,49302.27000389099,0,22.27000389099121,22.270003890989756,49308.0,False,1,0,False,accurate,1,1,False,False,59,False,True,,,,,,,,,,,
7041,49287.0,49302.27000389099,49305.3683399415,0,3.0983360505103974,18.3683399415022,49315.0,False,2,1,False,fast,0,1,True,False,58,False,True,,,,,,,,,,,
7042,49294.0,49305.3683399415,49308.68167238315,0,3.3133324416478445,14.681672383150726,49322.0,False,3,2,False,fast,0,0,False,False,57,False,True,,,,,,,,,,,
7046,49322.0,49322.0,49340.90999650955,0,18.909996509552002,18.909996509552002,49350.0,False,1,0,False,accurate,0,0,False,False,53,False,True,,,,,,,,,,,
7047,49329.0,49340.90999650955,49343.87832809051,0,2.9683315809567827,14.878328090511786,49357.0,False,2,1,False,fast,0,0,False,False,52,False,True,,,,,,,,,,,
7050,49350.0,49350.0,49370.13917076568,0,20.139170765678045,20.13917076568032,49378.0,False,1,0,False,accurate,1,1,False,False,49,False,True,,,,,,,,,,,
7052,49364.0,49370.13917076568,49373.219169926444,0,3.0799991607666017,9.21916992644401,49392.0,False,2,1,False,fast,0,1,True,False,47,False,True,,,,,,,,,,,
7054,49378.0,49378.0,49392.59583226929,0,14.595832269291089,14.59583226928953,49406.0,False,1,0,False,accurate,0,0,False,False,45,False,True,,,,,,,,,,,
7057,49399.0,49399.0,49413.69082957367,0,14.690829573671044,14.69082957367209,49427.0,False,1,0,False,accurate,0,0,False,False,42,False,True,,,,,,,,,,,
7060,49420.0,49420.0,49435.29833423292,0,15.298334232916439,15.298334232917114,49448.0,False,1,0,False,accurate,0,0,False,False,39,False,True,,,,,,,,,,,
7062,49434.0,49435.29833423292,49447.045836674544,0,11.74750244162977,13.045836674544262,49462.0,False,2,1,False,accurate,0,0,False,False,37,False,True,,,,,,,,,,,
7066,49462.0,49462.0,49473.89999771118,0,11.89999771118164,11.89999771118164,49490.0,False,1,0,False,accurate,0,0,False,False,33,False,True,,,,,,,,,,,
7070,49490.0,49490.0,49503.90000152588,0,13.900001525878906,13.900001525878906,49518.0,False,1,0,False,accurate,0,0,False,False,29,False,True,,,,,,,,,,,
7071,49497.0,49503.90000152588,49517.60000228882,0,13.700000762939453,20.60000228881836,49525.0,False,2,1,False,accurate,1,1,False,False,28,False,True,,,,,,,,,,,
7072,49504.0,49517.60000228882,49520.40000152588,0,2.799999237060547,16.400001525878906,49532.0,False,2,1,False,fast,0,0,False,False,27,False,True,,,,,,,,,,,
7073,49511.0,49520.40000152588,49532.0,0,11.599998474121094,21.0,49539.0,False,3,2,False,accurate,0,0,False,False,26,False,True,,,,,,,,,,,
7076,49532.0,49532.0,49550.19999694824,0,18.199996948242188,18.199996948242188,49560.0,False,1,0,False,accurate,0,0,False,False,23,False,True,,,,,,,,,,,
7079,49553.0,49553.0,49566.79999923706,0,13.799999237060547,13.799999237060547,49581.0,False,1,0,False,accurate,1,1,False,False,20,False,True,,,,,,,,,,,
7080,49560.0,49566.79999923706,49584.40000152588,0,17.60000228881836,24.400001525878906,49588.0,False,2,1,False,accurate,1,1,False,False,19,False,True,,,,,,,,,,,
7082,49574.0,49584.40000152588,49587.20000076294,0,2.799999237060547,13.200000762939453,49602.0,False,2,1,False,fast,0,0,False,False,17,False,True,,,,,,,,,,,
7083,49581.0,49587.20000076294,49599.0,0,11.799999237060547,18.0,49609.0,False,3,2,False,accurate,0,0,False,False,16,False,True,,,,,,,,,,,
7084,49588.0,49599.0,49612.10000228882,0,13.10000228881836,24.10000228881836,49616.0,False,2,1,False,accurate,1,1,False,False,15,False,True,,,,,,,,,,,
7085,49595.0,49612.10000228882,49614.800006866455,0,2.7000045776367188,19.800006866455078,49623.0,False,3,2,False,fast,0,0,False,False,14,False,True,,,,,,,,,,,
7086,49602.0,49614.800006866455,49626.200008392334,0,11.400001525878906,24.200008392333984,49630.0,False,3,2,False,accurate,0,0,False,False,13,False,True,,,,,,,,,,,
7089,49623.0,49626.200008392334,49639.40000915527,0,13.200000762939453,16.400009155273438,49651.0,False,2,1,False,accurate,1,1,False,False,10,False,True,,,,,,,,,,,
7090,49630.0,49639.40000915527,49656.60000991821,0,17.200000762939453,26.60000991821289,49658.0,False,2,1,False,accurate,0,0,False,False,9,False,True,,,,,,,,,,,
7091,49637.0,49656.60000991821,49659.30001068115,0,2.700000762939453,22.300010681152344,49665.0,False,3,2,False,fast,0,0,False,False,8,False,True,,,,,,,,,,,
7094,49658.0,49659.30001068115,49672.70001220703,0,13.400001525878906,14.70001220703125,49686.0,False,2,1,False,accurate,1,1,False,False,5,False,True,,,,,,,,,,,
7095,49665.0,49672.70001220703,49683.80001068115,0,11.099998474121094,18.800010681152344,49693.0,False,2,1,False,accurate,0,0,False,False,4,False,True,,,,,,,,,,,
7096,49672.0,49683.80001068115,49695.900005340576,0,12.099994659423828,23.900005340576172,49700.0,False,3,2,False,accurate,0,0,False,False,3,False,True,,,,,,,,,,,
7097,49679.0,49695.900005340576,49698.600006103516,0,2.700000762939453,19.600006103515625,49707.0,False,3,2,False,fast,0,0,False,False,2,True,True,,,,,,,,,,,
7098,49686.0,49698.600006103516,49710.5000038147,0,11.89999771118164,24.500003814697266,49714.0,False,3,2,False,accurate,0,0,False,False,1,True,True,,,,,,,,,,,
7100,49700.0,49710.5000038147,49725.400005340576,0,14.900001525878906,25.400005340576172,49728.0,False,2,1,False,accurate,0,0,False,False,99,False,True,,,,,,,,,,,
7102,49714.0,49725.400005340576,49741.700008392334,0,16.300003051757812,27.700008392333984,49742.0,False,2,1,False,accurate,0,0,False,False,97,False,True,,,,,,,,,,,
7104,49728.0,49741.700008392334,49744.40000915527,0,2.700000762939453,16.400009155273438,49756.0,False,2,1,False,fast,0,0,False,False,95,False,True,,,,,,,,,,,
7106,49742.0,49744.40000915527,49757.60000991821,0,13.200000762939453,15.60000991821289,49770.0,False,2,1,False,accurate,0,0,False,False,93,False,True,,,,,,,,,,,
7112,49784.0,49784.0,49799.40000152588,0,15.400001525878906,15.400001525878906,49812.0,False,1,0,False,accurate,0,0,False,False,87,False,True,,,,,,,,,,,
7113,49791.0,49799.40000152588,49812.0,0,12.599998474121094,21.0,49819.0,False,2,1,False,accurate,0,0,False,False,86,False,True,,,,,,,,,,,
7114,49798.0,49812.0,49814.59999847412,0,2.5999984741210938,16.599998474121094,49826.0,False,3,2,False,fast,0,1,True,False,85,False,True,,,,,,,,,,,
7117,49819.0,49819.0,49830.59999847412,0,11.599998474121094,11.599998474121094,49847.0,False,1,0,False,accurate,0,0,False,False,82,False,True,,,,,,,,,,,
7119,49833.0,49833.0,49844.30000305176,0,11.300003051757812,11.300003051757812,49861.0,False,1,0,False,accurate,0,0,False,False,80,False,True,,,,,,,,,,,
7122,49854.0,49854.0,49866.90000152588,0,12.900001525878906,12.900001525878906,49882.0,False,1,0,False,accurate,1,1,False,False,77,False,True,,,,,,,,,,,
7127,49889.0,49889.0,49902.5,0,13.5,13.5,49917.0,False,1,0,False,accurate,1,1,False,False,72,False,True,,,,,,,,,,,
7130,49910.0,49910.0,49923.59999847412,0,13.599998474121094,13.599998474121094,49938.0,False,1,0,False,accurate,0,0,False,False,69,False,True,,,,,,,,,,,
7132,49924.0,49924.0,49943.09999847412,0,19.099998474121094,19.099998474121094,49952.0,False,1,0,False,accurate,1,1,False,False,67,False,True,,,,,,,,,,,
7133,49931.0,49943.09999847412,49958.39999771118,0,15.299999237060547,27.39999771118164,49959.0,False,2,1,False,accurate,0,0,False,False,66,False,True,,,,,,,,,,,
7135,49945.0,49958.39999771118,49971.89999771118,0,13.5,26.89999771118164,49973.0,False,2,1,False,accurate,0,0,False,False,64,False,True,,,,,,,,,,,
7139,49973.0,49973.0,49987.39999771118,0,14.39999771118164,14.39999771118164,50001.0,False,1,0,False,accurate,0,0,False,False,60,False,True,,,,,,,,,,,
7140,49980.0,49987.39999771118,49999.79999923706,0,12.400001525878906,19.799999237060547,50008.0,False,2,1,False,accurate,0,0,False,False,59,False,True,,,,,,,,,,,
7141,49987.0,49999.79999923706,50014.699993133545,0,14.899993896484375,27.699993133544922,50015.0,False,3,2,False,accurate,0,0,False,False,58,False,True,,,,,,,,,,,
7143,50001.0,50014.699993133545,50017.29999542236,0,2.6000022888183594,16.29999542236328,50029.0,False,2,1,False,fast,0,1,True,False,56,False,True,,,,,,,,,,,
7144,50008.0,50017.29999542236,50031.099994659424,0,13.799999237060547,23.099994659423828,50036.0,False,3,2,False,accurate,0,0,False,False,55,False,True,,,,,,,,,,,
7145,50015.0,50031.099994659424,50033.79999542236,0,2.700000762939453,18.79999542236328,50043.0,False,3,2,False,fast,0,0,False,False,54,False,True,,,,,,,,,,,
7149,50043.0,50043.0,50055.10000228882,0,12.10000228881836,12.10000228881836,50071.0,False,1,0,False,accurate,0,0,False,False,50,False,True,,,,,,,,,,,
7153,50071.0,50071.0,50084.19999694824,0,13.199996948242188,13.199996948242188,50099.0,False,1,0,False,accurate,0,0,False,False,46,False,True,,,,,,,,,,,
7155,50085.0,50085.0,50103.9999961853,0,18.999996185302734,18.999996185302734,50113.0,False,1,0,False,accurate,0,0,False,False,44,False,True,,,,,,,,,,,
7156,50092.0,50103.9999961853,50116.09999847412,0,12.10000228881836,24.099998474121094,50120.0,False,2,1,False,accurate,0,0,False,False,43,False,True,,,,,,,,,,,
7157,50099.0,50116.09999847412,50118.79999923706,0,2.700000762939453,19.799999237060547,50127.0,False,3,2,False,fast,0,0,False,False,42,False,True,,,,,,,,,,,
7158,50106.0,50118.79999923706,50130.89999771118,0,12.099998474121094,24.89999771118164,50134.0,False,3,2,False,accurate,1,1,False,False,41,False,True,,,,,,,,,,,
7165,50155.0,50155.0,50170.5,0,15.5,15.5,50183.0,False,1,0,False,accurate,0,0,False,False,34,False,True,,,,,,,,,,,
7166,50162.0,50170.5,50187.89999771118,0,17.39999771118164,25.89999771118164,50190.0,False,2,1,False,accurate,0,0,False,False,33,False,True,,,,,,,,,,,
7167,50169.0,50187.89999771118,50190.599994659424,0,2.6999969482421875,21.599994659423828,50197.0,False,3,2,False,fast,0,0,False,False,32,False,True,,,,,,,,,,,
7171,50197.0,50197.0,50214.29999923706,0,17.299999237060547,17.299999237060547,50225.0,False,1,0,False,accurate,0,0,False,False,28,False,True,,,,,,,,,,,
7172,50204.0,50214.29999923706,50227.399993896484,0,13.099994659423828,23.399993896484375,50232.0,False,2,1,False,accurate,1,1,False,False,27,False,True,,,,,,,,,,,
7173,50211.0,50227.399993896484,50230.09999084473,0,2.6999969482421875,19.099990844726562,50239.0,False,3,2,False,fast,0,0,False,False,26,False,True,,,,,,,,,,,
7174,50218.0,50230.09999084473,50245.29999542236,0,15.200004577636719,27.29999542236328,50246.0,False,3,2,False,accurate,1,1,False,False,25,False,True,,,,,,,,,,,
7175,50225.0,50245.29999542236,50247.9999961853,0,2.700000762939453,22.999996185302734,50253.0,False,4,3,False,fast,0,1,True,False,24,False,True,,,,,,,,,,,
7177,50239.0,50247.9999961853,50262.29999542236,0,14.299999237060547,23.29999542236328,50267.0,False,3,2,False,accurate,0,0,False,False,22,False,True,,,,,,,,,,,
7178,50246.0,50262.29999542236,50264.9999961853,0,2.700000762939453,18.999996185302734,50274.0,False,3,2,False,fast,0,0,False,False,21,False,True,,,,,,,,,,,
7179,50253.0,50264.9999961853,50275.399993896484,0,10.39999771118164,22.399993896484375,50281.0,False,3,2,False,accurate,0,0,False,False,20,False,True,,,,,,,,,,,
7180,50260.0,50275.399993896484,50287.59999084473,0,12.199996948242188,27.599990844726562,50288.0,False,4,3,False,accurate,0,0,False,False,19,False,True,,,,,,,,,,,
7182,50274.0,50287.59999084473,50290.299991607666,0,2.700000762939453,16.299991607666016,50302.0,False,3,2,False,fast,0,0,False,False,17,False,True,,,,,,,,,,,
7183,50281.0,50290.299991607666,50302.59999084473,0,12.299999237060547,21.599990844726562,50309.0,False,3,2,False,accurate,0,0,False,False,16,False,True,,,,,,,,,,,
7186,50302.0,50302.59999084473,50318.19998931885,0,15.599998474121094,16.199989318847656,50330.0,False,2,1,False,accurate,0,0,False,False,13,False,True,,,,,,,,,,,
7187,50309.0,50318.19998931885,50335.69998931885,0,17.5,26.699989318847656,50337.0,False,2,1,False,accurate,0,0,False,False,12,False,True,,,,,,,,,,,
7189,50323.0,50335.69998931885,50350.999992370605,0,15.300003051757812,27.99999237060547,50351.0,False,2,1,False,accurate,0,0,False,False,10,False,True,,,,,,,,,,,
7193,50351.0,50351.0,50361.19999694824,0,10.199996948242188,10.199996948242188,50379.0,False,1,0,False,accurate,0,0,False,False,6,False,True,,,,,,,,,,,
7194,50358.0,50361.19999694824,50375.699993133545,0,14.499996185302734,17.699993133544922,50386.0,False,2,1,False,accurate,0,0,False,False,5,False,True,,,,,,,,,,,
7195,50365.0,50375.699993133545,50387.79999542236,0,12.10000228881836,22.79999542236328,50393.0,False,2,1,False,accurate,0,0,False,False,4,False,True,,,,,,,,,,,
7197,50379.0,50387.79999542236,50390.599994659424,0,2.799999237060547,11.599994659423828,50407.0,False,2,1,False,fast,0,1,True,False,2,True,True,,,,,,,,,,,
7200,50400.0,50400.0,50426.009998703004,0,26.00999870300293,26.009998703004385,50428.0,False,1,0,False,accurate,0,0,False,False,99,False,True,,,,,,,,,,,
7201,50407.0,50426.009998703004,50429.227495055595,0,3.217496352593116,22.227495055594773,50435.0,False,2,1,False,fast,0,0,False,False,98,False,True,,,,,,,,,,,
7202,50414.0,50429.227495055595,50432.422495969135,0,3.1950009135405253,18.422495969134616,50442.0,False,3,2,False,fast,0,0,False,False,97,False,True,,,,,,,,,,,
7204,50428.0,50432.422495969135,50455.3808291008,0,22.958333131670955,27.380829100802657,50456.0,False,3,2,False,accurate,0,0,False,False,95,False,True,,,,,,,,,,,
7210,50470.0,50470.0,50486.47749553939,0,16.47749553938711,16.477495539387746,50498.0,False,1,0,False,accurate,0,0,False,False,89,False,True,,,,,,,,,,,
7211,50477.0,50486.47749553939,50489.580828038255,0,3.1033324988683035,12.580828038255277,50505.0,False,2,1,False,fast,0,1,True,False,88,False,True,,,,,,,,,,,
7213,50491.0,50491.0,50508.83125009388,0,17.831250093877316,17.831250093877316,50519.0,False,1,0,False,accurate,0,0,False,False,86,False,True,,,,,,,,,,,
7220,50540.0,50540.0,50554.18166756277,0,14.181667562772834,14.181667562770599,50568.0,False,1,0,False,accurate,1,1,False,False,79,False,True,,,,,,,,,,,
7222,50554.0,50554.18166756277,50567.19916677671,0,13.01749921393891,13.199166776706988,50582.0,False,2,1,False,accurate,0,0,False,False,77,False,True,,,,,,,,,,,
7233,50631.0,50631.0,50645.399993896484,0,14.399993896484375,14.399993896484375,50659.0,False,1,0,False,accurate,0,0,False,False,66,False,True,,,,,,,,,,,
7236,50652.0,50652.0,50667.79999542236,0,15.799995422363281,15.799995422363281,50680.0,False,1,0,False,accurate,0,0,False,False,63,False,True,,,,,,,,,,,
7237,50659.0,50667.79999542236,50679.899993896484,0,12.099998474121094,20.899993896484375,50687.0,False,2,1,False,accurate,0,0,False,False,62,False,True,,,,,,,,,,,
7238,50666.0,50679.899993896484,50682.599994659424,0,2.700000762939453,16.599994659423828,50694.0,False,3,2,False,fast,0,0,False,False,61,False,True,,,,,,,,,,,
7245,50715.0,50715.0,50730.20000076294,0,15.200000762939453,15.200000762939453,50743.0,False,1,0,False,accurate,0,0,False,False,54,False,True,,,,,,,,,,,
7247,50729.0,50730.20000076294,50742.39999771118,0,12.199996948242188,13.39999771118164,50757.0,False,2,1,False,accurate,0,0,False,False,52,False,True,,,,,,,,,,,
7251,50757.0,50757.0,50773.79999923706,0,16.799999237060547,16.799999237060547,50785.0,False,1,0,False,accurate,0,0,False,False,48,False,True,,,,,,,,,,,
7253,50771.0,50773.79999923706,50787.10000228882,0,13.300003051757812,16.10000228881836,50799.0,False,2,1,False,accurate,0,0,False,False,46,False,True,,,,,,,,,,,
7255,50785.0,50787.10000228882,50803.5000038147,0,16.400001525878906,18.500003814697266,50813.0,False,2,1,False,accurate,0,0,False,False,44,False,True,,,,,,,,,,,
7259,50813.0,50813.0,50827.59999847412,0,14.599998474121094,14.599998474121094,50841.0,False,1,0,False,accurate,0,0,False,False,40,False,True,,,,,,,,,,,
7263,50841.0,50841.0,50857.79999923706,0,16.799999237060547,16.799999237060547,50869.0,False,1,0,False,accurate,0,0,False,False,36,False,True,,,,,,,,,,,
7264,50848.0,50857.79999923706,50872.59999847412,0,14.799999237060547,24.599998474121094,50876.0,False,2,1,False,accurate,1,1,False,False,35,False,True,,,,,,,,,,,
7265,50855.0,50872.59999847412,50875.39999771118,0,2.799999237060547,20.39999771118164,50883.0,False,3,2,False,fast,0,0,False,False,34,False,True,,,,,,,,,,,
7269,50883.0,50883.0,50895.40000152588,0,12.400001525878906,12.400001525878906,50911.0,False,1,0,False,accurate,0,0,False,False,30,False,True,,,,,,,,,,,
7270,50890.0,50895.40000152588,50908.10000228882,0,12.700000762939453,18.10000228881836,50918.0,False,2,1,False,accurate,1,1,False,False,29,False,True,,,,,,,,,,,
7271,50897.0,50908.10000228882,50923.70000457764,0,15.60000228881836,26.70000457763672,50925.0,False,2,1,False,accurate,0,0,False,False,28,False,True,,,,,,,,,,,
7272,50904.0,50923.70000457764,50926.400005340576,0,2.700000762939453,22.400005340576172,50932.0,False,3,2,False,fast,0,0,False,False,27,False,True,,,,,,,,,,,
7274,50918.0,50926.400005340576,50938.800006866455,0,12.400001525878906,20.800006866455078,50946.0,False,3,2,False,accurate,0,0,False,False,25,False,True,,,,,,,,,,,
7276,50932.0,50938.800006866455,50953.100006103516,0,14.299999237060547,21.100006103515625,50960.0,False,2,1,False,accurate,0,0,False,False,23,False,True,,,,,,,,,,,
7280,50960.0,50960.0,50973.20000457764,0,13.200004577636719,13.200004577636719,50988.0,False,1,0,False,accurate,0,0,False,False,19,False,True,,,,,,,,,,,
7281,50967.0,50973.20000457764,50985.100006103516,0,11.900001525878906,18.100006103515625,50995.0,False,2,1,False,accurate,1,1,False,False,18,False,True,,,,,,,,,,,
7282,50974.0,50985.100006103516,50999.500007629395,0,14.400001525878906,25.50000762939453,51002.0,False,2,1,False,accurate,1,1,False,False,17,False,True,,,,,,,,,,,
7283,50981.0,50999.500007629395,51002.20000457764,0,2.6999969482421875,21.20000457763672,51009.0,False,3,2,False,fast,0,0,False,False,16,False,True,,,,,,,,,,,
7286,51002.0,51002.20000457764,51012.70000457764,0,10.5,10.700004577636719,51030.0,False,2,1,False,accurate,0,0,False,False,13,False,True,,,,,,,,,,,
7291,51037.0,51037.0,51049.70000076294,0,12.700000762939453,12.700000762939453,51065.0,False,1,0,False,accurate,0,0,False,False,8,False,True,,,,,,,,,,,
7292,51044.0,51049.70000076294,51069.20000457764,0,19.500003814697266,25.20000457763672,51072.0,False,2,1,False,accurate,0,0,False,False,7,False,True,,,,,,,,,,,
7293,51051.0,51069.20000457764,51071.900005340576,0,2.700000762939453,20.900005340576172,51079.0,False,2,1,False,fast,0,0,False,False,6,False,True,,,,,,,,,,,
7298,51086.0,51086.0,51103.89999771118,0,17.89999771118164,17.89999771118164,51114.0,False,1,0,False,accurate,1,1,False,False,1,True,True,,,,,,,,,,,
7301,51107.0,51107.0,51122.60000228882,0,15.60000228881836,15.60000228881836,51135.0,False,1,0,False,accurate,1,1,False,False,98,False,True,,,,,,,,,,,
7302,51114.0,51122.60000228882,51125.40000152588,0,2.799999237060547,11.400001525878906,51142.0,False,2,1,False,fast,0,0,False,False,97,False,True,,,,,,,,,,,
7304,51128.0,51128.0,51139.09999847412,0,11.099998474121094,11.099998474121094,51156.0,False,1,0,False,accurate,0,0,False,False,95,False,True,,,,,,,,,,,
7305,51135.0,51139.09999847412,51153.0,0,13.900001525878906,18.0,51163.0,False,2,1,False,accurate,0,0,False,False,94,False,True,,,,,,,,,,,
7306,51142.0,51153.0,51168.59999847412,0,15.599998474121094,26.599998474121094,51170.0,False,2,1,False,accurate,1,1,False,False,93,False,True,,,,,,,,,,,
7309,51163.0,51168.59999847412,51187.09999847412,0,18.5,24.099998474121094,51191.0,False,2,1,False,accurate,0,0,False,False,90,False,True,,,,,,,,,,,
7312,51184.0,51187.09999847412,51198.59999847412,0,11.5,14.599998474121094,51212.0,False,2,1,False,accurate,0,0,False,False,87,False,True,,,,,,,,,,,
7314,51198.0,51198.59999847412,51218.09999847412,0,19.5,20.099998474121094,51226.0,False,2,1,False,accurate,0,0,False,False,85,False,True,,,,,,,,,,,
7316,51212.0,51218.09999847412,51230.59999847412,0,12.5,18.599998474121094,51240.0,False,2,1,False,accurate,0,0,False,False,83,False,True,,,,,,,,,,,
7323,51261.0,51261.0,51275.0,0,14.0,14.0,51289.0,False,1,0,False,accurate,0,0,False,False,76,False,True,,,,,,,,,,,
7325,51275.0,51275.0,51288.40000152588,0,13.400001525878906,13.400001525878906,51303.0,False,1,0,False,accurate,0,0,False,False,74,False,True,,,,,,,,,,,
7328,51296.0,51296.0,51308.29999923706,0,12.299999237060547,12.299999237060547,51324.0,False,1,0,False,accurate,0,0,False,False,71,False,True,,,,,,,,,,,
7329,51303.0,51308.29999923706,51322.0,0,13.700000762939453,19.0,51331.0,False,2,1,False,accurate,0,0,False,False,70,False,True,,,,,,,,,,,
7330,51310.0,51322.0,51336.0,0,14.0,26.0,51338.0,False,2,1,False,accurate,0,0,False,False,69,False,True,,,,,,,,,,,
7332,51324.0,51336.0,51349.59999847412,0,13.599998474121094,25.599998474121094,51352.0,False,2,1,False,accurate,0,0,False,False,67,False,True,,,,,,,,,,,
7339,51373.0,51373.0,51388.40000152588,0,15.400001525878906,15.400001525878906,51401.0,False,1,0,False,accurate,0,0,False,False,60,False,True,,,,,,,,,,,
7340,51380.0,51388.40000152588,51399.0,0,10.599998474121094,19.0,51408.0,False,2,1,False,accurate,0,0,False,False,59,False,True,,,,,,,,,,,
7344,51408.0,51408.0,51421.79999923706,0,13.799999237060547,13.799999237060547,51436.0,False,1,0,False,accurate,0,0,False,False,55,False,True,,,,,,,,,,,
7347,51429.0,51429.0,51443.4999961853,0,14.499996185302734,14.499996185302734,51457.0,False,1,0,False,accurate,0,0,False,False,52,False,True,,,,,,,,,,,
7349,51443.0,51443.4999961853,51457.29999542236,0,13.799999237060547,14.299995422363281,51471.0,False,2,1,False,accurate,0,0,False,False,50,False,True,,,,,,,,,,,
7350,51450.0,51457.29999542236,51476.199993133545,0,18.89999771118164,26.199993133544922,51478.0,False,2,1,False,accurate,1,1,False,False,49,False,True,,,,,,,,,,,
7352,51464.0,51476.199993133545,51489.699993133545,0,13.5,25.699993133544922,51492.0,False,2,1,False,accurate,0,0,False,False,47,False,True,,,,,,,,,,,
7354,51478.0,51489.699993133545,51502.79999542236,0,13.10000228881836,24.79999542236328,51506.0,False,2,1,False,accurate,1,1,False,False,45,False,True,,,,,,,,,,,
7355,51485.0,51502.79999542236,51505.4999961853,0,2.700000762939453,20.499996185302734,51513.0,False,3,2,False,fast,0,0,False,False,44,False,True,,,,,,,,,,,
7361,51527.0,51527.0,51548.21958443145,0,21.21958443144956,21.21958443144831,51555.0,False,1,0,False,accurate,0,0,False,False,38,False,True,,,,,,,,,,,
7362,51534.0,51548.21958443145,51551.296249302824,0,3.07666487137476,17.296249302824435,51562.0,False,2,1,False,fast,0,0,False,False,37,False,True,,,,,,,,,,,
7364,51548.0,51551.296249302824,51574.72958122234,0,23.433331919511172,26.72958122233831,51576.0,False,3,2,False,accurate,0,0,False,False,35,False,True,,,,,,,,,,,
7367,51569.0,51574.72958122234,51577.81208208263,0,3.082500860293703,8.812082082629786,51597.0,False,2,1,False,fast,0,0,False,False,32,False,True,,,,,,,,,,,
7369,51583.0,51583.0,51599.818751096725,0,16.818751096725464,16.818751096725464,51611.0,False,1,0,False,accurate,1,1,False,False,30,False,True,,,,,,,,,,,
7371,51597.0,51599.818751096725,51618.43750128448,0,18.61875018775463,21.437501284483005,51625.0,False,2,1,False,accurate,0,0,False,False,28,False,True,,,,,,,,,,,
7374,51618.0,51618.43750128448,51636.26250513038,0,17.825003845890343,18.262505130376667,51646.0,False,2,1,False,accurate,1,1,False,False,25,False,True,,,,,,,,,,,
7382,51674.0,51674.0,51688.075836586235,0,14.075836586231992,14.0758365862348,51702.0,False,1,0,False,accurate,0,0,False,False,17,False,True,,,,,,,,,,,
7383,51681.0,51688.075836586235,51701.55791836057,0,13.482081774336594,20.55791836057324,51709.0,False,2,1,False,accurate,0,0,False,False,16,False,True,,,,,,,,,,,
7384,51688.0,51701.55791836057,51704.25791912351,0,2.700000762939453,16.257919123512693,51716.0,False,3,2,False,fast,0,1,True,False,15,False,True,,,,,,,,,,,
7385,51695.0,51704.25791912351,51717.05791836057,0,12.799999237060547,22.05791836057324,51723.0,False,3,2,False,accurate,0,0,False,False,14,False,True,,,,,,,,,,,
7390,51730.0,51730.0,51745.39999771118,0,15.39999771118164,15.39999771118164,51758.0,False,1,0,False,accurate,0,0,False,False,9,False,True,,,,,,,,,,,
7395,51765.0,51765.0,51779.09999847412,0,14.099998474121094,14.099998474121094,51793.0,False,1,0,False,accurate,1,1,False,False,4,False,True,,,,,,,,,,,
7398,51786.0,51786.0,51798.0,0,12.0,12.0,51814.0,False,1,0,False,accurate,0,0,False,False,1,True,True,,,,,,,,,,,
7399,51793.0,51798.0,51812.40000152588,0,14.400001525878906,19.400001525878906,51821.0,False,2,1,False,accurate,0,0,False,True,0,True,True,,,,,,,,,,,
7405,51835.0,51835.0,51852.0000038147,0,17.000003814697266,17.000003814697266,51863.0,False,1,0,False,accurate,1,1,False,False,94,False,True,,,,,,,,,,,
7407,51849.0,51852.0000038147,51863.90000152588,0,11.89999771118164,14.900001525878906,51877.0,False,2,1,False,accurate,0,0,False,False,92,False,True,,,,,,,,,,,
7410,51870.0,51870.0,51881.10000228882,0,11.10000228881836,11.10000228881836,51898.0,False,1,0,False,accurate,0,0,False,False,89,False,True,,,,,,,,,,,
7416,51912.0,51912.0,51923.69999694824,0,11.699996948242188,11.699996948242188,51940.0,False,1,0,False,accurate,0,0,False,False,83,False,True,,,,,,,,,,,
7418,51926.0,51926.0,51945.29999923706,0,19.299999237060547,19.299999237060547,51954.0,False,1,0,False,accurate,0,0,False,False,81,False,True,,,,,,,,,,,
7419,51933.0,51945.29999923706,51948.0,0,2.700000762939453,15.0,51961.0,False,2,1,False,fast,0,0,False,False,80,False,True,,,,,,,,,,,
7420,51940.0,51948.0,51950.70000076294,0,2.700000762939453,10.700000762939453,51968.0,False,3,2,False,fast,0,0,False,False,79,False,True,,,,,,,,,,,
7422,51954.0,51954.0,51976.19999694824,0,22.199996948242188,22.199996948242188,51982.0,False,1,0,False,accurate,0,0,False,False,77,False,True,,,,,,,,,,,
7426,51982.0,51982.0,51994.10000228882,0,12.10000228881836,12.10000228881836,52010.0,False,1,0,False,accurate,1,1,False,False,73,False,True,,,,,,,,,,,
7428,51996.0,51996.0,52009.5,0,13.5,13.5,52024.0,False,1,0,False,accurate,1,1,False,False,71,False,True,,,,,,,,,,,
7433,52031.0,52031.0,52042.20000076294,0,11.200000762939453,11.200000762939453,52059.0,False,1,0,False,accurate,0,0,False,False,66,False,True,,,,,,,,,,,
7436,52052.0,52052.0,52063.30000305176,0,11.300003051757812,11.300003051757812,52080.0,False,1,0,False,accurate,0,0,False,False,63,False,True,,,,,,,,,,,
7442,52094.0,52094.0,52108.0,0,14.0,14.0,52122.0,False,1,0,False,accurate,1,1,False,False,57,False,True,,,,,,,,,,,
7443,52101.0,52108.0,52120.60000228882,0,12.60000228881836,19.60000228881836,52129.0,False,2,1,False,accurate,1,1,False,False,56,False,True,,,,,,,,,,,
7444,52108.0,52120.60000228882,52133.79999923706,0,13.199996948242188,25.799999237060547,52136.0,False,2,1,False,accurate,0,0,False,False,55,False,True,,,,,,,,,,,
7445,52115.0,52133.79999923706,52136.59999847412,0,2.799999237060547,21.599998474121094,52143.0,False,3,2,False,fast,0,0,False,False,54,False,True,,,,,,,,,,,
7446,52122.0,52136.59999847412,52139.40000152588,0,2.8000030517578125,17.400001525878906,52150.0,False,3,2,False,fast,0,0,False,False,53,False,True,,,,,,,,,,,
7447,52129.0,52139.40000152588,52151.5000038147,0,12.10000228881836,22.500003814697266,52157.0,False,4,3,False,accurate,0,0,False,False,52,False,True,,,,,,,,,,,
7448,52136.0,52151.5000038147,52154.20000457764,0,2.700000762939453,18.20000457763672,52164.0,False,4,3,False,fast,0,0,False,False,51,False,True,,,,,,,,,,,
7450,52150.0,52154.20000457764,52171.400005340576,0,17.200000762939453,21.400005340576172,52178.0,False,3,2,False,accurate,0,0,False,False,49,False,True,,,,,,,,,,,
7451,52157.0,52171.400005340576,52184.000007629395,0,12.60000228881836,27.00000762939453,52185.0,False,2,1,False,accurate,0,0,False,False,48,False,True,,,,,,,,,,,
7453,52171.0,52184.000007629395,52194.900005340576,0,10.89999771118164,23.900005340576172,52199.0,False,3,2,False,accurate,0,0,False,False,46,False,True,,,,,,,,,,,
7456,52192.0,52194.900005340576,52207.600006103516,0,12.700000762939453,15.600006103515625,52220.0,False,2,1,False,accurate,0,0,False,False,43,False,True,,,,,,,,,,,
7460,52220.0,52220.0,52232.70000076294,0,12.700000762939453,12.700000762939453,52248.0,False,1,0,False,accurate,0,0,False,False,39,False,True,,,,,,,,,,,
7461,52227.0,52232.70000076294,52247.10000228882,0,14.400001525878906,20.10000228881836,52255.0,False,2,1,False,accurate,0,0,False,False,38,False,True,,,,,,,,,,,
7462,52234.0,52247.10000228882,52259.30000305176,0,12.200000762939453,25.300003051757812,52262.0,False,2,1,False,accurate,0,0,False,False,37,False,True,,,,,,,,,,,
7463,52241.0,52259.30000305176,52262.20000457764,0,2.9000015258789062,21.20000457763672,52269.0,False,3,2,False,fast,0,0,False,False,36,False,True,,,,,,,,,,,
7464,52248.0,52262.20000457764,52265.0000038147,0,2.799999237060547,17.000003814697266,52276.0,False,3,2,False,fast,0,0,False,False,35,False,True,,,,,,,,,,,
7468,52276.0,52276.0,52290.20000457764,0,14.200004577636719,14.200004577636719,52304.0,False,1,0,False,accurate,0,0,False,False,31,False,True,,,,,,,,,,,
7470,52290.0,52290.20000457764,52304.300006866455,0,14.10000228881836,14.300006866455078,52318.0,False,2,1,False,accurate,0,0,False,False,29,False,True,,,,,,,,,,,
7474,52318.0,52318.0,52332.40000152588,0,14.400001525878906,14.400001525878906,52346.0,False,1,0,False,accurate,0,0,False,False,25,False,True,,,,,,,,,,,
7478,52346.0,52346.0,52368.19999694824,0,22.199996948242188,22.199996948242188,52374.0,False,1,0,False,accurate,1,1,False,False,21,False,True,,,,,,,,,,,
7480,52360.0,52368.19999694824,52379.9999961853,0,11.799999237060547,19.999996185302734,52388.0,False,2,1,False,accurate,0,0,False,False,19,False,True,,,,,,,,,,,
7482,52374.0,52379.9999961853,52393.9999961853,0,14.0,19.999996185302734,52402.0,False,2,1,False,accurate,0,0,False,False,17,False,True,,,,,,,,,,,
7484,52388.0,52393.9999961853,52405.89999771118,0,11.900001525878906,17.89999771118164,52416.0,False,2,1,False,accurate,1,1,False,False,15,False,True,,,,,,,,,,,
7489,52423.0,52423.0,52441.89999771118,0,18.89999771118164,18.89999771118164,52451.0,False,1,0,False,accurate,0,0,False,False,10,False,True,,,,,,,,,,,
7495,52465.0,52465.0,52480.39999771118,0,15.39999771118164,15.39999771118164,52493.0,False,1,0,False,accurate,1,1,False,False,4,False,True,,,,,,,,,,,
7496,52472.0,52480.39999771118,52495.4999961853,0,15.099998474121094,23.499996185302734,52500.0,False,2,1,False,accurate,0,0,False,False,3,False,True,,,,,,,,,,,
7497,52479.0,52495.4999961853,52498.199993133545,0,2.6999969482421875,19.199993133544922,52507.0,False,3,2,False,fast,0,0,False,False,2,True,True,,,,,,,,,,,
7498,52486.0,52498.199993133545,52508.49998855591,0,10.299995422363281,22.499988555908203,52514.0,False,3,2,False,accurate,0,0,False,False,1,True,True,,,,,,,,,,,
7499,52493.0,52508.49998855591,52511.09999084473,0,2.6000022888183594,18.099990844726562,52521.0,False,4,3,False,fast,0,0,False,True,0,True,True,,,,,,,,,,,
7500,52500.0,52511.09999084473,52526.799991607666,0,15.700000762939453,26.799991607666016,52528.0,False,3,2,False,accurate,1,1,False,False,99,False,True,,,,,,,,,,,
7506,52542.0,52542.0,52553.79999923706,0,11.799999237060547,11.799999237060547,52570.0,False,1,0,False,accurate,0,0,False,False,93,False,True,,,,,,,,,,,
7508,52556.0,52556.0,52568.29999923706,0,12.299999237060547,12.299999237060547,52584.0,False,1,0,False,accurate,0,0,False,False,91,False,True,,,,,,,,,,,
7509,52563.0,52568.29999923706,52580.20000076294,0,11.900001525878906,17.200000762939453,52591.0,False,2,1,False,accurate,0,0,False,False,90,False,True,,,,,,,,,,,
7511,52577.0,52580.20000076294,52591.40000152588,0,11.200000762939453,14.400001525878906,52605.0,False,2,1,False,accurate,0,0,False,False,88,False,True,,,,,,,,,,,
7512,52584.0,52591.40000152588,52604.5,0,13.099998474121094,20.5,52612.0,False,2,1,False,accurate,1,1,False,False,87,False,True,,,,,,,,,,,
7513,52591.0,52604.5,52607.40000152588,0,2.9000015258789062,16.400001525878906,52619.0,False,3,2,False,fast,0,1,True,False,86,False,True,,,,,,,,,,,
7518,52626.0,52626.0,52638.29999923706,0,12.299999237060547,12.299999237060547,52654.0,False,1,0,False,accurate,0,0,False,False,81,False,True,,,,,,,,,,,
7520,52640.0,52640.0,52664.989994812015,0,24.98999481201172,24.98999481201463,52668.0,False,1,0,False,accurate,1,1,False,False,79,False,True,,,,,,,,,,,
7521,52647.0,52664.989994812015,52668.207495710456,0,3.217500898440676,21.207495710455987,52675.0,False,2,1,False,fast,0,0,False,False,78,False,True,,,,,,,,,,,
7527,52689.0,52689.0,52692.19666578452,0,3.196665784517927,3.1966657845187,52717.0,False,1,0,False,fast,0,0,False,False,72,False,True,,,,,,,,,,,
7530,52710.0,52710.0,52727.745003048185,0,17.745003048181502,17.745003048185026,52738.0,False,1,0,False,accurate,0,0,False,False,69,False,True,,,,,,,,,,,
7532,52724.0,52727.745003048185,52742.59500304818,0,14.850000000000001,18.59500304818357,52752.0,False,2,1,False,accurate,0,0,False,False,67,False,True,,,,,,,,,,,
7534,52738.0,52742.59500304818,52760.420001966755,0,17.82499891857307,22.42000196675508,52766.0,False,2,1,False,accurate,0,0,False,False,65,False,True,,,,,,,,,,,
7535,52745.0,52760.420001966755,52763.4300011466,0,3.009999179840088,18.430001146596624,52773.0,False,2,1,False,fast,0,0,False,False,64,False,True,,,,,,,,,,,
7537,52759.0,52763.4300011466,52785.225420443516,0,21.795419296920283,26.22542044351576,52787.0,False,3,2,False,accurate,1,1,False,False,62,False,True,,,,,,,,,,,
7539,52773.0,52785.225420443516,52788.03791726192,0,2.812496818403406,15.037917261921393,52801.0,False,2,1,False,fast,0,0,False,False,60,False,True,,,,,,,,,,,
7542,52794.0,52794.0,52815.90750084343,0,21.907500843430558,21.90750084343017,52822.0,False,1,0,False,accurate,0,0,False,False,57,False,True,,,,,,,,,,,
7544,52808.0,52815.90750084343,52829.00749931755,0,13.099998474121094,21.007499317551265,52836.0,False,2,1,False,accurate,0,0,False,False,55,False,True,,,,,,,,,,,
7546,52822.0,52829.00749931755,52846.00749931755,0,17.0,24.007499317551265,52850.0,False,2,1,False,accurate,1,1,False,False,53,False,True,,,,,,,,,,,
7547,52829.0,52846.00749931755,52856.70750389519,0,10.700004577636719,27.707503895187983,52857.0,False,3,2,False,accurate,1,1,False,False,52,False,True,,,,,,,,,,,
7553,52871.0,52871.0,52884.20000457764,0,13.200004577636719,13.200004577636719,52899.0,False,1,0,False,accurate,0,0,False,False,46,False,True,,,,,,,,,,,
7558,52906.0,52906.0,52917.60000228882,0,11.60000228881836,11.60000228881836,52934.0,False,1,0,False,accurate,0,0,False,False,41,False,True,,,,,,,,,,,
7560,52920.0,52920.0,52938.20000076294,0,18.200000762939453,18.200000762939453,52948.0,False,1,0,False,accurate,0,0,False,False,39,False,True,,,,,,,,,,,
7568,52976.0,52976.0,52992.20000076294,0,16.200000762939453,16.200000762939453,53004.0,False,1,0,False,accurate,1,1,False,False,31,False,True,,,,,,,,,,,
7572,53004.0,53004.0,53019.70000457764,0,15.700004577636719,15.700004577636719,53032.0,False,1,0,False,accurate,0,0,False,False,27,False,True,,,,,,,,,,,
7574,53018.0,53019.70000457764,53032.70000457764,0,13.0,14.700004577636719,53046.0,False,2,1,False,accurate,1,1,False,False,25,False,True,,,,,,,,,,,
7575,53025.0,53032.70000457764,53046.100006103516,0,13.400001525878906,21.100006103515625,53053.0,False,2,1,False,accurate,0,0,False,False,24,False,True,,,,,,,,,,,
7578,53046.0,53046.100006103516,53057.900005340576,0,11.799999237060547,11.900005340576172,53074.0,False,2,1,False,accurate,0,0,False,False,21,False,True,,,,,,,,,,,
7580,53060.0,53060.0,53073.59999847412,0,13.599998474121094,13.599998474121094,53088.0,False,1,0,False,accurate,1,1,False,False,19,False,True,,,,,,,,,,,
7581,53067.0,53073.59999847412,53086.29999542236,0,12.699996948242188,19.29999542236328,53095.0,False,2,1,False,accurate,1,1,False,False,18,False,True,,,,,,,,,,,
7584,53088.0,53088.0,53102.5,0,14.5,14.5,53116.0,False,1,0,False,accurate,0,0,False,False,15,False,True,,,,,,,,,,,
7585,53095.0,53102.5,53105.29999923706,0,2.799999237060547,10.299999237060547,53123.0,False,2,1,False,fast,0,0,False,False,14,False,True,,,,,,,,,,,
7590,53130.0,53130.0,53143.59999847412,0,13.599998474121094,13.599998474121094,53158.0,False,1,0,False,accurate,1,1,False,False,9,False,True,,,,,,,,,,,
7592,53144.0,53144.0,53160.79999923706,0,16.799999237060547,16.799999237060547,53172.0,False,1,0,False,accurate,0,0,False,False,7,False,True,,,,,,,,,,,
7594,53158.0,53160.79999923706,53174.29999923706,0,13.5,16.299999237060547,53186.0,False,2,1,False,accurate,0,0,False,False,5,False,True,,,,,,,,,,,
7601,53207.0,53207.0,53220.69999694824,0,13.699996948242188,13.699996948242188,53235.0,False,1,0,False,accurate,1,1,False,False,98,False,True,,,,,,,,,,,
7602,53214.0,53220.69999694824,53232.40000152588,0,11.700004577636719,18.400001525878906,53242.0,False,2,1,False,accurate,0,0,False,False,97,False,True,,,,,,,,,,,
7603,53221.0,53232.40000152588,53246.30000305176,0,13.900001525878906,25.300003051757812,53249.0,False,2,1,False,accurate,1,1,False,False,96,False,True,,,,,,,,,,,
7604,53228.0,53246.30000305176,53249.0,0,2.6999969482421875,21.0,53256.0,False,3,2,False,fast,0,1,True,False,95,False,True,,,,,,,,,,,
7607,53249.0,53249.0,53262.4999961853,0,13.499996185302734,13.499996185302734,53277.0,False,1,0,False,accurate,0,0,False,False,92,False,True,,,,,,,,,,,
7610,53270.0,53270.0,53289.30000305176,0,19.300003051757812,19.300003051757812,53298.0,False,1,0,False,accurate,1,1,False,False,89,False,True,,,,,,,,,,,
7612,53284.0,53289.30000305176,53302.60000228882,0,13.299999237060547,18.60000228881836,53312.0,False,2,1,False,accurate,1,1,False,False,87,False,True,,,,,,,,,,,
7613,53291.0,53302.60000228882,53305.29999923706,0,2.6999969482421875,14.299999237060547,53319.0,False,2,1,False,fast,0,1,True,False,86,False,True,,,,,,,,,,,
7617,53319.0,53319.0,53331.20000076294,0,12.200000762939453,12.200000762939453,53347.0,False,1,0,False,accurate,1,1,False,False,82,False,True,,,,,,,,,,,
7618,53326.0,53331.20000076294,53345.29999923706,0,14.099998474121094,19.299999237060547,53354.0,False,2,1,False,accurate,0,0,False,False,81,False,True,,,,,,,,,,,
7619,53333.0,53345.29999923706,53348.0000038147,0,2.7000045776367188,15.000003814697266,53361.0,False,2,1,False,fast,0,0,False,False,80,False,True,,,,,,,,,,,
7620,53340.0,53348.0000038147,53361.60000228882,0,13.599998474121094,21.60000228881836,53368.0,False,3,2,False,accurate,0,0,False,False,79,False,True,,,,,,,,,,,
7623,53361.0,53361.60000228882,53376.90000152588,0,15.299999237060547,15.900001525878906,53389.0,False,2,1,False,accurate,0,0,False,False,76,False,True,,,,,,,,,,,
7624,53368.0,53376.90000152588,53389.10000228882,0,12.200000762939453,21.10000228881836,53396.0,False,2,1,False,accurate,0,0,False,False,75,False,True,,,,,,,,,,,
7625,53375.0,53389.10000228882,53391.79999923706,0,2.6999969482421875,16.799999237060547,53403.0,False,3,2,False,fast,0,0,False,False,74,False,True,,,,,,,,,,,
7632,53424.0,53424.0,53439.60000228882,0,15.60000228881836,15.60000228881836,53452.0,False,1,0,False,accurate,0,0,False,False,67,False,True,,,,,,,,,,,
7633,53431.0,53439.60000228882,53454.59999847412,0,14.999996185302734,23.599998474121094,53459.0,False,2,1,False,accurate,1,1,False,False,66,False,True,,,,,,,,,,,
7634,53438.0,53454.59999847412,53457.29999542236,0,2.6999969482421875,19.29999542236328,53466.0,False,3,2,False,fast,0,1,True,False,65,False,True,,,,,,,,,,,
7636,53452.0,53457.29999542236,53468.199993133545,0,10.89999771118164,16.199993133544922,53480.0,False,3,2,False,accurate,0,0,False,False,63,False,True,,,,,,,,,,,
7638,53466.0,53468.199993133545,53483.799991607666,0,15.599998474121094,17.799991607666016,53494.0,False,2,1,False,accurate,0,0,False,False,61,False,True,,,,,,,,,,,
7639,53473.0,53483.799991607666,53486.499992370605,0,2.700000762939453,13.499992370605469,53501.0,False,2,1,False,fast,0,0,False,False,60,False,True,,,,,,,,,,,
7640,53480.0,53486.499992370605,53499.59999084473,0,13.099998474121094,19.599990844726562,53508.0,False,3,2,False,accurate,0,0,False,False,59,False,True,,,,,,,,,,,
7647,53529.0,53529.0,53549.5000038147,0,20.500003814697266,20.500003814697266,53557.0,False,1,0,False,accurate,1,1,False,False,52,False,True,,,,,,,,,,,
7649,53543.0,53549.5000038147,53552.20000076294,0,2.6999969482421875,9.200000762939453,53571.0,False,2,1,False,fast,0,0,False,False,50,False,True,,,,,,,,,,,
7655,53585.0,53585.0,53596.20000457764,0,11.200004577636719,11.200004577636719,53613.0,False,1,0,False,accurate,0,0,False,False,44,False,True,,,,,,,,,,,
7658,53606.0,53606.0,53623.39999771118,0,17.39999771118164,17.39999771118164,53634.0,False,1,0,False,accurate,0,0,False,False,41,False,True,,,,,,,,,,,
7659,53613.0,53623.39999771118,53637.29999923706,0,13.900001525878906,24.299999237060547,53641.0,False,2,1,False,accurate,1,1,False,False,40,False,True,,,,,,,,,,,
7660,53620.0,53637.29999923706,53640.20000076294,0,2.9000015258789062,20.200000762939453,53648.0,False,3,2,False,fast,0,0,False,False,39,False,True,,,,,,,,,,,
7664,53648.0,53648.0,53662.10000228882,0,14.10000228881836,14.10000228881836,53676.0,False,1,0,False,accurate,0,0,False,False,35,False,True,,,,,,,,,,,
7665,53655.0,53662.10000228882,53675.70000076294,0,13.599998474121094,20.700000762939453,53683.0,False,2,1,False,accurate,0,0,False,False,34,False,True,,,,,,,,,,,
7667,53669.0,53675.70000076294,53689.0,0,13.299999237060547,20.0,53697.0,False,2,1,False,accurate,1,1,False,False,32,False,True,,,,,,,,,,,
7670,53690.0,53690.0,53705.10000228882,0,15.10000228881836,15.10000228881836,53718.0,False,1,0,False,accurate,0,0,False,False,29,False,True,,,,,,,,,,,
7674,53718.0,53718.0,53733.0,0,15.0,15.0,53746.0,False,1,0,False,accurate,1,1,False,False,25,False,True,,,,,,,,,,,
7676,53732.0,53733.0,53747.70000076294,0,14.700000762939453,15.700000762939453,53760.0,False,2,1,False,accurate,0,0,False,False,23,False,True,,,,,,,,,,,
7678,53746.0,53747.70000076294,53762.20000076294,0,14.5,16.200000762939453,53774.0,False,2,1,False,accurate,0,0,False,False,21,False,True,,,,,,,,,,,
7679,53753.0,53762.20000076294,53775.69999694824,0,13.499996185302734,22.699996948242188,53781.0,False,2,1,False,accurate,0,0,False,False,20,False,True,,,,,,,,,,,
7680,53760.0,53775.69999694824,53778.93999786377,0,3.2400009155273435,18.93999786376662,53788.0,False,3,2,False,fast,0,0,False,False,19,False,True,,,,,,,,,,,
7682,53774.0,53778.93999786377,53782.25333481947,0,3.3133369557062906,8.253334819470183,53802.0,False,3,2,False,fast,0,1,True,False,17,False,True,,,,,,,,,,,
7684,53788.0,53788.0,53806.05000225743,0,18.05000225742656,18.050002257426968,53816.0,False,1,0,False,accurate,0,0,False,False,15,False,True,,,,,,,,,,,
7689,53823.0,53823.0,53846.14374780655,0,23.143747806549072,23.143747806549072,53851.0,False,1,0,False,accurate,1,1,False,False,10,False,True,,,,,,,,,,,
7692,53844.0,53846.14374780655,53865.583749866484,0,19.440002059936525,21.58374986648414,53872.0,False,2,1,False,accurate,1,1,False,False,7,False,True,,,,,,,,,,,
7694,53858.0,53865.583749866484,53883.279584090014,0,17.6958342235287,25.279584090014396,53886.0,False,2,1,False,accurate,1,1,False,False,5,False,True,,,,,,,,,,,
7701,53907.0,53907.0,53920.3762491703,0,13.376249170303344,13.37624917030189,53935.0,False,1,0,False,accurate,1,1,False,False,98,False,True,,,,,,,,,,,
7703,53921.0,53921.0,53937.363751584206,0,16.363751584204536,16.363751584205602,53949.0,False,1,0,False,accurate,1,1,False,False,96,False,True,,,,,,,,,,,
7704,53928.0,53937.363751584206,53949.763753110085,0,12.400001525878906,21.763753110084508,53956.0,False,2,1,False,accurate,0,0,False,False,95,False,True,,,,,,,,,,,
7705,53935.0,53949.763753110085,53952.46375768772,0,2.7000045776367188,17.463757687721227,53963.0,False,3,2,False,fast,0,0,False,False,94,False,True,,,,,,,,,,,
7707,53949.0,53952.46375768772,53967.3637592136,0,14.900001525878906,18.363759213600133,53977.0,False,3,2,False,accurate,0,0,False,False,92,False,True,,,,,,,,,,,
7710,53970.0,53970.0,53983.80000305176,0,13.800003051757812,13.800003051757812,53998.0,False,1,0,False,accurate,1,1,False,False,89,False,True,,,,,,,,,,,
7711,53977.0,53983.80000305176,53996.0,0,12.199996948242188,19.0,54005.0,False,2,1,False,accurate,0,0,False,False,88,False,True,,,,,,,,,,,
7712,53984.0,53996.0,54011.09999847412,0,15.099998474121094,27.099998474121094,54012.0,False,2,1,False,accurate,0,0,False,False,87,False,True,,,,,,,,,,,
7713,53991.0,54011.09999847412,54013.89999771118,0,2.799999237060547,22.89999771118164,54019.0,False,3,2,False,fast,0,0,False,False,86,False,True,,,,,,,,,,,
7715,54005.0,54013.89999771118,54028.5,0,14.60000228881836,23.5,54033.0,False,3,2,False,accurate,1,1,False,False,84,False,True,,,,,,,,,,,
7716,54012.0,54028.5,54031.30000305176,0,2.8000030517578125,19.300003051757812,54040.0,False,3,2,False,fast,0,0,False,False,83,False,True,,,,,,,,,,,
7722,54054.0,54054.0,54070.09999847412,0,16.099998474121094,16.099998474121094,54082.0,False,1,0,False,accurate,0,0,False,False,77,False,True,,,,,,,,,,,
7725,54075.0,54075.0,54088.5000038147,0,13.500003814697266,13.500003814697266,54103.0,False,1,0,False,accurate,0,0,False,False,74,False,True,,,,,,,,,,,
7727,54089.0,54089.0,54108.29999923706,0,19.299999237060547,19.299999237060547,54117.0,False,1,0,False,accurate,0,0,False,False,72,False,True,,,,,,,,,,,
7728,54096.0,54108.29999923706,54111.09999847412,0,2.799999237060547,15.099998474121094,54124.0,False,2,1,False,fast,0,0,False,False,71,False,True,,,,,,,,,,,
7730,54110.0,54111.09999847412,54125.0,0,13.900001525878906,15.0,54138.0,False,2,1,False,accurate,0,0,False,False,69,False,True,,,,,,,,,,,
7734,54138.0,54138.0,54154.5,0,16.5,16.5,54166.0,False,1,0,False,accurate,0,0,False,False,65,False,True,,,,,,,,,,,
7735,54145.0,54154.5,54168.30000305176,0,13.800003051757812,23.300003051757812,54173.0,False,2,1,False,accurate,1,1,False,False,64,False,True,,,,,,,,,,,
7737,54159.0,54168.30000305176,54184.5000038147,0,16.200000762939453,25.500003814697266,54187.0,False,2,1,False,accurate,0,0,False,False,62,False,True,,,,,,,,,,,
7739,54173.0,54184.5000038147,54199.200008392334,0,14.700004577636719,26.200008392333984,54201.0,False,2,1,False,accurate,0,0,False,False,60,False,True,,,,,,,,,,,
7742,54194.0,54199.200008392334,54211.40000915527,0,12.200000762939453,17.400009155273438,54222.0,False,2,1,False,accurate,0,0,False,False,57,False,True,,,,,,,,,,,
7743,54201.0,54211.40000915527,54222.10000991821,0,10.700000762939453,21.10000991821289,54229.0,False,2,1,False,accurate,0,0,False,False,56,False,True,,,,,,,,,,,
7744,54208.0,54222.10000991821,54235.000007629395,0,12.89999771118164,27.00000762939453,54236.0,False,3,2,False,accurate,0,0,False,False,55,False,True,,,,,,,,,,,
7745,54215.0,54235.000007629395,54237.700008392334,0,2.700000762939453,22.700008392333984,54243.0,False,3,2,False,fast,0,0,False,False,54,False,True,,,,,,,,,,,
7747,54229.0,54237.700008392334,54250.300006866455,0,12.599998474121094,21.300006866455078,54257.0,False,3,2,False,accurate,0,0,False,False,52,False,True,,,,,,,,,,,
7749,54243.0,54250.300006866455,54262.200008392334,0,11.900001525878906,19.200008392333984,54271.0,False,2,1,False,accurate,1,1,False,False,50,False,True,,,,,,,,,,,
7753,54271.0,54271.0,54283.0000038147,0,12.000003814697266,12.000003814697266,54299.0,False,1,0,False,accurate,1,1,False,False,46,False,True,,,,,,,,,,,
7755,54285.0,54285.0,54297.20000457764,0,12.200004577636719,12.200004577636719,54313.0,False,1,0,False,accurate,0,0,False,False,44,False,True,,,,,,,,,,,
7756,54292.0,54297.20000457764,54309.100006103516,0,11.900001525878906,17.100006103515625,54320.0,False,2,1,False,accurate,1,1,False,False,43,False,True,,,,,,,,,,,
7757,54299.0,54309.100006103516,54322.100006103516,0,13.0,23.100006103515625,54327.0,False,2,1,False,accurate,1,1,False,False,42,False,True,,,,,,,,,,,
7758,54306.0,54322.100006103516,54324.80001068115,0,2.7000045776367188,18.800010681152344,54334.0,False,3,2,False,fast,0,0,False,False,41,False,True,,,,,,,,,,,
7759,54313.0,54324.80001068115,54339.20001220703,0,14.400001525878906,26.20001220703125,54341.0,False,3,2,False,accurate,1,1,False,False,40,False,True,,,,,,,,,,,
7760,54320.0,54339.20001220703,54341.90000915527,0,2.6999969482421875,21.900009155273438,54348.0,False,4,3,False,fast,0,0,False,False,39,False,True,,,,,,,,,,,
7764,54348.0,54348.0,54359.79999923706,0,11.799999237060547,11.799999237060547,54376.0,False,1,0,False,accurate,0,0,False,False,35,False,True,,,,,,,,,,,
7766,54362.0,54362.0,54374.90000152588,0,12.900001525878906,12.900001525878906,54390.0,False,1,0,False,accurate,0,0,False,False,33,False,True,,,,,,,,,,,
7767,54369.0,54374.90000152588,54388.70000076294,0,13.799999237060547,19.700000762939453,54397.0,False,2,1,False,accurate,0,0,False,False,32,False,True,,,,,,,,,,,
7777,54439.0,54439.0,54452.599994659424,0,13.599994659423828,13.599994659423828,54467.0,False,1,0,False,accurate,1,1,False,False,22,False,True,,,,,,,,,,,
7780,54460.0,54460.0,54473.40000152588,0,13.400001525878906,13.400001525878906,54488.0,False,1,0,False,accurate,1,1,False,False,19,False,True,,,,,,,,,,,
7783,54481.0,54481.0,54498.09999847412,0,17.099998474121094,17.099998474121094,54509.0,False,1,0,False,accurate,1,1,False,False,16,False,True,,,,,,,,,,,
7784,54488.0,54498.09999847412,54511.30000305176,0,13.200004577636719,23.300003051757812,54516.0,False,2,1,False,accurate,0,0,False,False,15,False,True,,,,,,,,,,,
7786,54502.0,54511.30000305176,54529.80000305176,0,18.5,27.800003051757812,54530.0,False,2,1,False,accurate,0,0,False,False,13,False,True,,,,,,,,,,,
7792,54544.0,54544.0,54556.79999923706,0,12.799999237060547,12.799999237060547,54572.0,False,1,0,False,accurate,0,0,False,False,7,False,True,,,,,,,,,,,
7795,54565.0,54565.0,54581.29999923706,0,16.299999237060547,16.299999237060547,54593.0,False,1,0,False,accurate,1,1,False,False,4,False,True,,,,,,,,,,,
7797,54579.0,54581.29999923706,54593.40000152588,0,12.10000228881836,14.400001525878906,54607.0,False,2,1,False,accurate,0,0,False,False,2,True,True,,,,,,,,,,,
7800,54600.0,54600.0,54612.20000457764,0,12.200004577636719,12.200004577636719,54628.0,False,1,0,False,accurate,0,0,False,False,99,False,True,,,,,,,,,,,
7801,54607.0,54612.20000457764,54627.20000457764,0,15.0,20.20000457763672,54635.0,False,2,1,False,accurate,0,0,False,False,98,False,True,,,,,,,,,,,
7802,54614.0,54627.20000457764,54641.100006103516,0,13.900001525878906,27.100006103515625,54642.0,False,2,1,False,accurate,0,0,False,False,97,False,True,,,,,,,,,,,
7804,54628.0,54641.100006103516,54653.00001144409,0,11.900005340576172,25.000011444091797,54656.0,False,2,1,False,accurate,0,0,False,False,95,False,True,,,,,,,,,,,
7805,54635.0,54653.00001144409,54655.80001068115,0,2.799999237060547,20.800010681152344,54663.0,False,3,2,False,fast,0,0,False,False,94,False,True,,,,,,,,,,,
7806,54642.0,54655.80001068115,54658.60000991821,0,2.799999237060547,16.60000991821289,54670.0,False,3,2,False,fast,0,0,False,False,93,False,True,,,,,,,,,,,
7812,54684.0,54684.0,54695.59999847412,0,11.599998474121094,11.599998474121094,54712.0,False,1,0,False,accurate,0,0,False,False,87,False,True,,,,,,,,,,,
7816,54712.0,54712.0,54727.5,0,15.5,15.5,54740.0,False,1,0,False,accurate,1,1,False,False,83,False,True,,,,,,,,,,,
7818,54726.0,54727.5,54742.19999694824,0,14.699996948242188,16.199996948242188,54754.0,False,2,1,False,accurate,0,0,False,False,81,False,True,,,,,,,,,,,
7820,54740.0,54742.19999694824,54758.9999961853,0,16.799999237060547,18.999996185302734,54768.0,False,2,1,False,accurate,0,0,False,False,79,False,True,,,,,,,,,,,
7824,54768.0,54768.0,54781.5,0,13.5,13.5,54796.0,False,1,0,False,accurate,1,1,False,False,75,False,True,,,,,,,,,,,
7827,54789.0,54789.0,54791.80000305176,0,2.8000030517578125,2.8000030517578125,54817.0,False,1,0,False,fast,0,1,True,False,72,False,True,,,,,,,,,,,
7830,54810.0,54810.0,54824.40000152588,0,14.400001525878906,14.400001525878906,54838.0,False,1,0,False,accurate,1,1,False,False,69,False,True,,,,,,,,,,,
7834,54838.0,54838.0,54852.40000152588,0,14.400001525878906,14.400001525878906,54866.0,False,1,0,False,accurate,0,0,False,False,65,False,True,,,,,,,,,,,
7835,54845.0,54852.40000152588,54865.40000152588,0,13.0,20.400001525878906,54873.0,False,2,1,False,accurate,0,0,False,False,64,False,True,,,,,,,,,,,
7842,54894.0,54894.0,54920.92332980395,0,26.923329803943602,26.923329803947126,54922.0,False,1,0,False,accurate,1,1,False,False,57,False,True,,,,,,,,,,,
7847,54929.0,54929.0,54948.29625210305,0,19.296252103050527,19.296252103049483,54957.0,False,1,0,False,accurate,0,0,False,False,52,False,True,,,,,,,,,,,
7850,54950.0,54950.0,54971.12499441902,0,21.12499441901848,21.124994419020368,54978.0,False,1,0,False,accurate,0,0,False,False,49,False,True,,,,,,,,,,,
7856,54992.0,54992.0,55008.896667702895,0,16.896667702893424,16.896667702894774,55020.0,False,1,0,False,accurate,0,0,False,False,43,False,True,,,,,,,,,,,
7861,55027.0,55027.0,55043.20375165939,0,16.20375165939331,16.203751659391855,55055.0,False,1,0,False,accurate,0,0,False,False,38,False,True,,,,,,,,,,,
7862,55034.0,55043.20375165939,55058.020418350396,0,14.816666691005228,24.02041835039563,55062.0,False,2,1,False,accurate,0,0,False,False,37,False,True,,,,,,,,,,,
7864,55048.0,55058.020418350396,55072.92041606158,0,14.89999771118164,24.92041606157727,55076.0,False,2,1,False,accurate,0,0,False,False,35,False,True,,,,,,,,,,,
7865,55055.0,55072.92041606158,55075.82041377276,0,2.8999977111816406,20.82041377275891,55083.0,False,3,2,False,fast,0,0,False,False,34,False,True,,,,,,,,,,,
7868,55076.0,55076.0,55091.5,0,15.5,15.5,55104.0,False,1,0,False,accurate,1,1,False,False,31,False,True,,,,,,,,,,,
7869,55083.0,55091.5,55103.40000152588,0,11.900001525878906,20.400001525878906,55111.0,False,2,1,False,accurate,0,0,False,False,30,False,True,,,,,,,,,,,
7872,55104.0,55104.0,55116.10000228882,0,12.10000228881836,12.10000228881836,55132.0,False,1,0,False,accurate,0,0,False,False,27,False,True,,,,,,,,,,,
7873,55111.0,55116.10000228882,55130.600006103516,0,14.500003814697266,19.600006103515625,55139.0,False,2,1,False,accurate,1,1,False,False,26,False,True,,,,,,,,,,,
7874,55118.0,55130.600006103516,55144.60000991821,0,14.000003814697266,26.60000991821289,55146.0,False,2,1,False,accurate,0,0,False,False,25,False,True,,,,,,,,,,,
7875,55125.0,55144.60000991821,55147.40000915527,0,2.799999237060547,22.400009155273438,55153.0,False,3,2,False,fast,0,1,True,False,24,False,True,,,,,,,,,,,
7876,55132.0,55147.40000915527,55150.200008392334,0,2.799999237060547,18.200008392333984,55160.0,False,3,2,False,fast,0,1,True,False,23,False,True,,,,,,,,,,,
7880,55160.0,55160.0,55162.79999923706,0,2.799999237060547,2.799999237060547,55188.0,False,1,0,False,fast,0,0,False,False,19,False,True,,,,,,,,,,,
7881,55167.0,55167.0,55183.09999847412,0,16.099998474121094,16.099998474121094,55195.0,False,1,0,False,accurate,0,0,False,False,18,False,True,,,,,,,,,,,
7886,55202.0,55202.0,55222.10000228882,0,20.10000228881836,20.10000228881836,55230.0,False,1,0,False,accurate,0,0,False,False,13,False,True,,,,,,,,,,,
7888,55216.0,55222.10000228882,55224.900005340576,0,2.8000030517578125,8.900005340576172,55244.0,False,2,1,False,fast,0,0,False,False,11,False,True,,,,,,,,,,,
7891,55237.0,55237.0,55248.69999694824,0,11.699996948242188,11.699996948242188,55265.0,False,1,0,False,accurate,0,0,False,False,8,False,True,,,,,,,,,,,
7893,55251.0,55251.0,55264.70000076294,0,13.700000762939453,13.700000762939453,55279.0,False,1,0,False,accurate,0,0,False,False,6,False,True,,,,,,,,,,,
7902,55314.0,55314.0,55337.20000457764,0,23.20000457763672,23.20000457763672,55342.0,False,1,0,False,accurate,1,1,False,False,97,False,True,,,,,,,,,,,
7905,55335.0,55337.20000457764,55351.600006103516,0,14.400001525878906,16.600006103515625,55363.0,False,2,1,False,accurate,0,0,False,False,94,False,True,,,,,,,,,,,
7906,55342.0,55351.600006103516,55369.900005340576,0,18.299999237060547,27.900005340576172,55370.0,False,2,1,False,accurate,0,0,False,False,93,False,True,,,,,,,,,,,
7907,55349.0,55369.900005340576,55372.80000305176,0,2.8999977111816406,23.800003051757812,55377.0,False,3,2,False,fast,0,1,True,False,92,False,True,,,,,,,,,,,
7911,55377.0,55377.0,55390.79999923706,0,13.799999237060547,13.799999237060547,55405.0,False,1,0,False,accurate,1,1,False,False,88,False,True,,,,,,,,,,,
7912,55384.0,55390.79999923706,55402.19999694824,0,11.39999771118164,18.199996948242188,55412.0,False,2,1,False,accurate,0,0,False,False,87,False,True,,,,,,,,,,,
7913,55391.0,55402.19999694824,55413.29999923706,0,11.10000228881836,22.299999237060547,55419.0,False,2,1,False,accurate,0,0,False,False,86,False,True,,,,,,,,,,,
7914,55398.0,55413.29999923706,55424.90000152588,0,11.60000228881836,26.900001525878906,55426.0,False,3,2,False,accurate,0,0,False,False,85,False,True,,,,,,,,,,,
7917,55419.0,55424.90000152588,55438.5000038147,0,13.60000228881836,19.500003814697266,55447.0,False,2,1,False,accurate,1,1,False,False,82,False,True,,,,,,,,,,,
7925,55475.0,55475.0,55486.5,0,11.5,11.5,55503.0,False,1,0,False,accurate,0,0,False,False,74,False,True,,,,,,,,,,,
7929,55503.0,55503.0,55517.59999847412,0,14.599998474121094,14.599998474121094,55531.0,False,1,0,False,accurate,1,1,False,False,70,False,True,,,,,,,,,,,
7931,55517.0,55517.59999847412,55531.89999771118,0,14.299999237060547,14.89999771118164,55545.0,False,2,1,False,accurate,0,0,False,False,68,False,True,,,,,,,,,,,
7935,55545.0,55545.0,55558.19999694824,0,13.199996948242188,13.199996948242188,55573.0,False,1,0,False,accurate,0,0,False,False,64,False,True,,,,,,,,,,,
7939,55573.0,55573.0,55586.5,0,13.5,13.5,55601.0,False,1,0,False,accurate,1,1,False,False,60,False,True,,,,,,,,,,,
7940,55580.0,55586.5,55601.0000038147,0,14.500003814697266,21.000003814697266,55608.0,False,2,1,False,accurate,0,0,False,False,59,False,True,,,,,,,,,,,
7943,55601.0,55601.0000038147,55613.40000152588,0,12.39999771118164,12.400001525878906,55629.0,False,2,1,False,accurate,0,0,False,False,56,False,True,,,,,,,,,,,
7944,55608.0,55613.40000152588,55632.0000038147,0,18.60000228881836,24.000003814697266,55636.0,False,2,1,False,accurate,0,0,False,False,55,False,True,,,,,,,,,,,
7945,55615.0,55632.0000038147,55634.80000305176,0,2.799999237060547,19.800003051757812,55643.0,False,2,1,False,fast,0,0,False,False,54,False,True,,,,,,,,,,,
7947,55629.0,55634.80000305176,55648.800006866455,0,14.000003814697266,19.800006866455078,55657.0,False,3,2,False,accurate,0,0,False,False,52,False,True,,,,,,,,,,,
7948,55636.0,55648.800006866455,55663.600006103516,0,14.799999237060547,27.600006103515625,55664.0,False,2,1,False,accurate,0,0,False,False,51,False,True,,,,,,,,,,,
7950,55650.0,55663.600006103516,55677.000007629395,0,13.400001525878906,27.00000762939453,55678.0,False,2,1,False,accurate,0,0,False,False,49,False,True,,,,,,,,,,,
7953,55671.0,55677.000007629395,55691.30001068115,0,14.300003051757812,20.300010681152344,55699.0,False,2,1,False,accurate,0,0,False,False,46,False,True,,,,,,,,,,,
7957,55699.0,55699.0,55713.29999923706,0,14.299999237060547,14.299999237060547,55727.0,False,1,0,False,accurate,1,1,False,False,42,False,True,,,,,,,,,,,
7959,55713.0,55713.29999923706,55728.59999847412,0,15.299999237060547,15.599998474121094,55741.0,False,2,1,False,accurate,0,0,False,False,40,False,True,,,,,,,,,,,
7964,55748.0,55748.0,55761.79999923706,0,13.799999237060547,13.799999237060547,55776.0,False,1,0,False,accurate,0,0,False,False,35,False,True,,,,,,,,,,,
7967,55769.0,55769.0,55780.5,0,11.5,11.5,55797.0,False,1,0,False,accurate,0,0,False,False,32,False,True,,,,,,,,,,,
7969,55783.0,55783.0,55794.79999923706,0,11.799999237060547,11.799999237060547,55811.0,False,1,0,False,accurate,0,0,False,False,30,False,True,,,,,,,,,,,
7970,55790.0,55794.79999923706,55807.0,0,12.200000762939453,17.0,55818.0,False,2,1,False,accurate,0,0,False,False,29,False,True,,,,,,,,,,,
7971,55797.0,55807.0,55818.29999923706,0,11.299999237060547,21.299999237060547,55825.0,False,2,1,False,accurate,0,0,False,False,28,False,True,,,,,,,,,,,
7973,55811.0,55818.29999923706,55831.09999847412,0,12.799999237060547,20.099998474121094,55839.0,False,2,1,False,accurate,0,0,False,False,26,False,True,,,,,,,,,,,
7975,55825.0,55831.09999847412,55847.89999771118,0,16.799999237060547,22.89999771118164,55853.0,False,2,1,False,accurate,1,1,False,False,24,False,True,,,,,,,,,,,
7978,55846.0,55847.89999771118,55864.89999771118,0,17.0,18.89999771118164,55874.0,False,2,1,False,accurate,0,0,False,False,21,False,True,,,,,,,,,,,
7981,55867.0,55867.0,55880.39999771118,0,13.39999771118164,13.39999771118164,55895.0,False,1,0,False,accurate,0,0,False,False,18,False,True,,,,,,,,,,,
7982,55874.0,55880.39999771118,55892.899993896484,0,12.499996185302734,18.899993896484375,55902.0,False,2,1,False,accurate,0,0,False,False,17,False,True,,,,,,,,,,,
7984,55888.0,55892.899993896484,55912.099994659424,0,19.200000762939453,24.099994659423828,55916.0,False,2,1,False,accurate,0,0,False,False,15,False,True,,,,,,,,,,,
7986,55902.0,55912.099994659424,55925.199993133545,0,13.099998474121094,23.199993133544922,55930.0,False,2,1,False,accurate,0,0,False,False,13,False,True,,,,,,,,,,,
7988,55916.0,55925.199993133545,55936.699993133545,0,11.5,20.699993133544922,55944.0,False,2,1,False,accurate,0,0,False,False,11,False,True,,,,,,,,,,,
7989,55923.0,55936.699993133545,55939.399993896484,0,2.700000762939453,16.399993896484375,55951.0,False,3,2,False,fast,0,0,False,False,10,False,True,,,,,,,,,,,
7991,55937.0,55939.399993896484,55950.399993896484,0,11.0,13.399993896484375,55965.0,False,2,1,False,accurate,0,0,False,False,8,False,True,,,,,,,,,,,
7992,55944.0,55950.399993896484,55962.59999084473,0,12.199996948242188,18.599990844726562,55972.0,False,2,1,False,accurate,1,1,False,False,7,False,True,,,,,,,,,,,
7994,55958.0,55962.59999084473,55974.89999008179,0,12.299999237060547,16.89999008178711,55986.0,False,2,1,False,accurate,1,1,False,False,5,False,True,,,,,,,,,,,
7997,55979.0,55979.0,55991.29999923706,0,12.299999237060547,12.299999237060547,56007.0,False,1,0,False,accurate,0,0,False,False,2,True,True,,,,,,,,,,,
8000,56000.0,56000.0,56024.309998703,0,24.30999870300293,24.30999870300002,56028.0,False,1,0,False,accurate,0,0,False,False,99,False,True,,,,,,,,,,,
8003,56021.0,56024.309998703,56027.48249959946,0,3.1725008964538577,6.482499599456787,56049.0,False,2,1,False,fast,0,0,False,False,96,False,True,,,,,,,,,,,
8004,56028.0,56028.0,56049.69166768412,0,21.691667684117945,21.691667684121057,56056.0,False,1,0,False,accurate,0,0,False,False,95,False,True,,,,,,,,,,,
8007,56049.0,56049.69166768412,56066.5945830524,0,16.90291536827883,17.594583052399685,56077.0,False,2,1,False,accurate,0,0,False,False,92,False,True,,,,,,,,,,,
8008,56056.0,56066.5945830524,56069.7679155322,0,3.173332479794817,13.767915532196639,56084.0,False,2,1,False,fast,0,1,True,False,91,False,True,,,,,,,,,,,
8011,56077.0,56077.0,56096.03249913971,0,19.032499139706285,19.032499139706488,56105.0,False,1,0,False,accurate,1,1,False,False,88,False,True,,,,,,,,,,,
8013,56091.0,56096.03249913971,56111.88249922315,0,15.850000083446503,20.88249922315299,56119.0,False,2,1,False,accurate,0,0,False,False,86,False,True,,,,,,,,,,,
8014,56098.0,56111.88249922315,56114.91583172441,0,3.033332501252494,16.915831724407326,56126.0,False,2,1,False,fast,0,0,False,False,85,False,True,,,,,,,,,,,
8019,56133.0,56133.0,56148.1249964573,0,15.124996457298606,15.124996457299858,56161.0,False,1,0,False,accurate,0,0,False,False,80,False,True,,,,,,,,,,,
8023,56161.0,56161.0,56163.82333256473,0,2.8233325647314387,2.823332564730663,56189.0,False,1,0,False,fast,0,1,True,False,76,False,True,,,,,,,,,,,
8027,56189.0,56189.0,56209.59999847412,0,20.599998474121094,20.599998474121094,56217.0,False,1,0,False,accurate,1,1,False,False,72,False,True,,,,,,,,,,,
8029,56203.0,56209.59999847412,56220.59999847412,0,11.0,17.599998474121094,56231.0,False,2,1,False,accurate,0,0,False,False,70,False,True,,,,,,,,,,,
8031,56217.0,56220.59999847412,56233.89999771118,0,13.299999237060547,16.89999771118164,56245.0,False,2,1,False,accurate,0,0,False,False,68,False,True,,,,,,,,,,,
8032,56224.0,56233.89999771118,56250.4999961853,0,16.599998474121094,26.499996185302734,56252.0,False,2,1,False,accurate,0,0,False,False,67,False,True,,,,,,,,,,,
8034,56238.0,56250.4999961853,56254.79999923706,0,4.3000030517578125,16.799999237060547,56266.0,False,2,1,False,fast,0,0,False,False,65,False,True,,,,,,,,,,,
8038,56266.0,56266.0,56285.0,0,19.0,19.0,56294.0,False,1,0,False,accurate,1,1,False,False,61,False,True,,,,,,,,,,,
8039,56273.0,56285.0,56299.79999923706,0,14.799999237060547,26.799999237060547,56301.0,False,2,1,False,accurate,0,0,False,False,60,False,True,,,,,,,,,,,
8040,56280.0,56299.79999923706,56302.70000076294,0,2.9000015258789062,22.700000762939453,56308.0,False,3,2,False,fast,0,0,False,False,59,False,True,,,,,,,,,,,
8042,56294.0,56302.70000076294,56318.19999694824,0,15.499996185302734,24.199996948242188,56322.0,False,3,2,False,accurate,1,1,False,False,57,False,True,,,,,,,,,,,
8045,56315.0,56318.19999694824,56333.79999542236,0,15.599998474121094,18.79999542236328,56343.0,False,2,1,False,accurate,1,1,False,False,54,False,True,,,,,,,,,,,
8046,56322.0,56333.79999542236,56336.599994659424,0,2.799999237060547,14.599994659423828,56350.0,False,2,1,False,fast,0,1,True,False,53,False,True,,,,,,,,,,,
8048,56336.0,56336.599994659424,56347.69999694824,0,11.10000228881836,11.699996948242188,56364.0,False,2,1,False,accurate,0,0,False,False,51,False,True,,,,,,,,,,,
8050,56350.0,56350.0,56360.39999771118,0,10.39999771118164,10.39999771118164,56378.0,False,1,0,False,accurate,0,0,False,False,49,False,True,,,,,,,,,,,
8051,56357.0,56360.39999771118,56376.9999961853,0,16.599998474121094,19.999996185302734,56385.0,False,2,1,False,accurate,0,0,False,False,48,False,True,,,,,,,,,,,
8053,56371.0,56376.9999961853,56390.699993133545,0,13.699996948242188,19.699993133544922,56399.0,False,2,1,False,accurate,0,0,False,False,46,False,True,,,,,,,,,,,
8055,56385.0,56390.699993133545,56402.799991607666,0,12.099998474121094,17.799991607666016,56413.0,False,2,1,False,accurate,1,1,False,False,44,False,True,,,,,,,,,,,
8058,56406.0,56406.0,56424.09999847412,0,18.099998474121094,18.099998474121094,56434.0,False,1,0,False,accurate,1,1,False,False,41,False,True,,,,,,,,,,,
8059,56413.0,56424.09999847412,56435.39999771118,0,11.299999237060547,22.39999771118164,56441.0,False,2,1,False,accurate,0,0,False,False,40,False,True,,,,,,,,,,,
8060,56420.0,56435.39999771118,56438.20000076294,0,2.8000030517578125,18.200000762939453,56448.0,False,3,2,False,fast,0,1,True,False,39,False,True,,,,,,,,,,,
8061,56427.0,56438.20000076294,56453.5000038147,0,15.300003051757812,26.500003814697266,56455.0,False,3,2,False,accurate,0,0,False,False,38,False,True,,,,,,,,,,,
8063,56441.0,56453.5000038147,56456.300006866455,0,2.8000030517578125,15.300006866455078,56469.0,False,2,1,False,fast,0,0,False,False,36,False,True,,,,,,,,,,,
8065,56455.0,56456.300006866455,56469.400005340576,0,13.099998474121094,14.400005340576172,56483.0,False,2,1,False,accurate,0,0,False,False,34,False,True,,,,,,,,,,,
8067,56469.0,56469.400005340576,56488.5000038147,0,19.099998474121094,19.500003814697266,56497.0,False,2,1,False,accurate,0,0,False,False,32,False,True,,,,,,,,,,,
8069,56483.0,56488.5000038147,56500.0000038147,0,11.5,17.000003814697266,56511.0,False,2,1,False,accurate,0,0,False,False,30,False,True,,,,,,,,,,,
8071,56497.0,56500.0000038147,56512.0,0,11.999996185302734,15.0,56525.0,False,2,1,False,accurate,1,1,False,False,28,False,True,,,,,,,,,,,
8075,56525.0,56525.0,56537.29999923706,0,12.299999237060547,12.299999237060547,56553.0,False,1,0,False,accurate,1,1,False,False,24,False,True,,,,,,,,,,,
8083,56581.0,56581.0,56593.79999923706,0,12.799999237060547,12.799999237060547,56609.0,False,1,0,False,accurate,0,0,False,False,16,False,True,,,,,,,,,,,
8089,56623.0,56623.0,56642.20000076294,0,19.200000762939453,19.200000762939453,56651.0,False,1,0,False,accurate,0,0,False,False,10,False,True,,,,,,,,,,,
8090,56630.0,56642.20000076294,56656.69999694824,0,14.499996185302734,26.699996948242188,56658.0,False,2,1,False,accurate,0,0,False,False,9,False,True,,,,,,,,,,,
8091,56637.0,56656.69999694824,56661.29999542236,0,4.599998474121094,24.29999542236328,56665.0,False,3,2,False,fast,0,0,False,False,8,False,True,,,,,,,,,,,
8093,56651.0,56661.29999542236,56674.29999923706,0,13.000003814697266,23.299999237060547,56679.0,False,3,2,False,accurate,0,0,False,False,6,False,True,,,,,,,,,,,
8094,56658.0,56674.29999923706,56677.39999771118,0,3.0999984741210938,19.39999771118164,56686.0,False,3,2,False,fast,0,1,True,False,5,False,True,,,,,,,,,,,
8099,56693.0,56693.0,56706.09999847412,0,13.099998474121094,13.099998474121094,56721.0,False,1,0,False,accurate,0,0,False,True,0,True,True,,,,,,,,,,,
8100,56700.0,56706.09999847412,56710.89999771118,0,4.799999237060547,10.89999771118164,56728.0,False,2,1,False,fast,0,1,True,False,99,False,True,,,,,,,,,,,
8102,56714.0,56714.0,56734.59999847412,0,20.599998474121094,20.599998474121094,56742.0,False,1,0,False,accurate,0,0,False,False,97,False,True,,,,,,,,,,,
8104,56728.0,56734.59999847412,56746.79999923706,0,12.200000762939453,18.799999237060547,56756.0,False,2,1,False,accurate,0,0,False,False,95,False,True,,,,,,,,,,,
8105,56735.0,56746.79999923706,56762.20000076294,0,15.400001525878906,27.200000762939453,56763.0,False,2,1,False,accurate,0,0,False,False,94,False,True,,,,,,,,,,,
8112,56784.0,56784.0,56796.20000076294,0,12.200000762939453,12.200000762939453,56812.0,False,1,0,False,accurate,0,0,False,False,87,False,True,,,,,,,,,,,
8118,56826.0,56826.0,56849.69999694824,0,23.699996948242188,23.699996948242188,56854.0,False,1,0,False,accurate,0,0,False,False,81,False,True,,,,,,,,,,,
8120,56840.0,56849.69999694824,56863.5,0,13.800003051757812,23.5,56868.0,False,2,1,False,accurate,0,0,False,False,79,False,True,,,,,,,,,,,
8121,56847.0,56863.5,56866.60000228882,0,3.1000022888183594,19.60000228881836,56875.0,False,3,2,False,fast,0,0,False,False,78,False,True,,,,,,,,,,,
8122,56854.0,56866.60000228882,56869.70000076294,0,3.0999984741210938,15.700000762939453,56882.0,False,3,2,False,fast,0,1,True,False,77,False,True,,,,,,,,,,,
8123,56861.0,56869.70000076294,56886.09999847412,0,16.39999771118164,25.099998474121094,56889.0,False,4,3,False,accurate,0,0,False,False,76,False,True,,,,,,,,,,,
8124,56868.0,56886.09999847412,56889.099994659424,0,2.9999961853027344,21.099994659423828,56896.0,False,3,2,False,fast,0,1,True,False,75,False,True,,,,,,,,,,,
8126,56882.0,56889.099994659424,56901.79999542236,0,12.700000762939453,19.79999542236328,56910.0,False,3,2,False,accurate,0,0,False,False,73,False,True,,,,,,,,,,,
8129,56903.0,56903.0,56915.20000076294,0,12.200000762939453,12.200000762939453,56931.0,False,1,0,False,accurate,0,0,False,False,70,False,True,,,,,,,,,,,
8131,56917.0,56917.0,56935.0,0,18.0,18.0,56945.0,False,1,0,False,accurate,1,1,False,False,68,False,True,,,,,,,,,,,
8134,56938.0,56938.0,56951.10000228882,0,13.10000228881836,13.10000228881836,56966.0,False,1,0,False,accurate,0,0,False,False,65,False,True,,,,,,,,,,,
8136,56952.0,56952.0,56965.40000152588,0,13.400001525878906,13.400001525878906,56980.0,False,1,0,False,accurate,0,0,False,False,63,False,True,,,,,,,,,,,
8137,56959.0,56965.40000152588,56977.800006866455,0,12.400005340576172,18.800006866455078,56987.0,False,2,1,False,accurate,0,0,False,False,62,False,True,,,,,,,,,,,
8142,56994.0,56994.0,57005.90000152588,0,11.900001525878906,11.900001525878906,57022.0,False,1,0,False,accurate,0,0,False,False,57,False,True,,,,,,,,,,,
8145,57015.0,57015.0,57030.09999847412,0,15.099998474121094,15.099998474121094,57043.0,False,1,0,False,accurate,0,0,False,False,54,False,True,,,,,,,,,,,
8146,57022.0,57030.09999847412,57046.59999847412,0,16.5,24.599998474121094,57050.0,False,2,1,False,accurate,1,1,False,False,53,False,True,,,,,,,,,,,
8148,57036.0,57046.59999847412,57058.4999961853,0,11.89999771118164,22.499996185302734,57064.0,False,2,1,False,accurate,0,0,False,False,51,False,True,,,,,,,,,,,
8152,57064.0,57064.0,57075.69999694824,0,11.699996948242188,11.699996948242188,57092.0,False,1,0,False,accurate,0,0,False,False,47,False,True,,,,,,,,,,,
8158,57106.0,57106.0,57123.29999542236,0,17.29999542236328,17.29999542236328,57134.0,False,1,0,False,accurate,0,0,False,False,41,False,True,,,,,,,,,,,
8159,57113.0,57123.29999542236,57126.19999694824,0,2.9000015258789062,13.199996948242188,57141.0,False,2,1,False,fast,0,1,True,False,40,False,True,,,,,,,,,,,
8160,57120.0,57126.19999694824,57129.79999694824,0,3.5999999999999996,9.799996948240732,57148.0,False,3,2,False,fast,0,0,False,False,39,False,True,,,,,,,,,,,
8161,57127.0,57129.79999694824,57154.86250311335,0,25.062506165107038,27.862503113348794,57155.0,False,2,1,False,accurate,0,0,False,False,38,False,True,,,,,,,,,,,
8166,57162.0,57162.0,57183.502497673035,0,21.502497673034668,21.502497673034668,57190.0,False,1,0,False,accurate,0,0,False,False,33,False,True,,,,,,,,,,,
8167,57169.0,57183.502497673035,57186.81333273689,0,3.310835063854847,17.813332736892335,57197.0,False,2,1,False,fast,0,0,False,False,32,False,True,,,,,,,,,,,
8170,57190.0,57190.0,57206.89999446074,0,16.899994460741734,16.899994460742164,57218.0,False,1,0,False,accurate,0,0,False,False,29,False,True,,,,,,,,,,,
8173,57211.0,57211.0,57227.378335434994,0,16.37833543499312,16.37833543499437,57239.0,False,1,0,False,accurate,1,1,False,False,26,False,True,,,,,,,,,,,
8174,57218.0,57227.378335434994,57230.51999961634,0,3.141664181351666,12.51999961634283,57246.0,False,2,1,False,fast,0,1,True,False,25,False,True,,,,,,,,,,,
8177,57239.0,57239.0,57252.96833600879,0,13.968336008787139,13.968336008787446,57267.0,False,1,0,False,accurate,0,0,False,False,22,False,True,,,,,,,,,,,
8181,57267.0,57267.0,57282.0074991703,0,15.007499170303344,15.007499170300434,57295.0,False,1,0,False,accurate,0,0,False,False,18,False,True,,,,,,,,,,,
8183,57281.0,57282.0074991703,57295.28374682594,0,13.27624765563756,14.283746825938579,57309.0,False,2,1,False,accurate,0,0,False,False,16,False,True,,,,,,,,,,,
8184,57288.0,57295.28374682594,57308.48374758888,0,13.200000762939453,20.483747588878032,57316.0,False,2,1,False,accurate,0,0,False,False,15,False,True,,,,,,,,,,,
8185,57295.0,57308.48374758888,57321.183752166515,0,12.700004577636719,26.18375216651475,57323.0,False,3,2,False,accurate,1,1,False,False,14,False,True,,,,,,,,,,,
8190,57330.0,57330.0,57342.29999923706,0,12.299999237060547,12.299999237060547,57358.0,False,1,0,False,accurate,0,0,False,False,9,False,True,,,,,,,,,,,
8193,57351.0,57351.0,57364.90000152588,0,13.900001525878906,13.900001525878906,57379.0,False,1,0,False,accurate,0,0,False,False,6,False,True,,,,,,,,,,,
8195,57365.0,57365.0,57377.29999923706,0,12.299999237060547,12.299999237060547,57393.0,False,1,0,False,accurate,1,1,False,False,4,False,True,,,,,,,,,,,
8196,57372.0,57377.29999923706,57390.5,0,13.200000762939453,18.5,57400.0,False,2,1,False,accurate,0,0,False,False,3,False,True,,,,,,,,,,,
8199,57393.0,57393.0,57406.59999847412,0,13.599998474121094,13.599998474121094,57421.0,False,1,0,False,accurate,1,1,False,True,0,True,True,,,,,,,,,,,
8200,57400.0,57406.59999847412,57427.5000038147,0,20.900005340576172,27.500003814697266,57428.0,False,2,1,False,accurate,0,0,False,False,99,False,True,,,,,,,,,,,
8201,57407.0,57427.5000038147,57430.400005340576,0,2.9000015258789062,23.400005340576172,57435.0,False,2,1,False,fast,0,0,False,False,98,False,True,,,,,,,,,,,
8203,57421.0,57430.400005340576,57443.20000457764,0,12.799999237060547,22.20000457763672,57449.0,False,3,2,False,accurate,0,0,False,False,96,False,True,,,,,,,,,,,
8205,57435.0,57443.20000457764,57457.900005340576,0,14.700000762939453,22.900005340576172,57463.0,False,2,1,False,accurate,0,0,False,False,94,False,True,,,,,,,,,,,
8207,57449.0,57457.900005340576,57471.80000305176,0,13.89999771118164,22.800003051757812,57477.0,False,2,1,False,accurate,0,0,False,False,92,False,True,,,,,,,,,,,
8208,57456.0,57471.80000305176,57484.0,0,12.199996948242188,28.0,57484.0,False,3,2,False,accurate,0,0,False,False,91,False,True,,,,,,,,,,,
8211,57477.0,57484.0,57496.89999771118,0,12.89999771118164,19.89999771118164,57505.0,False,2,1,False,accurate,0,0,False,False,88,False,True,,,,,,,,,,,
8218,57526.0,57526.0,57538.5,0,12.5,12.5,57554.0,False,1,0,False,accurate,0,0,False,False,81,False,True,,,,,,,,,,,
8220,57540.0,57540.0,57552.90000152588,0,12.900001525878906,12.900001525878906,57568.0,False,1,0,False,accurate,0,0,False,False,79,False,True,,,,,,,,,,,
8223,57561.0,57561.0,57574.0,0,13.0,13.0,57589.0,False,1,0,False,accurate,0,0,False,False,76,False,True,,,,,,,,,,,
8224,57568.0,57574.0,57587.10000228882,0,13.10000228881836,19.10000228881836,57596.0,False,2,1,False,accurate,1,1,False,False,75,False,True,,,,,,,,,,,
8225,57575.0,57587.10000228882,57602.29999923706,0,15.199996948242188,27.299999237060547,57603.0,False,2,1,False,accurate,0,0,False,False,74,False,True,,,,,,,,,,,
8228,57596.0,57602.29999923706,57616.59999847412,0,14.299999237060547,20.599998474121094,57624.0,False,2,1,False,accurate,0,0,False,False,71,False,True,,,,,,,,,,,
8233,57631.0,57631.0,57644.39999771118,0,13.39999771118164,13.39999771118164,57659.0,False,1,0,False,accurate,1,1,False,False,66,False,True,,,,,,,,,,,
8235,57645.0,57645.0,57658.79999923706,0,13.799999237060547,13.799999237060547,57673.0,False,1,0,False,accurate,0,0,False,False,64,False,True,,,,,,,,,,,
8236,57652.0,57658.79999923706,57661.4999961853,0,2.6999969482421875,9.499996185302734,57680.0,False,2,1,False,fast,0,1,True,False,63,False,True,,,,,,,,,,,
8241,57687.0,57687.0,57703.29999923706,0,16.299999237060547,16.299999237060547,57715.0,False,1,0,False,accurate,0,0,False,False,58,False,True,,,,,,,,,,,
8244,57708.0,57708.0,57723.10000228882,0,15.10000228881836,15.10000228881836,57736.0,False,1,0,False,accurate,0,0,False,False,55,False,True,,,,,,,,,,,
8247,57729.0,57729.0,57741.30000305176,0,12.300003051757812,12.300003051757812,57757.0,False,1,0,False,accurate,1,1,False,False,52,False,True,,,,,,,,,,,
8248,57736.0,57741.30000305176,57752.900005340576,0,11.60000228881836,16.900005340576172,57764.0,False,2,1,False,accurate,0,0,False,False,51,False,True,,,,,,,,,,,
8249,57743.0,57752.900005340576,57767.5000038147,0,14.599998474121094,24.500003814697266,57771.0,False,2,1,False,accurate,0,0,False,False,50,False,True,,,,,,,,,,,
8251,57757.0,57767.5000038147,57782.80000305176,0,15.299999237060547,25.800003051757812,57785.0,False,2,1,False,accurate,0,0,False,False,48,False,True,,,,,,,,,,,
8253,57771.0,57782.80000305176,57794.29999923706,0,11.499996185302734,23.299999237060547,57799.0,False,2,1,False,accurate,0,0,False,False,46,False,True,,,,,,,,,,,
8254,57778.0,57794.29999923706,57797.20000076294,0,2.9000015258789062,19.200000762939453,57806.0,False,3,2,False,fast,0,0,False,False,45,False,True,,,,,,,,,,,
8256,57792.0,57797.20000076294,57811.0,0,13.799999237060547,19.0,57820.0,False,3,2,False,accurate,1,1,False,False,43,False,True,,,,,,,,,,,
8259,57813.0,57813.0,57823.89999771118,0,10.89999771118164,10.89999771118164,57841.0,False,1,0,False,accurate,0,0,False,False,40,False,True,,,,,,,,,,,
8260,57820.0,57823.89999771118,57837.9999961853,0,14.099998474121094,17.999996185302734,57848.0,False,2,1,False,accurate,1,1,False,False,39,False,True,,,,,,,,,,,
8262,57834.0,57837.9999961853,57853.29999542236,0,15.299999237060547,19.29999542236328,57862.0,False,2,1,False,accurate,0,0,False,False,37,False,True,,,,,,,,,,,
8263,57841.0,57853.29999542236,57864.19999694824,0,10.900001525878906,23.199996948242188,57869.0,False,2,1,False,accurate,0,0,False,False,36,False,True,,,,,,,,,,,
8264,57848.0,57864.19999694824,57867.0,0,2.8000030517578125,19.0,57876.0,False,3,2,False,fast,0,1,True,False,35,False,True,,,,,,,,,,,
8267,57869.0,57869.0,57891.39999771118,0,22.39999771118164,22.39999771118164,57897.0,False,1,0,False,accurate,1,0,True,False,32,False,True,,,,,,,,,,,
8269,57883.0,57891.39999771118,57894.29999542236,0,2.8999977111816406,11.299995422363281,57911.0,False,2,1,False,fast,0,1,True,False,30,False,True,,,,,,,,,,,
8270,57890.0,57894.29999542236,57913.4999961853,0,19.200000762939453,23.499996185302734,57918.0,False,3,2,False,accurate,1,1,False,False,29,False,True,,,,,,,,,,,
8272,57904.0,57913.4999961853,57927.099994659424,0,13.599998474121094,23.099994659423828,57932.0,False,2,1,False,accurate,1,1,False,False,27,False,True,,,,,,,,,,,
8274,57918.0,57927.099994659424,57929.9999961853,0,2.9000015258789062,11.999996185302734,57946.0,False,2,1,False,fast,0,1,True,False,25,False,True,,,,,,,,,,,
8276,57932.0,57932.0,57944.10000228882,0,12.10000228881836,12.10000228881836,57960.0,False,1,0,False,accurate,0,0,False,False,23,False,True,,,,,,,,,,,
8279,57953.0,57953.0,58249.0000038147,0,296.00000381469727,296.00000381469727,57981.0,True,1,0,False,fast,0,0,False,False,20,False,False,,,,,,,,,,,
8282,57974.0,58249.0000038147,58252.000007629395,0,3.0000038146972656,278.00000762939453,58002.0,True,2,1,False,fast,0,0,False,False,17,False,False,,,,,,,,,,,
8286,58002.0,58252.000007629395,58255.5000038147,0,3.4999961853027344,253.50000381469727,58030.0,True,3,2,False,fast,0,0,False,False,13,False,False,,,,,,,,,,,
8287,58009.0,58255.5000038147,58258.20000076294,0,2.6999969482421875,249.20000076293945,58037.0,True,4,3,False,fast,0,0,False,False,12,False,False,,,,,,,,,,,
8291,58037.0,58258.20000076294,58261.09999847412,0,2.8999977111816406,224.0999984741211,58065.0,True,5,4,False,fast,0,1,True,False,8,False,False,,,,,,,,,,,
8294,58058.0,58261.09999847412,58263.89999771118,0,2.799999237060547,205.89999771118164,58086.0,True,6,5,True,fast,0,0,False,False,5,False,False,,,,,,,,,,,
8299,58093.0,58263.89999771118,58266.70000076294,0,2.8000030517578125,173.70000076293945,58121.0,True,7,6,True,fast,0,0,False,True,0,True,False,,,,,,,,,,,
8300,58100.0,58266.70000076294,58269.5,0,2.799999237060547,169.5,58128.0,True,8,7,True,fast,0,0,False,False,99,False,False,,,,,,,,,,,
8304,58128.0,58269.5,58272.29999923706,0,2.799999237060547,144.29999923706055,58156.0,True,9,8,True,fast,0,1,True,False,95,False,False,,,,,,,,,,,
8305,58135.0,58272.29999923706,58275.09999847412,0,2.799999237060547,140.0999984741211,58163.0,True,10,9,True,fast,0,1,True,False,94,False,False,,,,,,,,,,,
8306,58142.0,58275.09999847412,58277.89999771118,0,2.799999237060547,135.89999771118164,58170.0,True,11,10,True,fast,0,0,False,False,93,False,False,,,,,,,,,,,
8309,58163.0,58277.89999771118,58280.79999923706,0,2.9000015258789062,117.79999923706055,58191.0,True,12,11,True,fast,0,1,True,False,90,False,False,,,,,,,,,,,
8311,58177.0,58280.79999923706,58283.60000228882,0,2.8000030517578125,106.60000228881836,58205.0,True,13,12,True,fast,0,0,False,False,88,False,False,,,,,,,,,,,
8315,58205.0,58283.60000228882,58286.29999923706,0,2.6999969482421875,81.29999923706055,58233.0,True,14,13,True,fast,0,0,False,False,84,False,False,,,,,,,,,,,
8316,58212.0,58286.29999923706,58289.19999694824,0,2.8999977111816406,77.19999694824219,58240.0,True,15,14,True,fast,0,0,False,False,83,False,False,,,,,,,,,,,
8320,58240.0,58289.19999694824,58292.559996032716,0,3.359999084472656,52.5599960327163,58268.0,True,16,15,True,fast,0,1,True,False,79,False,False,,,,,,,,,,,
8321,58247.0,58292.559996032716,58295.89666177909,0,3.3366657463709544,48.89666177908657,58275.0,True,17,16,True,fast,0,1,True,False,78,False,False,,,,,,,,,,,
8323,58261.0,58295.89666177909,58299.30416357199,0,3.407501792907715,38.30416357199283,58289.0,True,14,13,True,fast,0,0,False,False,76,False,False,,,,,,,,,,,
8325,58275.0,58299.30416357199,58302.663327598966,0,3.359164026975623,27.663327598966134,58303.0,False,10,9,True,fast,0,0,False,False,74,False,False,,,,,,,,,,,
8326,58282.0,58302.663327598966,58305.76832847635,0,3.105000877380371,23.76832847634796,58310.0,False,8,7,True,fast,0,0,False,False,73,False,False,,,,,,,,,,,
8330,58310.0,58310.0,58313.015000841224,0,3.015000841220217,3.0150008412238094,58338.0,False,1,0,False,fast,0,1,True,False,69,False,True,,,,,,,,,,,
8333,58331.0,58331.0,58334.05667000373,0,3.0566700037320516,3.0566700037306873,58359.0,False,1,0,False,fast,0,1,True,False,66,False,True,,,,,,,,,,,
8337,58359.0,58359.0,58373.20917025943,0,14.209170259435949,14.20917025943345,58387.0,False,1,0,False,accurate,0,0,False,False,62,False,True,,,,,,,,,,,
8338,58366.0,58373.20917025943,58386.95667115589,0,13.747500896453857,20.956671155887307,58394.0,False,2,1,False,accurate,1,1,False,False,61,False,True,,,,,,,,,,,
8339,58373.0,58386.95667115589,58389.87333702504,0,2.91666586915652,16.87333702504111,58401.0,False,3,2,False,fast,0,1,True,False,60,False,True,,,,,,,,,,,
8341,58387.0,58389.87333702504,58405.642091173526,0,15.768754148483275,18.64209117352584,58415.0,False,2,1,False,accurate,1,1,False,False,58,False,True,,,,,,,,,,,
8342,58394.0,58405.642091173526,58418.553758668844,0,12.911667495320241,24.55375866884424,58422.0,False,2,1,False,accurate,0,0,False,False,57,False,True,,,,,,,,,,,
8343,58401.0,58418.553758668844,58421.47792302834,0,2.9241643594950433,20.47792302833841,58429.0,False,3,2,False,fast,0,0,False,False,56,False,True,,,,,,,,,,,
8351,58457.0,58457.0,58474.70000076294,0,17.700000762939453,17.700000762939453,58485.0,False,1,0,False,accurate,0,0,False,False,48,False,True,,,,,,,,,,,
8353,58471.0,58474.70000076294,58488.400005340576,0,13.700004577636719,17.400005340576172,58499.0,False,2,1,False,accurate,0,0,False,False,46,False,True,,,,,,,,,,,
8354,58478.0,58488.400005340576,58501.30000305176,0,12.89999771118164,23.300003051757812,58506.0,False,2,1,False,accurate,0,0,False,False,45,False,True,,,,,,,,,,,
8356,58492.0,58501.30000305176,58514.60000228882,0,13.299999237060547,22.60000228881836,58520.0,False,2,1,False,accurate,0,0,False,False,43,False,True,,,,,,,,,,,
8357,58499.0,58514.60000228882,58517.40000152588,0,2.799999237060547,18.400001525878906,58527.0,False,3,2,False,fast,0,0,False,False,42,False,True,,,,,,,,,,,
8362,58534.0,58534.0,58548.39999771118,0,14.39999771118164,14.39999771118164,58562.0,False,1,0,False,accurate,1,1,False,False,37,False,True,,,,,,,,,,,
8364,58548.0,58548.39999771118,58560.399993896484,0,11.999996185302734,12.399993896484375,58576.0,False,2,1,False,accurate,0,0,False,False,35,False,True,,,,,,,,,,,
8370,58590.0,58590.0,58605.10000228882,0,15.10000228881836,15.10000228881836,58618.0,False,1,0,False,accurate,1,1,False,False,29,False,True,,,,,,,,,,,
8373,58611.0,58611.0,58623.20000076294,0,12.200000762939453,12.200000762939453,58639.0,False,1,0,False,accurate,0,0,False,False,26,False,True,,,,,,,,,,,
8374,58618.0,58623.20000076294,58642.30000305176,0,19.10000228881836,24.300003051757812,58646.0,False,2,1,False,accurate,0,0,False,False,25,False,True,,,,,,,,,,,
8375,58625.0,58642.30000305176,58645.10000228882,0,2.799999237060547,20.10000228881836,58653.0,False,2,1,False,fast,0,0,False,False,24,False,True,,,,,,,,,,,
8379,58653.0,58653.0,58665.20000076294,0,12.200000762939453,12.200000762939453,58681.0,False,1,0,False,accurate,0,0,False,False,20,False,True,,,,,,,,,,,
8381,58667.0,58667.0,58683.29999542236,0,16.29999542236328,16.29999542236328,58695.0,False,1,0,False,accurate,1,1,False,False,18,False,True,,,,,,,,,,,
8383,58681.0,58683.29999542236,58695.79999923706,0,12.500003814697266,14.799999237060547,58709.0,False,2,1,False,accurate,1,1,False,False,16,False,True,,,,,,,,,,,
8385,58695.0,58695.79999923706,58708.59999847412,0,12.799999237060547,13.599998474121094,58723.0,False,2,1,False,accurate,0,0,False,False,14,False,True,,,,,,,,,,,
8386,58702.0,58708.59999847412,58722.9999961853,0,14.39999771118164,20.999996185302734,58730.0,False,2,1,False,accurate,1,1,False,False,13,False,True,,,,,,,,,,,
8387,58709.0,58722.9999961853,58734.299991607666,0,11.299995422363281,25.299991607666016,58737.0,False,2,1,False,accurate,1,1,False,False,12,False,True,,,,,,,,,,,
8388,58716.0,58734.299991607666,58737.09999084473,0,2.799999237060547,21.099990844726562,58744.0,False,3,2,False,fast,0,0,False,False,11,False,True,,,,,,,,,,,
8389,58723.0,58737.09999084473,58739.79998779297,0,2.6999969482421875,16.79998779296875,58751.0,False,3,2,False,fast,0,0,False,False,10,False,True,,,,,,,,,,,
8392,58744.0,58744.0,58756.90000152588,0,12.900001525878906,12.900001525878906,58772.0,False,1,0,False,accurate,0,0,False,False,7,False,True,,,,,,,,,,,
8395,58765.0,58765.0,58779.40000152588,0,14.400001525878906,14.400001525878906,58793.0,False,1,0,False,accurate,0,0,False,False,4,False,True,,,,,,,,,,,
8399,58793.0,58793.0,58805.80000305176,0,12.800003051757812,12.800003051757812,58821.0,False,1,0,False,accurate,0,0,False,True,0,True,True,,,,,,,,,,,
8400,58800.0,58805.80000305176,58824.40000152588,0,18.599998474121094,24.400001525878906,58828.0,False,2,1,False,accurate,0,0,False,False,99,False,True,,,,,,,,,,,
8402,58814.0,58824.40000152588,58838.29999923706,0,13.89999771118164,24.299999237060547,58842.0,False,2,1,False,accurate,0,0,False,False,97,False,True,,,,,,,,,,,
8404,58828.0,58838.29999923706,58854.09999847412,0,15.799999237060547,26.099998474121094,58856.0,False,2,1,False,accurate,1,1,False,False,95,False,True,,,,,,,,,,,
8406,58842.0,58854.09999847412,58857.0,0,2.9000015258789062,15.0,58870.0,False,2,1,False,fast,0,0,False,False,93,False,True,,,,,,,,,,,
8408,58856.0,58857.0,58868.90000152588,0,11.900001525878906,12.900001525878906,58884.0,False,2,1,False,accurate,0,0,False,False,91,False,True,,,,,,,,,,,
8410,58870.0,58870.0,58884.70000076294,0,14.700000762939453,14.700000762939453,58898.0,False,1,0,False,accurate,0,0,False,False,89,False,True,,,,,,,,,,,
8414,58898.0,58898.0,58911.0,0,13.0,13.0,58926.0,False,1,0,False,accurate,1,1,False,False,85,False,True,,,,,,,,,,,
8415,58905.0,58911.0,58928.19999694824,0,17.199996948242188,23.199996948242188,58933.0,False,2,1,False,accurate,0,0,False,False,84,False,True,,,,,,,,,,,
8416,58912.0,58928.19999694824,58932.099994659424,0,3.8999977111816406,20.099994659423828,58940.0,False,2,1,False,fast,0,0,False,False,83,False,True,,,,,,,,,,,
8420,58940.0,58940.0,58951.90000152588,0,11.900001525878906,11.900001525878906,58968.0,False,1,0,False,accurate,1,1,False,False,79,False,True,,,,,,,,,,,
8421,58947.0,58951.90000152588,58965.09999847412,0,13.199996948242188,18.099998474121094,58975.0,False,2,1,False,accurate,0,0,False,False,78,False,True,,,,,,,,,,,
8426,58982.0,58982.0,58996.29999923706,0,14.299999237060547,14.299999237060547,59010.0,False,1,0,False,accurate,0,0,False,False,73,False,True,,,,,,,,,,,
8434,59038.0,59038.0,59057.59999847412,0,19.599998474121094,19.599998474121094,59066.0,False,1,0,False,accurate,0,0,False,False,65,False,True,,,,,,,,,,,
8436,59052.0,59057.59999847412,59069.0,0,11.400001525878906,17.0,59080.0,False,2,1,False,accurate,0,0,False,False,63,False,True,,,,,,,,,,,
8438,59066.0,59069.0,59084.29999923706,0,15.299999237060547,18.299999237060547,59094.0,False,2,1,False,accurate,0,0,False,False,61,False,True,,,,,,,,,,,
8440,59080.0,59084.29999923706,59095.40000152588,0,11.10000228881836,15.400001525878906,59108.0,False,2,1,False,accurate,0,0,False,False,59,False,True,,,,,,,,,,,
8441,59087.0,59095.40000152588,59111.09999847412,0,15.699996948242188,24.099998474121094,59115.0,False,2,1,False,accurate,1,1,False,False,58,False,True,,,,,,,,,,,
8447,59129.0,59129.0,59147.20000076294,0,18.200000762939453,18.200000762939453,59157.0,False,1,0,False,accurate,0,0,False,False,52,False,True,,,,,,,,,,,
8452,59164.0,59164.0,59176.19999694824,0,12.199996948242188,12.199996948242188,59192.0,False,1,0,False,accurate,0,0,False,False,47,False,True,,,,,,,,,,,
8454,59178.0,59178.0,59188.5,0,10.5,10.5,59206.0,False,1,0,False,accurate,0,0,False,False,45,False,True,,,,,,,,,,,
8457,59199.0,59199.0,59213.4999961853,0,14.499996185302734,14.499996185302734,59227.0,False,1,0,False,accurate,0,0,False,False,42,False,True,,,,,,,,,,,
8459,59213.0,59213.4999961853,59223.9999961853,0,10.5,10.999996185302734,59241.0,False,2,1,False,accurate,0,0,False,False,40,False,True,,,,,,,,,,,
8464,59248.0,59248.0,59258.5,0,10.5,10.5,59276.0,False,1,0,False,accurate,0,0,False,False,35,False,True,,,,,,,,,,,
8467,59269.0,59269.0,59285.20000076294,0,16.200000762939453,16.200000762939453,59297.0,False,1,0,False,accurate,0,0,False,False,32,False,True,,,,,,,,,,,
8468,59276.0,59285.20000076294,59299.39999771118,0,14.199996948242188,23.39999771118164,59304.0,False,2,1,False,accurate,0,0,False,False,31,False,True,,,,,,,,,,,
8469,59283.0,59299.39999771118,59303.90000152588,0,4.500003814697266,20.900001525878906,59311.0,False,3,2,False,fast,0,1,True,False,30,False,True,,,,,,,,,,,
8470,59290.0,59303.90000152588,59316.60000228882,0,12.700000762939453,26.60000228881836,59318.0,False,3,2,False,accurate,0,0,False,False,29,False,True,,,,,,,,,,,
8471,59297.0,59316.60000228882,59319.400005340576,0,2.8000030517578125,22.400005340576172,59325.0,False,4,3,False,fast,0,0,False,False,28,False,True,,,,,,,,,,,
8475,59325.0,59325.0,59341.29999923706,0,16.299999237060547,16.299999237060547,59353.0,False,1,0,False,accurate,0,0,False,False,24,False,True,,,,,,,,,,,
8476,59332.0,59341.29999923706,59358.19999694824,0,16.89999771118164,26.199996948242188,59360.0,False,2,1,False,accurate,0,0,False,False,23,False,True,,,,,,,,,,,
8478,59346.0,59358.19999694824,59371.59999847412,0,13.400001525878906,25.599998474121094,59374.0,False,2,1,False,accurate,0,0,False,False,21,False,True,,,,,,,,,,,
8481,59367.0,59371.59999847412,59374.93666876634,0,3.336670292218514,7.936668766342336,59395.0,False,2,1,False,fast,0,0,False,False,18,False,True,,,,,,,,,,,
8482,59374.0,59374.93666876634,59378.250005722046,0,3.3133369557062906,4.250005722045898,59402.0,False,2,1,False,fast,0,0,False,False,17,False,True,,,,,,,,,,,
8493,59451.0,59451.0,59470.02000211557,0,19.020002115567536,19.020002115568786,59479.0,False,1,0,False,accurate,0,0,False,False,6,False,True,,,,,,,,,,,
8494,59458.0,59470.02000211557,59473.05333461682,0,3.033332501252494,15.053334616823122,59486.0,False,2,1,False,fast,0,0,False,False,5,False,True,,,,,,,,,,,
8495,59465.0,59473.05333461682,59488.45583558003,0,15.40250096321106,23.455835580032726,59493.0,False,3,2,False,accurate,0,0,False,False,4,False,True,,,,,,,,,,,
8502,59514.0,59514.0,59528.18166426763,0,14.18166426762938,14.181664267627639,59542.0,False,1,0,False,accurate,0,0,False,False,97,False,True,,,,,,,,,,,
8504,59528.0,59528.18166426763,59546.68166426763,0,18.5,18.68166426762764,59556.0,False,2,1,False,accurate,1,1,False,False,95,False,True,,,,,,,,,,,
8506,59542.0,59546.68166426763,59566.48166350469,0,19.799999237060547,24.481663504688186,59570.0,False,2,1,False,accurate,0,0,False,False,93,False,True,,,,,,,,,,,
8507,59549.0,59566.48166350469,59569.38166503057,0,2.9000015258789062,20.381665030567092,59577.0,False,2,1,False,fast,0,0,False,False,92,False,True,,,,,,,,,,,
8511,59577.0,59577.0,59589.19999694824,0,12.199996948242188,12.199996948242188,59605.0,False,1,0,False,accurate,0,0,False,False,88,False,True,,,,,,,,,,,
8512,59584.0,59589.19999694824,59603.899993896484,0,14.699996948242188,19.899993896484375,59612.0,False,2,1,False,accurate,0,0,False,False,87,False,True,,,,,,,,,,,
8514,59598.0,59603.899993896484,59622.199993133545,0,18.299999237060547,24.199993133544922,59626.0,False,2,1,False,accurate,0,0,False,False,85,False,True,,,,,,,,,,,
8516,59612.0,59622.199993133545,59637.999992370605,0,15.799999237060547,25.99999237060547,59640.0,False,2,1,False,accurate,0,0,False,False,83,False,True,,,,,,,,,,,
8522,59654.0,59654.0,59664.10000228882,0,10.10000228881836,10.10000228881836,59682.0,False,1,0,False,accurate,0,0,False,False,77,False,True,,,,,,,,,,,
8524,59668.0,59668.0,59681.0,0,13.0,13.0,59696.0,False,1,0,False,accurate,0,0,False,False,75,False,True,,,,,,,,,,,
8526,59682.0,59682.0,59695.69999694824,0,13.699996948242188,13.699996948242188,59710.0,False,1,0,False,accurate,1,1,False,False,73,False,True,,,,,,,,,,,
8528,59696.0,59696.0,59708.79999923706,0,12.799999237060547,12.799999237060547,59724.0,False,1,0,False,accurate,0,0,False,False,71,False,True,,,,,,,,,,,
8529,59703.0,59708.79999923706,59722.59999847412,0,13.799999237060547,19.599998474121094,59731.0,False,2,1,False,accurate,0,0,False,False,70,False,True,,,,,,,,,,,
8532,59724.0,59724.0,59738.29999923706,0,14.299999237060547,14.299999237060547,59752.0,False,1,0,False,accurate,0,0,False,False,67,False,True,,,,,,,,,,,
8534,59738.0,59738.29999923706,59750.20000076294,0,11.900001525878906,12.200000762939453,59766.0,False,2,1,False,accurate,0,0,False,False,65,False,True,,,,,,,,,,,
8535,59745.0,59750.20000076294,59764.5000038147,0,14.300003051757812,19.500003814697266,59773.0,False,2,1,False,accurate,0,0,False,False,64,False,True,,,,,,,,,,,
8538,59766.0,59766.0,59779.90000152588,0,13.900001525878906,13.900001525878906,59794.0,False,1,0,False,accurate,1,1,False,False,61,False,True,,,,,,,,,,,
8547,59829.0,59829.0,59854.70000076294,0,25.700000762939453,25.700000762939453,59857.0,False,1,0,False,accurate,1,1,False,False,52,False,True,,,,,,,,,,,
8549,59843.0,59854.70000076294,59868.40000152588,0,13.700000762939453,25.400001525878906,59871.0,False,2,1,False,accurate,0,0,False,False,50,False,True,,,,,,,,,,,
8552,59864.0,59868.40000152588,59879.5000038147,0,11.10000228881836,15.500003814697266,59892.0,False,2,1,False,accurate,0,0,False,False,47,False,True,,,,,,,,,,,
8555,59885.0,59885.0,59900.29999923706,0,15.299999237060547,15.299999237060547,59913.0,False,1,0,False,accurate,0,0,False,False,44,False,True,,,,,,,,,,,
8556,59892.0,59900.29999923706,59911.29999923706,0,11.0,19.299999237060547,59920.0,False,2,1,False,accurate,0,0,False,False,43,False,True,,,,,,,,,,,
8558,59906.0,59911.29999923706,59929.39999771118,0,18.099998474121094,23.39999771118164,59934.0,False,2,1,False,accurate,0,0,False,False,41,False,True,,,,,,,,,,,
8566,59962.0,59962.0,59978.5,0,16.5,16.5,59990.0,False,1,0,False,accurate,0,0,False,False,33,False,True,,,,,,,,,,,
8569,59983.0,59983.0,59995.69999694824,0,12.699996948242188,12.699996948242188,60011.0,False,1,0,False,accurate,0,0,False,False,30,False,True,,,,,,,,,,,
8571,59997.0,59997.0,60009.5,0,12.5,12.5,60025.0,False,1,0,False,accurate,0,0,False,False,28,False,True,,,,,,,,,,,
8575,60025.0,60025.0,60036.20000076294,0,11.200000762939453,11.200000762939453,60053.0,False,1,0,False,accurate,1,1,False,False,24,False,True,,,,,,,,,,,
8577,60039.0,60039.0,60057.0,0,18.0,18.0,60067.0,False,1,0,False,accurate,0,0,False,False,22,False,True,,,,,,,,,,,
8579,60053.0,60057.0,60070.40000152588,0,13.400001525878906,17.400001525878906,60081.0,False,2,1,False,accurate,0,0,False,False,20,False,True,,,,,,,,,,,
8582,60074.0,60074.0,60088.79999923706,0,14.799999237060547,14.799999237060547,60102.0,False,1,0,False,accurate,0,0,False,False,17,False,True,,,,,,,,,,,
8588,60116.0,60116.0,60128.30000305176,0,12.300003051757812,12.300003051757812,60144.0,False,1,0,False,accurate,0,0,False,False,11,False,True,,,,,,,,,,,
8592,60144.0,60144.0,60158.40000152588,0,14.400001525878906,14.400001525878906,60172.0,False,1,0,False,accurate,0,0,False,False,7,False,True,,,,,,,,,,,
8594,60158.0,60158.40000152588,60172.5,0,14.099998474121094,14.5,60186.0,False,2,1,False,accurate,0,0,False,False,5,False,True,,,,,,,,,,,
8595,60165.0,60172.5,60185.5,0,13.0,20.5,60193.0,False,2,1,False,accurate,0,0,False,False,4,False,True,,,,,,,,,,,
8596,60172.0,60185.5,60197.20000076294,0,11.700000762939453,25.200000762939453,60200.0,False,3,2,False,accurate,0,0,False,False,3,False,True,,,,,,,,,,,
8599,60193.0,60197.20000076294,60208.79999923706,0,11.599998474121094,15.799999237060547,60221.0,False,2,1,False,accurate,0,0,False,True,0,True,True,,,,,,,,,,,
8603,60221.0,60221.0,60233.29999923706,0,12.299999237060547,12.299999237060547,60249.0,False,1,0,False,accurate,0,0,False,False,96,False,True,,,,,,,,,,,
8606,60242.0,60242.0,60256.60000228882,0,14.60000228881836,14.60000228881836,60270.0,False,1,0,False,accurate,1,1,False,False,93,False,True,,,,,,,,,,,
8607,60249.0,60256.60000228882,60274.400005340576,0,17.800003051757812,25.400005340576172,60277.0,False,2,1,False,accurate,1,1,False,False,92,False,True,,,,,,,,,,,
8608,60256.0,60274.400005340576,60277.200008392334,0,2.8000030517578125,21.200008392333984,60284.0,False,3,2,False,fast,0,0,False,False,91,False,True,,,,,,,,,,,
8609,60263.0,60277.200008392334,60289.700008392334,0,12.5,26.700008392333984,60291.0,False,3,2,False,accurate,0,0,False,False,90,False,True,,,,,,,,,,,
8611,60277.0,60289.700008392334,60303.500007629395,0,13.799999237060547,26.50000762939453,60305.0,False,3,2,False,accurate,0,0,False,False,88,False,True,,,,,,,,,,,
8612,60284.0,60303.500007629395,60306.300006866455,0,2.799999237060547,22.300006866455078,60312.0,False,3,2,False,fast,0,1,True,False,87,False,True,,,,,,,,,,,
8614,60298.0,60306.300006866455,60318.800006866455,0,12.5,20.800006866455078,60326.0,False,3,2,False,accurate,0,0,False,False,85,False,True,,,,,,,,,,,
8617,60319.0,60319.0,60334.69999694824,0,15.699996948242188,15.699996948242188,60347.0,False,1,0,False,accurate,0,0,False,False,82,False,True,,,,,,,,,,,
8619,60333.0,60334.69999694824,60351.89999771118,0,17.200000762939453,18.89999771118164,60361.0,False,2,1,False,accurate,0,0,False,False,80,False,True,,,,,,,,,,,
8621,60347.0,60351.89999771118,60368.29999923706,0,16.400001525878906,21.299999237060547,60375.0,False,2,1,False,accurate,0,0,False,False,78,False,True,,,,,,,,,,,
8623,60361.0,60368.29999923706,60382.69999694824,0,14.39999771118164,21.699996948242188,60389.0,False,2,1,False,accurate,0,0,False,False,76,False,True,,,,,,,,,,,
8624,60368.0,60382.69999694824,60394.399993896484,0,11.699996948242188,26.399993896484375,60396.0,False,3,2,False,accurate,0,0,False,False,75,False,True,,,,,,,,,,,
8629,60403.0,60403.0,60419.0,0,16.0,16.0,60431.0,False,1,0,False,accurate,1,1,False,False,70,False,True,,,,,,,,,,,
8631,60417.0,60419.0,60435.5,0,16.5,18.5,60445.0,False,2,1,False,accurate,0,0,False,False,68,False,True,,,,,,,,,,,
8632,60424.0,60435.5,60438.20000076294,0,2.700000762939453,14.200000762939453,60452.0,False,2,1,False,fast,0,1,True,False,67,False,True,,,,,,,,,,,
8634,60438.0,60438.20000076294,60452.10000228882,0,13.900001525878906,14.10000228881836,60466.0,False,2,1,False,accurate,0,0,False,False,65,False,True,,,,,,,,,,,
8640,60480.0,60480.0,60498.529996109006,0,18.52999610900879,18.52999610900588,60508.0,False,1,0,False,accurate,0,0,False,False,59,False,True,,,,,,,,,,,
8643,60501.0,60501.0,60521.63999876976,0,20.63999876976013,20.639998769758677,60529.0,False,1,0,False,accurate,0,0,False,False,56,False,True,,,,,,,,,,,
8644,60508.0,60521.63999876976,60524.906668985685,0,3.2666702159245684,16.90666898568452,60536.0,False,2,1,False,fast,0,0,False,False,55,False,True,,,,,,,,,,,
8645,60515.0,60524.906668985685,60528.1500014464,0,3.243332460721331,13.150001446403621,60543.0,False,3,2,False,fast,0,0,False,False,54,False,True,,,,,,,,,,,
8646,60522.0,60528.1500014464,60547.82249795595,0,19.672496509552,25.822497955952713,60550.0,False,3,2,False,accurate,0,0,False,False,53,False,True,,,,,,,,,,,
8647,60529.0,60547.82249795595,60551.01916809558,0,3.196670139630623,22.019168095583154,60557.0,False,2,1,False,fast,0,0,False,False,52,False,True,,,,,,,,,,,
8649,60543.0,60551.01916809558,60554.16917152881,0,3.150003433227539,11.169171528810693,60571.0,False,3,2,False,fast,0,0,False,False,50,False,True,,,,,,,,,,,
8650,60550.0,60554.16917152881,60576.984172377975,0,22.815000849167497,26.984172377975483,60578.0,False,3,2,False,accurate,1,1,False,False,49,False,True,,,,,,,,,,,
8651,60557.0,60576.984172377975,60580.198336519396,0,3.2141641414165405,23.198336519395525,60585.0,False,2,1,False,fast,0,0,False,False,48,False,True,,,,,,,,,,,
8653,60571.0,60580.198336519396,60583.25500235875,0,3.0566658393541957,12.255002358746424,60599.0,False,3,2,False,fast,0,0,False,False,46,False,True,,,,,,,,,,,
8655,60585.0,60585.0,60602.675,0,17.675,17.67500000000291,60613.0,False,1,0,False,accurate,0,0,False,False,44,False,True,,,,,,,,,,,
8658,60606.0,60606.0,60621.157501792906,0,15.157501792907716,15.15750179290626,60634.0,False,1,0,False,accurate,0,0,False,False,41,False,True,,,,,,,,,,,
8662,60634.0,60634.0,60651.039169116986,0,17.03916911698878,17.03916911698616,60662.0,False,1,0,False,accurate,0,0,False,False,37,False,True,,,,,,,,,,,
8663,60641.0,60651.039169116986,60665.13875324742,0,14.099584130433698,24.138753247418208,60669.0,False,2,1,False,accurate,0,0,False,False,36,False,True,,,,,,,,,,,
8672,60704.0,60704.0,60716.70000076294,0,12.700000762939453,12.700000762939453,60732.0,False,1,0,False,accurate,0,0,False,False,27,False,True,,,,,,,,,,,
8677,60739.0,60739.0,60751.90000152588,0,12.900001525878906,12.900001525878906,60767.0,False,1,0,False,accurate,0,0,False,False,22,False,True,,,,,,,,,,,
8678,60746.0,60751.90000152588,60765.5000038147,0,13.60000228881836,19.500003814697266,60774.0,False,2,1,False,accurate,0,0,False,False,21,False,True,,,,,,,,,,,
8679,60753.0,60765.5000038147,60779.700008392334,0,14.200004577636719,26.700008392333984,60781.0,False,2,1,False,accurate,0,0,False,False,20,False,True,,,,,,,,,,,
8684,60788.0,60788.0,60802.90000152588,0,14.900001525878906,14.900001525878906,60816.0,False,1,0,False,accurate,1,1,False,False,15,False,True,,,,,,,,,,,
8686,60802.0,60802.90000152588,60814.20000457764,0,11.300003051757812,12.200004577636719,60830.0,False,2,1,False,accurate,1,1,False,False,13,False,True,,,,,,,,,,,
8687,60809.0,60814.20000457764,60825.79999923706,0,11.599994659423828,16.799999237060547,60837.0,False,2,1,False,accurate,0,0,False,False,12,False,True,,,,,,,,,,,
8689,60823.0,60825.79999923706,60841.89999771118,0,16.099998474121094,18.89999771118164,60851.0,False,2,1,False,accurate,1,1,False,False,10,False,True,,,,,,,,,,,
8692,60844.0,60844.0,60858.70000076294,0,14.700000762939453,14.700000762939453,60872.0,False,1,0,False,accurate,0,0,False,False,7,False,True,,,,,,,,,,,
8694,60858.0,60858.70000076294,60872.59999847412,0,13.89999771118164,14.599998474121094,60886.0,False,2,1,False,accurate,1,1,False,False,5,False,True,,,,,,,,,,,
8695,60865.0,60872.59999847412,60884.29999923706,0,11.700000762939453,19.299999237060547,60893.0,False,2,1,False,accurate,1,1,False,False,4,False,True,,,,,,,,,,,
8697,60879.0,60884.29999923706,60902.69999694824,0,18.39999771118164,23.699996948242188,60907.0,False,2,1,False,accurate,0,0,False,False,2,True,True,,,,,,,,,,,
8698,60886.0,60902.69999694824,60905.4999961853,0,2.799999237060547,19.499996185302734,60914.0,False,2,1,False,fast,0,0,False,False,1,True,True,,,,,,,,,,,
8699,60893.0,60905.4999961853,60916.899993896484,0,11.39999771118164,23.899993896484375,60921.0,False,3,2,False,accurate,0,0,False,True,0,True,True,,,,,,,,,,,
8700,60900.0,60916.899993896484,60919.79999542236,0,2.9000015258789062,19.79999542236328,60928.0,False,4,3,False,fast,0,0,False,False,99,False,True,,,,,,,,,,,
8702,60914.0,60919.79999542236,60933.4999961853,0,13.700000762939453,19.499996185302734,60942.0,False,3,2,False,accurate,0,0,False,False,97,False,True,,,,,,,,,,,
8703,60921.0,60933.4999961853,60947.29999542236,0,13.799999237060547,26.29999542236328,60949.0,False,2,1,False,accurate,0,0,False,False,96,False,True,,,,,,,,,,,
8706,60942.0,60947.29999542236,60963.799991607666,0,16.499996185302734,21.799991607666016,60970.0,False,2,1,False,accurate,0,0,False,False,93,False,True,,,,,,,,,,,
8707,60949.0,60963.799991607666,60966.59999084473,0,2.799999237060547,17.599990844726562,60977.0,False,2,1,False,fast,0,1,True,False,92,False,True,,,,,,,,,,,
8712,60984.0,60984.0,60998.39999771118,0,14.39999771118164,14.39999771118164,61012.0,False,1,0,False,accurate,0,0,False,False,87,False,True,,,,,,,,,,,
8717,61019.0,61019.0,61031.60000228882,0,12.60000228881836,12.60000228881836,61047.0,False,1,0,False,accurate,0,0,False,False,82,False,True,,,,,,,,,,,
8718,61026.0,61031.60000228882,61045.70000076294,0,14.099998474121094,19.700000762939453,61054.0,False,2,1,False,accurate,0,0,False,False,81,False,True,,,,,,,,,,,
8722,61054.0,61054.0,61068.69999694824,0,14.699996948242188,14.699996948242188,61082.0,False,1,0,False,accurate,1,1,False,False,77,False,True,,,,,,,,,,,
8726,61082.0,61082.0,61101.60000228882,0,19.60000228881836,19.60000228881836,61110.0,False,1,0,False,accurate,0,0,False,False,73,False,True,,,,,,,,,,,
8728,61096.0,61101.60000228882,61114.79999923706,0,13.199996948242188,18.799999237060547,61124.0,False,2,1,False,accurate,1,1,False,False,71,False,True,,,,,,,,,,,
8731,61117.0,61117.0,61129.10000228882,0,12.10000228881836,12.10000228881836,61145.0,False,1,0,False,accurate,0,0,False,False,68,False,True,,,,,,,,,,,
8732,61124.0,61129.10000228882,61142.90000152588,0,13.799999237060547,18.900001525878906,61152.0,False,2,1,False,accurate,0,0,False,False,67,False,True,,,,,,,,,,,
8733,61131.0,61142.90000152588,61158.80000305176,0,15.900001525878906,27.800003051757812,61159.0,False,2,1,False,accurate,1,1,False,False,66,False,True,,,,,,,,,,,
8736,61152.0,61158.80000305176,61177.20000076294,0,18.39999771118164,25.200000762939453,61180.0,False,2,1,False,accurate,0,0,False,False,63,False,True,,,,,,,,,,,
8737,61159.0,61177.20000076294,61180.09999847412,0,2.8999977111816406,21.099998474121094,61187.0,False,2,1,False,fast,0,0,False,False,62,False,True,,,,,,,,,,,
8738,61166.0,61180.09999847412,61182.70000076294,0,2.6000022888183594,16.700000762939453,61194.0,False,3,2,False,fast,0,0,False,False,61,False,True,,,,,,,,,,,
8742,61194.0,61194.0,61204.40000152588,0,10.400001525878906,10.400001525878906,61222.0,False,1,0,False,accurate,0,0,False,False,57,False,True,,,,,,,,,,,
8744,61208.0,61208.0,61228.80000305176,0,20.800003051757812,20.800003051757812,61236.0,False,1,0,False,accurate,1,1,False,False,55,False,True,,,,,,,,,,,
8747,61229.0,61229.0,61241.70000457764,0,12.700004577636719,12.700004577636719,61257.0,False,1,0,False,accurate,0,0,False,False,52,False,True,,,,,,,,,,,
8748,61236.0,61241.70000457764,61255.70000457764,0,14.0,19.70000457763672,61264.0,False,2,1,False,accurate,0,0,False,False,51,False,True,,,,,,,,,,,
8750,61250.0,61255.70000457764,61275.600006103516,0,19.900001525878906,25.600006103515625,61278.0,False,2,1,False,accurate,0,0,False,False,49,False,True,,,,,,,,,,,
8751,61257.0,61275.600006103516,61278.40000915527,0,2.8000030517578125,21.400009155273438,61285.0,False,2,1,False,fast,0,0,False,False,48,False,True,,,,,,,,,,,
8752,61264.0,61278.40000915527,61281.10000991821,0,2.700000762939453,17.10000991821289,61292.0,False,3,2,False,fast,0,0,False,False,47,False,True,,,,,,,,,,,
8754,61278.0,61281.10000991821,61292.500007629395,0,11.39999771118164,14.500007629394531,61306.0,False,3,2,False,accurate,0,0,False,False,45,False,True,,,,,,,,,,,
8755,61285.0,61292.500007629395,61305.300006866455,0,12.799999237060547,20.300006866455078,61313.0,False,2,1,False,accurate,1,1,False,False,44,False,True,,,,,,,,,,,
8757,61299.0,61305.300006866455,61318.30000305176,0,12.999996185302734,19.300003051757812,61327.0,False,2,1,False,accurate,0,0,False,False,42,False,True,,,,,,,,,,,
8758,61306.0,61318.30000305176,61330.80000305176,0,12.5,24.800003051757812,61334.0,False,2,1,False,accurate,0,0,False,False,41,False,True,,,,,,,,,,,
8760,61320.0,61330.80000305176,61346.70000457764,0,15.900001525878906,26.70000457763672,61348.0,False,2,1,False,accurate,0,0,False,False,39,False,True,,,,,,,,,,,
8762,61334.0,61346.70000457764,61359.0000038147,0,12.299999237060547,25.000003814697266,61362.0,False,2,1,False,accurate,0,0,False,False,37,False,True,,,,,,,,,,,
8764,61348.0,61359.0000038147,61372.400005340576,0,13.400001525878906,24.400005340576172,61376.0,False,2,1,False,accurate,0,0,False,False,35,False,True,,,,,,,,,,,
8768,61376.0,61376.0,61391.29999923706,0,15.299999237060547,15.299999237060547,61404.0,False,1,0,False,accurate,0,0,False,False,31,False,True,,,,,,,,,,,
8777,61439.0,61439.0,61455.80000305176,0,16.800003051757812,16.800003051757812,61467.0,False,1,0,False,accurate,0,0,False,False,22,False,True,,,,,,,,,,,
8779,61453.0,61455.80000305176,61473.29999923706,0,17.499996185302734,20.299999237060547,61481.0,False,2,1,False,accurate,0,0,False,False,20,False,True,,,,,,,,,,,
8780,61460.0,61473.29999923706,61476.09999847412,0,2.799999237060547,16.099998474121094,61488.0,False,2,1,False,fast,0,0,False,False,19,False,True,,,,,,,,,,,
8783,61481.0,61481.0,61508.0000038147,0,27.000003814697266,27.000003814697266,61509.0,False,1,0,False,accurate,0,0,False,False,16,False,True,,,,,,,,,,,
8784,61488.0,61508.0000038147,61510.70000457764,0,2.700000762939453,22.70000457763672,61516.0,False,2,1,False,fast,0,1,True,False,15,False,True,,,,,,,,,,,
8786,61502.0,61510.70000457764,61524.20000457764,0,13.5,22.20000457763672,61530.0,False,3,2,False,accurate,0,0,False,False,13,False,True,,,,,,,,,,,
8787,61509.0,61524.20000457764,61536.70000457764,0,12.5,27.70000457763672,61537.0,False,3,2,False,accurate,0,0,False,False,12,False,True,,,,,,,,,,,
8791,61537.0,61537.0,61550.29999923706,0,13.299999237060547,13.299999237060547,61565.0,False,1,0,False,accurate,0,0,False,False,8,False,True,,,,,,,,,,,
8793,61551.0,61551.0,61564.0000038147,0,13.000003814697266,13.000003814697266,61579.0,False,1,0,False,accurate,1,1,False,False,6,False,True,,,,,,,,,,,
8794,61558.0,61564.0000038147,61580.70000076294,0,16.699996948242188,22.700000762939453,61586.0,False,2,1,False,accurate,0,0,False,False,5,False,True,,,,,,,,,,,
8797,61579.0,61580.70000076294,61594.10000228882,0,13.400001525878906,15.10000228881836,61607.0,False,2,1,False,accurate,1,1,False,False,2,True,True,,,,,,,,,,,
8801,61607.0,61607.0,61632.56374851247,0,25.56374851246676,25.56374851246801,61635.0,False,1,0,False,accurate,0,0,False,False,98,False,True,,,,,,,,,,,
8803,61621.0,61632.56374851247,61635.97124582311,0,3.4074973106384276,14.971245823107893,61649.0,False,2,1,False,fast,0,1,True,False,96,False,True,,,,,,,,,,,
8806,61642.0,61642.0,61664.57000465393,0,22.570004653930663,22.570004653927754,61670.0,False,1,0,False,accurate,1,1,False,False,93,False,True,,,,,,,,,,,
8807,61649.0,61664.57000465393,61667.76667043845,0,3.196665784517927,18.766670438446454,61677.0,False,2,1,False,fast,0,0,False,False,92,False,True,,,,,,,,,,,
8809,61663.0,61667.76667043845,61687.60416934172,0,19.837498903274536,24.60416934172099,61691.0,False,3,2,False,accurate,0,0,False,False,90,False,True,,,,,,,,,,,
8811,61677.0,61687.60416934172,61690.70750184059,0,3.1033324988683035,13.70750184058852,61705.0,False,2,1,False,fast,0,1,True,False,88,False,True,,,,,,,,,,,
8814,61698.0,61698.0,61715.05000089367,0,17.0500008936723,17.050000893672404,61726.0,False,1,0,False,accurate,0,0,False,False,85,False,True,,,,,,,,,,,
8815,61705.0,61715.05000089367,61731.84124993046,0,16.79124903678894,26.841249930461345,61733.0,False,2,1,False,accurate,0,0,False,False,84,False,True,,,,,,,,,,,
8820,61740.0,61740.0,61757.42000261009,0,17.420002610087405,17.420002610087977,61768.0,False,1,0,False,accurate,0,0,False,False,79,False,True,,,,,,,,,,,
8821,61747.0,61757.42000261009,61772.97125178039,0,15.551249170303343,25.971251780392777,61775.0,False,2,1,False,accurate,1,1,False,False,78,False,True,,,,,,,,,,,
8822,61754.0,61772.97125178039,61775.81792155107,0,2.846669770677886,21.81792155106814,61782.0,False,3,2,False,fast,0,1,True,False,77,False,True,,,,,,,,,,,
8823,61761.0,61775.81792155107,61779.14542078259,0,3.3274992315222818,18.14542078258819,61789.0,False,3,2,False,fast,0,0,False,False,76,False,True,,,,,,,,,,,
8829,61803.0,61803.0,61815.60000228882,0,12.60000228881836,12.60000228881836,61831.0,False,1,0,False,accurate,0,0,False,False,70,False,True,,,,,,,,,,,
8830,61810.0,61815.60000228882,61830.90000152588,0,15.299999237060547,20.900001525878906,61838.0,False,2,1,False,accurate,1,1,False,False,69,False,True,,,,,,,,,,,
8831,61817.0,61830.90000152588,61833.60000228882,0,2.700000762939453,16.60000228881836,61845.0,False,2,1,False,fast,0,1,True,False,68,False,True,,,,,,,,,,,
8833,61831.0,61833.60000228882,61844.80000305176,0,11.200000762939453,13.800003051757812,61859.0,False,2,1,False,accurate,0,0,False,False,66,False,True,,,,,,,,,,,
8835,61845.0,61845.0,61859.09999847412,0,14.099998474121094,14.099998474121094,61873.0,False,1,0,False,accurate,0,0,False,False,64,False,True,,,,,,,,,,,
8837,61859.0,61859.09999847412,61875.09999847412,0,16.0,16.099998474121094,61887.0,False,2,1,False,accurate,1,1,False,False,62,False,True,,,,,,,,,,,
8840,61880.0,61880.0,61897.70000076294,0,17.700000762939453,17.700000762939453,61908.0,False,1,0,False,accurate,1,1,False,False,59,False,True,,,,,,,,,,,
8842,61894.0,61897.70000076294,61913.30000305176,0,15.60000228881836,19.300003051757812,61922.0,False,2,1,False,accurate,0,0,False,False,57,False,True,,,,,,,,,,,
8843,61901.0,61913.30000305176,61928.10000228882,0,14.799999237060547,27.10000228881836,61929.0,False,2,1,False,accurate,0,0,False,False,56,False,True,,,,,,,,,,,
8845,61915.0,61928.10000228882,61930.80000305176,0,2.700000762939453,15.800003051757812,61943.0,False,2,1,False,fast,0,0,False,False,54,False,True,,,,,,,,,,,
8846,61922.0,61930.80000305176,61943.20000457764,0,12.400001525878906,21.20000457763672,61950.0,False,3,2,False,accurate,0,0,False,False,53,False,True,,,,,,,,,,,
8847,61929.0,61943.20000457764,61946.000007629395,0,2.8000030517578125,17.00000762939453,61957.0,False,3,2,False,fast,0,0,False,False,52,False,True,,,,,,,,,,,
8848,61936.0,61946.000007629395,61948.800006866455,0,2.799999237060547,12.800006866455078,61964.0,False,3,2,False,fast,0,0,False,False,51,False,True,,,,,,,,,,,
8849,61943.0,61948.800006866455,61960.10000991821,0,11.300003051757812,17.10000991821289,61971.0,False,4,3,False,accurate,0,0,False,False,50,False,True,,,,,,,,,,,
8852,61964.0,61964.0,61976.09999847412,0,12.099998474121094,12.099998474121094,61992.0,False,1,0,False,accurate,0,0,False,False,47,False,True,,,,,,,,,,,
8855,61985.0,61985.0,61996.0,0,11.0,11.0,62013.0,False,1,0,False,accurate,0,0,False,False,44,False,True,,,,,,,,,,,
8856,61992.0,61996.0,62010.5,0,14.5,18.5,62020.0,False,2,1,False,accurate,1,1,False,False,43,False,True,,,,,,,,,,,
8857,61999.0,62010.5,62023.39999771118,0,12.89999771118164,24.39999771118164,62027.0,False,2,1,False,accurate,0,0,False,False,42,False,True,,,,,,,,,,,
8860,62020.0,62023.39999771118,62035.29999923706,0,11.900001525878906,15.299999237060547,62048.0,False,2,1,False,accurate,0,0,False,False,39,False,True,,,,,,,,,,,
8861,62027.0,62035.29999923706,62049.09999847412,0,13.799999237060547,22.099998474121094,62055.0,False,2,1,False,accurate,1,1,False,False,38,False,True,,,,,,,,,,,
8863,62041.0,62049.09999847412,62062.09999847412,0,13.0,21.099998474121094,62069.0,False,2,1,False,accurate,0,0,False,False,36,False,True,,,,,,,,,,,
8864,62048.0,62062.09999847412,62073.69999694824,0,11.599998474121094,25.699996948242188,62076.0,False,3,2,False,accurate,0,0,False,False,35,False,True,,,,,,,,,,,
8865,62055.0,62073.69999694824,62076.4999961853,0,2.799999237060547,21.499996185302734,62083.0,False,3,2,False,fast,0,0,False,False,34,False,True,,,,,,,,,,,
8869,62083.0,62083.0,62098.29999923706,0,15.299999237060547,15.299999237060547,62111.0,False,1,0,False,accurate,0,0,False,False,30,False,True,,,,,,,,,,,
8876,62132.0,62132.0,62143.70000076294,0,11.700000762939453,11.700000762939453,62160.0,False,1,0,False,accurate,0,0,False,False,23,False,True,,,,,,,,,,,
8880,62160.0,62160.0,62174.29999923706,0,14.299999237060547,14.299999237060547,62188.0,False,1,0,False,accurate,1,1,False,False,19,False,True,,,,,,,,,,,
8883,62181.0,62181.0,62193.90000152588,0,12.900001525878906,12.900001525878906,62209.0,False,1,0,False,accurate,0,0,False,False,16,False,True,,,,,,,,,,,
8884,62188.0,62193.90000152588,62209.10000228882,0,15.200000762939453,21.10000228881836,62216.0,False,2,1,False,accurate,0,0,False,False,15,False,True,,,,,,,,,,,
8886,62202.0,62209.10000228882,62222.800006866455,0,13.700004577636719,20.800006866455078,62230.0,False,2,1,False,accurate,0,0,False,False,13,False,True,,,,,,,,,,,
8887,62209.0,62222.800006866455,62235.300006866455,0,12.5,26.300006866455078,62237.0,False,3,2,False,accurate,0,0,False,False,12,False,True,,,,,,,,,,,
8889,62223.0,62235.300006866455,62247.600006103516,0,12.299999237060547,24.600006103515625,62251.0,False,2,1,False,accurate,1,1,False,False,10,False,True,,,,,,,,,,,
8890,62230.0,62247.600006103516,62250.500007629395,0,2.9000015258789062,20.50000762939453,62258.0,False,3,2,False,fast,0,0,False,False,9,False,True,,,,,,,,,,,
8891,62237.0,62250.500007629395,62262.800006866455,0,12.299999237060547,25.800006866455078,62265.0,False,3,2,False,accurate,0,0,False,False,8,False,True,,,,,,,,,,,
8893,62251.0,62262.800006866455,62276.100006103516,0,13.299999237060547,25.100006103515625,62279.0,False,2,1,False,accurate,0,0,False,False,6,False,True,,,,,,,,,,,
8894,62258.0,62276.100006103516,62278.900005340576,0,2.799999237060547,20.900005340576172,62286.0,False,3,2,False,fast,0,0,False,False,5,False,True,,,,,,,,,,,
8896,62272.0,62278.900005340576,62290.60000228882,0,11.699996948242188,18.60000228881836,62300.0,False,3,2,False,accurate,0,0,False,False,3,False,True,,,,,,,,,,,
8898,62286.0,62290.60000228882,62304.0000038147,0,13.400001525878906,18.000003814697266,62314.0,False,2,1,False,accurate,0,0,False,False,1,True,True,,,,,,,,,,,
8901,62307.0,62307.0,62324.10000228882,0,17.10000228881836,17.10000228881836,62335.0,False,1,0,False,accurate,1,1,False,False,98,False,True,,,,,,,,,,,
8902,62314.0,62324.10000228882,62336.400005340576,0,12.300003051757812,22.400005340576172,62342.0,False,2,1,False,accurate,0,0,False,False,97,False,True,,,,,,,,,,,
8903,62321.0,62336.400005340576,62339.20000457764,0,2.799999237060547,18.20000457763672,62349.0,False,3,2,False,fast,0,0,False,False,96,False,True,,,,,,,,,,,
8904,62328.0,62339.20000457764,62352.70000457764,0,13.5,24.70000457763672,62356.0,False,3,2,False,accurate,0,0,False,False,95,False,True,,,,,,,,,,,
8905,62335.0,62352.70000457764,62355.5000038147,0,2.799999237060547,20.500003814697266,62363.0,False,4,3,False,fast,0,0,False,False,94,False,True,,,,,,,,,,,
8906,62342.0,62355.5000038147,62369.30000305176,0,13.799999237060547,27.300003051757812,62370.0,False,3,2,False,accurate,1,1,False,False,93,False,True,,,,,,,,,,,
8908,62356.0,62369.30000305176,62372.0,0,2.6999969482421875,16.0,62384.0,False,2,1,False,fast,0,0,False,False,91,False,True,,,,,,,,,,,
8912,62384.0,62384.0,62395.29999542236,0,11.299995422363281,11.299995422363281,62412.0,False,1,0,False,accurate,0,0,False,False,87,False,True,,,,,,,,,,,
8915,62405.0,62405.0,62418.60000228882,0,13.60000228881836,13.60000228881836,62433.0,False,1,0,False,accurate,0,0,False,False,84,False,True,,,,,,,,,,,
8916,62412.0,62418.60000228882,62434.10000228882,0,15.5,22.10000228881836,62440.0,False,2,1,False,accurate,1,1,False,False,83,False,True,,,,,,,,,,,
8917,62419.0,62434.10000228882,62436.800006866455,0,2.7000045776367188,17.800006866455078,62447.0,False,2,1,False,fast,0,0,False,False,82,False,True,,,,,,,,,,,
8920,62440.0,62440.0,62455.59999847412,0,15.599998474121094,15.599998474121094,62468.0,False,1,0,False,accurate,1,1,False,False,79,False,True,,,,,,,,,,,
8923,62461.0,62461.0,62476.09999847412,0,15.099998474121094,15.099998474121094,62489.0,False,1,0,False,accurate,0,0,False,False,76,False,True,,,,,,,,,,,
8925,62475.0,62476.09999847412,62489.0,0,12.900001525878906,14.0,62503.0,False,2,1,False,accurate,0,0,False,False,74,False,True,,,,,,,,,,,
8926,62482.0,62489.0,62504.5,0,15.5,22.5,62510.0,False,2,1,False,accurate,0,0,False,False,73,False,True,,,,,,,,,,,
8931,62517.0,62517.0,62539.59999847412,0,22.599998474121094,22.599998474121094,62545.0,False,1,0,False,accurate,0,0,False,False,68,False,True,,,,,,,,,,,
8937,62559.0,62559.0,62574.89999771118,0,15.89999771118164,15.89999771118164,62587.0,False,1,0,False,accurate,0,0,False,False,62,False,True,,,,,,,,,,,
8938,62566.0,62574.89999771118,62592.599994659424,0,17.699996948242188,26.599994659423828,62594.0,False,2,1,False,accurate,1,1,False,False,61,False,True,,,,,,,,,,,
8942,62594.0,62594.0,62607.19999694824,0,13.199996948242188,13.199996948242188,62622.0,False,1,0,False,accurate,0,0,False,False,57,False,True,,,,,,,,,,,
8944,62608.0,62608.0,62620.80000305176,0,12.800003051757812,12.800003051757812,62636.0,False,1,0,False,accurate,0,0,False,False,55,False,True,,,,,,,,,,,
8945,62615.0,62620.80000305176,62635.100006103516,0,14.300003051757812,20.100006103515625,62643.0,False,2,1,False,accurate,0,0,False,False,54,False,True,,,,,,,,,,,
8946,62622.0,62635.100006103516,62648.600006103516,0,13.5,26.600006103515625,62650.0,False,2,1,False,accurate,0,0,False,False,53,False,True,,,,,,,,,,,
8948,62636.0,62648.600006103516,62662.500007629395,0,13.900001525878906,26.50000762939453,62664.0,False,2,1,False,accurate,1,1,False,False,51,False,True,,,,,,,,,,,
8949,62643.0,62662.500007629395,62665.300006866455,0,2.799999237060547,22.300006866455078,62671.0,False,3,2,False,fast,0,0,False,False,50,False,True,,,,,,,,,,,
8951,62657.0,62665.300006866455,62683.200008392334,0,17.900001525878906,26.200008392333984,62685.0,False,3,2,False,accurate,1,1,False,False,48,False,True,,,,,,,,,,,
8952,62664.0,62683.200008392334,62686.000007629395,0,2.799999237060547,22.00000762939453,62692.0,False,3,2,False,fast,0,0,False,False,47,False,True,,,,,,,,,,,
8953,62671.0,62686.000007629395,62688.800006866455,0,2.799999237060547,17.800006866455078,62699.0,False,3,2,False,fast,0,0,False,False,46,False,True,,,,,,,,,,,
8954,62678.0,62688.800006866455,62702.30000305176,0,13.499996185302734,24.300003051757812,62706.0,False,4,3,False,accurate,0,0,False,False,45,False,True,,,,,,,,,,,
8955,62685.0,62702.30000305176,62705.10000228882,0,2.799999237060547,20.10000228881836,62713.0,False,4,3,False,fast,0,0,False,False,44,False,True,,,,,,,,,,,
8959,62713.0,62713.0,62729.19999694824,0,16.199996948242188,16.199996948242188,62741.0,False,1,0,False,accurate,0,0,False,False,40,False,True,,,,,,,,,,,
8962,62734.0,62734.0,62758.460836045546,0,24.460836045543374,24.460836045545875,62762.0,False,1,0,False,accurate,1,1,False,False,37,False,True,,,,,,,,,,,
8967,62769.0,62769.0,62795.027502040466,0,26.027502040465652,26.02750204046606,62797.0,False,1,0,False,accurate,0,0,False,False,32,False,True,,,,,,,,,,,
8970,62790.0,62795.027502040466,62798.04250714143,0,3.0150051009654817,8.04250714142836,62818.0,False,2,1,False,fast,0,1,True,False,29,False,True,,,,,,,,,,,
8971,62797.0,62798.04250714143,62815.55792503694,0,17.51541789551577,18.557925036941015,62825.0,False,2,1,False,accurate,1,1,False,False,28,False,True,,,,,,,,,,,
8972,62804.0,62815.55792503694,62818.527921680005,0,2.9699966430664064,14.52792168000451,62832.0,False,2,1,False,fast,0,0,False,False,27,False,True,,,,,,,,,,,
8973,62811.0,62818.527921680005,62836.35917177388,0,17.831250093877316,25.359171773881826,62839.0,False,3,2,False,accurate,0,0,False,False,26,False,True,,,,,,,,,,,
8976,62832.0,62836.35917177388,62854.24250520804,0,17.883333434164527,22.24250520804344,62860.0,False,2,1,False,accurate,0,0,False,False,23,False,True,,,,,,,,,,,
8981,62867.0,62867.0,62878.85374751091,0,11.853747510910033,11.85374751091149,62895.0,False,1,0,False,accurate,0,0,False,False,18,False,True,,,,,,,,,,,
8986,62902.0,62902.0,62918.89999771118,0,16.89999771118164,16.89999771118164,62930.0,False,1,0,False,accurate,0,0,False,False,13,False,True,,,,,,,,,,,
8988,62916.0,62918.89999771118,62929.5,0,10.60000228881836,13.5,62944.0,False,2,1,False,accurate,0,0,False,False,11,False,True,,,,,,,,,,,
8990,62930.0,62930.0,62943.89999771118,0,13.89999771118164,13.89999771118164,62958.0,False,1,0,False,accurate,0,0,False,False,9,False,True,,,,,,,,,,,
8998,62986.0,62986.0,63001.89999771118,0,15.89999771118164,15.89999771118164,63014.0,False,1,0,False,accurate,0,0,False,False,1,True,True,,,,,,,,,,,
9001,63007.0,63007.0,63018.29999923706,0,11.299999237060547,11.299999237060547,63035.0,False,1,0,False,accurate,0,0,False,False,98,False,True,,,,,,,,,,,
9002,63014.0,63018.29999923706,63032.69999694824,0,14.39999771118164,18.699996948242188,63042.0,False,2,1,False,accurate,0,0,False,False,97,False,True,,,,,,,,,,,
9003,63021.0,63032.69999694824,63046.89999771118,0,14.200000762939453,25.89999771118164,63049.0,False,2,1,False,accurate,0,0,False,False,96,False,True,,,,,,,,,,,
9005,63035.0,63046.89999771118,63049.69999694824,0,2.799999237060547,14.699996948242188,63063.0,False,2,1,False,fast,0,0,False,False,94,False,True,,,,,,,,,,,
9013,63091.0,63091.0,63104.0,0,13.0,13.0,63119.0,False,1,0,False,accurate,0,0,False,False,86,False,True,,,,,,,,,,,
9018,63126.0,63126.0,63139.0000038147,0,13.000003814697266,13.000003814697266,63154.0,False,1,0,False,accurate,1,1,False,False,81,False,True,,,,,,,,,,,
9019,63133.0,63139.0000038147,63155.100006103516,0,16.10000228881836,22.100006103515625,63161.0,False,2,1,False,accurate,1,1,False,False,80,False,True,,,,,,,,,,,
9021,63147.0,63155.100006103516,63165.600006103516,0,10.5,18.600006103515625,63175.0,False,2,1,False,accurate,0,0,False,False,78,False,True,,,,,,,,,,,
9023,63161.0,63165.600006103516,63180.800006866455,0,15.200000762939453,19.800006866455078,63189.0,False,2,1,False,accurate,0,0,False,False,76,False,True,,,,,,,,,,,
9024,63168.0,63180.800006866455,63195.900005340576,0,15.099998474121094,27.900005340576172,63196.0,False,2,1,False,accurate,1,1,False,False,75,False,True,,,,,,,,,,,
9026,63182.0,63195.900005340576,63208.40000915527,0,12.500003814697266,26.400009155273438,63210.0,False,2,1,False,accurate,0,0,False,False,73,False,True,,,,,,,,,,,
9027,63189.0,63208.40000915527,63211.10000991821,0,2.700000762939453,22.10000991821289,63217.0,False,3,2,False,fast,0,0,False,False,72,False,True,,,,,,,,,,,
9028,63196.0,63211.10000991821,63213.80001068115,0,2.700000762939453,17.800010681152344,63224.0,False,3,2,False,fast,0,0,False,False,71,False,True,,,,,,,,,,,
9030,63210.0,63213.80001068115,63226.70001220703,0,12.900001525878906,16.70001220703125,63238.0,False,3,2,False,accurate,0,0,False,False,69,False,True,,,,,,,,,,,
9033,63231.0,63231.0,63242.0,0,11.0,11.0,63259.0,False,1,0,False,accurate,0,0,False,False,66,False,True,,,,,,,,,,,
9034,63238.0,63242.0,63253.5,0,11.5,15.5,63266.0,False,2,1,False,accurate,1,1,False,False,65,False,True,,,,,,,,,,,
9039,63273.0,63273.0,63286.79999923706,0,13.799999237060547,13.799999237060547,63301.0,False,1,0,False,accurate,1,1,False,False,60,False,True,,,,,,,,,,,
9040,63280.0,63286.79999923706,63299.89999771118,0,13.099998474121094,19.89999771118164,63308.0,False,2,1,False,accurate,0,0,False,False,59,False,True,,,,,,,,,,,
9041,63287.0,63299.89999771118,63312.59999847412,0,12.700000762939453,25.599998474121094,63315.0,False,2,1,False,accurate,1,1,False,False,58,False,True,,,,,,,,,,,
9048,63336.0,63336.0,63348.90000152588,0,12.900001525878906,12.900001525878906,63364.0,False,1,0,False,accurate,0,0,False,False,51,False,True,,,,,,,,,,,
9050,63350.0,63350.0,63365.4999961853,0,15.499996185302734,15.499996185302734,63378.0,False,1,0,False,accurate,1,1,False,False,49,False,True,,,,,,,,,,,
9057,63399.0,63399.0,63414.59999847412,0,15.599998474121094,15.599998474121094,63427.0,False,1,0,False,accurate,1,1,False,False,42,False,True,,,,,,,,,,,
9059,63413.0,63414.59999847412,63427.39999771118,0,12.799999237060547,14.39999771118164,63441.0,False,2,1,False,accurate,0,0,False,False,40,False,True,,,,,,,,,,,
9063,63441.0,63441.0,63458.5,0,17.5,17.5,63469.0,False,1,0,False,accurate,0,0,False,False,36,False,True,,,,,,,,,,,
9067,63469.0,63469.0,63482.79999923706,0,13.799999237060547,13.799999237060547,63497.0,False,1,0,False,accurate,0,0,False,False,32,False,True,,,,,,,,,,,
9069,63483.0,63483.0,63496.70000076294,0,13.700000762939453,13.700000762939453,63511.0,False,1,0,False,accurate,1,1,False,False,30,False,True,,,,,,,,,,,
9073,63511.0,63511.0,63525.40000152588,0,14.400001525878906,14.400001525878906,63539.0,False,1,0,False,accurate,1,1,False,False,26,False,True,,,,,,,,,,,
9074,63518.0,63525.40000152588,63540.5000038147,0,15.10000228881836,22.500003814697266,63546.0,False,2,1,False,accurate,0,0,False,False,25,False,True,,,,,,,,,,,
9077,63539.0,63540.5000038147,63554.600006103516,0,14.10000228881836,15.600006103515625,63567.0,False,2,1,False,accurate,0,0,False,False,22,False,True,,,,,,,,,,,
9078,63546.0,63554.600006103516,63566.10000228882,0,11.499996185302734,20.10000228881836,63574.0,False,2,1,False,accurate,0,0,False,False,21,False,True,,,,,,,,,,,
9087,63609.0,63609.0,63621.90000152588,0,12.900001525878906,12.900001525878906,63637.0,False,1,0,False,accurate,0,0,False,False,12,False,True,,,,,,,,,,,
9088,63616.0,63621.90000152588,63635.600006103516,0,13.700004577636719,19.600006103515625,63644.0,False,2,1,False,accurate,0,0,False,False,11,False,True,,,,,,,,,,,
9092,63644.0,63644.0,63655.29999923706,0,11.299999237060547,11.299999237060547,63672.0,False,1,0,False,accurate,0,0,False,False,7,False,True,,,,,,,,,,,
9093,63651.0,63655.29999923706,63671.29999923706,0,16.0,20.299999237060547,63679.0,False,2,1,False,accurate,0,0,False,False,6,False,True,,,,,,,,,,,
9094,63658.0,63671.29999923706,63683.5,0,12.200000762939453,25.5,63686.0,False,2,1,False,accurate,0,0,False,False,5,False,True,,,,,,,,,,,
9095,63665.0,63683.5,63686.5,0,3.0,21.5,63693.0,False,3,2,False,fast,0,0,False,False,4,False,True,,,,,,,,,,,
9096,63672.0,63686.5,63699.0,0,12.5,27.0,63700.0,False,3,2,False,accurate,0,0,False,False,3,False,True,,,,,,,,,,,
9098,63686.0,63699.0,63701.70000076294,0,2.700000762939453,15.700000762939453,63714.0,False,3,2,False,fast,0,1,True,False,1,True,True,,,,,,,,,,,
9099,63693.0,63701.70000076294,63714.29999923706,0,12.599998474121094,21.299999237060547,63721.0,False,3,2,False,accurate,0,0,False,True,0,True,True,,,,,,,,,,,
9103,63721.0,63721.0,63734.29999923706,0,13.299999237060547,13.299999237060547,63749.0,False,1,0,False,accurate,0,0,False,False,96,False,True,,,,,,,,,,,
9104,63728.0,63734.29999923706,63746.0,0,11.700000762939453,18.0,63756.0,False,2,1,False,accurate,0,0,False,False,95,False,True,,,,,,,,,,,
9106,63742.0,63746.0,63759.80000305176,0,13.800003051757812,17.800003051757812,63770.0,False,2,1,False,accurate,0,0,False,False,93,False,True,,,,,,,,,,,
9108,63756.0,63759.80000305176,63772.10000228882,0,12.299999237060547,16.10000228881836,63784.0,False,2,1,False,accurate,0,0,False,False,91,False,True,,,,,,,,,,,
9111,63777.0,63777.0,63790.40000152588,0,13.400001525878906,13.400001525878906,63805.0,False,1,0,False,accurate,0,0,False,False,88,False,True,,,,,,,,,,,
9112,63784.0,63790.40000152588,63802.90000152588,0,12.5,18.900001525878906,63812.0,False,2,1,False,accurate,0,0,False,False,87,False,True,,,,,,,,,,,
9113,63791.0,63802.90000152588,63815.90000152588,0,13.0,24.900001525878906,63819.0,False,2,1,False,accurate,0,0,False,False,86,False,True,,,,,,,,,,,
9114,63798.0,63815.90000152588,63818.70000457764,0,2.8000030517578125,20.70000457763672,63826.0,False,3,2,False,fast,0,0,False,False,85,False,True,,,,,,,,,,,
9116,63812.0,63818.70000457764,63830.60000228882,0,11.89999771118164,18.60000228881836,63840.0,False,3,2,False,accurate,0,0,False,False,83,False,True,,,,,,,,,,,
9121,63847.0,63847.0,63871.72833822648,0,24.728338226477263,24.728338226479536,63875.0,False,1,0,False,accurate,0,0,False,False,78,False,True,,,,,,,,,,,
9123,63861.0,63871.72833822648,63874.90083464066,0,3.1724964141845704,13.900834640662652,63889.0,False,2,1,False,fast,0,1,True,False,76,False,True,,,,,,,,,,,
9126,63882.0,63882.0,63901.67249650955,0,19.672496509552,19.67249650954909,63910.0,False,1,0,False,accurate,0,0,False,False,73,False,True,,,,,,,,,,,
9131,63917.0,63917.0,63935.89458457609,0,18.89458457609019,18.894584576089983,63945.0,False,1,0,False,accurate,0,0,False,False,68,False,True,,,,,,,,,,,
9134,63938.0,63938.0,63962.154167522094,0,24.154167522092656,24.154167522094212,63966.0,False,1,0,False,accurate,0,0,False,False,65,False,True,,,,,,,,,,,
9142,63994.0,63994.0,64009.980831744695,0,15.9808317446957,15.980831744695024,64022.0,False,1,0,False,accurate,0,0,False,False,57,False,True,,,,,,,,,,,
9145,64015.0,64015.0,64026.60000228882,0,11.60000228881836,11.60000228881836,64043.0,False,1,0,False,accurate,0,0,False,False,54,False,True,,,,,,,,,,,
9146,64022.0,64026.60000228882,64040.80000305176,0,14.200000762939453,18.800003051757812,64050.0,False,2,1,False,accurate,0,0,False,False,53,False,True,,,,,,,,,,,
9147,64029.0,64040.80000305176,64054.0000038147,0,13.200000762939453,25.000003814697266,64057.0,False,2,1,False,accurate,0,0,False,False,52,False,True,,,,,,,,,,,
9148,64036.0,64054.0000038147,64056.70000457764,0,2.700000762939453,20.70000457763672,64064.0,False,3,2,False,fast,0,0,False,False,51,False,True,,,,,,,,,,,
9150,64050.0,64056.70000457764,64069.20000457764,0,12.5,19.20000457763672,64078.0,False,3,2,False,accurate,1,1,False,False,49,False,True,,,,,,,,,,,
9152,64064.0,64069.20000457764,64082.70000457764,0,13.5,18.70000457763672,64092.0,False,2,1,False,accurate,1,1,False,False,47,False,True,,,,,,,,,,,
9154,64078.0,64082.70000457764,64101.0,0,18.29999542236328,23.0,64106.0,False,2,1,False,accurate,0,0,False,False,45,False,True,,,,,,,,,,,
9155,64085.0,64101.0,64103.70000076294,0,2.700000762939453,18.700000762939453,64113.0,False,2,1,False,fast,0,0,False,False,44,False,True,,,,,,,,,,,
9156,64092.0,64103.70000076294,64106.5,0,2.799999237060547,14.5,64120.0,False,3,2,False,fast,0,1,True,False,43,False,True,,,,,,,,,,,
9164,64148.0,64148.0,64164.09999847412,0,16.099998474121094,16.099998474121094,64176.0,False,1,0,False,accurate,0,0,False,False,35,False,True,,,,,,,,,,,
9166,64162.0,64164.09999847412,64178.29999923706,0,14.200000762939453,16.299999237060547,64190.0,False,2,1,False,accurate,0,0,False,False,33,False,True,,,,,,,,,,,
9173,64211.0,64211.0,64224.10000228882,0,13.10000228881836,13.10000228881836,64239.0,False,1,0,False,accurate,0,0,False,False,26,False,True,,,,,,,,,,,
9177,64239.0,64239.0,64254.29999923706,0,15.299999237060547,15.299999237060547,64267.0,False,1,0,False,accurate,0,0,False,False,22,False,True,,,,,,,,,,,
9180,64260.0,64260.0,64279.5,0,19.5,19.5,64288.0,False,1,0,False,accurate,0,0,False,False,19,False,True,,,,,,,,,,,
9181,64267.0,64279.5,64291.19999694824,0,11.699996948242188,24.199996948242188,64295.0,False,2,1,False,accurate,0,0,False,False,18,False,True,,,,,,,,,,,
9182,64274.0,64291.19999694824,64294.69999694824,0,3.5,20.699996948242188,64302.0,False,3,2,False,fast,0,1,True,False,17,False,True,,,,,,,,,,,
9185,64295.0,64295.0,64306.79999923706,0,11.799999237060547,11.799999237060547,64323.0,False,1,0,False,accurate,0,0,False,False,14,False,True,,,,,,,,,,,
9187,64309.0,64309.0,64322.90000152588,0,13.900001525878906,13.900001525878906,64337.0,False,1,0,False,accurate,0,0,False,False,12,False,True,,,,,,,,,,,
9189,64323.0,64323.0,64335.59999847412,0,12.599998474121094,12.599998474121094,64351.0,False,1,0,False,accurate,0,0,False,False,10,False,True,,,,,,,,,,,
9192,64344.0,64344.0,64360.29999923706,0,16.299999237060547,16.299999237060547,64372.0,False,1,0,False,accurate,0,0,False,False,7,False,True,,,,,,,,,,,
9199,64393.0,64393.0,64406.19999694824,0,13.199996948242188,13.199996948242188,64421.0,False,1,0,False,accurate,0,0,False,True,0,True,True,,,,,,,,,,,
9205,64435.0,64435.0,64455.20000076294,0,20.200000762939453,20.200000762939453,64463.0,False,1,0,False,accurate,1,1,False,False,94,False,True,,,,,,,,,,,
9206,64442.0,64455.20000076294,64467.30000305176,0,12.10000228881836,25.300003051757812,64470.0,False,2,1,False,accurate,0,0,False,False,93,False,True,,,,,,,,,,,
9208,64456.0,64467.30000305176,64480.5,0,13.199996948242188,24.5,64484.0,False,2,1,False,accurate,0,0,False,False,91,False,True,,,,,,,,,,,
9212,64484.0,64484.0,64498.0000038147,0,14.000003814697266,14.000003814697266,64512.0,False,1,0,False,accurate,0,0,False,False,87,False,True,,,,,,,,,,,
9214,64498.0,64498.0000038147,64514.300006866455,0,16.300003051757812,16.300006866455078,64526.0,False,2,1,False,accurate,1,1,False,False,85,False,True,,,,,,,,,,,
9218,64526.0,64526.0,64539.29999923706,0,13.299999237060547,13.299999237060547,64554.0,False,1,0,False,accurate,0,0,False,False,81,False,True,,,,,,,,,,,
9220,64540.0,64540.0,64552.9999961853,0,12.999996185302734,12.999996185302734,64568.0,False,1,0,False,accurate,0,0,False,False,79,False,True,,,,,,,,,,,
9221,64547.0,64552.9999961853,64566.399993896484,0,13.39999771118164,19.399993896484375,64575.0,False,2,1,False,accurate,0,0,False,False,78,False,True,,,,,,,,,,,
9223,64561.0,64566.399993896484,64580.499992370605,0,14.099998474121094,19.49999237060547,64589.0,False,2,1,False,accurate,0,0,False,False,76,False,True,,,,,,,,,,,
9227,64589.0,64589.0,64600.5,0,11.5,11.5,64617.0,False,1,0,False,accurate,0,0,False,False,72,False,True,,,,,,,,,,,
9228,64596.0,64600.5,64613.30000305176,0,12.800003051757812,17.300003051757812,64624.0,False,2,1,False,accurate,0,0,False,False,71,False,True,,,,,,,,,,,
9229,64603.0,64613.30000305176,64626.20000457764,0,12.900001525878906,23.20000457763672,64631.0,False,2,1,False,accurate,0,0,False,False,70,False,True,,,,,,,,,,,
9230,64610.0,64626.20000457764,64637.40000152588,0,11.199996948242188,27.400001525878906,64638.0,False,3,2,False,accurate,0,0,False,False,69,False,True,,,,,,,,,,,
9231,64617.0,64637.40000152588,64640.20000076294,0,2.799999237060547,23.200000762939453,64645.0,False,3,2,False,fast,0,0,False,False,68,False,True,,,,,,,,,,,
9232,64624.0,64640.20000076294,64643.0,0,2.799999237060547,19.0,64652.0,False,4,3,False,fast,0,1,True,False,67,False,True,,,,,,,,,,,
9236,64652.0,64652.0,64664.0,0,12.0,12.0,64680.0,False,1,0,False,accurate,0,0,False,False,63,False,True,,,,,,,,,,,
9241,64687.0,64687.0,64698.90000152588,0,11.900001525878906,11.900001525878906,64715.0,False,1,0,False,accurate,1,1,False,False,58,False,True,,,,,,,,,,,
9242,64694.0,64698.90000152588,64712.79999923706,0,13.89999771118164,18.799999237060547,64722.0,False,2,1,False,accurate,0,0,False,False,57,False,True,,,,,,,,,,,
9243,64701.0,64712.79999923706,64724.79999542236,0,11.999996185302734,23.79999542236328,64729.0,False,2,1,False,accurate,0,0,False,False,56,False,True,,,,,,,,,,,
9244,64708.0,64724.79999542236,64727.599994659424,0,2.799999237060547,19.599994659423828,64736.0,False,3,2,False,fast,0,0,False,False,55,False,True,,,,,,,,,,,
9249,64743.0,64743.0,64756.40000152588,0,13.400001525878906,13.400001525878906,64771.0,False,1,0,False,accurate,0,0,False,False,50,False,True,,,,,,,,,,,
9250,64750.0,64756.40000152588,64768.10000228882,0,11.700000762939453,18.10000228881836,64778.0,False,2,1,False,accurate,0,0,False,False,49,False,True,,,,,,,,,,,
9252,64764.0,64768.10000228882,64784.29999923706,0,16.199996948242188,20.299999237060547,64792.0,False,2,1,False,accurate,0,0,False,False,47,False,True,,,,,,,,,,,
9253,64771.0,64784.29999923706,64797.79999923706,0,13.5,26.799999237060547,64799.0,False,2,1,False,accurate,0,0,False,False,46,False,True,,,,,,,,,,,
9255,64785.0,64797.79999923706,64812.59999847412,0,14.799999237060547,27.599998474121094,64813.0,False,2,1,False,accurate,1,1,False,False,44,False,True,,,,,,,,,,,
9256,64792.0,64812.59999847412,64815.29999542236,0,2.6999969482421875,23.29999542236328,64820.0,False,3,2,False,fast,0,0,False,False,43,False,True,,,,,,,,,,,
9262,64834.0,64834.0,64850.600006103516,0,16.600006103515625,16.600006103515625,64862.0,False,1,0,False,accurate,0,0,False,False,37,False,True,,,,,,,,,,,
9263,64841.0,64850.600006103516,64867.20000457764,0,16.599998474121094,26.20000457763672,64869.0,False,2,1,False,accurate,1,1,False,False,36,False,True,,,,,,,,,,,
9266,64862.0,64867.20000457764,64878.70000457764,0,11.5,16.70000457763672,64890.0,False,2,1,False,accurate,0,0,False,False,33,False,True,,,,,,,,,,,
9267,64869.0,64878.70000457764,64893.70000457764,0,15.0,24.70000457763672,64897.0,False,2,1,False,accurate,0,0,False,False,32,False,True,,,,,,,,,,,
9268,64876.0,64893.70000457764,64896.60000228882,0,2.8999977111816406,20.60000228881836,64904.0,False,3,2,False,fast,0,0,False,False,31,False,True,,,,,,,,,,,
9269,64883.0,64896.60000228882,64910.40000152588,0,13.799999237060547,27.400001525878906,64911.0,False,3,2,False,accurate,0,0,False,False,30,False,True,,,,,,,,,,,
9275,64925.0,64925.0,64936.89999771118,0,11.89999771118164,11.89999771118164,64953.0,False,1,0,False,accurate,0,0,False,False,24,False,True,,,,,,,,,,,
9276,64932.0,64936.89999771118,64948.59999847412,0,11.700000762939453,16.599998474121094,64960.0,False,2,1,False,accurate,1,1,False,False,23,False,True,,,,,,,,,,,
9278,64946.0,64948.59999847412,64963.29999542236,0,14.699996948242188,17.29999542236328,64974.0,False,2,1,False,accurate,0,0,False,False,21,False,True,,,,,,,,,,,
9281,64967.0,64967.0,64970.33667029222,0,3.336670292218514,3.3366702922212426,64995.0,False,1,0,False,fast,0,0,False,False,18,False,True,,,,,,,,,,,
9282,64974.0,64974.0,64996.326664350825,0,22.326664350827514,22.326664350825013,65002.0,False,1,0,False,accurate,0,0,False,False,17,False,True,,,,,,,,,,,
9285,64995.0,64996.326664350825,65017.463334763845,0,21.136670413017306,22.463334763844614,65023.0,False,2,1,False,accurate,1,1,False,False,14,False,True,,,,,,,,,,,
9287,65009.0,65017.463334763845,65036.46041906178,0,18.997084297935157,27.460419061782886,65037.0,False,2,1,False,accurate,0,0,False,False,12,False,True,,,,,,,,,,,
9290,65030.0,65036.46041906178,65039.47541990301,0,3.015000841220217,9.475419903006696,65058.0,False,2,1,False,fast,0,0,False,False,9,False,True,,,,,,,,,,,
9292,65044.0,65044.0,65066.95,0,22.950000000000003,22.94999999999709,65072.0,False,1,0,False,accurate,0,0,False,False,7,False,True,,,,,,,,,,,
9293,65051.0,65066.95,65069.89749667386,0,2.9474966738621333,18.897496673860587,65079.0,False,2,1,False,fast,0,0,False,False,6,False,True,,,,,,,,,,,
9296,65072.0,65072.0,65087.90999726683,0,15.909997266828999,15.909997266826394,65100.0,False,1,0,False,accurate,0,0,False,False,3,False,True,,,,,,,,,,,
9302,65114.0,65114.0,65127.758337393156,0,13.758337393154706,13.75833739315567,65142.0,False,1,0,False,accurate,0,0,False,False,97,False,True,,,,,,,,,,,
9305,65135.0,65135.0,65161.5000038147,0,26.500003814697266,26.500003814697266,65163.0,False,1,0,False,accurate,0,0,False,False,94,False,True,,,,,,,,,,,
9309,65163.0,65163.0,65177.40000152588,0,14.400001525878906,14.400001525878906,65191.0,False,1,0,False,accurate,1,1,False,False,90,False,True,,,,,,,,,,,
9313,65191.0,65191.0,65203.20000076294,0,12.200000762939453,12.200000762939453,65219.0,False,1,0,False,accurate,0,0,False,False,86,False,True,,,,,,,,,,,
9319,65233.0,65233.0,65247.5,0,14.5,14.5,65261.0,False,1,0,False,accurate,0,0,False,False,80,False,True,,,,,,,,,,,
9320,65240.0,65247.5,65263.5,0,16.0,23.5,65268.0,False,2,1,False,accurate,0,0,False,False,79,False,True,,,,,,,,,,,
9322,65254.0,65263.5,65278.19999694824,0,14.699996948242188,24.199996948242188,65282.0,False,2,1,False,accurate,1,1,False,False,77,False,True,,,,,,,,,,,
9323,65261.0,65278.19999694824,65280.899993896484,0,2.6999969482421875,19.899993896484375,65289.0,False,3,2,False,fast,0,0,False,False,76,False,True,,,,,,,,,,,
9329,65303.0,65303.0,65317.40000152588,0,14.400001525878906,14.400001525878906,65331.0,False,1,0,False,accurate,1,1,False,False,70,False,True,,,,,,,,,,,
9338,65366.0,65366.0,65380.0,0,14.0,14.0,65394.0,False,1,0,False,accurate,0,0,False,False,61,False,True,,,,,,,,,,,
9341,65387.0,65387.0,65411.79999923706,0,24.799999237060547,24.799999237060547,65415.0,False,1,0,False,accurate,0,1,True,False,58,False,True,,,,,,,,,,,
9345,65415.0,65415.0,65427.20000076294,0,12.200000762939453,12.200000762939453,65443.0,False,1,0,False,accurate,0,0,False,False,54,False,True,,,,,,,,,,,
9347,65429.0,65429.0,65446.09999847412,0,17.099998474121094,17.099998474121094,65457.0,False,1,0,False,accurate,0,0,False,False,52,False,True,,,,,,,,,,,
9348,65436.0,65446.09999847412,65458.9999961853,0,12.89999771118164,22.999996185302734,65464.0,False,2,1,False,accurate,0,0,False,False,51,False,True,,,,,,,,,,,
9350,65450.0,65458.9999961853,65471.199993133545,0,12.199996948242188,21.199993133544922,65478.0,False,2,1,False,accurate,0,0,False,False,49,False,True,,,,,,,,,,,
9351,65457.0,65471.199993133545,65474.89999008179,0,3.6999969482421875,17.89999008178711,65485.0,False,3,2,False,fast,0,1,True,False,48,False,True,,,,,,,,,,,
9352,65464.0,65474.89999008179,65487.999992370605,0,13.10000228881836,23.99999237060547,65492.0,False,3,2,False,accurate,0,0,False,False,47,False,True,,,,,,,,,,,
9355,65485.0,65487.999992370605,65504.199993133545,0,16.200000762939453,19.199993133544922,65513.0,False,2,1,False,accurate,1,1,False,False,44,False,True,,,,,,,,,,,
9357,65499.0,65504.199993133545,65516.299991607666,0,12.099998474121094,17.299991607666016,65527.0,False,2,1,False,accurate,0,0,False,False,42,False,True,,,,,,,,,,,
9360,65520.0,65520.0,65544.90000152588,0,24.900001525878906,24.900001525878906,65548.0,False,1,0,False,accurate,0,0,False,False,39,False,True,,,,,,,,,,,
9365,65555.0,65555.0,65568.39999771118,0,13.39999771118164,13.39999771118164,65583.0,False,1,0,False,accurate,1,1,False,False,34,False,True,,,,,,,,,,,
9366,65562.0,65568.39999771118,65588.5,0,20.10000228881836,26.5,65590.0,False,2,1,False,accurate,0,0,False,False,33,False,True,,,,,,,,,,,
9367,65569.0,65588.5,65591.19999694824,0,2.6999969482421875,22.199996948242188,65597.0,False,2,1,False,fast,0,0,False,False,32,False,True,,,,,,,,,,,
9376,65632.0,65632.0,65646.09999847412,0,14.099998474121094,14.099998474121094,65660.0,False,1,0,False,accurate,0,0,False,False,23,False,True,,,,,,,,,,,
9378,65646.0,65646.09999847412,65666.09999465942,0,19.999996185302734,20.099994659423828,65674.0,False,2,1,False,accurate,1,1,False,False,21,False,True,,,,,,,,,,,
9380,65660.0,65666.09999465942,65679.39999389648,0,13.299999237060547,19.399993896484375,65688.0,False,2,1,False,accurate,0,0,False,False,19,False,True,,,,,,,,,,,
9383,65681.0,65681.0,65692.79999923706,0,11.799999237060547,11.799999237060547,65709.0,False,1,0,False,accurate,1,1,False,False,16,False,True,,,,,,,,,,,
9385,65695.0,65695.0,65706.20000076294,0,11.200000762939453,11.200000762939453,65723.0,False,1,0,False,accurate,0,0,False,False,14,False,True,,,,,,,,,,,
9387,65709.0,65709.0,65722.0,0,13.0,13.0,65737.0,False,1,0,False,accurate,0,0,False,False,12,False,True,,,,,,,,,,,
9390,65730.0,65730.0,65743.29999923706,0,13.299999237060547,13.299999237060547,65758.0,False,1,0,False,accurate,1,1,False,False,9,False,True,,,,,,,,,,,
9391,65737.0,65743.29999923706,65757.70000076294,0,14.400001525878906,20.700000762939453,65765.0,False,2,1,False,accurate,1,1,False,False,8,False,True,,,,,,,,,,,
9394,65758.0,65758.0,65762.0,0,4.0,4.0,65786.0,False,1,0,False,fast,0,1,True,False,5,False,True,,,,,,,,,,,
9398,65786.0,65786.0,65810.90000152588,0,24.900001525878906,24.900001525878906,65814.0,False,1,0,False,accurate,0,0,False,False,1,True,True,,,,,,,,,,,
9400,65800.0,65810.90000152588,65813.60000228882,0,2.700000762939453,13.60000228881836,65828.0,False,2,1,False,fast,0,1,True,False,99,False,True,,,,,,,,,,,
9401,65807.0,65813.60000228882,65827.40000152588,0,13.799999237060547,20.400001525878906,65835.0,False,3,2,False,accurate,0,0,False,False,98,False,True,,,,,,,,,,,
9402,65814.0,65827.40000152588,65841.30000305176,0,13.900001525878906,27.300003051757812,65842.0,False,2,1,False,accurate,1,1,False,False,97,False,True,,,,,,,,,,,
9403,65821.0,65841.30000305176,65844.10000610352,0,2.8000030517578125,23.100006103515625,65849.0,False,3,2,False,fast,0,1,True,False,96,False,True,,,,,,,,,,,
9404,65828.0,65844.10000610352,65846.80000686646,0,2.700000762939453,18.800006866455078,65856.0,False,3,2,False,fast,0,0,False,False,95,False,True,,,,,,,,,,,
9407,65849.0,65849.0,65863.29999923706,0,14.299999237060547,14.299999237060547,65877.0,False,1,0,False,accurate,1,1,False,False,92,False,True,,,,,,,,,,,
9408,65856.0,65863.29999923706,65872.20000076294,0,8.900001525878906,16.200000762939453,65884.0,False,2,1,False,accurate,0,0,False,False,91,False,True,,,,,,,,,,,
9409,65863.0,65872.20000076294,65889.70000076294,0,17.5,26.700000762939453,65891.0,False,3,2,False,accurate,0,0,False,False,90,False,True,,,,,,,,,,,
9410,65870.0,65889.70000076294,65892.39999771118,0,2.6999969482421875,22.39999771118164,65898.0,False,3,2,False,fast,0,0,False,False,89,False,True,,,,,,,,,,,
9418,65926.0,65926.0,65938.5,0,12.5,12.5,65954.0,False,1,0,False,accurate,0,0,False,False,81,False,True,,,,,,,,,,,
9420,65940.0,65940.0,65954.29999923706,0,14.299999237060547,14.299999237060547,65968.0,False,1,0,False,accurate,1,1,False,False,79,False,True,,,,,,,,,,,
9422,65954.0,65954.29999923706,65967.29999923706,0,13.0,13.299999237060547,65982.0,False,2,1,False,accurate,0,0,False,False,77,False,True,,,,,,,,,,,
9423,65961.0,65967.29999923706,65981.5,0,14.200000762939453,20.5,65989.0,False,2,1,False,accurate,1,1,False,False,76,False,True,,,,,,,,,,,
9424,65968.0,65981.5,65984.20000076294,0,2.700000762939453,16.200000762939453,65996.0,False,2,1,False,fast,0,0,False,False,75,False,True,,,,,,,,,,,
9427,65989.0,65989.0,66001.70000076294,0,12.700000762939453,12.700000762939453,66017.0,False,1,0,False,accurate,0,0,False,False,72,False,True,,,,,,,,,,,
9429,66003.0,66003.0,66018.39999771118,0,15.39999771118164,15.39999771118164,66031.0,False,1,0,False,accurate,1,1,False,False,70,False,True,,,,,,,,,,,
9432,66024.0,66024.0,66040.59999847412,0,16.599998474121094,16.599998474121094,66052.0,False,1,0,False,accurate,0,0,False,False,67,False,True,,,,,,,,,,,
9433,66031.0,66040.59999847412,66043.39999771118,0,2.799999237060547,12.39999771118164,66059.0,False,2,1,False,fast,0,0,False,False,66,False,True,,,,,,,,,,,
9437,66059.0,66059.0,66070.5,0,11.5,11.5,66087.0,False,1,0,False,accurate,1,1,False,False,62,False,True,,,,,,,,,,,
9439,66073.0,66073.0,66085.0,0,12.0,12.0,66101.0,False,1,0,False,accurate,1,1,False,False,60,False,True,,,,,,,,,,,
9440,66080.0,66085.0,66107.779996109,0,22.77999610900879,27.77999610900588,66108.0,False,2,1,False,accurate,0,0,False,False,59,False,True,,,,,,,,,,,
9441,66087.0,66107.779996109,66111.59333033879,0,3.8133342297871877,24.593330338786473,66115.0,False,2,1,False,fast,0,0,False,False,58,False,True,,,,,,,,,,,
9442,66094.0,66111.59333033879,66115.14333035071,0,3.550000011920929,21.1433303507074,66122.0,False,3,2,False,fast,0,0,False,False,57,False,True,,,,,,,,,,,
9445,66115.0,66115.14333035071,66134.25957933604,0,19.116248985330255,19.25957933603786,66143.0,False,2,1,False,accurate,1,1,False,False,54,False,True,,,,,,,,,,,
9446,66122.0,66134.25957933604,66137.47957845866,0,3.2199991226196287,15.479578458660399,66150.0,False,2,1,False,fast,0,0,False,False,53,False,True,,,,,,,,,,,
9452,66164.0,66164.0,66181.27999897003,0,17.27999897003174,17.279998970028828,66192.0,False,1,0,False,accurate,1,1,False,False,47,False,True,,,,,,,,,,,
9454,66178.0,66181.27999897003,66202.46333416025,0,21.18333519021669,24.463334160245722,66206.0,False,2,1,False,accurate,0,0,False,False,45,False,True,,,,,,,,,,,
9458,66206.0,66206.0,66221.15750179291,0,15.157501792907716,15.157501792913536,66234.0,False,1,0,False,accurate,0,0,False,False,41,False,True,,,,,,,,,,,
9459,66213.0,66221.15750179291,66235.02207896477,0,13.86457717185221,22.022078964771936,66241.0,False,2,1,False,accurate,1,1,False,False,40,False,True,,,,,,,,,,,
9460,66220.0,66235.02207896477,66237.81208369767,0,2.790004732906823,17.812083697674097,66248.0,False,3,2,False,fast,0,1,True,False,39,False,True,,,,,,,,,,,
9461,66227.0,66237.81208369767,66254.55958535707,0,16.747501659393308,27.55958535707032,66255.0,False,3,2,False,accurate,0,0,False,False,38,False,True,,,,,,,,,,,
9464,66248.0,66254.55958535707,66267.35958459413,0,12.799999237060547,19.359584594130865,66276.0,False,2,1,False,accurate,0,0,False,False,35,False,True,,,,,,,,,,,
9465,66255.0,66267.35958459413,66270.25958612001,0,2.9000015258789062,15.259586120009772,66283.0,False,2,1,False,fast,0,0,False,False,34,False,True,,,,,,,,,,,
9466,66262.0,66270.25958612001,66284.95958306825,0,14.699996948242188,22.95958306825196,66290.0,False,3,2,False,accurate,0,0,False,False,33,False,True,,,,,,,,,,,
9468,66276.0,66284.95958306825,66297.15958383119,0,12.200000762939453,21.159583831191412,66304.0,False,2,1,False,accurate,0,0,False,False,31,False,True,,,,,,,,,,,
9476,66332.0,66332.0,66343.29999923706,0,11.299999237060547,11.299999237060547,66360.0,False,1,0,False,accurate,0,0,False,False,23,False,True,,,,,,,,,,,
9478,66346.0,66346.0,66357.0,0,11.0,11.0,66374.0,False,1,0,False,accurate,0,0,False,False,21,False,True,,,,,,,,,,,
9479,66353.0,66357.0,66369.9999961853,0,12.999996185302734,16.999996185302734,66381.0,False,2,1,False,accurate,0,0,False,False,20,False,True,,,,,,,,,,,
9480,66360.0,66369.9999961853,66386.29999542236,0,16.299999237060547,26.29999542236328,66388.0,False,2,1,False,accurate,0,0,False,False,19,False,True,,,,,,,,,,,
9482,66374.0,66386.29999542236,66401.4999961853,0,15.200000762939453,27.499996185302734,66402.0,False,2,1,False,accurate,0,0,False,False,17,False,True,,,,,,,,,,,
9483,66381.0,66401.4999961853,66404.19999313354,0,2.6999969482421875,23.199993133544922,66409.0,False,3,2,False,fast,0,1,True,False,16,False,True,,,,,,,,,,,
9484,66388.0,66404.19999313354,66406.9999923706,0,2.799999237060547,18.99999237060547,66416.0,False,3,2,False,fast,0,1,True,False,15,False,True,,,,,,,,,,,
9485,66395.0,66406.9999923706,66409.79999160767,0,2.799999237060547,14.799991607666016,66423.0,False,4,3,False,fast,0,0,False,False,14,False,True,,,,,,,,,,,
9486,66402.0,66409.79999160767,66422.9999923706,0,13.200000762939453,20.99999237060547,66430.0,False,4,3,False,accurate,0,0,False,False,13,False,True,,,,,,,,,,,
9487,66409.0,66422.9999923706,66425.79999160767,0,2.799999237060547,16.799991607666016,66437.0,False,3,2,False,fast,0,0,False,False,12,False,True,,,,,,,,,,,
9488,66416.0,66425.79999160767,66439.39999389648,0,13.60000228881836,23.399993896484375,66444.0,False,3,2,False,accurate,0,0,False,False,11,False,True,,,,,,,,,,,
9490,66430.0,66439.39999389648,66452.19999313354,0,12.799999237060547,22.199993133544922,66458.0,False,2,1,False,accurate,1,1,False,False,9,False,True,,,,,,,,,,,
9492,66444.0,66452.19999313354,66466.09999465942,0,13.900001525878906,22.099994659423828,66472.0,False,2,1,False,accurate,1,1,False,False,7,False,True,,,,,,,,,,,
9494,66458.0,66466.09999465942,66468.89999389648,0,2.799999237060547,10.899993896484375,66486.0,False,2,1,False,fast,0,1,True,False,5,False,True,,,,,,,,,,,
9495,66465.0,66468.89999389648,66482.59999465942,0,13.700000762939453,17.599994659423828,66493.0,False,3,2,False,accurate,1,1,False,False,4,False,True,,,,,,,,,,,
9496,66472.0,66482.59999465942,66497.79999542236,0,15.200000762939453,25.79999542236328,66500.0,False,2,1,False,accurate,0,0,False,False,3,False,True,,,,,,,,,,,
9498,66486.0,66497.79999542236,66511.69999313354,0,13.89999771118164,25.699993133544922,66514.0,False,2,1,False,accurate,0,0,False,False,1,True,True,,,,,,,,,,,
9501,66507.0,66511.69999313354,66526.29999160767,0,14.599998474121094,19.299991607666016,66535.0,False,2,1,False,accurate,0,0,False,False,98,False,True,,,,,,,,,,,
9507,66549.0,66549.0,66561.20000457764,0,12.200004577636719,12.200004577636719,66577.0,False,1,0,False,accurate,0,0,False,False,92,False,True,,,,,,,,,,,
9512,66584.0,66584.0,66597.5,0,13.5,13.5,66612.0,False,1,0,False,accurate,0,0,False,False,87,False,True,,,,,,,,,,,
9524,66668.0,66668.0,66681.5000038147,0,13.500003814697266,13.500003814697266,66696.0,False,1,0,False,accurate,0,0,False,False,75,False,True,,,,,,,,,,,
9525,66675.0,66681.5000038147,66693.40000915527,0,11.900005340576172,18.400009155273438,66703.0,False,2,1,False,accurate,0,0,False,False,74,False,True,,,,,,,,,,,
9527,66689.0,66693.40000915527,66704.30001449585,0,10.900005340576172,15.30001449584961,66717.0,False,2,1,False,accurate,0,0,False,False,72,False,True,,,,,,,,,,,
9530,66710.0,66710.0,66725.29999923706,0,15.299999237060547,15.299999237060547,66738.0,False,1,0,False,accurate,0,0,False,False,69,False,True,,,,,,,,,,,
9531,66717.0,66725.29999923706,66737.19999694824,0,11.89999771118164,20.199996948242188,66745.0,False,2,1,False,accurate,0,0,False,False,68,False,True,,,,,,,,,,,
9534,66738.0,66738.0,66750.0,0,12.0,12.0,66766.0,False,1,0,False,accurate,1,1,False,False,65,False,True,,,,,,,,,,,
9536,66752.0,66752.0,66764.90000152588,0,12.900001525878906,12.900001525878906,66780.0,False,1,0,False,accurate,0,0,False,False,63,False,True,,,,,,,,,,,
9537,66759.0,66764.90000152588,66778.0000038147,0,13.10000228881836,19.000003814697266,66787.0,False,2,1,False,accurate,0,0,False,False,62,False,True,,,,,,,,,,,
9539,66773.0,66778.0000038147,66790.40000534058,0,12.400001525878906,17.400005340576172,66801.0,False,2,1,False,accurate,0,0,False,False,60,False,True,,,,,,,,,,,
9541,66787.0,66790.40000534058,66802.30000686646,0,11.900001525878906,15.300006866455078,66815.0,False,2,1,False,accurate,0,0,False,False,58,False,True,,,,,,,,,,,
9544,66808.0,66808.0,66820.29999923706,0,12.299999237060547,12.299999237060547,66836.0,False,1,0,False,accurate,0,0,False,False,55,False,True,,,,,,,,,,,
9546,66822.0,66822.0,66836.10000228882,0,14.10000228881836,14.10000228881836,66850.0,False,1,0,False,accurate,0,0,False,False,53,False,True,,,,,,,,,,,
9547,66829.0,66836.10000228882,66849.0,0,12.89999771118164,20.0,66857.0,False,2,1,False,accurate,0,0,False,False,52,False,True,,,,,,,,,,,
9557,66899.0,66899.0,66912.09999465942,0,13.099994659423828,13.099994659423828,66927.0,False,1,0,False,accurate,0,0,False,False,42,False,True,,,,,,,,,,,
9559,66913.0,66913.0,66926.0000038147,0,13.000003814697266,13.000003814697266,66941.0,False,1,0,False,accurate,0,0,False,False,40,False,True,,,,,,,,,,,
9563,66941.0,66941.0,66952.5,0,11.5,11.5,66969.0,False,1,0,False,accurate,0,0,False,False,36,False,True,,,,,,,,,,,
9564,66948.0,66952.5,66965.10000228882,0,12.60000228881836,17.10000228881836,66976.0,False,2,1,False,accurate,0,0,False,False,35,False,True,,,,,,,,,,,
9566,66962.0,66965.10000228882,66978.70000457764,0,13.60000228881836,16.70000457763672,66990.0,False,2,1,False,accurate,0,0,False,False,33,False,True,,,,,,,,,,,
9567,66969.0,66978.70000457764,66981.40000534058,0,2.700000762939453,12.400005340576172,66997.0,False,2,1,False,fast,0,0,False,False,32,False,True,,,,,,,,,,,
9569,66983.0,66983.0,66995.5000038147,0,12.500003814697266,12.500003814697266,67011.0,False,1,0,False,accurate,0,0,False,False,30,False,True,,,,,,,,,,,
9572,67004.0,67004.0,67017.0,0,13.0,13.0,67032.0,False,1,0,False,accurate,0,0,False,False,27,False,True,,,,,,,,,,,
9573,67011.0,67017.0,67028.5,0,11.5,17.5,67039.0,False,2,1,False,accurate,1,1,False,False,26,False,True,,,,,,,,,,,
9574,67018.0,67028.5,67041.79999923706,0,13.299999237060547,23.799999237060547,67046.0,False,2,1,False,accurate,0,0,False,False,25,False,True,,,,,,,,,,,
9578,67046.0,67046.0,67059.0,0,13.0,13.0,67074.0,False,1,0,False,accurate,0,0,False,False,21,False,True,,,,,,,,,,,
9579,67053.0,67059.0,67070.09999847412,0,11.099998474121094,17.099998474121094,67081.0,False,2,1,False,accurate,0,0,False,False,20,False,True,,,,,,,,,,,
9581,67067.0,67070.09999847412,67083.59999465942,0,13.499996185302734,16.599994659423828,67095.0,False,2,1,False,accurate,0,0,False,False,18,False,True,,,,,,,,,,,
9582,67074.0,67083.59999465942,67098.39999771118,0,14.800003051757812,24.39999771118164,67102.0,False,2,1,False,accurate,0,0,False,False,17,False,True,,,,,,,,,,,
9583,67081.0,67098.39999771118,67101.19999694824,0,2.799999237060547,20.199996948242188,67109.0,False,3,2,False,fast,0,0,False,False,16,False,True,,,,,,,,,,,
9591,67137.0,67137.0,67148.5,0,11.5,11.5,67165.0,False,1,0,False,accurate,0,0,False,False,8,False,True,,,,,,,,,,,
9592,67144.0,67148.5,67162.59999465942,0,14.099994659423828,18.599994659423828,67172.0,False,2,1,False,accurate,0,0,False,False,7,False,True,,,,,,,,,,,
9594,67158.0,67162.59999465942,67173.9999923706,0,11.39999771118164,15.999992370605469,67186.0,False,2,1,False,accurate,0,0,False,False,5,False,True,,,,,,,,,,,
9598,67186.0,67186.0,67206.30000305176,0,20.300003051757812,20.300003051757812,67214.0,False,1,0,False,accurate,1,1,False,False,1,True,True,,,,,,,,,,,
9600,67200.0,67206.30000305176,67226.02000045776,0,19.71999740600586,26.020000457763672,67228.0,False,2,1,False,accurate,0,0,False,False,99,False,True,,,,,,,,,,,
9601,67207.0,67226.02000045776,67229.23749681035,0,3.217496352593116,22.23749681035406,67235.0,False,2,1,False,fast,0,0,False,False,98,False,True,,,,,,,,,,,
9606,67242.0,67242.0,67265.17999534607,0,23.179995346069333,23.179995346072246,67270.0,False,1,0,False,accurate,0,0,False,False,93,False,True,,,,,,,,,,,
9608,67256.0,67265.17999534607,67283.07332996806,0,17.893334621985762,27.073329968057806,67284.0,False,2,1,False,accurate,0,0,False,False,91,False,True,,,,,,,,,,,
9609,67263.0,67283.07332996806,67286.22332910975,0,3.1499991416931152,23.22332910975092,67291.0,False,3,2,False,fast,0,1,True,False,90,False,True,,,,,,,,,,,
9611,67277.0,67286.22332910975,67304.84207929751,0,18.61875018775463,27.842079297508462,67305.0,False,3,2,False,accurate,0,0,False,False,88,False,True,,,,,,,,,,,
9612,67284.0,67304.84207929751,67307.92207845827,0,3.0799991607666017,23.922078458272154,67312.0,False,3,2,False,fast,0,0,False,False,87,False,True,,,,,,,,,,,
9613,67291.0,67307.92207845827,67310.97874429762,0,3.0566658393541957,19.978744297623052,67319.0,False,3,2,False,fast,0,1,True,False,86,False,True,,,,,,,,,,,
9622,67354.0,67354.0,67367.12333093256,0,13.123330932557577,13.123330932561657,67382.0,False,1,0,False,accurate,0,0,False,False,77,False,True,,,,,,,,,,,
9626,67382.0,67382.0,67393.5,0,11.5,11.5,67410.0,False,1,0,False,accurate,0,0,False,False,73,False,True,,,,,,,,,,,
9629,67403.0,67403.0,67414.5,0,11.5,11.5,67431.0,False,1,0,False,accurate,1,1,False,False,70,False,True,,,,,,,,,,,
9631,67417.0,67417.0,67429.20000076294,0,12.200000762939453,12.200000762939453,67445.0,False,1,0,False,accurate,0,0,False,False,68,False,True,,,,,,,,,,,
9632,67424.0,67429.20000076294,67441.79999923706,0,12.599998474121094,17.799999237060547,67452.0,False,2,1,False,accurate,0,0,False,False,67,False,True,,,,,,,,,,,
9635,67445.0,67445.0,67456.5,0,11.5,11.5,67473.0,False,1,0,False,accurate,1,1,False,False,64,False,True,,,,,,,,,,,
9636,67452.0,67456.5,67469.4999961853,0,12.999996185302734,17.499996185302734,67480.0,False,2,1,False,accurate,0,0,False,False,63,False,True,,,,,,,,,,,
9638,67466.0,67469.4999961853,67481.9999961853,0,12.5,15.999996185302734,67494.0,False,2,1,False,accurate,0,0,False,False,61,False,True,,,,,,,,,,,
9640,67480.0,67481.9999961853,67493.39999771118,0,11.400001525878906,13.39999771118164,67508.0,False,2,1,False,accurate,0,0,False,False,59,False,True,,,,,,,,,,,
9646,67522.0,67522.0,67536.09999847412,0,14.099998474121094,14.099998474121094,67550.0,False,1,0,False,accurate,1,1,False,False,53,False,True,,,,,,,,,,,
9647,67529.0,67536.09999847412,67551.59999847412,0,15.5,22.599998474121094,67557.0,False,2,1,False,accurate,0,0,False,False,52,False,True,,,,,,,,,,,
9648,67536.0,67551.59999847412,67555.39999771118,0,3.799999237060547,19.39999771118164,67564.0,False,3,2,False,fast,0,0,False,False,51,False,True,,,,,,,,,,,
9649,67543.0,67555.39999771118,67567.69999694824,0,12.299999237060547,24.699996948242188,67571.0,False,3,2,False,accurate,0,0,False,False,50,False,True,,,,,,,,,,,
9652,67564.0,67567.69999694824,67581.9999961853,0,14.299999237060547,17.999996185302734,67592.0,False,2,1,False,accurate,1,1,False,False,47,False,True,,,,,,,,,,,
9654,67578.0,67581.9999961853,67594.59999847412,0,12.60000228881836,16.599998474121094,67606.0,False,2,1,False,accurate,0,0,False,False,45,False,True,,,,,,,,,,,
9655,67585.0,67594.59999847412,67607.79999923706,0,13.200000762939453,22.799999237060547,67613.0,False,2,1,False,accurate,1,1,False,False,44,False,True,,,,,,,,,,,
9657,67599.0,67607.79999923706,67626.09999847412,0,18.299999237060547,27.099998474121094,67627.0,False,2,1,False,accurate,1,1,False,False,42,False,True,,,,,,,,,,,
9658,67606.0,67626.09999847412,67628.89999771118,0,2.799999237060547,22.89999771118164,67634.0,False,3,2,False,fast,0,0,False,False,41,False,True,,,,,,,,,,,
9659,67613.0,67628.89999771118,67631.69999694824,0,2.799999237060547,18.699996948242188,67641.0,False,3,2,False,fast,0,0,False,False,40,False,True,,,,,,,,,,,
9666,67662.0,67662.0,67677.90000152588,0,15.900001525878906,15.900001525878906,67690.0,False,1,0,False,accurate,0,0,False,False,33,False,True,,,,,,,,,,,
9669,67683.0,67683.0,67696.5,0,13.5,13.5,67711.0,False,1,0,False,accurate,0,0,False,False,30,False,True,,,,,,,,,,,
9672,67704.0,67704.0,67717.79999923706,0,13.799999237060547,13.799999237060547,67732.0,False,1,0,False,accurate,0,0,False,False,27,False,True,,,,,,,,,,,
9676,67732.0,67732.0,67742.80000305176,0,10.800003051757812,10.800003051757812,67760.0,False,1,0,False,accurate,0,0,False,False,23,False,True,,,,,,,,,,,
9677,67739.0,67742.80000305176,67753.60000228882,0,10.799999237060547,14.60000228881836,67767.0,False,2,1,False,accurate,0,0,False,False,22,False,True,,,,,,,,,,,
9679,67753.0,67753.60000228882,67770.09999847412,0,16.499996185302734,17.099998474121094,67781.0,False,2,1,False,accurate,0,0,False,False,20,False,True,,,,,,,,,,,
9680,67760.0,67770.09999847412,67781.69999694824,0,11.599998474121094,21.699996948242188,67788.0,False,2,1,False,accurate,0,0,False,False,19,False,True,,,,,,,,,,,
9681,67767.0,67781.69999694824,67793.19999694824,0,11.5,26.199996948242188,67795.0,False,3,2,False,accurate,1,1,False,False,18,False,True,,,,,,,,,,,
9686,67802.0,67802.0,67814.0000038147,0,12.000003814697266,12.000003814697266,67830.0,False,1,0,False,accurate,0,0,False,False,13,False,True,,,,,,,,,,,
9688,67816.0,67816.0,67833.5000038147,0,17.500003814697266,17.500003814697266,67844.0,False,1,0,False,accurate,0,0,False,False,11,False,True,,,,,,,,,,,
9693,67851.0,67851.0,67864.20000076294,0,13.200000762939453,13.200000762939453,67879.0,False,1,0,False,accurate,0,0,False,False,6,False,True,,,,,,,,,,,
9698,67886.0,67886.0,67898.90000152588,0,12.900001525878906,12.900001525878906,67914.0,False,1,0,False,accurate,0,0,False,False,1,True,True,,,,,,,,,,,
9700,67900.0,67900.0,67915.0,0,15.0,15.0,67928.0,False,1,0,False,accurate,1,1,False,False,99,False,True,,,,,,,,,,,
9702,67914.0,67915.0,67928.0,0,13.0,14.0,67942.0,False,2,1,False,accurate,0,0,False,False,97,False,True,,,,,,,,,,,
9704,67928.0,67928.0,67941.5000038147,0,13.500003814697266,13.500003814697266,67956.0,False,1,0,False,accurate,1,1,False,False,95,False,True,,,,,,,,,,,
9705,67935.0,67941.5000038147,67954.40000534058,0,12.900001525878906,19.400005340576172,67963.0,False,2,1,False,accurate,1,1,False,False,94,False,True,,,,,,,,,,,
9708,67956.0,67956.0,67970.29999923706,0,14.299999237060547,14.299999237060547,67984.0,False,1,0,False,accurate,1,1,False,False,91,False,True,,,,,,,,,,,
9709,67963.0,67970.29999923706,67983.80000305176,0,13.500003814697266,20.800003051757812,67991.0,False,2,1,False,accurate,1,1,False,False,90,False,True,,,,,,,,,,,
9710,67970.0,67983.80000305176,67986.70000457764,0,2.9000015258789062,16.70000457763672,67998.0,False,3,2,False,fast,0,0,False,False,89,False,True,,,,,,,,,,,
9711,67977.0,67986.70000457764,67989.5000038147,0,2.799999237060547,12.500003814697266,68005.0,False,3,2,False,fast,0,0,False,False,88,False,True,,,,,,,,,,,
9712,67984.0,67989.5000038147,68010.40000534058,0,20.900001525878906,26.400005340576172,68012.0,False,3,2,False,accurate,0,0,False,False,87,False,True,,,,,,,,,,,
9714,67998.0,68010.40000534058,68023.30000305176,0,12.89999771118164,25.300003051757812,68026.0,False,2,1,False,accurate,0,0,False,False,85,False,True,,,,,,,,,,,
9715,68005.0,68023.30000305176,68026.10000228882,0,2.799999237060547,21.10000228881836,68033.0,False,3,2,False,fast,0,1,True,False,84,False,True,,,,,,,,,,,
9716,68012.0,68026.10000228882,68040.0,0,13.89999771118164,28.0,68040.0,False,3,2,False,accurate,0,0,False,False,83,False,True,,,,,,,,,,,
9719,68033.0,68040.0,68055.40000152588,0,15.400001525878906,22.400001525878906,68061.0,False,2,1,False,accurate,0,0,False,False,80,False,True,,,,,,,,,,,
9723,68061.0,68061.0,68078.0,0,17.0,17.0,68089.0,False,1,0,False,accurate,1,1,False,False,76,False,True,,,,,,,,,,,
9724,68068.0,68078.0,68090.69999694824,0,12.699996948242188,22.699996948242188,68096.0,False,2,1,False,accurate,0,0,False,False,75,False,True,,,,,,,,,,,
9727,68089.0,68090.69999694824,68103.29999160767,0,12.599994659423828,14.299991607666016,68117.0,False,2,1,False,accurate,1,1,False,False,72,False,True,,,,,,,,,,,
9732,68124.0,68124.0,68136.90000152588,0,12.900001525878906,12.900001525878906,68152.0,False,1,0,False,accurate,0,0,False,False,67,False,True,,,,,,,,,,,
9736,68152.0,68152.0,68166.19999694824,0,14.199996948242188,14.199996948242188,68180.0,False,1,0,False,accurate,1,1,False,False,63,False,True,,,,,,,,,,,
9740,68180.0,68180.0,68192.29999923706,0,12.299999237060547,12.299999237060547,68208.0,False,1,0,False,accurate,0,0,False,False,59,False,True,,,,,,,,,,,
9745,68215.0,68215.0,68236.60000228882,0,21.60000228881836,21.60000228881836,68243.0,False,1,0,False,accurate,0,0,False,False,54,False,True,,,,,,,,,,,
9746,68222.0,68236.60000228882,68247.60000228882,0,11.0,25.60000228881836,68250.0,False,2,1,False,accurate,0,0,False,False,53,False,True,,,,,,,,,,,
9747,68229.0,68247.60000228882,68250.40000152588,0,2.799999237060547,21.400001525878906,68257.0,False,3,2,False,fast,0,0,False,False,52,False,True,,,,,,,,,,,
9748,68236.0,68250.40000152588,68263.70000076294,0,13.299999237060547,27.700000762939453,68264.0,False,4,3,False,accurate,0,0,False,False,51,False,True,,,,,,,,,,,
9751,68257.0,68263.70000076294,68266.40000152588,0,2.700000762939453,9.400001525878906,68285.0,False,2,1,False,fast,0,1,True,False,48,False,True,,,,,,,,,,,
9752,68264.0,68266.40000152588,68290.40000152588,0,24.0,26.400001525878906,68292.0,False,2,1,False,accurate,1,1,False,False,47,False,True,,,,,,,,,,,
9754,68278.0,68290.40000152588,68305.20000076294,0,14.799999237060547,27.200000762939453,68306.0,False,2,1,False,accurate,0,0,False,False,45,False,True,,,,,,,,,,,
9756,68292.0,68305.20000076294,68319.80000305176,0,14.60000228881836,27.800003051757812,68320.0,False,2,1,False,accurate,0,0,False,False,43,False,True,,,,,,,,,,,
9758,68306.0,68319.80000305176,68331.0000038147,0,11.200000762939453,25.000003814697266,68334.0,False,2,1,False,accurate,0,0,False,False,41,False,True,,,,,,,,,,,
9763,68341.0,68341.0,68366.96124753953,0,25.96124753952026,25.961247539526084,68369.0,False,1,0,False,accurate,0,0,False,False,36,False,True,,,,,,,,,,,
9766,68362.0,68366.96124753953,68386.17625102997,0,19.215003490447998,24.176251029974082,68390.0,False,2,1,False,accurate,0,0,False,False,33,False,True,,,,,,,,,,,
9768,68376.0,68386.17625102997,68389.23625622869,0,3.0600051987171355,13.236256228687125,68404.0,False,2,1,False,fast,0,0,False,False,31,False,True,,,,,,,,,,,
9770,68390.0,68390.0,68407.60416649282,0,17.604166492819786,17.604166492819786,68418.0,False,1,0,False,accurate,0,0,False,False,29,False,True,,,,,,,,,,,
9772,68404.0,68407.60416649282,68422.72416237295,0,15.119995880126954,18.72416237294965,68432.0,False,2,1,False,accurate,0,0,False,False,27,False,True,,,,,,,,,,,
9773,68411.0,68422.72416237295,68425.7808282123,0,3.0566658393541957,14.780828212300548,68439.0,False,2,1,False,fast,0,0,False,False,26,False,True,,,,,,,,,,,
9774,68418.0,68425.7808282123,68441.53916244626,0,15.758334233959511,23.539162446264527,68446.0,False,3,2,False,accurate,0,0,False,False,25,False,True,,,,,,,,,,,
9775,68425.0,68441.53916244626,68444.5491616261,0,3.009999179840088,19.549161626098794,68453.0,False,3,2,False,fast,0,0,False,False,24,False,True,,,,,,,,,,,
9777,68439.0,68444.5491616261,68462.25041703612,0,17.70125541001555,23.25041703612078,68467.0,False,3,2,False,accurate,1,1,False,False,22,False,True,,,,,,,,,,,
9780,68460.0,68462.25041703612,68484.80708462498,0,22.556667588849866,24.807084624975687,68488.0,False,2,1,False,accurate,0,0,False,False,19,False,True,,,,,,,,,,,
9786,68502.0,68502.0,68515.90000152588,0,13.900001525878906,13.900001525878906,68530.0,False,1,0,False,accurate,1,1,False,False,13,False,True,,,,,,,,,,,
9789,68523.0,68523.0,68535.79999923706,0,12.799999237060547,12.799999237060547,68551.0,False,1,0,False,accurate,0,0,False,False,10,False,True,,,,,,,,,,,
9798,68586.0,68586.0,68605.0,0,19.0,19.0,68614.0,False,1,0,False,accurate,0,0,False,False,1,True,True,,,,,,,,,,,
9800,68600.0,68605.0,68619.80000305176,0,14.800003051757812,19.800003051757812,68628.0,False,2,1,False,accurate,0,0,False,False,99,False,True,,,,,,,,,,,
9803,68621.0,68621.0,68634.79999923706,0,13.799999237060547,13.799999237060547,68649.0,False,1,0,False,accurate,0,0,False,False,96,False,True,,,,,,,,,,,
9805,68635.0,68635.0,68650.10000228882,0,15.10000228881836,15.10000228881836,68663.0,False,1,0,False,accurate,1,1,False,False,94,False,True,,,,,,,,,,,
9806,68642.0,68650.10000228882,68664.40000152588,0,14.299999237060547,22.400001525878906,68670.0,False,2,1,False,accurate,0,0,False,False,93,False,True,,,,,,,,,,,
9813,68691.0,68691.0,68705.90000152588,0,14.900001525878906,14.900001525878906,68719.0,False,1,0,False,accurate,1,1,False,False,86,False,True,,,,,,,,,,,
9817,68719.0,68719.0,68737.09999847412,0,18.099998474121094,18.099998474121094,68747.0,False,1,0,False,accurate,1,1,False,False,82,False,True,,,,,,,,,,,
9818,68726.0,68737.09999847412,68747.19999694824,0,10.099998474121094,21.199996948242188,68754.0,False,2,1,False,accurate,0,0,False,False,81,False,True,,,,,,,,,,,
9821,68747.0,68747.19999694824,68763.69999694824,0,16.5,16.699996948242188,68775.0,False,2,1,False,accurate,1,1,False,False,78,False,True,,,,,,,,,,,
9822,68754.0,68763.69999694824,68775.59999847412,0,11.900001525878906,21.599998474121094,68782.0,False,2,1,False,accurate,0,0,False,False,77,False,True,,,,,,,,,,,
9823,68761.0,68775.59999847412,68778.5,0,2.9000015258789062,17.5,68789.0,False,3,2,False,fast,0,1,True,False,76,False,True,,,,,,,,,,,
9825,68775.0,68778.5,68792.4999961853,0,13.999996185302734,17.499996185302734,68803.0,False,3,2,False,accurate,1,1,False,False,74,False,True,,,,,,,,,,,
9828,68796.0,68796.0,68807.90000152588,0,11.900001525878906,11.900001525878906,68824.0,False,1,0,False,accurate,0,0,False,False,71,False,True,,,,,,,,,,,
9831,68817.0,68817.0,68829.39999771118,0,12.39999771118164,12.39999771118164,68845.0,False,1,0,False,accurate,0,0,False,False,68,False,True,,,,,,,,,,,
9832,68824.0,68829.39999771118,68847.0,0,17.60000228881836,23.0,68852.0,False,2,1,False,accurate,0,0,False,False,67,False,True,,,,,,,,,,,
9835,68845.0,68847.0,68859.69999694824,0,12.699996948242188,14.699996948242188,68873.0,False,2,1,False,accurate,1,1,False,False,64,False,True,,,,,,,,,,,
9836,68852.0,68859.69999694824,68872.90000152588,0,13.200004577636719,20.900001525878906,68880.0,False,2,1,False,accurate,1,1,False,False,63,False,True,,,,,,,,,,,
9837,68859.0,68872.90000152588,68885.80000305176,0,12.900001525878906,26.800003051757812,68887.0,False,3,2,False,accurate,0,0,False,False,62,False,True,,,,,,,,,,,
9838,68866.0,68885.80000305176,68888.5,0,2.6999969482421875,22.5,68894.0,False,3,2,False,fast,0,0,False,False,61,False,True,,,,,,,,,,,
9841,68887.0,68888.5,68903.20000076294,0,14.700000762939453,16.200000762939453,68915.0,False,2,1,False,accurate,1,1,False,False,58,False,True,,,,,,,,,,,
9843,68901.0,68903.20000076294,68917.40000152588,0,14.200000762939453,16.400001525878906,68929.0,False,2,1,False,accurate,0,0,False,False,56,False,True,,,,,,,,,,,
9849,68943.0,68943.0,68956.0000038147,0,13.000003814697266,13.000003814697266,68971.0,False,1,0,False,accurate,1,1,False,False,50,False,True,,,,,,,,,,,
9850,68950.0,68956.0000038147,68970.0000076294,0,14.000003814697266,20.00000762939453,68978.0,False,2,1,False,accurate,1,1,False,False,49,False,True,,,,,,,,,,,
9853,68971.0,68971.0,68983.59999847412,0,12.599998474121094,12.599998474121094,68999.0,False,1,0,False,accurate,0,0,False,False,46,False,True,,,,,,,,,,,
9855,68985.0,68985.0,68998.0,0,13.0,13.0,69013.0,False,1,0,False,accurate,0,0,False,False,44,False,True,,,,,,,,,,,
9856,68992.0,68998.0,69016.0000038147,0,18.000003814697266,24.000003814697266,69020.0,False,2,1,False,accurate,0,0,False,False,43,False,True,,,,,,,,,,,
9857,68999.0,69016.0000038147,69018.70000457764,0,2.700000762939453,19.70000457763672,69027.0,False,2,1,False,fast,0,0,False,False,42,False,True,,,,,,,,,,,
9861,69027.0,69027.0,69040.0,0,13.0,13.0,69055.0,False,1,0,False,accurate,0,0,False,False,38,False,True,,,,,,,,,,,
9865,69055.0,69055.0,69067.40000152588,0,12.400001525878906,12.400001525878906,69083.0,False,1,0,False,accurate,0,0,False,False,34,False,True,,,,,,,,,,,
9868,69076.0,69076.0,69088.79999923706,0,12.799999237060547,12.799999237060547,69104.0,False,1,0,False,accurate,0,0,False,False,31,False,True,,,,,,,,,,,
9870,69090.0,69090.0,69103.09999847412,0,13.099998474121094,13.099998474121094,69118.0,False,1,0,False,accurate,0,0,False,False,29,False,True,,,,,,,,,,,
9871,69097.0,69103.09999847412,69117.19999694824,0,14.099998474121094,20.199996948242188,69125.0,False,2,1,False,accurate,0,0,False,False,28,False,True,,,,,,,,,,,
9874,69118.0,69118.0,69136.40000152588,0,18.400001525878906,18.400001525878906,69146.0,False,1,0,False,accurate,1,1,False,False,25,False,True,,,,,,,,,,,
9875,69125.0,69136.40000152588,69151.70000076294,0,15.299999237060547,26.700000762939453,69153.0,False,2,1,False,accurate,1,1,False,False,24,False,True,,,,,,,,,,,
9877,69139.0,69151.70000076294,69163.60000228882,0,11.900001525878906,24.60000228881836,69167.0,False,2,1,False,accurate,0,0,False,False,22,False,True,,,,,,,,,,,
9887,69209.0,69209.0,69225.70000076294,0,16.700000762939453,16.700000762939453,69237.0,False,1,0,False,accurate,0,0,False,False,12,False,True,,,,,,,,,,,
9889,69223.0,69225.70000076294,69239.70000076294,0,14.0,16.700000762939453,69251.0,False,2,1,False,accurate,0,0,False,False,10,False,True,,,,,,,,,,,
9890,69230.0,69239.70000076294,69254.40000152588,0,14.700000762939453,24.400001525878906,69258.0,False,2,1,False,accurate,0,0,False,False,9,False,True,,,,,,,,,,,
9892,69244.0,69254.40000152588,69270.40000152588,0,16.0,26.400001525878906,69272.0,False,2,1,False,accurate,0,0,False,False,7,False,True,,,,,,,,,,,
9897,69279.0,69279.0,69293.80000305176,0,14.800003051757812,14.800003051757812,69307.0,False,1,0,False,accurate,1,1,False,False,2,True,True,,,,,,,,,,,
9898,69286.0,69293.80000305176,69308.40000152588,0,14.599998474121094,22.400001525878906,69314.0,False,2,1,False,accurate,0,0,False,False,1,True,True,,,,,,,,,,,
9899,69293.0,69308.40000152588,69319.70000076294,0,11.299999237060547,26.700000762939453,69321.0,False,3,2,False,accurate,0,0,False,True,0,True,True,,,,,,,,,,,
9900,69300.0,69319.70000076294,69322.5,0,2.799999237060547,22.5,69328.0,False,3,2,False,fast,0,1,True,False,99,False,True,,,,,,,,,,,
9901,69307.0,69322.5,69325.40000152588,0,2.9000015258789062,18.400001525878906,69335.0,False,4,3,False,fast,0,0,False,False,98,False,True,,,,,,,,,,,
9902,69314.0,69325.40000152588,69340.90000152588,0,15.5,26.900001525878906,69342.0,False,4,3,False,accurate,0,0,False,False,97,False,True,,,,,,,,,,,
9903,69321.0,69340.90000152588,69343.80000305176,0,2.9000015258789062,22.800003051757812,69349.0,False,4,3,False,fast,0,1,True,False,96,False,True,,,,,,,,,,,
9905,69335.0,69343.80000305176,69355.90000534058,0,12.10000228881836,20.900005340576172,69363.0,False,3,2,False,accurate,0,0,False,False,94,False,True,,,,,,,,,,,
9906,69342.0,69355.90000534058,69358.70000457764,0,2.799999237060547,16.70000457763672,69370.0,False,3,2,False,fast,0,0,False,False,93,False,True,,,,,,,,,,,
9913,69391.0,69391.0,69402.89999771118,0,11.89999771118164,11.89999771118164,69419.0,False,1,0,False,accurate,0,0,False,False,86,False,True,,,,,,,,,,,
9915,69405.0,69405.0,69418.39999771118,0,13.39999771118164,13.39999771118164,69433.0,False,1,0,False,accurate,0,0,False,False,84,False,True,,,,,,,,,,,
9922,69454.0,69454.0,69479.4458335489,0,25.445833548903465,25.445833548903465,69482.0,False,1,0,False,accurate,1,1,False,False,77,False,True,,,,,,,,,,,
9923,69461.0,69479.4458335489,69482.85333534182,0,3.407501792907715,21.853335341817,69489.0,False,2,1,False,fast,0,0,False,False,76,False,True,,,,,,,,,,,
9926,69482.0,69482.85333534182,69503.7458365053,0,20.892501163482663,21.745836505302577,69510.0,False,2,1,False,accurate,0,0,False,False,73,False,True,,,,,,,,,,,
9929,69503.0,69503.7458365053,69523.29583431185,0,19.549997806549072,20.29583431185165,69531.0,False,2,1,False,accurate,1,1,False,False,70,False,True,,,,,,,,,,,
9932,69524.0,69524.0,69542.49499588013,0,18.494995880126954,18.494995880129864,69552.0,False,1,0,False,accurate,1,1,False,False,67,False,True,,,,,,,,,,,
9936,69552.0,69552.0,69566.92333624035,0,14.923336240351217,14.923336240346543,69580.0,False,1,0,False,accurate,1,1,False,False,63,False,True,,,,,,,,,,,
9940,69580.0,69580.0,69593.17667011548,0,13.176670115490765,13.17667011548474,69608.0,False,1,0,False,accurate,0,0,False,False,59,False,True,,,,,,,,,,,
9941,69587.0,69593.17667011548,69607.31417426397,0,14.137504148483275,20.314174263970926,69615.0,False,2,1,False,accurate,0,0,False,False,58,False,True,,,,,,,,,,,
9942,69594.0,69607.31417426397,69610.16084403465,0,2.846669770677886,16.16084403464629,69622.0,False,2,1,False,fast,0,1,True,False,57,False,True,,,,,,,,,,,
9943,69601.0,69610.16084403465,69612.88334095813,0,2.722496923481424,11.88334095812752,69629.0,False,3,2,False,fast,0,0,False,False,56,False,True,,,,,,,,,,,
9944,69608.0,69612.88334095813,69631.98334324695,0,19.10000228881836,23.98334324694588,69636.0,False,3,2,False,accurate,0,0,False,False,55,False,True,,,,,,,,,,,
9945,69615.0,69631.98334324695,69634.783342484,0,2.799999237060547,19.783342484006425,69643.0,False,2,1,False,fast,0,0,False,False,54,False,True,,,,,,,,,,,
9947,69629.0,69634.783342484,69650.48333943225,0,15.699996948242188,21.483339432248613,69657.0,False,3,2,False,accurate,0,0,False,False,52,False,True,,,,,,,,,,,
9950,69650.0,69650.48333943225,69665.68334019519,0,15.200000762939453,15.683340195188066,69678.0,False,2,1,False,accurate,0,0,False,False,49,False,True,,,,,,,,,,,
9951,69657.0,69665.68334019519,69677.48333943225,0,11.799999237060547,20.483339432248613,69685.0,False,2,1,False,accurate,0,0,False,False,48,False,True,,,,,,,,,,,
9954,69678.0,69678.0,69690.5,0,12.5,12.5,69706.0,False,1,0,False,accurate,0,0,False,False,45,False,True,,,,,,,,,,,
9955,69685.0,69690.5,69703.29999923706,0,12.799999237060547,18.299999237060547,69713.0,False,2,1,False,accurate,0,0,False,False,44,False,True,,,,,,,,,,,
9957,69699.0,69703.29999923706,69716.5,0,13.200000762939453,17.5,69727.0,False,2,1,False,accurate,0,0,False,False,42,False,True,,,,,,,,,,,
9958,69706.0,69716.5,69719.20000076294,0,2.700000762939453,13.200000762939453,69734.0,False,2,1,False,fast,0,0,False,False,41,False,True,,,,,,,,,,,
9960,69720.0,69720.0,69738.59999847412,0,18.599998474121094,18.599998474121094,69748.0,False,1,0,False,accurate,0,0,False,False,39,False,True,,,,,,,,,,,
9962,69734.0,69738.59999847412,69753.59999465942,0,14.999996185302734,19.599994659423828,69762.0,False,2,1,False,accurate,0,0,False,False,37,False,True,,,,,,,,,,,
9969,69783.0,69783.0,69794.90000152588,0,11.900001525878906,11.900001525878906,69811.0,False,1,0,False,accurate,0,0,False,False,30,False,True,,,,,,,,,,,
9972,69804.0,69804.0,69819.20000076294,0,15.200000762939453,15.200000762939453,69832.0,False,1,0,False,accurate,0,0,False,False,27,False,True,,,,,,,,,,,
9974,69818.0,69819.20000076294,69835.19999694824,0,15.999996185302734,17.199996948242188,69846.0,False,2,1,False,accurate,0,0,False,False,25,False,True,,,,,,,,,,,
9975,69825.0,69835.19999694824,69851.29999542236,0,16.099998474121094,26.29999542236328,69853.0,False,2,1,False,accurate,0,0,False,False,24,False,True,,,,,,,,,,,
9977,69839.0,69851.29999542236,69865.59999465942,0,14.299999237060547,26.599994659423828,69867.0,False,2,1,False,accurate,0,0,False,False,22,False,True,,,,,,,,,,,
9979,69853.0,69865.59999465942,69878.89999389648,0,13.299999237060547,25.899993896484375,69881.0,False,2,1,False,accurate,0,0,False,False,20,False,True,,,,,,,,,,,
9982,69874.0,69878.89999389648,69881.59999465942,0,2.700000762939453,7.599994659423828,69902.0,False,2,1,False,fast,0,0,False,False,17,False,True,,,,,,,,,,,
9985,69895.0,69895.0,69914.29999923706,0,19.299999237060547,19.299999237060547,69923.0,False,1,0,False,accurate,0,0,False,False,14,False,True,,,,,,,,,,,
9986,69902.0,69914.29999923706,69917.09999847412,0,2.799999237060547,15.099998474121094,69930.0,False,2,1,False,fast,0,1,True,False,13,False,True,,,,,,,,,,,
9988,69916.0,69917.09999847412,69936.09999847412,0,19.0,20.099998474121094,69944.0,False,2,1,False,accurate,0,0,False,False,11,False,True,,,,,,,,,,,
9990,69930.0,69936.09999847412,69957.69999694824,0,21.599998474121094,27.699996948242188,69958.0,False,2,1,False,accurate,0,0,False,False,9,False,True,,,,,,,,,,,
9991,69937.0,69957.69999694824,69960.4999961853,0,2.799999237060547,23.499996185302734,69965.0,False,2,1,False,fast,0,0,False,False,8,False,True,,,,,,,,,,,
9992,69944.0,69960.4999961853,69963.19999694824,0,2.700000762939453,19.199996948242188,69972.0,False,3,2,False,fast,0,0,False,False,7,False,True,,,,,,,,,,,
9997,69979.0,69979.0,70005.79999923706,0,26.799999237060547,26.799999237060547,70007.0,False,1,0,False,accurate,0,0,False,False,2,True,True,,,,,,,,,,,
