shot_id,arrival_time_us,start_time_us,finish_time_us,worker_id,latency_us,response_time_us,deadline_us,deadline_miss,backlog,pauli_frame_lag,pauli_frame_lag_violation,prediction,observable,logical_error,logical_boundary,rounds_until_boundary,boundary_drain,boundary_commit_success,ai_model_type,ai_history_length,ai_risk_score,ai_hard_runtime_score,ai_runtime_pred,ai_confidence,fast_wrong_prob,fast_logical_fail_prob,hard_runtime_prob,safe_fast_prob,combined_fast_risk,selected_decoder
12,120.0,120.0,142.10000228881836,0,22.10000228881836,22.10000228881836,160.0,False,1,0,False,0,0,False,False,87,False,True,risk_lstm,8,0.9139478206634521,0.4297540485858917,2.072437047958374,0.8741016983985901,,,,,,accurate
13,130.0,142.10000228881836,169.20000457763672,0,27.10000228881836,39.20000457763672,170.0,False,2,1,False,1,1,False,False,86,False,True,risk_lstm,8,0.9057332873344421,0.4054010510444641,2.1045148372650146,0.8645101189613342,,,,,,accurate
16,160.0,169.20000457763672,187.60000228881836,0,18.39999771118164,27.60000228881836,200.0,False,2,1,False,0,0,False,False,83,False,True,risk_lstm,8,0.9427055716514587,0.30513519048690796,2.0903937816619873,0.9136141538619995,,,,,,accurate
17,170.0,187.60000228881836,215.5,0,27.89999771118164,45.5,210.0,True,2,1,False,0,0,False,False,82,False,False,risk_lstm,8,0.9344246983528137,0.3504768908023834,2.1535844802856445,0.869132936000824,,,,,,accurate
25,250.0,250.0,271.0,0,21.0,21.0,290.0,False,1,0,False,1,1,False,False,74,False,True,risk_lstm,8,0.9226133227348328,0.35526612401008606,2.1431291103363037,0.8795091509819031,,,,,,accurate
27,270.0,271.0,290.5999984741211,0,19.599998474121094,20.599998474121094,310.0,False,2,1,False,0,0,False,False,72,False,True,risk_lstm,8,0.9363278746604919,0.2532002031803131,2.0634617805480957,0.9153757095336914,,,,,,accurate
29,290.0,290.5999984741211,310.7999954223633,0,20.199996948242188,20.79999542236328,330.0,False,2,1,False,0,0,False,False,70,False,True,risk_lstm,8,0.8945721387863159,0.32869017124176025,2.00612473487854,0.903091549873352,,,,,,accurate
31,310.0,310.7999954223633,330.6999931335449,0,19.89999771118164,20.699993133544922,350.0,False,2,1,False,0,0,False,False,68,False,True,risk_lstm,8,0.9112443327903748,0.30466428399086,2.07293701171875,0.8937221765518188,,,,,,accurate
32,320.0,330.6999931335449,352.3999900817871,0,21.699996948242188,32.39999008178711,360.0,False,2,1,False,0,0,False,False,67,False,True,risk_lstm,8,0.924778938293457,0.3086682856082916,2.0302388668060303,0.8989289402961731,,,,,,accurate
34,340.0,352.3999900817871,379.299991607666,0,26.900001525878906,39.299991607666016,380.0,False,2,1,False,1,1,False,False,65,False,True,risk_lstm,8,0.9002982378005981,0.28392818570137024,2.1036593914031982,0.8751797080039978,,,,,,accurate
35,350.0,379.299991607666,404.99999237060547,0,25.700000762939453,54.99999237060547,390.0,True,3,2,False,1,1,False,False,64,False,False,risk_lstm,8,0.8805016875267029,0.32412365078926086,2.155608892440796,0.8904761672019958,,,,,,accurate
36,360.0,404.99999237060547,426.299991607666,0,21.299999237060547,66.29999160766602,400.0,True,3,2,False,0,0,False,False,63,False,False,risk_lstm,8,0.9223344922065735,0.28939759731292725,2.1926300525665283,0.8809340596199036,,,,,,accurate
38,380.0,426.299991607666,459.5999946594238,0,33.30000305175781,79.59999465942383,420.0,True,3,2,False,0,0,False,False,61,False,False,risk_lstm,8,0.863244891166687,0.3103378415107727,2.0616402626037598,0.8906061053276062,,,,,,accurate
41,410.0,459.5999946594238,494.3999938964844,0,34.79999923706055,84.39999389648438,450.0,True,3,2,False,0,0,False,False,58,False,False,risk_lstm,8,0.9061305522918701,0.37268397212028503,2.1742050647735596,0.8784404993057251,,,,,,accurate
42,420.0,494.3999938964844,511.69998931884766,0,17.29999542236328,91.69998931884766,460.0,True,4,3,False,0,0,False,False,57,False,False,risk_lstm,8,0.8934109807014465,0.2808881402015686,1.9251161813735962,0.9370895028114319,,,,,,accurate
44,440.0,511.69998931884766,538.4999923706055,0,26.800003051757812,98.49999237060547,480.0,True,4,3,False,1,1,False,False,55,False,False,risk_lstm,8,0.9483581185340881,0.283617228269577,2.1871564388275146,0.8761295080184937,,,,,,accurate
46,460.0,538.4999923706055,561.5999908447266,0,23.099998474121094,101.59999084472656,500.0,True,4,3,False,0,0,False,False,53,False,False,risk_lstm,8,0.9126776456832886,0.36122334003448486,2.2053871154785156,0.8813024759292603,,,,,,accurate
47,470.0,561.5999908447266,586.6999931335449,0,25.10000228881836,116.69999313354492,510.0,True,5,4,False,0,0,False,False,52,False,False,risk_lstm,8,0.8963969349861145,0.3524308204650879,2.215240716934204,0.8837630152702332,,,,,,accurate
49,490.0,586.6999931335449,607.9999885559082,0,21.29999542236328,117.9999885559082,530.0,True,6,5,True,0,0,False,False,50,False,False,risk_lstm,8,0.9370912909507751,0.2356228530406952,2.0266916751861572,0.9205885529518127,,,,,,accurate
50,500.0,607.9999885559082,629.0999870300293,0,21.099998474121094,129.0999870300293,540.0,True,6,5,True,1,1,False,False,49,False,False,risk_lstm,8,0.9489380717277527,0.23627136647701263,2.0417392253875732,0.9066431522369385,,,,,,accurate
51,510.0,629.0999870300293,649.5999870300293,0,20.5,139.5999870300293,550.0,True,7,6,True,0,0,False,False,48,False,False,risk_lstm,8,0.9256018996238708,0.3025587499141693,2.12894606590271,0.8840068578720093,,,,,,accurate
52,520.0,649.5999870300293,674.8999900817871,0,25.300003051757812,154.8999900817871,560.0,True,7,6,True,0,0,False,False,47,False,False,risk_lstm,8,0.916538655757904,0.2651963531970978,2.217658758163452,0.884464681148529,,,,,,accurate
55,550.0,674.8999900817871,696.1999931335449,0,21.300003051757812,146.19999313354492,590.0,True,7,6,True,0,0,False,False,44,False,False,risk_lstm,8,0.9318713545799255,0.27733394503593445,2.0708863735198975,0.9011201858520508,,,,,,accurate
58,580.0,696.1999931335449,715.5999946594238,0,19.400001525878906,135.59999465942383,620.0,True,7,6,True,1,1,False,False,41,False,False,risk_lstm,8,0.9317424893379211,0.24902285635471344,2.091979503631592,0.8922847509384155,,,,,,accurate
60,600.0,715.5999946594238,734.299991607666,0,18.699996948242188,134.29999160766602,640.0,True,7,6,True,0,0,False,False,39,False,False,risk_lstm,8,0.96006840467453,0.19925466179847717,2.098738670349121,0.901948094367981,,,,,,accurate
62,620.0,734.299991607666,754.1999931335449,0,19.900001525878906,134.19999313354492,660.0,True,7,6,True,0,0,False,False,37,False,False,risk_lstm,8,0.9413871765136719,0.20888246595859528,1.9732438325881958,0.9181804060935974,,,,,,accurate
64,640.0,754.1999931335449,784.5999946594238,0,30.400001525878906,144.59999465942383,680.0,True,7,6,True,0,0,False,False,35,False,False,risk_lstm,8,0.947729766368866,0.22138236463069916,2.1270461082458496,0.8746816515922546,,,,,,accurate
65,650.0,784.5999946594238,811.1999931335449,0,26.599998474121094,161.19999313354492,690.0,True,7,6,True,0,0,False,False,34,False,False,risk_lstm,8,0.9441120028495789,0.24150459468364716,2.1776111125946045,0.8722347617149353,,,,,,accurate
72,720.0,811.1999931335449,837.1999931335449,0,26.0,117.19999313354492,760.0,True,5,4,False,1,1,False,False,27,False,False,risk_lstm,8,0.9385764002799988,0.2659442722797394,2.181259870529175,0.8767041563987732,,,,,,accurate
76,760.0,837.1999931335449,859.0999908447266,0,21.89999771118164,99.09999084472656,800.0,True,4,3,False,1,1,False,False,23,False,False,risk_lstm,8,0.9281580448150635,0.2615761160850525,2.143725872039795,0.886683464050293,,,,,,accurate
78,780.0,859.0999908447266,877.1999893188477,0,18.099998474121094,97.19998931884766,820.0,True,5,4,False,0,0,False,False,21,False,False,risk_lstm,8,0.9341984391212463,0.25089091062545776,1.9666197299957275,0.9213826060295105,,,,,,accurate
79,790.0,877.1999893188477,903.0999870300293,0,25.89999771118164,113.0999870300293,830.0,True,5,4,False,0,0,False,False,20,False,False,risk_lstm,8,0.9421464204788208,0.260335773229599,2.1948888301849365,0.8723300099372864,,,,,,accurate
80,800.0,903.0999870300293,924.7999839782715,0,21.699996948242188,124.79998397827148,840.0,True,6,5,True,0,0,False,False,19,False,False,risk_lstm,8,0.9217126369476318,0.348190575838089,2.1286208629608154,0.8810898661613464,,,,,,accurate
83,830.0,924.7999839782715,949.7999839782715,0,25.0,119.79998397827148,870.0,True,6,5,True,0,0,False,False,16,False,False,risk_lstm,8,0.9137160778045654,0.3723846673965454,2.212501287460327,0.8708196878433228,,,,,,accurate
84,840.0,949.7999839782715,968.8999862670898,0,19.10000228881836,128.89998626708984,880.0,True,6,5,True,1,1,False,False,15,False,False,risk_lstm,8,0.896155595779419,0.3784019649028778,2.0313057899475098,0.9025614261627197,,,,,,accurate
92,920.0,968.8999862670898,999.2999839782715,0,30.39999771118164,79.29998397827148,960.0,True,4,3,False,1,1,False,False,7,False,False,risk_lstm,8,0.8797333836555481,0.3434793949127197,2.0885093212127686,0.8906050324440002,,,,,,accurate
93,930.0,999.2999839782715,1025.0999870300293,0,25.800003051757812,95.0999870300293,970.0,True,4,3,False,0,0,False,False,6,False,False,risk_lstm,8,0.8767656683921814,0.3122138977050781,2.147233009338379,0.8911818861961365,,,,,,accurate
95,950.0,1025.0999870300293,1045.6999855041504,0,20.599998474121094,95.69998550415039,990.0,True,4,3,False,0,0,False,False,4,False,False,risk_lstm,8,0.942507266998291,0.25484997034072876,2.085801362991333,0.9011892080307007,,,,,,accurate
97,970.0,1045.6999855041504,1071.499984741211,0,25.799999237060547,101.49998474121094,1010.0,True,4,3,False,0,0,False,False,2,True,False,risk_lstm,8,0.8732185363769531,0.35554489493370056,2.1090080738067627,0.8889766931533813,,,,,,accurate
98,980.0,1071.499984741211,1090.099983215332,0,18.599998474121094,110.09998321533203,1020.0,True,5,4,False,0,0,False,False,1,True,False,risk_lstm,8,0.9390096664428711,0.3212788999080658,2.037304639816284,0.9146316051483154,,,,,,accurate
100,1000.0,1090.099983215332,1118.599983215332,0,28.5,118.59998321533203,1040.0,True,5,4,False,1,1,False,False,99,False,False,risk_lstm,8,0.8740513920783997,0.30614814162254333,2.1394693851470947,0.8930187225341797,,,,,,accurate
101,1010.0,1118.599983215332,1143.8999824523926,0,25.299999237060547,133.89998245239258,1050.0,True,6,5,True,0,0,False,False,98,False,False,risk_lstm,8,0.9397687315940857,0.2717643678188324,2.2400009632110596,0.8763337731361389,,,,,,accurate
103,1030.0,1143.8999824523926,1167.6999816894531,0,23.799999237060547,137.69998168945312,1070.0,True,6,5,True,1,1,False,False,96,False,False,risk_lstm,8,0.9062931537628174,0.3303692042827606,2.217768907546997,0.8835915923118591,,,,,,accurate
109,1090.0,1167.6999816894531,1192.1999816894531,0,24.5,102.19998168945312,1130.0,True,5,4,False,1,1,False,False,90,False,False,risk_lstm,8,0.9167073965072632,0.3332447111606598,2.226506471633911,0.8797069191932678,,,,,,accurate
111,1110.0,1192.1999816894531,1213.499984741211,0,21.300003051757812,103.49998474121094,1150.0,True,5,4,False,0,0,False,False,88,False,False,risk_lstm,8,0.8919007182121277,0.33951330184936523,2.1470816135406494,0.8931074142456055,,,,,,accurate
112,1120.0,1213.499984741211,1232.3999824523926,0,18.89999771118164,112.39998245239258,1160.0,True,5,4,False,1,1,False,False,87,False,False,risk_lstm,8,0.9186815619468689,0.18929937481880188,1.9579341411590576,0.9198442697525024,,,,,,accurate
114,1140.0,1232.3999824523926,1261.2999801635742,0,28.89999771118164,121.29998016357422,1180.0,True,6,5,True,1,1,False,False,85,False,False,risk_lstm,8,0.9247515201568604,0.2775220572948456,2.1981582641601562,0.8860957026481628,,,,,,accurate
117,1170.0,1261.2999801635742,1284.8999786376953,0,23.599998474121094,114.89997863769531,1210.0,True,5,4,False,1,1,False,False,82,False,False,risk_lstm,8,0.9327999353408813,0.30318936705589294,2.2231674194335938,0.8780415654182434,,,,,,accurate
119,1190.0,1284.8999786376953,1312.9999809265137,0,28.10000228881836,122.99998092651367,1230.0,True,6,5,True,0,0,False,False,80,False,False,risk_lstm,8,0.8659924268722534,0.3367254436016083,2.0683321952819824,0.8978431820869446,,,,,,accurate
125,1250.0,1312.9999809265137,1334.2999839782715,0,21.300003051757812,84.29998397827148,1290.0,True,4,3,False,1,1,False,False,74,False,False,risk_lstm,8,0.9264200925827026,0.3305707573890686,2.203190565109253,0.8794894218444824,,,,,,accurate
128,1280.0,1334.2999839782715,1370.1999855041504,0,35.900001525878906,90.19998550415039,1320.0,True,4,3,False,0,0,False,False,71,False,False,risk_lstm,8,0.9162867665290833,0.32297760248184204,2.233917236328125,0.8800564408302307,,,,,,accurate
136,1360.0,1370.1999855041504,1390.1999855041504,0,20.0,30.19998550415039,1400.0,False,2,1,False,0,0,False,False,63,False,True,risk_lstm,8,0.9100695848464966,0.36298173666000366,2.1502034664154053,0.8871274590492249,,,,,,accurate
138,1380.0,1390.1999855041504,1411.9999885559082,0,21.800003051757812,31.999988555908203,1420.0,False,2,1,False,0,0,False,False,61,False,True,risk_lstm,8,0.9080997705459595,0.37419629096984863,2.198786973953247,0.8792065978050232,,,,,,accurate
139,1390.0,1411.9999885559082,1432.2999877929688,0,20.299999237060547,42.29998779296875,1430.0,True,3,2,False,0,0,False,False,60,False,False,risk_lstm,8,0.9398095011711121,0.4206973612308502,2.1012775897979736,0.8717619776725769,,,,,,accurate
141,1410.0,1432.2999877929688,1456.5999908447266,0,24.300003051757812,46.59999084472656,1450.0,True,3,2,False,0,0,False,False,58,False,False,risk_lstm,8,0.9106812477111816,0.39531373977661133,2.04601788520813,0.8938263654708862,,,,,,accurate
142,1420.0,1456.5999908447266,1474.5999908447266,0,18.0,54.59999084472656,1460.0,True,3,2,False,0,0,False,False,57,False,False,risk_lstm,8,0.9359443187713623,0.31118670105934143,1.998553991317749,0.9130764007568359,,,,,,accurate
144,1440.0,1474.5999908447266,1496.4999885559082,0,21.89999771118164,56.4999885559082,1480.0,True,3,2,False,0,0,False,False,55,False,False,risk_lstm,8,0.9149253964424133,0.32134121656417847,2.0222113132476807,0.9022167325019836,,,,,,accurate
146,1460.0,1496.4999885559082,1517.699993133545,0,21.20000457763672,57.69999313354492,1500.0,True,3,2,False,1,1,False,False,53,False,False,risk_lstm,8,0.9351913928985596,0.2826603949069977,2.141340970993042,0.8736473321914673,,,,,,accurate
152,1520.0,1520.0,1546.5000038146973,0,26.500003814697266,26.500003814697266,1560.0,False,1,0,False,0,0,False,False,47,False,True,risk_lstm,8,0.9459797739982605,0.2623649537563324,2.1614530086517334,0.8676008582115173,,,,,,accurate
153,1530.0,1546.5000038146973,1575.800006866455,0,29.300003051757812,45.80000686645508,1570.0,True,2,1,False,0,0,False,False,46,False,False,risk_lstm,8,0.9329326152801514,0.2939254641532898,2.1977102756500244,0.8731769323348999,,,,,,accurate
154,1540.0,1575.800006866455,1600.6000061035156,0,24.799999237060547,60.600006103515625,1580.0,True,3,2,False,1,1,False,False,45,False,False,risk_lstm,8,0.935602068901062,0.30042657256126404,2.2070910930633545,0.8742156624794006,,,,,,accurate
156,1560.0,1600.6000061035156,1649.2000045776367,0,48.599998474121094,89.20000457763672,1600.0,True,3,2,False,0,0,False,False,43,False,False,risk_lstm,8,0.9250590205192566,0.33210304379463196,2.2184321880340576,0.8741268515586853,,,,,,accurate
158,1580.0,1649.2000045776367,1672.9000053405762,0,23.700000762939453,92.90000534057617,1620.0,True,3,2,False,1,1,False,False,41,False,False,risk_lstm,8,0.9084580540657043,0.3547900915145874,2.221245527267456,0.8738551139831543,,,,,,accurate
159,1590.0,1672.9000053405762,1701.6000061035156,0,28.700000762939453,111.60000610351562,1630.0,True,4,3,False,0,0,False,False,40,False,False,risk_lstm,8,0.8602426648139954,0.38787785172462463,2.0920300483703613,0.8862168788909912,,,,,,accurate
161,1610.0,1701.6000061035156,1727.800006866455,0,26.200000762939453,117.80000686645508,1650.0,True,4,3,False,0,0,False,False,38,False,False,risk_lstm,8,0.9035066366195679,0.4370315968990326,2.1653029918670654,0.8687109351158142,,,,,,accurate
163,1630.0,1727.800006866455,1743.9000053405762,0,16.099998474121094,113.90000534057617,1670.0,True,5,4,False,1,1,False,False,36,False,False,risk_lstm,8,0.8413949012756348,0.1691238284111023,2.007387399673462,0.9263408184051514,,,,,,accurate
168,1680.0,1743.9000053405762,1761.700008392334,0,17.800003051757812,81.70000839233398,1720.0,True,4,3,False,0,0,False,False,31,False,False,risk_lstm,8,0.9205214381217957,0.20760060846805573,1.902827262878418,0.9244857430458069,,,,,,accurate
171,1710.0,1761.700008392334,1788.200008392334,0,26.5,78.20000839233398,1750.0,True,4,3,False,0,0,False,False,28,False,False,risk_lstm,8,0.9322502613067627,0.27160191535949707,2.137397527694702,0.8819641470909119,,,,,,accurate
173,1730.0,1788.200008392334,1807.300006866455,0,19.099998474121094,77.30000686645508,1770.0,True,4,3,False,0,0,False,False,26,False,False,risk_lstm,8,0.9378622770309448,0.22974129021167755,2.066196918487549,0.8970116376876831,,,,,,accurate
175,1750.0,1807.300006866455,1828.5000076293945,0,21.200000762939453,78.50000762939453,1790.0,True,4,3,False,0,0,False,False,24,False,False,risk_lstm,8,0.9403074979782104,0.25476494431495667,2.106842279434204,0.8815537691116333,,,,,,accurate
177,1770.0,1828.5000076293945,1854.2000045776367,0,25.699996948242188,84.20000457763672,1810.0,True,4,3,False,1,1,False,False,22,False,False,risk_lstm,8,0.9446671009063721,0.2533189058303833,2.190037965774536,0.871096670627594,,,,,,accurate
179,1790.0,1854.2000045776367,1876.5000038146973,0,22.299999237060547,86.50000381469727,1830.0,True,4,3,False,1,1,False,False,20,False,False,risk_lstm,8,0.9330491423606873,0.2590210437774658,2.180652141571045,0.8802940249443054,,,,,,accurate
180,1800.0,1876.5000038146973,1901.1000022888184,0,24.599998474121094,101.10000228881836,1840.0,True,5,4,False,1,1,False,False,19,False,False,risk_lstm,8,0.910319447517395,0.2752894461154938,2.212670087814331,0.8855030536651611,,,,,,accurate
186,1860.0,1901.1000022888184,1926.9000053405762,0,25.800003051757812,66.90000534057617,1900.0,True,3,2,False,1,1,False,False,13,False,False,risk_lstm,8,0.8992289900779724,0.34281185269355774,2.2073252201080322,0.8801946640014648,,,,,,accurate
187,1870.0,1926.9000053405762,1952.6000022888184,0,25.699996948242188,82.60000228881836,1910.0,True,4,3,False,0,0,False,False,12,False,False,risk_lstm,8,0.8934553861618042,0.4324931204319,2.1755905151367188,0.8750560879707336,,,,,,accurate
188,1880.0,1952.6000022888184,1981.099998474121,0,28.499996185302734,101.0999984741211,1920.0,True,4,3,False,0,0,False,False,11,False,False,risk_lstm,8,0.9202706813812256,0.36977607011795044,2.241248846054077,0.8650259375572205,,,,,,accurate
189,1890.0,1981.099998474121,2005.2999992370605,0,24.200000762939453,115.29999923706055,1930.0,True,5,4,False,0,0,False,False,10,False,False,risk_lstm,8,0.8957688212394714,0.4084319472312927,2.2056264877319336,0.8693931698799133,,,,,,accurate
190,1900.0,2005.2999992370605,2027.0,0,21.700000762939453,127.0,1940.0,True,6,5,True,1,1,False,False,9,False,False,risk_lstm,8,0.882845401763916,0.4211857318878174,2.042954683303833,0.901445746421814,,,,,,accurate
195,1950.0,2027.0,2056.5,0,29.5,106.5,1990.0,True,5,4,False,0,0,False,False,4,False,False,risk_lstm,8,0.8629932999610901,0.3992152512073517,2.146239995956421,0.8820080161094666,,,,,,accurate
196,1960.0,2056.5,2091.6000022888184,0,35.10000228881836,131.60000228881836,2000.0,True,5,4,False,1,1,False,False,3,False,False,risk_lstm,8,0.870313286781311,0.35952138900756836,2.1323294639587402,0.8855365514755249,,,,,,accurate
197,1970.0,2091.6000022888184,2113.2000045776367,0,21.60000228881836,143.20000457763672,2010.0,True,6,5,True,1,1,False,False,2,True,False,risk_lstm,8,0.9049304127693176,0.3780832886695862,2.194521903991699,0.8710300326347351,,,,,,accurate
199,1990.0,2113.2000045776367,2141.1000061035156,0,27.900001525878906,151.10000610351562,2030.0,True,6,5,True,0,0,False,True,0,True,False,risk_lstm,8,0.9070489406585693,0.3407743573188782,2.107203245162964,0.8910118937492371,,,,,,accurate
201,2010.0,2141.1000061035156,2174.6000061035156,0,33.5,164.60000610351562,2050.0,True,6,5,True,1,1,False,False,98,False,False,risk_lstm,8,0.9241323471069336,0.34655794501304626,2.0795366764068604,0.8881437182426453,,,,,,accurate
202,2020.0,2174.6000061035156,2209.400005340576,0,34.79999923706055,189.40000534057617,2060.0,True,7,6,True,0,0,False,False,97,False,False,risk_lstm,8,0.8679543733596802,0.34852805733680725,2.022542953491211,0.8886377811431885,,,,,,accurate
207,2070.0,2209.400005340576,2232.300006866455,0,22.900001525878906,162.30000686645508,2110.0,True,6,5,True,0,0,False,False,92,False,False,risk_lstm,8,0.904840886592865,0.34262511134147644,2.2144596576690674,0.8794231414794922,,,,,,accurate
209,2090.0,2232.300006866455,2260.2000045776367,0,27.89999771118164,170.20000457763672,2130.0,True,7,6,True,0,0,False,False,90,False,False,risk_lstm,8,0.8406511545181274,0.38193559646606445,2.082751512527466,0.8922927379608154,,,,,,accurate
210,2100.0,2260.2000045776367,2282.1000022888184,0,21.89999771118164,182.10000228881836,2140.0,True,7,6,True,1,1,False,False,89,False,False,risk_lstm,8,0.9102180004119873,0.36765867471694946,2.154202699661255,0.8877520561218262,,,,,,accurate
214,2140.0,2282.1000022888184,2309.300003051758,0,27.200000762939453,169.3000030517578,2180.0,True,7,6,True,0,0,False,False,85,False,False,risk_lstm,8,0.9104479551315308,0.3650357723236084,2.2190892696380615,0.8728252053260803,,,,,,accurate
216,2160.0,2309.300003051758,2336.6000061035156,0,27.300003051757812,176.60000610351562,2200.0,True,7,6,True,0,0,False,False,83,False,False,risk_lstm,8,0.8987088799476624,0.31861186027526855,2.2070186138153076,0.8813754320144653,,,,,,accurate
218,2180.0,2336.6000061035156,2375.4000091552734,0,38.80000305175781,195.40000915527344,2220.0,True,7,6,True,0,0,False,False,81,False,False,risk_lstm,8,0.8433436751365662,0.36013883352279663,1.9514477252960205,0.8860995769500732,,,,,,accurate
221,2210.0,2375.4000091552734,2397.2000122070312,0,21.800003051757812,187.20001220703125,2250.0,True,7,6,True,0,0,False,False,78,False,False,risk_lstm,8,0.9178146123886108,0.4146536588668823,2.1922035217285156,0.8784743547439575,,,,,,accurate
222,2220.0,2397.2000122070312,2418.7000122070312,0,21.5,198.70001220703125,2260.0,True,8,7,True,0,0,False,False,77,False,False,risk_lstm,8,0.8919968605041504,0.4085216522216797,2.161942720413208,0.8784888982772827,,,,,,accurate
224,2240.0,2418.7000122070312,2438.4000091552734,0,19.699996948242188,198.40000915527344,2280.0,True,8,7,True,0,0,False,False,75,False,False,risk_lstm,8,0.911329448223114,0.3820051848888397,2.0299899578094482,0.9006303548812866,,,,,,accurate
225,2250.0,2438.4000091552734,2459.800006866455,0,21.39999771118164,209.80000686645508,2290.0,True,9,8,True,0,0,False,False,74,False,False,risk_lstm,8,0.934450626373291,0.36374831199645996,2.0375735759735107,0.8985275030136108,,,,,,accurate
226,2260.0,2459.800006866455,2481.7000045776367,0,21.89999771118164,221.70000457763672,2300.0,True,10,9,True,0,0,False,False,73,False,False,risk_lstm,8,0.9073293209075928,0.4039638340473175,2.118650197982788,0.8733247518539429,,,,,,accurate
231,2310.0,2481.7000045776367,2501.900001525879,0,20.199996948242188,191.9000015258789,2350.0,True,8,7,True,0,0,False,False,68,False,False,risk_lstm,8,0.9128296971321106,0.3858346939086914,2.046383857727051,0.8854123950004578,,,,,,accurate
232,2320.0,2501.900001525879,2523.900001525879,0,22.0,203.9000015258789,2360.0,True,9,8,True,0,0,False,False,67,False,False,risk_lstm,8,0.9426697492599487,0.33751434087753296,2.1287121772766113,0.8638489246368408,,,,,,accurate
239,2390.0,2523.900001525879,2546.900001525879,0,23.0,156.9000015258789,2430.0,True,8,7,True,1,1,False,False,60,False,False,risk_lstm,8,0.9244389533996582,0.36666053533554077,2.1468021869659424,0.8618745803833008,,,,,,accurate
243,2430.0,2546.900001525879,2575.400001525879,0,28.5,145.4000015258789,2470.0,True,7,6,True,1,1,False,False,56,False,False,risk_lstm,8,0.8610168099403381,0.37107783555984497,2.0289194583892822,0.8892566561698914,,,,,,accurate
244,2440.0,2575.400001525879,2596.900001525879,0,21.5,156.9000015258789,2480.0,True,7,6,True,0,0,False,False,55,False,False,risk_lstm,8,0.9455877542495728,0.3653857409954071,2.063488483428955,0.8927428126335144,,,,,,accurate
245,2450.0,2596.900001525879,2622.0000038146973,0,25.10000228881836,172.00000381469727,2490.0,True,8,7,True,1,1,False,False,54,False,False,risk_lstm,8,0.8722545504570007,0.35733217000961304,2.105355978012085,0.8901828527450562,,,,,,accurate
246,2460.0,2622.0000038146973,2647.300003051758,0,25.299999237060547,187.3000030517578,2500.0,True,8,7,True,0,0,False,False,53,False,False,risk_lstm,8,0.8706955313682556,0.3540739417076111,2.1777150630950928,0.8840343356132507,,,,,,accurate
247,2470.0,2647.300003051758,2678.3999977111816,0,31.099994659423828,208.39999771118164,2510.0,True,9,8,True,1,1,False,False,52,False,False,risk_lstm,8,0.8507412075996399,0.35435736179351807,1.9860072135925293,0.8845852017402649,,,,,,accurate
248,2480.0,2678.3999977111816,2698.5,0,20.10000228881836,218.5,2520.0,True,10,9,True,0,0,False,False,51,False,False,risk_lstm,8,0.9305046200752258,0.37199684977531433,2.1285459995269775,0.8908883929252625,,,,,,accurate
251,2510.0,2698.5,2718.599998474121,0,20.099998474121094,208.5999984741211,2550.0,True,9,8,True,0,0,False,False,48,False,False,risk_lstm,8,0.9413875937461853,0.31920844316482544,2.128533124923706,0.8923323750495911,,,,,,accurate
252,2520.0,2718.599998474121,2742.7000007629395,0,24.10000228881836,222.70000076293945,2560.0,True,10,9,True,1,1,False,False,47,False,False,risk_lstm,8,0.9298776984214783,0.31146883964538574,2.2256240844726562,0.8747269511222839,,,,,,accurate
253,2530.0,2742.7000007629395,2761.1000061035156,0,18.400005340576172,231.10000610351562,2570.0,True,10,9,True,0,0,False,False,46,False,False,risk_lstm,8,0.9096232056617737,0.29469186067581177,1.9646921157836914,0.9206647872924805,,,,,,accurate
255,2550.0,2761.1000061035156,2783.6000061035156,0,22.5,233.60000610351562,2590.0,True,10,9,True,0,0,False,False,44,False,False,risk_lstm,8,0.9243032932281494,0.3029976785182953,2.2108967304229736,0.877250611782074,,,,,,accurate
256,2560.0,2783.6000061035156,2804.4000091552734,0,20.800003051757812,244.40000915527344,2600.0,True,11,10,True,1,1,False,False,43,False,False,risk_lstm,8,0.9266422986984253,0.30315741896629333,2.1770083904266357,0.878044605255127,,,,,,accurate
257,2570.0,2804.4000091552734,2826.3000144958496,0,21.900005340576172,256.3000144958496,2610.0,True,12,11,True,1,1,False,False,42,False,False,risk_lstm,8,0.9205991625785828,0.31627780199050903,2.119518995285034,0.8857389688491821,,,,,,accurate
259,2590.0,2826.3000144958496,2848.4000129699707,0,22.099998474121094,258.4000129699707,2630.0,True,12,11,True,0,0,False,False,40,False,False,risk_lstm,8,0.9213724732398987,0.3244728147983551,2.1997132301330566,0.8732988834381104,,,,,,accurate
266,2660.0,2848.4000129699707,2870.60001373291,0,22.200000762939453,210.60001373291016,2700.0,True,10,9,True,0,0,False,False,33,False,False,risk_lstm,8,0.9018552899360657,0.3905687630176544,2.1253676414489746,0.8851342797279358,,,,,,accurate
267,2670.0,2870.60001373291,2892.3000144958496,0,21.700000762939453,222.3000144958496,2710.0,True,11,10,True,0,0,False,False,32,False,False,risk_lstm,8,0.906977117061615,0.3750551640987396,2.18945050239563,0.8733054399490356,,,,,,accurate
268,2680.0,2892.3000144958496,2911.000011444092,0,18.699996948242188,231.0000114440918,2720.0,True,11,10,True,0,0,False,False,31,False,False,risk_lstm,8,0.9099769592285156,0.36201053857803345,1.896832823753357,0.9266944527626038,,,,,,accurate
272,2720.0,2911.000011444092,2937.5000076293945,0,26.499996185302734,217.50000762939453,2760.0,True,10,9,True,1,1,False,False,27,False,False,risk_lstm,8,0.9304561018943787,0.3468216359615326,2.1974868774414062,0.8670793175697327,,,,,,accurate
274,2740.0,2937.5000076293945,2967.5000076293945,0,30.0,227.50000762939453,2780.0,True,11,10,True,1,1,False,False,25,False,False,risk_lstm,8,0.9314290285110474,0.29956674575805664,1.981186032295227,0.9224669337272644,,,,,,accurate
275,2750.0,2967.5000076293945,2993.300006866455,0,25.799999237060547,243.30000686645508,2790.0,True,11,10,True,0,0,False,False,24,False,False,risk_lstm,8,0.9455701112747192,0.19555582106113434,2.0805504322052,0.9133766293525696,,,,,,accurate
276,2760.0,2993.300006866455,3027.4000091552734,0,34.10000228881836,267.40000915527344,2800.0,True,12,11,True,0,0,False,False,23,False,False,risk_lstm,8,0.8917325139045715,0.2796615958213806,2.0492002964019775,0.8876473307609558,,,,,,accurate
278,2780.0,3027.4000091552734,3062.700008392334,0,35.29999923706055,282.700008392334,2820.0,True,12,11,True,0,0,False,False,21,False,False,risk_lstm,8,0.8797377943992615,0.26197680830955505,2.061687469482422,0.8920326232910156,,,,,,accurate
279,2790.0,3062.700008392334,3087.0000076293945,0,24.299999237060547,297.00000762939453,2830.0,True,12,11,True,0,0,False,False,20,False,False,risk_lstm,8,0.8290299773216248,0.12059665471315384,1.9778571128845215,0.922112226486206,,,,,,accurate
282,2820.0,3087.0000076293945,3107.4000091552734,0,20.400001525878906,287.40000915527344,2860.0,True,12,11,True,0,0,False,False,17,False,False,risk_lstm,8,0.9423172473907471,0.2000548392534256,2.1784050464630127,0.8874833583831787,,,,,,accurate
283,2830.0,3107.4000091552734,3134.000011444092,0,26.60000228881836,304.0000114440918,2870.0,True,12,11,True,0,0,False,False,16,False,False,risk_lstm,8,0.9455775618553162,0.23477254807949066,2.2404863834381104,0.8859359622001648,,,,,,accurate
287,2870.0,3134.000011444092,3164.4000129699707,0,30.400001525878906,294.4000129699707,2910.0,True,12,11,True,0,0,False,False,12,False,False,risk_lstm,8,0.9402824640274048,0.25594377517700195,2.1477057933807373,0.8901457190513611,,,,,,accurate
290,2900.0,3164.4000129699707,3183.600009918213,0,19.199996948242188,283.6000099182129,2940.0,True,11,10,True,0,0,False,False,9,False,False,risk_lstm,8,0.9489227533340454,0.24438409507274628,2.057180643081665,0.901980996131897,,,,,,accurate
291,2910.0,3183.600009918213,3211.8000106811523,0,28.200000762939453,301.80001068115234,2950.0,True,12,11,True,0,0,False,False,8,False,False,risk_lstm,8,0.8857625722885132,0.2962539494037628,2.0832934379577637,0.8897196650505066,,,,,,accurate
295,2950.0,3211.8000106811523,3238.7000122070312,0,26.900001525878906,288.70001220703125,2990.0,True,11,10,True,1,1,False,False,4,False,False,risk_lstm,8,0.9288369417190552,0.3245793581008911,2.1411666870117188,0.8852332234382629,,,,,,accurate
298,2980.0,3238.7000122070312,3261.500015258789,0,22.800003051757812,281.50001525878906,3020.0,True,11,10,True,1,1,False,False,1,True,False,risk_lstm,8,0.9410097599029541,0.27068307995796204,2.1889772415161133,0.8725405335426331,,,,,,accurate
303,3030.0,3261.500015258789,3283.000015258789,0,21.5,253.00001525878906,3070.0,True,10,9,True,1,1,False,False,96,False,False,risk_lstm,8,0.9499759674072266,0.2934606671333313,2.023317813873291,0.9139708280563354,,,,,,accurate
304,3040.0,3283.000015258789,3302.000015258789,0,19.0,262.00001525878906,3080.0,True,11,10,True,1,1,False,False,95,False,False,risk_lstm,8,0.9394497275352478,0.22899705171585083,1.9937405586242676,0.9194907546043396,,,,,,accurate
306,3060.0,3302.000015258789,3320.500011444092,0,18.499996185302734,260.5000114440918,3100.0,True,12,11,True,0,0,False,False,93,False,False,risk_lstm,8,0.9259675145149231,0.2655981779098511,1.9304571151733398,0.9209581613540649,,,,,,accurate
307,3070.0,3320.500011444092,3349.8000144958496,0,29.300003051757812,279.8000144958496,3110.0,True,12,11,True,0,0,False,False,92,False,False,risk_lstm,8,0.9124139547348022,0.24531999230384827,2.086549997329712,0.874524712562561,,,,,,accurate
309,3090.0,3349.8000144958496,3370.10001373291,0,20.299999237060547,280.10001373291016,3130.0,True,12,11,True,0,0,False,False,90,False,False,risk_lstm,8,0.9491267204284668,0.20956376194953918,2.0858709812164307,0.912449061870575,,,,,,accurate
310,3100.0,3370.10001373291,3391.500015258789,0,21.400001525878906,291.50001525878906,3140.0,True,13,12,True,1,1,False,False,89,False,False,risk_lstm,8,0.9340199828147888,0.25040102005004883,2.1071975231170654,0.8884075284004211,,,,,,accurate
312,3120.0,3391.500015258789,3412.2000122070312,0,20.699996948242188,292.20001220703125,3160.0,True,13,12,True,0,0,False,False,87,False,False,risk_lstm,8,0.9462705254554749,0.22237154841423035,2.110494613647461,0.8865554332733154,,,,,,accurate
313,3130.0,3412.2000122070312,3443.4000129699707,0,31.200000762939453,313.4000129699707,3170.0,True,14,13,True,0,0,False,False,86,False,False,risk_lstm,8,0.9496148824691772,0.21234750747680664,2.1713414192199707,0.8762158155441284,,,,,,accurate
316,3160.0,3443.4000129699707,3471.8000106811523,0,28.39999771118164,311.80001068115234,3200.0,True,14,13,True,0,0,False,False,83,False,False,risk_lstm,8,0.9137064218521118,0.2571738362312317,2.1771321296691895,0.8844499588012695,,,,,,accurate
319,3190.0,3471.8000106811523,3494.4000129699707,0,22.60000228881836,304.4000129699707,3230.0,True,13,12,True,0,0,False,False,80,False,False,risk_lstm,8,0.9041368365287781,0.3375519812107086,2.2110118865966797,0.8803949356079102,,,,,,accurate
322,3220.0,3494.4000129699707,3536.7000160217285,0,42.30000305175781,316.7000160217285,3260.0,True,13,12,True,0,0,False,False,77,False,False,risk_lstm,8,0.8941869139671326,0.43285423517227173,2.145220994949341,0.8822336196899414,,,,,,accurate
323,3230.0,3536.7000160217285,3564.400016784668,0,27.700000762939453,334.40001678466797,3270.0,True,14,13,True,0,0,False,False,76,False,False,risk_lstm,8,0.9198523163795471,0.40193235874176025,2.1674022674560547,0.8713781237602234,,,,,,accurate
325,3250.0,3564.400016784668,3592.900016784668,0,28.5,342.90001678466797,3290.0,True,14,13,True,0,0,False,False,74,False,False,risk_lstm,8,0.8842789530754089,0.45284855365753174,2.109698534011841,0.8755592703819275,,,,,,accurate
327,3270.0,3592.900016784668,3617.000015258789,0,24.099998474121094,347.00001525878906,3310.0,True,14,13,True,0,0,False,False,72,False,False,risk_lstm,8,0.9038864970207214,0.4486078917980194,2.137504816055298,0.870309054851532,,,,,,accurate
328,3280.0,3617.000015258789,3636.4000129699707,0,19.39999771118164,356.4000129699707,3320.0,True,15,14,True,0,0,False,False,71,False,False,risk_lstm,8,0.9058975577354431,0.43315908312797546,1.9768589735031128,0.9025375247001648,,,,,,accurate
329,3290.0,3636.4000129699707,3665.8000106811523,0,29.39999771118164,375.80001068115234,3330.0,True,15,14,True,1,1,False,False,70,False,False,risk_lstm,8,0.8747740983963013,0.41371574997901917,2.12748646736145,0.8814560174942017,,,,,,accurate
330,3300.0,3665.8000106811523,3692.500011444092,0,26.700000762939453,392.5000114440918,3340.0,True,16,15,True,1,1,False,False,69,False,False,risk_lstm,8,0.8455206155776978,0.4033878743648529,2.032343626022339,0.8886456489562988,,,,,,accurate
331,3310.0,3692.500011444092,3722.500011444092,0,30.0,412.5000114440918,3350.0,True,16,15,True,0,0,False,False,68,False,False,risk_lstm,8,0.9009564518928528,0.44584038853645325,2.132976531982422,0.877232551574707,,,,,,accurate
333,3330.0,3722.500011444092,3741.9000129699707,0,19.400001525878906,411.9000129699707,3370.0,True,16,15,True,1,1,False,False,66,False,False,risk_lstm,8,0.9425262212753296,0.280065655708313,2.067552089691162,0.9104288816452026,,,,,,accurate
337,3370.0,3741.9000129699707,3763.000015258789,0,21.10000228881836,393.00001525878906,3410.0,True,16,15,True,1,1,False,False,62,False,False,risk_lstm,8,0.9228163361549377,0.30212560296058655,2.172339677810669,0.875591516494751,,,,,,accurate
339,3390.0,3763.000015258789,3787.2000160217285,0,24.200000762939453,397.2000160217285,3430.0,True,16,15,True,0,0,False,False,60,False,False,risk_lstm,8,0.9112254977226257,0.36135321855545044,2.21718692779541,0.8797116279602051,,,,,,accurate
340,3400.0,3787.2000160217285,3811.6000175476074,0,24.400001525878906,411.6000175476074,3440.0,True,16,15,True,0,0,False,False,59,False,False,risk_lstm,8,0.9068391919136047,0.35854631662368774,2.213491201400757,0.8810212016105652,,,,,,accurate
342,3420.0,3811.6000175476074,3847.900016784668,0,36.29999923706055,427.90001678466797,3460.0,True,16,15,True,1,1,False,False,57,False,False,risk_lstm,8,0.8458256721496582,0.36174914240837097,1.9611260890960693,0.8868299722671509,,,,,,accurate
343,3430.0,3847.900016784668,3871.2000160217285,0,23.299999237060547,441.2000160217285,3470.0,True,17,16,True,0,0,False,False,56,False,False,risk_lstm,8,0.9116462469100952,0.3473502993583679,2.2296884059906006,0.8759856820106506,,,,,,accurate
346,3460.0,3871.2000160217285,3892.7000160217285,0,21.5,432.7000160217285,3500.0,True,17,16,True,1,1,False,False,53,False,False,risk_lstm,8,0.897728443145752,0.4227536618709564,2.0864527225494385,0.8910483717918396,,,,,,accurate
348,3480.0,3892.7000160217285,3913.800018310547,0,21.10000228881836,433.8000183105469,3520.0,True,17,16,True,1,1,False,False,51,False,False,risk_lstm,8,0.9078435897827148,0.34568724036216736,2.1611886024475098,0.8789321780204773,,,,,,accurate
350,3500.0,3913.800018310547,3950.6000175476074,0,36.79999923706055,450.6000175476074,3540.0,True,17,16,True,0,0,False,False,49,False,False,risk_lstm,8,0.8951386213302612,0.42058831453323364,2.1490232944488525,0.869702160358429,,,,,,accurate
351,3510.0,3950.6000175476074,3971.2000160217285,0,20.599998474121094,461.2000160217285,3550.0,True,18,17,True,1,1,False,False,48,False,False,risk_lstm,8,0.8944737315177917,0.4625300467014313,1.994208574295044,0.8920047283172607,,,,,,accurate
353,3530.0,3971.2000160217285,3998.6000175476074,0,27.400001525878906,468.6000175476074,3570.0,True,19,18,True,0,0,False,False,46,False,False,risk_lstm,8,0.9098759889602661,0.3587853014469147,1.9070848226547241,0.9190804362297058,,,,,,accurate
354,3540.0,3998.6000175476074,4037.400016784668,0,38.79999923706055,497.40001678466797,3580.0,True,19,18,True,1,1,False,False,45,False,False,risk_lstm,8,0.945818305015564,0.2921467423439026,2.1402556896209717,0.864324152469635,,,,,,accurate
356,3560.0,4037.400016784668,4071.10001373291,0,33.69999694824219,511.10001373291016,3600.0,True,20,19,True,0,0,False,False,43,False,False,risk_lstm,8,0.921514093875885,0.3456152081489563,2.0645995140075684,0.8807733654975891,,,,,,accurate
357,3570.0,4071.10001373291,4097.500015258789,0,26.400001525878906,527.5000152587891,3610.0,True,20,19,True,0,0,False,False,42,False,False,risk_lstm,8,0.9433420896530151,0.25195977091789246,2.0287961959838867,0.9027084708213806,,,,,,accurate
358,3580.0,4097.500015258789,4119.000015258789,0,21.5,539.0000152587891,3620.0,True,21,20,True,1,1,False,False,41,False,False,risk_lstm,8,0.9375861883163452,0.2986280620098114,2.1281328201293945,0.872373640537262,,,,,,accurate
362,3620.0,4119.000015258789,4142.900012969971,0,23.89999771118164,522.9000129699707,3660.0,True,20,19,True,1,1,False,False,37,False,False,risk_lstm,8,0.9257953763008118,0.31829914450645447,2.143768548965454,0.8742729425430298,,,,,,accurate
368,3680.0,4142.900012969971,4165.900012969971,0,23.0,485.9000129699707,3720.0,True,19,18,True,0,0,False,False,31,False,False,risk_lstm,8,0.9254283308982849,0.35490360856056213,2.1171553134918213,0.8765274882316589,,,,,,accurate
370,3700.0,4165.900012969971,4186.10001373291,0,20.200000762939453,486.10001373291016,3740.0,True,19,18,True,1,1,False,False,29,False,False,risk_lstm,8,0.9062142968177795,0.34918543696403503,2.0218143463134766,0.8961350321769714,,,,,,accurate
371,3710.0,4186.10001373291,4209.100017547607,0,23.000003814697266,499.1000175476074,3750.0,True,20,19,True,1,1,False,False,28,False,False,risk_lstm,8,0.9276482462882996,0.3728863000869751,2.149071455001831,0.8580686450004578,,,,,,accurate
372,3720.0,4209.100017547607,4238.100021362305,0,29.000003814697266,518.1000213623047,3760.0,True,21,20,True,1,1,False,False,27,False,False,risk_lstm,8,0.8847492933273315,0.3630559742450714,2.185884952545166,0.8842422366142273,,,,,,accurate
373,3730.0,4238.100021362305,4268.4000244140625,0,30.300003051757812,538.4000244140625,3770.0,True,21,20,True,1,1,False,False,26,False,False,risk_lstm,8,0.9097596406936646,0.3724263608455658,2.2028849124908447,0.8719525933265686,,,,,,accurate
375,3750.0,4268.4000244140625,4296.600025177002,0,28.200000762939453,546.600025177002,3790.0,True,21,20,True,0,0,False,False,24,False,False,risk_lstm,8,0.9042093753814697,0.4600420892238617,2.1534855365753174,0.8727986812591553,,,,,,accurate
379,3790.0,4296.600025177002,4321.200023651123,0,24.599998474121094,531.200023651123,3830.0,True,20,19,True,0,0,False,False,20,False,False,risk_lstm,8,0.8893893361091614,0.40629637241363525,2.1082780361175537,0.88319331407547,,,,,,accurate
382,3820.0,4321.200023651123,4354.900020599365,0,33.69999694824219,534.9000205993652,3860.0,True,20,19,True,0,0,False,False,17,False,False,risk_lstm,8,0.8387128710746765,0.4169752597808838,2.0896894931793213,0.8870949149131775,,,,,,accurate
383,3830.0,4354.900020599365,4376.300018310547,0,21.39999771118164,546.3000183105469,3870.0,True,21,20,True,0,0,False,False,16,False,False,risk_lstm,8,0.8953760266304016,0.4393520653247833,2.1154544353485107,0.8805432319641113,,,,,,accurate
384,3840.0,4376.300018310547,4400.300018310547,0,24.0,560.3000183105469,3880.0,True,22,21,True,0,0,False,False,15,False,False,risk_lstm,8,0.8993470072746277,0.4306624233722687,2.162954568862915,0.8708258271217346,,,,,,accurate
393,3930.0,4400.300018310547,4418.100021362305,0,17.800003051757812,488.1000213623047,3970.0,True,19,18,True,0,0,False,False,6,False,False,risk_lstm,8,0.8741555213928223,0.389290988445282,1.8613395690917969,0.9288665652275085,,,,,,accurate
395,3950.0,4418.100021362305,4441.700023651123,0,23.60000228881836,491.70002365112305,3990.0,True,20,19,True,0,0,False,False,4,False,False,risk_lstm,8,0.9374700784683228,0.3738861680030823,2.175452947616577,0.8655600547790527,,,,,,accurate
396,3960.0,4441.700023651123,4466.500022888184,0,24.799999237060547,506.5000228881836,4000.0,True,20,19,True,0,0,False,False,3,False,False,risk_lstm,8,0.9308510422706604,0.34390851855278015,2.2344579696655273,0.8662531971931458,,,,,,accurate
397,3970.0,4466.500022888184,4492.500022888184,0,26.0,522.5000228881836,4010.0,True,21,20,True,0,0,False,False,2,True,False,risk_lstm,8,0.9108626842498779,0.3690124452114105,2.2300286293029785,0.8737838268280029,,,,,,accurate
400,4000.0,4492.500022888184,4513.300022125244,0,20.799999237060547,513.3000221252441,4040.0,True,20,19,True,1,1,False,False,99,False,False,risk_lstm,8,0.9212996959686279,0.23492524027824402,1.960080623626709,0.9220984578132629,,,,,,accurate
404,4040.0,4513.300022125244,4535.200023651123,0,21.900001525878906,495.20002365112305,4080.0,True,20,19,True,0,0,False,False,95,False,False,risk_lstm,8,0.9113827347755432,0.346932977437973,2.1718783378601074,0.8819342851638794,,,,,,accurate
405,4050.0,4535.200023651123,4556.300025939941,0,21.10000228881836,506.3000259399414,4090.0,True,21,20,True,0,0,False,False,94,False,False,risk_lstm,8,0.9211122393608093,0.3278729319572449,2.1876699924468994,0.8802307844161987,,,,,,accurate
410,4100.0,4556.300025939941,4580.800025939941,0,24.5,480.8000259399414,4140.0,True,20,19,True,0,0,False,False,89,False,False,risk_lstm,8,0.9278557300567627,0.31457892060279846,2.2204716205596924,0.8740386962890625,,,,,,accurate
411,4110.0,4580.800025939941,4600.000026702881,0,19.200000762939453,490.00002670288086,4150.0,True,21,20,True,1,1,False,False,88,False,False,risk_lstm,8,0.9049821496009827,0.3663197159767151,2.005570888519287,0.9082064628601074,,,,,,accurate
415,4150.0,4600.000026702881,4623.700031280518,0,23.70000457763672,473.7000312805176,4190.0,True,20,19,True,0,0,False,False,84,False,False,risk_lstm,8,0.9235432744026184,0.35782578587532043,2.1468842029571533,0.8725428581237793,,,,,,accurate
418,4180.0,4623.700031280518,4646.800033569336,0,23.10000228881836,466.80003356933594,4220.0,True,20,19,True,0,0,False,False,81,False,False,risk_lstm,8,0.9073821306228638,0.3597666025161743,2.2066500186920166,0.8762893080711365,,,,,,accurate
421,4210.0,4646.800033569336,4675.700031280518,0,28.89999771118164,465.7000312805176,4250.0,True,19,18,True,1,1,False,False,78,False,False,risk_lstm,8,0.8749255537986755,0.3327101469039917,2.1362144947052,0.8898757100105286,,,,,,accurate
426,4260.0,4675.700031280518,4704.1000328063965,0,28.400001525878906,444.1000328063965,4300.0,True,19,18,True,1,1,False,False,73,False,False,risk_lstm,8,0.8721193075180054,0.3969864249229431,2.160820960998535,0.881048321723938,,,,,,accurate
428,4280.0,4704.1000328063965,4726.300029754639,0,22.199996948242188,446.3000297546387,4320.0,True,19,18,True,0,0,False,False,71,False,False,risk_lstm,8,0.8950985074043274,0.4533716142177582,2.1311795711517334,0.8809599280357361,,,,,,accurate
430,4300.0,4726.300029754639,4745.70002746582,0,19.39999771118164,445.7000274658203,4340.0,True,19,18,True,0,0,False,False,69,False,False,risk_lstm,8,0.9160754084587097,0.3442968726158142,1.9498982429504395,0.916917622089386,,,,,,accurate
432,4320.0,4745.70002746582,4767.90002822876,0,22.200000762939453,447.90002822875977,4360.0,True,20,19,True,1,1,False,False,67,False,False,risk_lstm,8,0.9257893562316895,0.3276926577091217,2.1995296478271484,0.8735748529434204,,,,,,accurate
433,4330.0,4767.90002822876,4791.70002746582,0,23.799999237060547,461.7000274658203,4370.0,True,20,19,True,0,0,False,False,66,False,False,risk_lstm,8,0.9090889096260071,0.3913058340549469,2.2022085189819336,0.8743867874145508,,,,,,accurate
434,4340.0,4791.70002746582,4818.500026702881,0,26.799999237060547,478.50002670288086,4380.0,True,21,20,True,0,0,False,False,65,False,False,risk_lstm,8,0.9060639142990112,0.4050440490245819,2.1927387714385986,0.8759639263153076,,,,,,accurate
435,4350.0,4818.500026702881,4842.300025939941,0,23.799999237060547,492.3000259399414,4390.0,True,22,21,True,1,1,False,False,64,False,False,risk_lstm,8,0.8893124461174011,0.3591406047344208,2.1692776679992676,0.8817628622055054,,,,,,accurate
436,4360.0,4842.300025939941,4864.600028991699,0,22.300003051757812,504.6000289916992,4400.0,True,22,21,True,0,0,False,False,63,False,False,risk_lstm,8,0.9033528566360474,0.44772711396217346,2.0762226581573486,0.8871229290962219,,,,,,accurate
439,4390.0,4864.600028991699,4887.100028991699,0,22.5,497.1000289916992,4430.0,True,22,21,True,0,0,False,False,60,False,False,risk_lstm,8,0.9386692047119141,0.334053635597229,2.065904140472412,0.9028656482696533,,,,,,accurate
441,4410.0,4887.100028991699,4910.800025939941,0,23.699996948242188,500.8000259399414,4450.0,True,22,21,True,0,0,False,False,58,False,False,risk_lstm,8,0.9172058701515198,0.3269622027873993,2.208197593688965,0.8749277591705322,,,,,,accurate
444,4440.0,4910.800025939941,4937.700023651123,0,26.89999771118164,497.70002365112305,4480.0,True,22,21,True,1,1,False,False,55,False,False,risk_lstm,8,0.9069511294364929,0.38871896266937256,2.191061496734619,0.8719300627708435,,,,,,accurate
445,4450.0,4937.700023651123,4959.700023651123,0,22.0,509.70002365112305,4490.0,True,22,21,True,0,0,False,False,54,False,False,risk_lstm,8,0.904987096786499,0.40839114785194397,2.149137020111084,0.877718985080719,,,,,,accurate
446,4460.0,4959.700023651123,4978.300022125244,0,18.599998474121094,518.3000221252441,4500.0,True,23,22,True,1,1,False,False,53,False,False,risk_lstm,8,0.9410679340362549,0.30579739809036255,2.0385007858276367,0.9161268472671509,,,,,,accurate
447,4470.0,4978.300022125244,4998.200019836426,0,19.89999771118164,528.2000198364258,4510.0,True,23,22,True,0,0,False,False,52,False,False,risk_lstm,8,0.9703448414802551,0.22360512614250183,2.180497646331787,0.8930178880691528,,,,,,accurate
450,4500.0,4998.200019836426,5017.400020599365,0,19.200000762939453,517.4000205993652,4540.0,True,23,22,True,0,0,False,False,49,False,False,risk_lstm,8,0.9377768635749817,0.2739754617214203,2.0307610034942627,0.9027144908905029,,,,,,accurate
453,4530.0,5017.400020599365,5038.600021362305,0,21.200000762939453,508.6000213623047,4570.0,True,23,22,True,0,0,False,False,46,False,False,risk_lstm,8,0.9419547319412231,0.2929619550704956,2.1124508380889893,0.8824224472045898,,,,,,accurate
456,4560.0,5038.600021362305,5061.000022888184,0,22.400001525878906,501.0000228881836,4600.0,True,22,21,True,0,0,False,False,43,False,False,risk_lstm,8,0.933327317237854,0.3522150218486786,2.103267192840576,0.884598433971405,,,,,,accurate
457,4570.0,5061.000022888184,5082.500022888184,0,21.5,512.5000228881836,4610.0,True,23,22,True,1,1,False,False,42,False,False,risk_lstm,8,0.9408536553382874,0.3242395520210266,2.116173028945923,0.8728650212287903,,,,,,accurate
459,4590.0,5082.500022888184,5102.100021362305,0,19.599998474121094,512.1000213623047,4630.0,True,23,22,True,0,0,False,False,40,False,False,risk_lstm,8,0.9413451552391052,0.26205989718437195,2.112840414047241,0.905538022518158,,,,,,accurate
461,4610.0,5102.100021362305,5121.9000244140625,0,19.800003051757812,511.9000244140625,4650.0,True,23,22,True,1,1,False,False,38,False,False,risk_lstm,8,0.9163894653320312,0.26951098442077637,2.1037752628326416,0.8917374610900879,,,,,,accurate
464,4640.0,5121.9000244140625,5151.000026702881,0,29.10000228881836,511.00002670288086,4680.0,True,23,22,True,1,1,False,False,35,False,False,risk_lstm,8,0.9059554934501648,0.31017985939979553,2.085005760192871,0.8772408962249756,,,,,,accurate
465,4650.0,5151.000026702881,5172.100028991699,0,21.10000228881836,522.1000289916992,4690.0,True,23,22,True,0,0,False,False,34,False,False,risk_lstm,8,0.9104957580566406,0.36096298694610596,2.1053295135498047,0.8876176476478577,,,,,,accurate
468,4680.0,5172.100028991699,5192.200031280518,0,20.10000228881836,512.2000312805176,4720.0,True,23,22,True,1,1,False,False,31,False,False,risk_lstm,8,0.9169204235076904,0.3636976480484009,2.05560040473938,0.8923026919364929,,,,,,accurate
471,4710.0,5192.200031280518,5215.600028991699,0,23.39999771118164,505.6000289916992,4750.0,True,23,22,True,0,0,False,False,28,False,False,risk_lstm,8,0.9155629873275757,0.3576022982597351,2.1705029010772705,0.8764265179634094,,,,,,accurate
473,4730.0,5215.600028991699,5234.700031280518,0,19.10000228881836,504.7000312805176,4770.0,True,23,22,True,1,1,False,False,26,False,False,risk_lstm,8,0.9368396997451782,0.3135492503643036,2.0288610458374023,0.9112209677696228,,,,,,accurate
475,4750.0,5234.700031280518,5259.6000328063965,0,24.900001525878906,509.6000328063965,4790.0,True,23,22,True,0,0,False,False,24,False,False,risk_lstm,8,0.9394562840461731,0.28961852192878723,2.1854875087738037,0.8723049759864807,,,,,,accurate
477,4770.0,5259.6000328063965,5281.800033569336,0,22.200000762939453,511.80003356933594,4810.0,True,23,22,True,1,1,False,False,22,False,False,risk_lstm,8,0.932087242603302,0.30791011452674866,2.219738721847534,0.8692224025726318,,,,,,accurate
478,4780.0,5281.800033569336,5304.900035858154,0,23.10000228881836,524.9000358581543,4820.0,True,24,23,True,0,0,False,False,21,False,False,risk_lstm,8,0.8794185519218445,0.38473936915397644,2.0757784843444824,0.8990659713745117,,,,,,accurate
480,4800.0,5304.900035858154,5328.800037384033,0,23.900001525878906,528.8000373840332,4840.0,True,24,23,True,0,0,False,False,19,False,False,risk_lstm,8,0.9187305569648743,0.349430650472641,2.2123727798461914,0.871207594871521,,,,,,accurate
482,4820.0,5328.800037384033,5351.300037384033,0,22.5,531.3000373840332,4860.0,True,24,23,True,0,0,False,False,17,False,False,risk_lstm,8,0.9375646114349365,0.368633508682251,2.1342813968658447,0.8735641241073608,,,,,,accurate
485,4850.0,5351.300037384033,5371.000038146973,0,19.700000762939453,521.0000381469727,4890.0,True,24,23,True,0,0,False,False,14,False,False,risk_lstm,8,0.9280077219009399,0.3588862121105194,2.0638062953948975,0.8954369425773621,,,,,,accurate
487,4870.0,5371.000038146973,5396.500038146973,0,25.5,526.5000381469727,4910.0,True,24,23,True,0,0,False,False,12,False,False,risk_lstm,8,0.9236010313034058,0.35362815856933594,2.175565481185913,0.8663612008094788,,,,,,accurate
488,4880.0,5396.500038146973,5425.200038909912,0,28.700000762939453,545.2000389099121,4920.0,True,25,24,True,1,1,False,False,11,False,False,risk_lstm,8,0.8771629333496094,0.4062090218067169,2.1544320583343506,0.8818666338920593,,,,,,accurate
489,4890.0,5425.200038909912,5448.800037384033,0,23.599998474121094,558.8000373840332,4930.0,True,25,24,True,1,1,False,False,10,False,False,risk_lstm,8,0.9177225232124329,0.3834199905395508,2.158263921737671,0.87083500623703,,,,,,accurate
491,4910.0,5448.800037384033,5474.700035095215,0,25.89999771118164,564.7000350952148,4950.0,True,26,25,True,1,1,False,False,8,False,False,risk_lstm,8,0.8643122911453247,0.38899222016334534,2.085703134536743,0.8882635235786438,,,,,,accurate
494,4940.0,5474.700035095215,5495.6000328063965,0,20.89999771118164,555.6000328063965,4980.0,True,25,24,True,0,0,False,False,5,False,False,risk_lstm,8,0.9095116853713989,0.3894732594490051,2.1141679286956787,0.8816779851913452,,,,,,accurate
498,4980.0,5495.6000328063965,5517.500034332275,0,21.900001525878906,537.5000343322754,5020.0,True,24,23,True,1,1,False,False,1,True,False,risk_lstm,8,0.917283296585083,0.36815378069877625,2.215000867843628,0.8696179986000061,,,,,,accurate
506,5060.0,5517.500034332275,5549.6000328063965,0,32.099998474121094,489.6000328063965,5100.0,True,22,21,True,0,0,False,False,93,False,False,risk_lstm,8,0.9472346901893616,0.3014480471611023,2.0656912326812744,0.9089003801345825,,,,,,accurate
508,5080.0,5549.6000328063965,5598.000034332275,0,48.400001525878906,518.0000343322754,5120.0,True,22,21,True,1,1,False,False,91,False,False,risk_lstm,8,0.8475399613380432,0.3736833930015564,1.9405906200408936,0.8883635997772217,,,,,,accurate
509,5090.0,5598.000034332275,5651.200035095215,0,53.20000076293945,561.2000350952148,5130.0,True,22,21,True,1,1,False,False,90,False,False,risk_lstm,8,0.8875827789306641,0.326273649930954,2.182860851287842,0.8892017006874084,,,,,,accurate
511,5110.0,5651.200035095215,5685.700038909912,0,34.500003814697266,575.7000389099121,5150.0,True,22,21,True,0,0,False,False,88,False,False,risk_lstm,8,0.9079190492630005,0.35667213797569275,2.1229634284973145,0.8954530954360962,,,,,,accurate
512,5120.0,5685.700038909912,5731.400035858154,0,45.69999694824219,611.4000358581543,5160.0,True,23,22,True,1,1,False,False,87,False,False,risk_lstm,8,0.9292770624160767,0.3378069996833801,2.188622236251831,0.8746711611747742,,,,,,accurate
516,5160.0,5731.400035858154,5772.000034332275,0,40.599998474121094,612.0000343322754,5200.0,True,22,21,True,0,0,False,False,83,False,False,risk_lstm,8,0.9274197220802307,0.31243473291397095,2.232156753540039,0.8693003058433533,,,,,,accurate
518,5180.0,5772.000034332275,5794.200035095215,0,22.200000762939453,614.2000350952148,5220.0,True,22,21,True,1,1,False,False,81,False,False,risk_lstm,8,0.9148979783058167,0.36760327219963074,2.2053816318511963,0.8755514621734619,,,,,,accurate
523,5230.0,5794.200035095215,5817.000030517578,0,22.79999542236328,587.0000305175781,5270.0,True,21,20,True,0,0,False,False,76,False,False,risk_lstm,8,0.9066722989082336,0.37399089336395264,2.1848652362823486,0.8816071152687073,,,,,,accurate
525,5250.0,5817.000030517578,5853.500026702881,0,36.499996185302734,603.5000267028809,5290.0,True,21,20,True,0,0,False,False,74,False,False,risk_lstm,8,0.8546438217163086,0.39676570892333984,2.0986835956573486,0.884995698928833,,,,,,accurate
526,5260.0,5853.500026702881,5879.300025939941,0,25.799999237060547,619.3000259399414,5300.0,True,21,20,True,1,1,False,False,73,False,False,risk_lstm,8,0.8815078735351562,0.47718626260757446,2.095412254333496,0.878853440284729,,,,,,accurate
530,5300.0,5879.300025939941,5896.500026702881,0,17.200000762939453,596.5000267028809,5340.0,True,21,20,True,0,0,False,False,69,False,False,risk_lstm,8,0.8436737656593323,0.2077976018190384,1.9432241916656494,0.934282660484314,,,,,,accurate
531,5310.0,5896.500026702881,5934.300029754639,0,37.80000305175781,624.3000297546387,5350.0,True,21,20,True,0,0,False,False,68,False,False,risk_lstm,8,0.9373869895935059,0.3068993091583252,2.242250919342041,0.8765717148780823,,,,,,accurate
532,5320.0,5934.300029754639,5962.300029754639,0,28.0,642.3000297546387,5360.0,True,22,21,True,0,0,False,False,67,False,False,risk_lstm,8,0.8720371723175049,0.3323765993118286,2.0798349380493164,0.8968654870986938,,,,,,accurate
536,5360.0,5962.300029754639,5981.200031280518,0,18.900001525878906,621.2000312805176,5400.0,True,21,20,True,0,0,False,False,63,False,False,risk_lstm,8,0.9289597868919373,0.2053031176328659,1.9224071502685547,0.9205238819122314,,,,,,accurate
542,5420.0,5981.200031280518,6003.700031280518,0,22.5,583.7000312805176,5460.0,True,20,19,True,1,1,False,False,57,False,False,risk_lstm,8,0.9152360558509827,0.2593238055706024,2.0537543296813965,0.8954260945320129,,,,,,accurate
543,5430.0,6003.700031280518,6031.700035095215,0,28.000003814697266,601.7000350952148,5470.0,True,20,19,True,0,0,False,False,56,False,False,risk_lstm,8,0.9422609210014343,0.24000893533229828,2.128983736038208,0.8824832439422607,,,,,,accurate
544,5440.0,6031.700035095215,6062.300033569336,0,30.599998474121094,622.3000335693359,5480.0,True,21,20,True,0,0,False,False,55,False,False,risk_lstm,8,0.9488928914070129,0.2907210886478424,2.0159897804260254,0.8957033753395081,,,,,,accurate
546,5460.0,6062.300033569336,6095.40002822876,0,33.09999465942383,635.4000282287598,5500.0,True,21,20,True,0,0,False,False,53,False,False,risk_lstm,8,0.9315043091773987,0.24892176687717438,2.200014114379883,0.8718658089637756,,,,,,accurate
550,5500.0,6095.40002822876,6115.600025177002,0,20.199996948242188,615.600025177002,5540.0,True,20,19,True,0,0,False,False,49,False,False,risk_lstm,8,0.8969213962554932,0.28842559456825256,1.9624595642089844,0.9353978037834167,,,,,,accurate
551,5510.0,6115.600025177002,6152.9000244140625,0,37.29999923706055,642.9000244140625,5550.0,True,21,20,True,1,1,False,False,48,False,False,risk_lstm,8,0.9468496441841125,0.24853447079658508,2.1504812240600586,0.8763559460639954,,,,,,accurate
552,5520.0,6152.9000244140625,6183.100025177002,0,30.200000762939453,663.100025177002,5560.0,True,21,20,True,1,1,False,False,47,False,False,risk_lstm,8,0.9316062331199646,0.2565338909626007,2.2141072750091553,0.8818514943122864,,,,,,accurate
553,5530.0,6183.100025177002,6208.200023651123,0,25.099998474121094,678.200023651123,5570.0,True,22,21,True,0,0,False,False,46,False,False,risk_lstm,8,0.9111955165863037,0.3466779589653015,2.1517441272735596,0.8835858106613159,,,,,,accurate
554,5540.0,6208.200023651123,6239.000022888184,0,30.799999237060547,699.0000228881836,5580.0,True,23,22,True,0,0,False,False,45,False,False,risk_lstm,8,0.9374909400939941,0.34756726026535034,2.1540935039520264,0.8703319430351257,,,,,,accurate
556,5560.0,6239.000022888184,6273.700023651123,0,34.70000076293945,713.700023651123,5600.0,True,23,22,True,1,1,False,False,43,False,False,risk_lstm,8,0.8718920946121216,0.3523705303668976,2.0311012268066406,0.89021897315979,,,,,,accurate
563,5630.0,6273.700023651123,6306.900020599365,0,33.19999694824219,676.9000205993652,5670.0,True,23,22,True,0,0,False,False,36,False,False,risk_lstm,8,0.9060903191566467,0.3749328851699829,2.1814005374908447,0.8758960366249084,,,,,,accurate
569,5690.0,6306.900020599365,6348.000022888184,0,41.10000228881836,658.0000228881836,5730.0,True,22,21,True,1,1,False,False,30,False,False,risk_lstm,8,0.8574337363243103,0.3596784472465515,2.0656089782714844,0.8912413716316223,,,,,,accurate
571,5710.0,6348.000022888184,6374.200023651123,0,26.200000762939453,664.200023651123,5750.0,True,23,22,True,0,0,False,False,28,False,False,risk_lstm,8,0.8988446593284607,0.4054897427558899,2.1536593437194824,0.8750622272491455,,,,,,accurate
572,5720.0,6374.200023651123,6404.4000244140625,0,30.200000762939453,684.4000244140625,5760.0,True,24,23,True,0,0,False,False,27,False,False,risk_lstm,8,0.9066789150238037,0.41502031683921814,2.17244291305542,0.8683892488479614,,,,,,accurate
573,5730.0,6404.4000244140625,6422.000022888184,0,17.599998474121094,692.0000228881836,5770.0,True,25,24,True,0,0,False,False,26,False,False,risk_lstm,8,0.907965898513794,0.38252654671669006,1.9350087642669678,0.9212877750396729,,,,,,accurate
575,5750.0,6422.000022888184,6464.900020599365,0,42.89999771118164,714.9000205993652,5790.0,True,25,24,True,0,0,False,False,24,False,False,risk_lstm,8,0.907740592956543,0.3851345181465149,2.1859872341156006,0.8786124587059021,,,,,,accurate
578,5780.0,6464.900020599365,6485.700023651123,0,20.800003051757812,705.700023651123,5820.0,True,25,24,True,0,0,False,False,21,False,False,risk_lstm,8,0.9247095584869385,0.3388589024543762,2.109586000442505,0.8836849331855774,,,,,,accurate
579,5790.0,6485.700023651123,6508.700023651123,0,23.0,718.700023651123,5830.0,True,26,25,True,0,0,False,False,20,False,False,risk_lstm,8,0.9237002730369568,0.38007041811943054,2.1590614318847656,0.8694725632667542,,,,,,accurate
581,5810.0,6508.700023651123,6535.4000244140625,0,26.700000762939453,725.4000244140625,5850.0,True,26,25,True,0,0,False,False,18,False,False,risk_lstm,8,0.9110950827598572,0.3653181493282318,2.2022364139556885,0.873799204826355,,,,,,accurate
582,5820.0,6535.4000244140625,6554.800022125244,0,19.39999771118164,734.8000221252441,5860.0,True,26,25,True,0,0,False,False,17,False,False,risk_lstm,8,0.9221925139427185,0.4031650424003601,2.0227766036987305,0.8978444933891296,,,,,,accurate
587,5870.0,6554.800022125244,6578.600021362305,0,23.799999237060547,708.6000213623047,5910.0,True,26,25,True,0,0,False,False,12,False,False,risk_lstm,8,0.9313419461250305,0.37516605854034424,2.186352014541626,0.8667969703674316,,,,,,accurate
591,5910.0,6578.600021362305,6598.500019073486,0,19.89999771118164,688.5000190734863,5950.0,True,25,24,True,0,0,False,False,8,False,False,risk_lstm,8,0.9264602065086365,0.371764212846756,2.030719757080078,0.8965184092521667,,,,,,accurate
594,5940.0,6598.500019073486,6622.500022888184,0,24.000003814697266,682.5000228881836,5980.0,True,25,24,True,1,1,False,False,5,False,False,risk_lstm,8,0.949025571346283,0.3958660066127777,2.0933706760406494,0.8676503300666809,,,,,,accurate
598,5980.0,6622.500022888184,6652.700023651123,0,30.200000762939453,672.700023651123,6020.0,True,25,24,True,0,0,False,False,1,True,False,risk_lstm,8,0.892975926399231,0.40412089228630066,2.153212785720825,0.8759682774543762,,,,,,accurate
599,5990.0,6652.700023651123,6669.4000244140625,0,16.700000762939453,679.4000244140625,6030.0,True,25,24,True,0,0,False,True,0,True,False,risk_lstm,8,0.9572336673736572,0.1834336370229721,2.1449759006500244,0.9123784303665161,,,,,,accurate
601,6010.0,6669.4000244140625,6691.600021362305,0,22.199996948242188,681.6000213623047,6050.0,True,25,24,True,0,0,False,False,98,False,False,risk_lstm,8,0.9263158440589905,0.33401069045066833,2.1800453662872314,0.8810855746269226,,,,,,accurate
603,6030.0,6691.600021362305,6712.000022888184,0,20.400001525878906,682.0000228881836,6070.0,True,26,25,True,0,0,False,False,96,False,False,risk_lstm,8,0.9372360110282898,0.27883845567703247,2.032654285430908,0.9171584248542786,,,,,,accurate
604,6040.0,6712.000022888184,6729.800025939941,0,17.800003051757812,689.8000259399414,6080.0,True,26,25,True,0,0,False,False,95,False,False,risk_lstm,8,0.9285022020339966,0.19474177062511444,1.9440374374389648,0.9232438802719116,,,,,,accurate
606,6060.0,6729.800025939941,6757.4000244140625,0,27.599998474121094,697.4000244140625,6100.0,True,27,26,True,1,1,False,False,93,False,False,risk_lstm,8,0.9568948149681091,0.19317279756069183,2.1345293521881104,0.8734917044639587,,,,,,accurate
614,6140.0,6757.4000244140625,6774.800025939941,0,17.400001525878906,634.8000259399414,6180.0,True,25,24,True,0,0,False,False,85,False,False,risk_lstm,8,0.9383302927017212,0.1728871911764145,1.9923816919326782,0.924258291721344,,,,,,accurate
621,6210.0,6774.800025939941,6796.800025939941,0,22.0,586.8000259399414,6250.0,True,23,22,True,0,0,False,False,78,False,False,risk_lstm,8,0.900519073009491,0.2535113990306854,1.9271209239959717,0.9392799735069275,,,,,,accurate
625,6250.0,6796.800025939941,6820.600025177002,0,23.799999237060547,570.600025177002,6290.0,True,23,22,True,0,0,False,False,74,False,False,risk_lstm,8,0.9495075941085815,0.21699586510658264,2.1310551166534424,0.8797657489776611,,,,,,accurate
628,6280.0,6820.600025177002,6846.100021362305,0,25.499996185302734,566.1000213623047,6320.0,True,23,22,True,1,1,False,False,71,False,False,risk_lstm,8,0.9367431402206421,0.23568569123744965,2.183908224105835,0.8768638968467712,,,,,,accurate
633,6330.0,6846.100021362305,6874.100021362305,0,28.0,544.1000213623047,6370.0,True,23,22,True,0,0,False,False,66,False,False,risk_lstm,8,0.9263892769813538,0.24682527780532837,2.2080204486846924,0.8855305910110474,,,,,,accurate
635,6350.0,6874.100021362305,6904.300022125244,0,30.200000762939453,554.3000221252441,6390.0,True,23,22,True,1,1,False,False,64,False,False,risk_lstm,8,0.8810195326805115,0.25739938020706177,2.1135852336883545,0.8927484154701233,,,,,,accurate
637,6370.0,6904.300022125244,6928.200019836426,0,23.89999771118164,558.2000198364258,6410.0,True,24,23,True,1,1,False,False,62,False,False,risk_lstm,8,0.9204146862030029,0.3292306363582611,2.2112271785736084,0.880264401435852,,,,,,accurate
640,6400.0,6928.200019836426,6947.000019073486,0,18.799999237060547,547.0000190734863,6440.0,True,24,23,True,0,0,False,False,59,False,False,risk_lstm,8,0.8660916090011597,0.3075026869773865,1.9005191326141357,0.9345125555992126,,,,,,accurate
641,6410.0,6947.000019073486,6973.800018310547,0,26.799999237060547,563.8000183105469,6450.0,True,24,23,True,0,0,False,False,58,False,False,risk_lstm,8,0.8902161121368408,0.32245612144470215,2.1721079349517822,0.892029345035553,,,,,,accurate
645,6450.0,6973.800018310547,7010.100017547607,0,36.29999923706055,560.1000175476074,6490.0,True,24,23,True,0,0,False,False,54,False,False,risk_lstm,8,0.8869273662567139,0.3336640000343323,2.1642134189605713,0.8868528604507446,,,,,,accurate
649,6490.0,7010.100017547607,7030.400020599365,0,20.300003051757812,540.4000205993652,6530.0,True,23,22,True,0,0,False,False,50,False,False,risk_lstm,8,0.9305055737495422,0.3393789231777191,2.0610971450805664,0.9022655487060547,,,,,,accurate
652,6520.0,7030.400020599365,7049.200019836426,0,18.799999237060547,529.2000198364258,6560.0,True,23,22,True,0,0,False,False,47,False,False,risk_lstm,8,0.9302067160606384,0.24734652042388916,2.088721513748169,0.9000396728515625,,,,,,accurate
654,6540.0,7049.200019836426,7074.500022888184,0,25.300003051757812,534.5000228881836,6580.0,True,23,22,True,0,0,False,False,45,False,False,risk_lstm,8,0.9257317185401917,0.28832995891571045,2.219299077987671,0.8764120936393738,,,,,,accurate
658,6580.0,7074.500022888184,7096.200023651123,0,21.700000762939453,516.200023651123,6620.0,True,22,21,True,1,1,False,False,41,False,False,risk_lstm,8,0.9281228184700012,0.2754126489162445,2.1213834285736084,0.884253978729248,,,,,,accurate
659,6590.0,7096.200023651123,7118.400020599365,0,22.199996948242188,528.4000205993652,6630.0,True,23,22,True,0,0,False,False,40,False,False,risk_lstm,8,0.9292160272598267,0.2909564673900604,2.110639810562134,0.8872570395469666,,,,,,accurate
660,6600.0,7118.400020599365,7139.700019836426,0,21.299999237060547,539.7000198364258,6640.0,True,23,22,True,0,0,False,False,39,False,False,risk_lstm,8,0.9349579215049744,0.3557611405849457,2.067456007003784,0.8830806016921997,,,,,,accurate
686,6860.0,7139.700019836426,7167.700023651123,0,28.000003814697266,307.70002365112305,6900.0,True,13,12,True,1,1,False,False,13,False,False,risk_lstm,8,0.9331997632980347,0.3162943124771118,2.17322039604187,0.8666233420372009,,,,,,accurate
687,6870.0,7167.700023651123,7196.300022125244,0,28.599998474121094,326.30002212524414,6910.0,True,14,13,True,0,0,False,False,12,False,False,risk_lstm,8,0.9146695137023926,0.37024015188217163,2.1508190631866455,0.8763110041618347,,,,,,accurate
691,6910.0,7196.300022125244,7223.700023651123,0,27.400001525878906,313.70002365112305,6950.0,True,13,12,True,0,0,False,False,8,False,False,risk_lstm,8,0.8397969007492065,0.40533939003944397,2.0417237281799316,0.8896337747573853,,,,,,accurate
693,6930.0,7223.700023651123,7269.4000244140625,0,45.70000076293945,339.4000244140625,6970.0,True,13,12,True,0,0,False,False,6,False,False,risk_lstm,8,0.8144451975822449,0.4308650493621826,1.8972485065460205,0.8863807320594788,,,,,,accurate
695,6950.0,7269.4000244140625,7290.100025177002,0,20.700000762939453,340.10002517700195,6990.0,True,13,12,True,0,0,False,False,4,False,False,risk_lstm,8,0.9122886061668396,0.40753552317619324,2.0710344314575195,0.8872289657592773,,,,,,accurate
700,7000.0,7290.100025177002,7309.200023651123,0,19.099998474121094,309.20002365112305,7040.0,True,13,12,True,0,0,False,False,99,False,False,risk_lstm,8,0.8912701606750488,0.31393131613731384,1.9382976293563843,0.9307113289833069,,,,,,accurate
704,7040.0,7309.200023651123,7334.600025177002,0,25.400001525878906,294.60002517700195,7080.0,True,12,11,True,0,0,False,False,95,False,False,risk_lstm,8,0.923022985458374,0.33205321431159973,2.1921274662017822,0.8781132698059082,,,,,,accurate
705,7050.0,7334.600025177002,7363.300025939941,0,28.700000762939453,313.3000259399414,7090.0,True,12,11,True,0,0,False,False,94,False,False,risk_lstm,8,0.9076595902442932,0.3362797200679779,2.2298495769500732,0.8810473680496216,,,,,,accurate
708,7080.0,7363.300025939941,7392.500026702881,0,29.200000762939453,312.50002670288086,7120.0,True,12,11,True,1,1,False,False,91,False,False,risk_lstm,8,0.923346221446991,0.3067854642868042,2.233214855194092,0.8797394633293152,,,,,,accurate
715,7150.0,7392.500026702881,7424.300029754639,0,31.800003051757812,274.3000297546387,7190.0,True,10,9,True,1,1,False,False,84,False,False,risk_lstm,8,0.9042934775352478,0.30970245599746704,2.224313735961914,0.8854222297668457,,,,,,accurate
718,7180.0,7424.300029754639,7448.200031280518,0,23.900001525878906,268.2000312805176,7220.0,True,10,9,True,1,1,False,False,81,False,False,risk_lstm,8,0.9232341647148132,0.32881876826286316,2.130779504776001,0.8899077773094177,,,,,,accurate
720,7200.0,7448.200031280518,7470.700031280518,0,22.5,270.7000312805176,7240.0,True,10,9,True,0,0,False,False,79,False,False,risk_lstm,8,0.9083417654037476,0.36295434832572937,2.0727174282073975,0.8930361270904541,,,,,,accurate
724,7240.0,7470.700031280518,7494.6000328063965,0,23.900001525878906,254.60003280639648,7280.0,True,10,9,True,1,1,False,False,75,False,False,risk_lstm,8,0.9061608910560608,0.36433127522468567,2.1877641677856445,0.8753994703292847,,,,,,accurate
725,7250.0,7494.6000328063965,7516.000034332275,0,21.400001525878906,266.0000343322754,7290.0,True,11,10,True,1,1,False,False,74,False,False,risk_lstm,8,0.9393295049667358,0.4141812324523926,2.099865198135376,0.870978057384491,,,,,,accurate
727,7270.0,7516.000034332275,7549.900035858154,0,33.900001525878906,279.9000358581543,7310.0,True,11,10,True,0,0,False,False,72,False,False,risk_lstm,8,0.8803887367248535,0.39010119438171387,2.1742141246795654,0.8782514333724976,,,,,,accurate
738,7380.0,7549.900035858154,7575.900035858154,0,26.0,195.9000358581543,7420.0,True,8,7,True,0,0,False,False,61,False,False,risk_lstm,8,0.8695096373558044,0.3951027989387512,2.1221518516540527,0.8857671022415161,,,,,,accurate
739,7390.0,7575.900035858154,7594.000034332275,0,18.099998474121094,204.0000343322754,7430.0,True,9,8,True,0,0,False,False,60,False,False,risk_lstm,8,0.924273669719696,0.35016289353370667,1.997279167175293,0.9168949723243713,,,,,,accurate
741,7410.0,7594.000034332275,7622.000038146973,0,28.000003814697266,212.00003814697266,7450.0,True,9,8,True,0,0,False,False,58,False,False,risk_lstm,8,0.9183831214904785,0.3421185314655304,2.2224574089050293,0.8763827681541443,,,,,,accurate
747,7470.0,7622.000038146973,7648.00004196167,0,26.000003814697266,178.00004196166992,7510.0,True,8,7,True,0,0,False,False,52,False,False,risk_lstm,8,0.9069319367408752,0.34993621706962585,2.225287437438965,0.8812269568443298,,,,,,accurate
752,7520.0,7648.00004196167,7675.200038909912,0,27.199996948242188,155.2000389099121,7560.0,True,6,5,True,1,1,False,False,47,False,False,risk_lstm,8,0.9217255115509033,0.37329423427581787,2.235586166381836,0.875169038772583,,,,,,accurate
753,7530.0,7675.200038909912,7698.3000411987305,0,23.10000228881836,168.30004119873047,7570.0,True,7,6,True,0,0,False,False,46,False,False,risk_lstm,8,0.9156833291053772,0.3380328118801117,2.230396032333374,0.8767111301422119,,,,,,accurate
755,7550.0,7698.3000411987305,7718.100040435791,0,19.799999237060547,168.10004043579102,7590.0,True,7,6,True,1,1,False,False,44,False,False,risk_lstm,8,0.9243367314338684,0.382563978433609,2.110990285873413,0.8896194696426392,,,,,,accurate
756,7560.0,7718.100040435791,7742.800037384033,0,24.699996948242188,182.8000373840332,7600.0,True,8,7,True,0,0,False,False,43,False,False,risk_lstm,8,0.9243945479393005,0.353291779756546,2.224696159362793,0.8722846508026123,,,,,,accurate
760,7600.0,7742.800037384033,7763.600036621094,0,20.799999237060547,163.60003662109375,7640.0,True,7,6,True,1,1,False,False,39,False,False,risk_lstm,8,0.9168980717658997,0.3273365795612335,2.138873338699341,0.882978081703186,,,,,,accurate
763,7630.0,7763.600036621094,7786.200038909912,0,22.60000228881836,156.2000389099121,7670.0,True,7,6,True,1,1,False,False,36,False,False,risk_lstm,8,0.9014871120452881,0.4284901022911072,2.147852897644043,0.87187260389328,,,,,,accurate
764,7640.0,7786.200038909912,7807.100036621094,0,20.89999771118164,167.10003662109375,7680.0,True,8,7,True,0,0,False,False,35,False,False,risk_lstm,8,0.920051097869873,0.4195319414138794,2.1448967456817627,0.8667854070663452,,,,,,accurate
769,7690.0,7807.100036621094,7827.900039672852,0,20.800003051757812,137.90003967285156,7730.0,True,7,6,True,0,0,False,False,30,False,False,risk_lstm,8,0.9359708428382874,0.3769330680370331,2.0372121334075928,0.8906195163726807,,,,,,accurate
770,7700.0,7827.900039672852,7848.800037384033,0,20.89999771118164,148.8000373840332,7740.0,True,7,6,True,0,0,False,False,29,False,False,risk_lstm,8,0.9290657639503479,0.4039103090763092,2.0731735229492188,0.8740511536598206,,,,,,accurate
774,7740.0,7848.800037384033,7867.000038146973,0,18.200000762939453,127.00003814697266,7780.0,True,7,6,True,0,0,False,False,25,False,False,risk_lstm,8,0.9280152320861816,0.3170415461063385,2.0323641300201416,0.9126920104026794,,,,,,accurate
776,7760.0,7867.000038146973,7884.50004196167,0,17.500003814697266,124.50004196166992,7800.0,True,7,6,True,0,0,False,False,23,False,False,risk_lstm,8,0.9420557618141174,0.25182896852493286,2.0337259769439697,0.915256142616272,,,,,,accurate
778,7780.0,7884.50004196167,7907.8000411987305,0,23.299999237060547,127.80004119873047,7820.0,True,7,6,True,1,1,False,False,21,False,False,risk_lstm,8,0.9473106265068054,0.2698708772659302,2.143745183944702,0.8690459132194519,,,,,,accurate
779,7790.0,7907.8000411987305,7930.800045013428,0,23.000003814697266,140.80004501342773,7830.0,True,7,6,True,1,1,False,False,20,False,False,risk_lstm,8,0.9236149191856384,0.23492757976055145,2.038769245147705,0.918925404548645,,,,,,accurate
780,7800.0,7930.800045013428,7960.100048065186,0,29.300003051757812,160.10004806518555,7840.0,True,8,7,True,1,1,False,False,19,False,False,risk_lstm,8,0.9477088451385498,0.23882491886615753,2.161926031112671,0.8631460070610046,,,,,,accurate
784,7840.0,7960.100048065186,7984.100044250488,0,23.999996185302734,144.10004425048828,7880.0,True,7,6,True,1,1,False,False,15,False,False,risk_lstm,8,0.9562645554542542,0.2249368280172348,2.1669375896453857,0.8735562562942505,,,,,,accurate
791,7910.0,7984.100044250488,8009.900043487549,0,25.799999237060547,99.90004348754883,7950.0,True,4,3,False,0,0,False,False,8,False,False,risk_lstm,8,0.938581645488739,0.2704756557941437,2.1938841342926025,0.8736829161643982,,,,,,accurate
793,7930.0,8009.900043487549,8032.000045776367,0,22.10000228881836,102.00004577636719,7970.0,True,5,4,False,0,0,False,False,6,False,False,risk_lstm,8,0.9367611408233643,0.27741673588752747,2.221796989440918,0.8760260343551636,,,,,,accurate
794,7940.0,8032.000045776367,8059.400043487549,0,27.39999771118164,119.40004348754883,7980.0,True,5,4,False,0,0,False,False,5,False,False,risk_lstm,8,0.9234910011291504,0.37058067321777344,2.1023805141448975,0.8876054286956787,,,,,,accurate
796,7960.0,8059.400043487549,8082.200042724609,0,22.799999237060547,122.20004272460938,8000.0,True,6,5,True,0,0,False,False,3,False,False,risk_lstm,8,0.9210798740386963,0.3786686062812805,2.1678826808929443,0.867902934551239,,,,,,accurate
797,7970.0,8082.200042724609,8104.800045013428,0,22.60000228881836,134.80004501342773,8010.0,True,6,5,True,0,0,False,False,2,True,False,risk_lstm,8,0.8899750113487244,0.431539922952652,2.1338367462158203,0.879870593547821,,,,,,accurate
798,7980.0,8104.800045013428,8142.500045776367,0,37.70000076293945,162.5000457763672,8020.0,True,7,6,True,1,1,False,False,1,True,False,risk_lstm,8,0.908093273639679,0.43933624029159546,2.137819290161133,0.8680347800254822,,,,,,accurate
801,8010.0,8142.500045776367,8179.300045013428,0,36.79999923706055,169.30004501342773,8050.0,True,6,5,True,1,1,False,False,98,False,False,risk_lstm,8,0.9063389897346497,0.41234421730041504,2.072352170944214,0.8800497055053711,,,,,,accurate
805,8050.0,8179.300045013428,8197.500045776367,0,18.200000762939453,147.5000457763672,8090.0,True,6,5,True,0,0,False,False,94,False,False,risk_lstm,8,0.9230638742446899,0.3727068305015564,1.9299564361572266,0.910673201084137,,,,,,accurate
808,8080.0,8197.500045776367,8215.600044250488,0,18.099998474121094,135.60004425048828,8120.0,True,6,5,True,1,1,False,False,91,False,False,risk_lstm,8,0.9046903252601624,0.24510256946086884,1.899057149887085,0.932666540145874,,,,,,accurate
810,8100.0,8215.600044250488,8245.400047302246,0,29.800003051757812,145.4000473022461,8140.0,True,6,5,True,1,1,False,False,89,False,False,risk_lstm,8,0.9258944988250732,0.2548358142375946,2.1363227367401123,0.877767026424408,,,,,,accurate
811,8110.0,8245.400047302246,8268.400047302246,0,23.0,158.4000473022461,8150.0,True,6,5,True,0,0,False,False,88,False,False,risk_lstm,8,0.9317708611488342,0.2830742299556732,2.169811487197876,0.8804434537887573,,,,,,accurate
812,8120.0,8268.400047302246,8289.400047302246,0,21.0,169.4000473022461,8160.0,True,7,6,True,0,0,False,False,87,False,False,risk_lstm,8,0.9462633728981018,0.28314393758773804,2.122117519378662,0.8809910416603088,,,,,,accurate
814,8140.0,8289.400047302246,8314.400047302246,0,25.0,174.4000473022461,8180.0,True,8,7,True,0,0,False,False,85,False,False,risk_lstm,8,0.939570963382721,0.2980891466140747,2.1563608646392822,0.8744860291481018,,,,,,accurate
815,8150.0,8314.400047302246,8331.400043487549,0,16.999996185302734,181.40004348754883,8190.0,True,8,7,True,0,0,False,False,84,False,False,risk_lstm,8,0.9066789150238037,0.22365322709083557,1.9451316595077515,0.9298707842826843,,,,,,accurate
818,8180.0,8331.400043487549,8353.20004272461,0,21.799999237060547,173.20004272460938,8220.0,True,8,7,True,0,0,False,False,81,False,False,risk_lstm,8,0.950433075428009,0.2178693562746048,2.156193971633911,0.874013364315033,,,,,,accurate
819,8190.0,8353.20004272461,8375.50004196167,0,22.299999237060547,185.50004196166992,8230.0,True,9,8,True,1,1,False,False,80,False,False,risk_lstm,8,0.9227988719940186,0.24555552005767822,2.0356521606445312,0.9179064035415649,,,,,,accurate
820,8200.0,8375.50004196167,8404.900039672852,0,29.39999771118164,204.90003967285156,8240.0,True,9,8,True,0,0,False,False,79,False,False,risk_lstm,8,0.9275052547454834,0.32819753885269165,2.167757749557495,0.8744624257087708,,,,,,accurate
827,8270.0,8404.900039672852,8427.100040435791,0,22.200000762939453,157.10004043579102,8310.0,True,7,6,True,1,1,False,False,72,False,False,risk_lstm,8,0.9241105318069458,0.34762710332870483,2.127100944519043,0.8790250420570374,,,,,,accurate
828,8280.0,8427.100040435791,8450.70004272461,0,23.60000228881836,170.70004272460938,8320.0,True,8,7,True,0,0,False,False,71,False,False,risk_lstm,8,0.9376012682914734,0.3188469111919403,2.1840665340423584,0.8685570955276489,,,,,,accurate
829,8290.0,8450.70004272461,8473.000045776367,0,22.300003051757812,183.0000457763672,8330.0,True,8,7,True,0,0,False,False,70,False,False,risk_lstm,8,0.911942720413208,0.3496856093406677,2.195115804672241,0.8765866160392761,,,,,,accurate
830,8300.0,8473.000045776367,8497.600048065186,0,24.60000228881836,197.60004806518555,8340.0,True,9,8,True,1,1,False,False,69,False,False,risk_lstm,8,0.9081568717956543,0.3123572766780853,2.1338746547698975,0.8894832730293274,,,,,,accurate
833,8330.0,8497.600048065186,8521.200050354004,0,23.60000228881836,191.2000503540039,8370.0,True,9,8,True,0,0,False,False,66,False,False,risk_lstm,8,0.9167735576629639,0.3840042054653168,2.1771702766418457,0.8672316670417786,,,,,,accurate
834,8340.0,8521.200050354004,8537.800048828125,0,16.599998474121094,197.800048828125,8380.0,True,9,8,True,1,1,False,False,65,False,False,risk_lstm,8,0.9006848931312561,0.19480891525745392,1.9649546146392822,0.9265515804290771,,,,,,accurate
836,8360.0,8537.800048828125,8558.300048828125,0,20.5,198.300048828125,8400.0,True,9,8,True,0,0,False,False,63,False,False,risk_lstm,8,0.9541306495666504,0.2161659300327301,1.9901180267333984,0.91627436876297,,,,,,accurate
837,8370.0,8558.300048828125,8588.700050354004,0,30.400001525878906,218.7000503540039,8410.0,True,10,9,True,1,1,False,False,62,False,False,risk_lstm,8,0.9028952121734619,0.2819991409778595,2.0369179248809814,0.8869430422782898,,,,,,accurate
839,8390.0,8588.700050354004,8616.400051116943,0,27.700000762939453,226.40005111694336,8430.0,True,10,9,True,0,0,False,False,60,False,False,risk_lstm,8,0.9099615812301636,0.25909775495529175,2.1892216205596924,0.8904905319213867,,,,,,accurate
842,8420.0,8616.400051116943,8641.000053405762,0,24.60000228881836,221.00005340576172,8460.0,True,10,9,True,1,1,False,False,57,False,False,risk_lstm,8,0.9019942879676819,0.25568240880966187,2.14395809173584,0.892464280128479,,,,,,accurate
843,8430.0,8641.000053405762,8670.100051879883,0,29.099998474121094,240.1000518798828,8470.0,True,10,9,True,0,0,False,False,56,False,False,risk_lstm,8,0.8976412415504456,0.25332093238830566,2.158113956451416,0.892650842666626,,,,,,accurate
845,8450.0,8670.100051879883,8694.000053405762,0,23.900001525878906,244.00005340576172,8490.0,True,11,10,True,0,0,False,False,54,False,False,risk_lstm,8,0.9385277628898621,0.2438463270664215,2.234426736831665,0.8811436295509338,,,,,,accurate
846,8460.0,8694.000053405762,8722.200054168701,0,28.200000762939453,262.2000541687012,8500.0,True,11,10,True,1,1,False,False,53,False,False,risk_lstm,8,0.9335941076278687,0.255111426115036,2.2299394607543945,0.8823472857475281,,,,,,accurate
849,8490.0,8722.200054168701,8745.200054168701,0,23.0,255.20005416870117,8530.0,True,11,10,True,0,0,False,False,50,False,False,risk_lstm,8,0.9065560698509216,0.36339786648750305,2.2090580463409424,0.8823359608650208,,,,,,accurate
850,8500.0,8745.200054168701,8770.900058746338,0,25.70000457763672,270.9000587463379,8540.0,True,11,10,True,1,1,False,False,49,False,False,risk_lstm,8,0.9175795912742615,0.38746070861816406,2.2276313304901123,0.8715032339096069,,,,,,accurate
854,8540.0,8770.900058746338,8789.700057983398,0,18.799999237060547,249.70005798339844,8580.0,True,10,9,True,1,1,False,False,45,False,False,risk_lstm,8,0.9132723212242126,0.35060015320777893,1.986461877822876,0.9155169129371643,,,,,,accurate
857,8570.0,8789.700057983398,8814.600059509277,0,24.900001525878906,244.60005950927734,8610.0,True,10,9,True,0,0,False,False,42,False,False,risk_lstm,8,0.9277315735816956,0.38250547647476196,2.1415319442749023,0.8765910267829895,,,,,,accurate
864,8640.0,8814.600059509277,8842.400058746338,0,27.799999237060547,202.4000587463379,8680.0,True,9,8,True,0,0,False,False,35,False,False,risk_lstm,8,0.8721531629562378,0.3477083146572113,2.0938637256622314,0.8910776972770691,,,,,,accurate
867,8670.0,8842.400058746338,8862.900058746338,0,20.5,192.9000587463379,8710.0,True,9,8,True,0,0,False,False,32,False,False,risk_lstm,8,0.9169052839279175,0.39080652594566345,2.1486079692840576,0.8766851425170898,,,,,,accurate
868,8680.0,8862.900058746338,8883.000057220459,0,20.099998474121094,203.00005722045898,8720.0,True,9,8,True,0,0,False,False,31,False,False,risk_lstm,8,0.9165254235267639,0.3973252773284912,2.077897071838379,0.8843310475349426,,,,,,accurate
870,8700.0,8883.000057220459,8908.800060272217,0,25.800003051757812,208.8000602722168,8740.0,True,9,8,True,0,0,False,False,29,False,False,risk_lstm,8,0.8561649918556213,0.3938874900341034,2.1055996417999268,0.887353241443634,,,,,,accurate
872,8720.0,8908.800060272217,8935.400062561035,0,26.60000228881836,215.40006256103516,8760.0,True,10,9,True,1,1,False,False,27,False,False,risk_lstm,8,0.9138228893280029,0.33513158559799194,2.22023606300354,0.8748927116394043,,,,,,accurate
874,8740.0,8935.400062561035,8953.700057983398,0,18.29999542236328,213.70005798339844,8780.0,True,10,9,True,1,1,False,False,25,False,False,risk_lstm,8,0.9245527982711792,0.29310333728790283,1.9845330715179443,0.9194104671478271,,,,,,accurate
878,8780.0,8953.700057983398,8978.000057220459,0,24.299999237060547,198.00005722045898,8820.0,True,9,8,True,0,0,False,False,21,False,False,risk_lstm,8,0.9289724230766296,0.3440335690975189,2.1976735591888428,0.8698538541793823,,,,,,accurate
880,8800.0,8978.000057220459,9002.90005493164,0,24.89999771118164,202.90005493164062,8840.0,True,9,8,True,1,1,False,False,19,False,False,risk_lstm,8,0.9146926403045654,0.35311374068260193,2.2172820568084717,0.8749547600746155,,,,,,accurate
881,8810.0,9002.90005493164,9022.90005493164,0,20.0,212.90005493164062,8850.0,True,10,9,True,0,0,False,False,18,False,False,risk_lstm,8,0.8736355304718018,0.3947659730911255,2.089036226272583,0.8969612717628479,,,,,,accurate
884,8840.0,9022.90005493164,9044.80005645752,0,21.900001525878906,204.80005645751953,8880.0,True,10,9,True,1,1,False,False,15,False,False,risk_lstm,8,0.9182554483413696,0.34030377864837646,2.1962997913360596,0.8724132776260376,,,,,,accurate
887,8870.0,9044.80005645752,9065.30005645752,0,20.5,195.30005645751953,8910.0,True,9,8,True,0,0,False,False,12,False,False,risk_lstm,8,0.9244011640548706,0.3843078315258026,2.1286373138427734,0.8768839836120605,,,,,,accurate
890,8900.0,9065.30005645752,9083.000057220459,0,17.700000762939453,183.00005722045898,8940.0,True,9,8,True,0,0,False,False,9,False,False,risk_lstm,8,0.9412086009979248,0.26361051201820374,2.004596471786499,0.9202370643615723,,,,,,accurate
891,8910.0,9083.000057220459,9103.200061798096,0,20.20000457763672,193.2000617980957,8950.0,True,9,8,True,1,1,False,False,8,False,False,risk_lstm,8,0.9079175591468811,0.3127698600292206,2.052483081817627,0.8937598466873169,,,,,,accurate
893,8930.0,9103.200061798096,9124.300064086914,0,21.10000228881836,194.30006408691406,8970.0,True,10,9,True,1,1,False,False,6,False,False,risk_lstm,8,0.9376028776168823,0.3013194799423218,2.0070667266845703,0.9155539870262146,,,,,,accurate
895,8950.0,9124.300064086914,9145.800064086914,0,21.5,195.80006408691406,8990.0,True,10,9,True,1,1,False,False,4,False,False,risk_lstm,8,0.9268299341201782,0.324160099029541,2.080947160720825,0.8779191374778748,,,,,,accurate
896,8960.0,9145.800064086914,9164.900062561035,0,19.099998474121094,204.90006256103516,9000.0,True,10,9,True,0,0,False,False,3,False,False,risk_lstm,8,0.948491096496582,0.2322988212108612,2.1108696460723877,0.9016834497451782,,,,,,accurate
899,8990.0,9164.900062561035,9186.400062561035,0,21.5,196.40006256103516,9030.0,True,10,9,True,0,0,False,True,0,True,False,risk_lstm,8,0.9453086256980896,0.2674590051174164,2.1265246868133545,0.8792703151702881,,,,,,accurate
903,9030.0,9186.400062561035,9212.900058746338,0,26.499996185302734,182.9000587463379,9070.0,True,9,8,True,1,1,False,False,96,False,False,risk_lstm,8,0.8937017321586609,0.30146241188049316,2.0800914764404297,0.8795292377471924,,,,,,accurate
906,9060.0,9212.900058746338,9235.600059509277,0,22.700000762939453,175.60005950927734,9100.0,True,9,8,True,1,1,False,False,93,False,False,risk_lstm,8,0.9411962032318115,0.266851007938385,2.1973776817321777,0.8745364546775818,,,,,,accurate
909,9090.0,9235.600059509277,9255.600059509277,0,20.0,165.60005950927734,9130.0,True,8,7,True,0,0,False,False,90,False,False,risk_lstm,8,0.8982387781143188,0.3752368986606598,2.040085554122925,0.9008247256278992,,,,,,accurate
911,9110.0,9255.600059509277,9276.600059509277,0,21.0,166.60005950927734,9150.0,True,8,7,True,0,0,False,False,88,False,False,risk_lstm,8,0.921889066696167,0.3149392008781433,2.099175214767456,0.8882817625999451,,,,,,accurate
912,9120.0,9276.600059509277,9298.30005645752,0,21.699996948242188,178.30005645751953,9160.0,True,9,8,True,0,0,False,False,87,False,False,risk_lstm,8,0.9252502918243408,0.37016761302948,2.101781129837036,0.8763998746871948,,,,,,accurate
914,9140.0,9298.30005645752,9323.900058746338,0,25.60000228881836,183.9000587463379,9180.0,True,9,8,True,1,1,False,False,85,False,False,risk_lstm,8,0.9032978415489197,0.37751737236976624,2.141327142715454,0.8775014877319336,,,,,,accurate
925,9250.0,9323.900058746338,9346.900058746338,0,23.0,96.90005874633789,9290.0,True,5,4,False,0,0,False,False,74,False,False,risk_lstm,8,0.9046453237533569,0.382870614528656,2.202641725540161,0.871060311794281,,,,,,accurate
929,9290.0,9346.900058746338,9361.900062561035,0,15.000003814697266,71.90006256103516,9330.0,True,4,3,False,0,0,False,False,70,False,False,risk_lstm,8,0.7638448476791382,0.12452476471662521,1.9716155529022217,0.9254579544067383,,,,,,accurate
930,9300.0,9361.900062561035,9381.500061035156,0,19.599998474121094,81.50006103515625,9340.0,True,4,3,False,0,0,False,False,69,False,False,risk_lstm,8,0.944555938243866,0.2729845941066742,2.0947139263153076,0.8939007520675659,,,,,,accurate
932,9320.0,9381.500061035156,9423.000057220459,0,41.499996185302734,103.00005722045898,9360.0,True,5,4,False,0,0,False,False,67,False,False,risk_lstm,8,0.8895691633224487,0.29678672552108765,2.0037128925323486,0.8884335160255432,,,,,,accurate
936,9360.0,9423.000057220459,9449.200057983398,0,26.200000762939453,89.20005798339844,9400.0,True,4,3,False,1,1,False,False,63,False,False,risk_lstm,8,0.9026432037353516,0.2646070718765259,2.2067983150482178,0.8924097418785095,,,,,,accurate
937,9370.0,9449.200057983398,9473.300060272217,0,24.10000228881836,103.3000602722168,9410.0,True,4,3,False,0,0,False,False,62,False,False,risk_lstm,8,0.9356582760810852,0.2914138436317444,2.2169764041900635,0.8797441720962524,,,,,,accurate
938,9380.0,9473.300060272217,9494.000061035156,0,20.700000762939453,114.00006103515625,9420.0,True,5,4,False,1,1,False,False,61,False,False,risk_lstm,8,0.9131699800491333,0.30042651295661926,2.1672675609588623,0.8889695405960083,,,,,,accurate
942,9420.0,9494.000061035156,9518.500064849854,0,24.500003814697266,98.50006484985352,9460.0,True,5,4,False,0,0,False,False,57,False,False,risk_lstm,8,0.9098443984985352,0.34276872873306274,2.1960721015930176,0.8796916604042053,,,,,,accurate
943,9430.0,9518.500064849854,9553.700065612793,0,35.20000076293945,123.70006561279297,9470.0,True,5,4,False,0,0,False,False,56,False,False,risk_lstm,8,0.8406936526298523,0.3345188498497009,1.9144477844238281,0.8902845978736877,,,,,,accurate
949,9490.0,9553.700065612793,9582.00006866455,0,28.300003051757812,92.00006866455078,9530.0,True,4,3,False,1,1,False,False,50,False,False,risk_lstm,8,0.9153099656105042,0.4248262941837311,2.1656835079193115,0.869454026222229,,,,,,accurate
950,9500.0,9582.00006866455,9636.700065612793,0,54.69999694824219,136.70006561279297,9540.0,True,4,3,False,0,0,False,False,49,False,False,risk_lstm,8,0.9074731469154358,0.41250813007354736,2.1497738361358643,0.8702031970024109,,,,,,accurate
951,9510.0,9636.700065612793,9673.600067138672,0,36.900001525878906,163.60006713867188,9550.0,True,5,4,False,0,0,False,False,48,False,False,risk_lstm,8,0.9157233238220215,0.40075862407684326,2.1582448482513428,0.8646159768104553,,,,,,accurate
955,9550.0,9673.600067138672,9699.200065612793,0,25.599998474121094,149.20006561279297,9590.0,True,5,4,False,0,0,False,False,44,False,False,risk_lstm,8,0.856045663356781,0.4010253846645355,2.0971944332122803,0.8844069838523865,,,,,,accurate
956,9560.0,9699.200065612793,9730.900066375732,0,31.700000762939453,170.90006637573242,9600.0,True,5,4,False,0,0,False,False,43,False,False,risk_lstm,8,0.875353217124939,0.3841204345226288,2.1581947803497314,0.88033527135849,,,,,,accurate
957,9570.0,9730.900066375732,9753.50006866455,0,22.60000228881836,183.50006866455078,9610.0,True,6,5,True,0,0,False,False,42,False,False,risk_lstm,8,0.9223273396492004,0.36513638496398926,2.1043190956115723,0.8869014382362366,,,,,,accurate
958,9580.0,9753.50006866455,9775.00006866455,0,21.5,195.00006866455078,9620.0,True,7,6,True,0,0,False,False,41,False,False,risk_lstm,8,0.8806481957435608,0.419270396232605,2.120897054672241,0.8831078410148621,,,,,,accurate
962,9620.0,9775.00006866455,9803.90007019043,0,28.900001525878906,183.9000701904297,9660.0,True,7,6,True,0,0,False,False,37,False,False,risk_lstm,8,0.9067322611808777,0.47548311948776245,2.042309045791626,0.8807103037834167,,,,,,accurate
964,9640.0,9803.90007019043,9854.000072479248,0,50.10000228881836,214.00007247924805,9680.0,True,7,6,True,1,1,False,False,35,False,False,risk_lstm,8,0.9480343461036682,0.3955062925815582,2.0958425998687744,0.8678772449493408,,,,,,accurate
965,9650.0,9854.000072479248,9891.900066375732,0,37.899993896484375,241.90006637573242,9690.0,True,8,7,True,0,0,False,False,34,False,False,risk_lstm,8,0.9076316952705383,0.3982424736022949,2.192894697189331,0.8678541779518127,,,,,,accurate
967,9670.0,9891.900066375732,9912.100063323975,0,20.199996948242188,242.1000633239746,9710.0,True,9,8,True,1,1,False,False,32,False,False,risk_lstm,8,0.9231141805648804,0.39059218764305115,2.1029052734375,0.8772274851799011,,,,,,accurate
971,9710.0,9912.100063323975,9936.700057983398,0,24.599994659423828,226.70005798339844,9750.0,True,8,7,True,1,1,False,False,28,False,False,risk_lstm,8,0.8851910829544067,0.3891300857067108,2.152989625930786,0.8828410506248474,,,,,,accurate
974,9740.0,9936.700057983398,9960.700057983398,0,24.0,220.70005798339844,9780.0,True,8,7,True,1,1,False,False,25,False,False,risk_lstm,8,0.9238079190254211,0.34772393107414246,2.0670127868652344,0.9026522040367126,,,,,,accurate
975,9750.0,9960.700057983398,9984.900058746338,0,24.200000762939453,234.9000587463379,9790.0,True,9,8,True,0,0,False,False,24,False,False,risk_lstm,8,0.9046118855476379,0.4062575697898865,2.165452241897583,0.8724178075790405,,,,,,accurate
976,9760.0,9984.900058746338,10005.40005493164,0,20.499996185302734,245.40005493164062,9800.0,True,9,8,True,1,1,False,False,23,False,False,risk_lstm,8,0.916894793510437,0.3682434558868408,2.0556228160858154,0.8940367102622986,,,,,,accurate
977,9770.0,10005.40005493164,10029.100051879883,0,23.699996948242188,259.1000518798828,9810.0,True,10,9,True,0,0,False,False,22,False,False,risk_lstm,8,0.9152359366416931,0.3653269410133362,2.203620672225952,0.8699980974197388,,,,,,accurate
978,9780.0,10029.100051879883,10070.700050354004,0,41.599998474121094,290.7000503540039,9820.0,True,10,9,True,0,0,False,False,21,False,False,risk_lstm,8,0.9182138442993164,0.39118197560310364,2.1411967277526855,0.8763817548751831,,,,,,accurate
980,9800.0,10070.700050354004,10099.100051879883,0,28.400001525878906,299.1000518798828,9840.0,True,11,10,True,0,0,False,False,19,False,False,risk_lstm,8,0.9243534207344055,0.40271031856536865,2.077664852142334,0.8820353746414185,,,,,,accurate
981,9810.0,10099.100051879883,10122.90005493164,0,23.800003051757812,312.9000549316406,9850.0,True,11,10,True,0,0,False,False,18,False,False,risk_lstm,8,0.9174714088439941,0.3992774784564972,2.1221635341644287,0.8736637830734253,,,,,,accurate
985,9850.0,10122.90005493164,10150.000057220459,0,27.10000228881836,300.000057220459,9890.0,True,12,11,True,1,1,False,False,14,False,False,risk_lstm,8,0.8939661383628845,0.3696654140949249,2.194683313369751,0.8820176720619202,,,,,,accurate
986,9860.0,10150.000057220459,10176.200057983398,0,26.200000762939453,316.20005798339844,9900.0,True,12,11,True,0,0,False,False,13,False,False,risk_lstm,8,0.8501556515693665,0.4140411615371704,2.0821540355682373,0.888668417930603,,,,,,accurate
989,9890.0,10176.200057983398,10195.400058746338,0,19.200000762939453,305.4000587463379,9930.0,True,13,12,True,0,0,False,False,10,False,False,risk_lstm,8,0.7993100881576538,0.43287184834480286,1.8587113618850708,0.9431710839271545,,,,,,accurate
994,9940.0,10195.400058746338,10226.60005569458,0,31.199996948242188,286.6000556945801,9980.0,True,11,10,True,0,0,False,False,5,False,False,risk_lstm,8,0.8498961329460144,0.38589566946029663,2.1129097938537598,0.8955166339874268,,,,,,accurate
996,9960.0,10226.60005569458,10255.400058746338,0,28.800003051757812,295.4000587463379,10000.0,True,12,11,True,0,0,False,False,3,False,False,risk_lstm,8,0.9144813418388367,0.39572104811668396,2.1930739879608154,0.8814637064933777,,,,,,accurate
997,9970.0,10255.400058746338,10271.100059509277,0,15.700000762939453,301.10005950927734,10010.0,True,12,11,True,0,0,False,False,2,True,False,risk_lstm,8,0.8058543801307678,0.1572868824005127,2.0887718200683594,0.9334141612052917,,,,,,accurate
998,9980.0,10271.100059509277,10298.200057983398,0,27.099998474121094,318.20005798339844,10020.0,True,13,12,True,0,0,False,False,1,True,False,risk_lstm,8,0.8990316390991211,0.2754810154438019,2.1811163425445557,0.8987285494804382,,,,,,accurate
999,9990.0,10298.200057983398,10318.000057220459,0,19.799999237060547,328.000057220459,10030.0,True,13,12,True,0,0,False,True,0,True,False,risk_lstm,8,0.9277247786521912,0.245578333735466,2.0919134616851807,0.9014849066734314,,,,,,accurate
1003,10030.0,10318.000057220459,10336.600059509277,0,18.60000228881836,306.60005950927734,10070.0,True,12,11,True,0,0,False,False,96,False,False,risk_lstm,8,0.9381818175315857,0.2610742747783661,2.0125510692596436,0.9143165349960327,,,,,,accurate
1004,10040.0,10336.600059509277,10357.200057983398,0,20.599998474121094,317.20005798339844,10080.0,True,13,12,True,0,0,False,False,95,False,False,risk_lstm,8,0.9714623093605042,0.18260633945465088,2.1234216690063477,0.8821268081665039,,,,,,accurate
1005,10050.0,10357.200057983398,10386.500057220459,0,29.299999237060547,336.500057220459,10090.0,True,14,13,True,0,0,False,False,94,False,False,risk_lstm,8,0.881151020526886,0.30081549286842346,1.9548213481903076,0.8853302597999573,,,,,,accurate
1006,10060.0,10386.500057220459,10421.900051116943,0,35.399993896484375,361.90005111694336,10100.0,True,15,14,True,1,1,False,False,93,False,False,risk_lstm,8,0.9289214015007019,0.27601802349090576,2.2515714168548584,0.879332423210144,,,,,,accurate
1008,10080.0,10421.900051116943,10442.100051879883,0,20.200000762939453,362.1000518798828,10120.0,True,15,14,True,0,0,False,False,91,False,False,risk_lstm,8,0.9377042055130005,0.31361374258995056,2.0690414905548096,0.8965715169906616,,,,,,accurate
1009,10090.0,10442.100051879883,10465.600051879883,0,23.5,375.6000518798828,10130.0,True,16,15,True,0,0,False,False,90,False,False,risk_lstm,8,0.9111911654472351,0.38629111647605896,2.1569454669952393,0.8817619681358337,,,,,,accurate
1010,10100.0,10465.600051879883,10490.700054168701,0,25.10000228881836,390.7000541687012,10140.0,True,16,15,True,1,1,False,False,89,False,False,risk_lstm,8,0.9183461666107178,0.3647128939628601,2.1754648685455322,0.875439465045929,,,,,,accurate
1014,10140.0,10490.700054168701,10514.30005645752,0,23.60000228881836,374.30005645751953,10180.0,True,16,15,True,1,1,False,False,85,False,False,risk_lstm,8,0.9093791246414185,0.38361215591430664,2.1217854022979736,0.8827117085456848,,,,,,accurate
1015,10150.0,10514.30005645752,10536.10005569458,0,21.799999237060547,386.1000556945801,10190.0,True,17,16,True,0,0,False,False,84,False,False,risk_lstm,8,0.9011865258216858,0.4124162793159485,2.1629045009613037,0.869814932346344,,,,,,accurate
1016,10160.0,10536.10005569458,10554.500057220459,0,18.400001525878906,394.500057220459,10200.0,True,17,16,True,0,0,False,False,83,False,False,risk_lstm,8,0.953331708908081,0.28746482729911804,2.1421432495117188,0.9062188863754272,,,,,,accurate
1017,10170.0,10554.500057220459,10572.10005569458,0,17.599998474121094,402.1000556945801,10210.0,True,18,17,True,0,0,False,False,82,False,False,risk_lstm,8,0.8656195402145386,0.15476688742637634,2.00476336479187,0.9277152419090271,,,,,,accurate
1018,10180.0,10572.10005569458,10594.60005569458,0,22.5,414.6000556945801,10220.0,True,18,17,True,1,1,False,False,81,False,False,risk_lstm,8,0.947451114654541,0.2530321478843689,2.1965537071228027,0.8825900554656982,,,,,,accurate
1019,10190.0,10594.60005569458,10617.40005493164,0,22.799999237060547,427.4000549316406,10230.0,True,19,18,True,0,0,False,False,80,False,False,risk_lstm,8,0.9443368911743164,0.28617534041404724,2.235290288925171,0.8830837607383728,,,,,,accurate
1021,10210.0,10617.40005493164,10643.10005569458,0,25.700000762939453,433.1000556945801,10250.0,True,19,18,True,1,1,False,False,78,False,False,risk_lstm,8,0.9273266792297363,0.2910577654838562,2.260226011276245,0.8854595422744751,,,,,,accurate
1022,10220.0,10643.10005569458,10659.300052642822,0,16.199996948242188,439.30005264282227,10260.0,True,20,19,True,1,1,False,False,77,False,False,risk_lstm,8,0.9334689974784851,0.13533134758472443,2.1117641925811768,0.9118370413780212,,,,,,accurate
1024,10240.0,10659.300052642822,10688.000053405762,0,28.700000762939453,448.0000534057617,10280.0,True,20,19,True,0,0,False,False,75,False,False,risk_lstm,8,0.9485066533088684,0.2248324602842331,2.180842638015747,0.8829744458198547,,,,,,accurate
1035,10350.0,10688.000053405762,10716.000049591064,0,27.999996185302734,366.00004959106445,10390.0,True,16,15,True,0,0,False,False,64,False,False,risk_lstm,8,0.9411557912826538,0.2449665516614914,2.2108335494995117,0.8822368383407593,,,,,,accurate
1037,10370.0,10716.000049591064,10738.800048828125,0,22.799999237060547,368.800048828125,10410.0,True,16,15,True,0,0,False,False,62,False,False,risk_lstm,8,0.9085922837257385,0.3393794298171997,2.137024402618408,0.8934863209724426,,,,,,accurate
1038,10380.0,10738.800048828125,10766.000049591064,0,27.200000762939453,386.00004959106445,10420.0,True,17,16,True,0,0,False,False,61,False,False,risk_lstm,8,0.9157233238220215,0.3342406153678894,2.2332308292388916,0.8749708533287048,,,,,,accurate
1040,10400.0,10766.000049591064,10786.700050354004,0,20.700000762939453,386.7000503540039,10440.0,True,17,16,True,0,0,False,False,59,False,False,risk_lstm,8,0.9331468939781189,0.34056249260902405,2.088247537612915,0.8911760449409485,,,,,,accurate
1042,10420.0,10786.700050354004,10804.80005645752,0,18.100006103515625,384.80005645751953,10460.0,True,18,17,True,0,0,False,False,57,False,False,risk_lstm,8,0.9191634058952332,0.24362197518348694,2.0475118160247803,0.9227034449577332,,,,,,accurate
1046,10460.0,10804.80005645752,10829.10005569458,0,24.299999237060547,369.1000556945801,10500.0,True,17,16,True,1,1,False,False,53,False,False,risk_lstm,8,0.9363093376159668,0.2865124046802521,2.083458185195923,0.8863243460655212,,,,,,accurate
1048,10480.0,10829.10005569458,10844.80005645752,0,15.700000762939453,364.80005645751953,10520.0,True,17,16,True,0,0,False,False,51,False,False,risk_lstm,8,0.901648759841919,0.13521714508533478,1.9072489738464355,0.9116873741149902,,,,,,accurate
1049,10490.0,10844.80005645752,10877.80005645752,0,33.0,387.80005645751953,10530.0,True,18,17,True,0,0,False,False,50,False,False,risk_lstm,8,0.9249874949455261,0.25461867451667786,2.111497163772583,0.8829593062400818,,,,,,accurate
1050,10500.0,10877.80005645752,10899.000061035156,0,21.20000457763672,399.00006103515625,10540.0,True,18,17,True,1,1,False,False,49,False,False,risk_lstm,8,0.951215386390686,0.21414469182491302,2.108750104904175,0.8890359401702881,,,,,,accurate
1051,10510.0,10899.000061035156,10923.800060272217,0,24.799999237060547,413.8000602722168,10550.0,True,19,18,True,0,0,False,False,48,False,False,risk_lstm,8,0.9435905814170837,0.2394637018442154,2.1521637439727783,0.87865149974823,,,,,,accurate
1052,10520.0,10923.800060272217,10951.000061035156,0,27.200000762939453,431.00006103515625,10560.0,True,19,18,True,0,0,False,False,47,False,False,risk_lstm,8,0.904143214225769,0.2568458914756775,2.1410696506500244,0.8890175819396973,,,,,,accurate
1061,10610.0,10951.000061035156,10975.000061035156,0,24.0,365.00006103515625,10650.0,True,16,15,True,0,0,False,False,38,False,False,risk_lstm,8,0.9318616986274719,0.28285732865333557,2.1949379444122314,0.8815198540687561,,,,,,accurate
1064,10640.0,10975.000061035156,10999.000061035156,0,24.0,359.00006103515625,10680.0,True,16,15,True,0,0,False,False,35,False,False,risk_lstm,8,0.9102717041969299,0.32794278860092163,2.1525847911834717,0.8843405842781067,,,,,,accurate
1065,10650.0,10999.000061035156,11026.400058746338,0,27.39999771118164,376.4000587463379,10690.0,True,16,15,True,1,1,False,False,34,False,False,risk_lstm,8,0.865288257598877,0.31917253136634827,2.0153067111968994,0.8884219527244568,,,,,,accurate
1066,10660.0,11026.400058746338,11051.600059509277,0,25.200000762939453,391.60005950927734,10700.0,True,16,15,True,0,0,False,False,33,False,False,risk_lstm,8,0.9131789803504944,0.45240259170532227,2.1456663608551025,0.8707497715950012,,,,,,accurate
1067,10670.0,11051.600059509277,11080.300060272217,0,28.700000762939453,410.3000602722168,10710.0,True,17,16,True,1,1,False,False,32,False,False,risk_lstm,8,0.8667884469032288,0.3898356854915619,2.120459794998169,0.8819293975830078,,,,,,accurate
1068,10680.0,11080.300060272217,11099.800060272217,0,19.5,419.8000602722168,10720.0,True,18,17,True,1,1,False,False,31,False,False,risk_lstm,8,0.9421420097351074,0.3846484124660492,2.1004817485809326,0.87855064868927,,,,,,accurate
1069,10690.0,11099.800060272217,11120.000061035156,0,20.200000762939453,430.00006103515625,10730.0,True,18,17,True,0,0,False,False,30,False,False,risk_lstm,8,0.9171932339668274,0.23907671868801117,1.9644362926483154,0.928726315498352,,,,,,accurate
1070,10700.0,11120.000061035156,11145.40005493164,0,25.399993896484375,445.4000549316406,10740.0,True,19,18,True,1,1,False,False,29,False,False,risk_lstm,8,0.937965989112854,0.2671073377132416,2.184988021850586,0.8743206858634949,,,,,,accurate
1076,10760.0,11145.40005493164,11166.30005645752,0,20.900001525878906,406.30005645751953,10800.0,True,18,17,True,0,0,False,False,23,False,False,risk_lstm,8,0.9268573522567749,0.2767453193664551,2.083280086517334,0.8874247670173645,,,,,,accurate
1077,10770.0,11166.30005645752,11186.60005569458,0,20.299999237060547,416.6000556945801,10810.0,True,18,17,True,0,0,False,False,22,False,False,risk_lstm,8,0.9333597421646118,0.28518402576446533,2.1136507987976074,0.8793443441390991,,,,,,accurate
1078,10780.0,11186.60005569458,11222.30005645752,0,35.70000076293945,442.30005645751953,10820.0,True,19,18,True,1,1,False,False,21,False,False,risk_lstm,8,0.8797020316123962,0.33046579360961914,1.9614591598510742,0.8855390548706055,,,,,,accurate
1080,10800.0,11222.30005645752,11246.200057983398,0,23.900001525878906,446.20005798339844,10840.0,True,19,18,True,0,0,False,False,19,False,False,risk_lstm,8,0.9291656613349915,0.29336050152778625,2.237262010574341,0.8746911883354187,,,,,,accurate
1084,10840.0,11246.200057983398,11268.40005493164,0,22.199996948242188,428.4000549316406,10880.0,True,18,17,True,1,1,False,False,15,False,False,risk_lstm,8,0.9252720475196838,0.3108920156955719,2.214906930923462,0.8778237700462341,,,,,,accurate
1088,10880.0,11268.40005493164,11290.10005569458,0,21.700000762939453,410.1000556945801,10920.0,True,17,16,True,0,0,False,False,11,False,False,risk_lstm,8,0.919580340385437,0.3461076319217682,2.1776254177093506,0.8778088092803955,,,,,,accurate
1089,10890.0,11290.10005569458,11317.40005493164,0,27.299999237060547,427.4000549316406,10930.0,True,18,17,True,0,0,False,False,10,False,False,risk_lstm,8,0.8942265510559082,0.4496524930000305,2.134369134902954,0.8729085326194763,,,,,,accurate
1090,10900.0,11317.40005493164,11350.500057220459,0,33.10000228881836,450.500057220459,10940.0,True,18,17,True,0,0,False,False,9,False,False,risk_lstm,8,0.8428345918655396,0.41069692373275757,2.0478897094726562,0.8866192698478699,,,,,,accurate
1096,10960.0,11350.500057220459,11378.700057983398,0,28.200000762939453,418.70005798339844,11000.0,True,17,16,True,0,0,False,False,3,False,False,risk_lstm,8,0.8971467018127441,0.29308798909187317,2.0424954891204834,0.9360997676849365,,,,,,accurate
1098,10980.0,11378.700057983398,11402.500057220459,0,23.799999237060547,422.500057220459,11020.0,True,17,16,True,0,0,False,False,1,True,False,risk_lstm,8,0.9427934885025024,0.3355456590652466,2.140653371810913,0.8807172179222107,,,,,,accurate
1099,10990.0,11402.500057220459,11429.200057983398,0,26.700000762939453,439.20005798339844,11030.0,True,18,17,True,0,0,False,True,0,True,False,risk_lstm,8,0.930417537689209,0.36460450291633606,2.1781206130981445,0.872125506401062,,,,,,accurate
1103,11030.0,11429.200057983398,11462.10005569458,0,32.89999771118164,432.1000556945801,11070.0,True,17,16,True,1,1,False,False,96,False,False,risk_lstm,8,0.9128860235214233,0.367468923330307,2.213524580001831,0.8748463988304138,,,,,,accurate
1108,11080.0,11462.10005569458,11491.700054168701,0,29.599998474121094,411.7000541687012,11120.0,True,17,16,True,0,0,False,False,91,False,False,risk_lstm,8,0.8495418429374695,0.38081246614456177,2.0482969284057617,0.8949384689331055,,,,,,accurate
1109,11090.0,11491.700054168701,11511.600051879883,0,19.89999771118164,421.6000518798828,11130.0,True,17,16,True,0,0,False,False,90,False,False,risk_lstm,8,0.9073767066001892,0.34866639971733093,2.015700340270996,0.9128544926643372,,,,,,accurate
1110,11100.0,11511.600051879883,11532.60005569458,0,21.000003814697266,432.6000556945801,11140.0,True,17,16,True,1,1,False,False,89,False,False,risk_lstm,8,0.9427688121795654,0.26593881845474243,2.1660373210906982,0.8751010894775391,,,,,,accurate
1114,11140.0,11532.60005569458,11554.40005493164,0,21.799999237060547,414.4000549316406,11180.0,True,17,16,True,0,0,False,False,85,False,False,risk_lstm,8,0.9410324692726135,0.3037959635257721,2.1177446842193604,0.8800835609436035,,,,,,accurate
1115,11150.0,11554.40005493164,11577.300052642822,0,22.89999771118164,427.30005264282227,11190.0,True,17,16,True,1,1,False,False,84,False,False,risk_lstm,8,0.9214728474617004,0.4083916246891022,2.0718185901641846,0.8817334771156311,,,,,,accurate
1116,11160.0,11577.300052642822,11600.500049591064,0,23.199996948242188,440.50004959106445,11200.0,True,18,17,True,0,0,False,False,83,False,False,risk_lstm,8,0.9296698570251465,0.36274415254592896,2.1328909397125244,0.861842691898346,,,,,,accurate
1126,11260.0,11600.500049591064,11622.600051879883,0,22.10000228881836,362.6000518798828,11300.0,True,15,14,True,1,1,False,False,73,False,False,risk_lstm,8,0.9591893553733826,0.3275117874145508,2.098019599914551,0.8860111236572266,,,,,,accurate
1128,11280.0,11622.600051879883,11648.500049591064,0,25.89999771118164,368.50004959106445,11320.0,True,15,14,True,0,0,False,False,71,False,False,risk_lstm,8,0.9045588970184326,0.38353195786476135,2.1109256744384766,0.8794283866882324,,,,,,accurate
1131,11310.0,11648.500049591064,11687.10005569458,0,38.600006103515625,377.1000556945801,11350.0,True,15,14,True,1,1,False,False,68,False,False,risk_lstm,8,0.8717771768569946,0.3759881258010864,2.0781538486480713,0.8824406862258911,,,,,,accurate
1135,11350.0,11687.10005569458,11706.900058746338,0,19.800003051757812,356.9000587463379,11390.0,True,15,14,True,1,1,False,False,64,False,False,risk_lstm,8,0.9351409673690796,0.36481305956840515,2.0791103839874268,0.8827071785926819,,,,,,accurate
1138,11380.0,11706.900058746338,11731.900062561035,0,25.000003814697266,351.90006256103516,11420.0,True,14,13,True,1,1,False,False,61,False,False,risk_lstm,8,0.903698742389679,0.39187416434288025,2.181732654571533,0.8708277344703674,,,,,,accurate
1141,11410.0,11731.900062561035,11758.900066375732,0,27.000003814697266,348.9000663757324,11450.0,True,14,13,True,0,0,False,False,58,False,False,risk_lstm,8,0.8416427373886108,0.380258172750473,2.102160692214966,0.8925816416740417,,,,,,accurate
1142,11420.0,11758.900066375732,11790.400066375732,0,31.5,370.4000663757324,11460.0,True,15,14,True,0,0,False,False,57,False,False,risk_lstm,8,0.9104960560798645,0.40544599294662476,2.209895372390747,0.8722652196884155,,,,,,accurate
1143,11430.0,11790.400066375732,11816.000064849854,0,25.599998474121094,386.0000648498535,11470.0,True,15,14,True,1,1,False,False,56,False,False,risk_lstm,8,0.9127525687217712,0.38221797347068787,2.2020092010498047,0.8721714019775391,,,,,,accurate
1145,11450.0,11816.000064849854,11838.900062561035,0,22.89999771118164,388.90006256103516,11490.0,True,16,15,True,1,1,False,False,54,False,False,risk_lstm,8,0.9048718214035034,0.4089653789997101,2.187453031539917,0.8724091053009033,,,,,,accurate
1148,11480.0,11838.900062561035,11858.400062561035,0,19.5,378.40006256103516,11520.0,True,16,15,True,0,0,False,False,51,False,False,risk_lstm,8,0.9110848903656006,0.3942055106163025,2.0744850635528564,0.8948047161102295,,,,,,accurate
1149,11490.0,11858.400062561035,11886.300064086914,0,27.900001525878906,396.30006408691406,11530.0,True,17,16,True,0,0,False,False,50,False,False,risk_lstm,8,0.8451528549194336,0.388333261013031,2.065530776977539,0.8899866938591003,,,,,,accurate
1151,11510.0,11886.300064086914,11903.100059509277,0,16.79999542236328,393.10005950927734,11550.0,True,17,16,True,0,0,False,False,48,False,False,risk_lstm,8,0.917833685874939,0.26596343517303467,1.9407261610031128,0.9264484643936157,,,,,,accurate
1152,11520.0,11903.100059509277,11932.300060272217,0,29.200000762939453,412.3000602722168,11560.0,True,17,16,True,0,0,False,False,47,False,False,risk_lstm,8,0.8710141777992249,0.32836294174194336,2.0058023929595947,0.894406795501709,,,,,,accurate
1154,11540.0,11932.300060272217,11958.500061035156,0,26.200000762939453,418.50006103515625,11580.0,True,17,16,True,0,0,False,False,45,False,False,risk_lstm,8,0.9335117936134338,0.3082716166973114,2.2419729232788086,0.8808314204216003,,,,,,accurate
1158,11580.0,11958.500061035156,11979.000061035156,0,20.5,399.00006103515625,11620.0,True,16,15,True,0,0,False,False,41,False,False,risk_lstm,8,0.9277833700180054,0.36500367522239685,2.13504958152771,0.8867084980010986,,,,,,accurate
1165,11650.0,11979.000061035156,12002.600059509277,0,23.599998474121094,352.60005950927734,11690.0,True,14,13,True,0,0,False,False,34,False,False,risk_lstm,8,0.9346646666526794,0.3109453320503235,2.2415075302124023,0.8731231093406677,,,,,,accurate
1167,11670.0,12002.600059509277,12023.700061798096,0,21.10000228881836,353.7000617980957,11710.0,True,15,14,True,0,0,False,False,32,False,False,risk_lstm,8,0.917136549949646,0.3524692952632904,2.199103593826294,0.8798606991767883,,,,,,accurate
1169,11690.0,12023.700061798096,12055.200061798096,0,31.5,365.2000617980957,11730.0,True,15,14,True,1,1,False,False,30,False,False,risk_lstm,8,0.8946016430854797,0.3470919728279114,2.192781925201416,0.8814127445220947,,,,,,accurate
1173,11730.0,12055.200061798096,12079.700061798096,0,24.5,349.7000617980957,11770.0,True,15,14,True,1,1,False,False,26,False,False,risk_lstm,8,0.9181752800941467,0.3306385576725006,2.2221500873565674,0.8703064322471619,,,,,,accurate
1175,11750.0,12079.700061798096,12099.500064849854,0,19.800003051757812,349.5000648498535,11790.0,True,15,14,True,1,1,False,False,24,False,False,risk_lstm,8,0.9176015853881836,0.4337107539176941,2.074657917022705,0.8876429796218872,,,,,,accurate
1177,11770.0,12099.500064849854,12121.400066375732,0,21.900001525878906,351.4000663757324,11810.0,True,15,14,True,1,1,False,False,22,False,False,risk_lstm,8,0.9139834642410278,0.41773873567581177,2.025458812713623,0.894824206829071,,,,,,accurate
1179,11790.0,12121.400066375732,12142.900066375732,0,21.5,352.9000663757324,11830.0,True,16,15,True,0,0,False,False,20,False,False,risk_lstm,8,0.9290398359298706,0.4080062210559845,2.1458005905151367,0.8605374097824097,,,,,,accurate
1185,11850.0,12142.900066375732,12170.300067901611,0,27.400001525878906,320.3000679016113,11890.0,True,14,13,True,0,0,False,False,14,False,False,risk_lstm,8,0.9145647883415222,0.3688850402832031,2.1897902488708496,0.8647235631942749,,,,,,accurate
1190,11900.0,12170.300067901611,12190.100067138672,0,19.799999237060547,290.1000671386719,11940.0,True,13,12,True,0,0,False,False,9,False,False,risk_lstm,8,0.9001726508140564,0.3764505088329315,2.038747787475586,0.8912032842636108,,,,,,accurate
1193,11930.0,12190.100067138672,12212.100067138672,0,22.0,282.1000671386719,11970.0,True,13,12,True,0,0,False,False,6,False,False,risk_lstm,8,0.9246745705604553,0.3822064697742462,2.0518546104431152,0.8858904838562012,,,,,,accurate
1195,11950.0,12212.100067138672,12241.40007019043,0,29.300003051757812,291.4000701904297,11990.0,True,13,12,True,0,0,False,False,4,False,False,risk_lstm,8,0.8753302693367004,0.3876871168613434,2.0637247562408447,0.8850790858268738,,,,,,accurate
1199,11990.0,12241.40007019043,12274.10007095337,0,32.70000076293945,284.10007095336914,12030.0,True,12,11,True,0,0,False,True,0,True,False,risk_lstm,8,0.8645831942558289,0.33775269985198975,2.0980958938598633,0.8900220394134521,,,,,,accurate
1201,12010.0,12274.10007095337,12300.800067901611,0,26.699996948242188,290.8000679016113,12050.0,True,12,11,True,0,0,False,False,98,False,False,risk_lstm,8,0.8863068222999573,0.36057472229003906,2.1679506301879883,0.8879538774490356,,,,,,accurate
1206,12060.0,12300.800067901611,12322.10007095337,0,21.300003051757812,262.10007095336914,12100.0,True,11,10,True,0,0,False,False,93,False,False,risk_lstm,8,0.8955012559890747,0.41892439126968384,2.1237382888793945,0.8850693106651306,,,,,,accurate
1207,12070.0,12322.10007095337,12346.60007095337,0,24.5,276.60007095336914,12110.0,True,12,11,True,0,0,False,False,92,False,False,risk_lstm,8,0.9099137783050537,0.39098337292671204,2.201434850692749,0.8730391263961792,,,,,,accurate
1210,12100.0,12346.60007095337,12369.200073242188,0,22.60000228881836,269.2000732421875,12140.0,True,11,10,True,1,1,False,False,89,False,False,risk_lstm,8,0.9181647300720215,0.3592446744441986,2.2003581523895264,0.8724261522293091,,,,,,accurate
1213,12130.0,12369.200073242188,12395.300075531006,0,26.10000228881836,265.30007553100586,12170.0,True,11,10,True,0,0,False,False,86,False,False,risk_lstm,8,0.9149906039237976,0.39220112562179565,2.215648889541626,0.8709050416946411,,,,,,accurate
1215,12150.0,12395.300075531006,12414.700073242188,0,19.39999771118164,264.7000732421875,12190.0,True,11,10,True,1,1,False,False,84,False,False,risk_lstm,8,0.8873960375785828,0.3656221628189087,1.9998774528503418,0.9154404997825623,,,,,,accurate
1220,12200.0,12414.700073242188,12437.500072479248,0,22.799999237060547,237.50007247924805,12240.0,True,10,9,True,0,0,False,False,79,False,False,risk_lstm,8,0.8988592028617859,0.40201064944267273,2.183758497238159,0.8769840002059937,,,,,,accurate
1221,12210.0,12437.500072479248,12457.500072479248,0,20.0,247.50007247924805,12250.0,True,11,10,True,0,0,False,False,78,False,False,risk_lstm,8,0.933315098285675,0.3621326684951782,2.0004963874816895,0.9089693427085876,,,,,,accurate
1222,12220.0,12457.500072479248,12480.500076293945,0,23.000003814697266,260.5000762939453,12260.0,True,11,10,True,0,0,False,False,77,False,False,risk_lstm,8,0.9250805974006653,0.3787853419780731,2.0471324920654297,0.8844179511070251,,,,,,accurate
1223,12230.0,12480.500076293945,12506.400074005127,0,25.89999771118164,276.40007400512695,12270.0,True,12,11,True,0,0,False,False,76,False,False,risk_lstm,8,0.9170841574668884,0.36613723635673523,2.141496419906616,0.8736995458602905,,,,,,accurate
1228,12280.0,12506.400074005127,12529.400074005127,0,23.0,249.40007400512695,12320.0,True,11,10,True,0,0,False,False,71,False,False,risk_lstm,8,0.913581132888794,0.40678855776786804,2.0968525409698486,0.8825945854187012,,,,,,accurate
1229,12290.0,12529.400074005127,12551.300075531006,0,21.900001525878906,261.30007553100586,12330.0,True,12,11,True,0,0,False,False,70,False,False,risk_lstm,8,0.934647262096405,0.39171141386032104,2.084451913833618,0.881013810634613,,,,,,accurate
1231,12310.0,12551.300075531006,12572.500080108643,0,21.20000457763672,262.5000801086426,12350.0,True,12,11,True,0,0,False,False,68,False,False,risk_lstm,8,0.8956047296524048,0.3655170500278473,2.0455069541931152,0.8951486349105835,,,,,,accurate
1238,12380.0,12572.500080108643,12605.800079345703,0,33.29999923706055,225.80007934570312,12420.0,True,10,9,True,1,1,False,False,61,False,False,risk_lstm,8,0.9327778220176697,0.3731399178504944,2.1314334869384766,0.8573716878890991,,,,,,accurate
1239,12390.0,12605.800079345703,12626.900077819824,0,21.099998474121094,236.90007781982422,12430.0,True,11,10,True,0,0,False,False,60,False,False,risk_lstm,8,0.8735275268554688,0.44783830642700195,1.9641680717468262,0.8972643613815308,,,,,,accurate
1240,12400.0,12626.900077819824,12659.700080871582,0,32.80000305175781,259.70008087158203,12440.0,True,11,10,True,1,1,False,False,59,False,False,risk_lstm,8,0.8760082721710205,0.43167245388031006,1.9872239828109741,0.881888210773468,,,,,,accurate
1253,12530.0,12659.700080871582,12680.100078582764,0,20.39999771118164,150.10007858276367,12570.0,True,6,5,True,0,0,False,False,46,False,False,risk_lstm,8,0.9024743437767029,0.4211045503616333,2.06909441947937,0.8828914761543274,,,,,,accurate
1260,12600.0,12680.100078582764,12705.500076293945,0,25.39999771118164,105.50007629394531,12640.0,True,5,4,False,0,0,False,False,39,False,False,risk_lstm,8,0.9370059967041016,0.3339747190475464,2.0344929695129395,0.9098895788192749,,,,,,accurate
1262,12620.0,12705.500076293945,12731.100074768066,0,25.599998474121094,111.1000747680664,12660.0,True,5,4,False,1,1,False,False,37,False,False,risk_lstm,8,0.9239921569824219,0.34001776576042175,2.1779940128326416,0.8689641356468201,,,,,,accurate
1263,12630.0,12731.100074768066,12754.500076293945,0,23.400001525878906,124.50007629394531,12670.0,True,5,4,False,0,0,False,False,36,False,False,risk_lstm,8,0.9312451481819153,0.3227198123931885,1.9949650764465332,0.9173204302787781,,,,,,accurate
1264,12640.0,12754.500076293945,12774.400074005127,0,19.89999771118164,134.40007400512695,12680.0,True,6,5,True,0,0,False,False,35,False,False,risk_lstm,8,0.9375231266021729,0.26385655999183655,2.1019504070281982,0.8828077912330627,,,,,,accurate
1266,12660.0,12774.400074005127,12796.700073242188,0,22.299999237060547,136.7000732421875,12700.0,True,6,5,True,0,0,False,False,33,False,False,risk_lstm,8,0.9390676021575928,0.27460452914237976,2.1606571674346924,0.8719261288642883,,,,,,accurate
1274,12740.0,12796.700073242188,12819.000076293945,0,22.300003051757812,79.00007629394531,12780.0,True,4,3,False,1,1,False,False,25,False,False,risk_lstm,8,0.910880982875824,0.3161347806453705,2.0688424110412598,0.8937437534332275,,,,,,accurate
1275,12750.0,12819.000076293945,12842.900077819824,0,23.900001525878906,92.90007781982422,12790.0,True,5,4,False,0,0,False,False,24,False,False,risk_lstm,8,0.9456242322921753,0.29417815804481506,2.166069746017456,0.8696215748786926,,,,,,accurate
1276,12760.0,12842.900077819824,12866.900077819824,0,24.0,106.90007781982422,12800.0,True,5,4,False,0,0,False,False,23,False,False,risk_lstm,8,0.935184121131897,0.3307483494281769,2.1611616611480713,0.8698862791061401,,,,,,accurate
1279,12790.0,12866.900077819824,12892.200077056885,0,25.299999237060547,102.20007705688477,12830.0,True,5,4,False,1,1,False,False,20,False,False,risk_lstm,8,0.9180173277854919,0.3752197027206421,2.2140920162200928,0.8670838475227356,,,,,,accurate
1283,12830.0,12892.200077056885,12915.800079345703,0,23.60000228881836,85.80007934570312,12870.0,True,4,3,False,0,0,False,False,16,False,False,risk_lstm,8,0.9084713459014893,0.3225023150444031,2.0915048122406006,0.8949782848358154,,,,,,accurate
1285,12850.0,12915.800079345703,12938.800079345703,0,23.0,88.80007934570312,12890.0,True,4,3,False,0,0,False,False,14,False,False,risk_lstm,8,0.9017118215560913,0.4010406732559204,2.1852757930755615,0.8710921406745911,,,,,,accurate
1286,12860.0,12938.800079345703,12962.100078582764,0,23.299999237060547,102.10007858276367,12900.0,True,5,4,False,0,0,False,False,13,False,False,risk_lstm,8,0.8838983178138733,0.4429553151130676,2.148655652999878,0.8751343488693237,,,,,,accurate
1289,12890.0,12962.100078582764,12982.400081634521,0,20.300003051757812,92.40008163452148,12930.0,True,5,4,False,0,0,False,False,10,False,False,risk_lstm,8,0.9146628379821777,0.39271509647369385,2.1491522789001465,0.8728175163269043,,,,,,accurate
1291,12910.0,12982.400081634521,13007.900085449219,0,25.500003814697266,97.90008544921875,12950.0,True,5,4,False,0,0,False,False,8,False,False,risk_lstm,8,0.8541380167007446,0.4369387924671173,2.1039905548095703,0.8835198879241943,,,,,,accurate
1295,12950.0,13007.900085449219,13030.200088500977,0,22.300003051757812,80.20008850097656,12990.0,True,4,3,False,1,1,False,False,4,False,False,risk_lstm,8,0.9005485773086548,0.428772509098053,2.146843194961548,0.8751386404037476,,,,,,accurate
1296,12960.0,13030.200088500977,13051.700088500977,0,21.5,91.70008850097656,13000.0,True,5,4,False,0,0,False,False,3,False,False,risk_lstm,8,0.9131441712379456,0.3955012261867523,2.187666416168213,0.8675956726074219,,,,,,accurate
1298,12980.0,13051.700088500977,13083.800090789795,0,32.10000228881836,103.80009078979492,13020.0,True,5,4,False,1,1,False,False,1,True,False,risk_lstm,8,0.8394176959991455,0.3939349353313446,1.953439712524414,0.8856674432754517,,,,,,accurate
1302,13020.0,13083.800090789795,13105.100090026855,0,21.299999237060547,85.10009002685547,13060.0,True,4,3,False,0,0,False,False,97,False,False,risk_lstm,8,0.893680214881897,0.42396122217178345,2.143721342086792,0.8758602142333984,,,,,,accurate
1303,13030.0,13105.100090026855,13125.500087738037,0,20.39999771118164,95.50008773803711,13070.0,True,5,4,False,0,0,False,False,96,False,False,risk_lstm,8,0.8938696384429932,0.38699203729629517,2.0882163047790527,0.8827419877052307,,,,,,accurate
1305,13050.0,13125.500087738037,13150.500087738037,0,25.0,100.50008773803711,13090.0,True,5,4,False,0,0,False,False,94,False,False,risk_lstm,8,0.9182195663452148,0.39253801107406616,2.1554718017578125,0.8628570437431335,,,,,,accurate
1307,13070.0,13150.500087738037,13174.300086975098,0,23.799999237060547,104.30008697509766,13110.0,True,5,4,False,0,0,False,False,92,False,False,risk_lstm,8,0.8939699530601501,0.41923394799232483,2.150019884109497,0.8757188320159912,,,,,,accurate
1308,13080.0,13174.300086975098,13193.200088500977,0,18.900001525878906,113.20008850097656,13120.0,True,6,5,True,0,0,False,False,91,False,False,risk_lstm,8,0.9581515192985535,0.2886708080768585,2.0605576038360596,0.9069655537605286,,,,,,accurate
1311,13110.0,13193.200088500977,13215.200088500977,0,22.0,105.20008850097656,13150.0,True,5,4,False,1,1,False,False,88,False,False,risk_lstm,8,0.9377194046974182,0.36501604318618774,2.1307883262634277,0.8716988563537598,,,,,,accurate
1313,13130.0,13215.200088500977,13231.200088500977,0,16.0,101.20008850097656,13170.0,True,5,4,False,0,0,False,False,86,False,False,risk_lstm,8,0.867431104183197,0.14329198002815247,1.920229434967041,0.9223178625106812,,,,,,accurate
1314,13140.0,13231.200088500977,13259.200088500977,0,28.0,119.20008850097656,13180.0,True,6,5,True,0,0,False,False,85,False,False,risk_lstm,8,0.944847047328949,0.2478085607290268,2.1926372051239014,0.8793206214904785,,,,,,accurate
1317,13170.0,13259.200088500977,13284.500087738037,0,25.299999237060547,114.50008773803711,13210.0,True,6,5,True,0,0,False,False,82,False,False,risk_lstm,8,0.920539915561676,0.24705103039741516,2.2326290607452393,0.8889514207839966,,,,,,accurate
1320,13200.0,13284.500087738037,13304.300090789795,0,19.800003051757812,104.30009078979492,13240.0,True,5,4,False,0,0,False,False,79,False,False,risk_lstm,8,0.923151969909668,0.23625893890857697,1.967016577720642,0.9281924366950989,,,,,,accurate
1322,13220.0,13304.300090789795,13320.800094604492,0,16.500003814697266,100.80009460449219,13260.0,True,5,4,False,0,0,False,False,77,False,False,risk_lstm,8,0.907784104347229,0.17052480578422546,1.991766333580017,0.9323863387107849,,,,,,accurate
1324,13240.0,13320.800094604492,13340.200096130371,0,19.400001525878906,100.2000961303711,13280.0,True,5,4,False,1,1,False,False,75,False,False,risk_lstm,8,0.9168235063552856,0.1538330465555191,1.9931923151016235,0.9257943630218506,,,,,,accurate
1328,13280.0,13340.200096130371,13363.60009765625,0,23.400001525878906,83.60009765625,13320.0,True,5,4,False,0,0,False,False,71,False,False,risk_lstm,8,0.9532620906829834,0.16345719993114471,1.9763200283050537,0.9193172454833984,,,,,,accurate
1329,13290.0,13363.60009765625,13386.10009765625,0,22.5,96.10009765625,13330.0,True,5,4,False,0,0,False,False,70,False,False,risk_lstm,8,0.9574036598205566,0.18180248141288757,2.095374345779419,0.8804693222045898,,,,,,accurate
1331,13310.0,13386.10009765625,13409.000095367432,0,22.89999771118164,99.00009536743164,13350.0,True,5,4,False,0,0,False,False,68,False,False,risk_lstm,8,0.942013144493103,0.23019368946552277,2.127603530883789,0.8790743947029114,,,,,,accurate
1333,13330.0,13409.000095367432,13434.700092315674,0,25.699996948242188,104.70009231567383,13370.0,True,5,4,False,0,0,False,False,66,False,False,risk_lstm,8,0.9372290968894958,0.2232164889574051,2.1811087131500244,0.876392126083374,,,,,,accurate
1335,13350.0,13434.700092315674,13459.100093841553,0,24.400001525878906,109.10009384155273,13390.0,True,5,4,False,1,1,False,False,64,False,False,risk_lstm,8,0.9346582293510437,0.23599541187286377,2.223649263381958,0.8814367651939392,,,,,,accurate
1336,13360.0,13459.100093841553,13479.600093841553,0,20.5,119.60009384155273,13400.0,True,6,5,True,1,1,False,False,63,False,False,risk_lstm,8,0.9377760291099548,0.2528385519981384,2.1806108951568604,0.8828725218772888,,,,,,accurate
1339,13390.0,13479.600093841553,13500.300094604492,0,20.700000762939453,110.30009460449219,13430.0,True,5,4,False,0,0,False,False,60,False,False,risk_lstm,8,0.8950950503349304,0.37734368443489075,2.1020987033843994,0.8928543925285339,,,,,,accurate
1344,13440.0,13500.300094604492,13537.000095367432,0,36.70000076293945,97.00009536743164,13480.0,True,4,3,False,1,1,False,False,55,False,False,risk_lstm,8,0.900165855884552,0.38357043266296387,2.2076809406280518,0.8736764788627625,,,,,,accurate
1347,13470.0,13537.000095367432,13559.800094604492,0,22.799999237060547,89.80009460449219,13510.0,True,4,3,False,0,0,False,False,52,False,False,risk_lstm,8,0.8915040493011475,0.4302728474140167,2.146620750427246,0.8713372945785522,,,,,,accurate
1349,13490.0,13559.800094604492,13582.800094604492,0,23.0,92.80009460449219,13530.0,True,4,3,False,1,1,False,False,50,False,False,risk_lstm,8,0.8973431587219238,0.4245973229408264,2.1706745624542236,0.8692493438720703,,,,,,accurate
1351,13510.0,13582.800094604492,13609.500095367432,0,26.700000762939453,99.50009536743164,13550.0,True,4,3,False,0,0,False,False,48,False,False,risk_lstm,8,0.8972775936126709,0.4246484041213989,2.1716668605804443,0.8691620230674744,,,,,,accurate
1352,13520.0,13609.500095367432,13629.400093078613,0,19.89999771118164,109.40009307861328,13560.0,True,5,4,False,0,0,False,False,47,False,False,risk_lstm,8,0.8850554823875427,0.46038657426834106,2.0856077671051025,0.8824723958969116,,,,,,accurate
1357,13570.0,13629.400093078613,13652.000095367432,0,22.60000228881836,82.00009536743164,13610.0,True,4,3,False,0,0,False,False,42,False,False,risk_lstm,8,0.9003490805625916,0.43922895193099976,2.131101608276367,0.8691391944885254,,,,,,accurate
1362,13620.0,13652.000095367432,13680.800094604492,0,28.799999237060547,60.80009460449219,13660.0,True,3,2,False,1,1,False,False,37,False,False,risk_lstm,8,0.8901137113571167,0.41216155886650085,2.1946160793304443,0.8701956868171692,,,,,,accurate
1368,13680.0,13680.800094604492,13705.400093078613,0,24.599998474121094,25.40009307861328,13720.0,False,2,1,False,0,0,False,False,31,False,True,risk_lstm,8,0.9053090214729309,0.44209906458854675,2.151276111602783,0.8713372945785522,,,,,,accurate
1371,13710.0,13710.0,13740.099998474121,0,30.099998474121094,30.099998474121094,13750.0,False,1,0,False,1,1,False,False,28,False,True,risk_lstm,8,0.9002034664154053,0.41760337352752686,2.1791508197784424,0.8676754236221313,,,,,,accurate
1372,13720.0,13740.099998474121,13757.999996185303,0,17.89999771118164,37.999996185302734,13760.0,False,2,1,False,1,1,False,False,27,False,True,risk_lstm,8,0.9117980599403381,0.3779948949813843,1.9886088371276855,0.9168624877929688,,,,,,accurate
1377,13770.0,13770.0,13796.20000076294,0,26.200000762939453,26.200000762939453,13810.0,False,1,0,False,0,0,False,False,22,False,True,risk_lstm,8,0.8846102952957153,0.3611031770706177,2.1563992500305176,0.885624885559082,,,,,,accurate
1379,13790.0,13796.20000076294,13815.400001525879,0,19.200000762939453,25.400001525878906,13830.0,False,2,1,False,0,0,False,False,20,False,True,risk_lstm,8,0.9311612248420715,0.31852278113365173,2.041630268096924,0.9074376821517944,,,,,,accurate
1382,13820.0,13820.0,13844.20000076294,0,24.200000762939453,24.200000762939453,13860.0,False,1,0,False,0,0,False,False,17,False,True,risk_lstm,8,0.9039475321769714,0.30978482961654663,2.191535472869873,0.8809195756912231,,,,,,accurate
1383,13830.0,13844.20000076294,13873.600006103516,0,29.400005340576172,43.600006103515625,13870.0,True,2,1,False,1,1,False,False,16,False,False,risk_lstm,8,0.9339967966079712,0.29044634103775024,2.2251784801483154,0.8733404278755188,,,,,,accurate
1385,13850.0,13873.600006103516,13897.100006103516,0,23.5,47.100006103515625,13890.0,True,2,1,False,1,1,False,False,14,False,False,risk_lstm,8,0.9125348329544067,0.34688833355903625,2.1921005249023438,0.8820770978927612,,,,,,accurate
1386,13860.0,13897.100006103516,13915.300006866455,0,18.200000762939453,55.30000686645508,13900.0,True,3,2,False,0,0,False,False,13,False,False,risk_lstm,8,0.9461117386817932,0.3033783435821533,2.0411221981048584,0.8985597491264343,,,,,,accurate
1395,13950.0,13950.0,13976.400001525879,0,26.400001525878906,26.400001525878906,13990.0,False,1,0,False,1,1,False,False,4,False,True,risk_lstm,8,0.8843045234680176,0.30823418498039246,2.149787187576294,0.8892818093299866,,,,,,accurate
1396,13960.0,13976.400001525879,13996.0,0,19.599998474121094,36.0,14000.0,False,2,1,False,1,1,False,False,3,False,True,risk_lstm,8,0.9204778075218201,0.3040978014469147,2.116899013519287,0.8878096342086792,,,,,,accurate
1406,14060.0,14060.0,14090.70000076294,0,30.700000762939453,30.700000762939453,14100.0,False,1,0,False,1,1,False,False,93,False,True,risk_lstm,8,0.8969334959983826,0.33083510398864746,2.2003867626190186,0.8827884197235107,,,,,,accurate
1408,14080.0,14090.70000076294,14109.5,0,18.799999237060547,29.5,14120.0,False,2,1,False,0,0,False,False,91,False,True,risk_lstm,8,0.9384673833847046,0.36308857798576355,2.0836102962493896,0.8978922963142395,,,,,,accurate
1411,14110.0,14110.0,14127.499996185303,0,17.499996185302734,17.499996185302734,14150.0,False,1,0,False,0,0,False,False,88,False,True,risk_lstm,8,0.9362700581550598,0.22853989899158478,1.967370867729187,0.9236366152763367,,,,,,accurate
1413,14130.0,14130.0,14153.5,0,23.5,23.5,14170.0,False,1,0,False,1,1,False,False,86,False,True,risk_lstm,8,0.9480268359184265,0.22484120726585388,2.1432244777679443,0.8775426149368286,,,,,,accurate
1415,14150.0,14153.5,14179.0,0,25.5,29.0,14190.0,False,2,1,False,0,0,False,False,84,False,True,risk_lstm,8,0.9372650980949402,0.2767089307308197,2.1665327548980713,0.8781277537345886,,,,,,accurate
1417,14170.0,14179.0,14207.599998474121,0,28.599998474121094,37.599998474121094,14210.0,False,2,1,False,1,1,False,False,82,False,True,risk_lstm,8,0.9397308230400085,0.23925700783729553,2.0425546169281006,0.9115405678749084,,,,,,accurate
1419,14190.0,14207.599998474121,14255.29999923706,0,47.70000076293945,65.29999923706055,14230.0,True,2,1,False,0,0,False,False,80,False,False,risk_lstm,8,0.9307008981704712,0.2402932345867157,2.08164644241333,0.8922795057296753,,,,,,accurate
1426,14260.0,14260.0,14277.999996185303,0,17.999996185302734,17.999996185302734,14300.0,False,1,0,False,0,0,False,False,73,False,True,risk_lstm,8,0.9323790669441223,0.21822991967201233,2.0558764934539795,0.9313033819198608,,,,,,accurate
1427,14270.0,14277.999996185303,14299.400001525879,0,21.400005340576172,29.400001525878906,14310.0,False,2,1,False,1,1,False,False,72,False,True,risk_lstm,8,0.9420726895332336,0.2220756858587265,2.1283934116363525,0.8866739869117737,,,,,,accurate
1429,14290.0,14299.400001525879,14319.800006866455,0,20.400005340576172,29.800006866455078,14330.0,False,2,1,False,1,1,False,False,70,False,True,risk_lstm,8,0.9377836585044861,0.2397381067276001,2.101170539855957,0.8895241618156433,,,,,,accurate
1431,14310.0,14319.800006866455,14351.400009155273,0,31.60000228881836,41.40000915527344,14350.0,True,2,1,False,1,1,False,False,68,False,False,risk_lstm,8,0.9410231709480286,0.2711549997329712,2.160599708557129,0.8721362948417664,,,,,,accurate
1432,14320.0,14351.400009155273,14379.000011444092,0,27.60000228881836,59.0000114440918,14360.0,True,2,1,False,0,0,False,False,67,False,False,risk_lstm,8,0.9329434037208557,0.28891998529434204,2.1949236392974854,0.8763349056243896,,,,,,accurate
1433,14330.0,14379.000011444092,14400.30001449585,0,21.300003051757812,70.30001449584961,14370.0,True,3,2,False,0,0,False,False,66,False,False,risk_lstm,8,0.9359816312789917,0.2703781723976135,2.2303879261016846,0.8746622204780579,,,,,,accurate
1439,14390.0,14400.30001449585,14421.200016021729,0,20.900001525878906,31.200016021728516,14430.0,False,2,1,False,0,0,False,False,60,False,True,risk_lstm,8,0.9174241423606873,0.341898649930954,2.166715383529663,0.880305290222168,,,,,,accurate
1440,14400.0,14421.200016021729,14442.100017547607,0,20.900001525878906,42.10001754760742,14440.0,True,3,2,False,0,0,False,False,59,False,False,risk_lstm,8,0.9126295447349548,0.418362557888031,2.0824215412139893,0.8851683139801025,,,,,,accurate
1441,14410.0,14442.100017547607,14464.200016021729,0,22.099998474121094,54.200016021728516,14450.0,True,3,2,False,1,1,False,False,58,False,False,risk_lstm,8,0.8963720202445984,0.44322192668914795,2.1051456928253174,0.8725706338882446,,,,,,accurate
1442,14420.0,14464.200016021729,14492.300018310547,0,28.10000228881836,72.30001831054688,14460.0,True,4,3,False,0,0,False,False,57,False,False,risk_lstm,8,0.8633329272270203,0.4157359302043915,2.06075119972229,0.8853766322135925,,,,,,accurate
1443,14430.0,14492.300018310547,14515.500015258789,0,23.199996948242188,85.50001525878906,14470.0,True,4,3,False,0,0,False,False,56,False,False,risk_lstm,8,0.8942467570304871,0.42978838086128235,2.152451276779175,0.8695175647735596,,,,,,accurate
1446,14460.0,14515.500015258789,14534.200016021729,0,18.700000762939453,74.20001602172852,14500.0,True,4,3,False,1,1,False,False,53,False,False,risk_lstm,8,0.906578779220581,0.4145866930484772,2.025784730911255,0.8960539698600769,,,,,,accurate
1447,14470.0,14534.200016021729,14558.000015258789,0,23.799999237060547,88.00001525878906,14510.0,True,4,3,False,0,0,False,False,52,False,False,risk_lstm,8,0.9001607298851013,0.3994182050228119,2.178109884262085,0.8692514896392822,,,,,,accurate
1448,14480.0,14558.000015258789,14577.300018310547,0,19.300003051757812,97.30001831054688,14520.0,True,5,4,False,1,1,False,False,51,False,False,risk_lstm,8,0.9106191396713257,0.3655392527580261,2.080778121948242,0.8912668228149414,,,,,,accurate
1451,14510.0,14577.300018310547,14598.800018310547,0,21.5,88.80001831054688,14550.0,True,5,4,False,0,0,False,False,48,False,False,risk_lstm,8,0.9301820993423462,0.3501834571361542,2.0620267391204834,0.8919241428375244,,,,,,accurate
1453,14530.0,14598.800018310547,14622.700019836426,0,23.900001525878906,92.70001983642578,14570.0,True,5,4,False,0,0,False,False,46,False,False,risk_lstm,8,0.9152076244354248,0.4065563976764679,2.165707588195801,0.8733118176460266,,,,,,accurate
1454,14540.0,14622.700019836426,14641.000019073486,0,18.299999237060547,101.00001907348633,14580.0,True,5,4,False,0,0,False,False,45,False,False,risk_lstm,8,0.9404760599136353,0.2607709467411041,2.0750887393951416,0.9147724509239197,,,,,,accurate
1456,14560.0,14641.000019073486,14667.000022888184,0,26.000003814697266,107.0000228881836,14600.0,True,5,4,False,0,0,False,False,43,False,False,risk_lstm,8,0.9261642694473267,0.32043781876564026,2.226219415664673,0.8785073757171631,,,,,,accurate
1457,14570.0,14667.000022888184,14687.00002670288,0,20.000003814697266,117.00002670288086,14610.0,True,6,5,True,0,0,False,False,42,False,False,risk_lstm,8,0.9411832094192505,0.30585289001464844,2.1224021911621094,0.8807975053787231,,,,,,accurate
1459,14590.0,14687.00002670288,14705.800029754639,0,18.800003051757812,115.80002975463867,14630.0,True,6,5,True,0,0,False,False,40,False,False,risk_lstm,8,0.9299473762512207,0.2837183177471161,2.0638091564178467,0.9003432393074036,,,,,,accurate
1464,14640.0,14705.800029754639,14746.70002746582,0,40.89999771118164,106.70002746582031,14680.0,True,5,4,False,1,1,False,False,35,False,False,risk_lstm,8,0.8781307935714722,0.31316274404525757,2.0149683952331543,0.8841738104820251,,,,,,accurate
1466,14660.0,14746.70002746582,14768.100032806396,0,21.400005340576172,108.10003280639648,14700.0,True,5,4,False,0,0,False,False,33,False,False,risk_lstm,8,0.8987326622009277,0.3649349510669708,2.1319849491119385,0.8865814805030823,,,,,,accurate
1471,14710.0,14768.100032806396,14792.600036621094,0,24.500003814697266,82.60003662109375,14750.0,True,3,2,False,0,0,False,False,28,False,False,risk_lstm,8,0.9028346538543701,0.3675311803817749,2.1881015300750732,0.8779633641242981,,,,,,accurate
1474,14740.0,14792.600036621094,14820.400039672852,0,27.800003051757812,80.40003967285156,14780.0,True,4,3,False,0,0,False,False,25,False,False,risk_lstm,8,0.8881574273109436,0.33634814620018005,2.1870601177215576,0.8833896517753601,,,,,,accurate
1476,14760.0,14820.400039672852,14842.50004196167,0,22.10000228881836,82.50004196166992,14800.0,True,4,3,False,1,1,False,False,23,False,False,risk_lstm,8,0.9047463536262512,0.39303135871887207,2.189049482345581,0.8703325390815735,,,,,,accurate
1479,14790.0,14842.50004196167,14859.100044250488,0,16.60000228881836,69.10004425048828,14830.0,True,4,3,False,0,0,False,False,20,False,False,risk_lstm,8,0.9321507215499878,0.2713373303413391,2.025622844696045,0.9151486158370972,,,,,,accurate
1487,14870.0,14870.0,14902.29999923706,0,32.29999923706055,32.29999923706055,14910.0,False,1,0,False,1,1,False,False,12,False,True,risk_lstm,8,0.9254217147827148,0.2994099259376526,2.231184959411621,0.8791086077690125,,,,,,accurate
1491,14910.0,14910.0,14938.799995422363,0,28.79999542236328,28.79999542236328,14950.0,False,1,0,False,0,0,False,False,8,False,True,risk_lstm,8,0.881050705909729,0.37726813554763794,2.176797866821289,0.8864868879318237,,,,,,accurate
1492,14920.0,14938.799995422363,14960.599998474121,0,21.800003051757812,40.599998474121094,14960.0,True,2,1,False,0,0,False,False,7,False,False,risk_lstm,8,0.91826993227005,0.38790830969810486,2.1723012924194336,0.8776571154594421,,,,,,accurate
1496,14960.0,14960.599998474121,14995.5,0,34.900001525878906,35.5,15000.0,False,2,1,False,0,0,False,False,3,False,True,risk_lstm,8,0.8545000553131104,0.34825074672698975,1.957113265991211,0.8878811597824097,,,,,,accurate
1497,14970.0,14995.5,15014.099998474121,0,18.599998474121094,44.099998474121094,15010.0,True,2,1,False,1,1,False,False,2,True,False,risk_lstm,8,0.9143935441970825,0.2956081032752991,2.110320806503296,0.8925555348396301,,,,,,accurate
1499,14990.0,15014.099998474121,15039.699996948242,0,25.599998474121094,49.69999694824219,15030.0,True,3,2,False,0,0,False,True,0,True,False,risk_lstm,8,0.9049614667892456,0.32685330510139465,2.1939728260040283,0.8803395628929138,,,,,,accurate
1501,15010.0,15039.699996948242,15063.29999923706,0,23.60000228881836,53.29999923706055,15050.0,True,3,2,False,1,1,False,False,98,False,False,risk_lstm,8,0.9186984300613403,0.3375714123249054,2.204185962677002,0.8781919479370117,,,,,,accurate
1503,15030.0,15063.29999923706,15083.899997711182,0,20.599998474121094,53.89999771118164,15070.0,True,3,2,False,0,0,False,False,96,False,False,risk_lstm,8,0.9226999878883362,0.41312527656555176,2.1480846405029297,0.8752625584602356,,,,,,accurate
1505,15050.0,15083.899997711182,15104.699996948242,0,20.799999237060547,54.69999694824219,15090.0,True,3,2,False,0,0,False,False,94,False,False,risk_lstm,8,0.9139888286590576,0.42603132128715515,2.091235399246216,0.8809841871261597,,,,,,accurate
1509,15090.0,15104.699996948242,15125.999996185303,0,21.299999237060547,35.999996185302734,15130.0,False,2,1,False,1,1,False,False,90,False,True,risk_lstm,8,0.8931452035903931,0.438194215297699,2.152050256729126,0.8742691278457642,,,,,,accurate
1510,15100.0,15125.999996185303,15145.299995422363,0,19.299999237060547,45.29999542236328,15140.0,True,3,2,False,1,1,False,False,89,False,False,risk_lstm,8,0.9354081153869629,0.27250853180885315,2.054304599761963,0.9064540863037109,,,,,,accurate
1513,15130.0,15145.299995422363,15166.699993133545,0,21.39999771118164,36.69999313354492,15170.0,False,2,1,False,0,0,False,False,86,False,True,risk_lstm,8,0.9218195676803589,0.35181939601898193,2.15045428276062,0.8716444969177246,,,,,,accurate
1519,15190.0,15190.0,15214.099994659424,0,24.099994659423828,24.099994659423828,15230.0,False,1,0,False,0,0,False,False,80,False,True,risk_lstm,8,0.9103250503540039,0.3622671365737915,2.029093027114868,0.8966122269630432,,,,,,accurate
1522,15220.0,15220.0,15241.0,0,21.0,21.0,15260.0,False,1,0,False,0,0,False,False,77,False,True,risk_lstm,8,0.9234219789505005,0.37708529829978943,2.0507354736328125,0.8810676336288452,,,,,,accurate
1525,15250.0,15250.0,15272.29999923706,0,22.299999237060547,22.299999237060547,15290.0,False,1,0,False,0,0,False,False,74,False,True,risk_lstm,8,0.9321598410606384,0.3284631073474884,2.1314315795898438,0.863525927066803,,,,,,accurate
1530,15300.0,15300.0,15319.5,0,19.5,19.5,15340.0,False,1,0,False,1,1,False,False,69,False,True,risk_lstm,8,0.9398943781852722,0.382059246301651,2.0415773391723633,0.8961753249168396,,,,,,accurate
1531,15310.0,15319.5,15340.799995422363,0,21.29999542236328,30.79999542236328,15350.0,False,2,1,False,0,0,False,False,68,False,True,risk_lstm,8,0.9618889093399048,0.2571655511856079,2.1425044536590576,0.8773220777511597,,,,,,accurate
1537,15370.0,15370.0,15407.999996185303,0,37.999996185302734,37.999996185302734,15410.0,False,1,0,False,1,1,False,False,62,False,True,risk_lstm,8,0.9215057492256165,0.326109379529953,2.150913953781128,0.8742045164108276,,,,,,accurate
1540,15400.0,15407.999996185303,15433.399993896484,0,25.39999771118164,33.399993896484375,15440.0,False,2,1,False,0,0,False,False,59,False,True,risk_lstm,8,0.9269615411758423,0.3962406516075134,2.094855546951294,0.8771229982376099,,,,,,accurate
1541,15410.0,15433.399993896484,15454.199993133545,0,20.799999237060547,44.19999313354492,15450.0,True,2,1,False,1,1,False,False,58,False,False,risk_lstm,8,0.9163647294044495,0.3661166727542877,2.1078946590423584,0.8833639025688171,,,,,,accurate
1547,15470.0,15470.0,15498.800003051758,0,28.800003051757812,28.800003051757812,15510.0,False,1,0,False,0,0,False,False,52,False,True,risk_lstm,8,0.9386298060417175,0.28902941942214966,1.9857536554336548,0.9176992177963257,,,,,,accurate
1550,15500.0,15500.0,15523.29999923706,0,23.299999237060547,23.299999237060547,15540.0,False,1,0,False,0,0,False,False,49,False,True,risk_lstm,8,0.9448386430740356,0.3164609372615814,2.0993216037750244,0.8831347227096558,,,,,,accurate
1554,15540.0,15540.0,15563.79999923706,0,23.799999237060547,23.799999237060547,15580.0,False,1,0,False,0,0,False,False,45,False,True,risk_lstm,8,0.9167491793632507,0.3349127769470215,2.0717484951019287,0.887384295463562,,,,,,accurate
1555,15550.0,15563.79999923706,15591.699996948242,0,27.89999771118164,41.69999694824219,15590.0,True,2,1,False,0,0,False,False,44,False,False,risk_lstm,8,0.9467365145683289,0.3362793028354645,2.0075767040252686,0.9043666124343872,,,,,,accurate
1556,15560.0,15591.699996948242,15616.599994659424,0,24.89999771118164,56.59999465942383,15600.0,True,3,2,False,0,0,False,False,43,False,False,risk_lstm,8,0.9300292134284973,0.32639849185943604,2.1284570693969727,0.8684892058372498,,,,,,accurate
1560,15600.0,15616.599994659424,15637.099994659424,0,20.5,37.09999465942383,15640.0,False,2,1,False,1,1,False,False,39,False,True,risk_lstm,8,0.9226267337799072,0.3287927508354187,2.1442713737487793,0.8763007521629333,,,,,,accurate
1562,15620.0,15637.099994659424,15657.999992370605,0,20.89999771118164,37.99999237060547,15660.0,False,2,1,False,1,1,False,False,37,False,True,risk_lstm,8,0.9261428117752075,0.3297154903411865,2.1599180698394775,0.8743061423301697,,,,,,accurate
1565,15650.0,15657.999992370605,15691.899993896484,0,33.900001525878906,41.899993896484375,15690.0,True,2,1,False,0,0,False,False,34,False,False,risk_lstm,8,0.8581972122192383,0.3540753424167633,2.107383966445923,0.8937294483184814,,,,,,accurate
1566,15660.0,15691.899993896484,15713.999988555908,0,22.099994659423828,53.9999885559082,15700.0,True,2,1,False,0,0,False,False,33,False,False,risk_lstm,8,0.9055530428886414,0.4208889901638031,2.1858971118927,0.8720741868019104,,,,,,accurate
1569,15690.0,15713.999988555908,15736.399990081787,0,22.400001525878906,46.39999008178711,15730.0,True,3,2,False,1,1,False,False,30,False,False,risk_lstm,8,0.9116813540458679,0.37402790784835815,2.1892380714416504,0.8709805607795715,,,,,,accurate
1575,15750.0,15750.0,15773.0,0,23.0,23.0,15790.0,False,1,0,False,0,0,False,False,24,False,True,risk_lstm,8,0.8945938944816589,0.4170597493648529,2.1611924171447754,0.8767313957214355,,,,,,accurate
1577,15770.0,15773.0,15808.099998474121,0,35.099998474121094,38.099998474121094,15810.0,False,2,1,False,0,0,False,False,22,False,True,risk_lstm,8,0.9243561625480652,0.4438387453556061,2.0110630989074707,0.8940409421920776,,,,,,accurate
1578,15780.0,15808.099998474121,15838.199996948242,0,30.099998474121094,58.19999694824219,15820.0,True,2,1,False,0,0,False,False,21,False,False,risk_lstm,8,0.8322482705116272,0.43109196424484253,2.0396103858947754,0.8877756595611572,,,,,,accurate
1582,15820.0,15838.199996948242,15870.499992370605,0,32.29999542236328,50.49999237060547,15860.0,True,2,1,False,0,0,False,False,17,False,False,risk_lstm,8,0.9286782145500183,0.3895045220851898,2.065253973007202,0.8901810050010681,,,,,,accurate
1583,15830.0,15870.499992370605,15903.499992370605,0,33.0,73.49999237060547,15870.0,True,3,2,False,0,0,False,False,16,False,False,risk_lstm,8,0.8745886087417603,0.39005643129348755,2.157170057296753,0.8824260234832764,,,,,,accurate
1587,15870.0,15903.499992370605,15930.699989318848,0,27.199996948242188,60.699989318847656,15910.0,True,3,2,False,0,0,False,False,12,False,False,risk_lstm,8,0.8979729413986206,0.3605565130710602,2.207015037536621,0.8773992657661438,,,,,,accurate
1588,15880.0,15930.699989318848,15948.899990081787,0,18.200000762939453,68.89999008178711,15920.0,True,3,2,False,0,0,False,False,11,False,False,risk_lstm,8,0.928272545337677,0.2750142216682434,2.000565528869629,0.9239632487297058,,,,,,accurate
1590,15900.0,15948.899990081787,15976.499992370605,0,27.60000228881836,76.49999237060547,15940.0,True,4,3,False,0,0,False,False,9,False,False,risk_lstm,8,0.9455280900001526,0.24840791523456573,2.0578629970550537,0.9077293276786804,,,,,,accurate
1596,15960.0,15976.499992370605,15999.099990844727,0,22.599998474121094,39.09999084472656,16000.0,False,2,1,False,0,0,False,False,3,False,True,risk_lstm,8,0.960112452507019,0.22010336816310883,2.184847354888916,0.8733428120613098,,,,,,accurate
1598,15980.0,15999.099990844727,16019.299991607666,0,20.200000762939453,39.299991607666016,16020.0,False,2,1,False,1,1,False,False,1,True,True,risk_lstm,8,0.9546140432357788,0.23524270951747894,2.082590103149414,0.8988254070281982,,,,,,accurate
1599,15990.0,16019.299991607666,16041.599990844727,0,22.299999237060547,51.59999084472656,16030.0,True,3,2,False,0,0,False,True,0,True,False,risk_lstm,8,0.9436787962913513,0.25202158093452454,2.2152292728424072,0.8714388608932495,,,,,,accurate
1602,16020.0,16041.599990844727,16069.399990081787,0,27.799999237060547,49.39999008178711,16060.0,True,2,1,False,1,1,False,False,97,False,False,risk_lstm,8,0.9341674447059631,0.31008169054985046,2.105090379714966,0.8826687335968018,,,,,,accurate
1608,16080.0,16080.0,16099.300003051758,0,19.300003051757812,19.300003051757812,16120.0,False,1,0,False,1,1,False,False,91,False,True,risk_lstm,8,0.9538062810897827,0.23512965440750122,2.096292734146118,0.9038394689559937,,,,,,accurate
1610,16100.0,16100.0,16120.399997711182,0,20.39999771118164,20.39999771118164,16140.0,False,1,0,False,0,0,False,False,89,False,True,risk_lstm,8,0.9181388020515442,0.26276013255119324,2.0885026454925537,0.8918715119361877,,,,,,accurate
1611,16110.0,16120.399997711182,16142.199996948242,0,21.799999237060547,32.19999694824219,16150.0,False,2,1,False,0,0,False,False,88,False,True,risk_lstm,8,0.9543470144271851,0.2593078017234802,2.092135429382324,0.8957117795944214,,,,,,accurate
1612,16120.0,16142.199996948242,16161.499996185303,0,19.299999237060547,41.499996185302734,16160.0,True,3,2,False,0,0,False,False,87,False,False,risk_lstm,8,0.9300674200057983,0.3180815279483795,2.0114552974700928,0.9034398794174194,,,,,,accurate
1617,16170.0,16170.0,16194.899997711182,0,24.89999771118164,24.89999771118164,16210.0,False,1,0,False,0,0,False,False,82,False,True,risk_lstm,8,0.9410117864608765,0.28582751750946045,2.151684522628784,0.8672786355018616,,,,,,accurate
1619,16190.0,16194.899997711182,16217.5,0,22.60000228881836,27.5,16230.0,False,2,1,False,1,1,False,False,80,False,True,risk_lstm,8,0.9265134334564209,0.32249268889427185,2.1470956802368164,0.873863697052002,,,,,,accurate
1620,16200.0,16217.5,16248.0,0,30.5,48.0,16240.0,True,2,1,False,0,0,False,False,79,False,False,risk_lstm,8,0.8714572191238403,0.32989925146102905,2.0812273025512695,0.8909822106361389,,,,,,accurate
1626,16260.0,16260.0,16282.500003814697,0,22.500003814697266,22.500003814697266,16300.0,False,1,0,False,1,1,False,False,73,False,True,risk_lstm,8,0.9130284786224365,0.3313153386116028,2.158452272415161,0.8836544156074524,,,,,,accurate
1631,16310.0,16310.0,16335.999996185303,0,25.999996185302734,25.999996185302734,16350.0,False,1,0,False,0,0,False,False,68,False,True,risk_lstm,8,0.8777702450752258,0.3813606798648834,2.152599334716797,0.885743260383606,,,,,,accurate
1633,16330.0,16335.999996185303,16365.199996948242,0,29.200000762939453,35.19999694824219,16370.0,False,2,1,False,1,1,False,False,66,False,True,risk_lstm,8,0.8556399941444397,0.34601640701293945,2.121878147125244,0.8906298279762268,,,,,,accurate
1634,16340.0,16365.199996948242,16399.799995422363,0,34.599998474121094,59.79999542236328,16380.0,True,2,1,False,0,0,False,False,65,False,False,risk_lstm,8,0.8703001141548157,0.36261796951293945,2.14555287361145,0.8854297995567322,,,,,,accurate
1636,16360.0,16399.799995422363,16423.699993133545,0,23.89999771118164,63.69999313354492,16400.0,True,3,2,False,0,0,False,False,63,False,False,risk_lstm,8,0.908293604850769,0.40502363443374634,2.1810812950134277,0.872312068939209,,,,,,accurate
1639,16390.0,16423.699993133545,16452.899990081787,0,29.199996948242188,62.89999008178711,16430.0,True,3,2,False,1,1,False,False,60,False,False,risk_lstm,8,0.8934684991836548,0.394959419965744,2.186333417892456,0.8744264245033264,,,,,,accurate
1643,16430.0,16452.899990081787,16473.59998703003,0,20.699996948242188,43.5999870300293,16470.0,True,2,1,False,0,0,False,False,56,False,False,risk_lstm,8,0.9345285892486572,0.40317168831825256,2.1575324535369873,0.8698093295097351,,,,,,accurate
1649,16490.0,16490.0,16518.29999923706,0,28.299999237060547,28.299999237060547,16530.0,False,1,0,False,0,0,False,False,50,False,True,risk_lstm,8,0.8495278358459473,0.3852398991584778,1.9833904504776,0.8813307285308838,,,,,,accurate
1652,16520.0,16520.0,16542.29999923706,0,22.299999237060547,22.299999237060547,16560.0,False,1,0,False,0,0,False,False,47,False,True,risk_lstm,8,0.8982138633728027,0.4089607298374176,2.1797239780426025,0.8741867542266846,,,,,,accurate
1653,16530.0,16542.29999923706,16568.89999771118,0,26.599998474121094,38.89999771118164,16570.0,False,2,1,False,0,0,False,False,46,False,True,risk_lstm,8,0.893862783908844,0.39736321568489075,2.1736624240875244,0.8771968483924866,,,,,,accurate
1656,16560.0,16568.89999771118,16589.20000076294,0,20.300003051757812,29.200000762939453,16600.0,False,2,1,False,0,0,False,False,43,False,True,risk_lstm,8,0.8923228979110718,0.41324999928474426,2.1205549240112305,0.8822563290596008,,,,,,accurate
1657,16570.0,16589.20000076294,16615.59999847412,0,26.39999771118164,45.599998474121094,16610.0,True,2,1,False,0,0,False,False,42,False,False,risk_lstm,8,0.852584958076477,0.404579222202301,2.088928461074829,0.8848525881767273,,,,,,accurate
1658,16580.0,16615.59999847412,16634.699996948242,0,19.099998474121094,54.69999694824219,16620.0,True,3,2,False,0,0,False,False,41,False,False,risk_lstm,8,0.8901593685150146,0.4021843373775482,2.0489017963409424,0.8985785245895386,,,,,,accurate
1659,16590.0,16634.699996948242,16657.79999923706,0,23.10000228881836,67.79999923706055,16630.0,True,3,2,False,0,0,False,False,40,False,False,risk_lstm,8,0.9138566255569458,0.3782077133655548,2.209824323654175,0.8704333305358887,,,,,,accurate
1661,16610.0,16657.79999923706,16683.09999847412,0,25.299999237060547,73.0999984741211,16650.0,True,4,3,False,0,0,False,False,38,False,False,risk_lstm,8,0.9179936647415161,0.3812392055988312,2.2037341594696045,0.8704938292503357,,,,,,accurate
1662,16620.0,16683.09999847412,16704.59999847412,0,21.5,84.5999984741211,16660.0,True,4,3,False,0,0,False,False,37,False,False,risk_lstm,8,0.8871629238128662,0.4642574191093445,2.126241683959961,0.8777196407318115,,,,,,accurate
1663,16630.0,16704.59999847412,16729.09999847412,0,24.5,99.0999984741211,16670.0,True,5,4,False,1,1,False,False,36,False,False,risk_lstm,8,0.8994566798210144,0.373235821723938,2.1892101764678955,0.8769019246101379,,,,,,accurate
1670,16700.0,16729.09999847412,16748.5,0,19.400001525878906,48.5,16740.0,True,3,2,False,0,0,False,False,29,False,False,risk_lstm,8,0.877336859703064,0.4322015345096588,2.0293662548065186,0.904646635055542,,,,,,accurate
1673,16730.0,16748.5,16775.79999923706,0,27.299999237060547,45.79999923706055,16770.0,True,2,1,False,1,1,False,False,26,False,False,risk_lstm,8,0.8329288363456726,0.40190789103507996,1.8987287282943726,0.8856332898139954,,,,,,accurate
1675,16750.0,16775.79999923706,16806.5,0,30.700000762939453,56.5,16790.0,True,2,1,False,1,1,False,False,24,False,False,risk_lstm,8,0.9198610782623291,0.34596580266952515,2.099522590637207,0.8923134803771973,,,,,,accurate
1680,16800.0,16806.5,16828.39999771118,0,21.89999771118164,28.39999771118164,16840.0,False,2,1,False,0,0,False,False,19,False,True,risk_lstm,8,0.9357702732086182,0.2738445997238159,2.0789434909820557,0.8990488648414612,,,,,,accurate
1681,16810.0,16828.39999771118,16854.199996948242,0,25.799999237060547,44.19999694824219,16850.0,True,2,1,False,0,0,False,False,18,False,False,risk_lstm,8,0.9160516858100891,0.33902081847190857,2.194638729095459,0.8723166584968567,,,,,,accurate
1682,16820.0,16854.199996948242,16876.199996948242,0,22.0,56.19999694824219,16860.0,True,3,2,False,1,1,False,False,17,False,False,risk_lstm,8,0.9002470374107361,0.3618847727775574,2.183175802230835,0.8809109926223755,,,,,,accurate
1683,16830.0,16876.199996948242,16896.10000228882,0,19.900005340576172,66.10000228881836,16870.0,True,3,2,False,0,0,False,False,16,False,False,risk_lstm,8,0.9372363090515137,0.3023543357849121,2.0590476989746094,0.9012758731842041,,,,,,accurate
1686,16860.0,16896.10000228882,16924.200004577637,0,28.10000228881836,64.20000457763672,16900.0,True,3,2,False,1,1,False,False,13,False,False,risk_lstm,8,0.9279765486717224,0.28073275089263916,2.234829902648926,0.8737354278564453,,,,,,accurate
1690,16900.0,16924.200004577637,16959.200004577637,0,35.0,59.20000457763672,16940.0,True,2,1,False,0,0,False,False,9,False,False,risk_lstm,8,0.9487178921699524,0.26614969968795776,2.108731269836426,0.8922610282897949,,,,,,accurate
1693,16930.0,16959.200004577637,16975.800003051758,0,16.599998474121094,45.80000305175781,16970.0,True,2,1,False,0,0,False,False,6,False,False,risk_lstm,8,0.8923791646957397,0.24093611538410187,1.9772722721099854,0.9333724975585938,,,,,,accurate
1694,16940.0,16975.800003051758,16999.000003814697,0,23.200000762939453,59.000003814697266,16980.0,True,3,2,False,0,0,False,False,5,False,False,risk_lstm,8,0.9425462484359741,0.2557516098022461,2.1841318607330322,0.8753842115402222,,,,,,accurate
1696,16960.0,16999.000003814697,17022.60000228882,0,23.599998474121094,62.60000228881836,17000.0,True,3,2,False,1,1,False,False,3,False,False,risk_lstm,8,0.9328581094741821,0.28124576807022095,2.2233426570892334,0.8789994120597839,,,,,,accurate
1697,16970.0,17022.60000228882,17050.500003814697,0,27.900001525878906,80.50000381469727,17010.0,True,4,3,False,0,0,False,False,2,True,False,risk_lstm,8,0.8860688805580139,0.2888571619987488,2.147587537765503,0.8946089148521423,,,,,,accurate
1701,17010.0,17050.500003814697,17071.900005340576,0,21.400001525878906,61.90000534057617,17050.0,True,3,2,False,0,0,False,False,98,False,False,risk_lstm,8,0.9252973794937134,0.31990712881088257,2.157392978668213,0.887057363986969,,,,,,accurate
1702,17020.0,17071.900005340576,17097.200004577637,0,25.299999237060547,77.20000457763672,17060.0,True,4,3,False,0,0,False,False,97,False,False,risk_lstm,8,0.9159591197967529,0.3274167776107788,2.2254269123077393,0.8787335753440857,,,,,,accurate
1703,17030.0,17097.200004577637,17116.000003814697,0,18.799999237060547,86.00000381469727,17070.0,True,4,3,False,0,0,False,False,96,False,False,risk_lstm,8,0.9469600915908813,0.284789502620697,2.066251039505005,0.9026546478271484,,,,,,accurate
1704,17040.0,17116.000003814697,17143.600006103516,0,27.60000228881836,103.60000610351562,17080.0,True,5,4,False,0,0,False,False,95,False,False,risk_lstm,8,0.9174022674560547,0.31754475831985474,2.2161943912506104,0.8792752623558044,,,,,,accurate
1710,17100.0,17143.600006103516,17163.600006103516,0,20.0,63.600006103515625,17140.0,True,3,2,False,0,0,False,False,89,False,False,risk_lstm,8,0.8823856115341187,0.4589952528476715,1.9557113647460938,0.9085288643836975,,,,,,accurate
1711,17110.0,17163.600006103516,17185.300006866455,0,21.700000762939453,75.30000686645508,17150.0,True,4,3,False,0,0,False,False,88,False,False,risk_lstm,8,0.91440349817276,0.392454594373703,2.1486189365386963,0.8744746446609497,,,,,,accurate
1713,17130.0,17185.300006866455,17217.800006866455,0,32.5,87.80000686645508,17170.0,True,4,3,False,1,1,False,False,86,False,False,risk_lstm,8,0.8892110586166382,0.3836894929409027,2.1779346466064453,0.8808104395866394,,,,,,accurate
1714,17140.0,17217.800006866455,17240.100009918213,0,22.300003051757812,100.10000991821289,17180.0,True,5,4,False,1,1,False,False,85,False,False,risk_lstm,8,0.9531403183937073,0.2686965763568878,2.1226539611816406,0.8983273506164551,,,,,,accurate
1719,17190.0,17240.100009918213,17260.700008392334,0,20.599998474121094,70.70000839233398,17230.0,True,3,2,False,0,0,False,False,80,False,False,risk_lstm,8,0.9258722066879272,0.35085365176200867,2.1433193683624268,0.8765848875045776,,,,,,accurate
1721,17210.0,17260.700008392334,17299.100009918213,0,38.400001525878906,89.10000991821289,17250.0,True,4,3,False,0,0,False,False,78,False,False,risk_lstm,8,0.8736573457717896,0.3381124436855316,2.05295991897583,0.8903084993362427,,,,,,accurate
1722,17220.0,17299.100009918213,17320.800010681152,0,21.700000762939453,100.80001068115234,17260.0,True,4,3,False,0,0,False,False,77,False,False,risk_lstm,8,0.9228246212005615,0.35384541749954224,2.2003872394561768,0.8730522990226746,,,,,,accurate
1724,17240.0,17320.800010681152,17337.900009155273,0,17.099998474121094,97.90000915527344,17280.0,True,5,4,False,0,0,False,False,75,False,False,risk_lstm,8,0.9216139912605286,0.2114384025335312,1.9931273460388184,0.9218763113021851,,,,,,accurate
1729,17290.0,17337.900009155273,17356.800006866455,0,18.89999771118164,66.80000686645508,17330.0,True,4,3,False,1,1,False,False,70,False,False,risk_lstm,8,0.9311478137969971,0.22919999063014984,2.0550875663757324,0.9136286973953247,,,,,,accurate
1730,17300.0,17356.800006866455,17376.300010681152,0,19.500003814697266,76.30001068115234,17340.0,True,4,3,False,0,0,False,False,69,False,False,risk_lstm,8,0.9319858551025391,0.2661788761615753,1.9906296730041504,0.9244024157524109,,,,,,accurate
1732,17320.0,17376.300010681152,17396.20001220703,0,19.900001525878906,76.20001220703125,17360.0,True,5,4,False,1,1,False,False,67,False,False,risk_lstm,8,0.9337948560714722,0.22675612568855286,2.0711545944213867,0.8966724872589111,,,,,,accurate
1734,17340.0,17396.20001220703,17419.80001449585,0,23.60000228881836,79.80001449584961,17380.0,True,4,3,False,1,1,False,False,65,False,False,risk_lstm,8,0.9418894648551941,0.25429126620292664,2.1458897590637207,0.8713341355323792,,,,,,accurate
1735,17350.0,17419.80001449585,17480.50001144409,0,60.69999694824219,130.5000114440918,17390.0,True,5,4,False,1,1,False,False,64,False,False,risk_lstm,8,0.9177361726760864,0.2666515111923218,2.2010304927825928,0.8823584914207458,,,,,,accurate
1737,17370.0,17480.50001144409,17504.70001220703,0,24.200000762939453,134.70001220703125,17410.0,True,5,4,False,0,0,False,False,62,False,False,risk_lstm,8,0.925164520740509,0.2655019462108612,2.1451995372772217,0.8858421444892883,,,,,,accurate
1740,17400.0,17504.70001220703,17526.90001296997,0,22.200000762939453,126.9000129699707,17440.0,True,4,3,False,1,1,False,False,59,False,False,risk_lstm,8,0.9301589727401733,0.26017025113105774,2.007032871246338,0.9102358818054199,,,,,,accurate
1742,17420.0,17526.90001296997,17557.90001296997,0,31.0,137.9000129699707,17460.0,True,4,3,False,1,1,False,False,57,False,False,risk_lstm,8,0.9105085134506226,0.2576107680797577,2.184417724609375,0.8809069395065308,,,,,,accurate
1749,17490.0,17557.90001296997,17576.50001525879,0,18.60000228881836,86.50001525878906,17530.0,True,4,3,False,0,0,False,False,50,False,False,risk_lstm,8,0.8916144371032715,0.24005800485610962,1.9615986347198486,0.9351617097854614,,,,,,accurate
1750,17500.0,17576.50001525879,17599.00001525879,0,22.5,99.00001525878906,17540.0,True,5,4,False,0,0,False,False,49,False,False,risk_lstm,8,0.9004749655723572,0.31444019079208374,2.09436297416687,0.894383430480957,,,,,,accurate
1753,17530.0,17599.00001525879,17628.50001525879,0,29.5,98.50001525878906,17570.0,True,4,3,False,0,0,False,False,46,False,False,risk_lstm,8,0.8920158743858337,0.3059234619140625,2.17826247215271,0.8906242251396179,,,,,,accurate
1754,17540.0,17628.50001525879,17651.800018310547,0,23.300003051757812,111.80001831054688,17580.0,True,5,4,False,0,0,False,False,45,False,False,risk_lstm,8,0.9347577691078186,0.2836248278617859,2.2427561283111572,0.8787267804145813,,,,,,accurate
1759,17590.0,17651.800018310547,17681.400020599365,0,29.60000228881836,91.40002059936523,17630.0,True,4,3,False,0,0,False,False,40,False,False,risk_lstm,8,0.923521101474762,0.3009917140007019,2.226057291030884,0.8818938732147217,,,,,,accurate
1760,17600.0,17681.400020599365,17703.700019836426,0,22.299999237060547,103.70001983642578,17640.0,True,4,3,False,1,1,False,False,39,False,False,risk_lstm,8,0.9275288581848145,0.3030988574028015,2.219338893890381,0.8778301477432251,,,,,,accurate
1761,17610.0,17703.700019836426,17724.000019073486,0,20.299999237060547,114.00001907348633,17650.0,True,5,4,False,0,0,False,False,38,False,False,risk_lstm,8,0.904920220375061,0.3766035735607147,2.136383056640625,0.8874823451042175,,,,,,accurate
1771,17710.0,17724.000019073486,17746.900016784668,0,22.89999771118164,36.90001678466797,17750.0,False,2,1,False,0,0,False,False,28,False,True,risk_lstm,8,0.9036646485328674,0.40617361664772034,2.1641933917999268,0.8774693608283997,,,,,,accurate
1772,17720.0,17746.900016784668,17765.600017547607,0,18.700000762939453,45.60001754760742,17760.0,True,3,2,False,1,1,False,False,27,False,False,risk_lstm,8,0.8964481949806213,0.3446035385131836,1.9244322776794434,0.9252158999443054,,,,,,accurate
1774,17740.0,17765.600017547607,17783.70001602173,0,18.099998474121094,43.700016021728516,17780.0,True,3,2,False,0,0,False,False,25,False,False,risk_lstm,8,0.9273501038551331,0.36546602845191956,1.9398705959320068,0.9158238172531128,,,,,,accurate
1775,17750.0,17783.70001602173,17804.80001449585,0,21.099998474121094,54.80001449584961,17790.0,True,3,2,False,1,1,False,False,24,False,False,risk_lstm,8,0.9330536723136902,0.3083666265010834,2.1035943031311035,0.8798478841781616,,,,,,accurate
1776,17760.0,17804.80001449585,17826.50001525879,0,21.700000762939453,66.50001525878906,17800.0,True,4,3,False,0,0,False,False,23,False,False,risk_lstm,8,0.9401402473449707,0.31331026554107666,2.1308658123016357,0.8703715801239014,,,,,,accurate
1779,17790.0,17826.50001525879,17844.70001220703,0,18.199996948242188,54.70001220703125,17830.0,True,3,2,False,0,0,False,False,20,False,False,risk_lstm,8,0.9499467015266418,0.22347517311573029,2.0316920280456543,0.9187554121017456,,,,,,accurate
1780,17800.0,17844.70001220703,17875.400009155273,0,30.699996948242188,75.40000915527344,17840.0,True,4,3,False,0,0,False,False,19,False,False,risk_lstm,8,0.90623539686203,0.27998796105384827,1.979889154434204,0.8852964639663696,,,,,,accurate
1782,17820.0,17875.400009155273,17894.200004577637,0,18.79999542236328,74.20000457763672,17860.0,True,4,3,False,1,1,False,False,17,False,False,risk_lstm,8,0.9409186840057373,0.25445812940597534,2.024893283843994,0.9160930514335632,,,,,,accurate
1783,17830.0,17894.200004577637,17916.800003051758,0,22.599998474121094,86.80000305175781,17870.0,True,4,3,False,1,1,False,False,16,False,False,risk_lstm,8,0.9494708180427551,0.2318074256181717,2.0668089389801025,0.8970932960510254,,,,,,accurate
1785,17850.0,17916.800003051758,17936.300003051758,0,19.5,86.30000305175781,17890.0,True,4,3,False,1,1,False,False,14,False,False,risk_lstm,8,0.9449558854103088,0.25133273005485535,2.0751821994781494,0.895499050617218,,,,,,accurate
1786,17860.0,17936.300003051758,17962.600006103516,0,26.300003051757812,102.60000610351562,17900.0,True,5,4,False,0,0,False,False,13,False,False,risk_lstm,8,0.9325048923492432,0.33096176385879517,2.095102071762085,0.8811597228050232,,,,,,accurate
1790,17900.0,17962.600006103516,17984.500007629395,0,21.900001525878906,84.50000762939453,17940.0,True,4,3,False,1,1,False,False,9,False,False,risk_lstm,8,0.9318782687187195,0.3220345973968506,2.1145477294921875,0.8775467276573181,,,,,,accurate
1792,17920.0,17984.500007629395,18017.500007629395,0,33.0,97.50000762939453,17960.0,True,4,3,False,1,1,False,False,7,False,False,risk_lstm,8,0.8690799474716187,0.3405267298221588,1.9934651851654053,0.8835687637329102,,,,,,accurate
1794,17940.0,18017.500007629395,18037.700008392334,0,20.200000762939453,97.70000839233398,17980.0,True,4,3,False,0,0,False,False,5,False,False,risk_lstm,8,0.9255059361457825,0.34657391905784607,2.089648962020874,0.8968333601951599,,,,,,accurate
1798,17980.0,18037.700008392334,18061.300010681152,0,23.60000228881836,81.30001068115234,18020.0,True,4,3,False,0,0,False,False,1,True,False,risk_lstm,8,0.9174224138259888,0.3243214786052704,2.2056772708892822,0.8743266463279724,,,,,,accurate
1799,17990.0,18061.300010681152,18084.100009918213,0,22.799999237060547,94.10000991821289,18030.0,True,4,3,False,1,1,False,True,0,True,False,risk_lstm,8,0.9180889129638672,0.3615773618221283,2.1981003284454346,0.8725681900978088,,,,,,accurate
1803,18030.0,18084.100009918213,18112.50001144409,0,28.400001525878906,82.5000114440918,18070.0,True,4,3,False,0,0,False,False,96,False,False,risk_lstm,8,0.8821000456809998,0.3863053321838379,2.1717357635498047,0.8835843801498413,,,,,,accurate
1805,18050.0,18112.50001144409,18131.800010681152,0,19.299999237060547,81.80001068115234,18090.0,True,4,3,False,0,0,False,False,94,False,False,risk_lstm,8,0.9045432806015015,0.3991910219192505,2.008077383041382,0.9114055037498474,,,,,,accurate
1812,18120.0,18131.800010681152,18152.100009918213,0,20.299999237060547,32.10000991821289,18160.0,False,2,1,False,1,1,False,False,87,False,True,risk_lstm,8,0.9058455228805542,0.34990352392196655,2.104008913040161,0.8929042816162109,,,,,,accurate
1815,18150.0,18152.100009918213,18177.300006866455,0,25.199996948242188,27.300006866455078,18190.0,False,2,1,False,1,1,False,False,84,False,True,risk_lstm,8,0.8948845267295837,0.37154620885849,2.1740598678588867,0.8833317756652832,,,,,,accurate
1816,18160.0,18177.300006866455,18196.900005340576,0,19.599998474121094,36.90000534057617,18200.0,False,2,1,False,1,1,False,False,83,False,True,risk_lstm,8,0.9355553984642029,0.3536783754825592,2.0505759716033936,0.8984860181808472,,,,,,accurate
1817,18170.0,18196.900005340576,18220.500003814697,0,23.599998474121094,50.500003814697266,18210.0,True,3,2,False,1,1,False,False,82,False,False,risk_lstm,8,0.9218024611473083,0.34956106543540955,2.094069242477417,0.8861865997314453,,,,,,accurate
1820,18200.0,18220.500003814697,18242.900005340576,0,22.400001525878906,42.90000534057617,18240.0,True,2,1,False,0,0,False,False,79,False,False,risk_lstm,8,0.9208055734634399,0.3476208746433258,2.1235549449920654,0.8730588555335999,,,,,,accurate
1821,18210.0,18242.900005340576,18259.400005340576,0,16.5,49.40000534057617,18250.0,True,3,2,False,0,0,False,False,78,False,False,risk_lstm,8,0.9316073656082153,0.16915641725063324,2.045752763748169,0.9203412532806396,,,,,,accurate
1825,18250.0,18259.400005340576,18283.900005340576,0,24.5,33.90000534057617,18290.0,False,2,1,False,0,0,False,False,74,False,True,risk_lstm,8,0.9466637372970581,0.23124371469020844,2.156569242477417,0.8801703453063965,,,,,,accurate
1826,18260.0,18283.900005340576,18309.700004577637,0,25.799999237060547,49.70000457763672,18300.0,True,2,1,False,0,0,False,False,73,False,False,risk_lstm,8,0.9330953359603882,0.2827455699443817,2.198138952255249,0.8787310123443604,,,,,,accurate
1828,18280.0,18309.700004577637,18332.800006866455,0,23.10000228881836,52.80000686645508,18320.0,True,3,2,False,1,1,False,False,71,False,False,risk_lstm,8,0.9206198453903198,0.3342299163341522,2.1821751594543457,0.8809749484062195,,,,,,accurate
1831,18310.0,18332.800006866455,18364.100006103516,0,31.299999237060547,54.100006103515625,18350.0,True,2,1,False,0,0,False,False,68,False,False,risk_lstm,8,0.9202240705490112,0.3010249137878418,2.230456590652466,0.8813663721084595,,,,,,accurate
1833,18330.0,18364.100006103516,18383.200004577637,0,19.099998474121094,53.20000457763672,18370.0,True,3,2,False,0,0,False,False,66,False,False,risk_lstm,8,0.920695960521698,0.3218693137168884,2.0976791381835938,0.8933802247047424,,,,,,accurate
1834,18340.0,18383.200004577637,18398.800006866455,0,15.60000228881836,58.80000686645508,18380.0,True,3,2,False,1,1,False,False,65,False,False,risk_lstm,8,0.8829805254936218,0.13140583038330078,2.0102899074554443,0.9177488088607788,,,,,,accurate
1836,18360.0,18398.800006866455,18429.400005340576,0,30.599998474121094,69.40000534057617,18400.0,True,4,3,False,0,0,False,False,63,False,False,risk_lstm,8,0.95001220703125,0.15039043128490448,1.9840993881225586,0.9178205132484436,,,,,,accurate
1837,18370.0,18429.400005340576,18469.000007629395,0,39.60000228881836,99.00000762939453,18410.0,True,4,3,False,0,0,False,False,62,False,False,risk_lstm,8,0.937933623790741,0.240995854139328,2.0779058933258057,0.8889665007591248,,,,,,accurate
1838,18380.0,18469.000007629395,18507.900009155273,0,38.900001525878906,127.90000915527344,18420.0,True,5,4,False,1,1,False,False,61,False,False,risk_lstm,8,0.9499511122703552,0.24345451593399048,2.103677749633789,0.8796668648719788,,,,,,accurate
1840,18400.0,18507.900009155273,18550.50001144409,0,42.60000228881836,150.5000114440918,18440.0,True,4,3,False,0,0,False,False,59,False,False,risk_lstm,8,0.9017657041549683,0.2606644034385681,2.1294798851013184,0.884270966053009,,,,,,accurate
1842,18420.0,18550.50001144409,18576.50001144409,0,26.0,156.5000114440918,18460.0,True,5,4,False,0,0,False,False,57,False,False,risk_lstm,8,0.8879008293151855,0.2590804696083069,2.11868953704834,0.8910256028175354,,,,,,accurate
1844,18440.0,18576.50001144409,18597.900009155273,0,21.39999771118164,157.90000915527344,18480.0,True,5,4,False,1,1,False,False,55,False,False,risk_lstm,8,0.9337175488471985,0.29806771874427795,2.149360418319702,0.8849393129348755,,,,,,accurate
1849,18490.0,18597.900009155273,18620.500007629395,0,22.599998474121094,130.50000762939453,18530.0,True,5,4,False,1,1,False,False,50,False,False,risk_lstm,8,0.9333127737045288,0.25506460666656494,2.1997814178466797,0.8786340951919556,,,,,,accurate
1850,18500.0,18620.500007629395,18640.800010681152,0,20.300003051757812,140.80001068115234,18540.0,True,6,5,True,0,0,False,False,49,False,False,risk_lstm,8,0.9159525632858276,0.3900262713432312,2.073800563812256,0.8853280544281006,,,,,,accurate
1852,18520.0,18640.800010681152,18661.40001296997,0,20.60000228881836,141.4000129699707,18560.0,True,6,5,True,1,1,False,False,47,False,False,risk_lstm,8,0.9186733961105347,0.3962908983230591,2.123321294784546,0.8642386198043823,,,,,,accurate
1854,18540.0,18661.40001296997,18690.50001144409,0,29.099998474121094,150.5000114440918,18580.0,True,7,6,True,0,0,False,False,45,False,False,risk_lstm,8,0.8735634684562683,0.40946164727211,2.13635516166687,0.8789666295051575,,,,,,accurate
1857,18570.0,18690.50001144409,18713.000007629395,0,22.499996185302734,143.00000762939453,18610.0,True,7,6,True,0,0,False,False,42,False,False,risk_lstm,8,0.9007121920585632,0.4062260091304779,2.147719144821167,0.8716286420822144,,,,,,accurate
1868,18680.0,18713.000007629395,18738.800006866455,0,25.799999237060547,58.80000686645508,18720.0,True,3,2,False,0,0,False,False,31,False,False,risk_lstm,8,0.9017083644866943,0.4322775602340698,2.1496613025665283,0.8714598417282104,,,,,,accurate
1872,18720.0,18738.800006866455,18761.000007629395,0,22.200000762939453,41.00000762939453,18760.0,True,2,1,False,1,1,False,False,27,False,False,risk_lstm,8,0.8700630068778992,0.45446234941482544,2.0873775482177734,0.8829803466796875,,,,,,accurate
1875,18750.0,18761.000007629395,18781.000007629395,0,20.0,31.00000762939453,18790.0,False,2,1,False,1,1,False,False,24,False,True,risk_lstm,8,0.9287809133529663,0.3863253891468048,2.0407769680023193,0.9006261825561523,,,,,,accurate
1882,18820.0,18820.0,18845.70000076294,0,25.700000762939453,25.700000762939453,18860.0,False,1,0,False,0,0,False,False,17,False,True,risk_lstm,8,0.9084907174110413,0.37705692648887634,2.182129144668579,0.8680902719497681,,,,,,accurate
1885,18850.0,18850.0,18870.89999771118,0,20.89999771118164,20.89999771118164,18890.0,False,1,0,False,0,0,False,False,14,False,True,risk_lstm,8,0.9040738940238953,0.40419596433639526,2.0488624572753906,0.8938472270965576,,,,,,accurate
1887,18870.0,18870.89999771118,18891.299995422363,0,20.39999771118164,21.29999542236328,18910.0,False,2,1,False,0,0,False,False,12,False,True,risk_lstm,8,0.9337159991264343,0.3608943819999695,2.1183454990386963,0.8708102107048035,,,,,,accurate
1890,18900.0,18900.0,18923.89999771118,0,23.89999771118164,23.89999771118164,18940.0,False,1,0,False,0,0,False,False,9,False,True,risk_lstm,8,0.9092557430267334,0.38643163442611694,2.188345193862915,0.8701374530792236,,,,,,accurate
1894,18940.0,18940.0,18967.79999923706,0,27.799999237060547,27.799999237060547,18980.0,False,1,0,False,0,0,False,False,5,False,True,risk_lstm,8,0.9153344035148621,0.3475930690765381,2.218825578689575,0.8708630800247192,,,,,,accurate
1901,19010.0,19010.0,19033.89999771118,0,23.89999771118164,23.89999771118164,19050.0,False,1,0,False,0,0,False,False,98,False,True,risk_lstm,8,0.9158056974411011,0.3568701148033142,2.213714838027954,0.8739208579063416,,,,,,accurate
1902,19020.0,19033.89999771118,19058.29999923706,0,24.400001525878906,38.29999923706055,19060.0,False,2,1,False,1,1,False,False,97,False,True,risk_lstm,8,0.909273087978363,0.3469923436641693,2.2240848541259766,0.8752231597900391,,,,,,accurate
1903,19030.0,19058.29999923706,19077.10000228882,0,18.800003051757812,47.10000228881836,19070.0,True,3,2,False,0,0,False,False,96,False,False,risk_lstm,8,0.9402081966400146,0.3688962459564209,2.0803873538970947,0.8898545503616333,,,,,,accurate
1904,19040.0,19077.10000228882,19108.900005340576,0,31.800003051757812,68.90000534057617,19080.0,True,3,2,False,1,1,False,False,95,False,False,risk_lstm,8,0.8829002976417542,0.3960665762424469,2.173069477081299,0.8823995590209961,,,,,,accurate
1906,19060.0,19108.900005340576,19131.700004577637,0,22.799999237060547,71.70000457763672,19100.0,True,3,2,False,1,1,False,False,93,False,False,risk_lstm,8,0.9070008993148804,0.42565232515335083,2.163632392883301,0.8727362155914307,,,,,,accurate
1908,19080.0,19131.700004577637,19150.100006103516,0,18.400001525878906,70.10000610351562,19120.0,True,3,2,False,0,0,False,False,91,False,False,risk_lstm,8,0.9386212229728699,0.354704886674881,2.1119418144226074,0.8886318206787109,,,,,,accurate
1909,19090.0,19150.100006103516,19174.400005340576,0,24.299999237060547,84.40000534057617,19130.0,True,4,3,False,0,0,False,False,90,False,False,risk_lstm,8,0.9178190231323242,0.3722883462905884,2.1984312534332275,0.8688276410102844,,,,,,accurate
1910,19100.0,19174.400005340576,19196.800006866455,0,22.400001525878906,96.80000686645508,19140.0,True,5,4,False,0,0,False,False,89,False,False,risk_lstm,8,0.9093914031982422,0.41877564787864685,2.141932249069214,0.8746476173400879,,,,,,accurate
1911,19110.0,19196.800006866455,19221.600009918213,0,24.800003051757812,111.60000991821289,19150.0,True,5,4,False,0,0,False,False,88,False,False,risk_lstm,8,0.9371981024742126,0.3995826542377472,2.1300418376922607,0.8632572889328003,,,,,,accurate
1912,19120.0,19221.600009918213,19240.900009155273,0,19.299999237060547,120.90000915527344,19160.0,True,6,5,True,0,0,False,False,87,False,False,risk_lstm,8,0.9144783020019531,0.37082791328430176,2.049832582473755,0.8904829621315002,,,,,,accurate
1913,19130.0,19240.900009155273,19266.20001220703,0,25.300003051757812,136.20001220703125,19170.0,True,7,6,True,0,0,False,False,86,False,False,risk_lstm,8,0.8708544373512268,0.39573776721954346,2.064568281173706,0.8820222020149231,,,,,,accurate
1916,19160.0,19266.20001220703,19294.20001220703,0,28.0,134.20001220703125,19200.0,True,6,5,True,0,0,False,False,83,False,False,risk_lstm,8,0.8687580823898315,0.38205042481422424,2.138456344604492,0.8865054249763489,,,,,,accurate
1918,19180.0,19294.20001220703,19320.40001296997,0,26.200000762939453,140.4000129699707,19220.0,True,6,5,True,1,1,False,False,81,False,False,risk_lstm,8,0.8964319229125977,0.3513919413089752,2.199045419692993,0.8788729906082153,,,,,,accurate
1923,19230.0,19320.40001296997,19337.80001449585,0,17.400001525878906,107.80001449584961,19270.0,True,5,4,False,0,0,False,False,76,False,False,risk_lstm,8,0.9377167820930481,0.29772230982780457,2.069014072418213,0.9130179286003113,,,,,,accurate
1925,19250.0,19337.80001449585,19358.70001602173,0,20.900001525878906,108.70001602172852,19290.0,True,5,4,False,0,0,False,False,74,False,False,risk_lstm,8,0.953548014163971,0.3134896755218506,2.1193623542785645,0.8899412751197815,,,,,,accurate
1927,19270.0,19358.70001602173,19382.80001449585,0,24.099998474121094,112.80001449584961,19310.0,True,5,4,False,1,1,False,False,72,False,False,risk_lstm,8,0.9322720170021057,0.30788689851760864,2.233757257461548,0.8728812336921692,,,,,,accurate
1931,19310.0,19382.80001449585,19402.30001449585,0,19.5,92.30001449584961,19350.0,True,5,4,False,1,1,False,False,68,False,False,risk_lstm,8,0.8980236649513245,0.3400144875049591,2.1113078594207764,0.8949442505836487,,,,,,accurate
1932,19320.0,19402.30001449585,19425.50001525879,0,23.200000762939453,105.50001525878906,19360.0,True,6,5,True,1,1,False,False,67,False,False,risk_lstm,8,0.9242987036705017,0.33593735098838806,2.2191357612609863,0.8723491430282593,,,,,,accurate
1933,19330.0,19425.50001525879,19448.40001296997,0,22.89999771118164,118.4000129699707,19370.0,True,6,5,True,1,1,False,False,66,False,False,risk_lstm,8,0.907361626625061,0.3567102253437042,2.210123062133789,0.875217616558075,,,,,,accurate
1939,19390.0,19448.40001296997,19470.400009155273,0,21.999996185302734,80.40000915527344,19430.0,True,4,3,False,0,0,False,False,60,False,False,risk_lstm,8,0.9103747606277466,0.36129504442214966,2.208747625350952,0.8752999901771545,,,,,,accurate
1940,19400.0,19470.400009155273,19493.300010681152,0,22.900001525878906,93.30001068115234,19440.0,True,5,4,False,1,1,False,False,59,False,False,risk_lstm,8,0.9112651944160461,0.369283527135849,2.2167413234710693,0.8746749758720398,,,,,,accurate
1944,19440.0,19493.300010681152,19515.00001144409,0,21.700000762939453,75.0000114440918,19480.0,True,4,3,False,0,0,False,False,55,False,False,risk_lstm,8,0.8945977091789246,0.4662707448005676,2.1309592723846436,0.8780337572097778,,,,,,accurate
1945,19450.0,19515.00001144409,19540.800010681152,0,25.799999237060547,90.80001068115234,19490.0,True,4,3,False,0,0,False,False,54,False,False,risk_lstm,8,0.85614413022995,0.40714386105537415,2.099419355392456,0.8831458687782288,,,,,,accurate
1947,19470.0,19540.800010681152,19565.40001296997,0,24.60000228881836,95.4000129699707,19510.0,True,5,4,False,0,0,False,False,52,False,False,risk_lstm,8,0.9285585284233093,0.40595269203186035,2.1836602687835693,0.8594750761985779,,,,,,accurate
1948,19480.0,19565.40001296997,19587.50001525879,0,22.10000228881836,107.50001525878906,19520.0,True,5,4,False,0,0,False,False,51,False,False,risk_lstm,8,0.895193338394165,0.47228142619132996,2.10601544380188,0.8743981719017029,,,,,,accurate
1951,19510.0,19587.50001525879,19612.60001373291,0,25.099998474121094,102.60001373291016,19550.0,True,5,4,False,1,1,False,False,48,False,False,risk_lstm,8,0.906334400177002,0.44693872332572937,2.084838628768921,0.8743871450424194,,,,,,accurate
1954,19540.0,19612.60001373291,19635.300018310547,0,22.70000457763672,95.30001831054688,19580.0,True,5,4,False,0,0,False,False,45,False,False,risk_lstm,8,0.8936479687690735,0.4484310746192932,2.130680799484253,0.8670322299003601,,,,,,accurate
1955,19550.0,19635.300018310547,19655.600021362305,0,20.300003051757812,105.60002136230469,19590.0,True,5,4,False,1,1,False,False,44,False,False,risk_lstm,8,0.8858434557914734,0.4555218517780304,2.072387456893921,0.8806869387626648,,,,,,accurate
1958,19580.0,19655.600021362305,19683.000019073486,0,27.39999771118164,103.00001907348633,19620.0,True,5,4,False,0,0,False,False,41,False,False,risk_lstm,8,0.842501699924469,0.43914979696273804,2.015310764312744,0.8823072910308838,,,,,,accurate
1960,19600.0,19683.000019073486,19700.20001602173,0,17.199996948242188,100.20001602172852,19640.0,True,5,4,False,0,0,False,False,39,False,False,risk_lstm,8,0.9208257794380188,0.263346791267395,1.925273060798645,0.9249685406684875,,,,,,accurate
1963,19630.0,19700.20001602173,19719.400016784668,0,19.200000762939453,89.40001678466797,19670.0,True,5,4,False,1,1,False,False,36,False,False,risk_lstm,8,0.9222390651702881,0.2519615888595581,2.0816428661346436,0.8962569236755371,,,,,,accurate
1965,19650.0,19719.400016784668,19742.000019073486,0,22.60000228881836,92.00001907348633,19690.0,True,5,4,False,0,0,False,False,34,False,False,risk_lstm,8,0.9291571378707886,0.3177294433116913,2.141481876373291,0.8765785694122314,,,,,,accurate
1966,19660.0,19742.000019073486,19764.10001373291,0,22.099994659423828,104.10001373291016,19700.0,True,5,4,False,1,1,False,False,33,False,False,risk_lstm,8,0.940339207649231,0.3013177812099457,2.196873903274536,0.8689323663711548,,,,,,accurate
1968,19680.0,19764.10001373291,19785.000019073486,0,20.900005340576172,105.00001907348633,19720.0,True,6,5,True,0,0,False,False,31,False,False,risk_lstm,8,0.9321713447570801,0.3504851460456848,2.149925708770752,0.8763906359672546,,,,,,accurate
1971,19710.0,19785.000019073486,19814.400016784668,0,29.39999771118164,104.40001678466797,19750.0,True,5,4,False,0,0,False,False,28,False,False,risk_lstm,8,0.9144284129142761,0.30942657589912415,2.21950101852417,0.8810234069824219,,,,,,accurate
1972,19720.0,19814.400016784668,19833.400016784668,0,19.0,113.40001678466797,19760.0,True,5,4,False,0,0,False,False,27,False,False,risk_lstm,8,0.9424647092819214,0.24182984232902527,2.079986572265625,0.9067964553833008,,,,,,accurate
1973,19730.0,19833.400016784668,19854.00001525879,0,20.599998474121094,124.00001525878906,19770.0,True,6,5,True,1,1,False,False,26,False,False,risk_lstm,8,0.9416356086730957,0.2405610978603363,2.080125093460083,0.8927613496780396,,,,,,accurate
1974,19740.0,19854.00001525879,19875.50001525879,0,21.5,135.50001525878906,19780.0,True,7,6,True,1,1,False,False,25,False,False,risk_lstm,8,0.9233114719390869,0.3373163640499115,2.1164486408233643,0.8748232126235962,,,,,,accurate
1975,19750.0,19875.50001525879,19901.10001373291,0,25.599998474121094,151.10001373291016,19790.0,True,7,6,True,0,0,False,False,24,False,False,risk_lstm,8,0.8905038833618164,0.38534897565841675,2.168907880783081,0.8820006251335144,,,,,,accurate
1976,19760.0,19901.10001373291,19918.70001220703,0,17.599998474121094,158.70001220703125,19800.0,True,8,7,True,0,0,False,False,23,False,False,risk_lstm,8,0.941756010055542,0.2602933645248413,2.040964126586914,0.912261962890625,,,,,,accurate
1978,19780.0,19918.70001220703,19940.90001296997,0,22.200000762939453,160.9000129699707,19820.0,True,8,7,True,0,0,False,False,21,False,False,risk_lstm,8,0.9360416531562805,0.2948336601257324,2.2100017070770264,0.8738076090812683,,,,,,accurate
1983,19830.0,19940.90001296997,19965.900009155273,0,24.999996185302734,135.90000915527344,19870.0,True,7,6,True,0,0,False,False,16,False,False,risk_lstm,8,0.9198645353317261,0.28983810544013977,2.2256827354431152,0.8795040845870972,,,,,,accurate
1985,19850.0,19965.900009155273,19988.900009155273,0,23.0,138.90000915527344,19890.0,True,7,6,True,0,0,False,False,14,False,False,risk_lstm,8,0.9306789636611938,0.27149808406829834,2.2431552410125732,0.876618504524231,,,,,,accurate
1986,19860.0,19988.900009155273,20009.400009155273,0,20.5,149.40000915527344,19900.0,True,7,6,True,1,1,False,False,13,False,False,risk_lstm,8,0.9157131314277649,0.2832462191581726,2.072089433670044,0.9032726287841797,,,,,,accurate
1991,19910.0,20009.400009155273,20032.400009155273,0,23.0,122.40000915527344,19950.0,True,6,5,True,0,0,False,False,8,False,False,risk_lstm,8,0.920351505279541,0.31961122155189514,2.2066948413848877,0.8724962472915649,,,,,,accurate
1997,19970.0,20032.400009155273,20060.600009918213,0,28.200000762939453,90.60000991821289,20010.0,True,4,3,False,1,1,False,False,2,True,False,risk_lstm,8,0.9233144521713257,0.34756532311439514,2.22007155418396,0.8745337128639221,,,,,,accurate
1998,19980.0,20060.600009918213,20092.100009918213,0,31.5,112.10000991821289,20020.0,True,5,4,False,1,1,False,False,1,True,False,risk_lstm,8,0.8473238945007324,0.33424800634384155,1.946593165397644,0.8878595232963562,,,,,,accurate
1999,19990.0,20092.100009918213,20113.100009918213,0,21.0,123.10000991821289,20030.0,True,5,4,False,1,1,False,True,0,True,False,risk_lstm,8,0.8925558924674988,0.38757985830307007,2.122688055038452,0.8889832496643066,,,,,,accurate
2004,20040.0,20113.100009918213,20135.800006866455,0,22.699996948242188,95.80000686645508,20080.0,True,4,3,False,0,0,False,False,95,False,False,risk_lstm,8,0.9100583791732788,0.3741288483142853,2.2008779048919678,0.8714702725410461,,,,,,accurate
2007,20070.0,20135.800006866455,20156.600006103516,0,20.799999237060547,86.60000610351562,20110.0,True,4,3,False,0,0,False,False,92,False,False,risk_lstm,8,0.8941620588302612,0.4119934141635895,2.106649160385132,0.8832299709320068,,,,,,accurate
2011,20110.0,20156.600006103516,20179.400005340576,0,22.799999237060547,69.40000534057617,20150.0,True,4,3,False,1,1,False,False,88,False,False,risk_lstm,8,0.9204555153846741,0.35924845933914185,2.241548776626587,0.8663262724876404,,,,,,accurate
2012,20120.0,20179.400005340576,20203.700004577637,0,24.299999237060547,83.70000457763672,20160.0,True,4,3,False,0,0,False,False,87,False,False,risk_lstm,8,0.8514792919158936,0.41832563281059265,2.090862512588501,0.8855385780334473,,,,,,accurate
2017,20170.0,20203.700004577637,20231.900005340576,0,28.200000762939453,61.90000534057617,20210.0,True,3,2,False,0,0,False,False,82,False,False,risk_lstm,8,0.8407353162765503,0.3910377621650696,2.122371196746826,0.8869456648826599,,,,,,accurate
2021,20210.0,20231.900005340576,20257.400005340576,0,25.5,47.40000534057617,20250.0,True,2,1,False,1,1,False,False,78,False,False,risk_lstm,8,0.9071511626243591,0.3667445480823517,2.203075885772705,0.8715282678604126,,,,,,accurate
2023,20230.0,20257.400005340576,20282.900009155273,0,25.500003814697266,52.90000915527344,20270.0,True,3,2,False,0,0,False,False,76,False,False,risk_lstm,8,0.92545485496521,0.4022333025932312,2.0580954551696777,0.8929773569107056,,,,,,accurate
2025,20250.0,20282.900009155273,20317.200008392334,0,34.29999923706055,67.20000839233398,20290.0,True,3,2,False,0,0,False,False,74,False,False,risk_lstm,8,0.834419846534729,0.4031604528427124,2.06772780418396,0.8896132111549377,,,,,,accurate
2029,20290.0,20317.200008392334,20346.800006866455,0,29.599998474121094,56.80000686645508,20330.0,True,2,1,False,0,0,False,False,70,False,False,risk_lstm,8,0.881443440914154,0.35162487626075745,2.1711325645446777,0.8831089735031128,,,,,,accurate
2035,20350.0,20350.0,20369.20000076294,0,19.200000762939453,19.200000762939453,20390.0,False,1,0,False,0,0,False,False,64,False,True,risk_lstm,8,0.9118055105209351,0.2725330591201782,2.003599166870117,0.9303962588310242,,,,,,accurate
2036,20360.0,20369.20000076294,20391.39999771118,0,22.199996948242188,31.39999771118164,20400.0,False,2,1,False,0,0,False,False,63,False,True,risk_lstm,8,0.9173004627227783,0.33912211656570435,2.1167795658111572,0.8936145305633545,,,,,,accurate
2038,20380.0,20391.39999771118,20422.099994659424,0,30.699996948242188,42.09999465942383,20420.0,True,2,1,False,1,1,False,False,61,False,False,risk_lstm,8,0.930631697177887,0.2785324156284332,2.2533538341522217,0.8757420778274536,,,,,,accurate
2040,20400.0,20422.099994659424,20453.499996185303,0,31.400001525878906,53.499996185302734,20440.0,True,2,1,False,0,0,False,False,59,False,False,risk_lstm,8,0.8899769186973572,0.3087073564529419,2.206394910812378,0.8896955251693726,,,,,,accurate
2044,20440.0,20453.499996185303,20472.399993896484,0,18.89999771118164,32.399993896484375,20480.0,False,2,1,False,0,0,False,False,55,False,True,risk_lstm,8,0.9244089126586914,0.2738002836704254,2.127229928970337,0.8912907242774963,,,,,,accurate
2045,20450.0,20472.399993896484,20495.099994659424,0,22.700000762939453,45.09999465942383,20490.0,True,3,2,False,0,0,False,False,54,False,False,risk_lstm,8,0.9200694561004639,0.3013257682323456,2.214962959289551,0.8758345246315002,,,,,,accurate
2046,20460.0,20495.099994659424,20517.199996948242,0,22.10000228881836,57.19999694824219,20500.0,True,3,2,False,1,1,False,False,53,False,False,risk_lstm,8,0.9065313935279846,0.3583071529865265,2.1913046836853027,0.8812862038612366,,,,,,accurate
2048,20480.0,20517.199996948242,20546.499996185303,0,29.299999237060547,66.49999618530273,20520.0,True,3,2,False,0,0,False,False,51,False,False,risk_lstm,8,0.8998723030090332,0.31982317566871643,2.2090036869049072,0.8820008635520935,,,,,,accurate
2049,20490.0,20546.499996185303,20568.999996185303,0,22.5,78.99999618530273,20530.0,True,4,3,False,0,0,False,False,50,False,False,risk_lstm,8,0.9154268503189087,0.38587686419487,2.1893422603607178,0.8698923587799072,,,,,,accurate
2050,20500.0,20568.999996185303,20595.89999771118,0,26.900001525878906,95.89999771118164,20540.0,True,4,3,False,0,0,False,False,49,False,False,risk_lstm,8,0.8444209694862366,0.37905430793762207,2.0465087890625,0.8864753246307373,,,,,,accurate
2054,20540.0,20595.89999771118,20617.699996948242,0,21.799999237060547,77.69999694824219,20580.0,True,4,3,False,1,1,False,False,45,False,False,risk_lstm,8,0.9403156042098999,0.2846442461013794,2.0266122817993164,0.9157683849334717,,,,,,accurate
2055,20550.0,20617.699996948242,20647.29999923706,0,29.60000228881836,97.29999923706055,20590.0,True,4,3,False,0,0,False,False,44,False,False,risk_lstm,8,0.9311250448226929,0.31044724583625793,2.2341148853302,0.8825024962425232,,,,,,accurate
2060,20600.0,20647.29999923706,20668.79999923706,0,21.5,68.79999923706055,20640.0,True,3,2,False,1,1,False,False,39,False,False,risk_lstm,8,0.9121707081794739,0.30270642042160034,2.0703468322753906,0.9036206007003784,,,,,,accurate
2061,20610.0,20668.79999923706,20702.40000152588,0,33.60000228881836,92.4000015258789,20650.0,True,4,3,False,0,0,False,False,38,False,False,risk_lstm,8,0.8843090534210205,0.3380255103111267,2.1576318740844727,0.8888119459152222,,,,,,accurate
2062,20620.0,20702.40000152588,20742.60000228882,0,40.20000076293945,122.60000228881836,20660.0,True,4,3,False,0,0,False,False,37,False,False,risk_lstm,8,0.8728451132774353,0.30813708901405334,2.1709678173065186,0.8899006843566895,,,,,,accurate
2063,20630.0,20742.60000228882,20776.300003051758,0,33.70000076293945,146.3000030517578,20670.0,True,5,4,False,1,1,False,False,36,False,False,risk_lstm,8,0.9423614740371704,0.31453460454940796,2.2341694831848145,0.8736609816551208,,,,,,accurate
2064,20640.0,20776.300003051758,20812.90000152588,0,36.599998474121094,172.9000015258789,20680.0,True,6,5,True,0,0,False,False,35,False,False,risk_lstm,8,0.8676775693893433,0.28200212121009827,2.087764024734497,0.8911953568458557,,,,,,accurate
2066,20660.0,20812.90000152588,20854.29999923706,0,41.39999771118164,194.29999923706055,20700.0,True,6,5,True,0,0,False,False,33,False,False,risk_lstm,8,0.8603601455688477,0.303323894739151,2.1477389335632324,0.8934252262115479,,,,,,accurate
2067,20670.0,20854.29999923706,20896.10000228882,0,41.80000305175781,226.10000228881836,20710.0,True,6,5,True,0,0,False,False,32,False,False,risk_lstm,8,0.8608624935150146,0.3579452335834503,2.083361864089966,0.8889930844306946,,,,,,accurate
2068,20680.0,20896.10000228882,20916.800003051758,0,20.700000762939453,236.8000030517578,20720.0,True,7,6,True,0,0,False,False,31,False,False,risk_lstm,8,0.9275339841842651,0.37133148312568665,2.1157124042510986,0.901405930519104,,,,,,accurate
2070,20700.0,20916.800003051758,20936.900005340576,0,20.10000228881836,236.90000534057617,20740.0,True,8,7,True,0,0,False,False,29,False,False,risk_lstm,8,0.9236605763435364,0.3464208245277405,2.159018039703369,0.8947930335998535,,,,,,accurate
2072,20720.0,20936.900005340576,20960.800006866455,0,23.900001525878906,240.80000686645508,20760.0,True,8,7,True,0,0,False,False,27,False,False,risk_lstm,8,0.9429284334182739,0.25666332244873047,2.0545854568481445,0.9172036647796631,,,,,,accurate
2074,20740.0,20960.800006866455,20983.600006103516,0,22.799999237060547,243.60000610351562,20780.0,True,9,8,True,0,0,False,False,25,False,False,risk_lstm,8,0.9504760503768921,0.26460903882980347,2.1362216472625732,0.8733260631561279,,,,,,accurate
2075,20750.0,20983.600006103516,21020.500007629395,0,36.900001525878906,270.50000762939453,20790.0,True,9,8,True,0,0,False,False,24,False,False,risk_lstm,8,0.869239330291748,0.32328465580940247,2.0307376384735107,0.8880290985107422,,,,,,accurate
2078,20780.0,21020.500007629395,21041.700008392334,0,21.200000762939453,261.700008392334,20820.0,True,9,8,True,1,1,False,False,21,False,False,risk_lstm,8,0.9228130578994751,0.3222687840461731,2.1913256645202637,0.8805334568023682,,,,,,accurate
2080,20800.0,21041.700008392334,21065.100006103516,0,23.39999771118164,265.1000061035156,20840.0,True,10,9,True,0,0,False,False,19,False,False,risk_lstm,8,0.9210687875747681,0.2929111421108246,2.2597548961639404,0.8778412342071533,,,,,,accurate
2083,20830.0,21065.100006103516,21087.400009155273,0,22.300003051757812,257.40000915527344,20870.0,True,10,9,True,0,0,False,False,16,False,False,risk_lstm,8,0.9348359107971191,0.318269819021225,2.1848223209381104,0.8744112253189087,,,,,,accurate
2084,20840.0,21087.400009155273,21109.600009918213,0,22.200000762939453,269.6000099182129,20880.0,True,11,10,True,0,0,False,False,15,False,False,risk_lstm,8,0.9181572794914246,0.3805828392505646,2.11381459236145,0.8879497051239014,,,,,,accurate
2086,20860.0,21109.600009918213,21128.10001373291,0,18.500003814697266,268.10001373291016,20900.0,True,11,10,True,0,0,False,False,13,False,False,risk_lstm,8,0.934346616268158,0.24186043441295624,1.963874101638794,0.9178392291069031,,,,,,accurate
2091,20910.0,21128.10001373291,21151.60001373291,0,23.5,241.60001373291016,20950.0,True,11,10,True,0,0,False,False,8,False,False,risk_lstm,8,0.93504399061203,0.32152700424194336,2.1964008808135986,0.8705581426620483,,,,,,accurate
2096,20960.0,21151.60001373291,21186.40001296997,0,34.79999923706055,226.4000129699707,21000.0,True,10,9,True,1,1,False,False,3,False,False,risk_lstm,8,0.9389032125473022,0.34279781579971313,2.214566946029663,0.8714308142662048,,,,,,accurate
2097,20970.0,21186.40001296997,21210.40001296997,0,24.0,240.4000129699707,21010.0,True,10,9,True,0,0,False,False,2,True,False,risk_lstm,8,0.9097697138786316,0.37103062868118286,2.223365545272827,0.875455379486084,,,,,,accurate
2102,21020.0,21210.40001296997,21233.90001296997,0,23.5,213.9000129699707,21060.0,True,10,9,True,0,0,False,False,97,False,False,risk_lstm,8,0.9077916741371155,0.32896751165390015,2.2314164638519287,0.8791195750236511,,,,,,accurate
2107,21070.0,21233.90001296997,21274.90001296997,0,41.0,204.9000129699707,21110.0,True,8,7,True,0,0,False,False,92,False,False,risk_lstm,8,0.9003117680549622,0.4025487005710602,2.186570405960083,0.8823886513710022,,,,,,accurate
2110,21100.0,21274.90001296997,21299.20001220703,0,24.299999237060547,199.20001220703125,21140.0,True,8,7,True,0,0,False,False,89,False,False,risk_lstm,8,0.9303076267242432,0.397784560918808,2.1662025451660156,0.8774418234825134,,,,,,accurate
2111,21110.0,21299.20001220703,21319.10001373291,0,19.900001525878906,209.10001373291016,21150.0,True,8,7,True,0,0,False,False,88,False,False,risk_lstm,8,0.9184479117393494,0.35331255197525024,2.1316077709198,0.8868368268013,,,,,,accurate
2112,21120.0,21319.10001373291,21340.60001373291,0,21.5,220.60001373291016,21160.0,True,9,8,True,0,0,False,False,87,False,False,risk_lstm,8,0.9164767861366272,0.4034128189086914,2.107653856277466,0.8752032518386841,,,,,,accurate
2115,21150.0,21340.60001373291,21365.20001602173,0,24.60000228881836,215.20001602172852,21190.0,True,9,8,True,0,0,False,False,84,False,False,risk_lstm,8,0.8829728960990906,0.45202764868736267,2.147740602493286,0.8725095391273499,,,,,,accurate
2117,21170.0,21365.20001602173,21394.00001525879,0,28.799999237060547,224.00001525878906,21210.0,True,9,8,True,0,0,False,False,82,False,False,risk_lstm,8,0.8773256540298462,0.3871273696422577,2.1568281650543213,0.8820174932479858,,,,,,accurate
2120,21200.0,21394.00001525879,21414.50001525879,0,20.5,214.50001525878906,21240.0,True,9,8,True,0,0,False,False,79,False,False,risk_lstm,8,0.8792669773101807,0.43572038412094116,2.1208298206329346,0.882321298122406,,,,,,accurate
2124,21240.0,21414.50001525879,21432.300010681152,0,17.79999542236328,192.30001068115234,21280.0,True,8,7,True,1,1,False,False,75,False,False,risk_lstm,8,0.9057976007461548,0.3371814489364624,1.881975531578064,0.9238141179084778,,,,,,accurate
2126,21260.0,21432.300010681152,21453.50001144409,0,21.200000762939453,193.5000114440918,21300.0,True,9,8,True,1,1,False,False,73,False,False,risk_lstm,8,0.933430552482605,0.31512269377708435,2.1125614643096924,0.8802014589309692,,,,,,accurate
2127,21270.0,21453.50001144409,21470.300010681152,0,16.799999237060547,200.30001068115234,21310.0,True,10,9,True,0,0,False,False,72,False,False,risk_lstm,8,0.9177777767181396,0.11374964565038681,2.0721285343170166,0.9080814719200134,,,,,,accurate
2128,21280.0,21470.300010681152,21504.500007629395,0,34.19999694824219,224.50000762939453,21320.0,True,10,9,True,0,0,False,False,71,False,False,risk_lstm,8,0.9253820776939392,0.2634318172931671,2.1447346210479736,0.8904985189437866,,,,,,accurate
2132,21320.0,21504.500007629395,21526.400009155273,0,21.900001525878906,206.40000915527344,21360.0,True,9,8,True,0,0,False,False,67,False,False,risk_lstm,8,0.9413337111473083,0.2607451379299164,2.190394163131714,0.8843774795532227,,,,,,accurate
2137,21370.0,21526.400009155273,21554.20001220703,0,27.800003051757812,184.20001220703125,21410.0,True,8,7,True,0,0,False,False,62,False,False,risk_lstm,8,0.9189893007278442,0.30460330843925476,2.221004009246826,0.8900086879730225,,,,,,accurate
2139,21390.0,21554.20001220703,21581.00001144409,0,26.799999237060547,191.0000114440918,21430.0,True,9,8,True,0,0,False,False,60,False,False,risk_lstm,8,0.9126404523849487,0.2877308428287506,2.2365076541900635,0.8909207582473755,,,,,,accurate
2142,21420.0,21581.00001144409,21604.70001220703,0,23.700000762939453,184.70001220703125,21460.0,True,8,7,True,0,0,False,False,57,False,False,risk_lstm,8,0.9310612082481384,0.2873806655406952,2.263580560684204,0.8849465847015381,,,,,,accurate
2145,21450.0,21604.70001220703,21635.100009918213,0,30.39999771118164,185.1000099182129,21490.0,True,8,7,True,0,0,False,False,54,False,False,risk_lstm,8,0.9063842296600342,0.3606588840484619,2.2491066455841064,0.883107602596283,,,,,,accurate
2146,21460.0,21635.100009918213,21657.100009918213,0,22.0,197.1000099182129,21500.0,True,8,7,True,1,1,False,False,53,False,False,risk_lstm,8,0.9311848878860474,0.35147130489349365,2.166748523712158,0.8819546699523926,,,,,,accurate
2147,21470.0,21657.100009918213,21677.700008392334,0,20.599998474121094,207.70000839233398,21510.0,True,9,8,True,0,0,False,False,52,False,False,risk_lstm,8,0.9185882210731506,0.43853843212127686,2.05765700340271,0.8872554302215576,,,,,,accurate
2154,21540.0,21677.700008392334,21699.700008392334,0,22.0,159.70000839233398,21580.0,True,7,6,True,0,0,False,False,45,False,False,risk_lstm,8,0.9092726111412048,0.4407660663127899,2.1437408924102783,0.8668206334114075,,,,,,accurate
2155,21550.0,21699.700008392334,21720.700008392334,0,21.0,170.70000839233398,21590.0,True,8,7,True,0,0,False,False,44,False,False,risk_lstm,8,0.9028621912002563,0.4712829887866974,1.9342358112335205,0.9037683606147766,,,,,,accurate
2156,21560.0,21720.700008392334,21745.600006103516,0,24.89999771118164,185.60000610351562,21600.0,True,8,7,True,0,0,False,False,43,False,False,risk_lstm,8,0.9209216237068176,0.41569751501083374,2.1806342601776123,0.8636060357093811,,,,,,accurate
2159,21590.0,21745.600006103516,21769.100009918213,0,23.500003814697266,179.1000099182129,21630.0,True,8,7,True,0,0,False,False,40,False,False,risk_lstm,8,0.9249188303947449,0.3774973750114441,2.1130783557891846,0.871026873588562,,,,,,accurate
2163,21630.0,21769.100009918213,21792.500007629395,0,23.39999771118164,162.50000762939453,21670.0,True,8,7,True,0,0,False,False,36,False,False,risk_lstm,8,0.8961359858512878,0.40066275000572205,2.099134922027588,0.8792960047721863,,,,,,accurate
2166,21660.0,21792.500007629395,21814.800006866455,0,22.299999237060547,154.80000686645508,21700.0,True,7,6,True,0,0,False,False,33,False,False,risk_lstm,8,0.9217783808708191,0.37099549174308777,2.145794153213501,0.8656172156333923,,,,,,accurate
2168,21680.0,21814.800006866455,21833.900005340576,0,19.099998474121094,153.90000534057617,21720.0,True,7,6,True,0,0,False,False,31,False,False,risk_lstm,8,0.9373080730438232,0.3171933591365814,2.060725212097168,0.9020467400550842,,,,,,accurate
2172,21720.0,21833.900005340576,21855.900005340576,0,22.0,135.90000534057617,21760.0,True,7,6,True,1,1,False,False,27,False,False,risk_lstm,8,0.9456531405448914,0.27109161019325256,2.0350918769836426,0.9053196907043457,,,,,,accurate
2173,21730.0,21855.900005340576,21878.700004577637,0,22.799999237060547,148.70000457763672,21770.0,True,7,6,True,0,0,False,False,26,False,False,risk_lstm,8,0.9259023070335388,0.3072574734687805,2.112607955932617,0.8869379758834839,,,,,,accurate
2175,21750.0,21878.700004577637,21910.60000228882,0,31.89999771118164,160.60000228881836,21790.0,True,7,6,True,1,1,False,False,24,False,False,risk_lstm,8,0.9361078143119812,0.3091651499271393,2.1392006874084473,0.8654444813728333,,,,,,accurate
2176,21760.0,21910.60000228882,21942.60000228882,0,32.0,182.60000228881836,21800.0,True,8,7,True,0,0,False,False,23,False,False,risk_lstm,8,0.924446702003479,0.3626573979854584,2.1411983966827393,0.8737185597419739,,,,,,accurate
2178,21780.0,21942.60000228882,21969.20000076294,0,26.599998474121094,189.20000076293945,21820.0,True,8,7,True,0,0,False,False,21,False,False,risk_lstm,8,0.9226654171943665,0.3600653111934662,2.157750368118286,0.8735172748565674,,,,,,accurate
2179,21790.0,21969.20000076294,21996.5,0,27.299999237060547,206.5,21830.0,True,9,8,True,1,1,False,False,20,False,False,risk_lstm,8,0.9023449420928955,0.3641538918018341,2.08263897895813,0.8930532336235046,,,,,,accurate
2183,21830.0,21996.5,22027.60000228882,0,31.10000228881836,197.60000228881836,21870.0,True,8,7,True,0,0,False,False,16,False,False,risk_lstm,8,0.906585156917572,0.3653625547885895,2.177685022354126,0.8778515458106995,,,,,,accurate
2185,21850.0,22027.60000228882,22048.500003814697,0,20.900001525878906,198.50000381469727,21890.0,True,8,7,True,0,0,False,False,14,False,False,risk_lstm,8,0.923313319683075,0.37705960869789124,2.088048219680786,0.8824232816696167,,,,,,accurate
2186,21860.0,22048.500003814697,22072.700004577637,0,24.200000762939453,212.70000457763672,21900.0,True,8,7,True,1,1,False,False,13,False,False,risk_lstm,8,0.8919796943664551,0.428790420293808,2.146007537841797,0.8686800599098206,,,,,,accurate
2187,21870.0,22072.700004577637,22090.200004577637,0,17.5,220.20000457763672,21910.0,True,9,8,True,0,0,False,False,12,False,False,risk_lstm,8,0.9378282427787781,0.3066847622394562,1.9941383600234985,0.915556788444519,,,,,,accurate
2192,21920.0,22090.200004577637,22119.700004577637,0,29.5,199.70000457763672,21960.0,True,8,7,True,1,1,False,False,7,False,False,risk_lstm,8,0.8871278166770935,0.3573574423789978,2.1683878898620605,0.8860588669776917,,,,,,accurate
2193,21930.0,22119.700004577637,22142.900009155273,0,23.20000457763672,212.90000915527344,21970.0,True,9,8,True,1,1,False,False,6,False,False,risk_lstm,8,0.9367052912712097,0.3276344835758209,2.187940835952759,0.8691891431808472,,,,,,accurate
2197,21970.0,22142.900009155273,22163.00001144409,0,20.10000228881836,193.0000114440918,22010.0,True,8,7,True,0,0,False,False,2,True,False,risk_lstm,8,0.927210807800293,0.36507517099380493,2.0894954204559326,0.8824588656425476,,,,,,accurate
2198,21980.0,22163.00001144409,22179.70001220703,0,16.700000762939453,199.70001220703125,22020.0,True,9,8,True,0,0,False,False,1,True,False,risk_lstm,8,0.9107093214988708,0.20263618230819702,1.9714491367340088,0.9284264445304871,,,,,,accurate
2202,22020.0,22179.70001220703,22204.50001525879,0,24.800003051757812,184.50001525878906,22060.0,True,9,8,True,0,0,False,False,97,False,False,risk_lstm,8,0.9402097463607788,0.23612266778945923,2.1691958904266357,0.8817694783210754,,,,,,accurate
2203,22030.0,22204.50001525879,22225.60001373291,0,21.099998474121094,195.60001373291016,22070.0,True,9,8,True,0,0,False,False,96,False,False,risk_lstm,8,0.934055745601654,0.2623445391654968,2.197646141052246,0.8857232928276062,,,,,,accurate
2205,22050.0,22225.60001373291,22247.90001296997,0,22.299999237060547,197.9000129699707,22090.0,True,9,8,True,1,1,False,False,94,False,False,risk_lstm,8,0.9254028797149658,0.28080663084983826,2.2374017238616943,0.8865993618965149,,,,,,accurate
2207,22070.0,22247.90001296997,22271.20001220703,0,23.299999237060547,201.20001220703125,22110.0,True,10,9,True,0,0,False,False,92,False,False,risk_lstm,8,0.8949469327926636,0.3483002483844757,2.153219699859619,0.8905403017997742,,,,,,accurate
2210,22100.0,22271.20001220703,22299.50001144409,0,28.299999237060547,199.5000114440918,22140.0,True,9,8,True,0,0,False,False,89,False,False,risk_lstm,8,0.9186979532241821,0.3421775996685028,2.2196123600006104,0.8768476843833923,,,,,,accurate
2211,22110.0,22299.50001144409,22325.900009155273,0,26.39999771118164,215.90000915527344,22150.0,True,10,9,True,1,1,False,False,88,False,False,risk_lstm,8,0.9270440340042114,0.3353632092475891,2.207191228866577,0.8736386299133301,,,,,,accurate
2212,22120.0,22325.900009155273,22346.500007629395,0,20.599998474121094,226.50000762939453,22160.0,True,10,9,True,0,0,False,False,87,False,False,risk_lstm,8,0.9325226545333862,0.4008529782295227,2.0979723930358887,0.8818604946136475,,,,,,accurate
2214,22140.0,22346.500007629395,22406.100009918213,0,59.60000228881836,266.1000099182129,22180.0,True,11,10,True,0,0,False,False,85,False,False,risk_lstm,8,0.8167039752006531,0.4533730447292328,1.8605992794036865,0.8851231932640076,,,,,,accurate
2215,22150.0,22406.100009918213,22447.000007629395,0,40.89999771118164,297.00000762939453,22190.0,True,11,10,True,0,0,False,False,84,False,False,risk_lstm,8,0.9317984580993652,0.4236491322517395,2.094282627105713,0.8708435893058777,,,,,,accurate
2219,22190.0,22447.000007629395,22471.10000228882,0,24.099994659423828,281.10000228881836,22230.0,True,10,9,True,0,0,False,False,80,False,False,risk_lstm,8,0.9018702507019043,0.42200207710266113,2.1392250061035156,0.8694269061088562,,,,,,accurate
2224,22240.0,22471.10000228882,22494.10000228882,0,23.0,254.10000228881836,22280.0,True,9,8,True,1,1,False,False,75,False,False,risk_lstm,8,0.8912363648414612,0.45868754386901855,1.9705071449279785,0.8894127011299133,,,,,,accurate
2225,22250.0,22494.10000228882,22513.20000076294,0,19.099998474121094,263.20000076293945,22290.0,True,9,8,True,1,1,False,False,74,False,False,risk_lstm,8,0.9314425587654114,0.32544150948524475,2.0461668968200684,0.9095513820648193,,,,,,accurate
2227,22270.0,22513.20000076294,22537.09999847412,0,23.89999771118164,267.0999984741211,22310.0,True,10,9,True,0,0,False,False,72,False,False,risk_lstm,8,0.932120144367218,0.34629684686660767,2.1639437675476074,0.8666036128997803,,,,,,accurate
2230,22300.0,22537.09999847412,22555.20000076294,0,18.10000228881836,255.20000076293945,22340.0,True,9,8,True,0,0,False,False,69,False,False,risk_lstm,8,0.9306709170341492,0.3050021827220917,1.9869517087936401,0.9131532311439514,,,,,,accurate
2232,22320.0,22555.20000076294,22572.59999847412,0,17.39999771118164,252.5999984741211,22360.0,True,10,9,True,1,1,False,False,67,False,False,risk_lstm,8,0.948893666267395,0.2062940150499344,1.9803004264831543,0.921696126461029,,,,,,accurate
2233,22330.0,22572.59999847412,22595.79999923706,0,23.200000762939453,265.79999923706055,22370.0,True,10,9,True,0,0,False,False,66,False,False,risk_lstm,8,0.9470954537391663,0.22965705394744873,2.1569416522979736,0.8732340931892395,,,,,,accurate
2235,22350.0,22595.79999923706,22616.0,0,20.200000762939453,266.0,22390.0,True,10,9,True,0,0,False,False,64,False,False,risk_lstm,8,0.9352883696556091,0.2621220350265503,2.1214706897735596,0.8825656175613403,,,,,,accurate
2238,22380.0,22616.0,22639.300003051758,0,23.300003051757812,259.3000030517578,22420.0,True,11,10,True,0,0,False,False,61,False,False,risk_lstm,8,0.9445707201957703,0.24985072016716003,2.2114710807800293,0.8725699186325073,,,,,,accurate
2241,22410.0,22639.300003051758,22667.500003814697,0,28.200000762939453,257.50000381469727,22450.0,True,11,10,True,0,0,False,False,58,False,False,risk_lstm,8,0.93882155418396,0.2899872064590454,2.187678575515747,0.8773419857025146,,,,,,accurate
2245,22450.0,22667.500003814697,22704.300006866455,0,36.80000305175781,254.30000686645508,22490.0,True,11,10,True,1,1,False,False,54,False,False,risk_lstm,8,0.9104830622673035,0.3465632498264313,2.207207441329956,0.8781851530075073,,,,,,accurate
2247,22470.0,22704.300006866455,22734.900009155273,0,30.60000228881836,264.90000915527344,22510.0,True,12,11,True,0,0,False,False,52,False,False,risk_lstm,8,0.8575642704963684,0.3288358747959137,2.0499229431152344,0.8915684819221497,,,,,,accurate
2249,22490.0,22734.900009155273,22767.100009918213,0,32.20000076293945,277.1000099182129,22530.0,True,12,11,True,1,1,False,False,50,False,False,risk_lstm,8,0.8533453941345215,0.3489927053451538,2.0939791202545166,0.8914297223091125,,,,,,accurate
2250,22500.0,22767.100009918213,22789.100009918213,0,22.0,289.1000099182129,22540.0,True,12,11,True,0,0,False,False,49,False,False,risk_lstm,8,0.9314320087432861,0.4572639763355255,2.126821517944336,0.8718836307525635,,,,,,accurate
2252,22520.0,22789.100009918213,22808.20001220703,0,19.10000228881836,288.20001220703125,22560.0,True,12,11,True,0,0,False,False,47,False,False,risk_lstm,8,0.9151962399482727,0.43796810507774353,2.0378806591033936,0.8914117217063904,,,,,,accurate
2254,22540.0,22808.20001220703,22831.900009155273,0,23.699996948242188,291.90000915527344,22580.0,True,12,11,True,1,1,False,False,45,False,False,risk_lstm,8,0.8995524048805237,0.4223077595233917,2.174212694168091,0.8721923232078552,,,,,,accurate
2257,22570.0,22831.900009155273,22857.800010681152,0,25.900001525878906,287.80001068115234,22610.0,True,12,11,True,0,0,False,False,42,False,False,risk_lstm,8,0.9521210193634033,0.3777558207511902,2.1635868549346924,0.8617357611656189,,,,,,accurate
2260,22600.0,22857.800010681152,22887.800006866455,0,29.999996185302734,287.8000068664551,22640.0,True,11,10,True,1,1,False,False,39,False,False,risk_lstm,8,0.89045649766922,0.3986327648162842,2.1606290340423584,0.8758470416069031,,,,,,accurate
2261,22610.0,22887.800006866455,22904.300010681152,0,16.500003814697266,294.30001068115234,22650.0,True,12,11,True,0,0,False,False,38,False,False,risk_lstm,8,0.9137083292007446,0.2407178282737732,1.9307701587677002,0.9272498488426208,,,,,,accurate
2265,22650.0,22904.300010681152,22926.900009155273,0,22.599998474121094,276.90000915527344,22690.0,True,11,10,True,0,0,False,False,34,False,False,risk_lstm,8,0.94386887550354,0.29815593361854553,2.083648204803467,0.8919417858123779,,,,,,accurate
2268,22680.0,22926.900009155273,22952.300010681152,0,25.400001525878906,272.30001068115234,22720.0,True,11,10,True,0,0,False,False,31,False,False,risk_lstm,8,0.8875956535339355,0.3324930667877197,2.1174070835113525,0.888076663017273,,,,,,accurate
2269,22690.0,22952.300010681152,22978.30001449585,0,26.000003814697266,288.3000144958496,22730.0,True,12,11,True,0,0,False,False,30,False,False,risk_lstm,8,0.9458738565444946,0.3015531599521637,2.214761972427368,0.8719694018363953,,,,,,accurate
2272,22720.0,22978.30001449585,22999.900016784668,0,21.60000228881836,279.90001678466797,22760.0,True,12,11,True,1,1,False,False,27,False,False,risk_lstm,8,0.915226399898529,0.3343910872936249,2.208202838897705,0.8773291110992432,,,,,,accurate
2274,22740.0,22999.900016784668,23026.80001449585,0,26.89999771118164,286.8000144958496,22780.0,True,12,11,True,0,0,False,False,25,False,False,risk_lstm,8,0.87883460521698,0.3313838541507721,2.135068655014038,0.8908587098121643,,,,,,accurate
2283,22830.0,23026.80001449585,23048.30001449585,0,21.5,218.3000144958496,22870.0,True,10,9,True,0,0,False,False,16,False,False,risk_lstm,8,0.9164276123046875,0.3442884087562561,2.1938154697418213,0.8797769546508789,,,,,,accurate
2285,22850.0,23048.30001449585,23073.50001525879,0,25.200000762939453,223.50001525878906,22890.0,True,10,9,True,0,0,False,False,14,False,False,risk_lstm,8,0.8602046370506287,0.3449121415615082,2.1055047512054443,0.8935518264770508,,,,,,accurate
2287,22870.0,23073.50001525879,23104.100017547607,0,30.60000228881836,234.10001754760742,22910.0,True,10,9,True,0,0,False,False,12,False,False,risk_lstm,8,0.7898800373077393,0.46084973216056824,1.7887080907821655,0.8892621397972107,,,,,,accurate
2291,22910.0,23104.100017547607,23142.700019836426,0,38.60000228881836,232.70001983642578,22950.0,True,9,8,True,0,0,False,False,8,False,False,risk_lstm,8,0.9215136766433716,0.3906109035015106,2.170444965362549,0.86772620677948,,,,,,accurate
2292,22920.0,23142.700019836426,23159.300022125244,0,16.60000228881836,239.30002212524414,22960.0,True,10,9,True,0,0,False,False,7,False,False,risk_lstm,8,0.9178622961044312,0.25655055046081543,1.9465811252593994,0.924227237701416,,,,,,accurate
2296,22960.0,23159.300022125244,23183.800018310547,0,24.499996185302734,223.80001831054688,23000.0,True,9,8,True,1,1,False,False,3,False,False,risk_lstm,8,0.9109750390052795,0.31965792179107666,2.17217755317688,0.8869854211807251,,,,,,accurate
2297,22970.0,23183.800018310547,23205.000022888184,0,21.20000457763672,235.0000228881836,23010.0,True,10,9,True,0,0,False,False,2,True,False,risk_lstm,8,0.9318061470985413,0.33863720297813416,2.1292197704315186,0.8825775384902954,,,,,,accurate
2299,22990.0,23205.000022888184,23229.800022125244,0,24.799999237060547,239.80002212524414,23030.0,True,10,9,True,1,1,False,True,0,True,False,risk_lstm,8,0.9293439388275146,0.3376183807849884,2.1716361045837402,0.8757361173629761,,,,,,accurate
2300,23000.0,23229.800022125244,23250.700023651123,0,20.900001525878906,250.70002365112305,23040.0,True,10,9,True,0,0,False,False,99,False,False,risk_lstm,8,0.9210633039474487,0.3197906017303467,2.2067649364471436,0.8761098384857178,,,,,,accurate
2304,23040.0,23250.700023651123,23274.600021362305,0,23.89999771118164,234.6000213623047,23080.0,True,10,9,True,1,1,False,False,95,False,False,risk_lstm,8,0.9225409626960754,0.3622409403324127,2.172849416732788,0.8752304911613464,,,,,,accurate
2308,23080.0,23274.600021362305,23299.300022125244,0,24.700000762939453,219.30002212524414,23120.0,True,9,8,True,0,0,False,False,91,False,False,risk_lstm,8,0.8641189932823181,0.35144731402397156,2.1205852031707764,0.8896777629852295,,,,,,accurate
2309,23090.0,23299.300022125244,23318.100017547607,0,18.79999542236328,228.10001754760742,23130.0,True,10,9,True,0,0,False,False,90,False,False,risk_lstm,8,0.8920344114303589,0.4032106101512909,2.0231146812438965,0.905713677406311,,,,,,accurate
2315,23150.0,23318.100017547607,23349.700019836426,0,31.60000228881836,199.70001983642578,23190.0,True,9,8,True,0,0,False,False,84,False,False,risk_lstm,8,0.8797566294670105,0.3972854018211365,2.181767702102661,0.8790586590766907,,,,,,accurate
2317,23170.0,23349.700019836426,23370.700019836426,0,21.0,200.70001983642578,23210.0,True,9,8,True,0,0,False,False,82,False,False,risk_lstm,8,0.8990594148635864,0.4363718330860138,2.135368585586548,0.8752967715263367,,,,,,accurate
2319,23190.0,23370.700019836426,23395.900016784668,0,25.199996948242188,205.90001678466797,23230.0,True,9,8,True,1,1,False,False,80,False,False,risk_lstm,8,0.9080371856689453,0.4314610958099365,2.1895549297332764,0.8690083622932434,,,,,,accurate
2323,23230.0,23395.900016784668,23412.70001602173,0,16.799999237060547,182.70001602172852,23270.0,True,8,7,True,0,0,False,False,76,False,False,risk_lstm,8,0.9220565557479858,0.32920214533805847,1.9710838794708252,0.9192163944244385,,,,,,accurate
2328,23280.0,23412.70001602173,23432.100017547607,0,19.400001525878906,152.10001754760742,23320.0,True,7,6,True,0,0,False,False,71,False,False,risk_lstm,8,0.9159181714057922,0.3491705358028412,2.047316074371338,0.8944411277770996,,,,,,accurate
2330,23300.0,23432.100017547607,23456.200019836426,0,24.10000228881836,156.20001983642578,23340.0,True,7,6,True,0,0,False,False,69,False,False,risk_lstm,8,0.9208747148513794,0.32335537672042847,2.215862989425659,0.8739098310470581,,,,,,accurate
2331,23310.0,23456.200019836426,23477.300022125244,0,21.10000228881836,167.30002212524414,23350.0,True,8,7,True,0,0,False,False,68,False,False,risk_lstm,8,0.9082379341125488,0.3350406885147095,2.154223680496216,0.8834057450294495,,,,,,accurate
2333,23330.0,23477.300022125244,23495.400020599365,0,18.099998474121094,165.40002059936523,23370.0,True,8,7,True,1,1,False,False,66,False,False,risk_lstm,8,0.9421958327293396,0.24359191954135895,1.9013848304748535,0.9220713973045349,,,,,,accurate
2337,23370.0,23495.400020599365,23515.500019073486,0,20.099998474121094,145.50001907348633,23410.0,True,8,7,True,0,0,False,False,62,False,False,risk_lstm,8,0.9349246025085449,0.2138434499502182,2.0437612533569336,0.909794270992279,,,,,,accurate
2339,23390.0,23515.500019073486,23536.100017547607,0,20.599998474121094,146.10001754760742,23430.0,True,8,7,True,0,0,False,False,60,False,False,risk_lstm,8,0.9362611770629883,0.24887503683567047,2.124911069869995,0.8853575587272644,,,,,,accurate
2341,23410.0,23536.100017547607,23563.80001449585,0,27.699996948242188,153.8000144958496,23450.0,True,8,7,True,0,0,False,False,58,False,False,risk_lstm,8,0.8925798535346985,0.2740215063095093,1.9753589630126953,0.8834426999092102,,,,,,accurate
2343,23430.0,23563.80001449585,23581.30001449585,0,17.5,151.3000144958496,23470.0,True,8,7,True,0,0,False,False,56,False,False,risk_lstm,8,0.936788022518158,0.2532923221588135,2.033057928085327,0.915489673614502,,,,,,accurate
2344,23440.0,23581.30001449585,23604.400016784668,0,23.10000228881836,164.40001678466797,23480.0,True,8,7,True,0,0,False,False,55,False,False,risk_lstm,8,0.9571800231933594,0.2130529135465622,2.0850870609283447,0.9043948650360107,,,,,,accurate
2349,23490.0,23604.400016784668,23629.800018310547,0,25.400001525878906,139.80001831054688,23530.0,True,7,6,True,1,1,False,False,50,False,False,risk_lstm,8,0.9268564581871033,0.24229708313941956,2.1733124256134033,0.8768985271453857,,,,,,accurate
2351,23510.0,23629.800018310547,23655.80001449585,0,25.999996185302734,145.8000144958496,23550.0,True,7,6,True,1,1,False,False,48,False,False,risk_lstm,8,0.9293739199638367,0.2343069314956665,2.2369518280029297,0.8812445998191833,,,,,,accurate
2352,23520.0,23655.80001449585,23677.30001449585,0,21.5,157.3000144958496,23560.0,True,7,6,True,0,0,False,False,47,False,False,risk_lstm,8,0.9120340943336487,0.306095689535141,2.201481580734253,0.8856911063194275,,,,,,accurate
2354,23540.0,23677.30001449585,23696.30001449585,0,19.0,156.3000144958496,23580.0,True,7,6,True,0,0,False,False,45,False,False,risk_lstm,8,0.9311284422874451,0.2877019941806793,2.0689046382904053,0.9049625396728516,,,,,,accurate
2355,23550.0,23696.30001449585,23732.50001144409,0,36.19999694824219,182.5000114440918,23590.0,True,8,7,True,0,0,False,False,44,False,False,risk_lstm,8,0.8691977858543396,0.3013933598995209,2.045879364013672,0.8898273706436157,,,,,,accurate
2356,23560.0,23732.50001144409,23752.100009918213,0,19.599998474121094,192.1000099182129,23600.0,True,9,8,True,1,1,False,False,43,False,False,risk_lstm,8,0.9396517872810364,0.24083569645881653,2.1259148120880127,0.8861822485923767,,,,,,accurate
2357,23570.0,23752.100009918213,23787.700008392334,0,35.599998474121094,217.70000839233398,23610.0,True,9,8,True,0,0,False,False,42,False,False,risk_lstm,8,0.867487370967865,0.33231690526008606,2.082533597946167,0.8910439610481262,,,,,,accurate
2362,23620.0,23787.700008392334,23811.300010681152,0,23.60000228881836,191.30001068115234,23660.0,True,8,7,True,1,1,False,False,37,False,False,risk_lstm,8,0.9188937544822693,0.361895889043808,2.1966843605041504,0.876660943031311,,,,,,accurate
2363,23630.0,23811.300010681152,23833.60001373291,0,22.300003051757812,203.60001373291016,23670.0,True,8,7,True,0,0,False,False,36,False,False,risk_lstm,8,0.9100641012191772,0.3702523112297058,2.1943857669830322,0.8771024942398071,,,,,,accurate
2365,23650.0,23833.60001373291,23856.50001144409,0,22.89999771118164,206.5000114440918,23690.0,True,9,8,True,1,1,False,False,34,False,False,risk_lstm,8,0.9157875776290894,0.22912947833538055,1.9363120794296265,0.9245684742927551,,,,,,accurate
2367,23670.0,23856.50001144409,23876.70001220703,0,20.200000762939453,206.70001220703125,23710.0,True,9,8,True,0,0,False,False,32,False,False,risk_lstm,8,0.9139038324356079,0.2960352301597595,2.158506155014038,0.8871340155601501,,,,,,accurate
2369,23690.0,23876.70001220703,23899.50001144409,0,22.799999237060547,209.5000114440918,23730.0,True,9,8,True,0,0,False,False,30,False,False,risk_lstm,8,0.923685610294342,0.32192981243133545,2.162245273590088,0.8762537240982056,,,,,,accurate
2370,23700.0,23899.50001144409,23926.800010681152,0,27.299999237060547,226.80001068115234,23740.0,True,9,8,True,0,0,False,False,29,False,False,risk_lstm,8,0.9310656189918518,0.3486660420894623,2.2040891647338867,0.8693853616714478,,,,,,accurate
2374,23740.0,23926.800010681152,23957.50001144409,0,30.700000762939453,217.5000114440918,23780.0,True,9,8,True,0,0,False,False,25,False,False,risk_lstm,8,0.8895061612129211,0.4044997990131378,2.1964476108551025,0.8788859844207764,,,,,,accurate
2386,23860.0,23957.50001144409,23977.20001220703,0,19.700000762939453,117.20001220703125,23900.0,True,5,4,False,0,0,False,False,13,False,False,risk_lstm,8,0.9099176526069641,0.4510633945465088,2.0605111122131348,0.8883700966835022,,,,,,accurate
2387,23870.0,23977.20001220703,24003.00001525879,0,25.800003051757812,133.00001525878906,23910.0,True,6,5,True,0,0,False,False,12,False,False,risk_lstm,8,0.8935707211494446,0.4070573151111603,2.1603710651397705,0.8766247630119324,,,,,,accurate
2388,23880.0,24003.00001525879,24023.800018310547,0,20.800003051757812,143.80001831054688,23920.0,True,6,5,True,0,0,False,False,11,False,False,risk_lstm,8,0.9253578782081604,0.381062775850296,2.19156813621521,0.8714346885681152,,,,,,accurate
2390,23900.0,24023.800018310547,24048.700019836426,0,24.900001525878906,148.70001983642578,23940.0,True,6,5,True,0,0,False,False,9,False,False,risk_lstm,8,0.8849653601646423,0.44590502977371216,2.1549019813537598,0.8727102875709534,,,,,,accurate
2391,23910.0,24048.700019836426,24066.900020599365,0,18.200000762939453,156.90002059936523,23950.0,True,7,6,True,0,0,False,False,8,False,False,risk_lstm,8,0.9360663294792175,0.3622029721736908,2.0294759273529053,0.9035892486572266,,,,,,accurate
2394,23940.0,24066.900020599365,24092.300022125244,0,25.400001525878906,152.30002212524414,23980.0,True,7,6,True,0,0,False,False,5,False,False,risk_lstm,8,0.8622584342956543,0.39365875720977783,2.096586227416992,0.8889700770378113,,,,,,accurate
2397,23970.0,24092.300022125244,24119.300022125244,0,27.0,149.30002212524414,24010.0,True,7,6,True,0,0,False,False,2,True,False,risk_lstm,8,0.8942590951919556,0.35990962386131287,2.2117137908935547,0.8815392255783081,,,,,,accurate
2399,23990.0,24119.300022125244,24147.80002593994,0,28.500003814697266,157.8000259399414,24030.0,True,7,6,True,0,0,False,True,0,True,False,risk_lstm,8,0.8403558135032654,0.3665854036808014,2.008976936340332,0.890450656414032,,,,,,accurate
2405,24050.0,24147.80002593994,24174.00002670288,0,26.200000762939453,124.00002670288086,24090.0,True,5,4,False,1,1,False,False,94,False,False,risk_lstm,8,0.9077829718589783,0.3735996186733246,2.116863489151001,0.8890119194984436,,,,,,accurate
2406,24060.0,24174.00002670288,24199.30002593994,0,25.299999237060547,139.3000259399414,24100.0,True,6,5,True,1,1,False,False,93,False,False,risk_lstm,8,0.8647386431694031,0.3526456654071808,2.1050350666046143,0.8902877569198608,,,,,,accurate
2415,24150.0,24199.30002593994,24219.200023651123,0,19.89999771118164,69.20002365112305,24190.0,True,3,2,False,0,0,False,False,84,False,False,risk_lstm,8,0.8881961107254028,0.3897126317024231,2.050605058670044,0.899624764919281,,,,,,accurate
2419,24190.0,24219.200023651123,24252.200023651123,0,33.0,62.20002365112305,24230.0,True,3,2,False,0,0,False,False,80,False,False,risk_lstm,8,0.8638508915901184,0.32007113099098206,2.0355889797210693,0.8838914632797241,,,,,,accurate
2420,24200.0,24252.200023651123,24277.400020599365,0,25.199996948242188,77.40002059936523,24240.0,True,3,2,False,0,0,False,False,79,False,False,risk_lstm,8,0.9255843758583069,0.38724520802497864,2.2529609203338623,0.8754023909568787,,,,,,accurate
2425,24250.0,24277.400020599365,24296.800018310547,0,19.39999771118164,46.800018310546875,24290.0,True,3,2,False,1,1,False,False,74,False,False,risk_lstm,8,0.9032785892486572,0.38964638113975525,2.0028769969940186,0.9113159775733948,,,,,,accurate
2426,24260.0,24296.800018310547,24318.700019836426,0,21.900001525878906,58.70001983642578,24300.0,True,3,2,False,0,0,False,False,73,False,False,risk_lstm,8,0.9146615266799927,0.39373886585235596,2.1681113243103027,0.8759098649024963,,,,,,accurate
2427,24270.0,24318.700019836426,24343.900020599365,0,25.200000762939453,73.90002059936523,24310.0,True,4,3,False,0,0,False,False,72,False,False,risk_lstm,8,0.8961584568023682,0.4120902419090271,2.1545581817626953,0.8789340257644653,,,,,,accurate
2429,24290.0,24343.900020599365,24359.800022125244,0,15.900001525878906,69.80002212524414,24330.0,True,4,3,False,0,0,False,False,70,False,False,risk_lstm,8,0.8896533250808716,0.13971909880638123,2.057960033416748,0.9199053049087524,,,,,,accurate
2435,24350.0,24359.800022125244,24378.900024414062,0,19.10000228881836,28.9000244140625,24390.0,False,2,1,False,0,0,False,False,64,False,True,risk_lstm,8,0.9179429411888123,0.23065178096294403,1.9474544525146484,0.9177329540252686,,,,,,accurate
2436,24360.0,24378.900024414062,24401.400024414062,0,22.5,41.4000244140625,24400.0,True,2,1,False,0,0,False,False,63,False,False,risk_lstm,8,0.9455816745758057,0.22155694663524628,2.1416397094726562,0.875033438205719,,,,,,accurate
2441,24410.0,24410.0,24428.79999923706,0,18.799999237060547,18.799999237060547,24450.0,False,1,0,False,1,1,False,False,58,False,True,risk_lstm,8,0.9361615180969238,0.2564052939414978,2.0151002407073975,0.9081727266311646,,,,,,accurate
2443,24430.0,24430.0,24447.300003051758,0,17.300003051757812,17.300003051757812,24470.0,False,1,0,False,1,1,False,False,56,False,True,risk_lstm,8,0.957882821559906,0.12996794283390045,2.121525526046753,0.9164364337921143,,,,,,accurate
2444,24440.0,24447.300003051758,24469.000007629395,0,21.70000457763672,29.00000762939453,24480.0,False,2,1,False,1,1,False,False,55,False,True,risk_lstm,8,0.9497095942497253,0.22099095582962036,2.1558494567871094,0.8824709057807922,,,,,,accurate
2445,24450.0,24469.000007629395,24486.200008392334,0,17.200000762939453,36.200008392333984,24490.0,False,2,1,False,0,0,False,False,54,False,True,risk_lstm,8,0.9214895963668823,0.24602961540222168,1.9833260774612427,0.928128182888031,,,,,,accurate
2451,24510.0,24510.0,24531.299995422363,0,21.29999542236328,21.29999542236328,24550.0,False,1,0,False,0,0,False,False,48,False,True,risk_lstm,8,0.9460177421569824,0.23014427721500397,2.1504921913146973,0.8760969638824463,,,,,,accurate
2452,24520.0,24531.299995422363,24553.699993133545,0,22.39999771118164,33.69999313354492,24560.0,False,2,1,False,1,1,False,False,47,False,True,risk_lstm,8,0.9261929392814636,0.2994822561740875,2.060716390609741,0.8952025175094604,,,,,,accurate
2454,24540.0,24553.699993133545,24578.099994659424,0,24.400001525878906,38.09999465942383,24580.0,False,2,1,False,1,1,False,False,45,False,True,risk_lstm,8,0.9379249215126038,0.30795037746429443,2.13653826713562,0.873239278793335,,,,,,accurate
2455,24550.0,24578.099994659424,24603.599994659424,0,25.5,53.59999465942383,24590.0,True,3,2,False,1,1,False,False,44,False,False,risk_lstm,8,0.9304078221321106,0.26257285475730896,2.101423501968384,0.891006588935852,,,,,,accurate
2459,24590.0,24603.599994659424,24623.699996948242,0,20.10000228881836,33.69999694824219,24630.0,False,2,1,False,1,1,False,False,40,False,True,risk_lstm,8,0.921173632144928,0.3996201157569885,1.9355107545852661,0.9154098629951477,,,,,,accurate
2462,24620.0,24623.699996948242,24644.499996185303,0,20.799999237060547,24.499996185302734,24660.0,False,2,1,False,1,1,False,False,37,False,True,risk_lstm,8,0.9241470098495483,0.28895488381385803,2.107267379760742,0.8826059103012085,,,,,,accurate
2466,24660.0,24660.0,24679.800003051758,0,19.800003051757812,19.800003051757812,24700.0,False,1,0,False,1,1,False,False,33,False,True,risk_lstm,8,0.9209332466125488,0.2965747117996216,2.0789246559143066,0.8922182321548462,,,,,,accurate
2467,24670.0,24679.800003051758,24700.800003051758,0,21.0,30.800003051757812,24710.0,False,2,1,False,0,0,False,False,32,False,True,risk_lstm,8,0.9194319844245911,0.3910582661628723,2.1062774658203125,0.8704223036766052,,,,,,accurate
2471,24710.0,24710.0,24729.5,0,19.5,19.5,24750.0,False,1,0,False,0,0,False,False,28,False,True,risk_lstm,8,0.9263203740119934,0.357199102640152,2.0147626399993896,0.8963563442230225,,,,,,accurate
2473,24730.0,24730.0,24749.199996948242,0,19.199996948242188,19.199996948242188,24770.0,False,1,0,False,0,0,False,False,26,False,True,risk_lstm,8,0.9218196868896484,0.3130809962749481,1.9763867855072021,0.9192731976509094,,,,,,accurate
2474,24740.0,24749.199996948242,24771.199996948242,0,22.0,31.199996948242188,24780.0,False,2,1,False,1,1,False,False,25,False,True,risk_lstm,8,0.9371734857559204,0.280415803194046,2.127687692642212,0.8762012720108032,,,,,,accurate
2480,24800.0,24800.0,24818.900005340576,0,18.900005340576172,18.900005340576172,24840.0,False,1,0,False,0,0,False,False,19,False,True,risk_lstm,8,0.9457807540893555,0.2671032249927521,2.0693230628967285,0.9048887491226196,,,,,,accurate
2486,24860.0,24860.0,24882.29999923706,0,22.299999237060547,22.299999237060547,24900.0,False,1,0,False,1,1,False,False,13,False,True,risk_lstm,8,0.9519661664962769,0.17714494466781616,2.077605962753296,0.9179350137710571,,,,,,accurate
2488,24880.0,24882.29999923706,24899.799995422363,0,17.499996185302734,19.79999542236328,24920.0,False,2,1,False,0,0,False,False,11,False,True,risk_lstm,8,0.9531472325325012,0.14907206594944,2.0036895275115967,0.9158837795257568,,,,,,accurate
2489,24890.0,24899.799995422363,24922.39999771118,0,22.60000228881836,32.39999771118164,24930.0,False,2,1,False,0,0,False,False,10,False,True,risk_lstm,8,0.952400267124176,0.2127009630203247,2.1477699279785156,0.8803242444992065,,,,,,accurate
2490,24900.0,24922.39999771118,24947.5,0,25.10000228881836,47.5,24940.0,True,2,1,False,1,1,False,False,9,False,False,risk_lstm,8,0.9503732323646545,0.2115703970193863,2.1443073749542236,0.8680537343025208,,,,,,accurate
2493,24930.0,24947.5,24967.59999847412,0,20.099998474121094,37.599998474121094,24970.0,False,2,1,False,0,0,False,False,6,False,True,risk_lstm,8,0.9144806861877441,0.2649390995502472,2.029883623123169,0.9017200469970703,,,,,,accurate
2495,24950.0,24967.59999847412,24999.39999771118,0,31.799999237060547,49.39999771118164,24990.0,True,2,1,False,1,1,False,False,4,False,False,risk_lstm,8,0.9056295156478882,0.2680724859237671,2.156376838684082,0.8860809206962585,,,,,,accurate
2497,24970.0,24999.39999771118,25026.70000076294,0,27.300003051757812,56.70000076293945,25010.0,True,2,1,False,0,0,False,False,2,True,False,risk_lstm,8,0.9273656010627747,0.28434622287750244,2.1764485836029053,0.8841342926025391,,,,,,accurate
2502,25020.0,25026.70000076294,25050.20000076294,0,23.5,30.200000762939453,25060.0,False,2,1,False,1,1,False,False,97,False,True,risk_lstm,8,0.9236600995063782,0.2378108948469162,1.9374240636825562,0.924248218536377,,,,,,accurate
2503,25030.0,25050.20000076294,25070.70000076294,0,20.5,40.70000076293945,25070.0,True,2,1,False,1,1,False,False,96,False,False,risk_lstm,8,0.9380645751953125,0.24670106172561646,2.1264429092407227,0.8797675371170044,,,,,,accurate
2506,25060.0,25070.70000076294,25092.70000076294,0,22.0,32.70000076293945,25100.0,False,2,1,False,0,0,False,False,93,False,True,risk_lstm,8,0.9460679888725281,0.28492167592048645,2.0870556831359863,0.8845831155776978,,,,,,accurate
2508,25080.0,25092.70000076294,25111.40000152588,0,18.700000762939453,31.400001525878906,25120.0,False,2,1,False,1,1,False,False,91,False,True,risk_lstm,8,0.947568953037262,0.26008108258247375,2.0156948566436768,0.9088236689567566,,,,,,accurate
2510,25100.0,25111.40000152588,25134.000003814697,0,22.60000228881836,34.000003814697266,25140.0,False,2,1,False,0,0,False,False,89,False,True,risk_lstm,8,0.9493833780288696,0.28282788395881653,2.095705270767212,0.8785122036933899,,,,,,accurate
2514,25140.0,25140.0,25158.90000152588,0,18.900001525878906,18.900001525878906,25180.0,False,1,0,False,0,0,False,False,85,False,True,risk_lstm,8,0.9107847213745117,0.30451226234436035,1.927297592163086,0.9228764176368713,,,,,,accurate
2515,25150.0,25158.90000152588,25180.60000228882,0,21.700000762939453,30.60000228881836,25190.0,False,2,1,False,1,1,False,False,84,False,True,risk_lstm,8,0.9465431571006775,0.22643522918224335,2.1525673866271973,0.8713072538375854,,,,,,accurate
2516,25160.0,25180.60000228882,25203.800003051758,0,23.200000762939453,43.80000305175781,25200.0,True,2,1,False,0,0,False,False,83,False,False,risk_lstm,8,0.9389445781707764,0.2707098424434662,2.1731786727905273,0.8770132660865784,,,,,,accurate
2517,25170.0,25203.800003051758,25232.000003814697,0,28.200000762939453,62.000003814697266,25210.0,True,3,2,False,0,0,False,False,82,False,False,risk_lstm,8,0.9064933657646179,0.3130958676338196,2.1978957653045654,0.8825680613517761,,,,,,accurate
2519,25190.0,25232.000003814697,25255.800003051758,0,23.799999237060547,65.80000305175781,25230.0,True,3,2,False,0,0,False,False,80,False,False,risk_lstm,8,0.9186260104179382,0.3449993133544922,2.2085630893707275,0.8781195878982544,,,,,,accurate
2521,25210.0,25255.800003051758,25279.20000076294,0,23.39999771118164,69.20000076293945,25250.0,True,3,2,False,0,0,False,False,78,False,False,risk_lstm,8,0.9130268692970276,0.38219141960144043,2.1255428791046143,0.8866015672683716,,,,,,accurate
2522,25220.0,25279.20000076294,25298.70000076294,0,19.5,78.70000076293945,25260.0,True,4,3,False,1,1,False,False,77,False,False,risk_lstm,8,0.9277026057243347,0.4007660448551178,2.0786027908325195,0.8856013417243958,,,,,,accurate
2525,25250.0,25298.70000076294,25320.300003051758,0,21.60000228881836,70.30000305175781,25290.0,True,4,3,False,0,0,False,False,74,False,False,risk_lstm,8,0.9318584203720093,0.3565289378166199,2.1129705905914307,0.8698675632476807,,,,,,accurate
2527,25270.0,25320.300003051758,25347.000003814697,0,26.700000762939453,77.00000381469727,25310.0,True,4,3,False,1,1,False,False,72,False,False,risk_lstm,8,0.8638499975204468,0.4276081621646881,2.092284917831421,0.8805327415466309,,,,,,accurate
2529,25290.0,25347.000003814697,25376.900005340576,0,29.900001525878906,86.90000534057617,25330.0,True,4,3,False,0,0,False,False,70,False,False,risk_lstm,8,0.8860646486282349,0.4254278838634491,2.168018341064453,0.8754504323005676,,,,,,accurate
2531,25310.0,25376.900005340576,25399.60000228882,0,22.699996948242188,89.60000228881836,25350.0,True,4,3,False,1,1,False,False,68,False,False,risk_lstm,8,0.8990353941917419,0.4523397386074066,2.145886182785034,0.8764389157295227,,,,,,accurate
2532,25320.0,25399.60000228882,25425.700004577637,0,26.10000228881836,105.70000457763672,25360.0,True,5,4,False,1,1,False,False,67,False,False,risk_lstm,8,0.902065098285675,0.3767136335372925,2.2012603282928467,0.8712788820266724,,,,,,accurate
2533,25330.0,25425.700004577637,25446.000007629395,0,20.300003051757812,116.00000762939453,25370.0,True,5,4,False,0,0,False,False,66,False,False,risk_lstm,8,0.8939019441604614,0.4270120859146118,2.0873777866363525,0.889906108379364,,,,,,accurate
2534,25340.0,25446.000007629395,25463.500007629395,0,17.5,123.50000762939453,25380.0,True,6,5,True,0,0,False,False,65,False,False,risk_lstm,8,0.914841890335083,0.25591957569122314,2.0096845626831055,0.9258669018745422,,,,,,accurate
2535,25350.0,25463.500007629395,25485.500007629395,0,22.0,135.50000762939453,25390.0,True,6,5,True,0,0,False,False,64,False,False,risk_lstm,8,0.9331139922142029,0.3114302158355713,2.1947128772735596,0.8719865083694458,,,,,,accurate
2536,25360.0,25485.500007629395,25507.900009155273,0,22.400001525878906,147.90000915527344,25400.0,True,7,6,True,1,1,False,False,63,False,False,risk_lstm,8,0.8760635256767273,0.45231151580810547,2.07446551322937,0.8878574967384338,,,,,,accurate
2538,25380.0,25507.900009155273,25531.300010681152,0,23.400001525878906,151.30001068115234,25420.0,True,7,6,True,0,0,False,False,61,False,False,risk_lstm,8,0.9527328610420227,0.3207957148551941,2.19549822807312,0.8653207421302795,,,,,,accurate
2540,25400.0,25531.300010681152,25552.90001296997,0,21.60000228881836,152.9000129699707,25440.0,True,7,6,True,0,0,False,False,59,False,False,risk_lstm,8,0.9117222428321838,0.41763320565223694,2.132662057876587,0.8727367520332336,,,,,,accurate
2541,25410.0,25552.90001296997,25575.20001220703,0,22.299999237060547,165.20001220703125,25450.0,True,8,7,True,1,1,False,False,58,False,False,risk_lstm,8,0.9161519408226013,0.4005231559276581,2.1120455265045166,0.8771027326583862,,,,,,accurate
2543,25430.0,25575.20001220703,25603.10001373291,0,27.900001525878906,173.10001373291016,25470.0,True,8,7,True,1,1,False,False,56,False,False,risk_lstm,8,0.923578143119812,0.3989410400390625,2.0801143646240234,0.8724501132965088,,,,,,accurate
2552,25520.0,25603.10001373291,25627.80001449585,0,24.700000762939453,107.80001449584961,25560.0,True,5,4,False,1,1,False,False,47,False,False,risk_lstm,8,0.9195161461830139,0.41582879424095154,2.0910048484802246,0.8706260919570923,,,,,,accurate
2555,25550.0,25627.80001449585,25648.60001373291,0,20.799999237060547,98.60001373291016,25590.0,True,5,4,False,0,0,False,False,44,False,False,risk_lstm,8,0.9130958318710327,0.4405808448791504,2.0418546199798584,0.8769007325172424,,,,,,accurate
2557,25570.0,25648.60001373291,25667.20001602173,0,18.60000228881836,97.20001602172852,25610.0,True,5,4,False,0,0,False,False,42,False,False,risk_lstm,8,0.9470264911651611,0.3275095224380493,2.071580171585083,0.9151648879051208,,,,,,accurate
2560,25600.0,25667.20001602173,25686.00001525879,0,18.799999237060547,86.00001525878906,25640.0,True,5,4,False,0,0,False,False,39,False,False,risk_lstm,8,0.9269686341285706,0.3063846528530121,2.0677449703216553,0.9003077149391174,,,,,,accurate
2566,25660.0,25686.00001525879,25709.10001373291,0,23.099998474121094,49.100013732910156,25700.0,True,3,2,False,0,0,False,False,33,False,False,risk_lstm,8,0.9394621849060059,0.31809812784194946,2.1267752647399902,0.86471027135849,,,,,,accurate
2570,25700.0,25709.10001373291,25748.20001220703,0,39.099998474121094,48.20001220703125,25740.0,True,2,1,False,1,1,False,False,29,False,False,risk_lstm,8,0.876921534538269,0.3433879315853119,1.9693098068237305,0.8839215040206909,,,,,,accurate
2571,25710.0,25748.20001220703,25773.60001373291,0,25.400001525878906,63.600013732910156,25750.0,True,2,1,False,0,0,False,False,28,False,False,risk_lstm,8,0.917452335357666,0.3076624274253845,2.226259469985962,0.8818130493164062,,,,,,accurate
2575,25750.0,25773.60001373291,25803.300010681152,0,29.699996948242188,53.300010681152344,25790.0,True,2,1,False,0,0,False,False,24,False,False,risk_lstm,8,0.8916404843330383,0.3054576814174652,2.205071210861206,0.8888440728187561,,,,,,accurate
2577,25770.0,25803.300010681152,25825.30001449585,0,22.000003814697266,55.30001449584961,25810.0,True,3,2,False,0,0,False,False,22,False,False,risk_lstm,8,0.9203699827194214,0.3285990357398987,2.2442972660064697,0.8792247772216797,,,,,,accurate
2578,25780.0,25825.30001449585,25844.70001220703,0,19.39999771118164,64.70001220703125,25820.0,True,3,2,False,0,0,False,False,21,False,False,risk_lstm,8,0.9240339994430542,0.2948780953884125,2.1123263835906982,0.8956963419914246,,,,,,accurate
2583,25830.0,25844.70001220703,25870.50001144409,0,25.799999237060547,40.5000114440918,25870.0,True,2,1,False,1,1,False,False,16,False,False,risk_lstm,8,0.9022405743598938,0.3869613707065582,2.1439218521118164,0.8850570321083069,,,,,,accurate
2584,25840.0,25870.50001144409,25896.00001525879,0,25.500003814697266,56.00001525878906,25880.0,True,3,2,False,1,1,False,False,15,False,False,risk_lstm,8,0.9206968545913696,0.346544086933136,2.121204376220703,0.8737999796867371,,,,,,accurate
2588,25880.0,25896.00001525879,25926.900016784668,0,30.900001525878906,46.90001678466797,25920.0,True,2,1,False,0,0,False,False,11,False,False,risk_lstm,8,0.9008424282073975,0.36947330832481384,2.1738226413726807,0.8772140145301819,,,,,,accurate
2591,25910.0,25926.900016784668,25949.900016784668,0,23.0,39.90001678466797,25950.0,False,2,1,False,0,0,False,False,8,False,True,risk_lstm,8,0.9429914951324463,0.32371786236763,2.047419786453247,0.9122572541236877,,,,,,accurate
2599,25990.0,25990.0,26012.5,0,22.5,22.5,26030.0,False,1,0,False,0,0,False,True,0,True,True,risk_lstm,8,0.9299877882003784,0.30862951278686523,1.9733890295028687,0.9210544228553772,,,,,,accurate
2600,26000.0,26012.5,26034.5,0,22.0,34.5,26040.0,False,2,1,False,0,0,False,False,99,False,True,risk_lstm,8,0.9296983480453491,0.294824481010437,2.141852617263794,0.8775513172149658,,,,,,accurate
2601,26010.0,26034.5,26053.40000152588,0,18.900001525878906,43.400001525878906,26050.0,True,3,2,False,0,0,False,False,98,False,False,risk_lstm,8,0.9417104721069336,0.2414230853319168,2.015746593475342,0.9130344390869141,,,,,,accurate
2603,26030.0,26053.40000152588,26075.29999923706,0,21.89999771118164,45.29999923706055,26070.0,True,3,2,False,0,0,False,False,96,False,False,risk_lstm,8,0.9431371688842773,0.2753492593765259,2.128593683242798,0.8779796957969666,,,,,,accurate
2604,26040.0,26075.29999923706,26091.59999847412,0,16.299999237060547,51.599998474121094,26080.0,True,3,2,False,0,0,False,False,95,False,False,risk_lstm,8,0.8740713596343994,0.17579418420791626,1.9767138957977295,0.9335963726043701,,,,,,accurate
2605,26050.0,26091.59999847412,26115.799995422363,0,24.199996948242188,65.79999542236328,26090.0,True,4,3,False,1,1,False,False,94,False,False,risk_lstm,8,0.9501399397850037,0.20499229431152344,2.175485849380493,0.8799745440483093,,,,,,accurate
2606,26060.0,26115.799995422363,26140.89999771118,0,25.10000228881836,80.89999771118164,26100.0,True,4,3,False,0,0,False,False,93,False,False,risk_lstm,8,0.9094306230545044,0.23977524042129517,2.1861424446105957,0.8963750004768372,,,,,,accurate
2608,26080.0,26140.89999771118,26164.699996948242,0,23.799999237060547,84.69999694824219,26120.0,True,4,3,False,0,0,False,False,91,False,False,risk_lstm,8,0.9454898238182068,0.2801799178123474,2.1962931156158447,0.8848939538002014,,,,,,accurate
2610,26100.0,26164.699996948242,26187.0,0,22.300003051757812,87.0,26140.0,True,4,3,False,0,0,False,False,89,False,False,risk_lstm,8,0.9321428537368774,0.3135395050048828,2.2205564975738525,0.8793078064918518,,,,,,accurate
2614,26140.0,26187.0,26209.699996948242,0,22.699996948242188,69.69999694824219,26180.0,True,4,3,False,0,0,False,False,85,False,False,risk_lstm,8,0.9150439500808716,0.2897455394268036,2.0885069370269775,0.8989367485046387,,,,,,accurate
2616,26160.0,26209.699996948242,26231.89999771118,0,22.200000762939453,71.89999771118164,26200.0,True,4,3,False,0,0,False,False,83,False,False,risk_lstm,8,0.9208940267562866,0.37084436416625977,2.12026047706604,0.8784781694412231,,,,,,accurate
2619,26190.0,26231.89999771118,26253.5,0,21.60000228881836,63.5,26230.0,True,3,2,False,0,0,False,False,80,False,False,risk_lstm,8,0.9296512007713318,0.357994943857193,2.1076090335845947,0.8773530721664429,,,,,,accurate
2622,26220.0,26253.5,26292.70000076294,0,39.20000076293945,72.70000076293945,26260.0,True,3,2,False,1,1,False,False,77,False,False,risk_lstm,8,0.8924869298934937,0.4035906493663788,2.177556276321411,0.874643862247467,,,,,,accurate
2623,26230.0,26292.70000076294,26323.60000228882,0,30.900001525878906,93.60000228881836,26270.0,True,4,3,False,1,1,False,False,76,False,False,risk_lstm,8,0.8535159230232239,0.3906056880950928,2.02944016456604,0.8875545263290405,,,,,,accurate
2624,26240.0,26323.60000228882,26346.40000152588,0,22.799999237060547,106.4000015258789,26280.0,True,4,3,False,1,1,False,False,75,False,False,risk_lstm,8,0.9011905789375305,0.39680761098861694,2.199526071548462,0.8739612698554993,,,,,,accurate
2626,26260.0,26346.40000152588,26368.40000152588,0,22.0,108.4000015258789,26300.0,True,4,3,False,1,1,False,False,73,False,False,risk_lstm,8,0.9040496349334717,0.3780306279659271,2.0492348670959473,0.9031676650047302,,,,,,accurate
2627,26270.0,26368.40000152588,26389.20000076294,0,20.799999237060547,119.20000076293945,26310.0,True,5,4,False,1,1,False,False,72,False,False,risk_lstm,8,0.9236887693405151,0.353484183549881,2.1151492595672607,0.8809791803359985,,,,,,accurate
2628,26280.0,26389.20000076294,26415.0,0,25.799999237060547,135.0,26320.0,True,6,5,True,0,0,False,False,71,False,False,risk_lstm,8,0.9205729961395264,0.39082854986190796,2.1572508811950684,0.8664472699165344,,,,,,accurate
2629,26290.0,26415.0,26439.29999923706,0,24.299999237060547,149.29999923706055,26330.0,True,7,6,True,0,0,False,False,70,False,False,risk_lstm,8,0.8715497255325317,0.40102389454841614,2.1464319229125977,0.8838998079299927,,,,,,accurate
2635,26350.0,26439.29999923706,26457.70000076294,0,18.400001525878906,107.70000076293945,26390.0,True,5,4,False,0,0,False,False,64,False,False,risk_lstm,8,0.933720052242279,0.3062143623828888,2.038445472717285,0.907158613204956,,,,,,accurate
2636,26360.0,26457.70000076294,26475.79999923706,0,18.099998474121094,115.79999923706055,26400.0,True,6,5,True,0,0,False,False,63,False,False,risk_lstm,8,0.9639126658439636,0.19936837255954742,2.121760368347168,0.9141888618469238,,,,,,accurate
2638,26380.0,26475.79999923706,26501.29999923706,0,25.5,121.29999923706055,26420.0,True,6,5,True,1,1,False,False,61,False,False,risk_lstm,8,0.9415470361709595,0.3019523322582245,2.2030160427093506,0.872943103313446,,,,,,accurate
2639,26390.0,26501.29999923706,26525.39999771118,0,24.099998474121094,135.39999771118164,26430.0,True,6,5,True,1,1,False,False,60,False,False,risk_lstm,8,0.9336705803871155,0.2826268970966339,2.2220938205718994,0.8783172965049744,,,,,,accurate
2644,26440.0,26525.39999771118,26547.499996185303,0,22.099998474121094,107.49999618530273,26480.0,True,5,4,False,0,0,False,False,55,False,False,risk_lstm,8,0.9239439368247986,0.3676273226737976,2.115076780319214,0.8857290744781494,,,,,,accurate
2646,26460.0,26547.499996185303,26573.199993133545,0,25.699996948242188,113.19999313354492,26500.0,True,5,4,False,1,1,False,False,53,False,False,risk_lstm,8,0.9177994728088379,0.3288954496383667,2.218961715698242,0.8738887906074524,,,,,,accurate
2648,26480.0,26573.199993133545,26598.199993133545,0,25.0,118.19999313354492,26520.0,True,5,4,False,0,0,False,False,51,False,False,risk_lstm,8,0.9127668738365173,0.35506895184516907,2.2539258003234863,0.8766683340072632,,,,,,accurate
2651,26510.0,26598.199993133545,26623.299991607666,0,25.099998474121094,113.29999160766602,26550.0,True,5,4,False,0,0,False,False,48,False,False,risk_lstm,8,0.8973598480224609,0.366095632314682,2.2084810733795166,0.8815474510192871,,,,,,accurate
2658,26580.0,26623.299991607666,26643.799991607666,0,20.5,63.799991607666016,26620.0,True,3,2,False,0,0,False,False,41,False,False,risk_lstm,8,0.920031726360321,0.3936939239501953,2.2001736164093018,0.8683839440345764,,,,,,accurate
2661,26610.0,26643.799991607666,26674.899990081787,0,31.099998474121094,64.89999008178711,26650.0,True,3,2,False,0,0,False,False,38,False,False,risk_lstm,8,0.8705316185951233,0.44043830037117004,2.135651111602783,0.8767374157905579,,,,,,accurate
2665,26650.0,26674.899990081787,26694.599990844727,0,19.700000762939453,44.59999084472656,26690.0,True,2,1,False,0,0,False,False,34,False,False,risk_lstm,8,0.9085760116577148,0.4457134008407593,2.053485155105591,0.8905938863754272,,,,,,accurate
2667,26670.0,26694.599990844727,26713.499992370605,0,18.900001525878906,43.49999237060547,26710.0,True,3,2,False,0,0,False,False,32,False,False,risk_lstm,8,0.9369842410087585,0.4184691905975342,2.00722336769104,0.8938407897949219,,,,,,accurate
2668,26680.0,26713.499992370605,26734.799991607666,0,21.299999237060547,54.799991607666016,26720.0,True,3,2,False,0,0,False,False,31,False,False,risk_lstm,8,0.9097782969474792,0.40520593523979187,2.123964548110962,0.8767489790916443,,,,,,accurate
2669,26690.0,26734.799991607666,26761.799991607666,0,27.0,71.79999160766602,26730.0,True,4,3,False,0,0,False,False,30,False,False,risk_lstm,8,0.911981463432312,0.4295554459095001,2.1157596111297607,0.873128354549408,,,,,,accurate
2670,26700.0,26761.799991607666,26783.799991607666,0,22.0,83.79999160766602,26740.0,True,4,3,False,0,0,False,False,29,False,False,risk_lstm,8,0.9193026423454285,0.3850764334201813,2.1734116077423096,0.86751389503479,,,,,,accurate
2671,26710.0,26783.799991607666,26801.199993133545,0,17.400001525878906,91.19999313354492,26750.0,True,5,4,False,1,1,False,False,28,False,False,risk_lstm,8,0.9231019616127014,0.23057608306407928,1.9912457466125488,0.9238165616989136,,,,,,accurate
2675,26750.0,26801.199993133545,26822.799991607666,0,21.599998474121094,72.79999160766602,26790.0,True,4,3,False,0,0,False,False,24,False,False,risk_lstm,8,0.928860604763031,0.3382124602794647,2.11114764213562,0.8850093483924866,,,,,,accurate
2676,26760.0,26822.799991607666,26842.99998855591,0,20.199996948242188,82.9999885559082,26800.0,True,5,4,False,1,1,False,False,23,False,False,risk_lstm,8,0.8963419795036316,0.3909724950790405,2.0734100341796875,0.8915252685546875,,,,,,accurate
2678,26780.0,26842.99998855591,26865.699993133545,0,22.70000457763672,85.69999313354492,26820.0,True,5,4,False,0,0,False,False,21,False,False,risk_lstm,8,0.9114978909492493,0.37444260716438293,2.1341676712036133,0.8754087686538696,,,,,,accurate
2682,26820.0,26865.699993133545,26891.199996948242,0,25.500003814697266,71.19999694824219,26860.0,True,4,3,False,1,1,False,False,17,False,False,risk_lstm,8,0.9044802784919739,0.40655457973480225,2.1283376216888428,0.8738110661506653,,,,,,accurate
2685,26850.0,26891.199996948242,26915.999996185303,0,24.799999237060547,65.99999618530273,26890.0,True,3,2,False,0,0,False,False,14,False,False,risk_lstm,8,0.8995764255523682,0.434563010931015,2.139338254928589,0.874213457107544,,,,,,accurate
2686,26860.0,26915.999996185303,26944.799995422363,0,28.799999237060547,84.79999542236328,26900.0,True,4,3,False,1,1,False,False,13,False,False,risk_lstm,8,0.885092556476593,0.4297371208667755,2.167893409729004,0.879561185836792,,,,,,accurate
2692,26920.0,26944.799995422363,26966.399993896484,0,21.599998474121094,46.399993896484375,26960.0,True,2,1,False,0,0,False,False,7,False,False,risk_lstm,8,0.8744744658470154,0.4004809558391571,2.0608198642730713,0.8961784839630127,,,,,,accurate
2693,26930.0,26966.399993896484,26989.599994659424,0,23.200000762939453,59.59999465942383,26970.0,True,3,2,False,0,0,False,False,6,False,False,risk_lstm,8,0.9151075482368469,0.4308707118034363,2.1571316719055176,0.8631302714347839,,,,,,accurate
2694,26940.0,26989.599994659424,27008.899990081787,0,19.29999542236328,68.89999008178711,26980.0,True,4,3,False,1,1,False,False,5,False,False,risk_lstm,8,0.9153698682785034,0.3541163206100464,1.9300607442855835,0.9189233779907227,,,,,,accurate
2701,27010.0,27010.0,27036.699996948242,0,26.699996948242188,26.699996948242188,27050.0,False,1,0,False,1,1,False,False,98,False,True,risk_lstm,8,0.9332749843597412,0.35572347044944763,2.2144243717193604,0.8634037375450134,,,,,,accurate
2705,27050.0,27050.0,27120.699996948242,0,70.69999694824219,70.69999694824219,27090.0,True,1,0,False,1,1,False,False,94,False,False,risk_lstm,8,0.9161112308502197,0.378182977437973,2.1290485858917236,0.8764109015464783,,,,,,accurate
2710,27100.0,27120.699996948242,27153.099994659424,0,32.39999771118164,53.09999465942383,27140.0,True,2,1,False,0,0,False,False,89,False,False,risk_lstm,8,0.931474506855011,0.35448822379112244,2.1964499950408936,0.8672972917556763,,,,,,accurate
2711,27110.0,27153.099994659424,27194.599994659424,0,41.5,84.59999465942383,27150.0,True,3,2,False,0,0,False,False,88,False,False,risk_lstm,8,0.8942387700080872,0.429092139005661,2.1122896671295166,0.8815109729766846,,,,,,accurate
2715,27150.0,27194.599994659424,27223.599994659424,0,29.0,73.59999465942383,27190.0,True,3,2,False,0,0,False,False,84,False,False,risk_lstm,8,0.8662504553794861,0.38951021432876587,2.1298282146453857,0.8894547820091248,,,,,,accurate
2717,27170.0,27223.599994659424,27245.599994659424,0,22.0,75.59999465942383,27210.0,True,3,2,False,0,0,False,False,82,False,False,risk_lstm,8,0.9056954979896545,0.39527401328086853,2.1692566871643066,0.8748465776443481,,,,,,accurate
2720,27200.0,27245.599994659424,27279.799995422363,0,34.20000076293945,79.79999542236328,27240.0,True,3,2,False,0,0,False,False,79,False,False,risk_lstm,8,0.9437883496284485,0.3566734492778778,2.056891679763794,0.8950878977775574,,,,,,accurate
2724,27240.0,27279.799995422363,27300.799995422363,0,21.0,60.79999542236328,27280.0,True,3,2,False,0,0,False,False,75,False,False,risk_lstm,8,0.8978838920593262,0.4123660624027252,2.0078513622283936,0.9013307690620422,,,,,,accurate
2729,27290.0,27300.799995422363,27326.799991607666,0,25.999996185302734,36.799991607666016,27330.0,False,2,1,False,1,1,False,False,70,False,True,risk_lstm,8,0.9311040639877319,0.3568427562713623,2.0854859352111816,0.8730840086936951,,,,,,accurate
2732,27320.0,27326.799991607666,27351.299991607666,0,24.5,31.299991607666016,27360.0,False,2,1,False,1,1,False,False,67,False,True,risk_lstm,8,0.9259330630302429,0.34079474210739136,2.1267764568328857,0.8616177439689636,,,,,,accurate
2734,27340.0,27351.299991607666,27368.899990081787,0,17.599998474121094,28.89999008178711,27380.0,False,2,1,False,0,0,False,False,65,False,True,risk_lstm,8,0.9196997284889221,0.24043065309524536,1.929951786994934,0.9235160946846008,,,,,,accurate
2735,27350.0,27368.899990081787,27401.499992370605,0,32.60000228881836,51.49999237060547,27390.0,True,3,2,False,1,1,False,False,64,False,False,risk_lstm,8,0.8835395574569702,0.31657519936561584,1.92048978805542,0.8889997601509094,,,,,,accurate
2737,27370.0,27401.499992370605,27424.599990844727,0,23.099998474121094,54.59999084472656,27410.0,True,2,1,False,1,1,False,False,62,False,False,risk_lstm,8,0.9344379305839539,0.27435919642448425,2.1229641437530518,0.8870242834091187,,,,,,accurate
2742,27420.0,27424.599990844727,27447.49998855591,0,22.89999771118164,27.499988555908203,27460.0,False,2,1,False,0,0,False,False,57,False,True,risk_lstm,8,0.9336327314376831,0.274213045835495,2.151624917984009,0.8809210658073425,,,,,,accurate
2745,27450.0,27450.0,27489.59999847412,0,39.599998474121094,39.599998474121094,27490.0,False,1,0,False,1,1,False,False,54,False,True,risk_lstm,8,0.9094704389572144,0.30194947123527527,2.1929514408111572,0.882135272026062,,,,,,accurate
2750,27500.0,27500.0,27528.600006103516,0,28.600006103515625,28.600006103515625,27540.0,False,1,0,False,1,1,False,False,49,False,True,risk_lstm,8,0.9319382309913635,0.26597389578819275,2.1086931228637695,0.8885771632194519,,,,,,accurate
2751,27510.0,27528.600006103516,27561.300006866455,0,32.70000076293945,51.30000686645508,27550.0,True,2,1,False,0,0,False,False,48,False,False,risk_lstm,8,0.9396840333938599,0.29120537638664246,2.114832878112793,0.8805262446403503,,,,,,accurate
2752,27520.0,27561.300006866455,27586.300006866455,0,25.0,66.30000686645508,27560.0,True,3,2,False,0,0,False,False,47,False,False,risk_lstm,8,0.9246296286582947,0.320150762796402,2.185929298400879,0.8764826655387878,,,,,,accurate
2761,27610.0,27610.0,27639.39999771118,0,29.39999771118164,29.39999771118164,27650.0,False,1,0,False,1,1,False,False,38,False,True,risk_lstm,8,0.8929668068885803,0.38001641631126404,2.201016426086426,0.8765162825584412,,,,,,accurate
2765,27650.0,27650.0,27718.90000152588,0,68.9000015258789,68.9000015258789,27690.0,True,1,0,False,0,0,False,False,34,False,False,risk_lstm,8,0.9384685158729553,0.40154382586479187,2.1971452236175537,0.8614906072616577,,,,,,accurate
2769,27690.0,27718.90000152588,27740.000003814697,0,21.10000228881836,50.000003814697266,27730.0,True,2,1,False,0,0,False,False,30,False,False,risk_lstm,8,0.8913142681121826,0.40921324491500854,2.0181758403778076,0.8941291570663452,,,,,,accurate
2771,27710.0,27740.000003814697,27768.000007629395,0,28.000003814697266,58.00000762939453,27750.0,True,3,2,False,0,0,False,False,28,False,False,risk_lstm,8,0.8828572630882263,0.39326101541519165,2.166999340057373,0.8797284960746765,,,,,,accurate
2772,27720.0,27768.000007629395,27794.200008392334,0,26.200000762939453,74.20000839233398,27760.0,True,3,2,False,0,0,False,False,27,False,False,risk_lstm,8,0.8993760347366333,0.39995139837265015,2.1887381076812744,0.8752593994140625,,,,,,accurate
2778,27780.0,27794.200008392334,27818.300010681152,0,24.10000228881836,38.300010681152344,27820.0,False,2,1,False,0,0,False,False,21,False,True,risk_lstm,8,0.9094818830490112,0.39959022402763367,2.1832540035247803,0.8685204386711121,,,,,,accurate
2781,27810.0,27818.300010681152,27852.70001220703,0,34.400001525878906,42.70001220703125,27850.0,True,2,1,False,1,1,False,False,18,False,False,risk_lstm,8,0.859268307685852,0.39474353194236755,2.1019983291625977,0.8841930031776428,,,,,,accurate
2782,27820.0,27852.70001220703,27872.40001296997,0,19.700000762939453,52.4000129699707,27860.0,True,2,1,False,1,1,False,False,17,False,False,risk_lstm,8,0.9251545071601868,0.37353697419166565,2.0353686809539795,0.9008877277374268,,,,,,accurate
2786,27860.0,27872.40001296997,27898.90001296997,0,26.5,38.9000129699707,27900.0,False,2,1,False,1,1,False,False,13,False,True,risk_lstm,8,0.9091349244117737,0.38050663471221924,2.208650827407837,0.871107816696167,,,,,,accurate
2788,27880.0,27898.90001296997,27924.00001144409,0,25.099998474121094,44.0000114440918,27920.0,True,2,1,False,0,0,False,False,11,False,False,risk_lstm,8,0.9065483212471008,0.38347354531288147,2.2095141410827637,0.8757287263870239,,,,,,accurate
2790,27900.0,27924.00001144409,27957.60001373291,0,33.60000228881836,57.600013732910156,27940.0,True,2,1,False,1,1,False,False,9,False,False,risk_lstm,8,0.8349208235740662,0.39264583587646484,1.9375104904174805,0.8869299292564392,,,,,,accurate
2791,27910.0,27957.60001373291,27980.600009918213,0,22.999996185302734,70.60000991821289,27950.0,True,3,2,False,0,0,False,False,8,False,False,risk_lstm,8,0.8655362725257874,0.4525923728942871,2.066899061203003,0.8896605968475342,,,,,,accurate
2793,27930.0,27980.600009918213,28001.600009918213,0,21.0,71.60000991821289,27970.0,True,3,2,False,1,1,False,False,6,False,False,risk_lstm,8,0.9277289509773254,0.36576998233795166,2.109907388687134,0.8825278282165527,,,,,,accurate
2794,27940.0,28001.600009918213,28029.600006103516,0,27.999996185302734,89.60000610351562,27980.0,True,4,3,False,0,0,False,False,5,False,False,risk_lstm,8,0.8356433510780334,0.38743120431900024,1.9136567115783691,0.8868315815925598,,,,,,accurate
2796,27960.0,28029.600006103516,28049.600006103516,0,20.0,89.60000610351562,28000.0,True,4,3,False,0,0,False,False,3,False,False,risk_lstm,8,0.8876842260360718,0.4078177809715271,2.0489237308502197,0.8922131657600403,,,,,,accurate
2798,27980.0,28049.600006103516,28071.400005340576,0,21.799999237060547,91.40000534057617,28020.0,True,5,4,False,0,0,False,False,1,True,False,risk_lstm,8,0.8856220841407776,0.4292731285095215,2.1158254146575928,0.878110945224762,,,,,,accurate
2803,28030.0,28071.400005340576,28091.60000228882,0,20.199996948242188,61.60000228881836,28070.0,True,3,2,False,0,0,False,False,96,False,False,risk_lstm,8,0.8967649936676025,0.41497623920440674,1.9701063632965088,0.9047645926475525,,,,,,accurate
2805,28050.0,28091.60000228882,28112.0,0,20.39999771118164,62.0,28090.0,True,3,2,False,0,0,False,False,94,False,False,risk_lstm,8,0.9044765830039978,0.4431278109550476,1.9154952764511108,0.9038989543914795,,,,,,accurate
2806,28060.0,28112.0,28128.79999923706,0,16.799999237060547,68.79999923706055,28100.0,True,4,3,False,0,0,False,False,93,False,False,risk_lstm,8,0.8373571038246155,0.1939125955104828,1.9556478261947632,0.9364060163497925,,,,,,accurate
2810,28100.0,28128.79999923706,28156.0,0,27.200000762939453,56.0,28140.0,True,3,2,False,0,0,False,False,89,False,False,risk_lstm,8,0.9512213468551636,0.23368577659130096,2.1371679306030273,0.8758274912834167,,,,,,accurate
2814,28140.0,28156.0,28177.89999771118,0,21.89999771118164,37.89999771118164,28180.0,False,2,1,False,0,0,False,False,85,False,True,risk_lstm,8,0.9449774026870728,0.22522510588169098,2.0594394207000732,0.8981919288635254,,,,,,accurate
2819,28190.0,28190.0,28207.900005340576,0,17.900005340576172,17.900005340576172,28230.0,False,1,0,False,0,0,False,False,80,False,True,risk_lstm,8,0.930116593837738,0.216720849275589,1.9498753547668457,0.9286643266677856,,,,,,accurate
2820,28200.0,28207.900005340576,28232.300006866455,0,24.400001525878906,32.30000686645508,28240.0,False,2,1,False,0,0,False,False,79,False,True,risk_lstm,8,0.9516125917434692,0.20075419545173645,2.134735584259033,0.8790842890739441,,,,,,accurate
2822,28220.0,28232.300006866455,28265.400005340576,0,33.099998474121094,45.40000534057617,28260.0,True,2,1,False,0,0,False,False,77,False,False,risk_lstm,8,0.920261025428772,0.22889602184295654,2.1252236366271973,0.8761951923370361,,,,,,accurate
2827,28270.0,28270.0,28293.39999771118,0,23.39999771118164,23.39999771118164,28310.0,False,1,0,False,0,0,False,False,72,False,True,risk_lstm,8,0.944168210029602,0.22805537283420563,2.1916520595550537,0.8763183951377869,,,,,,accurate
2833,28330.0,28330.0,28356.60000228882,0,26.60000228881836,26.60000228881836,28370.0,False,1,0,False,1,1,False,False,66,False,True,risk_lstm,8,0.9339454174041748,0.24958910048007965,2.230637788772583,0.8792789578437805,,,,,,accurate
2838,28380.0,28380.0,28408.09999847412,0,28.099998474121094,28.099998474121094,28420.0,False,1,0,False,1,1,False,False,61,False,True,risk_lstm,8,0.9288234114646912,0.31275826692581177,2.2330739498138428,0.8750053644180298,,,,,,accurate
2844,28440.0,28440.0,28458.5,0,18.5,18.5,28480.0,False,1,0,False,0,0,False,False,55,False,True,risk_lstm,8,0.9155175685882568,0.31824347376823425,2.0869557857513428,0.9001210331916809,,,,,,accurate
2852,28520.0,28520.0,28542.09999847412,0,22.099998474121094,22.099998474121094,28560.0,False,1,0,False,0,0,False,False,47,False,True,risk_lstm,8,0.9223552346229553,0.383691668510437,2.114210367202759,0.8808174133300781,,,,,,accurate
2857,28570.0,28570.0,28594.90000152588,0,24.900001525878906,24.900001525878906,28610.0,False,1,0,False,0,0,False,False,42,False,True,risk_lstm,8,0.9211846590042114,0.34901192784309387,1.9906539916992188,0.911925733089447,,,,,,accurate
2861,28610.0,28610.0,28643.59999847412,0,33.599998474121094,33.599998474121094,28650.0,False,1,0,False,0,0,False,False,38,False,True,risk_lstm,8,0.9002697467803955,0.42750120162963867,2.030775547027588,0.8882457613945007,,,,,,accurate
2864,28640.0,28643.59999847412,28677.29999923706,0,33.70000076293945,37.29999923706055,28680.0,False,2,1,False,0,0,False,False,35,False,True,risk_lstm,8,0.8974105715751648,0.44583624601364136,1.955246090888977,0.8972489237785339,,,,,,accurate
2866,28660.0,28677.29999923706,28706.5,0,29.200000762939453,46.5,28700.0,True,2,1,False,0,0,False,False,33,False,False,risk_lstm,8,0.9041987657546997,0.18714766204357147,1.9739669561386108,0.9256904721260071,,,,,,accurate
2867,28670.0,28706.5,28732.09999847412,0,25.599998474121094,62.099998474121094,28710.0,True,3,2,False,0,0,False,False,32,False,False,risk_lstm,8,0.9181740283966064,0.16255119442939758,1.9629664421081543,0.928320050239563,,,,,,accurate
2871,28710.0,28732.09999847412,28767.09999847412,0,35.0,57.099998474121094,28750.0,True,2,1,False,0,0,False,False,28,False,False,risk_lstm,8,0.9436303973197937,0.21731850504875183,2.0164732933044434,0.9086970686912537,,,,,,accurate
2872,28720.0,28767.09999847412,28805.39999771118,0,38.29999923706055,85.39999771118164,28760.0,True,3,2,False,1,1,False,False,27,False,False,risk_lstm,8,0.9495224356651306,0.1947731226682663,2.121253252029419,0.8624163269996643,,,,,,accurate
2874,28740.0,28805.39999771118,28844.0,0,38.60000228881836,104.0,28780.0,True,3,2,False,0,0,False,False,25,False,False,risk_lstm,8,0.9478663802146912,0.21816135942935944,2.172790765762329,0.8742087483406067,,,,,,accurate
2881,28810.0,28844.0,28887.20000076294,0,43.20000076293945,77.20000076293945,28850.0,True,2,1,False,0,0,False,False,18,False,False,risk_lstm,8,0.9301509261131287,0.2718532383441925,2.1792163848876953,0.8823064565658569,,,,,,accurate
2884,28840.0,28887.20000076294,28925.300003051758,0,38.10000228881836,85.30000305175781,28880.0,True,3,2,False,0,0,False,False,15,False,False,risk_lstm,8,0.9097853899002075,0.29658791422843933,2.1024231910705566,0.8947283625602722,,,,,,accurate
2885,28850.0,28925.300003051758,28970.900005340576,0,45.60000228881836,120.90000534057617,28890.0,True,3,2,False,1,1,False,False,14,False,False,risk_lstm,8,0.8781685829162598,0.28420472145080566,2.160987615585327,0.8896871209144592,,,,,,accurate
2891,28910.0,28970.900005340576,28993.300006866455,0,22.400001525878906,83.30000686645508,28950.0,True,3,2,False,0,0,False,False,8,False,False,risk_lstm,8,0.9533390998840332,0.28005507588386536,2.0656309127807617,0.8936781287193298,,,,,,accurate
2895,28950.0,28993.300006866455,29016.100006103516,0,22.799999237060547,66.10000610351562,28990.0,True,3,2,False,0,0,False,False,4,False,False,risk_lstm,8,0.9098244905471802,0.4019675552845001,2.132024049758911,0.8778265714645386,,,,,,accurate
2900,29000.0,29016.100006103516,29038.100006103516,0,22.0,38.100006103515625,29040.0,False,2,1,False,0,0,False,False,99,False,True,risk_lstm,8,0.9199653267860413,0.3755131661891937,2.081906318664551,0.8857366442680359,,,,,,accurate
2901,29010.0,29038.100006103516,29063.60000228882,0,25.499996185302734,53.60000228881836,29050.0,True,3,2,False,0,0,False,False,98,False,False,risk_lstm,8,0.9340146780014038,0.3918323218822479,2.1095163822174072,0.8643208146095276,,,,,,accurate
2905,29050.0,29063.60000228882,29086.40000152588,0,22.799999237060547,36.400001525878906,29090.0,False,2,1,False,1,1,False,False,94,False,True,risk_lstm,8,0.917711615562439,0.40305787324905396,2.1431424617767334,0.8700607419013977,,,,,,accurate
2906,29060.0,29086.40000152588,29105.79999923706,0,19.39999771118164,45.79999923706055,29100.0,True,3,2,False,0,0,False,False,93,False,False,risk_lstm,8,0.9134648442268372,0.28227144479751587,1.9317535161972046,0.9263919591903687,,,,,,accurate
2908,29080.0,29105.79999923706,29127.40000152588,0,21.60000228881836,47.400001525878906,29120.0,True,3,2,False,0,0,False,False,91,False,False,risk_lstm,8,0.9095927476882935,0.3256482481956482,2.112020969390869,0.8832970261573792,,,,,,accurate
2909,29090.0,29127.40000152588,29143.70000076294,0,16.299999237060547,53.70000076293945,29130.0,True,3,2,False,0,0,False,False,90,False,False,risk_lstm,8,0.8627414703369141,0.14140848815441132,2.050539970397949,0.9175141453742981,,,,,,accurate
2911,29110.0,29143.70000076294,29166.70000076294,0,23.0,56.70000076293945,29150.0,True,3,2,False,1,1,False,False,88,False,False,risk_lstm,8,0.9485288262367249,0.23973755538463593,2.197617769241333,0.8828563690185547,,,,,,accurate
2913,29130.0,29166.70000076294,29189.29999923706,0,22.599998474121094,59.29999923706055,29170.0,True,3,2,False,0,0,False,False,86,False,False,risk_lstm,8,0.9408103823661804,0.2647900879383087,2.2133829593658447,0.885159969329834,,,,,,accurate
2915,29150.0,29189.29999923706,29209.199996948242,0,19.89999771118164,59.19999694824219,29190.0,True,3,2,False,0,0,False,False,84,False,False,risk_lstm,8,0.9185828566551208,0.3113895058631897,2.0195021629333496,0.91146320104599,,,,,,accurate
2916,29160.0,29209.199996948242,29234.09999847412,0,24.900001525878906,74.0999984741211,29200.0,True,4,3,False,0,0,False,False,83,False,False,risk_lstm,8,0.9193899035453796,0.2826754152774811,2.221529245376587,0.8803904056549072,,,,,,accurate
2919,29190.0,29234.09999847412,29253.999996185303,0,19.89999771118164,63.999996185302734,29230.0,True,3,2,False,1,1,False,False,80,False,False,risk_lstm,8,0.9391670227050781,0.2407793402671814,2.025883913040161,0.9117512106895447,,,,,,accurate
2920,29200.0,29253.999996185303,29281.699996948242,0,27.700000762939453,81.69999694824219,29240.0,True,4,3,False,1,1,False,False,79,False,False,risk_lstm,8,0.879205048084259,0.304897278547287,2.1557016372680664,0.8881869912147522,,,,,,accurate
2921,29210.0,29281.699996948242,29306.09999847412,0,24.400001525878906,96.0999984741211,29250.0,True,4,3,False,0,0,False,False,78,False,False,risk_lstm,8,0.9385169148445129,0.27902987599372864,2.197563409805298,0.8750943541526794,,,,,,accurate
2922,29220.0,29306.09999847412,29331.099994659424,0,24.999996185302734,111.09999465942383,29260.0,True,5,4,False,1,1,False,False,77,False,False,risk_lstm,8,0.9094831943511963,0.38926586508750916,2.168779134750366,0.8770163655281067,,,,,,accurate
2927,29270.0,29331.099994659424,29357.199996948242,0,26.10000228881836,87.19999694824219,29310.0,True,4,3,False,0,0,False,False,72,False,False,risk_lstm,8,0.9011465907096863,0.3613884449005127,2.2201411724090576,0.8761206269264221,,,,,,accurate
2929,29290.0,29357.199996948242,29387.999996185303,0,30.799999237060547,97.99999618530273,29330.0,True,4,3,False,1,1,False,False,70,False,False,risk_lstm,8,0.8941713571548462,0.31968703866004944,2.2058160305023193,0.8837133049964905,,,,,,accurate
2930,29300.0,29387.999996185303,29407.89999771118,0,19.900001525878906,107.89999771118164,29340.0,True,5,4,False,1,1,False,False,69,False,False,risk_lstm,8,0.9151415824890137,0.3889107406139374,2.0572712421417236,0.9004343748092651,,,,,,accurate
2931,29310.0,29407.89999771118,29428.699996948242,0,20.799999237060547,118.69999694824219,29350.0,True,5,4,False,0,0,False,False,68,False,False,risk_lstm,8,0.9354449510574341,0.23361510038375854,2.081421136856079,0.9153066873550415,,,,,,accurate
2933,29330.0,29428.699996948242,29445.199993133545,0,16.499996185302734,115.19999313354492,29370.0,True,6,5,True,0,0,False,False,66,False,False,risk_lstm,8,0.9159016609191895,0.19392971694469452,1.9657676219940186,0.9279272556304932,,,,,,accurate
2946,29460.0,29460.0,29485.09999847412,0,25.099998474121094,25.099998474121094,29500.0,False,1,0,False,0,0,False,False,53,False,True,risk_lstm,8,0.9238533973693848,0.2586519122123718,2.1617655754089355,0.8890020251274109,,,,,,accurate
2947,29470.0,29485.09999847412,29509.299995422363,0,24.199996948242188,39.29999542236328,29510.0,False,2,1,False,0,0,False,False,52,False,True,risk_lstm,8,0.9328029155731201,0.3089151382446289,2.108013153076172,0.891700267791748,,,,,,accurate
2953,29530.0,29530.0,29553.099994659424,0,23.099994659423828,23.099994659423828,29570.0,False,1,0,False,1,1,False,False,46,False,True,risk_lstm,8,0.9465237259864807,0.2374408096075058,2.1711816787719727,0.8778123259544373,,,,,,accurate
2956,29560.0,29560.0,29582.60000228882,0,22.60000228881836,22.60000228881836,29600.0,False,1,0,False,0,0,False,False,43,False,True,risk_lstm,8,0.9220216274261475,0.3049021065235138,2.148925542831421,0.884059488773346,,,,,,accurate
2959,29590.0,29590.0,29614.09999847412,0,24.099998474121094,24.099998474121094,29630.0,False,1,0,False,0,0,False,False,40,False,True,risk_lstm,8,0.9474974274635315,0.28862491250038147,2.174949884414673,0.8720791935920715,,,,,,accurate
2962,29620.0,29620.0,29645.5,0,25.5,25.5,29660.0,False,1,0,False,0,0,False,False,37,False,True,risk_lstm,8,0.8799150586128235,0.31182625889778137,2.1410529613494873,0.892936110496521,,,,,,accurate
2964,29640.0,29645.5,29683.39999771118,0,37.89999771118164,43.39999771118164,29680.0,True,2,1,False,1,1,False,False,35,False,False,risk_lstm,8,0.8621313571929932,0.3393480181694031,2.083063840866089,0.8926246762275696,,,,,,accurate
2965,29650.0,29683.39999771118,29702.999996185303,0,19.599998474121094,52.999996185302734,29690.0,True,2,1,False,0,0,False,False,34,False,False,risk_lstm,8,0.9195839166641235,0.37492212653160095,2.047517776489258,0.9056034088134766,,,,,,accurate
2966,29660.0,29702.999996185303,29722.599994659424,0,19.599998474121094,62.59999465942383,29700.0,True,3,2,False,0,0,False,False,33,False,False,risk_lstm,8,0.9187096357345581,0.37732136249542236,2.093555212020874,0.8883124589920044,,,,,,accurate
2969,29690.0,29722.599994659424,29741.599994659424,0,19.0,51.59999465942383,29730.0,True,3,2,False,1,1,False,False,30,False,False,risk_lstm,8,0.8887767195701599,0.4036574959754944,1.9614825248718262,0.9079129099845886,,,,,,accurate
2976,29760.0,29760.0,29782.300003051758,0,22.300003051757812,22.300003051757812,29800.0,False,1,0,False,1,1,False,False,23,False,True,risk_lstm,8,0.9240260720252991,0.32402554154396057,2.1393439769744873,0.8730550408363342,,,,,,accurate
2977,29770.0,29782.300003051758,29814.500003814697,0,32.20000076293945,44.500003814697266,29810.0,True,2,1,False,0,0,False,False,22,False,False,risk_lstm,8,0.8967098593711853,0.34725892543792725,2.1692731380462646,0.8825656175613403,,,,,,accurate
2978,29780.0,29814.500003814697,29838.500003814697,0,24.0,58.500003814697266,29820.0,True,3,2,False,0,0,False,False,21,False,False,risk_lstm,8,0.8980417251586914,0.3327203094959259,2.2084593772888184,0.881912112236023,,,,,,accurate
2979,29790.0,29838.500003814697,29863.90000152588,0,25.39999771118164,73.9000015258789,29830.0,True,3,2,False,1,1,False,False,20,False,False,risk_lstm,8,0.875789999961853,0.31183168292045593,2.1678054332733154,0.8909569978713989,,,,,,accurate
2984,29840.0,29863.90000152588,29886.09999847412,0,22.199996948242188,46.099998474121094,29880.0,True,2,1,False,1,1,False,False,15,False,False,risk_lstm,8,0.9189285039901733,0.3157460689544678,2.2418932914733887,0.8768327236175537,,,,,,accurate
2985,29850.0,29886.09999847412,29910.300003051758,0,24.20000457763672,60.30000305175781,29890.0,True,3,2,False,1,1,False,False,14,False,False,risk_lstm,8,0.935986340045929,0.38139837980270386,2.1743478775024414,0.8718979954719543,,,,,,accurate
2987,29870.0,29910.300003051758,29930.400005340576,0,20.10000228881836,60.40000534057617,29910.0,True,3,2,False,0,0,False,False,12,False,False,risk_lstm,8,0.9028325080871582,0.38475722074508667,2.0073089599609375,0.9096905589103699,,,,,,accurate
2989,29890.0,29930.400005340576,29958.200008392334,0,27.800003051757812,68.20000839233398,29930.0,True,3,2,False,1,1,False,False,10,False,False,risk_lstm,8,0.8542493581771851,0.373428612947464,2.1271800994873047,0.8870022892951965,,,,,,accurate
2991,29910.0,29958.200008392334,29978.500007629395,0,20.299999237060547,68.50000762939453,29950.0,True,4,3,False,0,0,False,False,8,False,False,risk_lstm,8,0.9191257357597351,0.38786303997039795,2.0465290546417236,0.8964646458625793,,,,,,accurate
2992,29920.0,29978.500007629395,30001.300006866455,0,22.799999237060547,81.30000686645508,29960.0,True,4,3,False,0,0,False,False,7,False,False,risk_lstm,8,0.9043744802474976,0.3678824007511139,2.1288211345672607,0.8785238862037659,,,,,,accurate
2993,29930.0,30001.300006866455,30022.500007629395,0,21.200000762939453,92.50000762939453,29970.0,True,5,4,False,1,1,False,False,6,False,False,risk_lstm,8,0.9126760363578796,0.3984360992908478,2.1353018283843994,0.8716062903404236,,,,,,accurate
2994,29940.0,30022.500007629395,30047.200008392334,0,24.700000762939453,107.20000839233398,29980.0,True,5,4,False,0,0,False,False,5,False,False,risk_lstm,8,0.8757227659225464,0.38767772912979126,2.146198034286499,0.8838139772415161,,,,,,accurate
2995,29950.0,30047.200008392334,30068.600009918213,0,21.400001525878906,118.60000991821289,29990.0,True,6,5,True,0,0,False,False,4,False,False,risk_lstm,8,0.9342048168182373,0.351718008518219,2.189401388168335,0.8606907725334167,,,,,,accurate
2998,29980.0,30068.600009918213,30096.600009918213,0,28.0,116.60000991821289,30020.0,True,5,4,False,1,1,False,False,1,True,False,risk_lstm,8,0.8695494532585144,0.34707188606262207,2.0294759273529053,0.8886541128158569,,,,,,accurate
2999,29990.0,30096.600009918213,30126.800010681152,0,30.200000762939453,136.80001068115234,30030.0,True,6,5,True,1,1,False,True,0,True,False,risk_lstm,8,0.9097732305526733,0.39160484075546265,2.1948959827423096,0.869746744632721,,,,,,accurate
3003,30030.0,30126.800010681152,30147.30001449585,0,20.500003814697266,117.30001449584961,30070.0,True,5,4,False,0,0,False,False,96,False,False,risk_lstm,8,0.8906061053276062,0.4007705748081207,2.0272576808929443,0.9049532413482666,,,,,,accurate
3004,30040.0,30147.30001449585,30173.60001373291,0,26.299999237060547,133.60001373291016,30080.0,True,6,5,True,0,0,False,False,95,False,False,risk_lstm,8,0.9268710017204285,0.3745959997177124,2.0671708583831787,0.8752414584159851,,,,,,accurate
3005,30050.0,30173.60001373291,30201.600017547607,0,28.000003814697266,151.60001754760742,30090.0,True,6,5,True,0,0,False,False,94,False,False,risk_lstm,8,0.9437810182571411,0.29939475655555725,1.97270667552948,0.9117024540901184,,,,,,accurate
3009,30090.0,30201.600017547607,30223.30001449585,0,21.699996948242188,133.3000144958496,30130.0,True,6,5,True,0,0,False,False,90,False,False,risk_lstm,8,0.9264967441558838,0.3367938697338104,2.119148015975952,0.8739008903503418,,,,,,accurate
3012,30120.0,30223.30001449585,30252.60001373291,0,29.299999237060547,132.60001373291016,30160.0,True,6,5,True,0,0,False,False,87,False,False,risk_lstm,8,0.9294988512992859,0.3216424584388733,2.1692774295806885,0.8699669241905212,,,,,,accurate
3019,30190.0,30252.60001373291,30279.40001296997,0,26.799999237060547,89.4000129699707,30230.0,True,4,3,False,0,0,False,False,80,False,False,risk_lstm,8,0.9013893008232117,0.34487831592559814,2.2036664485931396,0.8787865042686462,,,,,,accurate
3023,30230.0,30279.40001296997,30302.50001525879,0,23.10000228881836,72.50001525878906,30270.0,True,3,2,False,1,1,False,False,76,False,False,risk_lstm,8,0.9416329860687256,0.3248226046562195,2.14717698097229,0.8721269369125366,,,,,,accurate
3024,30240.0,30302.50001525879,30328.30001449585,0,25.799999237060547,88.30001449584961,30280.0,True,4,3,False,1,1,False,False,75,False,False,risk_lstm,8,0.9131014347076416,0.3713601529598236,2.0968892574310303,0.8820303678512573,,,,,,accurate
3025,30250.0,30328.30001449585,30351.10001373291,0,22.799999237060547,101.10001373291016,30290.0,True,5,4,False,0,0,False,False,74,False,False,risk_lstm,8,0.9107831716537476,0.3958590626716614,2.0540101528167725,0.888738751411438,,,,,,accurate
3026,30260.0,30351.10001373291,30378.00001525879,0,26.900001525878906,118.00001525878906,30300.0,True,5,4,False,0,0,False,False,73,False,False,risk_lstm,8,0.8940724730491638,0.36716699600219727,2.1429004669189453,0.8834326267242432,,,,,,accurate
3029,30290.0,30378.00001525879,30419.00001525879,0,41.0,129.00001525878906,30330.0,True,5,4,False,0,0,False,False,70,False,False,risk_lstm,8,0.8550674915313721,0.41587144136428833,2.087477445602417,0.886212170124054,,,,,,accurate
3034,30340.0,30419.00001525879,30438.60001373291,0,19.599998474121094,98.60001373291016,30380.0,True,4,3,False,0,0,False,False,65,False,False,risk_lstm,8,0.8743634819984436,0.44198060035705566,2.025268793106079,0.8970605731010437,,,,,,accurate
3038,30380.0,30438.60001373291,30458.70001220703,0,20.099998474121094,78.70001220703125,30420.0,True,3,2,False,0,0,False,False,61,False,False,risk_lstm,8,0.9053681492805481,0.40274178981781006,2.099774122238159,0.8829585909843445,,,,,,accurate
3040,30400.0,30458.70001220703,30484.70001220703,0,26.0,84.70001220703125,30440.0,True,4,3,False,1,1,False,False,59,False,False,risk_lstm,8,0.8939602375030518,0.36384445428848267,2.1672956943511963,0.8796932697296143,,,,,,accurate
3045,30450.0,30484.70001220703,30528.00001144409,0,43.29999923706055,78.0000114440918,30490.0,True,3,2,False,1,1,False,False,54,False,False,risk_lstm,8,0.8411940932273865,0.3754222095012665,1.9651058912277222,0.8864231705665588,,,,,,accurate
3046,30460.0,30528.00001144409,30553.90001296997,0,25.900001525878906,93.9000129699707,30500.0,True,3,2,False,0,0,False,False,53,False,False,risk_lstm,8,0.9081753492355347,0.38776203989982605,2.208522081375122,0.8757706880569458,,,,,,accurate
3049,30490.0,30553.90001296997,30582.70001602173,0,28.800003051757812,92.70001602172852,30530.0,True,3,2,False,0,0,False,False,50,False,False,risk_lstm,8,0.9173648357391357,0.37415874004364014,2.1901204586029053,0.8737939596176147,,,,,,accurate
3051,30510.0,30582.70001602173,30610.30001449585,0,27.599998474121094,100.30001449584961,30550.0,True,4,3,False,0,0,False,False,48,False,False,risk_lstm,8,0.8983139991760254,0.37169918417930603,2.187330961227417,0.8758292198181152,,,,,,accurate
3053,30530.0,30610.30001449585,30630.100017547607,0,19.800003051757812,100.10001754760742,30570.0,True,4,3,False,0,0,False,False,46,False,False,risk_lstm,8,0.907410204410553,0.38311678171157837,2.1025583744049072,0.8886946439743042,,,,,,accurate
3059,30590.0,30630.100017547607,30649.700019836426,0,19.60000228881836,59.70001983642578,30630.0,True,3,2,False,1,1,False,False,40,False,False,risk_lstm,8,0.9385154843330383,0.2949599027633667,1.981144905090332,0.9178634285926819,,,,,,accurate
3064,30640.0,30649.700019836426,30667.200019836426,0,17.5,27.20001983642578,30680.0,False,2,1,False,0,0,False,False,35,False,True,risk_lstm,8,0.8070652484893799,0.28869056701660156,1.8544092178344727,0.9452441334724426,,,,,,accurate
3070,30700.0,30700.0,30721.0,0,21.0,21.0,30740.0,False,1,0,False,1,1,False,False,29,False,True,risk_lstm,8,0.9343786835670471,0.2723955810070038,2.0917210578918457,0.8846469521522522,,,,,,accurate
3071,30710.0,30721.0,30746.59999847412,0,25.599998474121094,36.599998474121094,30750.0,False,2,1,False,0,0,False,False,28,False,True,risk_lstm,8,0.9442192316055298,0.25883999466896057,2.1875109672546387,0.8715081810951233,,,,,,accurate
3072,30720.0,30746.59999847412,30767.499996185303,0,20.89999771118164,47.499996185302734,30760.0,True,3,2,False,0,0,False,False,27,False,False,risk_lstm,8,0.9214364290237427,0.2663583755493164,2.129155397415161,0.8850070834159851,,,,,,accurate
3073,30730.0,30767.499996185303,30789.499996185303,0,22.0,59.499996185302734,30770.0,True,3,2,False,0,0,False,False,26,False,False,risk_lstm,8,0.9396343231201172,0.2840912938117981,2.134598970413208,0.8771048784255981,,,,,,accurate
3074,30740.0,30789.499996185303,30812.699993133545,0,23.199996948242188,72.69999313354492,30780.0,True,4,3,False,0,0,False,False,25,False,False,risk_lstm,8,0.9343869090080261,0.2892194390296936,2.162743330001831,0.8757631182670593,,,,,,accurate
3076,30760.0,30812.699993133545,30833.599994659424,0,20.900001525878906,73.59999465942383,30800.0,True,4,3,False,1,1,False,False,23,False,False,risk_lstm,8,0.91910320520401,0.3215145170688629,2.165672779083252,0.880447506904602,,,,,,accurate
3078,30780.0,30833.599994659424,30864.199993133545,0,30.599998474121094,84.19999313354492,30820.0,True,4,3,False,0,0,False,False,21,False,False,risk_lstm,8,0.9176293611526489,0.38047686219215393,2.1969521045684814,0.8692322373390198,,,,,,accurate
3084,30840.0,30864.199993133545,30885.699993133545,0,21.5,45.69999313354492,30880.0,True,2,1,False,0,0,False,False,15,False,False,risk_lstm,8,0.9005929231643677,0.4659862518310547,2.11116623878479,0.8736472725868225,,,,,,accurate
3086,30860.0,30885.699993133545,30913.099994659424,0,27.400001525878906,53.09999465942383,30900.0,True,3,2,False,1,1,False,False,13,False,False,risk_lstm,8,0.9106155633926392,0.42082154750823975,2.191190481185913,0.8631953001022339,,,,,,accurate
3088,30880.0,30913.099994659424,30936.499996185303,0,23.400001525878906,56.499996185302734,30920.0,True,3,2,False,0,0,False,False,11,False,False,risk_lstm,8,0.8906289935112,0.4295426607131958,2.1154696941375732,0.8768947124481201,,,,,,accurate
3089,30890.0,30936.499996185303,30955.39999771118,0,18.900001525878906,65.39999771118164,30930.0,True,3,2,False,1,1,False,False,10,False,False,risk_lstm,8,0.9231435060501099,0.37853020429611206,1.9914274215698242,0.8978132009506226,,,,,,accurate
3090,30900.0,30955.39999771118,30977.799995422363,0,22.39999771118164,77.79999542236328,30940.0,True,4,3,False,0,0,False,False,9,False,False,risk_lstm,8,0.9422902464866638,0.4150581657886505,2.0237696170806885,0.8741294741630554,,,,,,accurate
3094,30940.0,30977.799995422363,31000.899993896484,0,23.099998474121094,60.899993896484375,30980.0,True,3,2,False,1,1,False,False,5,False,False,risk_lstm,8,0.9086185097694397,0.40421900153160095,2.1357152462005615,0.8663080334663391,,,,,,accurate
3098,30980.0,31000.899993896484,31024.39999771118,0,23.500003814697266,44.39999771118164,31020.0,True,2,1,False,0,0,False,False,1,True,False,risk_lstm,8,0.8999127745628357,0.42169052362442017,2.1330292224884033,0.8733952641487122,,,,,,accurate
3101,31010.0,31024.39999771118,31046.299995422363,0,21.89999771118164,36.29999542236328,31050.0,False,2,1,False,0,0,False,False,98,False,True,risk_lstm,8,0.9055801630020142,0.42129775881767273,2.086879014968872,0.8814039826393127,,,,,,accurate
3103,31030.0,31046.299995422363,31067.899993896484,0,21.599998474121094,37.899993896484375,31070.0,False,2,1,False,0,0,False,False,96,False,True,risk_lstm,8,0.9174960851669312,0.3926107883453369,2.114229917526245,0.8674948811531067,,,,,,accurate
3104,31040.0,31067.899993896484,31090.699993133545,0,22.799999237060547,50.69999313354492,31080.0,True,3,2,False,0,0,False,False,95,False,False,risk_lstm,8,0.9145992994308472,0.3888435661792755,2.169158935546875,0.8665202856063843,,,,,,accurate
3105,31050.0,31090.699993133545,31118.599994659424,0,27.900001525878906,68.59999465942383,31090.0,True,3,2,False,0,0,False,False,94,False,False,risk_lstm,8,0.8863789439201355,0.3725759983062744,2.1930086612701416,0.8792018294334412,,,,,,accurate
3108,31080.0,31118.599994659424,31151.999996185303,0,33.400001525878906,71.99999618530273,31120.0,True,3,2,False,0,0,False,False,91,False,False,risk_lstm,8,0.8566910028457642,0.4968896210193634,2.0598838329315186,0.8824052810668945,,,,,,accurate
3109,31090.0,31151.999996185303,31175.20000076294,0,23.20000457763672,85.20000076293945,31130.0,True,4,3,False,0,0,False,False,90,False,False,risk_lstm,8,0.9079322218894958,0.4003542363643646,2.1972100734710693,0.866157054901123,,,,,,accurate
3113,31130.0,31175.20000076294,31197.20000076294,0,22.0,67.20000076293945,31170.0,True,3,2,False,1,1,False,False,86,False,False,risk_lstm,8,0.899871826171875,0.45490291714668274,2.1104416847229004,0.8774909377098083,,,,,,accurate
3114,31140.0,31197.20000076294,31219.000003814697,0,21.800003051757812,79.00000381469727,31180.0,True,4,3,False,0,0,False,False,85,False,False,risk_lstm,8,0.9101078510284424,0.4597887098789215,2.1399121284484863,0.8698486089706421,,,,,,accurate
3116,31160.0,31219.000003814697,31238.200004577637,0,19.200000762939453,78.20000457763672,31200.0,True,4,3,False,1,1,False,False,83,False,False,risk_lstm,8,0.922343373298645,0.4094209671020508,2.067504644393921,0.8795231580734253,,,,,,accurate
3117,31170.0,31238.200004577637,31264.500003814697,0,26.299999237060547,94.50000381469727,31210.0,True,5,4,False,0,0,False,False,82,False,False,risk_lstm,8,0.8931008577346802,0.4729287624359131,2.009432315826416,0.884451150894165,,,,,,accurate
3121,31210.0,31264.500003814697,31287.70000076294,0,23.199996948242188,77.70000076293945,31250.0,True,4,3,False,0,0,False,False,78,False,False,risk_lstm,8,0.9161272644996643,0.42542317509651184,2.173232316970825,0.8603400588035583,,,,,,accurate
3124,31240.0,31287.70000076294,31307.59999847412,0,19.89999771118164,67.5999984741211,31280.0,True,3,2,False,0,0,False,False,75,False,False,risk_lstm,8,0.9185048937797546,0.4252457916736603,1.9745700359344482,0.9011205434799194,,,,,,accurate
3125,31250.0,31307.59999847412,31332.60000228882,0,25.000003814697266,82.60000228881836,31290.0,True,4,3,False,0,0,False,False,74,False,False,risk_lstm,8,0.9208983778953552,0.39995720982551575,2.1557044982910156,0.8661812543869019,,,,,,accurate
3129,31290.0,31332.60000228882,31353.500003814697,0,20.900001525878906,63.500003814697266,31330.0,True,3,2,False,1,1,False,False,70,False,False,risk_lstm,8,0.9274225234985352,0.3845165967941284,2.129140615463257,0.8648597002029419,,,,,,accurate
3131,31310.0,31353.500003814697,31387.400005340576,0,33.900001525878906,77.40000534057617,31350.0,True,3,2,False,0,0,False,False,68,False,False,risk_lstm,8,0.8746219873428345,0.3895227611064911,2.133997917175293,0.8861697912216187,,,,,,accurate
3133,31330.0,31387.400005340576,31409.300003051758,0,21.89999771118164,79.30000305175781,31370.0,True,4,3,False,0,0,False,False,66,False,False,risk_lstm,8,0.9140008091926575,0.3726990818977356,2.199692964553833,0.8731492757797241,,,,,,accurate
3134,31340.0,31409.300003051758,31429.800003051758,0,20.5,89.80000305175781,31380.0,True,4,3,False,0,0,False,False,65,False,False,risk_lstm,8,0.9089266657829285,0.41094449162483215,2.070845127105713,0.8885393142700195,,,,,,accurate
3136,31360.0,31429.800003051758,31463.000003814697,0,33.20000076293945,103.00000381469727,31400.0,True,4,3,False,0,0,False,False,63,False,False,risk_lstm,8,0.8434321880340576,0.40128424763679504,2.0165326595306396,0.8893512487411499,,,,,,accurate
3137,31370.0,31463.000003814697,31486.500003814697,0,23.5,116.50000381469727,31410.0,True,5,4,False,1,1,False,False,62,False,False,risk_lstm,8,0.9173749089241028,0.36622655391693115,2.233168125152588,0.869518518447876,,,,,,accurate
3141,31410.0,31486.500003814697,31514.700004577637,0,28.200000762939453,104.70000457763672,31450.0,True,4,3,False,1,1,False,False,58,False,False,risk_lstm,8,0.900273859500885,0.4253712296485901,2.1700074672698975,0.871403157711029,,,,,,accurate
3145,31450.0,31514.700004577637,31542.10000228882,0,27.39999771118164,92.10000228881836,31490.0,True,4,3,False,1,1,False,False,54,False,False,risk_lstm,8,0.8868849277496338,0.437774658203125,2.1538026332855225,0.8755053281784058,,,,,,accurate
3146,31460.0,31542.10000228882,31565.70000076294,0,23.599998474121094,105.70000076293945,31500.0,True,5,4,False,0,0,False,False,53,False,False,risk_lstm,8,0.9034841060638428,0.43276268243789673,2.168036699295044,0.8703162670135498,,,,,,accurate
3152,31520.0,31565.70000076294,31586.09999847412,0,20.39999771118164,66.0999984741211,31560.0,True,3,2,False,0,0,False,False,47,False,False,risk_lstm,8,0.8607032299041748,0.4910140633583069,1.988459587097168,0.8960074186325073,,,,,,accurate
3154,31540.0,31586.09999847412,31638.79999923706,0,52.70000076293945,98.79999923706055,31580.0,True,4,3,False,1,1,False,False,45,False,False,risk_lstm,8,0.9040656089782715,0.395883709192276,2.1876018047332764,0.869518518447876,,,,,,accurate
3157,31570.0,31638.79999923706,31681.79999923706,0,43.0,111.79999923706055,31610.0,True,3,2,False,0,0,False,False,42,False,False,risk_lstm,8,0.875750720500946,0.40924718976020813,2.1458346843719482,0.8791496753692627,,,,,,accurate
3160,31600.0,31681.79999923706,31724.40000152588,0,42.60000228881836,124.4000015258789,31640.0,True,3,2,False,0,0,False,False,39,False,False,risk_lstm,8,0.9023306369781494,0.4189039170742035,2.159855842590332,0.8735432624816895,,,,,,accurate
3165,31650.0,31724.40000152588,31743.700004577637,0,19.300003051757812,93.70000457763672,31690.0,True,3,2,False,1,1,False,False,34,False,False,risk_lstm,8,0.909984827041626,0.36184149980545044,2.012702703475952,0.9117869734764099,,,,,,accurate
3166,31660.0,31743.700004577637,31761.700004577637,0,18.0,101.70000457763672,31700.0,True,4,3,False,0,0,False,False,33,False,False,risk_lstm,8,0.9399234652519226,0.2889772951602936,2.0289642810821533,0.9170907735824585,,,,,,accurate
3168,31680.0,31761.700004577637,31804.200004577637,0,42.5,124.20000457763672,31720.0,True,5,4,False,1,1,False,False,31,False,False,risk_lstm,8,0.854164719581604,0.3429090082645416,1.9252994060516357,0.8945911526679993,,,,,,accurate
3174,31740.0,31804.200004577637,31838.200008392334,0,34.000003814697266,98.20000839233398,31780.0,True,4,3,False,0,0,False,False,25,False,False,risk_lstm,8,0.9196316003799438,0.26155170798301697,2.255964517593384,0.8829200267791748,,,,,,accurate
3175,31750.0,31838.200008392334,31864.800010681152,0,26.60000228881836,114.80001068115234,31790.0,True,4,3,False,1,1,False,False,24,False,False,risk_lstm,8,0.916670024394989,0.3087295591831207,2.2133090496063232,0.883415162563324,,,,,,accurate
3179,31790.0,31864.800010681152,31887.700008392334,0,22.89999771118164,97.70000839233398,31830.0,True,4,3,False,0,0,False,False,20,False,False,risk_lstm,8,0.9330210089683533,0.28637585043907166,2.036569833755493,0.9069792032241821,,,,,,accurate
3197,31970.0,31970.0,31989.59999847412,0,19.599998474121094,19.599998474121094,32010.0,False,1,0,False,0,0,False,False,2,True,True,risk_lstm,8,0.9350907802581787,0.20366688072681427,2.004321575164795,0.9158599972724915,,,,,,accurate
3199,31990.0,31990.0,32009.0,0,19.0,19.0,32030.0,False,1,0,False,0,0,False,True,0,True,True,risk_lstm,8,0.9648038744926453,0.20666168630123138,2.03544282913208,0.8989121913909912,,,,,,accurate
3205,32050.0,32050.0,32069.70000076294,0,19.700000762939453,19.700000762939453,32090.0,False,1,0,False,0,0,False,False,94,False,True,risk_lstm,8,0.9683032035827637,0.1451794058084488,2.144453287124634,0.8989838361740112,,,,,,accurate
3209,32090.0,32090.0,32112.20000076294,0,22.200000762939453,22.200000762939453,32130.0,False,1,0,False,0,0,False,False,90,False,True,risk_lstm,8,0.9473448395729065,0.21864904463291168,2.1486752033233643,0.8759649395942688,,,,,,accurate
3215,32150.0,32150.0,32175.20000076294,0,25.200000762939453,25.200000762939453,32190.0,False,1,0,False,0,0,False,False,84,False,True,risk_lstm,8,0.9416436553001404,0.25365760922431946,2.2057950496673584,0.8756764531135559,,,,,,accurate
3219,32190.0,32190.0,32208.59999847412,0,18.599998474121094,18.599998474121094,32230.0,False,1,0,False,0,0,False,False,80,False,True,risk_lstm,8,0.9198540449142456,0.2216721475124359,1.9988000392913818,0.9273863434791565,,,,,,accurate
3221,32210.0,32210.0,32230.89999771118,0,20.89999771118164,20.89999771118164,32250.0,False,1,0,False,1,1,False,False,78,False,True,risk_lstm,8,0.9512037634849548,0.18072687089443207,2.053163766860962,0.910967230796814,,,,,,accurate
3228,32280.0,32280.0,32299.29999923706,0,19.299999237060547,19.299999237060547,32320.0,False,1,0,False,0,0,False,False,71,False,True,risk_lstm,8,0.8812791705131531,0.19978375732898712,2.0160655975341797,0.9364771246910095,,,,,,accurate
3229,32290.0,32299.29999923706,32325.70000076294,0,26.400001525878906,35.70000076293945,32330.0,False,2,1,False,1,1,False,False,70,False,True,risk_lstm,8,0.9501304626464844,0.19825248420238495,2.1267805099487305,0.874886155128479,,,,,,accurate
3230,32300.0,32325.70000076294,32347.5,0,21.799999237060547,47.5,32340.0,True,2,1,False,0,0,False,False,69,False,False,risk_lstm,8,0.9516181349754333,0.15250743925571442,2.1015050411224365,0.9186722636222839,,,,,,accurate
3232,32320.0,32347.5,32371.59999847412,0,24.099998474121094,51.599998474121094,32360.0,True,3,2,False,0,0,False,False,67,False,False,risk_lstm,8,0.9507666230201721,0.20520354807376862,2.164445638656616,0.8781580328941345,,,,,,accurate
3237,32370.0,32371.59999847412,32396.09999847412,0,24.5,26.099998474121094,32410.0,False,2,1,False,0,0,False,False,62,False,True,risk_lstm,8,0.9529535174369812,0.22947843372821808,2.170941114425659,0.8780598640441895,,,,,,accurate
3240,32400.0,32400.0,32423.200004577637,0,23.20000457763672,23.20000457763672,32440.0,False,1,0,False,0,0,False,False,59,False,True,risk_lstm,8,0.9496195912361145,0.22466234862804413,2.204103946685791,0.8766571879386902,,,,,,accurate
3243,32430.0,32430.0,32457.799995422363,0,27.79999542236328,27.79999542236328,32470.0,False,1,0,False,1,1,False,False,56,False,True,risk_lstm,8,0.8831515312194824,0.2721707224845886,2.098548173904419,0.8952760696411133,,,,,,accurate
3244,32440.0,32457.799995422363,32480.899993896484,0,23.099998474121094,40.899993896484375,32480.0,True,2,1,False,0,0,False,False,55,False,False,risk_lstm,8,0.9211955070495605,0.2971896231174469,2.2461931705474854,0.8819736242294312,,,,,,accurate
3246,32460.0,32480.899993896484,32505.299991607666,0,24.39999771118164,45.299991607666016,32500.0,True,2,1,False,0,0,False,False,53,False,False,risk_lstm,8,0.9010590314865112,0.33820679783821106,2.2228524684906006,0.8803890347480774,,,,,,accurate
3247,32470.0,32505.299991607666,32526.799991607666,0,21.5,56.799991607666016,32510.0,True,3,2,False,1,1,False,False,52,False,False,risk_lstm,8,0.9085227847099304,0.3690482974052429,2.204300880432129,0.8759026527404785,,,,,,accurate
3249,32490.0,32526.799991607666,32547.499992370605,0,20.700000762939453,57.49999237060547,32530.0,True,3,2,False,0,0,False,False,50,False,False,risk_lstm,8,0.8704979419708252,0.4481806457042694,2.0535876750946045,0.8923123478889465,,,,,,accurate
3250,32500.0,32547.499992370605,32564.499992370605,0,17.0,64.49999237060547,32540.0,True,4,3,False,1,1,False,False,49,False,False,risk_lstm,8,0.9252679944038391,0.30332425236701965,1.9460254907608032,0.9177165031433105,,,,,,accurate
3255,32550.0,32564.499992370605,32585.499992370605,0,21.0,35.49999237060547,32590.0,False,2,1,False,0,0,False,False,44,False,True,risk_lstm,8,0.9351460337638855,0.3320966958999634,2.1095969676971436,0.8796380758285522,,,,,,accurate
3256,32560.0,32585.499992370605,32606.59998703003,0,21.099994659423828,46.5999870300293,32600.0,True,3,2,False,1,1,False,False,43,False,False,risk_lstm,8,0.9425973296165466,0.32820990681648254,2.1241159439086914,0.8713495135307312,,,,,,accurate
3257,32570.0,32606.59998703003,32625.399982452393,0,18.79999542236328,55.39998245239258,32610.0,True,3,2,False,0,0,False,False,42,False,False,risk_lstm,8,0.9365522861480713,0.2806447744369507,2.0120112895965576,0.9134008884429932,,,,,,accurate
3258,32580.0,32625.399982452393,32642.199977874756,0,16.79999542236328,62.19997787475586,32620.0,True,4,3,False,0,0,False,False,41,False,False,risk_lstm,8,0.9172060489654541,0.1721346229314804,2.050206184387207,0.9277961850166321,,,,,,accurate
3261,32610.0,32642.199977874756,32669.499977111816,0,27.299999237060547,59.499977111816406,32650.0,True,3,2,False,1,1,False,False,38,False,False,risk_lstm,8,0.9332829117774963,0.214904323220253,2.08884596824646,0.8787636756896973,,,,,,accurate
3262,32620.0,32669.499977111816,32703.899978637695,0,34.400001525878906,83.89997863769531,32660.0,True,4,3,False,1,1,False,False,37,False,False,risk_lstm,8,0.9346818327903748,0.21302098035812378,2.2157652378082275,0.8860477805137634,,,,,,accurate
3263,32630.0,32703.899978637695,32725.299980163574,0,21.400001525878906,95.29998016357422,32670.0,True,4,3,False,1,1,False,False,36,False,False,risk_lstm,8,0.9423165917396545,0.2538889944553375,2.1161744594573975,0.8941423892974854,,,,,,accurate
3264,32640.0,32725.299980163574,32744.999980926514,0,19.700000762939453,104.99998092651367,32680.0,True,5,4,False,1,1,False,False,35,False,False,risk_lstm,8,0.9167120456695557,0.24486754834651947,2.079294443130493,0.8968303799629211,,,,,,accurate
3267,32670.0,32744.999980926514,32769.49998474121,0,24.500003814697266,99.49998474121094,32710.0,True,4,3,False,0,0,False,False,32,False,False,risk_lstm,8,0.9484047889709473,0.25492435693740845,2.208078384399414,0.870512068271637,,,,,,accurate
3272,32720.0,32769.49998474121,32797.69998168945,0,28.199996948242188,77.69998168945312,32760.0,True,4,3,False,1,1,False,False,27,False,False,risk_lstm,8,0.9217546582221985,0.2721495032310486,2.2372796535491943,0.8823162913322449,,,,,,accurate
3276,32760.0,32797.69998168945,32817.69998168945,0,20.0,57.699981689453125,32800.0,True,3,2,False,0,0,False,False,23,False,False,risk_lstm,8,0.8795457482337952,0.3673984706401825,2.0428152084350586,0.9034512639045715,,,,,,accurate
3281,32810.0,32817.69998168945,32840.89998245239,0,23.200000762939453,30.899982452392578,32850.0,False,2,1,False,0,0,False,False,18,False,True,risk_lstm,8,0.9543400406837463,0.2933332920074463,2.0728089809417725,0.8989713191986084,,,,,,accurate
3283,32830.0,32840.89998245239,32866.299980163574,0,25.39999771118164,36.29998016357422,32870.0,False,2,1,False,0,0,False,False,16,False,True,risk_lstm,8,0.8733264803886414,0.358250230550766,2.0969228744506836,0.8896394371986389,,,,,,accurate
3284,32840.0,32866.299980163574,32885.599979400635,0,19.299999237060547,45.599979400634766,32880.0,True,3,2,False,1,1,False,False,15,False,False,risk_lstm,8,0.9357649683952332,0.3067198097705841,2.050442934036255,0.909037709236145,,,,,,accurate
3285,32850.0,32885.599979400635,32915.69998168945,0,30.10000228881836,65.69998168945312,32890.0,True,3,2,False,0,0,False,False,14,False,False,risk_lstm,8,0.8631201982498169,0.3334088921546936,2.0255982875823975,0.8889260292053223,,,,,,accurate
3287,32870.0,32915.69998168945,32935.799980163574,0,20.099998474121094,65.79998016357422,32910.0,True,3,2,False,0,0,False,False,12,False,False,risk_lstm,8,0.9336220622062683,0.30493634939193726,2.0140938758850098,0.9174210429191589,,,,,,accurate
3292,32920.0,32935.799980163574,32956.49998474121,0,20.70000457763672,36.49998474121094,32960.0,False,2,1,False,0,0,False,False,7,False,True,risk_lstm,8,0.8840063810348511,0.33423709869384766,2.075409173965454,0.8976572751998901,,,,,,accurate
3294,32940.0,32956.49998474121,32986.89998626709,0,30.400001525878906,46.899986267089844,32980.0,True,2,1,False,1,1,False,False,5,False,False,risk_lstm,8,0.9287117123603821,0.29102203249931335,2.1991493701934814,0.876819372177124,,,,,,accurate
3295,32950.0,32986.89998626709,33008.09998703003,0,21.200000762939453,58.0999870300293,32990.0,True,3,2,False,1,1,False,False,4,False,False,risk_lstm,8,0.9286972880363464,0.3305065333843231,2.1307032108306885,0.8847479820251465,,,,,,accurate
3296,32960.0,33008.09998703003,33036.99998474121,0,28.89999771118164,76.99998474121094,33000.0,True,3,2,False,0,0,False,False,3,False,False,risk_lstm,8,0.8797987103462219,0.35208433866500854,2.147307872772217,0.8896147608757019,,,,,,accurate
3298,32980.0,33036.99998474121,33058.49998474121,0,21.5,78.49998474121094,33020.0,True,4,3,False,0,0,False,False,1,True,False,risk_lstm,8,0.9122034311294556,0.3628027141094208,2.205178737640381,0.8787489533424377,,,,,,accurate
3299,32990.0,33058.49998474121,33081.89998626709,0,23.400001525878906,91.89998626708984,33030.0,True,4,3,False,1,1,False,True,0,True,False,risk_lstm,8,0.9093660116195679,0.3804916739463806,2.1713638305664062,0.8777406811714172,,,,,,accurate
3303,33030.0,33081.89998626709,33108.19998931885,0,26.300003051757812,78.19998931884766,33070.0,True,4,3,False,1,1,False,False,96,False,False,risk_lstm,8,0.8699032068252563,0.3809107542037964,2.1312265396118164,0.8859677314758301,,,,,,accurate
3308,33080.0,33108.19998931885,33139.39999008179,0,31.200000762939453,59.39999008178711,33120.0,True,3,2,False,1,1,False,False,91,False,False,risk_lstm,8,0.8770504593849182,0.39358365535736084,2.16614031791687,0.8792405128479004,,,,,,accurate
3316,33160.0,33160.0,33190.5,0,30.5,30.5,33200.0,False,1,0,False,0,0,False,False,83,False,True,risk_lstm,8,0.8889003992080688,0.4605564773082733,2.1225199699401855,0.8793145418167114,,,,,,accurate
3318,33180.0,33190.5,33220.09999847412,0,29.599998474121094,40.099998474121094,33220.0,True,2,1,False,0,0,False,False,81,False,False,risk_lstm,8,0.9169514179229736,0.4159752130508423,2.1745078563690186,0.8664513826370239,,,,,,accurate
3319,33190.0,33220.09999847412,33253.39999771118,0,33.29999923706055,63.39999771118164,33230.0,True,3,2,False,0,0,False,False,80,False,False,risk_lstm,8,0.8848024606704712,0.4395376145839691,2.138654947280884,0.873776912689209,,,,,,accurate
3320,33200.0,33253.39999771118,33291.09999847412,0,37.70000076293945,91.0999984741211,33240.0,True,3,2,False,1,1,False,False,79,False,False,risk_lstm,8,0.9092681407928467,0.41546109318733215,2.1447763442993164,0.8665114641189575,,,,,,accurate
3323,33230.0,33291.09999847412,33320.5,0,29.400001525878906,90.5,33270.0,True,3,2,False,0,0,False,False,76,False,False,risk_lstm,8,0.8298218250274658,0.4437577426433563,2.034496307373047,0.8866594433784485,,,,,,accurate
3326,33260.0,33320.5,33346.5,0,26.0,86.5,33300.0,True,3,2,False,0,0,False,False,73,False,False,risk_lstm,8,0.8838086724281311,0.37591245770454407,2.1966259479522705,0.8774574398994446,,,,,,accurate
3333,33330.0,33346.5,33375.39999771118,0,28.89999771118164,45.39999771118164,33370.0,True,2,1,False,1,1,False,False,66,False,False,risk_lstm,8,0.9062382578849792,0.4150385856628418,2.1679506301879883,0.8705599904060364,,,,,,accurate
3341,33410.0,33410.0,33435.79999923706,0,25.799999237060547,25.799999237060547,33450.0,False,1,0,False,1,1,False,False,58,False,True,risk_lstm,8,0.8999004364013672,0.4111988842487335,2.1735680103302,0.8688734173774719,,,,,,accurate
3342,33420.0,33435.79999923706,33454.40000152588,0,18.60000228881836,34.400001525878906,33460.0,False,2,1,False,0,0,False,False,57,False,True,risk_lstm,8,0.9173839092254639,0.36017096042633057,2.0748019218444824,0.8899433016777039,,,,,,accurate
3346,33460.0,33460.0,33482.5,0,22.5,22.5,33500.0,False,1,0,False,0,0,False,False,53,False,True,risk_lstm,8,0.8958238363265991,0.4158536493778229,2.1817519664764404,0.8711985349655151,,,,,,accurate
3347,33470.0,33482.5,33511.39999771118,0,28.89999771118164,41.39999771118164,33510.0,True,2,1,False,1,1,False,False,52,False,False,risk_lstm,8,0.8485780358314514,0.39552435278892517,2.0865273475646973,0.8898065686225891,,,,,,accurate
3349,33490.0,33511.39999771118,33535.29999542236,0,23.89999771118164,45.29999542236328,33530.0,True,2,1,False,1,1,False,False,50,False,False,risk_lstm,8,0.9106892347335815,0.3791469931602478,2.1848151683807373,0.8720036745071411,,,,,,accurate
3350,33500.0,33535.29999542236,33561.399993896484,0,26.099998474121094,61.399993896484375,33540.0,True,3,2,False,0,0,False,False,49,False,False,risk_lstm,8,0.8404206037521362,0.38421082496643066,2.051374673843384,0.8889909982681274,,,,,,accurate
3355,33550.0,33561.399993896484,33581.999992370605,0,20.599998474121094,31.99999237060547,33590.0,False,2,1,False,1,1,False,False,44,False,True,risk_lstm,8,0.9330090880393982,0.36410513520240784,2.156303644180298,0.8711885809898376,,,,,,accurate
3356,33560.0,33581.999992370605,33605.9999961853,0,24.000003814697266,45.999996185302734,33600.0,True,3,2,False,0,0,False,False,43,False,False,risk_lstm,8,0.9174672961235046,0.40269821882247925,2.180259943008423,0.8704004287719727,,,,,,accurate
3360,33600.0,33605.9999961853,33624.19999694824,0,18.200000762939453,24.199996948242188,33640.0,False,2,1,False,0,0,False,False,39,False,True,risk_lstm,8,0.920759379863739,0.3644261658191681,1.9970519542694092,0.9137202501296997,,,,,,accurate
3364,33640.0,33640.0,33662.40000152588,0,22.400001525878906,22.400001525878906,33680.0,False,1,0,False,1,1,False,False,35,False,True,risk_lstm,8,0.9093014001846313,0.381517618894577,2.136362075805664,0.8733265399932861,,,,,,accurate
3365,33650.0,33662.40000152588,33683.20000457764,0,20.800003051757812,33.20000457763672,33690.0,False,2,1,False,0,0,False,False,34,False,True,risk_lstm,8,0.9223958253860474,0.33746930956840515,2.0558505058288574,0.8884413242340088,,,,,,accurate
3368,33680.0,33683.20000457764,33701.20000457764,0,18.0,21.20000457763672,33720.0,False,2,1,False,0,0,False,False,31,False,True,risk_lstm,8,0.9398302435874939,0.3609255254268646,1.9804396629333496,0.9239419102668762,,,,,,accurate
3375,33750.0,33750.0,33768.89999771118,0,18.89999771118164,18.89999771118164,33790.0,False,1,0,False,0,0,False,False,24,False,True,risk_lstm,8,0.9494352340698242,0.24774476885795593,2.0686333179473877,0.9115291833877563,,,,,,accurate
3377,33770.0,33770.0,33798.40000152588,0,28.400001525878906,28.400001525878906,33810.0,False,1,0,False,1,1,False,False,22,False,True,risk_lstm,8,0.9205660820007324,0.2561072111129761,2.1249983310699463,0.8708258271217346,,,,,,accurate
3380,33800.0,33800.0,33826.29999923706,0,26.299999237060547,26.299999237060547,33840.0,False,1,0,False,1,1,False,False,19,False,True,risk_lstm,8,0.9231559038162231,0.2860164940357208,2.2014787197113037,0.8803755044937134,,,,,,accurate
3381,33810.0,33826.29999923706,33847.90000152588,0,21.60000228881836,37.900001525878906,33850.0,False,2,1,False,0,0,False,False,18,False,True,risk_lstm,8,0.8669084906578064,0.2791473865509033,1.9052326679229736,0.9367831349372864,,,,,,accurate
3383,33830.0,33847.90000152588,33866.10000228882,0,18.200000762939453,36.10000228881836,33870.0,False,2,1,False,1,1,False,False,16,False,True,risk_lstm,8,0.954250156879425,0.1843370944261551,2.0586752891540527,0.9095037579536438,,,,,,accurate
3388,33880.0,33880.0,33901.39999771118,0,21.39999771118164,21.39999771118164,33920.0,False,1,0,False,0,0,False,False,11,False,True,risk_lstm,8,0.9375993013381958,0.2339784950017929,2.12475323677063,0.8883339166641235,,,,,,accurate
3390,33900.0,33901.39999771118,33919.89999771118,0,18.5,19.89999771118164,33940.0,False,2,1,False,0,0,False,False,9,False,True,risk_lstm,8,0.9470345973968506,0.16678108274936676,2.034931182861328,0.9206240177154541,,,,,,accurate
3392,33920.0,33920.0,33947.29999923706,0,27.299999237060547,27.299999237060547,33960.0,False,1,0,False,1,1,False,False,7,False,True,risk_lstm,8,0.9528232216835022,0.20685607194900513,2.154012680053711,0.8766723871231079,,,,,,accurate
3393,33930.0,33947.29999923706,33969.80000305176,0,22.500003814697266,39.80000305175781,33970.0,False,2,1,False,0,0,False,False,6,False,True,risk_lstm,8,0.9413099884986877,0.25588542222976685,2.2236175537109375,0.8805161714553833,,,,,,accurate
3394,33940.0,33969.80000305176,33993.900005340576,0,24.10000228881836,53.90000534057617,33980.0,True,3,2,False,0,0,False,False,5,False,False,risk_lstm,8,0.9347851872444153,0.2788270115852356,2.2292423248291016,0.880853533744812,,,,,,accurate
3395,33950.0,33993.900005340576,34017.300006866455,0,23.400001525878906,67.30000686645508,33990.0,True,3,2,False,1,1,False,False,4,False,False,risk_lstm,8,0.9265678524971008,0.2531372606754303,2.2428231239318848,0.8842540979385376,,,,,,accurate
3397,33970.0,34017.300006866455,34037.800006866455,0,20.5,67.80000686645508,34010.0,True,3,2,False,1,1,False,False,2,True,False,risk_lstm,8,0.9328122735023499,0.3114285469055176,2.2098371982574463,0.8743827939033508,,,,,,accurate
3398,33980.0,34037.800006866455,34066.000007629395,0,28.200000762939453,86.00000762939453,34020.0,True,4,3,False,1,1,False,False,1,True,False,risk_lstm,8,0.8634133338928223,0.36795052886009216,2.1626217365264893,0.8870676159858704,,,,,,accurate
3399,33990.0,34066.000007629395,34101.10000991821,0,35.10000228881836,111.10000991821289,34030.0,True,5,4,False,1,1,False,True,0,True,False,risk_lstm,8,0.8916011452674866,0.3537352681159973,2.2015178203582764,0.8813205361366272,,,,,,accurate
3400,34000.0,34101.10000991821,34126.80001449585,0,25.70000457763672,126.80001449584961,34040.0,True,5,4,False,1,1,False,False,99,False,False,risk_lstm,8,0.8655754923820496,0.38872048258781433,2.1202993392944336,0.8828469514846802,,,,,,accurate
3405,34050.0,34126.80001449585,34144.90001296997,0,18.099998474121094,94.9000129699707,34090.0,True,4,3,False,0,0,False,False,94,False,False,risk_lstm,8,0.9017031788825989,0.42003104090690613,1.956129550933838,0.917784571647644,,,,,,accurate
3407,34070.0,34144.90001296997,34162.60001373291,0,17.700000762939453,92.60001373291016,34110.0,True,4,3,False,1,1,False,False,92,False,False,risk_lstm,8,0.9262879490852356,0.30519554018974304,2.0531773567199707,0.9143821597099304,,,,,,accurate
3409,34090.0,34162.60001373291,34184.20001220703,0,21.599998474121094,94.20001220703125,34130.0,True,5,4,False,1,1,False,False,90,False,False,risk_lstm,8,0.9132093787193298,0.37212127447128296,2.095041513442993,0.8868590593338013,,,,,,accurate
3410,34100.0,34184.20001220703,34210.90001296997,0,26.700000762939453,110.9000129699707,34140.0,True,6,5,True,0,0,False,False,89,False,False,risk_lstm,8,0.8589624166488647,0.3426240384578705,2.0473718643188477,0.892009973526001,,,,,,accurate
3411,34110.0,34210.90001296997,34228.90001296997,0,18.0,118.9000129699707,34150.0,True,6,5,True,0,0,False,False,88,False,False,risk_lstm,8,0.9322798848152161,0.22216680645942688,1.936202883720398,0.922515332698822,,,,,,accurate
3412,34120.0,34228.90001296997,34253.20001602173,0,24.300003051757812,133.20001602172852,34160.0,True,7,6,True,0,0,False,False,87,False,False,risk_lstm,8,0.9447359442710876,0.23103219270706177,2.2199251651763916,0.8730707764625549,,,,,,accurate
3416,34160.0,34253.20001602173,34277.30001449585,0,24.099998474121094,117.30001449584961,34200.0,True,6,5,True,0,0,False,False,83,False,False,risk_lstm,8,0.9286640882492065,0.2671779692173004,2.1090099811553955,0.8894945383071899,,,,,,accurate
3418,34180.0,34277.30001449585,34302.50001144409,0,25.199996948242188,122.5000114440918,34220.0,True,6,5,True,0,0,False,False,81,False,False,risk_lstm,8,0.9304690361022949,0.293740451335907,2.2147116661071777,0.8771101832389832,,,,,,accurate
3420,34200.0,34302.50001144409,34322.80001068115,0,20.299999237060547,122.80001068115234,34240.0,True,6,5,True,0,0,False,False,79,False,False,risk_lstm,8,0.9239606261253357,0.29273512959480286,2.0635337829589844,0.8952690362930298,,,,,,accurate
3421,34210.0,34322.80001068115,34342.700008392334,0,19.89999771118164,132.70000839233398,34250.0,True,7,6,True,0,0,False,False,78,False,False,risk_lstm,8,0.9226526021957397,0.3132210969924927,2.062349319458008,0.8905698657035828,,,,,,accurate
3425,34250.0,34342.700008392334,34368.80001068115,0,26.10000228881836,118.80001068115234,34290.0,True,6,5,True,0,0,False,False,74,False,False,risk_lstm,8,0.9056317806243896,0.3040747046470642,2.1652958393096924,0.8837641477584839,,,,,,accurate
3430,34300.0,34368.80001068115,34393.40000915527,0,24.599998474121094,93.40000915527344,34340.0,True,5,4,False,0,0,False,False,69,False,False,risk_lstm,8,0.8916170597076416,0.30952557921409607,2.183178424835205,0.8867815136909485,,,,,,accurate
3432,34320.0,34393.40000915527,34421.60000991821,0,28.200000762939453,101.60000991821289,34360.0,True,5,4,False,1,1,False,False,67,False,False,risk_lstm,8,0.9227320551872253,0.34417521953582764,2.2277281284332275,0.8725208044052124,,,,,,accurate
3437,34370.0,34421.60000991821,34445.800006866455,0,24.199996948242188,75.80000686645508,34410.0,True,3,2,False,1,1,False,False,62,False,False,risk_lstm,8,0.8968979716300964,0.34003910422325134,2.194056987762451,0.881309449672699,,,,,,accurate
3439,34390.0,34445.800006866455,34484.400005340576,0,38.599998474121094,94.40000534057617,34430.0,True,4,3,False,0,0,False,False,60,False,False,risk_lstm,8,0.8255221843719482,0.3852289915084839,1.8997647762298584,0.8864216804504395,,,,,,accurate
3444,34440.0,34484.400005340576,34503.70000457764,0,19.299999237060547,63.70000457763672,34480.0,True,3,2,False,0,0,False,False,55,False,False,risk_lstm,8,0.8927153944969177,0.34054508805274963,2.0179851055145264,0.9130179286003113,,,,,,accurate
3445,34450.0,34503.70000457764,34521.100006103516,0,17.400001525878906,71.10000610351562,34490.0,True,3,2,False,1,1,False,False,54,False,False,risk_lstm,8,0.9562286734580994,0.22581377625465393,2.080660820007324,0.9093675017356873,,,,,,accurate
3448,34480.0,34521.100006103516,34546.60000228882,0,25.499996185302734,66.60000228881836,34520.0,True,4,3,False,0,0,False,False,51,False,False,risk_lstm,8,0.8835724592208862,0.3192627727985382,2.142730474472046,0.893146812915802,,,,,,accurate
3449,34490.0,34546.60000228882,34567.30000305176,0,20.700000762939453,77.30000305175781,34530.0,True,4,3,False,0,0,False,False,50,False,False,risk_lstm,8,0.9208127856254578,0.30737990140914917,2.1839234828948975,0.8829554319381714,,,,,,accurate
3453,34530.0,34567.30000305176,34590.20000076294,0,22.89999771118164,60.20000076293945,34570.0,True,3,2,False,1,1,False,False,46,False,False,risk_lstm,8,0.9221832156181335,0.306976854801178,2.210461378097534,0.8766269683837891,,,,,,accurate
3458,34580.0,34590.20000076294,34618.10000228882,0,27.900001525878906,38.10000228881836,34620.0,False,2,1,False,0,0,False,False,41,False,True,risk_lstm,8,0.8574774861335754,0.32902735471725464,2.0878119468688965,0.8940579891204834,,,,,,accurate
3462,34620.0,34620.0,34648.30000305176,0,28.300003051757812,28.300003051757812,34660.0,False,1,0,False,0,0,False,False,37,False,True,risk_lstm,8,0.8991378545761108,0.28005459904670715,2.2123405933380127,0.8877047896385193,,,,,,accurate
3463,34630.0,34648.30000305176,34671.70000076294,0,23.39999771118164,41.70000076293945,34670.0,True,2,1,False,0,0,False,False,36,False,False,risk_lstm,8,0.8962827920913696,0.353032648563385,2.2167060375213623,0.8828509449958801,,,,,,accurate
3465,34650.0,34671.70000076294,34696.5,0,24.799999237060547,46.5,34690.0,True,2,1,False,0,0,False,False,34,False,False,risk_lstm,8,0.9056600332260132,0.37930095195770264,2.209636688232422,0.8785322308540344,,,,,,accurate
3466,34660.0,34696.5,34728.70000076294,0,32.20000076293945,68.70000076293945,34700.0,True,3,2,False,1,1,False,False,33,False,False,risk_lstm,8,0.9011797904968262,0.42646631598472595,2.190232753753662,0.8740506768226624,,,,,,accurate
3467,34670.0,34728.70000076294,34747.70000076294,0,19.0,77.70000076293945,34710.0,True,4,3,False,0,0,False,False,32,False,False,risk_lstm,8,0.902011513710022,0.3744484484195709,1.9922590255737305,0.9100167155265808,,,,,,accurate
3469,34690.0,34747.70000076294,34771.0000038147,0,23.300003051757812,81.00000381469727,34730.0,True,4,3,False,0,0,False,False,30,False,False,risk_lstm,8,0.9081936478614807,0.3924312889575958,2.1955811977386475,0.8726504445075989,,,,,,accurate
3471,34710.0,34771.0000038147,34789.30000305176,0,18.299999237060547,79.30000305175781,34750.0,True,4,3,False,1,1,False,False,28,False,False,risk_lstm,8,0.9181569814682007,0.3208216428756714,2.0667145252227783,0.9006755352020264,,,,,,accurate
3477,34770.0,34789.30000305176,34811.5000038147,0,22.200000762939453,41.500003814697266,34810.0,True,3,2,False,0,0,False,False,22,False,False,risk_lstm,8,0.9071210026741028,0.3635717034339905,2.1909472942352295,0.8752276301383972,,,,,,accurate
3480,34800.0,34811.5000038147,34831.70000457764,0,20.200000762939453,31.70000457763672,34840.0,False,2,1,False,0,0,False,False,19,False,True,risk_lstm,8,0.9106484055519104,0.3931189477443695,1.982257604598999,0.9034594297409058,,,,,,accurate
3482,34820.0,34831.70000457764,34849.500007629395,0,17.800003051757812,29.50000762939453,34860.0,False,2,1,False,0,0,False,False,17,False,True,risk_lstm,8,0.9354747533798218,0.3018048405647278,2.0031700134277344,0.9164054989814758,,,,,,accurate
3484,34840.0,34849.500007629395,34871.500007629395,0,22.0,31.50000762939453,34880.0,False,2,1,False,0,0,False,False,15,False,True,risk_lstm,8,0.925681471824646,0.29415038228034973,2.089799404144287,0.8847842216491699,,,,,,accurate
3486,34860.0,34871.500007629395,34891.00001144409,0,19.500003814697266,31.000011444091797,34900.0,False,2,1,False,0,0,False,False,13,False,True,risk_lstm,8,0.9381041526794434,0.25033631920814514,2.082181930541992,0.8991209864616394,,,,,,accurate
3488,34880.0,34891.00001144409,34906.60001373291,0,15.60000228881836,26.600013732910156,34920.0,False,2,1,False,0,0,False,False,11,False,True,risk_lstm,8,0.8963326811790466,0.14518573880195618,1.9666105508804321,0.9222204089164734,,,,,,accurate
3491,34910.0,34910.0,34930.60000228882,0,20.60000228881836,20.60000228881836,34950.0,False,1,0,False,0,0,False,False,8,False,True,risk_lstm,8,0.9650986194610596,0.2003166675567627,2.1398258209228516,0.8806818127632141,,,,,,accurate
3492,34920.0,34930.60000228882,34958.20000457764,0,27.60000228881836,38.20000457763672,34960.0,False,2,1,False,1,1,False,False,7,False,True,risk_lstm,8,0.9493821859359741,0.23107057809829712,2.1518750190734863,0.8787810206413269,,,,,,accurate
3493,34930.0,34958.20000457764,34980.5000038147,0,22.299999237060547,50.500003814697266,34970.0,True,3,2,False,0,0,False,False,6,False,False,risk_lstm,8,0.9471997022628784,0.24625784158706665,2.1562812328338623,0.8745340704917908,,,,,,accurate
3494,34940.0,34980.5000038147,35000.30000305176,0,19.799999237060547,60.30000305175781,34980.0,True,3,2,False,0,0,False,False,5,False,False,risk_lstm,8,0.9372278451919556,0.26779255270957947,2.0861122608184814,0.892414391040802,,,,,,accurate
3495,34950.0,35000.30000305176,35023.60000228882,0,23.299999237060547,73.60000228881836,34990.0,True,4,3,False,0,0,False,False,4,False,False,risk_lstm,8,0.9165163040161133,0.33397719264030457,2.107717752456665,0.8804574608802795,,,,,,accurate
3498,34980.0,35023.60000228882,35045.90000152588,0,22.299999237060547,65.9000015258789,35020.0,True,4,3,False,0,0,False,False,1,True,False,risk_lstm,8,0.93291836977005,0.3185991644859314,2.1908998489379883,0.8727059960365295,,,,,,accurate
3500,35000.0,35045.90000152588,35078.20000457764,0,32.30000305175781,78.20000457763672,35040.0,True,4,3,False,0,0,False,False,99,False,False,risk_lstm,8,0.8880469799041748,0.37971851229667664,2.1726372241973877,0.8833478689193726,,,,,,accurate
3501,35010.0,35078.20000457764,35097.60000228882,0,19.39999771118164,87.60000228881836,35050.0,True,4,3,False,1,1,False,False,98,False,False,risk_lstm,8,0.8921074867248535,0.3908756673336029,2.0518624782562256,0.8932616114616394,,,,,,accurate
3502,35020.0,35097.60000228882,35117.19999694824,0,19.599994659423828,97.19999694824219,35060.0,True,5,4,False,0,0,False,False,97,False,False,risk_lstm,8,0.8939357399940491,0.31446000933647156,1.9044252634048462,0.9263733625411987,,,,,,accurate
3503,35030.0,35117.19999694824,35143.29999542236,0,26.099998474121094,113.29999542236328,35070.0,True,5,4,False,1,1,False,False,96,False,False,risk_lstm,8,0.8888312578201294,0.3184945285320282,2.1229097843170166,0.8882168531417847,,,,,,accurate
3506,35060.0,35143.29999542236,35161.399993896484,0,18.099998474121094,101.39999389648438,35100.0,True,5,4,False,0,0,False,False,93,False,False,risk_lstm,8,0.9289253354072571,0.25463899970054626,2.038280487060547,0.914418637752533,,,,,,accurate
3509,35090.0,35161.399993896484,35200.79999542236,0,39.400001525878906,110.79999542236328,35130.0,True,5,4,False,1,1,False,False,90,False,False,risk_lstm,8,0.9381090998649597,0.26440948247909546,2.1449577808380127,0.8762327432632446,,,,,,accurate
3510,35100.0,35200.79999542236,35253.79999542236,0,53.0,153.79999542236328,35140.0,True,5,4,False,0,0,False,False,89,False,False,risk_lstm,8,0.9394627213478088,0.32416579127311707,2.1132776737213135,0.884053647518158,,,,,,accurate
3513,35130.0,35253.79999542236,35283.29999542236,0,29.5,153.29999542236328,35170.0,True,5,4,False,1,1,False,False,86,False,False,risk_lstm,8,0.9470725655555725,0.26486074924468994,2.168933629989624,0.868668794631958,,,,,,accurate
3515,35150.0,35283.29999542236,35309.39999771118,0,26.10000228881836,159.39999771118164,35190.0,True,5,4,False,0,0,False,False,84,False,False,risk_lstm,8,0.9295101761817932,0.30551886558532715,2.179077625274658,0.8761356472969055,,,,,,accurate
3517,35170.0,35309.39999771118,35339.4999961853,0,30.099998474121094,169.49999618530273,35210.0,True,5,4,False,0,0,False,False,82,False,False,risk_lstm,8,0.872838020324707,0.3291873037815094,1.9950811862945557,0.8885965347290039,,,,,,accurate
3519,35190.0,35339.4999961853,35368.19999694824,0,28.700000762939453,178.1999969482422,35230.0,True,6,5,True,0,0,False,False,80,False,False,risk_lstm,8,0.8858572244644165,0.3648027777671814,2.1819684505462646,0.8820525407791138,,,,,,accurate
3522,35220.0,35368.19999694824,35384.599994659424,0,16.39999771118164,164.59999465942383,35260.0,True,6,5,True,1,1,False,False,77,False,False,risk_lstm,8,0.8673232197761536,0.2551618218421936,2.037074565887451,0.9393357038497925,,,,,,accurate
3530,35300.0,35384.599994659424,35407.69999694824,0,23.10000228881836,107.69999694824219,35340.0,True,5,4,False,0,0,False,False,69,False,False,risk_lstm,8,0.9110741019248962,0.37759026885032654,2.156569719314575,0.8884300589561462,,,,,,accurate
3534,35340.0,35407.69999694824,35427.79999542236,0,20.099998474121094,87.79999542236328,35380.0,True,4,3,False,0,0,False,False,65,False,False,risk_lstm,8,0.8937128782272339,0.4025871157646179,1.9651257991790771,0.9065825343132019,,,,,,accurate
3537,35370.0,35427.79999542236,35448.09999847412,0,20.300003051757812,78.0999984741211,35410.0,True,4,3,False,0,0,False,False,62,False,False,risk_lstm,8,0.9101436138153076,0.3537622392177582,2.1075141429901123,0.8811938166618347,,,,,,accurate
3538,35380.0,35448.09999847412,35467.90000152588,0,19.800003051757812,87.9000015258789,35420.0,True,5,4,False,0,0,False,False,61,False,False,risk_lstm,8,0.9384844899177551,0.2555193603038788,2.085994005203247,0.8935724496841431,,,,,,accurate
3542,35420.0,35467.90000152588,35492.0,0,24.099998474121094,72.0,35460.0,True,4,3,False,0,0,False,False,57,False,False,risk_lstm,8,0.9371106624603271,0.27134156227111816,2.18601393699646,0.872899055480957,,,,,,accurate
3546,35460.0,35492.0,35514.900005340576,0,22.900005340576172,54.90000534057617,35500.0,True,3,2,False,0,0,False,False,53,False,False,risk_lstm,8,0.9194113612174988,0.3025522530078888,2.218414545059204,0.8767548203468323,,,,,,accurate
3550,35500.0,35514.900005340576,35536.300006866455,0,21.400001525878906,36.30000686645508,35540.0,False,2,1,False,0,0,False,False,49,False,True,risk_lstm,8,0.9205123782157898,0.30979275703430176,2.1664035320281982,0.8828076720237732,,,,,,accurate
3552,35520.0,35536.300006866455,35560.70000457764,0,24.39999771118164,40.70000457763672,35560.0,True,2,1,False,1,1,False,False,47,False,False,risk_lstm,8,0.8970211148262024,0.40676912665367126,2.024658203125,0.8928635120391846,,,,,,accurate
3553,35530.0,35560.70000457764,35585.5000038147,0,24.799999237060547,55.500003814697266,35570.0,True,3,2,False,0,0,False,False,46,False,False,risk_lstm,8,0.883975625038147,0.37186360359191895,2.1674540042877197,0.8818005323410034,,,,,,accurate
3556,35560.0,35585.5000038147,35609.30000305176,0,23.799999237060547,49.30000305175781,35600.0,True,3,2,False,0,0,False,False,43,False,False,risk_lstm,8,0.9196195602416992,0.38846156001091003,2.1740424633026123,0.8669699430465698,,,,,,accurate
3557,35570.0,35609.30000305176,35637.20000457764,0,27.900001525878906,67.20000457763672,35610.0,True,3,2,False,0,0,False,False,42,False,False,risk_lstm,8,0.9236817359924316,0.37498584389686584,2.2092623710632324,0.8655718564987183,,,,,,accurate
3558,35580.0,35637.20000457764,35658.100006103516,0,20.900001525878906,78.10000610351562,35620.0,True,4,3,False,0,0,False,False,41,False,False,risk_lstm,8,0.9360414743423462,0.424785852432251,2.114746332168579,0.8674909472465515,,,,,,accurate
3559,35590.0,35658.100006103516,35677.900005340576,0,19.799999237060547,87.90000534057617,35630.0,True,4,3,False,0,0,False,False,40,False,False,risk_lstm,8,0.9368133544921875,0.34745916724205017,2.0125465393066406,0.9149913787841797,,,,,,accurate
3563,35630.0,35677.900005340576,35696.900005340576,0,19.0,66.90000534057617,35670.0,True,4,3,False,0,0,False,False,36,False,False,risk_lstm,8,0.9397231936454773,0.3193925619125366,2.0031497478485107,0.9039791226387024,,,,,,accurate
3565,35650.0,35696.900005340576,35718.20000457764,0,21.299999237060547,68.20000457763672,35690.0,True,4,3,False,0,0,False,False,34,False,False,risk_lstm,8,0.9395712018013,0.3146738111972809,2.1155331134796143,0.8747764825820923,,,,,,accurate
3573,35730.0,35730.0,35756.9999961853,0,26.999996185302734,26.999996185302734,35770.0,False,1,0,False,0,0,False,False,26,False,True,risk_lstm,8,0.9155182242393494,0.31735479831695557,2.080167055130005,0.8851699829101562,,,,,,accurate
3574,35740.0,35756.9999961853,35781.399993896484,0,24.39999771118164,41.399993896484375,35780.0,True,2,1,False,1,1,False,False,25,False,False,risk_lstm,8,0.9277624487876892,0.31863975524902344,2.1412904262542725,0.8677589297294617,,,,,,accurate
3576,35760.0,35781.399993896484,35807.799991607666,0,26.39999771118164,47.799991607666016,35800.0,True,2,1,False,0,0,False,False,23,False,False,risk_lstm,8,0.9129864573478699,0.3185640573501587,2.215782880783081,0.8770366907119751,,,,,,accurate
3581,35810.0,35810.0,35826.70000076294,0,16.700000762939453,16.700000762939453,35850.0,False,1,0,False,0,0,False,False,18,False,True,risk_lstm,8,0.9377861618995667,0.1708855926990509,2.0027592182159424,0.9179400205612183,,,,,,accurate
3584,35840.0,35840.0,35876.59999847412,0,36.599998474121094,36.599998474121094,35880.0,False,1,0,False,0,0,False,False,15,False,True,risk_lstm,8,0.9344173073768616,0.2473154067993164,2.2239177227020264,0.8825985789299011,,,,,,accurate
3589,35890.0,35890.0,35911.79999923706,0,21.799999237060547,21.799999237060547,35930.0,False,1,0,False,0,0,False,False,10,False,True,risk_lstm,8,0.9389641284942627,0.3130367696285248,2.1039469242095947,0.8902067542076111,,,,,,accurate
3590,35900.0,35911.79999923706,35937.20000076294,0,25.400001525878906,37.20000076293945,35940.0,False,2,1,False,0,0,False,False,9,False,True,risk_lstm,8,0.9327409863471985,0.30870118737220764,2.1827237606048584,0.8704443573951721,,,,,,accurate
3591,35910.0,35937.20000076294,35957.5,0,20.299999237060547,47.5,35950.0,True,3,2,False,0,0,False,False,8,False,False,risk_lstm,8,0.9190880060195923,0.2770942747592926,2.013347625732422,0.908749520778656,,,,,,accurate
3598,35980.0,35980.0,36001.89999771118,0,21.89999771118164,21.89999771118164,36020.0,False,1,0,False,0,0,False,False,1,True,True,risk_lstm,8,0.924998939037323,0.32271483540534973,2.1683976650238037,0.8760311603546143,,,,,,accurate
3600,36000.0,36001.89999771118,36023.69999694824,0,21.799999237060547,23.699996948242188,36040.0,False,2,1,False,1,1,False,False,99,False,True,risk_lstm,8,0.919178307056427,0.31561505794525146,2.124699354171753,0.8825652599334717,,,,,,accurate
3603,36030.0,36030.0,36057.70000076294,0,27.700000762939453,27.700000762939453,36070.0,False,1,0,False,0,0,False,False,96,False,True,risk_lstm,8,0.944538950920105,0.34173986315727234,2.094468832015991,0.8838249444961548,,,,,,accurate
3607,36070.0,36070.0,36093.599994659424,0,23.599994659423828,23.599994659423828,36110.0,False,1,0,False,0,0,False,False,92,False,True,risk_lstm,8,0.8844069838523865,0.3996430039405823,2.1411030292510986,0.8783307075500488,,,,,,accurate
3612,36120.0,36120.0,36158.39999771118,0,38.39999771118164,38.39999771118164,36160.0,False,1,0,False,0,0,False,False,87,False,True,risk_lstm,8,0.8409355282783508,0.40042439103126526,2.0107312202453613,0.8930912613868713,,,,,,accurate
3614,36140.0,36158.39999771118,36184.20000076294,0,25.800003051757812,44.20000076293945,36180.0,True,2,1,False,0,0,False,False,85,False,False,risk_lstm,8,0.9206126928329468,0.3600822985172272,2.2097103595733643,0.8717039227485657,,,,,,accurate
3615,36150.0,36184.20000076294,36209.40000152588,0,25.200000762939453,59.400001525878906,36190.0,True,3,2,False,1,1,False,False,84,False,False,risk_lstm,8,0.8599749207496643,0.35633042454719543,2.1121585369110107,0.8896872997283936,,,,,,accurate
3619,36190.0,36209.40000152588,36226.70000457764,0,17.300003051757812,36.70000457763672,36230.0,False,2,1,False,0,0,False,False,80,False,True,risk_lstm,8,0.8956199884414673,0.32494398951530457,1.9409971237182617,0.9254728555679321,,,,,,accurate
3621,36210.0,36226.70000457764,36249.10000228882,0,22.39999771118164,39.10000228881836,36250.0,False,2,1,False,0,0,False,False,78,False,True,risk_lstm,8,0.9157500863075256,0.3338187038898468,2.2165944576263428,0.8812482953071594,,,,,,accurate
3622,36220.0,36249.10000228882,36275.10000228882,0,26.0,55.10000228881836,36260.0,True,3,2,False,0,0,False,False,77,False,False,risk_lstm,8,0.925541341304779,0.30569660663604736,2.244157552719116,0.8789637088775635,,,,,,accurate
3624,36240.0,36275.10000228882,36301.4999961853,0,26.399993896484375,61.499996185302734,36280.0,True,3,2,False,1,1,False,False,75,False,False,risk_lstm,8,0.9190046191215515,0.322857528924942,2.2289116382598877,0.8831416964530945,,,,,,accurate
3625,36250.0,36301.4999961853,36338.199993133545,0,36.69999694824219,88.19999313354492,36290.0,True,3,2,False,0,0,False,False,74,False,False,risk_lstm,8,0.900563657283783,0.34440183639526367,2.2374930381774902,0.8813965320587158,,,,,,accurate
3627,36270.0,36338.199993133545,36359.499992370605,0,21.299999237060547,89.49999237060547,36310.0,True,4,3,False,0,0,False,False,72,False,False,risk_lstm,8,0.9057949781417847,0.3860345184803009,2.1300461292266846,0.8927712440490723,,,,,,accurate
3628,36280.0,36359.499992370605,36376.099994659424,0,16.60000228881836,96.09999465942383,36320.0,True,4,3,False,1,1,False,False,71,False,False,risk_lstm,8,0.9070684313774109,0.20926682651042938,1.972379207611084,0.9294848442077637,,,,,,accurate
3630,36300.0,36376.099994659424,36403.399993896484,0,27.299999237060547,103.39999389648438,36340.0,True,5,4,False,1,1,False,False,69,False,False,risk_lstm,8,0.9426528215408325,0.2771841883659363,2.1675970554351807,0.878764808177948,,,,,,accurate
3635,36350.0,36403.399993896484,36420.89999771118,0,17.500003814697266,70.89999771118164,36390.0,True,4,3,False,0,0,False,False,64,False,False,risk_lstm,8,0.9162428379058838,0.2217879593372345,1.9394521713256836,0.9261419177055359,,,,,,accurate
3636,36360.0,36420.89999771118,36443.59999847412,0,22.700000762939453,83.5999984741211,36400.0,True,4,3,False,0,0,False,False,63,False,False,risk_lstm,8,0.9406981468200684,0.2822987139225006,2.0618484020233154,0.8908784985542297,,,,,,accurate
3637,36370.0,36443.59999847412,36463.19999694824,0,19.599998474121094,93.19999694824219,36410.0,True,5,4,False,0,0,False,False,62,False,False,risk_lstm,8,0.9466572403907776,0.2594890296459198,2.0847890377044678,0.90196293592453,,,,,,accurate
3638,36380.0,36463.19999694824,36488.29999923706,0,25.10000228881836,108.29999923706055,36420.0,True,5,4,False,0,0,False,False,61,False,False,risk_lstm,8,0.9410848021507263,0.27384454011917114,2.05808424949646,0.8987680077552795,,,,,,accurate
3639,36390.0,36488.29999923706,36506.90000152588,0,18.60000228881836,116.9000015258789,36430.0,True,6,5,True,1,1,False,False,60,False,False,risk_lstm,8,0.9619332551956177,0.1805996596813202,2.0780200958251953,0.9101570248603821,,,,,,accurate
3641,36410.0,36506.90000152588,36533.900005340576,0,27.000003814697266,123.90000534057617,36450.0,True,6,5,True,0,0,False,False,58,False,False,risk_lstm,8,0.916833221912384,0.15565311908721924,1.9824857711791992,0.9241333603858948,,,,,,accurate
3643,36430.0,36533.900005340576,36558.900005340576,0,25.0,128.90000534057617,36470.0,True,6,5,True,0,0,False,False,56,False,False,risk_lstm,8,0.9495953917503357,0.19729608297348022,2.1278109550476074,0.8713376522064209,,,,,,accurate
3647,36470.0,36558.900005340576,36586.000007629395,0,27.10000228881836,116.00000762939453,36510.0,True,5,4,False,0,0,False,False,52,False,False,risk_lstm,8,0.91481614112854,0.22662858664989471,2.1174304485321045,0.8849069476127625,,,,,,accurate
3648,36480.0,36586.000007629395,36608.60000991821,0,22.60000228881836,128.6000099182129,36520.0,True,6,5,True,0,0,False,False,51,False,False,risk_lstm,8,0.9337371587753296,0.24778614938259125,2.2171449661254883,0.8848322629928589,,,,,,accurate
3651,36510.0,36608.60000991821,36636.90000915527,0,28.299999237060547,126.90000915527344,36550.0,True,5,4,False,1,1,False,False,48,False,False,risk_lstm,8,0.8884687423706055,0.2534075081348419,2.183242082595825,0.8945513367652893,,,,,,accurate
3655,36550.0,36636.90000915527,36658.40000915527,0,21.5,108.40000915527344,36590.0,True,5,4,False,0,0,False,False,44,False,False,risk_lstm,8,0.9164835810661316,0.3180854618549347,2.157066583633423,0.8905594944953918,,,,,,accurate
3659,36590.0,36658.40000915527,36687.20000457764,0,28.79999542236328,97.20000457763672,36630.0,True,4,3,False,0,0,False,False,40,False,False,risk_lstm,8,0.87077397108078,0.28321778774261475,2.0648348331451416,0.890587568283081,,,,,,accurate
3660,36600.0,36687.20000457764,36712.30000305176,0,25.099998474121094,112.30000305175781,36640.0,True,5,4,False,0,0,False,False,39,False,False,risk_lstm,8,0.9035094976425171,0.36154356598854065,2.201408624649048,0.8806903958320618,,,,,,accurate
3662,36620.0,36712.30000305176,36729.60000228882,0,17.299999237060547,109.60000228881836,36660.0,True,5,4,False,0,0,False,False,37,False,False,risk_lstm,8,0.8743720054626465,0.282159686088562,1.9662202596664429,0.9377347826957703,,,,,,accurate
3663,36630.0,36729.60000228882,36752.60000228882,0,23.0,122.60000228881836,36670.0,True,6,5,True,0,0,False,False,36,False,False,risk_lstm,8,0.8965696692466736,0.3421958386898041,2.0720131397247314,0.8952805995941162,,,,,,accurate
3665,36650.0,36752.60000228882,36772.20000457764,0,19.60000228881836,122.20000457763672,36690.0,True,6,5,True,0,0,False,False,34,False,False,risk_lstm,8,0.9027454853057861,0.38060665130615234,1.9593217372894287,0.9061288833618164,,,,,,accurate
3666,36660.0,36772.20000457764,36792.40000152588,0,20.199996948242188,132.4000015258789,36700.0,True,6,5,True,1,1,False,False,33,False,False,risk_lstm,8,0.933869481086731,0.2886848449707031,2.0747740268707275,0.8995979428291321,,,,,,accurate
3667,36670.0,36792.40000152588,36809.09999847412,0,16.699996948242188,139.0999984741211,36710.0,True,7,6,True,1,1,False,False,32,False,False,risk_lstm,8,0.8929088115692139,0.17267119884490967,1.9476275444030762,0.9284255504608154,,,,,,accurate
3669,36690.0,36809.09999847412,36841.29999542236,0,32.19999694824219,151.29999542236328,36730.0,True,7,6,True,0,0,False,False,30,False,False,risk_lstm,8,0.9318608045578003,0.22703978419303894,2.1151132583618164,0.8753875494003296,,,,,,accurate
3673,36730.0,36841.29999542236,36869.099994659424,0,27.799999237060547,139.09999465942383,36770.0,True,6,5,True,0,0,False,False,26,False,False,risk_lstm,8,0.947704553604126,0.2217162549495697,2.1516287326812744,0.8799415826797485,,,,,,accurate
3677,36770.0,36869.099994659424,36895.199993133545,0,26.099998474121094,125.19999313354492,36810.0,True,6,5,True,0,0,False,False,22,False,False,risk_lstm,8,0.9262197017669678,0.2604246735572815,2.1309192180633545,0.8890054821968079,,,,,,accurate
3680,36800.0,36895.199993133545,36927.999992370605,0,32.79999923706055,127.99999237060547,36840.0,True,5,4,False,1,1,False,False,19,False,False,risk_lstm,8,0.9036547541618347,0.279581755399704,2.1854608058929443,0.8884462118148804,,,,,,accurate
3684,36840.0,36927.999992370605,36946.199993133545,0,18.200000762939453,106.19999313354492,36880.0,True,5,4,False,0,0,False,False,15,False,False,risk_lstm,8,0.9480990767478943,0.13198226690292358,2.1307671070098877,0.9140356779098511,,,,,,accurate
3685,36850.0,36946.199993133545,36978.59999084473,0,32.39999771118164,128.59999084472656,36890.0,True,5,4,False,0,0,False,False,14,False,False,risk_lstm,8,0.9449753761291504,0.2577320337295532,2.2583389282226562,0.8842481970787048,,,,,,accurate
3691,36910.0,36978.59999084473,36998.299991607666,0,19.700000762939453,88.29999160766602,36950.0,True,4,3,False,0,0,False,False,8,False,False,risk_lstm,8,0.9180650115013123,0.342590868473053,2.038591146469116,0.9021824598312378,,,,,,accurate
3692,36920.0,36998.299991607666,37020.199993133545,0,21.900001525878906,100.19999313354492,36960.0,True,5,4,False,1,1,False,False,7,False,False,risk_lstm,8,0.9180811047554016,0.38439691066741943,2.1955156326293945,0.8746331334114075,,,,,,accurate
3697,36970.0,37020.199993133545,37044.999992370605,0,24.799999237060547,74.99999237060547,37010.0,True,4,3,False,0,0,False,False,2,True,False,risk_lstm,8,0.9124854207038879,0.3954405188560486,2.1997287273406982,0.8748550415039062,,,,,,accurate
3698,36980.0,37044.999992370605,37070.69998931885,0,25.699996948242188,90.69998931884766,37020.0,True,4,3,False,0,0,False,False,1,True,False,risk_lstm,8,0.8456759452819824,0.3848878741264343,2.034702777862549,0.8915817141532898,,,,,,accurate
3700,37000.0,37070.69998931885,37092.999992370605,0,22.300003051757812,92.99999237060547,37040.0,True,4,3,False,1,1,False,False,99,False,False,risk_lstm,8,0.9198987483978271,0.379095196723938,2.1879684925079346,0.8746442198753357,,,,,,accurate
3701,37010.0,37092.999992370605,37115.39999008179,0,22.39999771118164,105.39999008178711,37050.0,True,5,4,False,0,0,False,False,98,False,False,risk_lstm,8,0.9147655963897705,0.37294772267341614,2.187980890274048,0.8742594718933105,,,,,,accurate
3707,37070.0,37115.39999008179,37135.79998779297,0,20.39999771118164,65.79998779296875,37110.0,True,4,3,False,0,0,False,False,92,False,False,risk_lstm,8,0.8701757192611694,0.45202872157096863,2.0150232315063477,0.8958515524864197,,,,,,accurate
3708,37080.0,37135.79998779297,37159.19998931885,0,23.400001525878906,79.19998931884766,37120.0,True,4,3,False,0,0,False,False,91,False,False,risk_lstm,8,0.8993199467658997,0.4395088255405426,2.113389730453491,0.8712998032569885,,,,,,accurate
3710,37100.0,37159.19998931885,37183.89998626709,0,24.699996948242188,83.89998626708984,37140.0,True,4,3,False,0,0,False,False,89,False,False,risk_lstm,8,0.8908034563064575,0.41419318318367004,2.1673195362091064,0.8730567097663879,,,,,,accurate
3711,37110.0,37183.89998626709,37211.59998703003,0,27.700000762939453,101.5999870300293,37150.0,True,5,4,False,0,0,False,False,88,False,False,risk_lstm,8,0.8434028029441833,0.399275004863739,2.053649663925171,0.8880035281181335,,,,,,accurate
3713,37130.0,37211.59998703003,37233.49998855591,0,21.900001525878906,103.4999885559082,37170.0,True,5,4,False,0,0,False,False,86,False,False,risk_lstm,8,0.9143425226211548,0.3887505531311035,2.198777675628662,0.8683998584747314,,,,,,accurate
3714,37140.0,37233.49998855591,37256.29998779297,0,22.799999237060547,116.29998779296875,37180.0,True,5,4,False,0,0,False,False,85,False,False,risk_lstm,8,0.9075654149055481,0.43773671984672546,2.155503273010254,0.8725690245628357,,,,,,accurate
3715,37150.0,37256.29998779297,37287.59998703003,0,31.299999237060547,137.5999870300293,37190.0,True,6,5,True,0,0,False,False,84,False,False,risk_lstm,8,0.8397247195243835,0.3976227641105652,2.016111135482788,0.887004554271698,,,,,,accurate
3717,37170.0,37287.59998703003,37313.79998397827,0,26.199996948242188,143.79998397827148,37210.0,True,6,5,True,1,1,False,False,82,False,False,risk_lstm,8,0.9157581329345703,0.4119570851325989,2.212578535079956,0.867431640625,,,,,,accurate
3718,37180.0,37313.79998397827,37331.69998931885,0,17.900005340576172,151.69998931884766,37220.0,True,7,6,True,0,0,False,False,81,False,False,risk_lstm,8,0.9323568940162659,0.2840884327888489,2.0197489261627197,0.9078409075737,,,,,,accurate
3722,37220.0,37331.69998931885,37351.79998779297,0,20.099998474121094,131.79998779296875,37260.0,True,6,5,True,1,1,False,False,77,False,False,risk_lstm,8,0.9454473257064819,0.2844199538230896,2.096127510070801,0.8869733214378357,,,,,,accurate
3723,37230.0,37351.79998779297,37370.19998550415,0,18.39999771118164,140.1999855041504,37270.0,True,7,6,True,0,0,False,False,76,False,False,risk_lstm,8,0.955474317073822,0.23480242490768433,2.0749876499176025,0.9083848595619202,,,,,,accurate
3724,37240.0,37370.19998550415,37398.59998703003,0,28.400001525878906,158.5999870300293,37280.0,True,7,6,True,0,0,False,False,75,False,False,risk_lstm,8,0.8905211091041565,0.30639520287513733,2.0407145023345947,0.882610023021698,,,,,,accurate
3727,37270.0,37398.59998703003,37422.59998703003,0,24.0,152.5999870300293,37310.0,True,7,6,True,0,0,False,False,72,False,False,risk_lstm,8,0.9398718476295471,0.3000137507915497,2.049988269805908,0.8965451717376709,,,,,,accurate
3729,37290.0,37422.59998703003,37443.09998703003,0,20.5,153.0999870300293,37330.0,True,7,6,True,1,1,False,False,70,False,False,risk_lstm,8,0.9286433458328247,0.24782916903495789,2.0683648586273193,0.8970937728881836,,,,,,accurate
3731,37310.0,37443.09998703003,37461.59998703003,0,18.5,151.5999870300293,37350.0,True,8,7,True,1,1,False,False,68,False,False,risk_lstm,8,0.9430273175239563,0.20234641432762146,2.095567226409912,0.910910427570343,,,,,,accurate
3732,37320.0,37461.59998703003,37479.69998550415,0,18.099998474121094,159.6999855041504,37360.0,True,8,7,True,0,0,False,False,67,False,False,risk_lstm,8,0.9602799415588379,0.18270592391490936,2.096604824066162,0.9061796069145203,,,,,,accurate
3735,37350.0,37479.69998550415,37502.99998474121,0,23.299999237060547,152.99998474121094,37390.0,True,8,7,True,0,0,False,False,64,False,False,risk_lstm,8,0.956533670425415,0.24013249576091766,2.113438367843628,0.884011447429657,,,,,,accurate
3738,37380.0,37502.99998474121,37533.799980163574,0,30.79999542236328,153.79998016357422,37420.0,True,7,6,True,1,1,False,False,61,False,False,risk_lstm,8,0.9071577191352844,0.2757774293422699,2.0675268173217773,0.8767597675323486,,,,,,accurate
3739,37390.0,37533.799980163574,37558.49997711182,0,24.699996948242188,168.4999771118164,37430.0,True,8,7,True,1,1,False,False,60,False,False,risk_lstm,8,0.8970722556114197,0.28632545471191406,2.2097506523132324,0.8869742751121521,,,,,,accurate
3740,37400.0,37558.49997711182,37580.79997634888,0,22.299999237060547,180.79997634887695,37440.0,True,8,7,True,0,0,False,False,59,False,False,risk_lstm,8,0.937002956867218,0.2954709529876709,2.184903621673584,0.8769964575767517,,,,,,accurate
3742,37420.0,37580.79997634888,37602.69997406006,0,21.89999771118164,182.6999740600586,37460.0,True,9,8,True,0,0,False,False,57,False,False,risk_lstm,8,0.886786162853241,0.38678932189941406,2.1644387245178223,0.8901224136352539,,,,,,accurate
3748,37480.0,37602.69997406006,37625.399978637695,0,22.70000457763672,145.3999786376953,37520.0,True,6,5,True,1,1,False,False,51,False,False,risk_lstm,8,0.9220151305198669,0.3465339243412018,2.179659605026245,0.8747486472129822,,,,,,accurate
3750,37500.0,37625.399978637695,37651.799980163574,0,26.400001525878906,151.79998016357422,37540.0,True,7,6,True,0,0,False,False,49,False,False,risk_lstm,8,0.8851369023323059,0.3768462836742401,2.1716148853302,0.8802827596664429,,,,,,accurate
3751,37510.0,37651.799980163574,37682.799980163574,0,31.0,172.79998016357422,37550.0,True,7,6,True,0,0,False,False,48,False,False,risk_lstm,8,0.8271430730819702,0.41727596521377563,1.9926679134368896,0.8875526189804077,,,,,,accurate
3753,37530.0,37682.799980163574,37705.399978637695,0,22.599998474121094,175.3999786376953,37570.0,True,8,7,True,0,0,False,False,46,False,False,risk_lstm,8,0.9074490666389465,0.4036676585674286,2.1895148754119873,0.871163547039032,,,,,,accurate
3757,37570.0,37705.399978637695,37733.29997634888,0,27.89999771118164,163.29997634887695,37610.0,True,7,6,True,1,1,False,False,42,False,False,risk_lstm,8,0.87422776222229,0.3990360200405121,2.1271607875823975,0.8818886876106262,,,,,,accurate
3758,37580.0,37733.29997634888,37752.49997711182,0,19.200000762939453,172.4999771118164,37620.0,True,8,7,True,0,0,False,False,41,False,False,risk_lstm,8,0.913936197757721,0.41345417499542236,1.9675049781799316,0.9146566390991211,,,,,,accurate
3759,37590.0,37752.49997711182,37781.699977874756,0,29.200000762939453,191.69997787475586,37630.0,True,8,7,True,0,0,False,False,40,False,False,risk_lstm,8,0.8640580177307129,0.3505111038684845,2.1135988235473633,0.8901845812797546,,,,,,accurate
3761,37610.0,37781.699977874756,37804.799980163574,0,23.10000228881836,194.79998016357422,37650.0,True,8,7,True,1,1,False,False,38,False,False,risk_lstm,8,0.920842707157135,0.3347901701927185,2.2307326793670654,0.8737159371376038,,,,,,accurate
3764,37640.0,37804.799980163574,37826.699977874756,0,21.89999771118164,186.69997787475586,37680.0,True,8,7,True,0,0,False,False,35,False,False,risk_lstm,8,0.8984497785568237,0.4021729826927185,2.150303602218628,0.8869882225990295,,,,,,accurate
3767,37670.0,37826.699977874756,37848.099979400635,0,21.400001525878906,178.09997940063477,37710.0,True,8,7,True,1,1,False,False,32,False,False,risk_lstm,8,0.9024266600608826,0.3958949148654938,2.1601409912109375,0.8792157769203186,,,,,,accurate
3769,37690.0,37848.099979400635,37873.699977874756,0,25.599998474121094,183.69997787475586,37730.0,True,8,7,True,1,1,False,False,30,False,False,risk_lstm,8,0.902930498123169,0.40537282824516296,2.171753168106079,0.876072883605957,,,,,,accurate
3772,37720.0,37873.699977874756,37895.59997558594,0,21.89999771118164,175.5999755859375,37760.0,True,8,7,True,0,0,False,False,27,False,False,risk_lstm,8,0.8985617160797119,0.40007519721984863,2.13495135307312,0.8848909735679626,,,,,,accurate
3775,37750.0,37895.59997558594,37913.899978637695,0,18.300003051757812,163.8999786376953,37790.0,True,8,7,True,1,1,False,False,24,False,False,risk_lstm,8,0.9362338185310364,0.3088008463382721,2.0630619525909424,0.9026741981506348,,,,,,accurate
3776,37760.0,37913.899978637695,37935.49997711182,0,21.599998474121094,175.4999771118164,37800.0,True,8,7,True,0,0,False,False,23,False,False,risk_lstm,8,0.9054335355758667,0.4069127142429352,2.026714324951172,0.8870106935501099,,,,,,accurate
3779,37790.0,37935.49997711182,37955.699977874756,0,20.200000762939453,165.69997787475586,37830.0,True,8,7,True,0,0,False,False,20,False,False,risk_lstm,8,0.8955585956573486,0.39454102516174316,2.0763745307922363,0.8801923394203186,,,,,,accurate
3780,37800.0,37955.699977874756,37978.29997634888,0,22.599998474121094,178.29997634887695,37840.0,True,9,8,True,0,0,False,False,19,False,False,risk_lstm,8,0.9321867823600769,0.3627230226993561,2.1202337741851807,0.8579259514808655,,,,,,accurate
3781,37810.0,37978.29997634888,38002.99997711182,0,24.700000762939453,192.9999771118164,37850.0,True,9,8,True,1,1,False,False,18,False,False,risk_lstm,8,0.9182155728340149,0.3701448142528534,2.188016891479492,0.8654109239578247,,,,,,accurate
3782,37820.0,38002.99997711182,38023.399974823,0,20.39999771118164,203.39997482299805,37860.0,True,10,9,True,0,0,False,False,17,False,False,risk_lstm,8,0.9134816527366638,0.37198424339294434,2.096933126449585,0.883103609085083,,,,,,accurate
3783,37830.0,38023.399974823,38042.99997329712,0,19.599998474121094,212.99997329711914,37870.0,True,10,9,True,0,0,False,False,16,False,False,risk_lstm,8,0.8981663584709167,0.40526995062828064,2.062429428100586,0.8904228806495667,,,,,,accurate
3784,37840.0,38042.99997329712,38061.59997558594,0,18.60000228881836,221.5999755859375,37880.0,True,11,10,True,1,1,False,False,15,False,False,risk_lstm,8,0.9320181608200073,0.2774614095687866,2.0317273139953613,0.9141286015510559,,,,,,accurate
3789,37890.0,38061.59997558594,38079.69997406006,0,18.099998474121094,189.6999740600586,37930.0,True,10,9,True,1,1,False,False,10,False,False,risk_lstm,8,0.9242759943008423,0.29919931292533875,1.9646260738372803,0.9157314300537109,,,,,,accurate
3793,37930.0,38079.69997406006,38098.699977874756,0,19.000003814697266,168.69997787475586,37970.0,True,9,8,True,0,0,False,False,6,False,False,risk_lstm,8,0.9102405905723572,0.2660718560218811,2.06717586517334,0.9012208580970764,,,,,,accurate
3794,37940.0,38098.699977874756,38119.79997634888,0,21.099998474121094,179.79997634887695,37980.0,True,9,8,True,1,1,False,False,5,False,False,risk_lstm,8,0.9319931864738464,0.25508251786231995,2.139814615249634,0.8754624724388123,,,,,,accurate
3795,37950.0,38119.79997634888,38144.399974823,0,24.599998474121094,194.39997482299805,37990.0,True,10,9,True,0,0,False,False,4,False,False,risk_lstm,8,0.9439765810966492,0.26094022393226624,2.1451852321624756,0.8705229163169861,,,,,,accurate
3799,37990.0,38144.399974823,38163.59997558594,0,19.200000762939453,173.5999755859375,38030.0,True,9,8,True,0,0,False,True,0,True,False,risk_lstm,8,0.9276509881019592,0.2555915415287018,2.0620903968811035,0.9052150845527649,,,,,,accurate
3801,38010.0,38163.59997558594,38185.199977874756,0,21.60000228881836,175.19997787475586,38050.0,True,9,8,True,0,0,False,False,98,False,False,risk_lstm,8,0.9298847317695618,0.24460479617118835,2.0785608291625977,0.9012042284011841,,,,,,accurate
3803,38030.0,38185.199977874756,38203.699977874756,0,18.5,173.69997787475586,38070.0,True,9,8,True,0,0,False,False,96,False,False,risk_lstm,8,0.9317999482154846,0.24760587513446808,1.983362078666687,0.9178182482719421,,,,,,accurate
3804,38040.0,38203.699977874756,38240.29997634888,0,36.599998474121094,200.29997634887695,38080.0,True,10,9,True,1,1,False,False,95,False,False,risk_lstm,8,0.9009789824485779,0.2621963620185852,1.9901070594787598,0.8775796294212341,,,,,,accurate
3811,38110.0,38240.29997634888,38260.499980926514,0,20.20000457763672,150.49998092651367,38150.0,True,7,6,True,0,0,False,False,88,False,False,risk_lstm,8,0.9582871198654175,0.20733684301376343,2.07330584526062,0.9080393314361572,,,,,,accurate
3812,38120.0,38260.499980926514,38287.89998245239,0,27.400001525878906,167.89998245239258,38160.0,True,7,6,True,1,1,False,False,87,False,False,risk_lstm,8,0.9233347773551941,0.2548600137233734,2.204183340072632,0.880021333694458,,,,,,accurate
3815,38150.0,38287.89998245239,38305.69998168945,0,17.799999237060547,155.69998168945312,38190.0,True,7,6,True,0,0,False,False,84,False,False,risk_lstm,8,0.9297549724578857,0.15688276290893555,2.022213935852051,0.918332576751709,,,,,,accurate
3817,38170.0,38305.69998168945,38336.59998703003,0,30.900005340576172,166.5999870300293,38210.0,True,7,6,True,0,0,False,False,82,False,False,risk_lstm,8,0.9298474788665771,0.2424135059118271,2.173579216003418,0.8854326009750366,,,,,,accurate
3820,38200.0,38336.59998703003,38356.79998779297,0,20.200000762939453,156.79998779296875,38240.0,True,7,6,True,0,0,False,False,79,False,False,risk_lstm,8,0.9396157264709473,0.2114635854959488,1.9864565134048462,0.9263589978218079,,,,,,accurate
3825,38250.0,38356.79998779297,38380.999992370605,0,24.20000457763672,130.99999237060547,38290.0,True,6,5,True,0,0,False,False,74,False,False,risk_lstm,8,0.9557976722717285,0.19883260130882263,2.1735808849334717,0.8765937089920044,,,,,,accurate
3833,38330.0,38380.999992370605,38405.9999961853,0,25.000003814697266,75.99999618530273,38370.0,True,4,3,False,0,0,False,False,66,False,False,risk_lstm,8,0.9436137080192566,0.267499715089798,2.0785768032073975,0.8881130814552307,,,,,,accurate
3843,38430.0,38430.0,38455.20000076294,0,25.200000762939453,25.200000762939453,38470.0,False,1,0,False,0,0,False,False,56,False,True,risk_lstm,8,0.9432491660118103,0.26694774627685547,2.1445682048797607,0.8792943358421326,,,,,,accurate
3848,38480.0,38480.0,38499.59999847412,0,19.599998474121094,19.599998474121094,38520.0,False,1,0,False,0,0,False,False,51,False,True,risk_lstm,8,0.957782506942749,0.23338371515274048,2.110455274581909,0.9027808308601379,,,,,,accurate
3856,38560.0,38560.0,38580.89999771118,0,20.89999771118164,20.89999771118164,38600.0,False,1,0,False,0,0,False,False,43,False,True,risk_lstm,8,0.9404423832893372,0.239096999168396,2.0636801719665527,0.9066638350486755,,,,,,accurate
3859,38590.0,38590.0,38613.59999847412,0,23.599998474121094,23.599998474121094,38630.0,False,1,0,False,0,0,False,False,40,False,True,risk_lstm,8,0.9321033954620361,0.29948824644088745,2.153552770614624,0.8749644756317139,,,,,,accurate
3861,38610.0,38613.59999847412,38639.69999694824,0,26.099998474121094,29.699996948242188,38650.0,False,2,1,False,0,0,False,False,38,False,True,risk_lstm,8,0.9059380888938904,0.3036718964576721,2.2093851566314697,0.8838164806365967,,,,,,accurate
3862,38620.0,38639.69999694824,38668.499992370605,0,28.79999542236328,48.49999237060547,38660.0,True,2,1,False,1,1,False,False,37,False,False,risk_lstm,8,0.8493922352790833,0.35160282254219055,1.9977059364318848,0.88877934217453,,,,,,accurate
3863,38630.0,38668.499992370605,38686.09999084473,0,17.599998474121094,56.09999084472656,38670.0,True,3,2,False,0,0,False,False,36,False,False,risk_lstm,8,0.9215177297592163,0.2887876629829407,1.988279938697815,0.9246691465377808,,,,,,accurate
3864,38640.0,38686.09999084473,38708.09999084473,0,22.0,68.09999084472656,38680.0,True,3,2,False,0,0,False,False,35,False,False,risk_lstm,8,0.9321647882461548,0.2764585316181183,2.2196123600006104,0.8805497288703918,,,,,,accurate
3870,38700.0,38708.09999084473,38737.799991607666,0,29.700000762939453,37.799991607666016,38740.0,False,2,1,False,1,1,False,False,29,False,True,risk_lstm,8,0.8769737482070923,0.2864876091480255,2.0393104553222656,0.8926873207092285,,,,,,accurate
3871,38710.0,38737.799991607666,38758.599994659424,0,20.800003051757812,48.59999465942383,38750.0,True,2,1,False,0,0,False,False,28,False,False,risk_lstm,8,0.9211981296539307,0.34495341777801514,2.1196720600128174,0.8922069072723389,,,,,,accurate
3876,38760.0,38760.0,38776.39999771118,0,16.39999771118164,16.39999771118164,38800.0,False,1,0,False,0,0,False,False,23,False,True,risk_lstm,8,0.8636103272438049,0.1963881552219391,2.0351555347442627,0.9361612796783447,,,,,,accurate
3889,38890.0,38890.0,38908.90000152588,0,18.900001525878906,18.900001525878906,38930.0,False,1,0,False,0,0,False,False,10,False,True,risk_lstm,8,0.9406731724739075,0.20332932472229004,1.9932788610458374,0.9211438894271851,,,,,,accurate
3891,38910.0,38910.0,38927.9999961853,0,17.999996185302734,17.999996185302734,38950.0,False,1,0,False,0,0,False,False,8,False,True,risk_lstm,8,0.9533450603485107,0.14759857952594757,2.029759645462036,0.9181927442550659,,,,,,accurate
3901,39010.0,39010.0,39038.5,0,28.5,28.5,39050.0,False,1,0,False,0,0,False,False,98,False,True,risk_lstm,8,0.9534363746643066,0.19255171716213226,2.131502151489258,0.8708323836326599,,,,,,accurate
3908,39080.0,39080.0,39102.5,0,22.5,22.5,39120.0,False,1,0,False,1,1,False,False,91,False,True,risk_lstm,8,0.946193516254425,0.20847909152507782,2.1652793884277344,0.8790530562400818,,,,,,accurate
3912,39120.0,39120.0,39139.29999923706,0,19.299999237060547,19.299999237060547,39160.0,False,1,0,False,0,0,False,False,87,False,True,risk_lstm,8,0.9278030395507812,0.26152530312538147,1.9868438243865967,0.904093861579895,,,,,,accurate
3914,39140.0,39140.0,39163.90000152588,0,23.900001525878906,23.900001525878906,39180.0,False,1,0,False,0,0,False,False,85,False,True,risk_lstm,8,0.9378894567489624,0.23313821852207184,2.1926376819610596,0.8790738582611084,,,,,,accurate
3917,39170.0,39170.0,39194.80000305176,0,24.800003051757812,24.800003051757812,39210.0,False,1,0,False,0,0,False,False,82,False,True,risk_lstm,8,0.9204303622245789,0.2643004059791565,2.214503526687622,0.8855797648429871,,,,,,accurate
3919,39190.0,39194.80000305176,39220.20000457764,0,25.400001525878906,30.20000457763672,39230.0,False,2,1,False,0,0,False,False,80,False,True,risk_lstm,8,0.9195899367332458,0.27795684337615967,2.2512738704681396,0.8789953589439392,,,,,,accurate
3920,39200.0,39220.20000457764,39237.0000038147,0,16.799999237060547,37.000003814697266,39240.0,False,2,1,False,0,0,False,False,79,False,True,risk_lstm,8,0.9096232056617737,0.2075391560792923,2.0437135696411133,0.9293497204780579,,,,,,accurate
3922,39220.0,39237.0000038147,39257.5000038147,0,20.5,37.500003814697266,39260.0,False,3,2,False,0,0,False,False,77,False,True,risk_lstm,8,0.896882176399231,0.37680739164352417,2.077726364135742,0.8992931842803955,,,,,,accurate
3924,39240.0,39257.5000038147,39286.10000228882,0,28.599998474121094,46.10000228881836,39280.0,True,2,1,False,1,1,False,False,75,False,False,risk_lstm,8,0.8617560863494873,0.34496960043907166,2.08260440826416,0.8949056267738342,,,,,,accurate
3933,39330.0,39330.0,39349.59999847412,0,19.599998474121094,19.599998474121094,39370.0,False,1,0,False,1,1,False,False,66,False,True,risk_lstm,8,0.9510136246681213,0.28141283988952637,2.123652696609497,0.8948783874511719,,,,,,accurate
3936,39360.0,39360.0,39386.19999694824,0,26.199996948242188,26.199996948242188,39400.0,False,1,0,False,0,0,False,False,63,False,True,risk_lstm,8,0.8664620518684387,0.32437664270401,2.083625078201294,0.8939355611801147,,,,,,accurate
3939,39390.0,39390.0,39409.80000305176,0,19.800003051757812,19.800003051757812,39430.0,False,1,0,False,0,0,False,False,60,False,True,risk_lstm,8,0.9204696416854858,0.3167998194694519,2.1227777004241943,0.8880282640457153,,,,,,accurate
3941,39410.0,39410.0,39438.70000076294,0,28.700000762939453,28.700000762939453,39450.0,False,1,0,False,0,0,False,False,58,False,True,risk_lstm,8,0.8692120313644409,0.3013344705104828,2.056048631668091,0.8901650905609131,,,,,,accurate
3944,39440.0,39440.0,39461.60000228882,0,21.60000228881836,21.60000228881836,39480.0,False,1,0,False,0,0,False,False,55,False,True,risk_lstm,8,0.9280176758766174,0.2891806662082672,2.072711229324341,0.9008173942565918,,,,,,accurate
3945,39450.0,39461.60000228882,39486.20000076294,0,24.599998474121094,36.20000076293945,39490.0,False,2,1,False,0,0,False,False,54,False,True,risk_lstm,8,0.9209343791007996,0.33253931999206543,2.2018606662750244,0.8753105998039246,,,,,,accurate
3947,39470.0,39486.20000076294,39507.89999771118,0,21.699996948242188,37.89999771118164,39510.0,False,2,1,False,0,0,False,False,52,False,True,risk_lstm,8,0.9144378304481506,0.35157838463783264,2.172107696533203,0.8795145153999329,,,,,,accurate
3948,39480.0,39507.89999771118,39531.69999694824,0,23.799999237060547,51.69999694824219,39520.0,True,3,2,False,1,1,False,False,51,False,False,risk_lstm,8,0.9113523364067078,0.3645952045917511,2.1934573650360107,0.8756327629089355,,,,,,accurate
3951,39510.0,39531.69999694824,39553.19999694824,0,21.5,43.19999694824219,39550.0,True,2,1,False,1,1,False,False,48,False,False,risk_lstm,8,0.8939021825790405,0.36285749077796936,2.118130683898926,0.8833118081092834,,,,,,accurate
3954,39540.0,39553.19999694824,39580.39999771118,0,27.200000762939453,40.39999771118164,39580.0,True,2,1,False,0,0,False,False,45,False,False,risk_lstm,8,0.8669936060905457,0.3877268433570862,2.1228623390197754,0.8859175443649292,,,,,,accurate
3956,39560.0,39580.39999771118,39603.59999847412,0,23.200000762939453,43.599998474121094,39600.0,True,2,1,False,0,0,False,False,43,False,False,risk_lstm,8,0.9075809121131897,0.37404665350914,2.2068159580230713,0.8707677125930786,,,,,,accurate
3959,39590.0,39603.59999847412,39626.80000305176,0,23.20000457763672,36.80000305175781,39630.0,False,2,1,False,0,0,False,False,40,False,True,risk_lstm,8,0.9181216955184937,0.3828853666782379,2.1958982944488525,0.8680569529533386,,,,,,accurate
3960,39600.0,39626.80000305176,39647.20000457764,0,20.400001525878906,47.20000457763672,39640.0,True,3,2,False,0,0,False,False,39,False,False,risk_lstm,8,0.889752209186554,0.4865381121635437,1.979036808013916,0.8985786437988281,,,,,,accurate
3962,39620.0,39647.20000457764,39670.10000228882,0,22.89999771118164,50.10000228881836,39660.0,True,3,2,False,1,1,False,False,37,False,False,risk_lstm,8,0.8868443369865417,0.45656585693359375,2.1189091205596924,0.875424325466156,,,,,,accurate
3964,39640.0,39670.10000228882,39691.30000305176,0,21.200000762939453,51.30000305175781,39680.0,True,3,2,False,0,0,False,False,35,False,False,risk_lstm,8,0.8993057608604431,0.4223416745662689,2.1562883853912354,0.8708384037017822,,,,,,accurate
3965,39650.0,39691.30000305176,39714.0000038147,0,22.700000762939453,64.00000381469727,39690.0,True,3,2,False,1,1,False,False,34,False,False,risk_lstm,8,0.8738256096839905,0.47627702355384827,2.0064046382904053,0.890826940536499,,,,,,accurate
3966,39660.0,39714.0000038147,39746.70000076294,0,32.69999694824219,86.70000076293945,39700.0,True,4,3,False,1,1,False,False,33,False,False,risk_lstm,8,0.8875664472579956,0.41139188408851624,2.1783745288848877,0.873074471950531,,,,,,accurate
3969,39690.0,39746.70000076294,39779.70000076294,0,33.0,89.70000076293945,39730.0,True,4,3,False,0,0,False,False,30,False,False,risk_lstm,8,0.9248170852661133,0.41372206807136536,2.055344581604004,0.8871927261352539,,,,,,accurate
3970,39700.0,39779.70000076294,39830.70000076294,0,51.0,130.70000076293945,39740.0,True,4,3,False,0,0,False,False,29,False,False,risk_lstm,8,0.849169135093689,0.4216932952404022,2.0542361736297607,0.8878338932991028,,,,,,accurate
3973,39730.0,39830.70000076294,39872.4999961853,0,41.79999542236328,142.49999618530273,39770.0,True,4,3,False,0,0,False,False,26,False,False,risk_lstm,8,0.890802800655365,0.3691701292991638,2.2040135860443115,0.87708580493927,,,,,,accurate
3976,39760.0,39872.4999961853,39910.89999771118,0,38.400001525878906,150.89999771118164,39800.0,True,4,3,False,1,1,False,False,23,False,False,risk_lstm,8,0.9041837453842163,0.4123114347457886,2.183819532394409,0.8724509477615356,,,,,,accurate
3978,39780.0,39910.89999771118,39973.09999847412,0,62.20000076293945,193.0999984741211,39820.0,True,4,3,False,0,0,False,False,21,False,False,risk_lstm,8,0.8748580813407898,0.40271762013435364,2.129193067550659,0.883306086063385,,,,,,accurate
3981,39810.0,39973.09999847412,40002.89999771118,0,29.799999237060547,192.89999771118164,39850.0,True,5,4,False,1,1,False,False,18,False,False,risk_lstm,8,0.9099575877189636,0.3268902897834778,2.001528739929199,0.9282600283622742,,,,,,accurate
3983,39830.0,40002.89999771118,40037.39999771118,0,34.5,207.39999771118164,39870.0,True,6,5,True,1,1,False,False,16,False,False,risk_lstm,8,0.9242658019065857,0.33522212505340576,2.185157537460327,0.88141268491745,,,,,,accurate
3985,39850.0,40037.39999771118,40079.79999923706,0,42.400001525878906,229.79999923706055,39890.0,True,6,5,True,0,0,False,False,14,False,False,risk_lstm,8,0.9152042865753174,0.3392786681652069,2.2368602752685547,0.8788082599639893,,,,,,accurate
3987,39870.0,40079.79999923706,40107.29999923706,0,27.5,237.29999923706055,39910.0,True,7,6,True,0,0,False,False,12,False,False,risk_lstm,8,0.9179697036743164,0.21179518103599548,1.9410829544067383,0.9248162508010864,,,,,,accurate
3989,39890.0,40107.29999923706,40145.79999923706,0,38.5,255.79999923706055,39930.0,True,7,6,True,0,0,False,False,10,False,False,risk_lstm,8,0.9339015483856201,0.2745770812034607,2.215691566467285,0.8777465224266052,,,,,,accurate
3994,39940.0,40145.79999923706,40181.09999847412,0,35.29999923706055,241.0999984741211,39980.0,True,7,6,True,0,0,False,False,5,False,False,risk_lstm,8,0.9299339652061462,0.2795535922050476,2.211726188659668,0.8817797303199768,,,,,,accurate
3996,39960.0,40181.09999847412,40201.599994659424,0,20.499996185302734,241.59999465942383,40000.0,True,8,7,True,0,0,False,False,3,False,False,risk_lstm,8,0.9371750354766846,0.2851550579071045,2.1362507343292236,0.8823626041412354,,,,,,accurate
3998,39980.0,40201.599994659424,40227.89999008179,0,26.29999542236328,247.8999900817871,40020.0,True,8,7,True,0,0,False,False,1,True,False,risk_lstm,8,0.9236372113227844,0.3199436664581299,2.1909377574920654,0.8797539472579956,,,,,,accurate
4000,40000.0,40227.89999008179,40251.09999084473,0,23.200000762939453,251.09999084472656,40040.0,True,9,8,True,0,0,False,False,99,False,False,risk_lstm,8,0.9096959829330444,0.38676923513412476,2.1863672733306885,0.8748036623001099,,,,,,accurate
4002,40020.0,40251.09999084473,40273.69998931885,0,22.599998474121094,253.69998931884766,40060.0,True,9,8,True,0,0,False,False,97,False,False,risk_lstm,8,0.9420455694198608,0.30233657360076904,2.1011476516723633,0.8990241289138794,,,,,,accurate
4003,40030.0,40273.69998931885,40299.39998626709,0,25.699996948242188,269.39998626708984,40070.0,True,10,9,True,1,1,False,False,96,False,False,risk_lstm,8,0.9168775677680969,0.32048138976097107,2.2215116024017334,0.8759105205535889,,,,,,accurate
4008,40080.0,40299.39998626709,40322.79998779297,0,23.400001525878906,242.79998779296875,40120.0,True,9,8,True,0,0,False,False,91,False,False,risk_lstm,8,0.9103844165802002,0.4015016257762909,2.1840765476226807,0.8719037771224976,,,,,,accurate
4010,40100.0,40322.79998779297,40345.09998703003,0,22.299999237060547,245.0999870300293,40140.0,True,10,9,True,0,0,False,False,89,False,False,risk_lstm,8,0.8830746412277222,0.4512263238430023,2.1088058948516846,0.8848608136177063,,,,,,accurate
4011,40110.0,40345.09998703003,40373.19998550415,0,28.099998474121094,263.1999855041504,40150.0,True,10,9,True,1,1,False,False,88,False,False,risk_lstm,8,0.8961156010627747,0.4421108067035675,2.169900894165039,0.8721079230308533,,,,,,accurate
4013,40130.0,40373.19998550415,40392.39998245239,0,19.199996948242188,262.3999824523926,40170.0,True,11,10,True,1,1,False,False,86,False,False,risk_lstm,8,0.8985515832901001,0.3879135549068451,2.035672903060913,0.9019374251365662,,,,,,accurate
4014,40140.0,40392.39998245239,40417.19998168945,0,24.799999237060547,277.1999816894531,40180.0,True,12,11,True,0,0,False,False,85,False,False,risk_lstm,8,0.8840004205703735,0.40423956513404846,2.1594371795654297,0.8775609135627747,,,,,,accurate
4015,40150.0,40417.19998168945,40440.79998397827,0,23.60000228881836,290.7999839782715,40190.0,True,12,11,True,1,1,False,False,84,False,False,risk_lstm,8,0.8930484056472778,0.3907039761543274,2.191880226135254,0.8767113089561462,,,,,,accurate
4017,40170.0,40440.79998397827,40464.29998779297,0,23.500003814697266,294.29998779296875,40210.0,True,13,12,True,0,0,False,False,82,False,False,risk_lstm,8,0.902076005935669,0.44876202940940857,2.1340668201446533,0.8759401440620422,,,,,,accurate
4018,40180.0,40464.29998779297,40485.89999008179,0,21.60000228881836,305.8999900817871,40220.0,True,14,13,True,0,0,False,False,81,False,False,risk_lstm,8,0.9140002131462097,0.4296291172504425,2.149780511856079,0.8716976642608643,,,,,,accurate
4022,40220.0,40485.89999008179,40511.59998703003,0,25.699996948242188,291.5999870300293,40260.0,True,13,12,True,1,1,False,False,77,False,False,risk_lstm,8,0.9084016680717468,0.39612457156181335,2.1958439350128174,0.8703668713569641,,,,,,accurate
4023,40230.0,40511.59998703003,40537.49998474121,0,25.89999771118164,307.49998474121094,40270.0,True,13,12,True,1,1,False,False,76,False,False,risk_lstm,8,0.921829104423523,0.38529065251350403,2.201939105987549,0.866357147693634,,,,,,accurate
4025,40250.0,40537.49998474121,40562.79998397827,0,25.299999237060547,312.7999839782715,40290.0,True,14,13,True,0,0,False,False,74,False,False,risk_lstm,8,0.899149477481842,0.39017173647880554,2.1905767917633057,0.874703049659729,,,,,,accurate
4026,40260.0,40562.79998397827,40588.49998474121,0,25.700000762939453,328.49998474121094,40300.0,True,14,13,True,0,0,False,False,73,False,False,risk_lstm,8,0.9171954393386841,0.4555398225784302,2.1602561473846436,0.8704455494880676,,,,,,accurate
4027,40270.0,40588.49998474121,40607.59998321533,0,19.099998474121094,337.59998321533203,40310.0,True,15,14,True,1,1,False,False,72,False,False,risk_lstm,8,0.8917185068130493,0.427425742149353,2.011098623275757,0.8958170413970947,,,,,,accurate
4030,40300.0,40607.59998321533,40634.89998245239,0,27.299999237060547,334.8999824523926,40340.0,True,14,13,True,1,1,False,False,69,False,False,risk_lstm,8,0.8265060782432556,0.4387584924697876,2.016204595565796,0.8881542682647705,,,,,,accurate
4032,40320.0,40634.89998245239,40653.09998321533,0,18.200000762939453,333.09998321533203,40360.0,True,15,14,True,0,0,False,False,67,False,False,risk_lstm,8,0.9319497346878052,0.32760941982269287,2.0259878635406494,0.9119390249252319,,,,,,accurate
4035,40350.0,40653.09998321533,40676.09998321533,0,23.0,326.09998321533203,40390.0,True,14,13,True,1,1,False,False,64,False,False,risk_lstm,8,0.9245743155479431,0.3504147231578827,2.056528091430664,0.887570858001709,,,,,,accurate
4037,40370.0,40676.09998321533,40700.59998321533,0,24.5,330.59998321533203,40410.0,True,15,14,True,1,1,False,False,62,False,False,risk_lstm,8,0.8913832306861877,0.35377705097198486,2.1411168575286865,0.8861134052276611,,,,,,accurate
4039,40390.0,40700.59998321533,40719.09998703003,0,18.500003814697266,329.0999870300293,40430.0,True,15,14,True,0,0,False,False,60,False,False,risk_lstm,8,0.9492345452308655,0.27898094058036804,2.004366874694824,0.9186760187149048,,,,,,accurate
4044,40440.0,40719.09998703003,40739.79998779297,0,20.700000762939453,299.79998779296875,40480.0,True,14,13,True,0,0,False,False,55,False,False,risk_lstm,8,0.9369671940803528,0.2472662329673767,2.0956525802612305,0.8887398838996887,,,,,,accurate
4046,40460.0,40739.79998779297,40760.49998855591,0,20.700000762939453,300.4999885559082,40500.0,True,14,13,True,0,0,False,False,53,False,False,risk_lstm,8,0.9467098116874695,0.23437657952308655,2.0835068225860596,0.8983511328697205,,,,,,accurate
4047,40470.0,40760.49998855591,40782.89998626709,0,22.39999771118164,312.89998626708984,40510.0,True,14,13,True,0,0,False,False,52,False,False,risk_lstm,8,0.8996624946594238,0.34377139806747437,1.911261796951294,0.9112666845321655,,,,,,accurate
4051,40510.0,40782.89998626709,40810.09998703003,0,27.200000762939453,300.0999870300293,40550.0,True,14,13,True,0,0,False,False,48,False,False,risk_lstm,8,0.9004333019256592,0.28674253821372986,1.991023063659668,0.8746663928031921,,,,,,accurate
4059,40590.0,40810.09998703003,40827.49998855591,0,17.400001525878906,237.4999885559082,40630.0,True,11,10,True,0,0,False,False,40,False,False,risk_lstm,8,0.9522182941436768,0.1882830709218979,2.1161530017852783,0.9181342720985413,,,,,,accurate
4064,40640.0,40827.49998855591,40852.09998703003,0,24.599998474121094,212.0999870300293,40680.0,True,10,9,True,0,0,False,False,35,False,False,risk_lstm,8,0.9350640177726746,0.2653425335884094,2.207019090652466,0.882448673248291,,,,,,accurate
4065,40650.0,40852.09998703003,40879.19998931885,0,27.10000228881836,229.19998931884766,40690.0,True,11,10,True,0,0,False,False,34,False,False,risk_lstm,8,0.8888586759567261,0.29168543219566345,2.195490837097168,0.8956006765365601,,,,,,accurate
4067,40670.0,40879.19998931885,40907.09998703003,0,27.89999771118164,237.0999870300293,40710.0,True,11,10,True,0,0,False,False,32,False,False,risk_lstm,8,0.922711968421936,0.2991674244403839,2.2549002170562744,0.8858365416526794,,,,,,accurate
4068,40680.0,40907.09998703003,40931.89998626709,0,24.799999237060547,251.89998626708984,40720.0,True,11,10,True,0,0,False,False,31,False,False,risk_lstm,8,0.9375630021095276,0.2800823748111725,2.2735183238983154,0.8794205784797668,,,,,,accurate
4072,40720.0,40931.89998626709,40956.79998397827,0,24.89999771118164,236.79998397827148,40760.0,True,10,9,True,0,0,False,False,27,False,False,risk_lstm,8,0.9112885594367981,0.3238045573234558,2.2782790660858154,0.8807986378669739,,,,,,accurate
4075,40750.0,40956.79998397827,40973.49998474121,0,16.700000762939453,223.49998474121094,40790.0,True,10,9,True,1,1,False,False,24,False,False,risk_lstm,8,0.9133971929550171,0.20338040590286255,2.0281028747558594,0.9231095910072327,,,,,,accurate
4077,40770.0,40973.49998474121,40995.59998321533,0,22.099998474121094,225.59998321533203,40810.0,True,10,9,True,0,0,False,False,22,False,False,risk_lstm,8,0.9085530042648315,0.32727473974227905,2.1687562465667725,0.8895906805992126,,,,,,accurate
4083,40830.0,40995.59998321533,41016.49998474121,0,20.900001525878906,186.49998474121094,40870.0,True,8,7,True,1,1,False,False,16,False,False,risk_lstm,8,0.8920962810516357,0.38562649488449097,2.1087183952331543,0.8907246589660645,,,,,,accurate
4084,40840.0,41016.49998474121,41044.29998397827,0,27.799999237060547,204.29998397827148,40880.0,True,9,8,True,1,1,False,False,15,False,False,risk_lstm,8,0.9060048460960388,0.3867728114128113,2.1650993824005127,0.8784287571907043,,,,,,accurate
4087,40870.0,41044.29998397827,41074.39998626709,0,30.10000228881836,204.39998626708984,40910.0,True,9,8,True,1,1,False,False,12,False,False,risk_lstm,8,0.8505608439445496,0.38267311453819275,1.9894161224365234,0.8916035890579224,,,,,,accurate
4091,40910.0,41074.39998626709,41099.39998626709,0,25.0,189.39998626708984,40950.0,True,8,7,True,1,1,False,False,8,False,False,risk_lstm,8,0.9216164350509644,0.3642845153808594,2.2323267459869385,0.8692336678504944,,,,,,accurate
4094,40940.0,41099.39998626709,41127.79998397827,0,28.39999771118164,187.79998397827148,40980.0,True,8,7,True,0,0,False,False,5,False,False,risk_lstm,8,0.8750548958778381,0.3298396170139313,2.139721632003784,0.8891897201538086,,,,,,accurate
4096,40960.0,41127.79998397827,41149.69998550415,0,21.900001525878906,189.6999855041504,41000.0,True,8,7,True,1,1,False,False,3,False,False,risk_lstm,8,0.9170831441879272,0.3714855909347534,2.204686164855957,0.8761571645736694,,,,,,accurate
4098,40980.0,41149.69998550415,41170.09998703003,0,20.400001525878906,190.0999870300293,41020.0,True,8,7,True,0,0,False,False,1,True,False,risk_lstm,8,0.8695721626281738,0.41420361399650574,2.077355146408081,0.891910195350647,,,,,,accurate
4099,40990.0,41170.09998703003,41192.69998931885,0,22.60000228881836,202.69998931884766,41030.0,True,9,8,True,1,1,False,True,0,True,False,risk_lstm,8,0.8974350094795227,0.42395663261413574,2.1546497344970703,0.8722549676895142,,,,,,accurate
4101,41010.0,41192.69998931885,41211.99998855591,0,19.299999237060547,201.9999885559082,41050.0,True,9,8,True,0,0,False,False,98,False,False,risk_lstm,8,0.897838830947876,0.3648233413696289,2.080005645751953,0.8859838843345642,,,,,,accurate
4103,41030.0,41211.99998855591,41235.69998931885,0,23.700000762939453,205.69998931884766,41070.0,True,9,8,True,0,0,False,False,96,False,False,risk_lstm,8,0.911209762096405,0.39939889311790466,2.1543333530426025,0.8694897890090942,,,,,,accurate
4106,41060.0,41235.69998931885,41258.69998931885,0,23.0,198.69998931884766,41100.0,True,9,8,True,1,1,False,False,93,False,False,risk_lstm,8,0.9351108074188232,0.41500815749168396,2.0883126258850098,0.8685752749443054,,,,,,accurate
4114,41140.0,41258.69998931885,41280.19998931885,0,21.5,140.19998931884766,41180.0,True,7,6,True,1,1,False,False,85,False,False,risk_lstm,8,0.9013281464576721,0.4193333685398102,2.025155544281006,0.889168918132782,,,,,,accurate
4115,41150.0,41280.19998931885,41308.19998550415,0,27.999996185302734,158.1999855041504,41190.0,True,7,6,True,1,1,False,False,84,False,False,risk_lstm,8,0.9268128275871277,0.3640195429325104,2.1088297367095947,0.8620936870574951,,,,,,accurate
4116,41160.0,41308.19998550415,41332.99998474121,0,24.799999237060547,172.99998474121094,41200.0,True,8,7,True,0,0,False,False,83,False,False,risk_lstm,8,0.9199778437614441,0.39226803183555603,2.1578166484832764,0.8667213916778564,,,,,,accurate
4118,41180.0,41332.99998474121,41355.59998321533,0,22.599998474121094,175.59998321533203,41220.0,True,8,7,True,0,0,False,False,81,False,False,risk_lstm,8,0.8906297087669373,0.443266898393631,2.144782304763794,0.8733408451080322,,,,,,accurate
4121,41210.0,41355.59998321533,41378.39998245239,0,22.799999237060547,168.39998245239258,41250.0,True,8,7,True,0,0,False,False,78,False,False,risk_lstm,8,0.9064638614654541,0.40756580233573914,2.185662031173706,0.8687639236450195,,,,,,accurate
4122,41220.0,41378.39998245239,41404.19998168945,0,25.799999237060547,184.19998168945312,41260.0,True,8,7,True,0,0,False,False,77,False,False,risk_lstm,8,0.8890385627746582,0.4546160399913788,2.1430718898773193,0.8714432120323181,,,,,,accurate
4123,41230.0,41404.19998168945,41429.39998245239,0,25.200000762939453,199.39998245239258,41270.0,True,9,8,True,0,0,False,False,76,False,False,risk_lstm,8,0.894308865070343,0.45396074652671814,2.163652181625366,0.8716647028923035,,,,,,accurate
4124,41240.0,41429.39998245239,41449.59998321533,0,20.200000762939453,209.59998321533203,41280.0,True,9,8,True,1,1,False,False,75,False,False,risk_lstm,8,0.8998527526855469,0.3586497902870178,2.0672099590301514,0.892926812171936,,,,,,accurate
4125,41250.0,41449.59998321533,41466.79998397827,0,17.200000762939453,216.79998397827148,41290.0,True,10,9,True,0,0,False,False,74,False,False,risk_lstm,8,0.8975542187690735,0.3001234531402588,1.853349208831787,0.9301871061325073,,,,,,accurate
4126,41260.0,41466.79998397827,41502.59998703003,0,35.80000305175781,242.5999870300293,41300.0,True,10,9,True,1,1,False,False,73,False,False,risk_lstm,8,0.9438842535018921,0.29967546463012695,2.1390974521636963,0.8738530278205872,,,,,,accurate
4128,41280.0,41502.59998703003,41537.59999084473,0,35.000003814697266,257.59999084472656,41320.0,True,11,10,True,0,0,False,False,71,False,False,risk_lstm,8,0.8890200853347778,0.3348489999771118,2.1798994541168213,0.8867723941802979,,,,,,accurate
4129,41290.0,41537.59999084473,41574.59999084473,0,37.0,284.59999084472656,41330.0,True,11,10,True,1,1,False,False,70,False,False,risk_lstm,8,0.9564624428749084,0.22783911228179932,2.107933759689331,0.9031537175178528,,,,,,accurate
4130,41300.0,41574.59999084473,41594.99998855591,0,20.39999771118164,294.9999885559082,41340.0,True,12,11,True,0,0,False,False,69,False,False,risk_lstm,8,0.9465113282203674,0.2393750101327896,1.9723849296569824,0.9219075441360474,,,,,,accurate
4133,41330.0,41594.99998855591,41618.89999008179,0,23.900001525878906,288.8999900817871,41370.0,True,12,11,True,0,0,False,False,66,False,False,risk_lstm,8,0.951103687286377,0.23537640273571014,2.1400325298309326,0.873924732208252,,,,,,accurate
4134,41340.0,41618.89999008179,41650.299991607666,0,31.400001525878906,310.299991607666,41380.0,True,12,11,True,1,1,False,False,65,False,False,risk_lstm,8,0.9409722089767456,0.2471383810043335,2.2054660320281982,0.8785357475280762,,,,,,accurate
4136,41360.0,41650.299991607666,41674.199993133545,0,23.900001525878906,314.1999931335449,41400.0,True,12,11,True,0,0,False,False,63,False,False,risk_lstm,8,0.9398640394210815,0.255418986082077,2.2321012020111084,0.8774916529655457,,,,,,accurate
4138,41380.0,41674.199993133545,41699.799991607666,0,25.599998474121094,319.799991607666,41420.0,True,12,11,True,0,0,False,False,61,False,False,risk_lstm,8,0.9036794900894165,0.35343819856643677,2.209055185317993,0.8809158205986023,,,,,,accurate
4139,41390.0,41699.799991607666,41733.299991607666,0,33.5,343.299991607666,41430.0,True,13,12,True,0,0,False,False,60,False,False,risk_lstm,8,0.8925408720970154,0.3340694308280945,2.1909139156341553,0.8856338858604431,,,,,,accurate
4143,41430.0,41733.299991607666,41763.999992370605,0,30.700000762939453,333.99999237060547,41470.0,True,12,11,True,1,1,False,False,56,False,False,risk_lstm,8,0.8537281155586243,0.3212263286113739,2.0020155906677246,0.8895074129104614,,,,,,accurate
4145,41450.0,41763.999992370605,41793.799991607666,0,29.799999237060547,343.799991607666,41490.0,True,12,11,True,0,0,False,False,54,False,False,risk_lstm,8,0.9107179045677185,0.343951940536499,2.239093780517578,0.8783543109893799,,,,,,accurate
4147,41470.0,41793.799991607666,41817.799991607666,0,24.0,347.799991607666,41510.0,True,12,11,True,1,1,False,False,52,False,False,risk_lstm,8,0.9100589156150818,0.42319104075431824,2.1835808753967285,0.8714341521263123,,,,,,accurate
4148,41480.0,41817.799991607666,41839.59999084473,0,21.799999237060547,359.59999084472656,41520.0,True,13,12,True,0,0,False,False,51,False,False,risk_lstm,8,0.9051637649536133,0.4357030391693115,2.154942512512207,0.8768872618675232,,,,,,accurate
4152,41520.0,41839.59999084473,41864.499992370605,0,24.900001525878906,344.49999237060547,41560.0,True,13,12,True,0,0,False,False,47,False,False,risk_lstm,8,0.8879745602607727,0.42941099405288696,2.1675631999969482,0.8734047412872314,,,,,,accurate
4153,41530.0,41864.499992370605,41884.099994659424,0,19.60000228881836,354.0999946594238,41570.0,True,14,13,True,0,0,False,False,46,False,False,risk_lstm,8,0.915830671787262,0.4154815077781677,2.0789730548858643,0.8899858593940735,,,,,,accurate
4158,41580.0,41884.099994659424,41913.79999542236,0,29.700000762939453,333.7999954223633,41620.0,True,13,12,True,0,0,False,False,41,False,False,risk_lstm,8,0.9247766137123108,0.3608349561691284,2.058314561843872,0.8849236369132996,,,,,,accurate
4160,41600.0,41913.79999542236,41942.59999847412,0,28.800003051757812,342.5999984741211,41640.0,True,13,12,True,0,0,False,False,39,False,False,risk_lstm,8,0.8891609907150269,0.3879936635494232,2.168665647506714,0.8765845894813538,,,,,,accurate
4162,41620.0,41942.59999847412,41961.9999961853,0,19.39999771118164,341.99999618530273,41660.0,True,13,12,True,0,0,False,False,37,False,False,risk_lstm,8,0.9068996906280518,0.38456597924232483,1.9588987827301025,0.9150218963623047,,,,,,accurate
4167,41670.0,41961.9999961853,41990.499992370605,0,28.499996185302734,320.49999237060547,41710.0,True,13,12,True,0,0,False,False,32,False,False,risk_lstm,8,0.9013733863830566,0.3399543762207031,2.2038509845733643,0.8787445425987244,,,,,,accurate
4168,41680.0,41990.499992370605,42006.099994659424,0,15.60000228881836,326.0999946594238,41720.0,True,13,12,True,0,0,False,False,31,False,False,risk_lstm,8,0.8005300760269165,0.2158011794090271,2.070329427719116,0.9455900192260742,,,,,,accurate
4170,41700.0,42006.099994659424,42028.699993133545,0,22.599998474121094,328.6999931335449,41740.0,True,13,12,True,0,0,False,False,29,False,False,risk_lstm,8,0.9288299679756165,0.24140095710754395,2.095127820968628,0.8942872881889343,,,,,,accurate
4171,41710.0,42028.699993133545,42052.69998931885,0,23.999996185302734,342.69998931884766,41750.0,True,14,13,True,0,0,False,False,28,False,False,risk_lstm,8,0.9454700350761414,0.2259969264268875,2.1888465881347656,0.8754276633262634,,,,,,accurate
4172,41720.0,42052.69998931885,42075.89999008179,0,23.200000762939453,355.8999900817871,41760.0,True,15,14,True,0,0,False,False,27,False,False,risk_lstm,8,0.9386941194534302,0.28877803683280945,2.1815335750579834,0.882980227470398,,,,,,accurate
4173,41730.0,42075.89999008179,42104.49998855591,0,28.599998474121094,374.4999885559082,41770.0,True,16,15,True,0,0,False,False,26,False,False,risk_lstm,8,0.9180240035057068,0.32699328660964966,1.969663381576538,0.9112216234207153,,,,,,accurate
4175,41750.0,42104.49998855591,42126.399993896484,0,21.900005340576172,376.3999938964844,41790.0,True,16,15,True,1,1,False,False,24,False,False,risk_lstm,8,0.9435908198356628,0.2750642001628876,2.1297996044158936,0.874180018901825,,,,,,accurate
4180,41800.0,42126.399993896484,42146.099994659424,0,19.700000762939453,346.0999946594238,41840.0,True,15,14,True,1,1,False,False,19,False,False,risk_lstm,8,0.9359973073005676,0.21451620757579803,2.013416051864624,0.9256135821342468,,,,,,accurate
4183,41830.0,42146.099994659424,42171.099994659424,0,25.0,341.0999946594238,41870.0,True,15,14,True,0,0,False,False,16,False,False,risk_lstm,8,0.9486642479896545,0.24801132082939148,2.1568636894226074,0.8711867332458496,,,,,,accurate
4184,41840.0,42171.099994659424,42190.29999542236,0,19.200000762939453,350.2999954223633,41880.0,True,15,14,True,0,0,False,False,15,False,False,risk_lstm,8,0.914963960647583,0.29736003279685974,2.073651075363159,0.8946659564971924,,,,,,accurate
4190,41900.0,42190.29999542236,42215.89999771118,0,25.60000228881836,315.89999771118164,41940.0,True,14,13,True,0,0,False,False,9,False,False,risk_lstm,8,0.9282861351966858,0.334608256816864,2.167178153991699,0.8705888986587524,,,,,,accurate
4192,41920.0,42215.89999771118,42236.5,0,20.60000228881836,316.5,41960.0,True,14,13,True,0,0,False,False,7,False,False,risk_lstm,8,0.9356550574302673,0.23116354644298553,2.0497853755950928,0.9153758883476257,,,,,,accurate
4193,41930.0,42236.5,42262.60000228882,0,26.10000228881836,332.60000228881836,41970.0,True,15,14,True,0,0,False,False,6,False,False,risk_lstm,8,0.9307162761688232,0.2759467661380768,2.167360544204712,0.875634491443634,,,,,,accurate
4196,41960.0,42262.60000228882,42279.5000038147,0,16.900001525878906,319.50000381469727,42000.0,True,15,14,True,0,0,False,False,3,False,False,risk_lstm,8,0.9107099175453186,0.15507352352142334,1.9835010766983032,0.9212828874588013,,,,,,accurate
4199,41990.0,42279.5000038147,42308.30000305176,0,28.799999237060547,318.3000030517578,42030.0,True,15,14,True,0,0,False,True,0,True,False,risk_lstm,8,0.9383194446563721,0.23212866485118866,2.158332586288452,0.8858999609947205,,,,,,accurate
4203,42030.0,42308.30000305176,42330.80000305176,0,22.5,300.8000030517578,42070.0,True,13,12,True,1,1,False,False,96,False,False,risk_lstm,8,0.9382984042167664,0.2762172222137451,2.1734230518341064,0.8804159760475159,,,,,,accurate
4212,42120.0,42330.80000305176,42351.90000152588,0,21.099998474121094,231.9000015258789,42160.0,True,11,10,True,0,0,False,False,87,False,False,risk_lstm,8,0.944886326789856,0.29023292660713196,2.1165947914123535,0.8847047686576843,,,,,,accurate
4214,42140.0,42351.90000152588,42373.0000038147,0,21.10000228881836,233.00000381469727,42180.0,True,11,10,True,0,0,False,False,85,False,False,risk_lstm,8,0.9226186275482178,0.34192636609077454,2.1010193824768066,0.880036473274231,,,,,,accurate
4215,42150.0,42373.0000038147,42391.80000305176,0,18.799999237060547,241.8000030517578,42190.0,True,11,10,True,0,0,False,False,84,False,False,risk_lstm,8,0.9449532628059387,0.22481843829154968,2.077394962310791,0.902267575263977,,,,,,accurate
4217,42170.0,42391.80000305176,42410.60000228882,0,18.799999237060547,240.60000228881836,42210.0,True,12,11,True,0,0,False,False,82,False,False,risk_lstm,8,0.9363817572593689,0.28949686884880066,1.9914990663528442,0.9148322939872742,,,,,,accurate
4223,42230.0,42410.60000228882,42434.60000228882,0,24.0,204.60000228881836,42270.0,True,10,9,True,0,0,False,False,76,False,False,risk_lstm,8,0.945296049118042,0.24738629162311554,2.138387441635132,0.8707550168037415,,,,,,accurate
4226,42260.0,42434.60000228882,42456.400005340576,0,21.800003051757812,196.40000534057617,42300.0,True,10,9,True,0,0,False,False,73,False,False,risk_lstm,8,0.9146788120269775,0.3771277070045471,2.081665277481079,0.8740863800048828,,,,,,accurate
4227,42270.0,42456.400005340576,42475.900005340576,0,19.5,205.90000534057617,42310.0,True,10,9,True,1,1,False,False,72,False,False,risk_lstm,8,0.9317866563796997,0.36443084478378296,2.069500684738159,0.8826609253883362,,,,,,accurate
4229,42290.0,42475.900005340576,42499.100006103516,0,23.200000762939453,209.10000610351562,42330.0,True,10,9,True,0,0,False,False,70,False,False,risk_lstm,8,0.9186221957206726,0.3783566653728485,1.9977483749389648,0.9026117324829102,,,,,,accurate
4232,42320.0,42499.100006103516,42525.10000228882,0,25.999996185302734,205.10000228881836,42360.0,True,10,9,True,1,1,False,False,67,False,False,risk_lstm,8,0.9371649026870728,0.3232469856739044,2.1346757411956787,0.8653316497802734,,,,,,accurate
4235,42350.0,42525.10000228882,42546.10000228882,0,21.0,196.10000228881836,42390.0,True,10,9,True,0,0,False,False,64,False,False,risk_lstm,8,0.9384729266166687,0.3390654921531677,2.1221492290496826,0.8733803629875183,,,,,,accurate
4236,42360.0,42546.10000228882,42560.80000305176,0,14.700000762939453,200.8000030517578,42400.0,True,10,9,True,1,1,False,False,63,False,False,risk_lstm,8,0.9197380542755127,0.1124892309308052,2.0898683071136475,0.902776300907135,,,,,,accurate
4238,42380.0,42560.80000305176,42586.80000305176,0,26.0,206.8000030517578,42420.0,True,10,9,True,0,0,False,False,61,False,False,risk_lstm,8,0.9462341666221619,0.26410433650016785,2.168708086013794,0.881424069404602,,,,,,accurate
4240,42400.0,42586.80000305176,42607.400005340576,0,20.60000228881836,207.40000534057617,42440.0,True,10,9,True,0,0,False,False,59,False,False,risk_lstm,8,0.9141602516174316,0.32607144117355347,2.077845811843872,0.8924080729484558,,,,,,accurate
4244,42440.0,42607.400005340576,42629.400005340576,0,22.0,189.40000534057617,42480.0,True,9,8,True,0,0,False,False,55,False,False,risk_lstm,8,0.8881208896636963,0.3355160057544708,1.9975950717926025,0.9074311852455139,,,,,,accurate
4245,42450.0,42629.400005340576,42659.400005340576,0,30.0,209.40000534057617,42490.0,True,10,9,True,1,1,False,False,54,False,False,risk_lstm,8,0.9170096516609192,0.3104490339756012,2.1734189987182617,0.8776430487632751,,,,,,accurate
4246,42460.0,42659.400005340576,42685.5000038147,0,26.099998474121094,225.50000381469727,42500.0,True,10,9,True,1,1,False,False,53,False,False,risk_lstm,8,0.8889904618263245,0.32197442650794983,2.1764843463897705,0.8886069655418396,,,,,,accurate
4248,42480.0,42685.5000038147,42707.5000038147,0,22.0,227.50000381469727,42520.0,True,10,9,True,0,0,False,False,51,False,False,risk_lstm,8,0.9232504367828369,0.3468449115753174,2.216512441635132,0.8763453960418701,,,,,,accurate
4249,42490.0,42707.5000038147,42728.70000457764,0,21.200000762939453,238.70000457763672,42530.0,True,11,10,True,1,1,False,False,50,False,False,risk_lstm,8,0.9050580263137817,0.3501029312610626,2.1933016777038574,0.8805127739906311,,,,,,accurate
4252,42520.0,42728.70000457764,42748.300006866455,0,19.60000228881836,228.30000686645508,42560.0,True,11,10,True,0,0,False,False,47,False,False,risk_lstm,8,0.9136200547218323,0.4279881417751312,1.9803507328033447,0.9060832262039185,,,,,,accurate
4254,42540.0,42748.300006866455,42772.400005340576,0,24.099998474121094,232.40000534057617,42580.0,True,11,10,True,0,0,False,False,45,False,False,risk_lstm,8,0.9097477197647095,0.41087692975997925,2.142911672592163,0.8731986284255981,,,,,,accurate
4255,42550.0,42772.400005340576,42792.600006103516,0,20.200000762939453,242.60000610351562,42590.0,True,11,10,True,1,1,False,False,44,False,False,risk_lstm,8,0.9150748252868652,0.41010069847106934,2.097086191177368,0.8764892816543579,,,,,,accurate
4257,42570.0,42792.600006103516,42811.000007629395,0,18.400001525878906,241.00000762939453,42610.0,True,11,10,True,0,0,False,False,42,False,False,risk_lstm,8,0.9156478643417358,0.36199602484703064,1.9096341133117676,0.9225587248802185,,,,,,accurate
4260,42600.0,42811.000007629395,42843.200008392334,0,32.20000076293945,243.20000839233398,42640.0,True,11,10,True,1,1,False,False,39,False,False,risk_lstm,8,0.8675898313522339,0.3775955140590668,2.0376269817352295,0.8866857886314392,,,,,,accurate
4263,42630.0,42843.200008392334,42865.90000915527,0,22.700000762939453,235.90000915527344,42670.0,True,10,9,True,0,0,False,False,36,False,False,risk_lstm,8,0.9238370656967163,0.32745978236198425,2.194824457168579,0.8747138977050781,,,,,,accurate
4264,42640.0,42865.90000915527,42891.00001144409,0,25.10000228881836,251.0000114440918,42680.0,True,11,10,True,1,1,False,False,35,False,False,risk_lstm,8,0.918626606464386,0.34022191166877747,2.2182726860046387,0.8778104782104492,,,,,,accurate
4266,42660.0,42891.00001144409,42916.00001144409,0,25.0,256.0000114440918,42700.0,True,11,10,True,0,0,False,False,33,False,False,risk_lstm,8,0.9188904762268066,0.35411536693573,2.172529458999634,0.8806378245353699,,,,,,accurate
4267,42670.0,42916.00001144409,42943.70001220703,0,27.700000762939453,273.70001220703125,42710.0,True,12,11,True,1,1,False,False,32,False,False,risk_lstm,8,0.9100998640060425,0.347648948431015,2.2125754356384277,0.8735681176185608,,,,,,accurate
4268,42680.0,42943.70001220703,42961.80001068115,0,18.099998474121094,281.80001068115234,42720.0,True,13,12,True,0,0,False,False,31,False,False,risk_lstm,8,0.9258711338043213,0.23350855708122253,1.9806402921676636,0.9233251214027405,,,,,,accurate
4269,42690.0,42961.80001068115,42983.00001144409,0,21.200000762939453,293.0000114440918,42730.0,True,13,12,True,1,1,False,False,30,False,False,risk_lstm,8,0.9645562767982483,0.19054023921489716,2.121281862258911,0.8816953897476196,,,,,,accurate
4277,42770.0,42983.00001144409,43014.20001220703,0,31.200000762939453,244.20001220703125,42810.0,True,11,10,True,0,0,False,False,22,False,False,risk_lstm,8,0.8886572122573853,0.33946937322616577,2.1655852794647217,0.8891710042953491,,,,,,accurate
4279,42790.0,43014.20001220703,43044.40001296997,0,30.200000762939453,254.4000129699707,42830.0,True,11,10,True,0,0,False,False,20,False,False,risk_lstm,8,0.8786196708679199,0.32591143250465393,2.1198675632476807,0.8924751877784729,,,,,,accurate
4280,42800.0,43044.40001296997,43070.30001068115,0,25.89999771118164,270.30001068115234,42840.0,True,11,10,True,0,0,False,False,19,False,False,risk_lstm,8,0.9141578078269958,0.33348071575164795,2.199323892593384,0.8835484981536865,,,,,,accurate
4281,42810.0,43070.30001068115,43097.00001144409,0,26.700000762939453,287.0000114440918,42850.0,True,12,11,True,0,0,False,False,18,False,False,risk_lstm,8,0.8988637328147888,0.29195132851600647,2.1769683361053467,0.8896847367286682,,,,,,accurate
4282,42820.0,43097.00001144409,43124.60000991821,0,27.599998474121094,304.6000099182129,42860.0,True,12,11,True,0,0,False,False,17,False,False,risk_lstm,8,0.9255619049072266,0.3632323741912842,2.1510839462280273,0.8837657570838928,,,,,,accurate
4289,42890.0,43124.60000991821,43144.50001144409,0,19.900001525878906,254.5000114440918,42930.0,True,11,10,True,0,0,False,False,10,False,False,risk_lstm,8,0.9499287605285645,0.24374587833881378,2.1347241401672363,0.8925439119338989,,,,,,accurate
4290,42900.0,43144.50001144409,43167.00001144409,0,22.5,267.0000114440918,42940.0,True,11,10,True,1,1,False,False,9,False,False,risk_lstm,8,0.9005332589149475,0.3898242712020874,2.1856372356414795,0.8785790801048279,,,,,,accurate
4295,42950.0,43167.00001144409,43192.100006103516,0,25.099994659423828,242.10000610351562,42990.0,True,10,9,True,0,0,False,False,4,False,False,risk_lstm,8,0.9154487252235413,0.39291632175445557,2.1800825595855713,0.8717799782752991,,,,,,accurate
4297,42970.0,43192.100006103516,43215.700008392334,0,23.60000228881836,245.70000839233398,43010.0,True,10,9,True,1,1,False,False,2,True,False,risk_lstm,8,0.8887463808059692,0.43867331743240356,2.154372215270996,0.8762375712394714,,,,,,accurate
4298,42980.0,43215.700008392334,43237.200008392334,0,21.5,257.200008392334,43020.0,True,11,10,True,0,0,False,False,1,True,False,risk_lstm,8,0.9185482859611511,0.4502418041229248,2.004293918609619,0.8976758122444153,,,,,,accurate
4300,43000.0,43237.200008392334,43259.40000915527,0,22.200000762939453,259.40000915527344,43040.0,True,11,10,True,0,0,False,False,99,False,False,risk_lstm,8,0.9017512798309326,0.42454198002815247,2.145625591278076,0.8710422515869141,,,,,,accurate
4306,43060.0,43259.40000915527,43288.300006866455,0,28.89999771118164,228.30000686645508,43100.0,True,10,9,True,1,1,False,False,93,False,False,risk_lstm,8,0.9488959908485413,0.2862330377101898,2.0497658252716064,0.9083925485610962,,,,,,accurate
4308,43080.0,43288.300006866455,43325.60000228882,0,37.29999542236328,245.60000228881836,43120.0,True,10,9,True,0,0,False,False,91,False,False,risk_lstm,8,0.9315935969352722,0.29881778359413147,2.148688793182373,0.8706958889961243,,,,,,accurate
4310,43100.0,43325.60000228882,43374.40000152588,0,48.79999923706055,274.4000015258789,43140.0,True,10,9,True,1,1,False,False,89,False,False,risk_lstm,8,0.9288545250892639,0.35818636417388916,2.1816813945770264,0.8659564852714539,,,,,,accurate
4312,43120.0,43374.40000152588,43415.60000228882,0,41.20000076293945,295.60000228881836,43160.0,True,11,10,True,0,0,False,False,87,False,False,risk_lstm,8,0.916908323764801,0.36470267176628113,2.226595640182495,0.8707590699195862,,,,,,accurate
4313,43130.0,43415.60000228882,43465.900005340576,0,50.30000305175781,335.9000053405762,43170.0,True,11,10,True,0,0,False,False,86,False,False,risk_lstm,8,0.9114299416542053,0.36994603276252747,2.1572158336639404,0.8797865509986877,,,,,,accurate
4318,43180.0,43465.900005340576,43505.500007629395,0,39.60000228881836,325.50000762939453,43220.0,True,10,9,True,0,0,False,False,81,False,False,risk_lstm,8,0.8944830894470215,0.37001973390579224,2.1928532123565674,0.8803673982620239,,,,,,accurate
4326,43260.0,43505.500007629395,43529.40000915527,0,23.900001525878906,269.40000915527344,43300.0,True,7,6,True,1,1,False,False,73,False,False,risk_lstm,8,0.9014339447021484,0.40871480107307434,2.189934253692627,0.8751077651977539,,,,,,accurate
4328,43280.0,43529.40000915527,43558.80001068115,0,29.400001525878906,278.80001068115234,43320.0,True,8,7,True,0,0,False,False,71,False,False,risk_lstm,8,0.8692543506622314,0.3644603192806244,2.157381057739258,0.8857616782188416,,,,,,accurate
4330,43300.0,43558.80001068115,43582.00001144409,0,23.200000762939453,282.0000114440918,43340.0,True,8,7,True,0,0,False,False,69,False,False,risk_lstm,8,0.8697720766067505,0.46327266097068787,2.08266019821167,0.8847516179084778,,,,,,accurate
4333,43330.0,43582.00001144409,43630.20001220703,0,48.20000076293945,300.20001220703125,43370.0,True,8,7,True,1,1,False,False,66,False,False,risk_lstm,8,0.8991502523422241,0.43858635425567627,2.1591291427612305,0.8699025511741638,,,,,,accurate
4335,43350.0,43630.20001220703,43656.50001144409,0,26.299999237060547,306.5000114440918,43390.0,True,9,8,True,0,0,False,False,64,False,False,risk_lstm,8,0.8923898935317993,0.42660754919052124,2.1067585945129395,0.8794652819633484,,,,,,accurate
4340,43400.0,43656.50001144409,43682.50001144409,0,26.0,282.5000114440918,43440.0,True,9,8,True,1,1,False,False,59,False,False,risk_lstm,8,0.8996191024780273,0.42987915873527527,2.1740024089813232,0.8671782612800598,,,,,,accurate
4341,43410.0,43682.50001144409,43721.30001449585,0,38.80000305175781,311.3000144958496,43450.0,True,10,9,True,1,1,False,False,58,False,False,risk_lstm,8,0.8814928531646729,0.412771075963974,2.162043333053589,0.8754816651344299,,,,,,accurate
4345,43450.0,43721.30001449585,43755.00001525879,0,33.70000076293945,305.00001525878906,43490.0,True,10,9,True,0,0,False,False,54,False,False,risk_lstm,8,0.9090362191200256,0.4319269061088562,2.15661883354187,0.8685243129730225,,,,,,accurate
4351,43510.0,43755.00001525879,43815.30001831055,0,60.30000305175781,305.3000183105469,43550.0,True,9,8,True,1,1,False,False,48,False,False,risk_lstm,8,0.9036597013473511,0.39682990312576294,2.186246871948242,0.8715137839317322,,,,,,accurate
4352,43520.0,43815.30001831055,43849.20001602173,0,33.89999771118164,329.2000160217285,43560.0,True,10,9,True,0,0,False,False,47,False,False,risk_lstm,8,0.9086989760398865,0.4563955068588257,2.168442964553833,0.8697029948234558,,,,,,accurate
4354,43540.0,43849.20001602173,43890.40001296997,0,41.19999694824219,350.4000129699707,43580.0,True,10,9,True,0,0,False,False,45,False,False,risk_lstm,8,0.9127938151359558,0.428830623626709,2.1908857822418213,0.8667373061180115,,,,,,accurate
4355,43550.0,43890.40001296997,43935.40001296997,0,45.0,385.4000129699707,43590.0,True,11,10,True,1,1,False,False,44,False,False,risk_lstm,8,0.8682875633239746,0.4097926616668701,2.157630205154419,0.8822267651557922,,,,,,accurate
4360,43600.0,43935.40001296997,43971.40000915527,0,35.999996185302734,371.40000915527344,43640.0,True,10,9,True,1,1,False,False,39,False,False,risk_lstm,8,0.9101150035858154,0.4279288053512573,2.1471712589263916,0.871166467666626,,,,,,accurate
4362,43620.0,43971.40000915527,43999.000007629395,0,27.599998474121094,379.00000762939453,43660.0,True,11,10,True,0,0,False,False,37,False,False,risk_lstm,8,0.9032096266746521,0.48144569993019104,2.067129135131836,0.880210280418396,,,,,,accurate
4363,43630.0,43999.000007629395,44033.600006103516,0,34.599998474121094,403.6000061035156,43670.0,True,12,11,True,1,1,False,False,36,False,False,risk_lstm,8,0.9121865630149841,0.47314706444740295,2.111550807952881,0.8680711984634399,,,,,,accurate
4364,43640.0,44033.600006103516,44087.900005340576,0,54.29999923706055,447.9000053405762,43680.0,True,12,11,True,1,1,False,False,35,False,False,risk_lstm,8,0.8741545081138611,0.4488019645214081,2.1337127685546875,0.8757309913635254,,,,,,accurate
4365,43650.0,44087.900005340576,44123.100006103516,0,35.20000076293945,473.1000061035156,43690.0,True,13,12,True,1,1,False,False,34,False,False,risk_lstm,8,0.8912582397460938,0.45410120487213135,2.1256682872772217,0.8726986646652222,,,,,,accurate
4367,43670.0,44123.100006103516,44165.5000038147,0,42.39999771118164,495.50000381469727,43710.0,True,13,12,True,0,0,False,False,32,False,False,risk_lstm,8,0.8930763602256775,0.4012417793273926,2.1675915718078613,0.8727991580963135,,,,,,accurate
4368,43680.0,44165.5000038147,44201.800006866455,0,36.30000305175781,521.8000068664551,43720.0,True,14,13,True,0,0,False,False,31,False,False,risk_lstm,8,0.895426332950592,0.42928194999694824,2.166307210922241,0.870463490486145,,,,,,accurate
4370,43700.0,44201.800006866455,44266.10000991821,0,64.30000305175781,566.1000099182129,43740.0,True,14,13,True,0,0,False,False,29,False,False,risk_lstm,8,0.8872350454330444,0.48925819993019104,2.043546438217163,0.8877262473106384,,,,,,accurate
4371,43710.0,44266.10000991821,44343.70000076294,0,77.59999084472656,633.7000007629395,43750.0,True,15,14,True,0,0,False,False,28,False,False,risk_lstm,8,0.8533906936645508,0.527838408946991,2.028968334197998,0.8819494843482971,,,,,,accurate
4374,43740.0,44343.70000076294,44382.4999961853,0,38.79999542236328,642.4999961853027,43780.0,True,15,14,True,1,1,False,False,25,False,False,risk_lstm,8,0.8926185965538025,0.41390854120254517,2.172417402267456,0.8722427487373352,,,,,,accurate
4377,43770.0,44382.4999961853,44419.999992370605,0,37.499996185302734,649.9999923706055,43810.0,True,15,14,True,1,1,False,False,22,False,False,risk_lstm,8,0.9229474067687988,0.29388561844825745,1.963757038116455,0.9159451127052307,,,,,,accurate
4383,43830.0,44419.999992370605,44507.19999694824,0,87.20000457763672,677.1999969482422,43870.0,True,15,14,True,0,0,False,False,16,False,False,risk_lstm,8,0.8864898681640625,0.3359031677246094,2.175060749053955,0.8863871097564697,,,,,,accurate
4384,43840.0,44507.19999694824,44528.099994659424,0,20.89999771118164,688.0999946594238,43880.0,True,16,15,True,0,0,False,False,15,False,False,risk_lstm,8,0.9028201699256897,0.3438844382762909,2.036792039871216,0.9041383266448975,,,,,,accurate
4386,43860.0,44528.099994659424,44567.79999542236,0,39.70000076293945,707.7999954223633,43900.0,True,16,15,True,0,0,False,False,13,False,False,risk_lstm,8,0.8735162615776062,0.33046019077301025,2.114762783050537,0.8907381892204285,,,,,,accurate
4391,43910.0,44567.79999542236,44602.29999542236,0,34.5,692.2999954223633,43950.0,True,16,15,True,1,1,False,False,8,False,False,risk_lstm,8,0.9133647084236145,0.2929008901119232,2.216895341873169,0.8833823204040527,,,,,,accurate
4397,43970.0,44602.29999542236,44639.299991607666,0,36.999996185302734,669.299991607666,44010.0,True,16,15,True,1,1,False,False,2,True,False,risk_lstm,8,0.9308671355247498,0.3220246732234955,2.1498000621795654,0.8817982077598572,,,,,,accurate
4400,44000.0,44639.299991607666,44675.599994659424,0,36.30000305175781,675.5999946594238,44040.0,True,15,14,True,0,0,False,False,99,False,False,risk_lstm,8,0.8474650979042053,0.2969837486743927,1.8511897325515747,0.9397825598716736,,,,,,accurate
4406,44060.0,44675.599994659424,44719.599994659424,0,44.0,659.5999946594238,44100.0,True,15,14,True,1,1,False,False,93,False,False,risk_lstm,8,0.9395915865898132,0.21406850218772888,2.1338424682617188,0.8855206370353699,,,,,,accurate
4408,44080.0,44719.599994659424,44761.19999694824,0,41.60000228881836,681.1999969482422,44120.0,True,16,15,True,0,0,False,False,91,False,False,risk_lstm,8,0.8976019620895386,0.29468658566474915,2.163440227508545,0.8854077458381653,,,,,,accurate
4410,44100.0,44761.19999694824,44788.0,0,26.800003051757812,688.0,44140.0,True,16,15,True,0,0,False,False,89,False,False,risk_lstm,8,0.895829439163208,0.24353143572807312,2.026388168334961,0.9402592182159424,,,,,,accurate
4411,44110.0,44788.0,44838.0,0,50.0,728.0,44150.0,True,17,16,True,0,0,False,False,88,False,False,risk_lstm,8,0.9025793075561523,0.26882418990135193,2.158194065093994,0.8955691456794739,,,,,,accurate
4413,44130.0,44838.0,44879.39999771118,0,41.39999771118164,749.3999977111816,44170.0,True,17,16,True,1,1,False,False,86,False,False,risk_lstm,8,0.8979156613349915,0.2553943991661072,2.1598968505859375,0.8946762681007385,,,,,,accurate
4416,44160.0,44879.39999771118,44913.19999694824,0,33.79999923706055,753.1999969482422,44200.0,True,18,17,True,0,0,False,False,83,False,False,risk_lstm,8,0.9478915333747864,0.24287240207195282,2.2484443187713623,0.8813426494598389,,,,,,accurate
4417,44170.0,44913.19999694824,44951.69999694824,0,38.5,781.6999969482422,44210.0,True,18,17,True,0,0,False,False,82,False,False,risk_lstm,8,0.890685498714447,0.2829171121120453,2.198329210281372,0.8953574299812317,,,,,,accurate
4419,44190.0,44951.69999694824,44983.0,0,31.300003051757812,793.0,44230.0,True,19,18,True,0,0,False,False,80,False,False,risk_lstm,8,0.9222292900085449,0.35682329535484314,2.05578351020813,0.9045324921607971,,,,,,accurate
4420,44200.0,44983.0,45017.099994659424,0,34.09999465942383,817.0999946594238,44240.0,True,20,19,True,0,0,False,False,79,False,False,risk_lstm,8,0.9232534766197205,0.328203409910202,2.2288331985473633,0.8767914772033691,,,,,,accurate
4423,44230.0,45017.099994659424,45050.19999694824,0,33.10000228881836,820.1999969482422,44270.0,True,20,19,True,0,0,False,False,76,False,False,risk_lstm,8,0.9114397764205933,0.3595200479030609,2.1996915340423584,0.8797758221626282,,,,,,accurate
4424,44240.0,45050.19999694824,45084.599994659424,0,34.39999771118164,844.5999946594238,44280.0,True,21,20,True,0,0,False,False,75,False,False,risk_lstm,8,0.887938380241394,0.4426538348197937,2.162780523300171,0.8757439851760864,,,,,,accurate
4426,44260.0,45084.599994659424,45112.09999847412,0,27.500003814697266,852.0999984741211,44300.0,True,22,21,True,0,0,False,False,73,False,False,risk_lstm,8,0.9252251982688904,0.3258150517940521,1.9711920022964478,0.9141767024993896,,,,,,accurate
4428,44280.0,45112.09999847412,45151.59999847412,0,39.5,871.5999984741211,44320.0,True,22,21,True,0,0,False,False,71,False,False,risk_lstm,8,0.9267945289611816,0.3601289689540863,2.2128570079803467,0.871723473072052,,,,,,accurate
4429,44290.0,45151.59999847412,45188.599994659424,0,36.999996185302734,898.5999946594238,44330.0,True,23,22,True,0,0,False,False,70,False,False,risk_lstm,8,0.9621819257736206,0.1721334010362625,2.1282589435577393,0.9129307270050049,,,,,,accurate
4435,44350.0,45188.599994659424,45230.79999542236,0,42.20000076293945,880.7999954223633,44390.0,True,23,22,True,0,0,False,False,64,False,False,risk_lstm,8,0.8809229135513306,0.335785448551178,2.1347086429595947,0.8940399885177612,,,,,,accurate
4436,44360.0,45230.79999542236,45276.599994659424,0,45.79999923706055,916.5999946594238,44400.0,True,24,23,True,0,0,False,False,63,False,False,risk_lstm,8,0.9078261852264404,0.3192543685436249,2.2035584449768066,0.891371488571167,,,,,,accurate
4437,44370.0,45276.599994659424,45330.9999961853,0,54.400001525878906,960.9999961853027,44410.0,True,25,24,True,0,0,False,False,62,False,False,risk_lstm,8,0.9130238890647888,0.3093576431274414,2.2315924167633057,0.8879095315933228,,,,,,accurate
4438,44380.0,45330.9999961853,45391.79999542236,0,60.79999923706055,1011.7999954223633,44420.0,True,26,25,True,0,0,False,False,61,False,False,risk_lstm,8,0.8588980436325073,0.29513514041900635,1.9902796745300293,0.8939139246940613,,,,,,accurate
4439,44390.0,45391.79999542236,45418.69999694824,0,26.900001525878906,1028.6999969482422,44430.0,True,26,25,True,1,1,False,False,60,False,False,risk_lstm,8,0.8928673267364502,0.27204012870788574,2.20361065864563,0.8910620808601379,,,,,,accurate
4440,44400.0,45418.69999694824,45444.4999961853,0,25.799999237060547,1044.4999961853027,44440.0,True,27,26,True,0,0,False,False,59,False,False,risk_lstm,8,0.8858820199966431,0.3260668218135834,2.189361810684204,0.890545666217804,,,,,,accurate
4443,44430.0,45444.4999961853,45477.59999847412,0,33.10000228881836,1047.599998474121,44470.0,True,27,26,True,0,0,False,False,56,False,False,risk_lstm,8,0.920741081237793,0.3584705591201782,2.2099034786224365,0.8838416934013367,,,,,,accurate
4444,44440.0,45477.59999847412,45502.59999847412,0,25.0,1062.599998474121,44480.0,True,28,27,True,0,0,False,False,55,False,False,risk_lstm,8,0.8790054321289062,0.4007934331893921,2.046884298324585,0.9040791988372803,,,,,,accurate
4445,44450.0,45502.59999847412,45534.89999771118,0,32.29999923706055,1084.8999977111816,44490.0,True,29,28,True,1,1,False,False,54,False,False,risk_lstm,8,0.9326522350311279,0.35883912444114685,2.0874524116516113,0.8886967897415161,,,,,,accurate
4449,44490.0,45534.89999771118,45561.0,0,26.10000228881836,1071.0,44530.0,True,30,29,True,0,0,False,False,50,False,False,risk_lstm,8,0.9326048493385315,0.34498441219329834,2.0641984939575195,0.8883393406867981,,,,,,accurate
4453,44530.0,45561.0,45591.4999961853,0,30.499996185302734,1061.4999961853027,44570.0,True,29,28,True,0,0,False,False,46,False,False,risk_lstm,8,0.9218613505363464,0.34292274713516235,2.189222574234009,0.8672189712524414,,,,,,accurate
4454,44540.0,45591.4999961853,45613.09999847412,0,21.60000228881836,1073.099998474121,44580.0,True,30,29,True,0,0,False,False,45,False,False,risk_lstm,8,0.9432255029678345,0.32045942544937134,1.9583778381347656,0.9148963689804077,,,,,,accurate
4462,44620.0,45613.09999847412,45644.699993133545,0,31.599994659423828,1024.699993133545,44660.0,True,29,28,True,1,1,False,False,37,False,False,risk_lstm,8,0.9439811110496521,0.28412505984306335,2.172224283218384,0.8660542368888855,,,,,,accurate
4466,44660.0,45644.699993133545,45671.09999084473,0,26.39999771118164,1011.0999908447266,44700.0,True,29,28,True,1,1,False,False,33,False,False,risk_lstm,8,0.91098552942276,0.36820098757743835,2.1223204135894775,0.8820474147796631,,,,,,accurate
4471,44710.0,45671.09999084473,45704.499992370605,0,33.400001525878906,994.4999923706055,44750.0,True,29,28,True,0,0,False,False,28,False,False,risk_lstm,8,0.9331929683685303,0.2994895279407501,2.0576229095458984,0.9043179750442505,,,,,,accurate
4475,44750.0,45704.499992370605,45730.59999084473,0,26.099998474121094,980.5999908447266,44790.0,True,29,28,True,0,0,False,False,24,False,False,risk_lstm,8,0.9334113597869873,0.3152470886707306,2.188732862472534,0.8734664916992188,,,,,,accurate
4476,44760.0,45730.59999084473,45754.59998703003,0,23.999996185302734,994.5999870300293,44800.0,True,30,29,True,0,0,False,False,23,False,False,risk_lstm,8,0.9301721453666687,0.34866586327552795,2.194427728652954,0.8715580105781555,,,,,,accurate
4477,44770.0,45754.59998703003,45777.89998626709,0,23.299999237060547,1007.8999862670898,44810.0,True,30,29,True,0,0,False,False,22,False,False,risk_lstm,8,0.9209381937980652,0.34167271852493286,2.061183452606201,0.8877326250076294,,,,,,accurate
4480,44800.0,45777.89998626709,45826.49998855591,0,48.60000228881836,1026.4999885559082,44840.0,True,30,29,True,0,0,False,False,19,False,False,risk_lstm,8,0.9320927262306213,0.35671570897102356,2.0966246128082275,0.8845217823982239,,,,,,accurate
4481,44810.0,45826.49998855591,45880.59999084473,0,54.10000228881836,1070.5999908447266,44850.0,True,31,30,True,0,0,False,False,18,False,False,risk_lstm,8,0.9208765625953674,0.4132562279701233,2.130803346633911,0.864945650100708,,,,,,accurate
4484,44840.0,45880.59999084473,45956.399993896484,0,75.80000305175781,1116.3999938964844,44880.0,True,31,30,True,0,0,False,False,15,False,False,risk_lstm,8,0.8874427080154419,0.3956396281719208,2.1816859245300293,0.8792642951011658,,,,,,accurate
4486,44860.0,45956.399993896484,46009.19999694824,0,52.80000305175781,1149.1999969482422,44900.0,True,32,31,True,0,0,False,False,13,False,False,risk_lstm,8,0.9073460102081299,0.42808201909065247,2.012319564819336,0.8998080492019653,,,,,,accurate
4487,44870.0,46009.19999694824,46046.40000152588,0,37.20000457763672,1176.400001525879,44910.0,True,33,32,True,1,1,False,False,12,False,False,risk_lstm,8,0.9009758830070496,0.38860324025154114,2.089672803878784,0.8786832690238953,,,,,,accurate
4488,44880.0,46046.40000152588,46079.70000076294,0,33.29999923706055,1199.7000007629395,44920.0,True,33,32,True,0,0,False,False,11,False,False,risk_lstm,8,0.9361938834190369,0.3185785710811615,2.061190605163574,0.8963969349861145,,,,,,accurate
4489,44890.0,46079.70000076294,46111.40000152588,0,31.700000762939453,1221.400001525879,44930.0,True,34,33,True,0,0,False,False,10,False,False,risk_lstm,8,0.9213047623634338,0.2994413375854492,1.9591453075408936,0.9267650246620178,,,,,,accurate
4490,44900.0,46111.40000152588,46145.40000152588,0,34.0,1245.400001525879,44940.0,True,35,34,True,0,0,False,False,9,False,False,risk_lstm,8,0.9190084338188171,0.27229735255241394,2.1149654388427734,0.8895602822303772,,,,,,accurate
4491,44910.0,46145.40000152588,46201.70000076294,0,56.29999923706055,1291.7000007629395,44950.0,True,36,35,True,0,0,False,False,8,False,False,risk_lstm,8,0.9412789940834045,0.2921161651611328,2.1412739753723145,0.8687757849693298,,,,,,accurate
4496,44960.0,46201.70000076294,46229.40000152588,0,27.700000762939453,1269.400001525879,45000.0,True,35,34,True,0,0,False,False,3,False,False,risk_lstm,8,0.9393070936203003,0.16766884922981262,2.053907871246338,0.9214926958084106,,,,,,accurate
4497,44970.0,46229.40000152588,46261.30000305176,0,31.900001525878906,1291.3000030517578,45010.0,True,36,35,True,1,1,False,False,2,True,False,risk_lstm,8,0.9450252056121826,0.23944486677646637,2.016742467880249,0.9100317358970642,,,,,,accurate
4498,44980.0,46261.30000305176,46281.59999847412,0,20.29999542236328,1301.599998474121,45020.0,True,37,36,True,0,0,False,False,1,True,False,risk_lstm,8,0.955798864364624,0.19224007427692413,2.1123592853546143,0.8966601490974426,,,,,,accurate
4500,45000.0,46281.59999847412,46304.20000076294,0,22.60000228881836,1304.2000007629395,45040.0,True,37,36,True,0,0,False,False,99,False,False,risk_lstm,8,0.9412037134170532,0.26231998205184937,2.119921922683716,0.8808003067970276,,,,,,accurate
4503,45030.0,46304.20000076294,46328.40000152588,0,24.200000762939453,1298.400001525879,45070.0,True,37,36,True,0,0,False,False,96,False,False,risk_lstm,8,0.9364681243896484,0.2681750953197479,2.058450937271118,0.900596022605896,,,,,,accurate
4505,45050.0,46328.40000152588,46357.90000152588,0,29.5,1307.900001525879,45090.0,True,38,37,True,0,0,False,False,94,False,False,risk_lstm,8,0.9363961219787598,0.27256664633750916,2.146477460861206,0.8759803771972656,,,,,,accurate
4508,45080.0,46357.90000152588,46404.30000305176,0,46.400001525878906,1324.3000030517578,45120.0,True,38,37,True,0,0,False,False,91,False,False,risk_lstm,8,0.9282845854759216,0.3107202649116516,2.2086856365203857,0.8767972588539124,,,,,,accurate
4509,45090.0,46404.30000305176,46432.30000305176,0,28.0,1342.3000030517578,45130.0,True,38,37,True,0,0,False,False,90,False,False,risk_lstm,8,0.8764998912811279,0.26931971311569214,1.9656950235366821,0.9405206441879272,,,,,,accurate
4511,45110.0,46432.30000305176,46476.30000305176,0,44.0,1366.3000030517578,45150.0,True,39,38,True,0,0,False,False,88,False,False,risk_lstm,8,0.9222333431243896,0.2711498439311981,2.2232043743133545,0.8825206756591797,,,,,,accurate
4512,45120.0,46476.30000305176,46518.09999847412,0,41.79999542236328,1398.099998474121,45160.0,True,39,38,True,0,0,False,False,87,False,False,risk_lstm,8,0.8673445582389832,0.30837035179138184,2.1280548572540283,0.8934823274612427,,,,,,accurate
4515,45150.0,46518.09999847412,46561.4999961853,0,43.39999771118164,1411.4999961853027,45190.0,True,40,39,True,1,1,False,False,84,False,False,risk_lstm,8,0.9068779945373535,0.36356988549232483,2.1675400733947754,0.8867214322090149,,,,,,accurate
4516,45160.0,46561.4999961853,46604.90000152588,0,43.40000534057617,1444.900001525879,45200.0,True,40,39,True,0,0,False,False,83,False,False,risk_lstm,8,0.9073076248168945,0.34327974915504456,2.211629629135132,0.8818584680557251,,,,,,accurate
4518,45180.0,46604.90000152588,46636.5,0,31.599998474121094,1456.5,45220.0,True,41,40,True,0,0,False,False,81,False,False,risk_lstm,8,0.9299479722976685,0.3879629671573639,2.0005156993865967,0.9027120471000671,,,,,,accurate
4520,45200.0,46636.5,46675.59999847412,0,39.099998474121094,1475.599998474121,45240.0,True,41,40,True,0,0,False,False,79,False,False,risk_lstm,8,0.906662106513977,0.3807305693626404,2.093621015548706,0.886671245098114,,,,,,accurate
4521,45210.0,46675.59999847412,46708.399993896484,0,32.79999542236328,1498.3999938964844,45250.0,True,42,41,True,0,0,False,False,78,False,False,risk_lstm,8,0.9364739656448364,0.30811724066734314,2.0317277908325195,0.8979083299636841,,,,,,accurate
4524,45240.0,46708.399993896484,46745.599994659424,0,37.20000076293945,1505.5999946594238,45280.0,True,42,41,True,1,1,False,False,75,False,False,risk_lstm,8,0.9219871759414673,0.408739298582077,2.0625877380371094,0.8812344074249268,,,,,,accurate
4526,45260.0,46745.599994659424,46785.399993896484,0,39.79999923706055,1525.3999938964844,45300.0,True,43,42,True,0,0,False,False,73,False,False,risk_lstm,8,0.9197810292243958,0.3879295885562897,2.109626054763794,0.8652345538139343,,,,,,accurate
4527,45270.0,46785.399993896484,46814.599994659424,0,29.200000762939453,1544.5999946594238,45310.0,True,44,43,True,0,0,False,False,72,False,False,risk_lstm,8,0.9317323565483093,0.3615398406982422,2.0024542808532715,0.9115939736366272,,,,,,accurate
4531,45310.0,46814.599994659424,46863.79999542236,0,49.20000076293945,1553.7999954223633,45350.0,True,44,43,True,0,0,False,False,68,False,False,risk_lstm,8,0.8831411600112915,0.3515535295009613,2.0960867404937744,0.8819471001625061,,,,,,accurate
4534,45340.0,46863.79999542236,46909.9999961853,0,46.20000076293945,1569.9999961853027,45380.0,True,44,43,True,0,0,False,False,65,False,False,risk_lstm,8,0.8995493650436401,0.31036776304244995,2.2177734375,0.8831481337547302,,,,,,accurate
4539,45390.0,46909.9999961853,46956.09999847412,0,46.10000228881836,1566.099998474121,45430.0,True,45,44,True,0,0,False,False,60,False,False,risk_lstm,8,0.9119083881378174,0.34776681661605835,2.0603511333465576,0.9017274379730225,,,,,,accurate
4540,45400.0,46956.09999847412,46988.80000305176,0,32.70000457763672,1588.8000030517578,45440.0,True,45,44,True,0,0,False,False,59,False,False,risk_lstm,8,0.940133810043335,0.2215840220451355,2.0730443000793457,0.9117817282676697,,,,,,accurate
4543,45430.0,46988.80000305176,47034.70000457764,0,45.900001525878906,1604.7000045776367,45470.0,True,45,44,True,0,0,False,False,56,False,False,risk_lstm,8,0.9224902391433716,0.25595152378082275,1.9968910217285156,0.9164153933525085,,,,,,accurate
4544,45440.0,47034.70000457764,47078.900005340576,0,44.20000076293945,1638.9000053405762,45480.0,True,46,45,True,0,0,False,False,55,False,False,risk_lstm,8,0.9299349784851074,0.2535944879055023,2.103851079940796,0.8847517967224121,,,,,,accurate
4545,45450.0,47078.900005340576,47113.500007629395,0,34.60000228881836,1663.5000076293945,45490.0,True,46,45,True,0,0,False,False,54,False,False,risk_lstm,8,0.9352925419807434,0.24968163669109344,2.131988763809204,0.8876177072525024,,,,,,accurate
4548,45480.0,47113.500007629395,47156.000007629395,0,42.5,1676.0000076293945,45520.0,True,46,45,True,0,0,False,False,51,False,False,risk_lstm,8,0.9435470700263977,0.2724701464176178,2.1535043716430664,0.8724439740180969,,,,,,accurate
4554,45540.0,47156.000007629395,47184.60000991821,0,28.60000228881836,1644.600009918213,45580.0,True,45,44,True,0,0,False,False,45,False,False,risk_lstm,8,0.9381126761436462,0.24338988959789276,2.0455853939056396,0.9120029807090759,,,,,,accurate
4555,45550.0,47184.60000991821,47224.60000991821,0,40.0,1674.600009918213,45590.0,True,46,45,True,0,0,False,False,44,False,False,risk_lstm,8,0.9398767948150635,0.24231629073619843,2.164917469024658,0.8769243955612183,,,,,,accurate
4560,45600.0,47224.60000991821,47282.50001144409,0,57.900001525878906,1682.5000114440918,45640.0,True,45,44,True,0,0,False,False,39,False,False,risk_lstm,8,0.8677930235862732,0.30903175473213196,1.9780136346817017,0.887772798538208,,,,,,accurate
4564,45640.0,47282.50001144409,47318.20001602173,0,35.70000457763672,1678.2000160217285,45680.0,True,45,44,True,0,0,False,False,35,False,False,risk_lstm,8,0.9201608896255493,0.28252023458480835,2.1638991832733154,0.88346928358078,,,,,,accurate
4567,45670.0,47318.20001602173,47356.70001602173,0,38.5,1686.7000160217285,45710.0,True,45,44,True,0,0,False,False,32,False,False,risk_lstm,8,0.9239231944084167,0.3561474680900574,2.212221145629883,0.8685970306396484,,,,,,accurate
4570,45700.0,47356.70001602173,47409.10001373291,0,52.39999771118164,1709.1000137329102,45740.0,True,45,44,True,1,1,False,False,29,False,False,risk_lstm,8,0.9103333353996277,0.4002191722393036,2.1771650314331055,0.8737616539001465,,,,,,accurate
4573,45730.0,47409.10001373291,47441.60001373291,0,32.5,1711.6000137329102,45770.0,True,45,44,True,0,0,False,False,26,False,False,risk_lstm,8,0.9261963963508606,0.3992019593715668,2.082049608230591,0.8861309289932251,,,,,,accurate
4574,45740.0,47441.60001373291,47475.40001296997,0,33.79999923706055,1735.4000129699707,45780.0,True,45,44,True,0,0,False,False,25,False,False,risk_lstm,8,0.9220662117004395,0.40975677967071533,2.1560840606689453,0.8664298057556152,,,,,,accurate
4575,45750.0,47475.40001296997,47512.70001220703,0,37.29999923706055,1762.7000122070312,45790.0,True,46,45,True,0,0,False,False,24,False,False,risk_lstm,8,0.8965197801589966,0.436398983001709,2.17492938041687,0.8694107532501221,,,,,,accurate
4576,45760.0,47512.70001220703,47551.10001373291,0,38.400001525878906,1791.1000137329102,45800.0,True,46,45,True,1,1,False,False,23,False,False,risk_lstm,8,0.8859080076217651,0.4075458347797394,2.179457902908325,0.8727120757102966,,,,,,accurate
4580,45800.0,47551.10001373291,47596.80001831055,0,45.70000457763672,1796.8000183105469,45840.0,True,46,45,True,1,1,False,False,19,False,False,risk_lstm,8,0.8720926642417908,0.3960798978805542,2.138883590698242,0.8827235102653503,,,,,,accurate
4582,45820.0,47596.80001831055,47653.30001831055,0,56.5,1833.3000183105469,45860.0,True,47,46,True,0,0,False,False,17,False,False,risk_lstm,8,0.8854768872261047,0.45792049169540405,2.1348202228546143,0.8750823736190796,,,,,,accurate
4583,45830.0,47653.30001831055,47687.400020599365,0,34.10000228881836,1857.4000205993652,45870.0,True,47,46,True,0,0,False,False,16,False,False,risk_lstm,8,0.8709705471992493,0.46755677461624146,1.9490070343017578,0.9077399373054504,,,,,,accurate
4584,45840.0,47687.400020599365,47726.100021362305,0,38.70000076293945,1886.1000213623047,45880.0,True,48,47,True,0,0,False,False,15,False,False,risk_lstm,8,0.8988752961158752,0.4035642743110657,2.1842823028564453,0.8736388683319092,,,,,,accurate
4588,45880.0,47726.100021362305,47770.900020599365,0,44.79999923706055,1890.9000205993652,45920.0,True,49,48,True,1,1,False,False,11,False,False,risk_lstm,8,0.858792781829834,0.4015793204307556,2.0914647579193115,0.8846968412399292,,,,,,accurate
4593,45930.0,47770.900020599365,47811.90001678467,0,40.999996185302734,1881.900016784668,45970.0,True,49,48,True,1,1,False,False,6,False,False,risk_lstm,8,0.8805361986160278,0.3912380337715149,2.1581037044525146,0.8803392052650452,,,,,,accurate
4597,45970.0,47811.90001678467,47855.500019073486,0,43.60000228881836,1885.5000190734863,46010.0,True,49,48,True,0,0,False,False,2,True,False,risk_lstm,8,0.8941690921783447,0.39137426018714905,2.1866085529327393,0.8763238191604614,,,,,,accurate
4602,46020.0,47855.500019073486,47893.700019836426,0,38.20000076293945,1873.7000198364258,46060.0,True,49,48,True,1,1,False,False,97,False,False,risk_lstm,8,0.8820708990097046,0.3594290018081665,2.137901544570923,0.8841116428375244,,,,,,accurate
4604,46040.0,47893.700019836426,47926.500019073486,0,32.79999923706055,1886.5000190734863,46080.0,True,50,49,True,0,0,False,False,95,False,False,risk_lstm,8,0.9104397296905518,0.38260069489479065,2.215073347091675,0.8713279366493225,,,,,,accurate
4605,46050.0,47926.500019073486,47961.700019836426,0,35.20000076293945,1911.7000198364258,46090.0,True,50,49,True,1,1,False,False,94,False,False,risk_lstm,8,0.8753398656845093,0.36042216420173645,2.1449882984161377,0.8849533200263977,,,,,,accurate
4607,46070.0,47961.700019836426,48013.10001754761,0,51.39999771118164,1943.1000175476074,46110.0,True,51,50,True,1,1,False,False,92,False,False,risk_lstm,8,0.8714110255241394,0.3843492269515991,2.168565273284912,0.8864500522613525,,,,,,accurate
4610,46100.0,48013.10001754761,48057.000019073486,0,43.900001525878906,1957.0000190734863,46140.0,True,51,50,True,0,0,False,False,89,False,False,risk_lstm,8,0.9308380484580994,0.4032107889652252,2.2289369106292725,0.8703298568725586,,,,,,accurate
4614,46140.0,48057.000019073486,48086.700019836426,0,29.700000762939453,1946.7000198364258,46180.0,True,51,50,True,1,1,False,False,85,False,False,risk_lstm,8,0.9194662570953369,0.4026472568511963,2.215665817260742,0.8677728176116943,,,,,,accurate
4616,46160.0,48086.700019836426,48125.00001525879,0,38.29999542236328,1965.000015258789,46200.0,True,51,50,True,0,0,False,False,83,False,False,risk_lstm,8,0.904960572719574,0.41204753518104553,2.198107957839966,0.8708841800689697,,,,,,accurate
4621,46210.0,48125.00001525879,48177.60001373291,0,52.599998474121094,1967.6000137329102,46250.0,True,51,50,True,1,1,False,False,78,False,False,risk_lstm,8,0.8702818155288696,0.38916879892349243,2.1514298915863037,0.8821055889129639,,,,,,accurate
4624,46240.0,48177.60001373291,48202.00001144409,0,24.39999771118164,1962.0000114440918,46280.0,True,51,50,True,0,0,False,False,75,False,False,risk_lstm,8,0.9003356099128723,0.4429090619087219,1.9971896409988403,0.9073054790496826,,,,,,accurate
4627,46270.0,48202.00001144409,48226.50001144409,0,24.5,1956.5000114440918,46310.0,True,51,50,True,1,1,False,False,72,False,False,risk_lstm,8,0.9063194394111633,0.38518238067626953,2.1907646656036377,0.8719154000282288,,,,,,accurate
4628,46280.0,48226.50001144409,48244.70001220703,0,18.200000762939453,1964.7000122070312,46320.0,True,52,51,True,1,1,False,False,71,False,False,risk_lstm,8,0.9482334852218628,0.20983338356018066,1.9761043787002563,0.9127553701400757,,,,,,accurate
4629,46290.0,48244.70001220703,48271.00001144409,0,26.299999237060547,1981.0000114440918,46330.0,True,52,51,True,1,1,False,False,70,False,False,risk_lstm,8,0.9229064583778381,0.31782129406929016,2.194641351699829,0.8769919872283936,,,,,,accurate
4630,46300.0,48271.00001144409,48294.80001068115,0,23.799999237060547,1994.8000106811523,46340.0,True,53,52,True,1,1,False,False,69,False,False,risk_lstm,8,0.9227557182312012,0.2988157868385315,2.230865001678467,0.8777881860733032,,,,,,accurate
4631,46310.0,48294.80001068115,48322.30001068115,0,27.5,2012.3000106811523,46350.0,True,53,52,True,0,0,False,False,68,False,False,risk_lstm,8,0.9333925843238831,0.3472555875778198,2.2161543369293213,0.8753465414047241,,,,,,accurate
4633,46330.0,48322.30001068115,48342.40001296997,0,20.10000228881836,2012.4000129699707,46370.0,True,53,52,True,0,0,False,False,66,False,False,risk_lstm,8,0.9381691813468933,0.34259235858917236,2.0769855976104736,0.8959862589836121,,,,,,accurate
4634,46340.0,48342.40001296997,48364.40000915527,0,21.999996185302734,2024.4000091552734,46380.0,True,54,53,True,0,0,False,False,65,False,False,risk_lstm,8,0.9203974008560181,0.31677109003067017,2.20084547996521,0.8745539784431458,,,,,,accurate
4635,46350.0,48364.40000915527,48394.40000915527,0,30.0,2044.4000091552734,46390.0,True,55,54,True,1,1,False,False,64,False,False,risk_lstm,8,0.8926213979721069,0.4236898422241211,2.1561763286590576,0.8798895478248596,,,,,,accurate
4636,46360.0,48394.40000915527,48415.000007629395,0,20.599998474121094,2055.0000076293945,46400.0,True,55,54,True,1,1,False,False,63,False,False,risk_lstm,8,0.8989408612251282,0.3804662823677063,2.0734853744506836,0.891403317451477,,,,,,accurate
4638,46380.0,48415.000007629395,48431.90000915527,0,16.900001525878906,2051.9000091552734,46420.0,True,56,55,True,0,0,False,False,61,False,False,risk_lstm,8,0.8894381523132324,0.2932089865207672,1.9133589267730713,0.933489978313446,,,,,,accurate
4639,46390.0,48431.90000915527,48458.60000991821,0,26.700000762939453,2068.600009918213,46430.0,True,57,56,True,0,0,False,False,60,False,False,risk_lstm,8,0.9479424357414246,0.2725425362586975,2.065260171890259,0.8832815885543823,,,,,,accurate
4642,46420.0,48458.60000991821,48486.00001144409,0,27.400001525878906,2066.000011444092,46460.0,True,57,56,True,1,1,False,False,57,False,False,risk_lstm,8,0.9327819347381592,0.3157382011413574,2.1409995555877686,0.8729902505874634,,,,,,accurate
4648,46480.0,48486.00001144409,48514.60000991821,0,28.599998474121094,2034.600009918213,46520.0,True,56,55,True,0,0,False,False,51,False,False,risk_lstm,8,0.9265033602714539,0.29896774888038635,2.1971640586853027,0.8766473531723022,,,,,,accurate
4654,46540.0,48514.60000991821,48545.200008392334,0,30.599998474121094,2005.200008392334,46580.0,True,56,55,True,0,0,False,False,45,False,False,risk_lstm,8,0.9129784107208252,0.32048550248146057,2.2086708545684814,0.8787771463394165,,,,,,accurate
4657,46570.0,48545.200008392334,48577.800006866455,0,32.599998474121094,2007.800006866455,46610.0,True,56,55,True,1,1,False,False,42,False,False,risk_lstm,8,0.9183759093284607,0.31203633546829224,2.2235491275787354,0.8783044815063477,,,,,,accurate
4661,46610.0,48577.800006866455,48605.100006103516,0,27.299999237060547,1995.1000061035156,46650.0,True,56,55,True,1,1,False,False,38,False,False,risk_lstm,8,0.9132990837097168,0.3394346833229065,2.1785523891448975,0.8816642761230469,,,,,,accurate
4665,46650.0,48605.100006103516,48628.20000457764,0,23.099998474121094,1978.2000045776367,46690.0,True,56,55,True,0,0,False,False,34,False,False,risk_lstm,8,0.9140684604644775,0.3472016155719757,2.227128744125366,0.8767068982124329,,,,,,accurate
4666,46660.0,48628.20000457764,48657.70000457764,0,29.5,1997.7000045776367,46700.0,True,57,56,True,0,0,False,False,33,False,False,risk_lstm,8,0.9188229441642761,0.42401453852653503,2.1600964069366455,0.869728684425354,,,,,,accurate
4667,46670.0,48657.70000457764,48678.900005340576,0,21.200000762939453,2008.9000053405762,46710.0,True,58,57,True,0,0,False,False,32,False,False,risk_lstm,8,0.9343146085739136,0.38943859934806824,2.030113458633423,0.8973374366760254,,,,,,accurate
4668,46680.0,48678.900005340576,48710.40000915527,0,31.500003814697266,2030.4000091552734,46720.0,True,58,57,True,0,0,False,False,31,False,False,risk_lstm,8,0.91291344165802,0.3984828591346741,2.178210496902466,0.8677676320075989,,,,,,accurate
4670,46700.0,48710.40000915527,48748.90000915527,0,38.5,2048.9000091552734,46740.0,True,59,58,True,0,0,False,False,29,False,False,risk_lstm,8,0.8899637460708618,0.4517197906970978,2.132037878036499,0.8751651644706726,,,,,,accurate
4672,46720.0,48748.90000915527,48774.90000915527,0,26.0,2054.9000091552734,46760.0,True,59,58,True,0,0,False,False,27,False,False,risk_lstm,8,0.8734393119812012,0.2341325879096985,2.0394558906555176,0.9327975511550903,,,,,,accurate
4674,46740.0,48774.90000915527,48801.90001296997,0,27.000003814697266,2061.9000129699707,46780.0,True,60,59,True,0,0,False,False,25,False,False,risk_lstm,8,0.9201117157936096,0.19264139235019684,1.9610393047332764,0.9267863035202026,,,,,,accurate
4676,46760.0,48801.90001296997,48824.60001373291,0,22.700000762939453,2064.60001373291,46800.0,True,60,59,True,1,1,False,False,23,False,False,risk_lstm,8,0.9338539242744446,0.1929430216550827,1.954902172088623,0.9280024766921997,,,,,,accurate
4678,46780.0,48824.60001373291,48896.90001678467,0,72.30000305175781,2116.900016784668,46820.0,True,61,60,True,0,0,False,False,21,False,False,risk_lstm,8,0.9385972619056702,0.22621530294418335,2.083124876022339,0.8861439228057861,,,,,,accurate
4683,46830.0,48896.90001678467,48935.60001373291,0,38.69999694824219,2105.60001373291,46870.0,True,60,59,True,1,1,False,False,16,False,False,risk_lstm,8,0.9448962211608887,0.22786332666873932,2.105978488922119,0.8863387107849121,,,,,,accurate
4684,46840.0,48935.60001373291,48965.70001220703,0,30.099998474121094,2125.7000122070312,46880.0,True,61,60,True,0,0,False,False,15,False,False,risk_lstm,8,0.8909400105476379,0.2816390097141266,1.9462225437164307,0.8853784799575806,,,,,,accurate
4685,46850.0,48965.70001220703,48992.80001068115,0,27.099998474121094,2142.8000106811523,46890.0,True,62,61,True,0,0,False,False,14,False,False,risk_lstm,8,0.9429438710212708,0.23353560268878937,2.228867769241333,0.8764160871505737,,,,,,accurate
4688,46880.0,48992.80001068115,49029.10001373291,0,36.30000305175781,2149.10001373291,46920.0,True,62,61,True,1,1,False,False,11,False,False,risk_lstm,8,0.9347116351127625,0.23086929321289062,2.2341434955596924,0.879710853099823,,,,,,accurate
4689,46890.0,49029.10001373291,49073.20001602173,0,44.10000228881836,2183.2000160217285,46930.0,True,63,62,True,0,0,False,False,10,False,False,risk_lstm,8,0.916050136089325,0.3333679735660553,2.1793205738067627,0.8838058710098267,,,,,,accurate
4690,46900.0,49073.20001602173,49120.00001525879,0,46.79999923706055,2220.000015258789,46940.0,True,64,63,True,0,0,False,False,9,False,False,risk_lstm,8,0.919227659702301,0.3538719117641449,2.1966068744659424,0.8727283477783203,,,,,,accurate
4691,46910.0,49120.00001525879,49157.40001678467,0,37.400001525878906,2247.400016784668,46950.0,True,64,63,True,0,0,False,False,8,False,False,risk_lstm,8,0.9278033971786499,0.3186224102973938,2.0017518997192383,0.9198155999183655,,,,,,accurate
4693,46930.0,49157.40001678467,49188.20001220703,0,30.79999542236328,2258.2000122070312,46970.0,True,65,64,True,0,0,False,False,6,False,False,risk_lstm,8,0.9265657067298889,0.18996946513652802,1.970550298690796,0.9213656783103943,,,,,,accurate
4694,46940.0,49188.20001220703,49235.90000915527,0,47.69999694824219,2295.9000091552734,46980.0,True,66,65,True,0,0,False,False,5,False,False,risk_lstm,8,0.8827342987060547,0.28737226128578186,2.118100643157959,0.896479606628418,,,,,,accurate
4700,47000.0,49235.90000915527,49264.90000915527,0,29.0,2264.9000091552734,47040.0,True,65,64,True,1,1,False,False,99,False,False,risk_lstm,8,0.8888930082321167,0.26200738549232483,2.171706438064575,0.8955392241477966,,,,,,accurate
4702,47020.0,49264.90000915527,49289.00001144409,0,24.10000228881836,2269.000011444092,47060.0,True,66,65,True,0,0,False,False,97,False,False,risk_lstm,8,0.9095637202262878,0.2854871153831482,2.0840694904327393,0.8972761034965515,,,,,,accurate
4704,47040.0,49289.00001144409,49319.200008392334,0,30.199996948242188,2279.200008392334,47080.0,True,66,65,True,0,0,False,False,95,False,False,risk_lstm,8,0.8771175146102905,0.27755603194236755,2.067627429962158,0.8941665887832642,,,,,,accurate
4706,47060.0,49319.200008392334,49340.30001068115,0,21.10000228881836,2280.3000106811523,47100.0,True,67,66,True,1,1,False,False,93,False,False,risk_lstm,8,0.9370234608650208,0.2663920819759369,2.168057680130005,0.8813941478729248,,,,,,accurate
4707,47070.0,49340.30001068115,49361.40000915527,0,21.099998474121094,2291.4000091552734,47110.0,True,68,67,True,0,0,False,False,92,False,False,risk_lstm,8,0.9568221569061279,0.23099158704280853,2.0571274757385254,0.909424901008606,,,,,,accurate
4710,47100.0,49361.40000915527,49404.40000915527,0,43.0,2304.4000091552734,47140.0,True,68,67,True,0,0,False,False,89,False,False,risk_lstm,8,0.9017590284347534,0.287919819355011,2.1900036334991455,0.8848608136177063,,,,,,accurate
4711,47110.0,49404.40000915527,49451.30001068115,0,46.900001525878906,2341.3000106811523,47150.0,True,69,68,True,1,1,False,False,88,False,False,risk_lstm,8,0.874089241027832,0.3204062879085541,2.1826183795928955,0.8889625668525696,,,,,,accurate
4712,47120.0,49451.30001068115,49470.00001144409,0,18.700000762939453,2350.000011444092,47160.0,True,69,68,True,0,0,False,False,87,False,False,risk_lstm,8,0.9312708973884583,0.34140250086784363,2.0290029048919678,0.9038430452346802,,,,,,accurate
4717,47170.0,49470.00001144409,49488.20001220703,0,18.200000762939453,2318.2000122070312,47210.0,True,69,68,True,0,0,False,False,82,False,False,risk_lstm,8,0.9244118928909302,0.30495327711105347,1.9827362298965454,0.9155750274658203,,,,,,accurate
4718,47180.0,49488.20001220703,49527.20001220703,0,39.0,2347.2000122070312,47220.0,True,70,69,True,1,1,False,False,81,False,False,risk_lstm,8,0.9413561224937439,0.2702237665653229,2.182584524154663,0.8756948709487915,,,,,,accurate
4721,47210.0,49527.20001220703,49553.90001296997,0,26.700000762939453,2343.9000129699707,47250.0,True,70,69,True,0,0,False,False,78,False,False,risk_lstm,8,0.9076224565505981,0.2902359664440155,2.2002899646759033,0.8828132748603821,,,,,,accurate
4722,47220.0,49553.90001296997,49577.00001144409,0,23.099998474121094,2357.000011444092,47260.0,True,71,70,True,0,0,False,False,77,False,False,risk_lstm,8,0.919223964214325,0.31467491388320923,2.2088418006896973,0.8793185949325562,,,,,,accurate
4730,47300.0,49577.00001144409,49597.90000915527,0,20.89999771118164,2297.9000091552734,47340.0,True,70,69,True,1,1,False,False,69,False,False,risk_lstm,8,0.8674958944320679,0.46750807762145996,1.8749325275421143,0.9215218424797058,,,,,,accurate
4732,47320.0,49597.90000915527,49621.700008392334,0,23.799999237060547,2301.700008392334,47360.0,True,70,69,True,0,0,False,False,67,False,False,risk_lstm,8,0.9261842370033264,0.3265513777732849,2.2141380310058594,0.8732089996337891,,,,,,accurate
4737,47370.0,49621.700008392334,49651.800006866455,0,30.099998474121094,2281.800006866455,47410.0,True,70,69,True,0,0,False,False,62,False,False,risk_lstm,8,0.9324496388435364,0.30670365691185,2.0548441410064697,0.9003273248672485,,,,,,accurate
4742,47420.0,49651.800006866455,49675.800006866455,0,24.0,2255.800006866455,47460.0,True,70,69,True,0,0,False,False,57,False,False,risk_lstm,8,0.9175644516944885,0.3523988127708435,2.1934022903442383,0.8731616735458374,,,,,,accurate
4743,47430.0,49675.800006866455,49711.200008392334,0,35.400001525878906,2281.200008392334,47470.0,True,71,70,True,0,0,False,False,56,False,False,risk_lstm,8,0.8525868654251099,0.37231090664863586,2.0973188877105713,0.8898479342460632,,,,,,accurate
4745,47450.0,49711.200008392334,49746.000007629395,0,34.79999923706055,2296.0000076293945,47490.0,True,71,70,True,1,1,False,False,54,False,False,risk_lstm,8,0.9230445623397827,0.3885560929775238,2.1617157459259033,0.8772426247596741,,,,,,accurate
4749,47490.0,49746.000007629395,49767.700008392334,0,21.700000762939453,2277.700008392334,47530.0,True,71,70,True,1,1,False,False,50,False,False,risk_lstm,8,0.9061304926872253,0.3793328106403351,2.1869757175445557,0.8748493194580078,,,,,,accurate
4751,47510.0,49767.700008392334,49789.40000915527,0,21.700000762939453,2279.4000091552734,47550.0,True,72,71,True,0,0,False,False,48,False,False,risk_lstm,8,0.9020554423332214,0.38477763533592224,2.087867498397827,0.8920141458511353,,,,,,accurate
4752,47520.0,49789.40000915527,49818.40001296997,0,29.000003814697266,2298.4000129699707,47560.0,True,72,71,True,0,0,False,False,47,False,False,risk_lstm,8,0.9133098721504211,0.4051707684993744,2.158808708190918,0.870810866355896,,,,,,accurate
4755,47550.0,49818.40001296997,49845.20001220703,0,26.799999237060547,2295.2000122070312,47590.0,True,73,72,True,0,0,False,False,44,False,False,risk_lstm,8,0.8761741518974304,0.39264237880706787,2.1580021381378174,0.8819262385368347,,,,,,accurate
4756,47560.0,49845.20001220703,49865.80001449585,0,20.60000228881836,2305.8000144958496,47600.0,True,73,72,True,0,0,False,False,43,False,False,risk_lstm,8,0.8811381459236145,0.4240351617336273,2.1198017597198486,0.8818262815475464,,,,,,accurate
4762,47620.0,49865.80001449585,49889.80001068115,0,23.999996185302734,2269.8000106811523,47660.0,True,73,72,True,1,1,False,False,37,False,False,risk_lstm,8,0.9104111790657043,0.44057023525238037,2.1338398456573486,0.8716009855270386,,,,,,accurate
4763,47630.0,49889.80001068115,49922.20001220703,0,32.400001525878906,2292.2000122070312,47670.0,True,74,73,True,0,0,False,False,36,False,False,risk_lstm,8,0.895995020866394,0.42646971344947815,2.1679842472076416,0.8702451586723328,,,,,,accurate
4765,47650.0,49922.20001220703,49946.20001220703,0,24.0,2296.2000122070312,47690.0,True,75,74,True,0,0,False,False,34,False,False,risk_lstm,8,0.8944365978240967,0.43750742077827454,2.1438074111938477,0.8729926347732544,,,,,,accurate
4768,47680.0,49946.20001220703,49968.40000915527,0,22.199996948242188,2288.4000091552734,47720.0,True,75,74,True,0,0,False,False,31,False,False,risk_lstm,8,0.902476966381073,0.3816920220851898,2.0776987075805664,0.8866391181945801,,,,,,accurate
4771,47710.0,49968.40000915527,49997.70001220703,0,29.300003051757812,2287.7000122070312,47750.0,True,75,74,True,0,0,False,False,28,False,False,risk_lstm,8,0.9024099707603455,0.416080117225647,2.1447641849517822,0.8682559728622437,,,,,,accurate
4772,47720.0,49997.70001220703,50044.30001449585,0,46.60000228881836,2324.3000144958496,47760.0,True,76,75,True,0,0,False,False,27,False,False,risk_lstm,8,0.8707907795906067,0.46232107281684875,2.139305353164673,0.8802428841590881,,,,,,accurate
4774,47740.0,50044.30001449585,50071.20001220703,0,26.89999771118164,2331.2000122070312,47780.0,True,76,75,True,1,1,False,False,25,False,False,risk_lstm,8,0.8267468214035034,0.4188041090965271,2.0113582611083984,0.8898055553436279,,,,,,accurate
4775,47750.0,50071.20001220703,50101.00001144409,0,29.799999237060547,2351.000011444092,47790.0,True,77,76,True,1,1,False,False,24,False,False,risk_lstm,8,0.8560008406639099,0.3815857768058777,2.1231794357299805,0.8859314918518066,,,,,,accurate
4777,47770.0,50101.00001144409,50122.80001449585,0,21.800003051757812,2352.8000144958496,47810.0,True,78,77,True,1,1,False,False,22,False,False,risk_lstm,8,0.9011667370796204,0.40525105595588684,2.1726136207580566,0.8758819699287415,,,,,,accurate
4778,47780.0,50122.80001449585,50147.80001449585,0,25.0,2367.8000144958496,47820.0,True,78,77,True,0,0,False,False,21,False,False,risk_lstm,8,0.8678921461105347,0.38036176562309265,2.165771722793579,0.8815387487411499,,,,,,accurate
4779,47790.0,50147.80001449585,50169.80001449585,0,22.0,2379.8000144958496,47830.0,True,79,78,True,1,1,False,False,20,False,False,risk_lstm,8,0.915215790271759,0.3952036201953888,2.1727914810180664,0.8749892115592957,,,,,,accurate
4781,47810.0,50169.80001449585,50195.50001525879,0,25.700000762939453,2385.500015258789,47850.0,True,80,79,True,1,1,False,False,18,False,False,risk_lstm,8,0.9195826053619385,0.3992951512336731,2.0306851863861084,0.8975442051887512,,,,,,accurate
4782,47820.0,50195.50001525879,50224.30001831055,0,28.800003051757812,2404.300018310547,47860.0,True,80,79,True,0,0,False,False,17,False,False,risk_lstm,8,0.8811712265014648,0.3638699948787689,2.1602790355682373,0.8808320760726929,,,,,,accurate
4784,47840.0,50224.30001831055,50311.40002441406,0,87.10000610351562,2471.4000244140625,47880.0,True,81,80,True,0,0,False,False,15,False,False,risk_lstm,8,0.912559986114502,0.39330536127090454,2.1666958332061768,0.8737348914146423,,,,,,accurate
4786,47860.0,50311.40002441406,50347.80002593994,0,36.400001525878906,2487.8000259399414,47900.0,True,81,80,True,0,0,False,False,13,False,False,risk_lstm,8,0.8917999267578125,0.4429323077201843,2.108598470687866,0.8820444345474243,,,,,,accurate
4787,47870.0,50347.80002593994,50379.30002593994,0,31.5,2509.3000259399414,47910.0,True,82,81,True,0,0,False,False,12,False,False,risk_lstm,8,0.9403466582298279,0.36439982056617737,2.0565857887268066,0.8889981508255005,,,,,,accurate
4788,47880.0,50379.30002593994,50414.600025177,0,35.29999923706055,2534.600025177002,47920.0,True,83,82,True,0,0,False,False,11,False,False,risk_lstm,8,0.9059016704559326,0.4249582886695862,2.1160080432891846,0.8750001192092896,,,,,,accurate
4789,47890.0,50414.600025177,50445.40002441406,0,30.799999237060547,2555.4000244140625,47930.0,True,84,83,True,0,0,False,False,10,False,False,risk_lstm,8,0.9048007726669312,0.3996058702468872,1.9778300523757935,0.9031702280044556,,,,,,accurate
4792,47920.0,50445.40002441406,50474.800022125244,0,29.39999771118164,2554.800022125244,47960.0,True,84,83,True,1,1,False,False,7,False,False,risk_lstm,8,0.9284143447875977,0.31254369020462036,2.015089273452759,0.9082151055335999,,,,,,accurate
4795,47950.0,50474.800022125244,50509.20002365112,0,34.400001525878906,2559.200023651123,47990.0,True,84,83,True,0,0,False,False,4,False,False,risk_lstm,8,0.9450522661209106,0.29722699522972107,2.1366279125213623,0.8637374639511108,,,,,,accurate
4796,47960.0,50509.20002365112,50550.50002670288,0,41.30000305175781,2590.500026702881,48000.0,True,85,84,True,0,0,False,False,3,False,False,risk_lstm,8,0.9032944440841675,0.341505765914917,2.1894147396087646,0.880391538143158,,,,,,accurate
4799,47990.0,50550.50002670288,50613.40003204346,0,62.90000534057617,2623.400032043457,48030.0,True,85,84,True,0,0,False,True,0,True,False,risk_lstm,8,0.8529506921768188,0.3425384759902954,2.0264785289764404,0.8888958692550659,,,,,,accurate
4801,48010.0,50613.40003204346,50666.200035095215,0,52.80000305175781,2656.200035095215,48050.0,True,86,85,True,0,0,False,False,98,False,False,risk_lstm,8,0.8710459470748901,0.3169228732585907,2.148527145385742,0.8913190364837646,,,,,,accurate
4802,48020.0,50666.200035095215,50704.100036621094,0,37.900001525878906,2684.1000366210938,48060.0,True,86,85,True,0,0,False,False,97,False,False,risk_lstm,8,0.9322023391723633,0.3261803388595581,2.072991371154785,0.9024019837379456,,,,,,accurate
4803,48030.0,50704.100036621094,50739.30003738403,0,35.20000076293945,2709.300037384033,48070.0,True,87,86,True,0,0,False,False,96,False,False,risk_lstm,8,0.9280297756195068,0.28341007232666016,2.046293020248413,0.9109516739845276,,,,,,accurate
4805,48050.0,50739.30003738403,50790.00003814697,0,50.70000076293945,2740.0000381469727,48090.0,True,88,87,True,1,1,False,False,94,False,False,risk_lstm,8,0.9288546442985535,0.2808533012866974,2.23296856880188,0.8757580518722534,,,,,,accurate
4807,48070.0,50790.00003814697,50840.60004043579,0,50.60000228881836,2770.600040435791,48110.0,True,88,87,True,1,1,False,False,92,False,False,risk_lstm,8,0.8928216099739075,0.3113363981246948,2.1940314769744873,0.8873230218887329,,,,,,accurate
4813,48130.0,50840.60004043579,50873.20004272461,0,32.60000228881836,2743.2000427246094,48170.0,True,87,86,True,0,0,False,False,86,False,False,risk_lstm,8,0.8794295191764832,0.3638036549091339,2.0559792518615723,0.9070042967796326,,,,,,accurate
4814,48140.0,50873.20004272461,50901.00004577637,0,27.800003051757812,2761.000045776367,48180.0,True,88,87,True,1,1,False,False,85,False,False,risk_lstm,8,0.9485868811607361,0.24772849678993225,2.0719892978668213,0.9065291285514832,,,,,,accurate
4818,48180.0,50901.00004577637,50940.40004348755,0,39.39999771118164,2760.400043487549,48220.0,True,88,87,True,0,0,False,False,81,False,False,risk_lstm,8,0.9455180764198303,0.26866528391838074,2.184128761291504,0.8715090751647949,,,,,,accurate
4820,48200.0,50940.40004348755,51016.60004043579,0,76.19999694824219,2816.600040435791,48240.0,True,89,88,True,0,0,False,False,79,False,False,risk_lstm,8,0.9265227317810059,0.28898799419403076,2.2158637046813965,0.8767057061195374,,,,,,accurate
4821,48210.0,51016.60004043579,51061.600036621094,0,44.999996185302734,2851.6000366210938,48250.0,True,89,88,True,0,0,False,False,78,False,False,risk_lstm,8,0.8743489384651184,0.3183968961238861,2.171208381652832,0.891197144985199,,,,,,accurate
4823,48230.0,51061.600036621094,51106.30003738403,0,44.70000076293945,2876.300037384033,48270.0,True,89,88,True,0,0,False,False,76,False,False,risk_lstm,8,0.877382755279541,0.3462030291557312,2.164853572845459,0.8861891627311707,,,,,,accurate
4825,48250.0,51106.30003738403,51134.500034332275,0,28.199996948242188,2884.5000343322754,48290.0,True,89,88,True,1,1,False,False,74,False,False,risk_lstm,8,0.9448191523551941,0.15797486901283264,2.131073236465454,0.9145376682281494,,,,,,accurate
4827,48270.0,51134.500034332275,51207.20003128052,0,72.69999694824219,2937.2000312805176,48310.0,True,90,89,True,0,0,False,False,72,False,False,risk_lstm,8,0.8804140686988831,0.27877095341682434,2.1268839836120605,0.898576021194458,,,,,,accurate
4828,48280.0,51207.20003128052,51262.00003051758,0,54.79999923706055,2982.000030517578,48320.0,True,90,89,True,0,0,False,False,71,False,False,risk_lstm,8,0.9380235075950623,0.2667592167854309,2.2706613540649414,0.8864184021949768,,,,,,accurate
4834,48340.0,51262.00003051758,51282.00003051758,0,20.0,2942.000030517578,48380.0,True,89,88,True,0,0,False,False,65,False,False,risk_lstm,8,0.8953810334205627,0.3057669997215271,2.056853771209717,0.9105746746063232,,,,,,accurate
4835,48350.0,51282.00003051758,51313.6000289917,0,31.599998474121094,2963.600028991699,48390.0,True,89,88,True,1,1,False,False,64,False,False,risk_lstm,8,0.9306336641311646,0.3040235638618469,2.1823699474334717,0.879336953163147,,,,,,accurate
4836,48360.0,51313.6000289917,51346.20002746582,0,32.599998474121094,2986.2000274658203,48400.0,True,90,89,True,0,0,False,False,63,False,False,risk_lstm,8,0.9328269958496094,0.3254072964191437,1.9677022695541382,0.9210564494132996,,,,,,accurate
4837,48370.0,51346.20002746582,51398.20002746582,0,52.0,3028.2000274658203,48410.0,True,90,89,True,0,0,False,False,62,False,False,risk_lstm,8,0.9413747191429138,0.25729337334632874,2.0918567180633545,0.8885510563850403,,,,,,accurate
4838,48380.0,51398.20002746582,51428.90002822876,0,30.700000762939453,3048.9000282287598,48420.0,True,91,90,True,0,0,False,False,61,False,False,risk_lstm,8,0.9589856266975403,0.22839705646038055,2.088785171508789,0.8994755744934082,,,,,,accurate
4844,48440.0,51428.90002822876,51457.00003051758,0,28.10000228881836,3017.000030517578,48480.0,True,89,88,True,0,0,False,False,55,False,False,risk_lstm,8,0.945438027381897,0.29422011971473694,1.9848918914794922,0.9193441271781921,,,,,,accurate
4845,48450.0,51457.00003051758,51495.00003051758,0,38.0,3045.000030517578,48490.0,True,90,89,True,0,0,False,False,54,False,False,risk_lstm,8,0.9479824900627136,0.2649798095226288,2.1453912258148193,0.869834303855896,,,,,,accurate
4846,48460.0,51495.00003051758,51550.700035095215,0,55.70000457763672,3090.700035095215,48500.0,True,90,89,True,0,0,False,False,53,False,False,risk_lstm,8,0.8998787999153137,0.2677609622478485,2.1296372413635254,0.8895087838172913,,,,,,accurate
4848,48480.0,51550.700035095215,51585.1000328064,0,34.39999771118164,3105.1000328063965,48520.0,True,91,90,True,1,1,False,False,51,False,False,risk_lstm,8,0.9301097989082336,0.26434391736984253,2.0992109775543213,0.9010387659072876,,,,,,accurate
4849,48490.0,51585.1000328064,51627.1000328064,0,42.0,3137.1000328063965,48530.0,True,91,90,True,1,1,False,False,50,False,False,risk_lstm,8,0.9297823309898376,0.25740760564804077,2.212552070617676,0.8777897357940674,,,,,,accurate
4855,48550.0,51627.1000328064,51665.40002822876,0,38.29999542236328,3115.4000282287598,48590.0,True,90,89,True,0,0,False,False,44,False,False,risk_lstm,8,0.8912304043769836,0.31609517335891724,2.197206735610962,0.8877524137496948,,,,,,accurate
4856,48560.0,51665.40002822876,51689.50003051758,0,24.10000228881836,3129.500030517578,48600.0,True,91,90,True,0,0,False,False,43,False,False,risk_lstm,8,0.9099920392036438,0.32642805576324463,2.080493211746216,0.9026119112968445,,,,,,accurate
4857,48570.0,51689.50003051758,51775.40002441406,0,85.89999389648438,3205.4000244140625,48610.0,True,92,91,True,1,1,False,False,42,False,False,risk_lstm,8,0.8900337219238281,0.3213609755039215,2.176295042037964,0.8868939280509949,,,,,,accurate
4860,48600.0,51775.40002441406,51812.600021362305,0,37.19999694824219,3212.6000213623047,48640.0,True,92,91,True,0,0,False,False,39,False,False,risk_lstm,8,0.9127984046936035,0.4004286825656891,2.1285288333892822,0.884438693523407,,,,,,accurate
4862,48620.0,51812.600021362305,51861.30001831055,0,48.69999694824219,3241.300018310547,48660.0,True,92,91,True,1,1,False,False,37,False,False,risk_lstm,8,0.92222660779953,0.37100210785865784,2.1643753051757812,0.8733071684837341,,,,,,accurate
4864,48640.0,51861.30001831055,51886.00001525879,0,24.699996948242188,3246.000015258789,48680.0,True,92,91,True,0,0,False,False,35,False,False,risk_lstm,8,0.9125628471374512,0.4161146879196167,2.1301920413970947,0.874752938747406,,,,,,accurate
4866,48660.0,51886.00001525879,51907.70001602173,0,21.700000762939453,3247.7000160217285,48700.0,True,92,91,True,0,0,False,False,33,False,False,risk_lstm,8,0.8896868228912354,0.4416555166244507,2.0518863201141357,0.8833239078521729,,,,,,accurate
4867,48670.0,51907.70001602173,51928.80001449585,0,21.099998474121094,3258.8000144958496,48710.0,True,93,92,True,0,0,False,False,32,False,False,risk_lstm,8,0.9341244697570801,0.3167552053928375,2.100045919418335,0.8978347182273865,,,,,,accurate
4868,48680.0,51928.80001449585,51952.90001296997,0,24.099998474121094,3272.9000129699707,48720.0,True,93,92,True,1,1,False,False,31,False,False,risk_lstm,8,0.9261402487754822,0.35028076171875,2.162658452987671,0.8640922904014587,,,,,,accurate
4870,48700.0,51952.90001296997,51979.10001373291,0,26.200000762939453,3279.10001373291,48740.0,True,94,93,True,1,1,False,False,29,False,False,risk_lstm,8,0.8626413345336914,0.40422502160072327,2.112133264541626,0.889794111251831,,,,,,accurate
4874,48740.0,51979.10001373291,52000.70001220703,0,21.599998474121094,3260.7000122070312,48780.0,True,94,93,True,0,0,False,False,25,False,False,risk_lstm,8,0.9174135327339172,0.39483049511909485,2.162243127822876,0.8691909313201904,,,,,,accurate
4879,48790.0,52000.70001220703,52027.40001296997,0,26.700000762939453,3237.4000129699707,48830.0,True,93,92,True,0,0,False,False,20,False,False,risk_lstm,8,0.8461154103279114,0.3998683989048004,2.059735059738159,0.889453649520874,,,,,,accurate
4882,48820.0,52027.40001296997,52080.00001144409,0,52.599998474121094,3260.000011444092,48860.0,True,93,92,True,1,1,False,False,17,False,False,risk_lstm,8,0.9169322848320007,0.39238566160202026,2.13775372505188,0.8830364942550659,,,,,,accurate
4884,48840.0,52080.00001144409,52105.70001220703,0,25.700000762939453,3265.7000122070312,48880.0,True,93,92,True,0,0,False,False,15,False,False,risk_lstm,8,0.9119892716407776,0.4250025153160095,2.1081135272979736,0.8800444006919861,,,,,,accurate
4885,48850.0,52105.70001220703,52135.30001449585,0,29.60000228881836,3285.3000144958496,48890.0,True,94,93,True,0,0,False,False,14,False,False,risk_lstm,8,0.9042028188705444,0.3699696362018585,2.2054498195648193,0.8760375380516052,,,,,,accurate
4898,48980.0,52135.30001449585,52160.00001525879,0,24.700000762939453,3180.000015258789,49020.0,True,92,91,True,0,0,False,False,1,True,False,risk_lstm,8,0.8899077773094177,0.40926074981689453,2.182021379470825,0.8742051720619202,,,,,,accurate
4899,48990.0,52160.00001525879,52179.20001602173,0,19.200000762939453,3189.2000160217285,49030.0,True,93,92,True,0,0,False,True,0,True,False,risk_lstm,8,0.8609364032745361,0.42883896827697754,1.9367907047271729,0.9322377443313599,,,,,,accurate
4903,49030.0,52179.20001602173,52201.00001144409,0,21.79999542236328,3171.000011444092,49070.0,True,92,91,True,0,0,False,False,96,False,False,risk_lstm,8,0.9194304943084717,0.35209354758262634,2.085012197494507,0.8929947018623352,,,,,,accurate
4904,49040.0,52201.00001144409,52221.40001678467,0,20.400005340576172,3181.400016784668,49080.0,True,93,92,True,0,0,False,False,95,False,False,risk_lstm,8,0.9311779737472534,0.28896233439445496,2.0719926357269287,0.8981809020042419,,,,,,accurate
4907,49070.0,52221.40001678467,52243.000019073486,0,21.60000228881836,3173.0000190734863,49110.0,True,94,93,True,0,0,False,False,92,False,False,risk_lstm,8,0.9224433898925781,0.30009254813194275,2.08687686920166,0.8888744115829468,,,,,,accurate
4908,49080.0,52243.000019073486,52271.00002288818,0,28.000003814697266,3191.0000228881836,49120.0,True,94,93,True,1,1,False,False,91,False,False,risk_lstm,8,0.9056602120399475,0.3177781105041504,2.1431832313537598,0.8771334886550903,,,,,,accurate
4909,49090.0,52271.00002288818,52298.6000289917,0,27.600006103515625,3208.600028991699,49130.0,True,95,94,True,1,1,False,False,90,False,False,risk_lstm,8,0.9343750476837158,0.2727254629135132,2.23334002494812,0.8739299774169922,,,,,,accurate
4912,49120.0,52298.6000289917,52323.90002822876,0,25.299999237060547,3203.9000282287598,49160.0,True,96,95,True,1,1,False,False,87,False,False,risk_lstm,8,0.9281160235404968,0.2994213104248047,2.2244679927825928,0.8785027265548706,,,,,,accurate
4914,49140.0,52323.90002822876,52343.80002593994,0,19.89999771118164,3203.8000259399414,49180.0,True,96,95,True,0,0,False,False,85,False,False,risk_lstm,8,0.9563947319984436,0.20662377774715424,2.118326187133789,0.9089564085006714,,,,,,accurate
4920,49200.0,52343.80002593994,52378.50002670288,0,34.70000076293945,3178.500026702881,49240.0,True,95,94,True,1,1,False,False,79,False,False,risk_lstm,8,0.9217391610145569,0.3124036192893982,2.1076791286468506,0.8905279040336609,,,,,,accurate
4925,49250.0,52378.50002670288,52411.20003128052,0,32.70000457763672,3161.2000312805176,49290.0,True,95,94,True,0,0,False,False,74,False,False,risk_lstm,8,0.8822483420372009,0.3260140120983124,2.089024782180786,0.8908624053001404,,,,,,accurate
4927,49270.0,52411.20003128052,52439.800033569336,0,28.60000228881836,3169.800033569336,49310.0,True,95,94,True,1,1,False,False,72,False,False,risk_lstm,8,0.8972039818763733,0.341968834400177,2.2129557132720947,0.8826802372932434,,,,,,accurate
4931,49310.0,52439.800033569336,52457.20003128052,0,17.39999771118164,3147.2000312805176,49350.0,True,95,94,True,1,1,False,False,68,False,False,risk_lstm,8,0.920945405960083,0.2263738512992859,1.9728784561157227,0.9222402572631836,,,,,,accurate
4932,49320.0,52457.20003128052,52479.1000328064,0,21.900001525878906,3159.1000328063965,49360.0,True,95,94,True,0,0,False,False,67,False,False,risk_lstm,8,0.911928117275238,0.2837040424346924,2.0090010166168213,0.9054361581802368,,,,,,accurate
4933,49330.0,52479.1000328064,52498.90003204346,0,19.799999237060547,3168.900032043457,49370.0,True,96,95,True,1,1,False,False,66,False,False,risk_lstm,8,0.9423934817314148,0.22261661291122437,2.074051856994629,0.9038588404655457,,,,,,accurate
4936,49360.0,52498.90003204346,52528.1000328064,0,29.200000762939453,3168.1000328063965,49400.0,True,96,95,True,0,0,False,False,63,False,False,risk_lstm,8,0.9242594242095947,0.267591655254364,2.060803174972534,0.8931928277015686,,,,,,accurate
4938,49380.0,52528.1000328064,52554.300033569336,0,26.200000762939453,3174.300033569336,49420.0,True,96,95,True,0,0,False,False,61,False,False,risk_lstm,8,0.8960421085357666,0.2867971658706665,2.127880334854126,0.8801406025886536,,,,,,accurate
4939,49390.0,52554.300033569336,52581.900035858154,0,27.60000228881836,3191.9000358581543,49430.0,True,97,96,True,1,1,False,False,60,False,False,risk_lstm,8,0.9274201393127441,0.25345394015312195,2.2343859672546387,0.878574013710022,,,,,,accurate
4946,49460.0,52581.900035858154,52602.70003128052,0,20.79999542236328,3142.7000312805176,49500.0,True,96,95,True,0,0,False,False,53,False,False,risk_lstm,8,0.9230873584747314,0.32875460386276245,2.1448779106140137,0.8852752447128296,,,,,,accurate
4947,49470.0,52602.70003128052,52633.1000289917,0,30.39999771118164,3163.100028991699,49510.0,True,97,96,True,0,0,False,False,52,False,False,risk_lstm,8,0.9244544506072998,0.2863008379936218,2.238170862197876,0.8795461654663086,,,,,,accurate
4949,49490.0,52633.1000289917,52659.600025177,0,26.499996185302734,3169.600025177002,49530.0,True,96,95,True,0,0,False,False,50,False,False,risk_lstm,8,0.8817785382270813,0.33313828706741333,2.1976335048675537,0.8855922818183899,,,,,,accurate
4952,49520.0,52659.600025177,52682.20002746582,0,22.60000228881836,3162.2000274658203,49560.0,True,97,96,True,0,0,False,False,47,False,False,risk_lstm,8,0.9124439358711243,0.3720632791519165,2.2078278064727783,0.8741012215614319,,,,,,accurate
4960,49600.0,52682.20002746582,52704.00002288818,0,21.79999542236328,3104.0000228881836,49640.0,True,94,93,True,0,0,False,False,39,False,False,risk_lstm,8,0.9019901752471924,0.44218701124191284,2.126436471939087,0.883368730545044,,,,,,accurate
4962,49620.0,52704.00002288818,52739.300022125244,0,35.29999923706055,3119.300022125244,49660.0,True,95,94,True,1,1,False,False,37,False,False,risk_lstm,8,0.8363159894943237,0.39376795291900635,1.9487468004226685,0.8820857405662537,,,,,,accurate
4963,49630.0,52739.300022125244,52763.100021362305,0,23.799999237060547,3133.1000213623047,49670.0,True,95,94,True,0,0,False,False,36,False,False,risk_lstm,8,0.9153147339820862,0.39282354712486267,2.1938271522521973,0.8639996647834778,,,,,,accurate
4966,49660.0,52763.100021362305,52781.50002670288,0,18.400005340576172,3121.500026702881,49700.0,True,95,94,True,0,0,False,False,33,False,False,risk_lstm,8,0.9127972722053528,0.39503368735313416,2.029327630996704,0.8977502584457397,,,,,,accurate
4967,49670.0,52781.50002670288,52806.00003051758,0,24.500003814697266,3136.000030517578,49710.0,True,96,95,True,0,0,False,False,32,False,False,risk_lstm,8,0.89133220911026,0.4281389117240906,2.1688127517700195,0.873621940612793,,,,,,accurate
4968,49680.0,52806.00003051758,52833.80002975464,0,27.799999237060547,3153.8000297546387,49720.0,True,96,95,True,0,0,False,False,31,False,False,risk_lstm,8,0.8646222352981567,0.39233800768852234,2.1039280891418457,0.8881688117980957,,,,,,accurate
4971,49710.0,52833.80002975464,52854.6000328064,0,20.800003051757812,3144.6000328063965,49750.0,True,97,96,True,0,0,False,False,28,False,False,risk_lstm,8,0.9344849586486816,0.3959222137928009,2.1197783946990967,0.8793671727180481,,,,,,accurate
4977,49770.0,52854.6000328064,52880.1000289917,0,25.499996185302734,3110.100028991699,49810.0,True,95,94,True,0,0,False,False,22,False,False,risk_lstm,8,0.9171417951583862,0.36685383319854736,2.1826703548431396,0.8694426417350769,,,,,,accurate
4980,49800.0,52880.1000289917,52902.6000289917,0,22.5,3102.600028991699,49840.0,True,95,94,True,1,1,False,False,19,False,False,risk_lstm,8,0.911418080329895,0.4013143479824066,2.177171468734741,0.8724533319473267,,,,,,accurate
4982,49820.0,52902.6000289917,52926.20002746582,0,23.599998474121094,3106.2000274658203,49860.0,True,95,94,True,0,0,False,False,17,False,False,risk_lstm,8,0.9001410603523254,0.4068596065044403,2.189253330230713,0.8733481764793396,,,,,,accurate
4985,49850.0,52926.20002746582,52949.90002441406,0,23.699996948242188,3099.9000244140625,49890.0,True,95,94,True,0,0,False,False,14,False,False,risk_lstm,8,0.897072434425354,0.3788571059703827,2.203134775161743,0.8753806352615356,,,,,,accurate
4986,49860.0,52949.90002441406,52987.400020599365,0,37.499996185302734,3127.4000205993652,49900.0,True,96,95,True,0,0,False,False,13,False,False,risk_lstm,8,0.8999403119087219,0.4246770739555359,2.1722729206085205,0.8732678294181824,,,,,,accurate
4988,49880.0,52987.400020599365,53027.20001602173,0,39.79999542236328,3147.2000160217285,49920.0,True,96,95,True,0,0,False,False,11,False,False,risk_lstm,8,0.8966947197914124,0.41544413566589355,2.167707920074463,0.8743172287940979,,,,,,accurate
4989,49890.0,53027.20001602173,53071.80001449585,0,44.599998474121094,3181.8000144958496,49930.0,True,96,95,True,1,1,False,False,10,False,False,risk_lstm,8,0.9009929299354553,0.40343722701072693,2.205752372741699,0.8692654371261597,,,,,,accurate
4990,49900.0,53071.80001449585,53109.60001373291,0,37.79999923706055,3209.60001373291,49940.0,True,97,96,True,0,0,False,False,9,False,False,risk_lstm,8,0.8788330554962158,0.4404684901237488,2.1308178901672363,0.8777315020561218,,,,,,accurate
4994,49940.0,53109.60001373291,53143.70001220703,0,34.099998474121094,3203.7000122070312,49980.0,True,97,96,True,1,1,False,False,5,False,False,risk_lstm,8,0.8745013475418091,0.44770345091819763,1.9581427574157715,0.9092877507209778,,,,,,accurate
5000,50000.0,53143.70001220703,53175.70001220703,0,32.0,3175.7000122070312,50040.0,True,95,94,True,0,0,False,False,99,False,False,risk_lstm,8,0.9550807476043701,0.2668795585632324,2.129772663116455,0.9041969180107117,,,,,,accurate
5001,50010.0,53175.70001220703,53210.60001373291,0,34.900001525878906,3200.60001373291,50050.0,True,96,95,True,0,0,False,False,98,False,False,risk_lstm,8,0.9297797679901123,0.29749101400375366,2.0185458660125732,0.9133675694465637,,,,,,accurate
5003,50030.0,53210.60001373291,53251.60001754761,0,41.000003814697266,3221.6000175476074,50070.0,True,97,96,True,0,0,False,False,96,False,False,risk_lstm,8,0.8872434496879578,0.3259398937225342,2.087867259979248,0.8835955858230591,,,,,,accurate
5008,50080.0,53251.60001754761,53283.80001449585,0,32.19999694824219,3203.8000144958496,50120.0,True,96,95,True,1,1,False,False,91,False,False,risk_lstm,8,0.9195549488067627,0.25950515270233154,2.0411274433135986,0.9126808047294617,,,,,,accurate
5014,50140.0,53283.80001449585,53313.20001602173,0,29.400001525878906,3173.2000160217285,50180.0,True,95,94,True,0,0,False,False,85,False,False,risk_lstm,8,0.9358208179473877,0.2664995491504669,2.171133279800415,0.8777368068695068,,,,,,accurate
5018,50180.0,53313.20001602173,53340.200019836426,0,27.000003814697266,3160.200019836426,50220.0,True,94,93,True,1,1,False,False,81,False,False,risk_lstm,8,0.9306875467300415,0.2810606360435486,2.1791486740112305,0.8815631866455078,,,,,,accurate
5019,50190.0,53340.200019836426,53376.700019836426,0,36.5,3186.700019836426,50230.0,True,95,94,True,0,0,False,False,80,False,False,risk_lstm,8,0.8617040514945984,0.27690523862838745,1.9809448719024658,0.8901264071464539,,,,,,accurate
5025,50250.0,53376.700019836426,53424.900020599365,0,48.20000076293945,3174.9000205993652,50290.0,True,94,93,True,0,0,False,False,74,False,False,risk_lstm,8,0.9524494409561157,0.25233855843544006,2.1059718132019043,0.8935503959655762,,,,,,accurate
5026,50260.0,53424.900020599365,53455.600025177,0,30.70000457763672,3195.600025177002,50300.0,True,95,94,True,0,0,False,False,73,False,False,risk_lstm,8,0.9172776937484741,0.32102224230766296,2.2363243103027344,0.87857586145401,,,,,,accurate
5027,50270.0,53455.600025177,53476.600025177,0,21.0,3206.600025177002,50310.0,True,96,95,True,0,0,False,False,72,False,False,risk_lstm,8,0.9179595112800598,0.36465173959732056,2.0835318565368652,0.8914315700531006,,,,,,accurate
5030,50300.0,53476.600025177,53498.70002746582,0,22.10000228881836,3198.7000274658203,50340.0,True,97,96,True,1,1,False,False,69,False,False,risk_lstm,8,0.9306342005729675,0.34383678436279297,2.0997800827026367,0.8810433745384216,,,,,,accurate
5035,50350.0,53498.70002746582,53524.70002746582,0,26.0,3174.7000274658203,50390.0,True,96,95,True,1,1,False,False,64,False,False,risk_lstm,8,0.92507004737854,0.37297481298446655,2.1476809978485107,0.8613237738609314,,,,,,accurate
5043,50430.0,53524.70002746582,53579.40002441406,0,54.69999694824219,3149.4000244140625,50470.0,True,95,94,True,1,1,False,False,56,False,False,risk_lstm,8,0.9021033048629761,0.3842793107032776,2.1734824180603027,0.8718820214271545,,,,,,accurate
5044,50440.0,53579.40002441406,53611.00002288818,0,31.599998474121094,3171.0000228881836,50480.0,True,96,95,True,1,1,False,False,55,False,False,risk_lstm,8,0.9089071154594421,0.37664005160331726,2.1374928951263428,0.8803654313087463,,,,,,accurate
5048,50480.0,53611.00002288818,53633.400020599365,0,22.39999771118164,3153.4000205993652,50520.0,True,95,94,True,1,1,False,False,51,False,False,risk_lstm,8,0.9193555116653442,0.3438152074813843,2.1215105056762695,0.8711205720901489,,,,,,accurate
5052,50520.0,53633.400020599365,53660.60001754761,0,27.199996948242188,3140.6000175476074,50560.0,True,95,94,True,0,0,False,False,47,False,False,risk_lstm,8,0.9029154181480408,0.4040834605693817,2.1718218326568604,0.8668917417526245,,,,,,accurate
5055,50550.0,53660.60001754761,53685.50001525879,0,24.89999771118164,3135.500015258789,50590.0,True,96,95,True,0,0,False,False,44,False,False,risk_lstm,8,0.8698952794075012,0.41318562626838684,2.145524740219116,0.8841171860694885,,,,,,accurate
5056,50560.0,53685.50001525879,53711.60001373291,0,26.099998474121094,3151.60001373291,50600.0,True,96,95,True,1,1,False,False,43,False,False,risk_lstm,8,0.8993514776229858,0.3880417048931122,2.197464942932129,0.8737102150917053,,,,,,accurate
5059,50590.0,53711.60001373291,53753.50001525879,0,41.900001525878906,3163.500015258789,50630.0,True,97,96,True,0,0,False,False,40,False,False,risk_lstm,8,0.832331657409668,0.4155172109603882,2.071004629135132,0.889580488204956,,,,,,accurate
5063,50630.0,53753.50001525879,53787.50001525879,0,34.0,3157.500015258789,50670.0,True,97,96,True,0,0,False,False,36,False,False,risk_lstm,8,0.8605444431304932,0.38154706358909607,2.1289985179901123,0.8846043348312378,,,,,,accurate
5068,50680.0,53787.50001525879,53807.70001602173,0,20.200000762939453,3127.7000160217285,50720.0,True,97,96,True,0,0,False,False,31,False,False,risk_lstm,8,0.9382115006446838,0.4201619029045105,2.1450583934783936,0.8683099746704102,,,,,,accurate
5070,50700.0,53807.70001602173,53841.00001525879,0,33.29999923706055,3141.000015258789,50740.0,True,98,97,True,0,0,False,False,29,False,False,risk_lstm,8,0.8564356565475464,0.39703691005706787,2.08880352973938,0.8878100514411926,,,,,,accurate
5071,50710.0,53841.00001525879,53868.500019073486,0,27.500003814697266,3158.5000190734863,50750.0,True,98,97,True,0,0,False,False,28,False,False,risk_lstm,8,0.8557614684104919,0.3775811195373535,2.075164794921875,0.8877084851264954,,,,,,accurate
5073,50730.0,53868.500019073486,53900.900020599365,0,32.400001525878906,3170.9000205993652,50770.0,True,99,98,True,0,0,False,False,26,False,False,risk_lstm,8,0.840609073638916,0.37780526280403137,1.978068232536316,0.8867143988609314,,,,,,accurate
5077,50770.0,53900.900020599365,53942.200019836426,0,41.29999923706055,3172.200019836426,50810.0,True,99,98,True,0,0,False,False,22,False,False,risk_lstm,8,0.8552199602127075,0.3727860748767853,2.0646512508392334,0.8863674402236938,,,,,,accurate
5079,50790.0,53942.200019836426,54000.90001678467,0,58.69999694824219,3210.900016784668,50830.0,True,100,99,True,0,0,False,False,20,False,False,risk_lstm,8,0.9325791001319885,0.3376804292201996,2.1001369953155518,0.9105741381645203,,,,,,accurate
5081,50810.0,54000.90001678467,54028.90001678467,0,28.0,3218.900016784668,50850.0,True,100,99,True,0,0,False,False,18,False,False,risk_lstm,8,0.9330057501792908,0.32604411244392395,2.282789468765259,0.8776700496673584,,,,,,accurate
5082,50820.0,54028.90001678467,54056.700019836426,0,27.800003051757812,3236.700019836426,50860.0,True,101,100,True,1,1,False,False,17,False,False,risk_lstm,8,0.8986573815345764,0.3217509388923645,2.233978748321533,0.8872309327125549,,,,,,accurate
5086,50860.0,54056.700019836426,54077.70002365112,0,21.000003814697266,3217.700023651123,50900.0,True,101,100,True,0,0,False,False,13,False,False,risk_lstm,8,0.9124014377593994,0.31328004598617554,2.084290027618408,0.9204378128051758,,,,,,accurate
5088,50880.0,54077.70002365112,54099.900020599365,0,22.199996948242188,3219.9000205993652,50920.0,True,101,100,True,0,0,False,False,11,False,False,risk_lstm,8,0.9460991621017456,0.28900614380836487,2.1071298122406006,0.8910125494003296,,,,,,accurate
5092,50920.0,54099.900020599365,54132.80001831055,0,32.89999771118164,3212.800018310547,50960.0,True,101,100,True,0,0,False,False,7,False,False,risk_lstm,8,0.926140546798706,0.2885760962963104,2.216571807861328,0.8766000270843506,,,,,,accurate
5095,50950.0,54132.80001831055,54159.000019073486,0,26.200000762939453,3209.0000190734863,50990.0,True,101,100,True,1,1,False,False,4,False,False,risk_lstm,8,0.9207577109336853,0.3092758059501648,2.042989730834961,0.9029859900474548,,,,,,accurate
5096,50960.0,54159.000019073486,54189.700019836426,0,30.700000762939453,3229.700019836426,51000.0,True,102,101,True,1,1,False,False,3,False,False,risk_lstm,8,0.9372873902320862,0.2918400466442108,2.1700146198272705,0.8742154836654663,,,,,,accurate
5097,50970.0,54189.700019836426,54221.300022125244,0,31.60000228881836,3251.300022125244,51010.0,True,103,102,True,0,0,False,False,2,True,False,risk_lstm,8,0.9190762042999268,0.3806266486644745,2.1722538471221924,0.8735470771789551,,,,,,accurate
5100,51000.0,54221.300022125244,54247.400020599365,0,26.099998474121094,3247.4000205993652,51040.0,True,104,103,True,0,0,False,False,99,False,False,risk_lstm,8,0.9105765223503113,0.37363746762275696,2.220471143722534,0.8755212426185608,,,,,,accurate
5102,51020.0,54247.400020599365,54271.20002365112,0,23.800003051757812,3251.200023651123,51060.0,True,104,103,True,0,0,False,False,97,False,False,risk_lstm,8,0.9203699827194214,0.36617282032966614,2.2025556564331055,0.8727191686630249,,,,,,accurate
5103,51030.0,54271.20002365112,54297.20002365112,0,26.0,3267.200023651123,51070.0,True,105,104,True,0,0,False,False,96,False,False,risk_lstm,8,0.9183387160301208,0.4182686507701874,2.144923448562622,0.8710994124412537,,,,,,accurate
5104,51040.0,54297.20002365112,54318.50002288818,0,21.299999237060547,3278.5000228881836,51080.0,True,106,105,True,1,1,False,False,95,False,False,risk_lstm,8,0.9153827428817749,0.45303812623023987,2.122758150100708,0.8704526424407959,,,,,,accurate
5109,51090.0,54318.50002288818,54336.900020599365,0,18.39999771118164,3246.9000205993652,51130.0,True,106,105,True,0,0,False,False,90,False,False,risk_lstm,8,0.9211715459823608,0.328220933675766,2.0062315464019775,0.9173606634140015,,,,,,accurate
5114,51140.0,54336.900020599365,54371.400020599365,0,34.5,3231.4000205993652,51180.0,True,105,104,True,0,0,False,False,85,False,False,risk_lstm,8,0.9179994463920593,0.38868945837020874,2.1883866786956787,0.8650841116905212,,,,,,accurate
5116,51160.0,54371.400020599365,54398.30001449585,0,26.899993896484375,3238.3000144958496,51200.0,True,106,105,True,0,0,False,False,83,False,False,risk_lstm,8,0.8618237376213074,0.3813166618347168,2.115061044692993,0.890036404132843,,,,,,accurate
5123,51230.0,54398.30001449585,54422.30001449585,0,24.0,3192.3000144958496,51270.0,True,106,105,True,1,1,False,False,76,False,False,risk_lstm,8,0.9314936399459839,0.36252740025520325,2.132660388946533,0.8806586861610413,,,,,,accurate
5125,51250.0,54422.30001449585,54448.20001220703,0,25.89999771118164,3198.2000122070312,51290.0,True,107,106,True,0,0,False,False,74,False,False,risk_lstm,8,0.8927586078643799,0.37958410382270813,2.15578293800354,0.8832671642303467,,,,,,accurate
5127,51270.0,54448.20001220703,54478.30001068115,0,30.099998474121094,3208.3000106811523,51310.0,True,107,106,True,0,0,False,False,72,False,False,risk_lstm,8,0.8871977925300598,0.4415879547595978,2.0051870346069336,0.9020407199859619,,,,,,accurate
5131,51310.0,54478.30001068115,54505.40001296997,0,27.10000228881836,3195.4000129699707,51350.0,True,107,106,True,1,1,False,False,68,False,False,risk_lstm,8,0.8928894400596619,0.3451847434043884,2.1858136653900146,0.8821845054626465,,,,,,accurate
5136,51360.0,54505.40001296997,54526.60001373291,0,21.200000762939453,3166.60001373291,51400.0,True,106,105,True,1,1,False,False,63,False,False,risk_lstm,8,0.938484787940979,0.2898936867713928,2.122926950454712,0.8891100287437439,,,,,,accurate
5137,51370.0,54526.60001373291,54551.80001449585,0,25.200000762939453,3181.8000144958496,51410.0,True,107,106,True,0,0,False,False,62,False,False,risk_lstm,8,0.8947991728782654,0.3817923069000244,2.182732105255127,0.876507580280304,,,,,,accurate
5139,51390.0,54551.80001449585,54586.10001373291,0,34.29999923706055,3196.10001373291,51430.0,True,108,107,True,1,1,False,False,60,False,False,risk_lstm,8,0.8520509004592896,0.3472830057144165,1.999660611152649,0.8862383961677551,,,,,,accurate
5141,51410.0,54586.10001373291,54611.60000991821,0,25.499996185302734,3201.600009918213,51450.0,True,108,107,True,1,1,False,False,58,False,False,risk_lstm,8,0.87014240026474,0.34006157517433167,2.1542088985443115,0.8891838788986206,,,,,,accurate
5142,51420.0,54611.60000991821,54636.10000991821,0,24.5,3216.100009918213,51460.0,True,109,108,True,1,1,False,False,57,False,False,risk_lstm,8,0.9157506823539734,0.39045652747154236,2.1287426948547363,0.8864802122116089,,,,,,accurate
5143,51430.0,54636.10000991821,54672.800006866455,0,36.69999694824219,3242.800006866455,51470.0,True,109,108,True,1,1,False,False,56,False,False,risk_lstm,8,0.8644090890884399,0.34426647424697876,2.0346391201019287,0.8878107070922852,,,,,,accurate
5148,51480.0,54672.800006866455,54697.100006103516,0,24.299999237060547,3217.1000061035156,51520.0,True,109,108,True,1,1,False,False,51,False,False,risk_lstm,8,0.9227847456932068,0.36098945140838623,2.239074468612671,0.8749773502349854,,,,,,accurate
5151,51510.0,54697.100006103516,54721.000007629395,0,23.900001525878906,3211.0000076293945,51550.0,True,109,108,True,0,0,False,False,48,False,False,risk_lstm,8,0.9262741208076477,0.340917706489563,2.045607328414917,0.912600576877594,,,,,,accurate
5152,51520.0,54721.000007629395,54752.80001068115,0,31.800003051757812,3232.8000106811523,51560.0,True,110,109,True,1,1,False,False,47,False,False,risk_lstm,8,0.9225338697433472,0.32177916169166565,2.2489230632781982,0.8755695819854736,,,,,,accurate
5156,51560.0,54752.80001068115,54777.90000915527,0,25.099998474121094,3217.9000091552734,51600.0,True,110,109,True,1,1,False,False,43,False,False,risk_lstm,8,0.9329019784927368,0.30031901597976685,2.053968906402588,0.9063791632652283,,,,,,accurate
5158,51580.0,54777.90000915527,54803.500007629395,0,25.599998474121094,3223.5000076293945,51620.0,True,111,110,True,1,1,False,False,41,False,False,risk_lstm,8,0.8989661931991577,0.3169753849506378,2.066800832748413,0.8987277746200562,,,,,,accurate
5159,51590.0,54803.500007629395,54831.600006103516,0,28.099998474121094,3241.6000061035156,51630.0,True,111,110,True,0,0,False,False,40,False,False,risk_lstm,8,0.932475745677948,0.29712072014808655,2.2237303256988525,0.8693568706512451,,,,,,accurate
5163,51630.0,54831.600006103516,54852.500007629395,0,20.900001525878906,3222.5000076293945,51670.0,True,111,110,True,0,0,False,False,36,False,False,risk_lstm,8,0.9278050065040588,0.3223784565925598,2.006488561630249,0.9069350957870483,,,,,,accurate
5171,51710.0,54852.500007629395,54881.90000915527,0,29.400001525878906,3171.9000091552734,51750.0,True,110,109,True,0,0,False,False,28,False,False,risk_lstm,8,0.8826401829719543,0.3110044598579407,2.038275957107544,0.8874527215957642,,,,,,accurate
5173,51730.0,54881.90000915527,54905.200008392334,0,23.299999237060547,3175.200008392334,51770.0,True,111,110,True,1,1,False,False,26,False,False,risk_lstm,8,0.9377466440200806,0.30745506286621094,2.202085018157959,0.8739343285560608,,,,,,accurate
5184,51840.0,54905.200008392334,54922.700008392334,0,17.5,3082.700008392334,51880.0,True,110,109,True,0,0,False,False,15,False,False,risk_lstm,8,0.5915154814720154,0.33421385288238525,1.8256444931030273,0.9560773372650146,,,,,,accurate
5186,51860.0,54922.700008392334,54949.90000915527,0,27.200000762939453,3089.9000091552734,51900.0,True,111,110,True,1,1,False,False,13,False,False,risk_lstm,8,0.8924199342727661,0.2718660533428192,2.126279592514038,0.8900865316390991,,,,,,accurate
5187,51870.0,54949.90000915527,54971.700008392334,0,21.799999237060547,3101.700008392334,51910.0,True,111,110,True,0,0,False,False,12,False,False,risk_lstm,8,0.937611997127533,0.29863181710243225,2.164252758026123,0.8819659948348999,,,,,,accurate
5188,51880.0,54971.700008392334,54991.100006103516,0,19.39999771118164,3111.1000061035156,51920.0,True,112,111,True,0,0,False,False,11,False,False,risk_lstm,8,0.9349143505096436,0.2554316818714142,2.072869300842285,0.8995386362075806,,,,,,accurate
5193,51930.0,54991.100006103516,55013.20000457764,0,22.099998474121094,3083.2000045776367,51970.0,True,110,109,True,0,0,False,False,6,False,False,risk_lstm,8,0.9423881769180298,0.2842347025871277,2.1971423625946045,0.8728305697441101,,,,,,accurate
5194,51940.0,55013.20000457764,55033.000007629395,0,19.800003051757812,3093.0000076293945,51980.0,True,111,110,True,1,1,False,False,5,False,False,risk_lstm,8,0.9334098100662231,0.2811829745769501,2.0753703117370605,0.90046626329422,,,,,,accurate
5196,51960.0,55033.000007629395,55052.300006866455,0,19.299999237060547,3092.300006866455,52000.0,True,111,110,True,1,1,False,False,3,False,False,risk_lstm,8,0.9422258138656616,0.184778094291687,1.959396243095398,0.9181236028671265,,,,,,accurate
5197,51970.0,55052.300006866455,55071.600006103516,0,19.299999237060547,3101.6000061035156,52010.0,True,112,111,True,0,0,False,False,2,True,False,risk_lstm,8,0.9253323674201965,0.19583310186862946,1.927260398864746,0.924639105796814,,,,,,accurate
5205,52050.0,55071.600006103516,55101.300006866455,0,29.700000762939453,3051.300006866455,52090.0,True,110,109,True,1,1,False,False,94,False,False,risk_lstm,8,0.9413518905639648,0.22460144758224487,2.137756586074829,0.8688231110572815,,,,,,accurate
5206,52060.0,55101.300006866455,55123.900005340576,0,22.599998474121094,3063.900005340576,52100.0,True,111,110,True,0,0,False,False,93,False,False,risk_lstm,8,0.9404722452163696,0.23524922132492065,2.0869994163513184,0.8907844424247742,,,,,,accurate
5207,52070.0,55123.900005340576,55143.900005340576,0,20.0,3073.900005340576,52110.0,True,112,111,True,0,0,False,False,92,False,False,risk_lstm,8,0.9407907724380493,0.2398998886346817,2.0746960639953613,0.8927376866340637,,,,,,accurate
5208,52080.0,55143.900005340576,55167.0000038147,0,23.099998474121094,3087.0000038146973,52120.0,True,113,112,True,1,1,False,False,91,False,False,risk_lstm,8,0.9523013234138489,0.2177457958459854,2.09430193901062,0.8938710689544678,,,,,,accurate
5211,52110.0,55167.0000038147,55195.100006103516,0,28.10000228881836,3085.1000061035156,52150.0,True,112,111,True,1,1,False,False,88,False,False,risk_lstm,8,0.93690425157547,0.2666073441505432,2.135686159133911,0.8814735412597656,,,,,,accurate
5214,52140.0,55195.100006103516,55216.30000305176,0,21.199996948242188,3076.300003051758,52180.0,True,112,111,True,0,0,False,False,85,False,False,risk_lstm,8,0.9177552461624146,0.32737094163894653,2.0405850410461426,0.8919740915298462,,,,,,accurate
5218,52180.0,55216.30000305176,55239.500007629395,0,23.20000457763672,3059.5000076293945,52220.0,True,111,110,True,1,1,False,False,81,False,False,risk_lstm,8,0.9286730289459229,0.3735663592815399,2.0605578422546387,0.8794890642166138,,,,,,accurate
5219,52190.0,55239.500007629395,55263.40000915527,0,23.900001525878906,3073.4000091552734,52230.0,True,112,111,True,0,0,False,False,80,False,False,risk_lstm,8,0.9268674254417419,0.3776963949203491,2.110412359237671,0.8590308427810669,,,,,,accurate
5221,52210.0,55263.40000915527,55287.700008392334,0,24.299999237060547,3077.700008392334,52250.0,True,112,111,True,0,0,False,False,78,False,False,risk_lstm,8,0.8771696090698242,0.42192813754081726,2.0826308727264404,0.878302276134491,,,,,,accurate
5223,52230.0,55287.700008392334,55308.900005340576,0,21.199996948242188,3078.900005340576,52270.0,True,112,111,True,0,0,False,False,76,False,False,risk_lstm,8,0.8854045867919922,0.43693697452545166,1.8867075443267822,0.9226007461547852,,,,,,accurate
5224,52240.0,55308.900005340576,55330.10000228882,0,21.199996948242188,3090.1000022888184,52280.0,True,113,112,True,0,0,False,False,75,False,False,risk_lstm,8,0.9075029492378235,0.40859702229499817,2.099756956100464,0.8746123313903809,,,,,,accurate
5225,52250.0,55330.10000228882,55353.10000228882,0,23.0,3103.1000022888184,52290.0,True,113,112,True,0,0,False,False,74,False,False,risk_lstm,8,0.9055184721946716,0.40507471561431885,2.1671817302703857,0.8710012435913086,,,,,,accurate
5226,52260.0,55353.10000228882,55375.10000228882,0,22.0,3115.1000022888184,52300.0,True,114,113,True,0,0,False,False,73,False,False,risk_lstm,8,0.9144294261932373,0.42948296666145325,2.144129991531372,0.8735012412071228,,,,,,accurate
5228,52280.0,55375.10000228882,55399.20000457764,0,24.10000228881836,3119.2000045776367,52320.0,True,114,113,True,0,0,False,False,71,False,False,risk_lstm,8,0.9028947949409485,0.4399881362915039,2.1547160148620605,0.8736967444419861,,,,,,accurate
5230,52300.0,55399.20000457764,55420.20000457764,0,21.0,3120.2000045776367,52340.0,True,114,113,True,1,1,False,False,69,False,False,risk_lstm,8,0.889405369758606,0.430764764547348,2.1179044246673584,0.8814154267311096,,,,,,accurate
5234,52340.0,55420.20000457764,55448.100006103516,0,27.900001525878906,3108.1000061035156,52380.0,True,114,113,True,0,0,False,False,65,False,False,risk_lstm,8,0.8494129776954651,0.3756284713745117,1.9776387214660645,0.8871609568595886,,,,,,accurate
5236,52360.0,55448.100006103516,55473.30000305176,0,25.199996948242188,3113.300003051758,52400.0,True,114,113,True,1,1,False,False,63,False,False,risk_lstm,8,0.9113364815711975,0.36082902550697327,2.2150137424468994,0.8744978904724121,,,,,,accurate
5237,52370.0,55473.30000305176,55496.900005340576,0,23.60000228881836,3126.900005340576,52410.0,True,115,114,True,0,0,False,False,62,False,False,risk_lstm,8,0.9161253571510315,0.4319159686565399,2.1234652996063232,0.8749260306358337,,,,,,accurate
5239,52390.0,55496.900005340576,55517.600006103516,0,20.700000762939453,3127.6000061035156,52430.0,True,115,114,True,1,1,False,False,60,False,False,risk_lstm,8,0.9179942011833191,0.40092483162879944,2.1362531185150146,0.8648058176040649,,,,,,accurate
5241,52410.0,55517.600006103516,55551.000007629395,0,33.400001525878906,3141.0000076293945,52450.0,True,116,115,True,0,0,False,False,58,False,False,risk_lstm,8,0.8251760601997375,0.439229279756546,1.8794971704483032,0.8833581805229187,,,,,,accurate
5244,52440.0,55551.000007629395,55581.100006103516,0,30.099998474121094,3141.1000061035156,52480.0,True,115,114,True,0,0,False,False,55,False,False,risk_lstm,8,0.9070706963539124,0.45913922786712646,2.1283886432647705,0.8713696599006653,,,,,,accurate
5245,52450.0,55581.100006103516,55607.60000991821,0,26.500003814697266,3157.600009918213,52490.0,True,116,115,True,0,0,False,False,54,False,False,risk_lstm,8,0.8408836126327515,0.39469894766807556,2.0650856494903564,0.8885988593101501,,,,,,accurate
5250,52500.0,55607.60000991821,55631.700008392334,0,24.099998474121094,3131.700008392334,52540.0,True,114,113,True,0,0,False,False,49,False,False,risk_lstm,8,0.9073077440261841,0.3884490132331848,2.20991849899292,0.8722856640815735,,,,,,accurate
5257,52570.0,55631.700008392334,55655.60000991821,0,23.900001525878906,3085.600009918213,52610.0,True,113,112,True,0,0,False,False,42,False,False,risk_lstm,8,0.8634862899780273,0.41316935420036316,2.1366031169891357,0.8820630311965942,,,,,,accurate
5263,52630.0,55655.60000991821,55684.30001068115,0,28.700000762939453,3054.3000106811523,52670.0,True,112,111,True,1,1,False,False,36,False,False,risk_lstm,8,0.8503031730651855,0.39020100235939026,2.066310405731201,0.8878775238990784,,,,,,accurate
5266,52660.0,55684.30001068115,55705.60000991821,0,21.299999237060547,3045.600009918213,52700.0,True,111,110,True,1,1,False,False,33,False,False,risk_lstm,8,0.9249486327171326,0.37664803862571716,2.098914861679077,0.9008234739303589,,,,,,accurate
5268,52680.0,55705.60000991821,55732.30001068115,0,26.700000762939453,3052.3000106811523,52720.0,True,112,111,True,0,0,False,False,31,False,False,risk_lstm,8,0.8863858580589294,0.35537782311439514,2.18479323387146,0.8857742547988892,,,,,,accurate
5269,52690.0,55732.30001068115,55759.30001449585,0,27.000003814697266,3069.3000144958496,52730.0,True,112,111,True,1,1,False,False,30,False,False,risk_lstm,8,0.8728193044662476,0.3887964189052582,2.141798257827759,0.8871901035308838,,,,,,accurate
5270,52700.0,55759.30001449585,55784.50001144409,0,25.199996948242188,3084.500011444092,52740.0,True,113,112,True,0,0,False,False,29,False,False,risk_lstm,8,0.8803420662879944,0.3592626750469208,2.1684019565582275,0.8897234201431274,,,,,,accurate
5272,52720.0,55784.50001144409,55807.30001068115,0,22.799999237060547,3087.3000106811523,52760.0,True,113,112,True,0,0,False,False,27,False,False,risk_lstm,8,0.9026747345924377,0.3954322636127472,2.1778271198272705,0.8837121725082397,,,,,,accurate
5273,52730.0,55807.30001068115,55826.10001373291,0,18.800003051757812,3096.10001373291,52770.0,True,114,113,True,0,0,False,False,26,False,False,risk_lstm,8,0.9214452505111694,0.34546253085136414,2.046443462371826,0.910245954990387,,,,,,accurate
5278,52780.0,55826.10001373291,55847.20001602173,0,21.10000228881836,3067.2000160217285,52820.0,True,113,112,True,0,0,False,False,21,False,False,risk_lstm,8,0.9213206768035889,0.3480364978313446,2.1792657375335693,0.8771512508392334,,,,,,accurate
5281,52810.0,55847.20001602173,55868.00001525879,0,20.799999237060547,3058.000015258789,52850.0,True,112,111,True,1,1,False,False,18,False,False,risk_lstm,8,0.9253833889961243,0.33756762742996216,2.1383216381073,0.8841893076896667,,,,,,accurate
5284,52840.0,55868.00001525879,55889.70001602173,0,21.700000762939453,3049.7000160217285,52880.0,True,112,111,True,0,0,False,False,15,False,False,risk_lstm,8,0.9063094258308411,0.36687102913856506,2.058814287185669,0.8932806849479675,,,,,,accurate
5287,52870.0,55889.70001602173,55909.90001678467,0,20.200000762939453,3039.900016784668,52910.0,True,112,111,True,0,0,False,False,12,False,False,risk_lstm,8,0.9451032876968384,0.2686839997768402,2.0180015563964844,0.9157509803771973,,,,,,accurate
5289,52890.0,55909.90001678467,55933.20001602173,0,23.299999237060547,3043.2000160217285,52930.0,True,112,111,True,0,0,False,False,10,False,False,risk_lstm,8,0.9499083161354065,0.21629750728607178,2.125824451446533,0.8880833387374878,,,,,,accurate
5291,52910.0,55933.20001602173,55955.600021362305,0,22.400005340576172,3045.6000213623047,52950.0,True,112,111,True,1,1,False,False,8,False,False,risk_lstm,8,0.9314424395561218,0.2905820310115814,2.1263554096221924,0.8790464997291565,,,,,,accurate
5294,52940.0,55955.600021362305,55979.50002288818,0,23.900001525878906,3039.5000228881836,52980.0,True,112,111,True,0,0,False,False,5,False,False,risk_lstm,8,0.9296824932098389,0.2765550911426544,2.0868680477142334,0.8899690508842468,,,,,,accurate
5295,52950.0,55979.50002288818,56014.30002593994,0,34.80000305175781,3064.3000259399414,52990.0,True,112,111,True,0,0,False,False,4,False,False,risk_lstm,8,0.884260892868042,0.33675524592399597,1.9193998575210571,0.8813948035240173,,,,,,accurate
5296,52960.0,56014.30002593994,56036.90002822876,0,22.60000228881836,3076.9000282287598,53000.0,True,113,112,True,0,0,False,False,3,False,False,risk_lstm,8,0.9377936124801636,0.2780221402645111,2.1534717082977295,0.8775104880332947,,,,,,accurate
5299,52990.0,56036.90002822876,56056.20002746582,0,19.299999237060547,3066.2000274658203,53030.0,True,113,112,True,0,0,False,True,0,True,False,risk_lstm,8,0.9306042194366455,0.2682737410068512,2.060913562774658,0.9041566252708435,,,,,,accurate
5300,53000.0,56056.20002746582,56079.80002593994,0,23.599998474121094,3079.8000259399414,53040.0,True,114,113,True,0,0,False,False,99,False,False,risk_lstm,8,0.9360547065734863,0.2894427478313446,2.1803948879241943,0.8708086609840393,,,,,,accurate
5301,53010.0,56079.80002593994,56099.300022125244,0,19.499996185302734,3089.300022125244,53050.0,True,115,114,True,0,0,False,False,98,False,False,risk_lstm,8,0.9284723997116089,0.31402137875556946,2.0773653984069824,0.8964954018592834,,,,,,accurate
5302,53020.0,56099.300022125244,56127.500019073486,0,28.199996948242188,3107.5000190734863,53060.0,True,116,115,True,1,1,False,False,97,False,False,risk_lstm,8,0.8773066401481628,0.37154343724250793,2.116192102432251,0.8845571279525757,,,,,,accurate
5303,53030.0,56127.500019073486,56155.600021362305,0,28.10000228881836,3125.6000213623047,53070.0,True,116,115,True,0,0,False,False,96,False,False,risk_lstm,8,0.8613461256027222,0.3245837092399597,2.0960886478424072,0.8911939263343811,,,,,,accurate
5305,53050.0,56155.600021362305,56187.90001678467,0,32.29999542236328,3137.900016784668,53090.0,True,117,116,True,0,0,False,False,94,False,False,risk_lstm,8,0.8936741352081299,0.2970629632472992,2.2112011909484863,0.8860332369804382,,,,,,accurate
5306,53060.0,56187.90001678467,56228.500019073486,0,40.60000228881836,3168.5000190734863,53100.0,True,118,117,True,0,0,False,False,93,False,False,risk_lstm,8,0.9052041172981262,0.31176522374153137,2.2260067462921143,0.8777627348899841,,,,,,accurate
5307,53070.0,56228.500019073486,56267.90001678467,0,39.39999771118164,3197.900016784668,53110.0,True,119,118,True,0,0,False,False,92,False,False,risk_lstm,8,0.8968138098716736,0.31480124592781067,2.19521164894104,0.8856943845748901,,,,,,accurate
5312,53120.0,56267.90001678467,56290.400020599365,0,22.500003814697266,3170.4000205993652,53160.0,True,118,117,True,0,0,False,False,87,False,False,risk_lstm,8,0.9332839250564575,0.280823290348053,2.049346446990967,0.9196414351463318,,,,,,accurate
5313,53130.0,56290.400020599365,56310.50002288818,0,20.10000228881836,3180.5000228881836,53170.0,True,119,118,True,0,0,False,False,86,False,False,risk_lstm,8,0.9233848452568054,0.23384647071361542,2.0136497020721436,0.9245756268501282,,,,,,accurate
5318,53180.0,56310.50002288818,56339.80001831055,0,29.29999542236328,3159.800018310547,53220.0,True,118,117,True,0,0,False,False,81,False,False,risk_lstm,8,0.9333928823471069,0.2704632878303528,2.2599525451660156,0.8809572458267212,,,,,,accurate
5320,53200.0,56339.80001831055,56366.70001602173,0,26.89999771118164,3166.7000160217285,53240.0,True,119,118,True,0,0,False,False,79,False,False,risk_lstm,8,0.8973096609115601,0.282928466796875,2.174449920654297,0.8945059776306152,,,,,,accurate
5321,53210.0,56366.70001602173,56390.60001373291,0,23.89999771118164,3180.60001373291,53250.0,True,120,119,True,1,1,False,False,78,False,False,risk_lstm,8,0.9158796668052673,0.3156484067440033,2.181931972503662,0.8886525630950928,,,,,,accurate
5322,53220.0,56390.60001373291,56413.80001831055,0,23.20000457763672,3193.800018310547,53260.0,True,120,119,True,0,0,False,False,77,False,False,risk_lstm,8,0.9083579778671265,0.3347582519054413,2.137925624847412,0.8923365473747253,,,,,,accurate
5327,53270.0,56413.80001831055,56431.80001831055,0,18.0,3161.800018310547,53310.0,True,120,119,True,0,0,False,False,72,False,False,risk_lstm,8,0.9321156144142151,0.21725702285766602,2.0445821285247803,0.9178492426872253,,,,,,accurate
5328,53280.0,56431.80001831055,56457.10001754761,0,25.299999237060547,3177.1000175476074,53320.0,True,121,120,True,0,0,False,False,71,False,False,risk_lstm,8,0.898654580116272,0.2664235830307007,2.151768684387207,0.8835001587867737,,,,,,accurate
5333,53330.0,56457.10001754761,56502.60001373291,0,45.499996185302734,3172.60001373291,53370.0,True,120,119,True,1,1,False,False,66,False,False,risk_lstm,8,0.9171015620231628,0.2735862731933594,2.2275500297546387,0.8841202259063721,,,,,,accurate
5334,53340.0,56502.60001373291,56529.20001220703,0,26.599998474121094,3189.2000122070312,53380.0,True,121,120,True,0,0,False,False,65,False,False,risk_lstm,8,0.913060188293457,0.37192535400390625,2.180570602416992,0.8786108493804932,,,,,,accurate
5335,53350.0,56529.20001220703,56557.70001220703,0,28.5,3207.7000122070312,53390.0,True,121,120,True,1,1,False,False,64,False,False,risk_lstm,8,0.9032045602798462,0.37105080485343933,2.2031755447387695,0.8775145411491394,,,,,,accurate
5337,53370.0,56557.70001220703,56578.90001296997,0,21.200000762939453,3208.9000129699707,53410.0,True,122,121,True,0,0,False,False,62,False,False,risk_lstm,8,0.957779049873352,0.2529861629009247,2.147226095199585,0.8823328018188477,,,,,,accurate
5348,53480.0,56578.90001296997,56603.90001296997,0,25.0,3123.9000129699707,53520.0,True,119,118,True,1,1,False,False,51,False,False,risk_lstm,8,0.9233500957489014,0.33743607997894287,2.1902971267700195,0.8747115731239319,,,,,,accurate
5352,53520.0,56603.90001296997,56640.00001144409,0,36.099998474121094,3120.000011444092,53560.0,True,119,118,True,1,1,False,False,47,False,False,risk_lstm,8,0.851990282535553,0.3545246720314026,2.122255802154541,0.8936904072761536,,,,,,accurate
5353,53530.0,56640.00001144409,56657.60000991821,0,17.599998474121094,3127.600009918213,53570.0,True,119,118,True,1,1,False,False,46,False,False,risk_lstm,8,0.907880425453186,0.32632768154144287,1.9882292747497559,0.9205711483955383,,,,,,accurate
5354,53540.0,56657.60000991821,56677.00001144409,0,19.400001525878906,3137.000011444092,53580.0,True,120,119,True,0,0,False,False,45,False,False,risk_lstm,8,0.9382440447807312,0.27662503719329834,2.101752996444702,0.8844382762908936,,,,,,accurate
5355,53550.0,56677.00001144409,56698.80001449585,0,21.800003051757812,3148.8000144958496,53590.0,True,121,120,True,0,0,False,False,44,False,False,risk_lstm,8,0.9255258440971375,0.32192593812942505,2.137599229812622,0.8737483620643616,,,,,,accurate
5357,53570.0,56698.80001449585,56746.80001068115,0,47.999996185302734,3176.8000106811523,53610.0,True,122,121,True,1,1,False,False,42,False,False,risk_lstm,8,0.8827540874481201,0.3282861113548279,2.1795332431793213,0.8884486556053162,,,,,,accurate
5358,53580.0,56746.80001068115,56775.60000991821,0,28.799999237060547,3195.600009918213,53620.0,True,122,121,True,0,0,False,False,41,False,False,risk_lstm,8,0.9194313883781433,0.31575265526771545,2.226090431213379,0.8775910139083862,,,,,,accurate
5360,53600.0,56775.60000991821,56799.00001144409,0,23.400001525878906,3199.000011444092,53640.0,True,123,122,True,0,0,False,False,39,False,False,risk_lstm,8,0.9112058281898499,0.37990832328796387,2.1270618438720703,0.8894426226615906,,,,,,accurate
5363,53630.0,56799.00001144409,56822.50001144409,0,23.5,3192.500011444092,53670.0,True,123,122,True,0,0,False,False,36,False,False,risk_lstm,8,0.9262384176254272,0.32876336574554443,2.2171075344085693,0.8726601600646973,,,,,,accurate
5364,53640.0,56822.50001144409,56840.500007629395,0,17.999996185302734,3200.5000076293945,53680.0,True,123,122,True,1,1,False,False,35,False,False,risk_lstm,8,0.9344231486320496,0.224964901804924,1.9722932577133179,0.9203912615776062,,,,,,accurate
5367,53670.0,56840.500007629395,56858.100006103516,0,17.599998474121094,3188.1000061035156,53710.0,True,123,122,True,0,0,False,False,32,False,False,risk_lstm,8,0.939556896686554,0.25841206312179565,1.9911503791809082,0.9227173328399658,,,,,,accurate
5368,53680.0,56858.100006103516,56877.900005340576,0,19.799999237060547,3197.900005340576,53720.0,True,124,123,True,0,0,False,False,31,False,False,risk_lstm,8,0.9371726512908936,0.24369795620441437,2.0617189407348633,0.9005664587020874,,,,,,accurate
5371,53710.0,56877.900005340576,56895.70000457764,0,17.799999237060547,3185.7000045776367,53750.0,True,124,123,True,0,0,False,False,28,False,False,risk_lstm,8,0.9376698136329651,0.21992744505405426,2.0408101081848145,0.914208173751831,,,,,,accurate
5373,53730.0,56895.70000457764,56923.300006866455,0,27.60000228881836,3193.300006866455,53770.0,True,124,123,True,1,1,False,False,26,False,False,risk_lstm,8,0.9313201308250427,0.2497655600309372,2.125216007232666,0.871407151222229,,,,,,accurate
5374,53740.0,56923.300006866455,56949.500007629395,0,26.200000762939453,3209.5000076293945,53780.0,True,125,124,True,0,0,False,False,25,False,False,risk_lstm,8,0.9448451399803162,0.22691665589809418,2.1993658542633057,0.8765462636947632,,,,,,accurate
5375,53750.0,56949.500007629395,56991.40000915527,0,41.900001525878906,3241.4000091552734,53790.0,True,126,125,True,0,0,False,False,24,False,False,risk_lstm,8,0.8733557462692261,0.26661378145217896,2.1308774948120117,0.8929872512817383,,,,,,accurate
5378,53780.0,56991.40000915527,57019.500007629395,0,28.099998474121094,3239.5000076293945,53820.0,True,126,125,True,1,1,False,False,21,False,False,risk_lstm,8,0.9175595045089722,0.2347360998392105,2.224637746810913,0.8880888819694519,,,,,,accurate
5379,53790.0,57019.500007629395,57038.800006866455,0,19.299999237060547,3248.800006866455,53830.0,True,126,125,True,0,0,False,False,20,False,False,risk_lstm,8,0.9216190576553345,0.2514234483242035,2.086487054824829,0.9040738344192505,,,,,,accurate
5380,53800.0,57038.800006866455,57062.90000915527,0,24.10000228881836,3262.9000091552734,53840.0,True,127,126,True,0,0,False,False,19,False,False,risk_lstm,8,0.9316005110740662,0.27683505415916443,2.2447102069854736,0.8745538592338562,,,,,,accurate
5381,53810.0,57062.90000915527,57088.60000991821,0,25.700000762939453,3278.600009918213,53850.0,True,127,126,True,0,0,False,False,18,False,False,risk_lstm,8,0.872680127620697,0.33541202545166016,2.1571218967437744,0.8907732963562012,,,,,,accurate
5383,53830.0,57088.60000991821,57109.10000991821,0,20.5,3279.100009918213,53870.0,True,128,127,True,0,0,False,False,16,False,False,risk_lstm,8,0.9236805438995361,0.39230409264564514,2.1545002460479736,0.8819763660430908,,,,,,accurate
5384,53840.0,57109.10000991821,57132.100006103516,0,22.999996185302734,3292.1000061035156,53880.0,True,129,128,True,0,0,False,False,15,False,False,risk_lstm,8,0.9117974042892456,0.38976141810417175,2.1833834648132324,0.8735431432723999,,,,,,accurate
5387,53870.0,57132.100006103516,57151.20000457764,0,19.099998474121094,3281.2000045776367,53910.0,True,128,127,True,0,0,False,False,12,False,False,risk_lstm,8,0.9209495186805725,0.3794059455394745,2.0506250858306885,0.898900032043457,,,,,,accurate
5388,53880.0,57151.20000457764,57191.700008392334,0,40.500003814697266,3311.700008392334,53920.0,True,129,128,True,0,0,False,False,11,False,False,risk_lstm,8,0.8501601219177246,0.3819439113140106,2.043882369995117,0.8875532150268555,,,,,,accurate
5390,53900.0,57191.700008392334,57209.100006103516,0,17.39999771118164,3309.1000061035156,53940.0,True,130,129,True,0,0,False,False,9,False,False,risk_lstm,8,0.9383506178855896,0.3209218978881836,2.0036051273345947,0.9194968342781067,,,,,,accurate
5391,53910.0,57209.100006103516,57232.900005340576,0,23.799999237060547,3322.900005340576,53950.0,True,130,129,True,1,1,False,False,8,False,False,risk_lstm,8,0.9140457510948181,0.36335498094558716,2.2090296745300293,0.8766447901725769,,,,,,accurate
5392,53920.0,57232.900005340576,57259.30000305176,0,26.39999771118164,3339.300003051758,53960.0,True,131,130,True,1,1,False,False,7,False,False,risk_lstm,8,0.9124564528465271,0.3670612871646881,2.1467125415802,0.8837459683418274,,,,,,accurate
5395,53950.0,57259.30000305176,57287.20000457764,0,27.900001525878906,3337.2000045776367,53990.0,True,131,130,True,1,1,False,False,4,False,False,risk_lstm,8,0.9239436388015747,0.3251129984855652,2.209407091140747,0.870479941368103,,,,,,accurate
5404,54040.0,57287.20000457764,57312.600006103516,0,25.400001525878906,3272.6000061035156,54080.0,True,130,129,True,0,0,False,False,95,False,False,risk_lstm,8,0.8760655522346497,0.4036695957183838,2.0654351711273193,0.8975105881690979,,,,,,accurate
5410,54100.0,57312.600006103516,57333.100006103516,0,20.5,3233.1000061035156,54140.0,True,128,127,True,0,0,False,False,89,False,False,risk_lstm,8,0.9241159558296204,0.2924600839614868,2.1138596534729004,0.8813092112541199,,,,,,accurate
5412,54120.0,57333.100006103516,57350.500007629395,0,17.400001525878906,3230.5000076293945,54160.0,True,129,128,True,0,0,False,False,87,False,False,risk_lstm,8,0.9172914028167725,0.30898192524909973,1.9708943367004395,0.9194169640541077,,,,,,accurate
5413,54130.0,57350.500007629395,57374.50001144409,0,24.000003814697266,3244.500011444092,54170.0,True,130,129,True,0,0,False,False,86,False,False,risk_lstm,8,0.924414336681366,0.34306278824806213,2.1082074642181396,0.8774062991142273,,,,,,accurate
5415,54150.0,57374.50001144409,57395.40001678467,0,20.900005340576172,3245.400016784668,54190.0,True,130,129,True,0,0,False,False,84,False,False,risk_lstm,8,0.9199550151824951,0.34677672386169434,2.0359854698181152,0.896065890789032,,,,,,accurate
5416,54160.0,57395.40001678467,57428.00001525879,0,32.599998474121094,3268.000015258789,54200.0,True,130,129,True,1,1,False,False,83,False,False,risk_lstm,8,0.86836838722229,0.37473106384277344,1.9120473861694336,0.8837109208106995,,,,,,accurate
5420,54200.0,57428.00001525879,57446.70001602173,0,18.700000762939453,3246.7000160217285,54240.0,True,130,129,True,1,1,False,False,79,False,False,risk_lstm,8,0.9391471743583679,0.2430572360754013,2.0009913444519043,0.9252326488494873,,,,,,accurate
5425,54250.0,57446.70001602173,57480.30001449585,0,33.599998474121094,3230.3000144958496,54290.0,True,129,128,True,0,0,False,False,74,False,False,risk_lstm,8,0.9311935901641846,0.2655468285083771,2.2326295375823975,0.8814796209335327,,,,,,accurate
5430,54300.0,57480.30001449585,57505.80001831055,0,25.500003814697266,3205.800018310547,54340.0,True,128,127,True,1,1,False,False,69,False,False,risk_lstm,8,0.908611536026001,0.25146663188934326,2.2315073013305664,0.8903887271881104,,,,,,accurate
5432,54320.0,57505.80001831055,57526.30001831055,0,20.5,3206.300018310547,54360.0,True,128,127,True,1,1,False,False,67,False,False,risk_lstm,8,0.927659809589386,0.26629504561424255,2.1823227405548096,0.8860556483268738,,,,,,accurate
5438,54380.0,57526.30001831055,57545.500019073486,0,19.200000762939453,3165.5000190734863,54420.0,True,127,126,True,0,0,False,False,61,False,False,risk_lstm,8,0.8995859026908875,0.31163886189460754,2.0924034118652344,0.8975012898445129,,,,,,accurate
5439,54390.0,57545.500019073486,57577.400020599365,0,31.900001525878906,3187.4000205993652,54430.0,True,128,127,True,0,0,False,False,60,False,False,risk_lstm,8,0.9372761249542236,0.29482442140579224,2.2306430339813232,0.8711483478546143,,,,,,accurate
5440,54400.0,57577.400020599365,57602.100021362305,0,24.700000762939453,3202.1000213623047,54440.0,True,128,127,True,1,1,False,False,59,False,False,risk_lstm,8,0.9181980490684509,0.3202773332595825,2.2160415649414062,0.8785894513130188,,,,,,accurate
5442,54420.0,57602.100021362305,57624.300022125244,0,22.200000762939453,3204.300022125244,54460.0,True,129,128,True,0,0,False,False,57,False,False,risk_lstm,8,0.9141444563865662,0.3442029356956482,2.1603033542633057,0.8828520774841309,,,,,,accurate
5443,54430.0,57624.300022125244,57642.50002288818,0,18.200000762939453,3212.5000228881836,54470.0,True,129,128,True,0,0,False,False,56,False,False,risk_lstm,8,0.9131495356559753,0.3435312807559967,1.9805562496185303,0.921151876449585,,,,,,accurate
5445,54450.0,57642.50002288818,57661.50002288818,0,19.0,3211.5000228881836,54490.0,True,129,128,True,0,0,False,False,54,False,False,risk_lstm,8,0.9328038692474365,0.28270578384399414,2.0330183506011963,0.9116662740707397,,,,,,accurate
5446,54460.0,57661.50002288818,57683.900020599365,0,22.39999771118164,3223.9000205993652,54500.0,True,130,129,True,1,1,False,False,53,False,False,risk_lstm,8,0.9475977420806885,0.2627302408218384,2.151435613632202,0.8710863590240479,,,,,,accurate
5450,54500.0,57683.900020599365,57702.30001831055,0,18.39999771118164,3202.300018310547,54540.0,True,130,129,True,1,1,False,False,49,False,False,risk_lstm,8,0.9433067440986633,0.24007730185985565,2.0896499156951904,0.8952378630638123,,,,,,accurate
5451,54510.0,57702.30001831055,57721.400020599365,0,19.10000228881836,3211.4000205993652,54550.0,True,130,129,True,0,0,False,False,48,False,False,risk_lstm,8,0.9260895252227783,0.28844162821769714,1.9386656284332275,0.9179784059524536,,,,,,accurate
5452,54520.0,57721.400020599365,57744.000019073486,0,22.599998474121094,3224.0000190734863,54560.0,True,131,130,True,0,0,False,False,47,False,False,risk_lstm,8,0.9425443410873413,0.2640724182128906,2.1417200565338135,0.877321720123291,,,,,,accurate
5453,54530.0,57744.000019073486,57763.90002441406,0,19.900005340576172,3233.9000244140625,54570.0,True,131,130,True,1,1,False,False,46,False,False,risk_lstm,8,0.9347013235092163,0.2239006906747818,2.121415853500366,0.886573314666748,,,,,,accurate
5457,54570.0,57763.90002441406,57811.600025177,0,47.70000076293945,3241.600025177002,54610.0,True,131,130,True,1,1,False,False,42,False,False,risk_lstm,8,0.9336498975753784,0.26880523562431335,2.175673723220825,0.8710228800773621,,,,,,accurate
5459,54590.0,57811.600025177,57838.20002746582,0,26.60000228881836,3248.2000274658203,54630.0,True,131,130,True,1,1,False,False,40,False,False,risk_lstm,8,0.9387174248695374,0.27799972891807556,2.2254912853240967,0.8707965612411499,,,,,,accurate
5462,54620.0,57838.20002746582,57865.90002441406,0,27.699996948242188,3245.9000244140625,54660.0,True,131,130,True,0,0,False,False,37,False,False,risk_lstm,8,0.9114928245544434,0.3218454122543335,2.2306771278381348,0.8770926594734192,,,,,,accurate
5463,54630.0,57865.90002441406,57888.600025177,0,22.700000762939453,3258.600025177002,54670.0,True,132,131,True,0,0,False,False,36,False,False,risk_lstm,8,0.9067505598068237,0.36128172278404236,2.1557302474975586,0.8858132362365723,,,,,,accurate
5464,54640.0,57888.600025177,57906.00002670288,0,17.400001525878906,3266.000026702881,54680.0,True,132,131,True,0,0,False,False,35,False,False,risk_lstm,8,0.9145514369010925,0.22038531303405762,1.9703463315963745,0.9277456998825073,,,,,,accurate
5465,54650.0,57906.00002670288,57929.600025177,0,23.599998474121094,3279.600025177002,54690.0,True,133,132,True,1,1,False,False,34,False,False,risk_lstm,8,0.925556480884552,0.3150795102119446,2.2376275062561035,0.8800724744796753,,,,,,accurate
5466,54660.0,57929.600025177,57947.90002822876,0,18.300003051757812,3287.9000282287598,54700.0,True,134,133,True,0,0,False,False,33,False,False,risk_lstm,8,0.9087449312210083,0.354727178812027,1.9525468349456787,0.9170178771018982,,,,,,accurate
5467,54670.0,57947.90002822876,57966.6000289917,0,18.700000762939453,3296.600028991699,54710.0,True,135,134,True,1,1,False,False,32,False,False,risk_lstm,8,0.9363973736763,0.2658063471317291,2.036388397216797,0.907442569732666,,,,,,accurate
5469,54690.0,57966.6000289917,57985.50002670288,0,18.89999771118164,3295.500026702881,54730.0,True,135,134,True,1,1,False,False,30,False,False,risk_lstm,8,0.9373971819877625,0.23067030310630798,2.066912889480591,0.8979549407958984,,,,,,accurate
5471,54710.0,57985.50002670288,58007.1000289917,0,21.60000228881836,3297.100028991699,54750.0,True,135,134,True,0,0,False,False,28,False,False,risk_lstm,8,0.9465880990028381,0.23753996193408966,2.144103765487671,0.87396639585495,,,,,,accurate
5476,54760.0,58007.1000289917,58028.20003128052,0,21.10000228881836,3268.2000312805176,54800.0,True,134,133,True,1,1,False,False,23,False,False,risk_lstm,8,0.939540445804596,0.2439720183610916,2.1458613872528076,0.8773887753486633,,,,,,accurate
5477,54770.0,58028.20003128052,58048.1000289917,0,19.89999771118164,3278.100028991699,54810.0,True,135,134,True,0,0,False,False,22,False,False,risk_lstm,8,0.9375708699226379,0.25006982684135437,2.089733839035034,0.891761064529419,,,,,,accurate
5479,54790.0,58048.1000289917,58074.30002593994,0,26.199996948242188,3284.3000259399414,54830.0,True,135,134,True,0,0,False,False,20,False,False,risk_lstm,8,0.8781331777572632,0.33175012469291687,2.0972683429718018,0.8857165575027466,,,,,,accurate
5485,54850.0,58074.30002593994,58093.40002822876,0,19.10000228881836,3243.4000282287598,54890.0,True,134,133,True,0,0,False,False,14,False,False,risk_lstm,8,0.940505862236023,0.271994948387146,2.0798699855804443,0.9018160104751587,,,,,,accurate
5487,54870.0,58093.40002822876,58115.1000289917,0,21.700000762939453,3245.100028991699,54910.0,True,134,133,True,1,1,False,False,12,False,False,risk_lstm,8,0.9322830438613892,0.2643235921859741,2.1678998470306396,0.8746431469917297,,,,,,accurate
5491,54910.0,58115.1000289917,58137.30002975464,0,22.200000762939453,3227.3000297546387,54950.0,True,133,132,True,0,0,False,False,8,False,False,risk_lstm,8,0.9120522737503052,0.39006686210632324,2.106717348098755,0.8799116611480713,,,,,,accurate
5492,54920.0,58137.30002975464,58162.1000289917,0,24.799999237060547,3242.100028991699,54960.0,True,134,133,True,1,1,False,False,7,False,False,risk_lstm,8,0.9204525947570801,0.3750070035457611,2.1668031215667725,0.8630945086479187,,,,,,accurate
5501,55010.0,58162.1000289917,58185.20003128052,0,23.10000228881836,3175.2000312805176,55050.0,True,131,130,True,0,0,False,False,98,False,False,risk_lstm,8,0.891959011554718,0.4339926242828369,2.1365582942962646,0.8767425417900085,,,,,,accurate
5503,55030.0,58185.20003128052,58213.40003204346,0,28.200000762939453,3183.400032043457,55070.0,True,131,130,True,1,1,False,False,96,False,False,risk_lstm,8,0.857088565826416,0.38856184482574463,2.126887559890747,0.8893726468086243,,,,,,accurate
5512,55120.0,58213.40003204346,58242.50003051758,0,29.099998474121094,3122.500030517578,55160.0,True,128,127,True,1,1,False,False,87,False,False,risk_lstm,8,0.8509658575057983,0.363497257232666,2.0441782474517822,0.8879387974739075,,,,,,accurate
5513,55130.0,58242.50003051758,58277.6000328064,0,35.10000228881836,3147.6000328063965,55170.0,True,128,127,True,1,1,False,False,86,False,False,risk_lstm,8,0.9177301526069641,0.3863564133644104,2.1579034328460693,0.8740136027336121,,,,,,accurate
5515,55150.0,58277.6000328064,58304.6000328064,0,27.0,3154.6000328063965,55190.0,True,128,127,True,0,0,False,False,84,False,False,risk_lstm,8,0.8586491346359253,0.42209386825561523,2.107527256011963,0.8820269107818604,,,,,,accurate
5516,55160.0,58304.6000328064,58332.300033569336,0,27.700000762939453,3172.300033569336,55200.0,True,129,128,True,0,0,False,False,83,False,False,risk_lstm,8,0.9088621735572815,0.41862472891807556,2.091968297958374,0.885256826877594,,,,,,accurate
5518,55180.0,58332.300033569336,58353.300033569336,0,21.0,3173.300033569336,55220.0,True,129,128,True,0,0,False,False,81,False,False,risk_lstm,8,0.894586443901062,0.4431082010269165,2.1173362731933594,0.8773040771484375,,,,,,accurate
5519,55190.0,58353.300033569336,58372.6000289917,0,19.29999542236328,3182.600028991699,55230.0,True,130,129,True,0,0,False,False,80,False,False,risk_lstm,8,0.9416580200195312,0.3333536684513092,2.046776056289673,0.9065539836883545,,,,,,accurate
5524,55240.0,58372.6000289917,58390.90003204346,0,18.300003051757812,3150.900032043457,55280.0,True,128,127,True,0,0,False,False,75,False,False,risk_lstm,8,0.9532461166381836,0.22070907056331635,2.1131532192230225,0.9066801071166992,,,,,,accurate
5531,55310.0,58390.90003204346,58408.000034332275,0,17.10000228881836,3098.0000343322754,55350.0,True,126,125,True,0,0,False,False,68,False,False,risk_lstm,8,0.9325591325759888,0.17063112556934357,1.9853700399398804,0.9214951395988464,,,,,,accurate
5532,55320.0,58408.000034332275,58432.000034332275,0,24.0,3112.0000343322754,55360.0,True,127,126,True,0,0,False,False,67,False,False,risk_lstm,8,0.9501569867134094,0.22127865254878998,2.131932020187378,0.8760828375816345,,,,,,accurate
5534,55340.0,58432.000034332275,58462.500034332275,0,30.5,3122.5000343322754,55380.0,True,127,126,True,1,1,False,False,65,False,False,risk_lstm,8,0.9002246260643005,0.2613975405693054,2.1078035831451416,0.8960835337638855,,,,,,accurate
5539,55390.0,58462.500034332275,58484.300033569336,0,21.799999237060547,3094.300033569336,55430.0,True,126,125,True,0,0,False,False,60,False,False,risk_lstm,8,0.9337242841720581,0.19645053148269653,2.0138039588928223,0.9231154918670654,,,,,,accurate
5540,55400.0,58484.300033569336,58511.400035858154,0,27.10000228881836,3111.4000358581543,55440.0,True,126,125,True,1,1,False,False,59,False,False,risk_lstm,8,0.881192147731781,0.2623007297515869,2.1209847927093506,0.8887125849723816,,,,,,accurate
5541,55410.0,58511.400035858154,58533.300033569336,0,21.89999771118164,3123.300033569336,55450.0,True,127,126,True,0,0,False,False,58,False,False,risk_lstm,8,0.9328925609588623,0.24687081575393677,2.033531427383423,0.9008241891860962,,,,,,accurate
5542,55420.0,58533.300033569336,58554.20003128052,0,20.89999771118164,3134.2000312805176,55460.0,True,128,127,True,1,1,False,False,57,False,False,risk_lstm,8,0.9345559477806091,0.24628907442092896,2.194960117340088,0.8804411292076111,,,,,,accurate
5543,55430.0,58554.20003128052,58587.50003051758,0,33.29999923706055,3157.500030517578,55470.0,True,128,127,True,0,0,False,False,56,False,False,risk_lstm,8,0.8919054269790649,0.2788442075252533,2.1728034019470215,0.8896860480308533,,,,,,accurate
5544,55440.0,58587.50003051758,58606.6000328064,0,19.10000228881836,3166.6000328063965,55480.0,True,129,128,True,1,1,False,False,55,False,False,risk_lstm,8,0.9294715523719788,0.2845803499221802,2.0826451778411865,0.9066250324249268,,,,,,accurate
5550,55500.0,58606.6000328064,58635.6000328064,0,29.0,3135.6000328063965,55540.0,True,127,126,True,1,1,False,False,49,False,False,risk_lstm,8,0.8742180466651917,0.2859747111797333,2.1204705238342285,0.8888856768608093,,,,,,accurate
5554,55540.0,58635.6000328064,58662.70003128052,0,27.099998474121094,3122.7000312805176,55580.0,True,127,126,True,0,0,False,False,45,False,False,risk_lstm,8,0.9083269238471985,0.255369633436203,2.2352652549743652,0.8866674900054932,,,,,,accurate
5555,55550.0,58662.70003128052,58690.90002822876,0,28.199996948242188,3140.9000282287598,55590.0,True,128,127,True,0,0,False,False,44,False,False,risk_lstm,8,0.8527348041534424,0.33906474709510803,2.107468605041504,0.8928360342979431,,,,,,accurate
5556,55560.0,58690.90002822876,58726.1000328064,0,35.20000457763672,3166.1000328063965,55600.0,True,128,127,True,0,0,False,False,43,False,False,risk_lstm,8,0.9086968898773193,0.37660276889801025,2.1759891510009766,0.8803079724311829,,,,,,accurate
5558,55580.0,58726.1000328064,58754.000034332275,0,27.900001525878906,3174.0000343322754,55620.0,True,129,128,True,0,0,False,False,41,False,False,risk_lstm,8,0.9047324657440186,0.40025991201400757,2.220113515853882,0.8738315105438232,,,,,,accurate
5563,55630.0,58754.000034332275,58776.900035858154,0,22.900001525878906,3146.9000358581543,55670.0,True,128,127,True,1,1,False,False,36,False,False,risk_lstm,8,0.9201074838638306,0.36308151483535767,2.2166593074798584,0.8724290728569031,,,,,,accurate
5564,55640.0,58776.900035858154,58801.00003814697,0,24.10000228881836,3161.0000381469727,55680.0,True,128,127,True,0,0,False,False,35,False,False,risk_lstm,8,0.9029642343521118,0.3676450252532959,2.2064058780670166,0.8774497509002686,,,,,,accurate
5565,55650.0,58801.00003814697,58829.400035858154,0,28.39999771118164,3179.4000358581543,55690.0,True,129,128,True,1,1,False,False,34,False,False,risk_lstm,8,0.9035439491271973,0.4122484028339386,2.1919615268707275,0.8726259469985962,,,,,,accurate
5566,55660.0,58829.400035858154,58852.000034332275,0,22.599998474121094,3192.0000343322754,55700.0,True,129,128,True,0,0,False,False,33,False,False,risk_lstm,8,0.9228449463844299,0.39838075637817383,2.2160229682922363,0.8655876517295837,,,,,,accurate
5568,55680.0,58852.000034332275,58879.30002975464,0,27.29999542236328,3199.3000297546387,55720.0,True,130,129,True,0,0,False,False,31,False,False,risk_lstm,8,0.8569324612617493,0.3863564431667328,2.0953481197357178,0.8848797678947449,,,,,,accurate
5569,55690.0,58879.30002975464,58908.70003128052,0,29.400001525878906,3218.7000312805176,55730.0,True,130,129,True,0,0,False,False,30,False,False,risk_lstm,8,0.8567383885383606,0.4405032694339752,2.1121528148651123,0.8850724697113037,,,,,,accurate
5570,55700.0,58908.70003128052,58927.90002822876,0,19.199996948242188,3227.9000282287598,55740.0,True,131,130,True,0,0,False,False,29,False,False,risk_lstm,8,0.8751174211502075,0.44858741760253906,2.0412967205047607,0.9007965326309204,,,,,,accurate
5572,55720.0,58927.90002822876,58953.30002975464,0,25.400001525878906,3233.3000297546387,55760.0,True,131,130,True,0,0,False,False,27,False,False,risk_lstm,8,0.8620381355285645,0.40118008852005005,2.133091688156128,0.8818970322608948,,,,,,accurate
5577,55770.0,58953.30002975464,58969.40002822876,0,16.099998474121094,3199.4000282287598,55810.0,True,130,129,True,0,0,False,False,22,False,False,risk_lstm,8,0.8924912214279175,0.17253583669662476,1.9463622570037842,0.9174677133560181,,,,,,accurate
5578,55780.0,58969.40002822876,58991.20002746582,0,21.799999237060547,3211.2000274658203,55820.0,True,131,130,True,1,1,False,False,21,False,False,risk_lstm,8,0.926460325717926,0.27047261595726013,2.0787084102630615,0.8942158818244934,,,,,,accurate
5579,55790.0,58991.20002746582,59017.70002746582,0,26.5,3227.7000274658203,55830.0,True,131,130,True,1,1,False,False,20,False,False,risk_lstm,8,0.9476993083953857,0.26310157775878906,2.2171952724456787,0.87241131067276,,,,,,accurate
5584,55840.0,59017.70002746582,59045.80002593994,0,28.099998474121094,3205.8000259399414,55880.0,True,130,129,True,1,1,False,False,15,False,False,risk_lstm,8,0.9280298948287964,0.28220951557159424,2.2116854190826416,0.8821947574615479,,,,,,accurate
5585,55850.0,59045.80002593994,59087.20002365112,0,41.39999771118164,3237.200023651123,55890.0,True,130,129,True,1,1,False,False,14,False,False,risk_lstm,8,0.8864525556564331,0.2737124562263489,2.146754503250122,0.8923444747924805,,,,,,accurate
5586,55860.0,59087.20002365112,59107.100021362305,0,19.89999771118164,3247.1000213623047,55900.0,True,131,130,True,0,0,False,False,13,False,False,risk_lstm,8,0.8958081007003784,0.3812749683856964,2.000643253326416,0.9089168310165405,,,,,,accurate
5587,55870.0,59107.100021362305,59129.500019073486,0,22.39999771118164,3259.5000190734863,55910.0,True,131,130,True,1,1,False,False,12,False,False,risk_lstm,8,0.9345155954360962,0.30571091175079346,2.2016680240631104,0.8749564290046692,,,,,,accurate
5590,55900.0,59129.500019073486,59152.60001754761,0,23.099998474121094,3252.6000175476074,55940.0,True,131,130,True,0,0,False,False,9,False,False,risk_lstm,8,0.925485372543335,0.33259811997413635,2.210327386856079,0.8762578964233398,,,,,,accurate
5591,55910.0,59152.60001754761,59182.100021362305,0,29.500003814697266,3272.1000213623047,55950.0,True,131,130,True,1,1,False,False,8,False,False,risk_lstm,8,0.8463215231895447,0.3803812563419342,2.0403783321380615,0.8878495097160339,,,,,,accurate
5595,55950.0,59182.100021362305,59200.400020599365,0,18.299999237060547,3250.4000205993652,55990.0,True,131,130,True,0,0,False,False,4,False,False,risk_lstm,8,0.920447826385498,0.37190213799476624,2.0839614868164062,0.8923464417457581,,,,,,accurate
5597,55970.0,59200.400020599365,59223.400020599365,0,23.0,3253.4000205993652,56010.0,True,131,130,True,0,0,False,False,2,True,False,risk_lstm,8,0.9001650214195251,0.3647420406341553,2.1942250728607178,0.8760557770729065,,,,,,accurate
5603,56030.0,59223.400020599365,59242.700019836426,0,19.299999237060547,3212.700019836426,56070.0,True,130,129,True,0,0,False,False,96,False,False,risk_lstm,8,0.909393846988678,0.3699321150779724,2.066563844680786,0.8989582061767578,,,,,,accurate
5606,56060.0,59242.700019836426,59266.300022125244,0,23.60000228881836,3206.300022125244,56100.0,True,129,128,True,0,0,False,False,93,False,False,risk_lstm,8,0.9258511066436768,0.3509629964828491,2.2251338958740234,0.8665083050727844,,,,,,accurate
5607,56070.0,59266.300022125244,59289.20002365112,0,22.900001525878906,3219.200023651123,56110.0,True,130,129,True,1,1,False,False,92,False,False,risk_lstm,8,0.9291472434997559,0.3548497259616852,2.020759344100952,0.9029801487922668,,,,,,accurate
5608,56080.0,59289.20002365112,59312.00002288818,0,22.799999237060547,3232.0000228881836,56120.0,True,130,129,True,0,0,False,False,91,False,False,risk_lstm,8,0.9167391657829285,0.36677074432373047,2.1266887187957764,0.8776565790176392,,,,,,accurate
5611,56110.0,59312.00002288818,59352.100025177,0,40.10000228881836,3242.100025177002,56150.0,True,130,129,True,1,1,False,False,88,False,False,risk_lstm,8,0.9377995729446411,0.2979377508163452,2.1145243644714355,0.8788736462593079,,,,,,accurate
5614,56140.0,59352.100025177,59384.00002670288,0,31.900001525878906,3244.000026702881,56180.0,True,130,129,True,0,0,False,False,85,False,False,risk_lstm,8,0.8684493899345398,0.3528091013431549,2.0409746170043945,0.8843141198158264,,,,,,accurate
5616,56160.0,59384.00002670288,59408.20002746582,0,24.200000762939453,3248.2000274658203,56200.0,True,130,129,True,1,1,False,False,83,False,False,risk_lstm,8,0.9111701846122742,0.35098955035209656,2.1363251209259033,0.881371259689331,,,,,,accurate
5617,56170.0,59408.20002746582,59436.30002975464,0,28.10000228881836,3266.3000297546387,56210.0,True,131,130,True,1,1,False,False,82,False,False,risk_lstm,8,0.9151021838188171,0.3708318769931793,2.1673038005828857,0.8739956021308899,,,,,,accurate
5618,56180.0,59436.30002975464,59509.900035858154,0,73.60000610351562,3329.9000358581543,56220.0,True,132,131,True,0,0,False,False,81,False,False,risk_lstm,8,0.9111976027488708,0.3544444739818573,2.214198350906372,0.8710129261016846,,,,,,accurate
5619,56190.0,59509.900035858154,59561.700035095215,0,51.79999923706055,3371.700035095215,56230.0,True,132,131,True,0,0,False,False,80,False,False,risk_lstm,8,0.8980543613433838,0.40932774543762207,2.163316011428833,0.878627598285675,,,,,,accurate
5620,56200.0,59561.700035095215,59597.500034332275,0,35.79999923706055,3397.5000343322754,56240.0,True,133,132,True,0,0,False,False,79,False,False,risk_lstm,8,0.9018224477767944,0.4167376160621643,2.1869754791259766,0.8697501420974731,,,,,,accurate
5625,56250.0,59597.500034332275,59627.800033569336,0,30.299999237060547,3377.800033569336,56290.0,True,133,132,True,0,0,False,False,74,False,False,risk_lstm,8,0.841678261756897,0.39071130752563477,2.0640158653259277,0.8875244855880737,,,,,,accurate
5634,56340.0,59627.800033569336,59656.800033569336,0,29.0,3316.800033569336,56380.0,True,130,129,True,0,0,False,False,65,False,False,risk_lstm,8,0.9368921518325806,0.4153590202331543,2.1656367778778076,0.8660215735435486,,,,,,accurate
5635,56350.0,59656.800033569336,59675.000034332275,0,18.200000762939453,3325.0000343322754,56390.0,True,131,130,True,0,0,False,False,64,False,False,risk_lstm,8,0.9183496832847595,0.3836416006088257,1.9759290218353271,0.9069721698760986,,,,,,accurate
5636,56360.0,59675.000034332275,59700.1000328064,0,25.099998474121094,3340.1000328063965,56400.0,True,132,131,True,0,0,False,False,63,False,False,risk_lstm,8,0.9096759557723999,0.3944970369338989,2.0170559883117676,0.8963262438774109,,,,,,accurate
5638,56380.0,59700.1000328064,59720.100036621094,0,20.000003814697266,3340.1000366210938,56420.0,True,132,131,True,0,0,False,False,61,False,False,risk_lstm,8,0.9352829456329346,0.3532191216945648,1.9985830783843994,0.9103877544403076,,,,,,accurate
5639,56390.0,59720.100036621094,59744.20003890991,0,24.10000228881836,3354.200038909912,56430.0,True,133,132,True,1,1,False,False,60,False,False,risk_lstm,8,0.9252104163169861,0.31511735916137695,2.1289093494415283,0.8721891641616821,,,,,,accurate
5642,56420.0,59744.20003890991,59786.70003890991,0,42.5,3366.700038909912,56460.0,True,132,131,True,1,1,False,False,57,False,False,risk_lstm,8,0.9305548667907715,0.32224947214126587,2.0571160316467285,0.8895232677459717,,,,,,accurate
5643,56430.0,59786.70003890991,59828.50004196167,0,41.80000305175781,3398.50004196167,56470.0,True,133,132,True,0,0,False,False,56,False,False,risk_lstm,8,0.8721065521240234,0.35825344920158386,1.8965063095092773,0.8812745809555054,,,,,,accurate
5644,56440.0,59828.50004196167,59859.10004425049,0,30.60000228881836,3419.1000442504883,56480.0,True,133,132,True,1,1,False,False,55,False,False,risk_lstm,8,0.916763186454773,0.18232066929340363,1.9658582210540771,0.9234509468078613,,,,,,accurate
5648,56480.0,59859.10004425049,59889.20004272461,0,30.099998474121094,3409.2000427246094,56520.0,True,133,132,True,1,1,False,False,51,False,False,risk_lstm,8,0.9387331008911133,0.2339370995759964,2.139711618423462,0.8866780996322632,,,,,,accurate
5649,56490.0,59889.20004272461,59917.30004501343,0,28.10000228881836,3427.3000450134277,56530.0,True,134,133,True,1,1,False,False,50,False,False,risk_lstm,8,0.9455283880233765,0.2407577931880951,2.204314947128296,0.877135694026947,,,,,,accurate
5651,56510.0,59917.30004501343,59944.70004272461,0,27.39999771118164,3434.7000427246094,56550.0,True,134,133,True,1,1,False,False,48,False,False,risk_lstm,8,0.9145460724830627,0.26622137427330017,2.2208774089813232,0.8891999125480652,,,,,,accurate
5658,56580.0,59944.70004272461,59971.10004043579,0,26.39999771118164,3391.100040435791,56620.0,True,132,131,True,0,0,False,False,41,False,False,risk_lstm,8,0.9469552636146545,0.3179329037666321,2.2449328899383545,0.8713407516479492,,,,,,accurate
5659,56590.0,59971.10004043579,60001.60004043579,0,30.5,3411.600040435791,56630.0,True,133,132,True,0,0,False,False,40,False,False,risk_lstm,8,0.9301928281784058,0.2988145053386688,2.233029365539551,0.8744598627090454,,,,,,accurate
5660,56600.0,60001.60004043579,60034.60004043579,0,33.0,3434.600040435791,56640.0,True,134,133,True,1,1,False,False,39,False,False,risk_lstm,8,0.8668306469917297,0.33393505215644836,2.1104629039764404,0.8927296996116638,,,,,,accurate
5661,56610.0,60034.60004043579,60079.20003890991,0,44.599998474121094,3469.200038909912,56650.0,True,134,133,True,0,0,False,False,38,False,False,risk_lstm,8,0.9316363334655762,0.3158586621284485,2.2567875385284424,0.8722921013832092,,,,,,accurate
5662,56620.0,60079.20003890991,60103.90003967285,0,24.700000762939453,3483.9000396728516,56660.0,True,135,134,True,0,0,False,False,37,False,False,risk_lstm,8,0.8869087100028992,0.41401222348213196,2.176527261734009,0.8754598498344421,,,,,,accurate
5663,56630.0,60103.90003967285,60127.400035858154,0,23.499996185302734,3497.4000358581543,56670.0,True,136,135,True,1,1,False,False,36,False,False,risk_lstm,8,0.9054840803146362,0.392001211643219,2.1954944133758545,0.8711360692977905,,,,,,accurate
5665,56650.0,60127.400035858154,60152.100036621094,0,24.700000762939453,3502.1000366210938,56690.0,True,136,135,True,1,1,False,False,34,False,False,risk_lstm,8,0.8939047455787659,0.40462374687194824,2.194429397583008,0.8741956949234009,,,,,,accurate
5666,56660.0,60152.100036621094,60173.20003890991,0,21.10000228881836,3513.200038909912,56700.0,True,136,135,True,0,0,False,False,33,False,False,risk_lstm,8,0.8891617655754089,0.44665661454200745,2.162501096725464,0.8748649954795837,,,,,,accurate
5667,56670.0,60173.20003890991,60192.10004043579,0,18.900001525878906,3522.100040435791,56710.0,True,137,136,True,1,1,False,False,32,False,False,risk_lstm,8,0.9406979084014893,0.35713961720466614,2.1008412837982178,0.8958357572555542,,,,,,accurate
5668,56680.0,60192.10004043579,60216.80003738403,0,24.699996948242188,3536.800037384033,56720.0,True,137,136,True,0,0,False,False,31,False,False,risk_lstm,8,0.9145761728286743,0.38002872467041016,2.1457345485687256,0.8809657692909241,,,,,,accurate
5672,56720.0,60216.80003738403,60244.20003890991,0,27.400001525878906,3524.200038909912,56760.0,True,137,136,True,0,0,False,False,27,False,False,risk_lstm,8,0.8908416032791138,0.3791080415248871,2.1838772296905518,0.8782181739807129,,,,,,accurate
5673,56730.0,60244.20003890991,60284.40003967285,0,40.20000076293945,3554.4000396728516,56770.0,True,138,137,True,1,1,False,False,26,False,False,risk_lstm,8,0.8439320921897888,0.3564666211605072,1.975728988647461,0.8870318531990051,,,,,,accurate
5676,56760.0,60284.40003967285,60303.00004196167,0,18.60000228881836,3543.00004196167,56800.0,True,138,137,True,1,1,False,False,23,False,False,risk_lstm,8,0.9214780330657959,0.3539091944694519,1.9571232795715332,0.9179665446281433,,,,,,accurate
5677,56770.0,60303.00004196167,60326.20004653931,0,23.20000457763672,3556.2000465393066,56810.0,True,139,138,True,1,1,False,False,22,False,False,risk_lstm,8,0.9201280474662781,0.28036394715309143,2.161250591278076,0.8791616559028625,,,,,,accurate
5680,56800.0,60326.20004653931,60352.20004653931,0,26.0,3552.2000465393066,56840.0,True,138,137,True,1,1,False,False,19,False,False,risk_lstm,8,0.9404505491256714,0.299068808555603,2.1529061794281006,0.872996985912323,,,,,,accurate
5682,56820.0,60352.20004653931,60374.20004653931,0,22.0,3554.2000465393066,56860.0,True,139,138,True,0,0,False,False,17,False,False,risk_lstm,8,0.9125926494598389,0.3255477547645569,2.0841994285583496,0.8936335444450378,,,,,,accurate
5683,56830.0,60374.20004653931,60396.900047302246,0,22.700000762939453,3566.900047302246,56870.0,True,139,138,True,1,1,False,False,16,False,False,risk_lstm,8,0.9361768364906311,0.3191196024417877,2.194336175918579,0.868302047252655,,,,,,accurate
5684,56840.0,60396.900047302246,60417.60004425049,0,20.699996948242188,3577.6000442504883,56880.0,True,140,139,True,0,0,False,False,15,False,False,risk_lstm,8,0.9450085163116455,0.3108660876750946,2.103286027908325,0.8866569399833679,,,,,,accurate
5685,56850.0,60417.60004425049,60438.60004425049,0,21.0,3588.6000442504883,56890.0,True,140,139,True,0,0,False,False,14,False,False,risk_lstm,8,0.9299163222312927,0.34648194909095764,2.096203088760376,0.8818199038505554,,,,,,accurate
5689,56890.0,60438.60004425049,60466.10004425049,0,27.5,3576.1000442504883,56930.0,True,139,138,True,0,0,False,False,10,False,False,risk_lstm,8,0.9192171096801758,0.3558083772659302,2.1725897789001465,0.8714823126792908,,,,,,accurate
5697,56970.0,60466.10004425049,60485.80004501343,0,19.700000762939453,3515.8000450134277,57010.0,True,137,136,True,0,0,False,False,2,True,False,risk_lstm,8,0.9431507587432861,0.3431355953216553,2.072578191757202,0.8973584175109863,,,,,,accurate
5699,56990.0,60485.80004501343,60523.400047302246,0,37.60000228881836,3533.400047302246,57030.0,True,138,137,True,1,1,False,True,0,True,False,risk_lstm,8,0.8843310475349426,0.39883047342300415,2.107076406478882,0.8826671242713928,,,,,,accurate
5700,57000.0,60523.400047302246,60545.50004577637,0,22.099998474121094,3545.500045776367,57040.0,True,138,137,True,0,0,False,False,99,False,False,risk_lstm,8,0.9144222736358643,0.392328679561615,2.104904890060425,0.8820709586143494,,,,,,accurate
5702,57020.0,60545.50004577637,60579.20004272461,0,33.69999694824219,3559.2000427246094,57060.0,True,138,137,True,0,0,False,False,97,False,False,risk_lstm,8,0.8582119345664978,0.38003209233283997,2.048861503601074,0.8907204270362854,,,,,,accurate
5703,57030.0,60579.20004272461,60609.00004577637,0,29.800003051757812,3579.000045776367,57070.0,True,139,138,True,0,0,False,False,96,False,False,risk_lstm,8,0.8727537393569946,0.32290831208229065,2.190577745437622,0.8881024122238159,,,,,,accurate
5704,57040.0,60609.00004577637,60632.600048065186,0,23.60000228881836,3592.6000480651855,57080.0,True,139,138,True,0,0,False,False,95,False,False,risk_lstm,8,0.9093122482299805,0.3811019957065582,2.046898126602173,0.8996297121047974,,,,,,accurate
5708,57080.0,60632.600048065186,60654.20004272461,0,21.599994659423828,3574.2000427246094,57120.0,True,139,138,True,0,0,False,False,91,False,False,risk_lstm,8,0.916118860244751,0.3517757058143616,2.1307365894317627,0.8885074853897095,,,,,,accurate
5709,57090.0,60654.20004272461,60671.40004348755,0,17.200000762939453,3581.400043487549,57130.0,True,139,138,True,0,0,False,False,90,False,False,risk_lstm,8,0.9397004246711731,0.22822639346122742,2.060565710067749,0.9193801879882812,,,,,,accurate
5710,57100.0,60671.40004348755,60687.10004425049,0,15.700000762939453,3587.1000442504883,57140.0,True,140,139,True,0,0,False,False,89,False,False,risk_lstm,8,0.8325443863868713,0.14329794049263,1.9403388500213623,0.9276844263076782,,,,,,accurate
5714,57140.0,60687.10004425049,60710.60004043579,0,23.499996185302734,3570.600040435791,57180.0,True,139,138,True,0,0,False,False,85,False,False,risk_lstm,8,0.9577742218971252,0.18643034994602203,2.0887718200683594,0.895532488822937,,,,,,accurate
5716,57160.0,60710.60004043579,60747.80004119873,0,37.20000076293945,3587.8000411987305,57200.0,True,139,138,True,0,0,False,False,83,False,False,risk_lstm,8,0.9486297965049744,0.20454815030097961,2.1493823528289795,0.8689917922019958,,,,,,accurate
5719,57190.0,60747.80004119873,60785.90003967285,0,38.099998474121094,3595.9000396728516,57230.0,True,140,139,True,1,1,False,False,80,False,False,risk_lstm,8,0.9355281591415405,0.2177303582429886,2.196143627166748,0.8794196248054504,,,,,,accurate
5720,57200.0,60785.90003967285,60807.70003890991,0,21.799999237060547,3607.700038909912,57240.0,True,140,139,True,1,1,False,False,79,False,False,risk_lstm,8,0.9488951563835144,0.18984012305736542,2.129565715789795,0.8944219350814819,,,,,,accurate
5721,57210.0,60807.70003890991,60829.300033569336,0,21.599994659423828,3619.300033569336,57250.0,True,140,139,True,0,0,False,False,78,False,False,risk_lstm,8,0.9357467889785767,0.25911805033683777,2.161970376968384,0.8817301392555237,,,,,,accurate
5722,57220.0,60829.300033569336,60846.50003051758,0,17.199996948242188,3626.500030517578,57260.0,True,141,140,True,0,0,False,False,77,False,False,risk_lstm,8,0.9356057047843933,0.19740517437458038,1.9356757402420044,0.9240591526031494,,,,,,accurate
5725,57250.0,60846.50003051758,60872.50003051758,0,26.0,3622.500030517578,57290.0,True,141,140,True,1,1,False,False,74,False,False,risk_lstm,8,0.8914042711257935,0.26226934790611267,2.1251349449157715,0.8878324031829834,,,,,,accurate
5727,57270.0,60872.50003051758,60900.00003051758,0,27.5,3630.000030517578,57310.0,True,141,140,True,1,1,False,False,72,False,False,risk_lstm,8,0.9009643793106079,0.2619459927082062,2.1503102779388428,0.8923327922821045,,,,,,accurate
5728,57280.0,60900.00003051758,60919.6000289917,0,19.599998474121094,3639.600028991699,57320.0,True,142,141,True,0,0,False,False,71,False,False,risk_lstm,8,0.9332094788551331,0.24891893565654755,2.0087530612945557,0.9234093427658081,,,,,,accurate
5732,57320.0,60919.6000289917,60961.00003051758,0,41.400001525878906,3641.000030517578,57360.0,True,141,140,True,0,0,False,False,67,False,False,risk_lstm,8,0.9442080855369568,0.2414703071117401,2.2302281856536865,0.8761120438575745,,,,,,accurate
5733,57330.0,60961.00003051758,60987.70003128052,0,26.700000762939453,3657.7000312805176,57370.0,True,142,141,True,0,0,False,False,66,False,False,risk_lstm,8,0.9442257285118103,0.285488098859787,2.1837542057037354,0.8811302781105042,,,,,,accurate
5734,57340.0,60987.70003128052,61007.500034332275,0,19.800003051757812,3667.5000343322754,57380.0,True,142,141,True,0,0,False,False,65,False,False,risk_lstm,8,0.9325904250144958,0.2571735084056854,2.056576728820801,0.9003931283950806,,,,,,accurate
5736,57360.0,61007.500034332275,61034.50003814697,0,27.000003814697266,3674.5000381469727,57400.0,True,142,141,True,1,1,False,False,63,False,False,risk_lstm,8,0.9438316822052002,0.24673029780387878,2.234311819076538,0.8730825781822205,,,,,,accurate
5737,57370.0,61034.50003814697,61055.50003814697,0,21.0,3685.5000381469727,57410.0,True,143,142,True,0,0,False,False,62,False,False,risk_lstm,8,0.9011363387107849,0.3696858882904053,2.104215145111084,0.8904100060462952,,,,,,accurate
5738,57380.0,61055.50003814697,61072.600036621094,0,17.099998474121094,3692.6000366210938,57420.0,True,143,142,True,1,1,False,False,61,False,False,risk_lstm,8,0.9346769452095032,0.18636232614517212,1.9531543254852295,0.9203574657440186,,,,,,accurate
5739,57390.0,61072.600036621094,61093.500034332275,0,20.89999771118164,3703.5000343322754,57430.0,True,144,143,True,0,0,False,False,60,False,False,risk_lstm,8,0.9464156627655029,0.221260204911232,2.136582612991333,0.8803051114082336,,,,,,accurate
5743,57430.0,61093.500034332275,61119.900035858154,0,26.400001525878906,3689.9000358581543,57470.0,True,143,142,True,1,1,False,False,56,False,False,risk_lstm,8,0.9177660346031189,0.30988839268684387,2.1755285263061523,0.8802593946456909,,,,,,accurate
5744,57440.0,61119.900035858154,61140.80003738403,0,20.900001525878906,3700.800037384033,57480.0,True,144,143,True,1,1,False,False,55,False,False,risk_lstm,8,0.9253116250038147,0.3469826579093933,2.0904719829559326,0.8819314241409302,,,,,,accurate
5745,57450.0,61140.80003738403,61162.30003738403,0,21.5,3712.300037384033,57490.0,True,144,143,True,1,1,False,False,54,False,False,risk_lstm,8,0.9357527494430542,0.29306522011756897,2.186481475830078,0.8703058958053589,,,,,,accurate
5754,57540.0,61162.30003738403,61198.10004043579,0,35.80000305175781,3658.100040435791,57580.0,True,142,141,True,1,1,False,False,45,False,False,risk_lstm,8,0.9087029099464417,0.36614367365837097,2.1638729572296143,0.8764119148254395,,,,,,accurate
5756,57560.0,61198.10004043579,61249.20004272461,0,51.10000228881836,3689.2000427246094,57600.0,True,142,141,True,0,0,False,False,43,False,False,risk_lstm,8,0.9184135794639587,0.3762279748916626,2.157245397567749,0.8720259666442871,,,,,,accurate
5759,57590.0,61249.20004272461,61279.70004272461,0,30.5,3689.7000427246094,57630.0,True,142,141,True,0,0,False,False,40,False,False,risk_lstm,8,0.8496714234352112,0.21693433821201324,1.99945068359375,0.9383500218391418,,,,,,accurate
5761,57610.0,61279.70004272461,61335.60004043579,0,55.89999771118164,3725.600040435791,57650.0,True,142,141,True,1,1,False,False,38,False,False,risk_lstm,8,0.8597095012664795,0.3751467764377594,1.9602329730987549,0.8949359655380249,,,,,,accurate
5773,57730.0,61335.60004043579,61372.00003814697,0,36.39999771118164,3642.0000381469727,57770.0,True,137,136,True,0,0,False,False,26,False,False,risk_lstm,8,0.9282135367393494,0.33007410168647766,2.256559133529663,0.8812360763549805,,,,,,accurate
5776,57760.0,61372.00003814697,61391.90004348755,0,19.900005340576172,3631.900043487549,57800.0,True,137,136,True,0,0,False,False,23,False,False,risk_lstm,8,0.9337691068649292,0.384623646736145,2.0581841468811035,0.8919886350631714,,,,,,accurate
5777,57770.0,61391.90004348755,61425.50004196167,0,33.599998474121094,3655.50004196167,57810.0,True,137,136,True,0,0,False,False,22,False,False,risk_lstm,8,0.9122909307479858,0.3716738522052765,2.1947622299194336,0.876197338104248,,,,,,accurate
5780,57800.0,61425.50004196167,61447.70003890991,0,22.199996948242188,3647.700038909912,57840.0,True,138,137,True,0,0,False,False,19,False,False,risk_lstm,8,0.9128664135932922,0.3524289131164551,2.195919990539551,0.8746568560600281,,,,,,accurate
5781,57810.0,61447.70003890991,61483.90003967285,0,36.20000076293945,3673.9000396728516,57850.0,True,139,138,True,0,0,False,False,18,False,False,risk_lstm,8,0.852164089679718,0.3454369902610779,1.9922130107879639,0.8895937204360962,,,,,,accurate
5783,57830.0,61483.90003967285,61502.40003967285,0,18.5,3672.4000396728516,57870.0,True,139,138,True,0,0,False,False,16,False,False,risk_lstm,8,0.9419324398040771,0.2874390780925751,2.1300227642059326,0.8931362628936768,,,,,,accurate
5784,57840.0,61502.40003967285,61528.00003814697,0,25.599998474121094,3688.0000381469727,57880.0,True,139,138,True,0,0,False,False,15,False,False,risk_lstm,8,0.8915601372718811,0.4201114773750305,2.1579086780548096,0.8765374422073364,,,,,,accurate
5787,57870.0,61528.00003814697,61545.30004119873,0,17.300003051757812,3675.3000411987305,57910.0,True,139,138,True,0,0,False,False,12,False,False,risk_lstm,8,0.9238529801368713,0.30760225653648376,1.9091132879257202,0.918427050113678,,,,,,accurate
5788,57880.0,61545.30004119873,61560.50004196167,0,15.200000762939453,3680.50004196167,57920.0,True,140,139,True,1,1,False,False,11,False,False,risk_lstm,8,0.6325617432594299,0.14664220809936523,1.9822510480880737,0.9417442083358765,,,,,,accurate
5795,57950.0,61560.50004196167,61582.00004196167,0,21.5,3632.00004196167,57990.0,True,137,136,True,1,1,False,False,4,False,False,risk_lstm,8,0.9453088045120239,0.23067152500152588,2.1410303115844727,0.883931040763855,,,,,,accurate
5803,58030.0,61582.00004196167,61602.60004425049,0,20.60000228881836,3572.6000442504883,58070.0,True,134,133,True,0,0,False,False,96,False,False,risk_lstm,8,0.9236880540847778,0.2817842364311218,2.0553715229034424,0.8927528858184814,,,,,,accurate
5806,58060.0,61602.60004425049,61620.10004043579,0,17.499996185302734,3560.100040435791,58100.0,True,134,133,True,0,0,False,False,93,False,False,risk_lstm,8,0.9575141072273254,0.194561168551445,2.065772294998169,0.9192402958869934,,,,,,accurate
5807,58070.0,61620.10004043579,61657.60004043579,0,37.5,3587.600040435791,58110.0,True,135,134,True,0,0,False,False,92,False,False,risk_lstm,8,0.9384937286376953,0.2374572902917862,2.128174304962158,0.8714095950126648,,,,,,accurate
5808,58080.0,61657.60004043579,61686.30004119873,0,28.700000762939453,3606.3000411987305,58120.0,True,135,134,True,0,0,False,False,91,False,False,risk_lstm,8,0.9354943633079529,0.27648475766181946,2.136307954788208,0.8874528408050537,,,,,,accurate
5810,58100.0,61686.30004119873,61715.10004425049,0,28.800003051757812,3615.1000442504883,58140.0,True,135,134,True,0,0,False,False,89,False,False,risk_lstm,8,0.939767599105835,0.24718829989433289,2.1984739303588867,0.8773562908172607,,,,,,accurate
5812,58120.0,61715.10004425049,61732.80004119873,0,17.699996948242188,3612.8000411987305,58160.0,True,135,134,True,0,0,False,False,87,False,False,risk_lstm,8,0.9378709197044373,0.2079736292362213,2.001671075820923,0.9281719923019409,,,,,,accurate
5813,58130.0,61732.80004119873,61758.40003967285,0,25.599998474121094,3628.4000396728516,58170.0,True,136,135,True,0,0,False,False,86,False,False,risk_lstm,8,0.9276790022850037,0.27745047211647034,2.211305856704712,0.8820220828056335,,,,,,accurate
5814,58140.0,61758.40003967285,61779.00004196167,0,20.60000228881836,3639.00004196167,58180.0,True,136,135,True,0,0,False,False,85,False,False,risk_lstm,8,0.9364594221115112,0.2942100167274475,2.127189874649048,0.8848182559013367,,,,,,accurate
5817,58170.0,61779.00004196167,61804.80004501343,0,25.800003051757812,3634.8000450134277,58210.0,True,136,135,True,0,0,False,False,82,False,False,risk_lstm,8,0.9093168377876282,0.2898027300834656,2.2072622776031494,0.8846611380577087,,,,,,accurate
5818,58180.0,61804.80004501343,61822.00004577637,0,17.200000762939453,3642.000045776367,58220.0,True,137,136,True,0,0,False,False,81,False,False,risk_lstm,8,0.9282317161560059,0.25562742352485657,2.020474672317505,0.9286128878593445,,,,,,accurate
5819,58190.0,61822.00004577637,61851.800048828125,0,29.800003051757812,3661.800048828125,58230.0,True,137,136,True,0,0,False,False,80,False,False,risk_lstm,8,0.9268631935119629,0.2599804401397705,2.2214314937591553,0.8806350231170654,,,,,,accurate
5821,58210.0,61851.800048828125,61877.100048065186,0,25.299999237060547,3667.1000480651855,58250.0,True,138,137,True,0,0,False,False,78,False,False,risk_lstm,8,0.9335165619850159,0.27518123388290405,2.2354650497436523,0.8777393102645874,,,,,,accurate
5827,58270.0,61877.100048065186,61897.30004501343,0,20.199996948242188,3627.3000450134277,58310.0,True,137,136,True,0,0,False,False,72,False,False,risk_lstm,8,0.9218567609786987,0.3206894099712372,2.10501766204834,0.8920423984527588,,,,,,accurate
5828,58280.0,61897.30004501343,61915.40004348755,0,18.099998474121094,3635.400043487549,58320.0,True,137,136,True,0,0,False,False,71,False,False,risk_lstm,8,0.9304584860801697,0.16888542473316193,2.051168441772461,0.9212914109230042,,,,,,accurate
5829,58290.0,61915.40004348755,61939.20004272461,0,23.799999237060547,3649.2000427246094,58330.0,True,138,137,True,1,1,False,False,70,False,False,risk_lstm,8,0.9541306495666504,0.2734144926071167,2.1442999839782715,0.8825859427452087,,,,,,accurate
5830,58300.0,61939.20004272461,61969.70004272461,0,30.5,3669.7000427246094,58340.0,True,139,138,True,0,0,False,False,69,False,False,risk_lstm,8,0.8801871538162231,0.31737521290779114,2.1030006408691406,0.8903212547302246,,,,,,accurate
5832,58320.0,61969.70004272461,61991.80004119873,0,22.099998474121094,3671.8000411987305,58360.0,True,139,138,True,0,0,False,False,67,False,False,risk_lstm,8,0.9116999506950378,0.3109457194805145,1.948994517326355,0.9182872176170349,,,,,,accurate
5835,58350.0,61991.80004119873,62015.50004577637,0,23.70000457763672,3665.500045776367,58390.0,True,139,138,True,0,0,False,False,64,False,False,risk_lstm,8,0.9092364311218262,0.3147972524166107,2.1743228435516357,0.8859624862670898,,,,,,accurate
5836,58360.0,62015.50004577637,62035.70004653931,0,20.200000762939453,3675.7000465393066,58400.0,True,139,138,True,0,0,False,False,63,False,False,risk_lstm,8,0.9481979608535767,0.2517475187778473,2.0996055603027344,0.898888111114502,,,,,,accurate
5837,58370.0,62035.70004653931,62065.30004501343,0,29.599998474121094,3695.3000450134277,58410.0,True,140,139,True,1,1,False,False,62,False,False,risk_lstm,8,0.8893088102340698,0.29126906394958496,2.168313503265381,0.8836457133293152,,,,,,accurate
5839,58390.0,62065.30004501343,62099.70004272461,0,34.39999771118164,3709.7000427246094,58430.0,True,140,139,True,0,0,False,False,60,False,False,risk_lstm,8,0.8705715537071228,0.27581679821014404,2.1210601329803467,0.8901136517524719,,,,,,accurate
5840,58400.0,62099.70004272461,62117.00004196167,0,17.299999237060547,3717.00004196167,58440.0,True,140,139,True,0,0,False,False,59,False,False,risk_lstm,8,0.8201624751091003,0.2709132134914398,1.981858253479004,0.9466635584831238,,,,,,accurate
5842,58420.0,62117.00004196167,62141.90004348755,0,24.900001525878906,3721.900043487549,58460.0,True,140,139,True,0,0,False,False,57,False,False,risk_lstm,8,0.9380508661270142,0.23369023203849792,2.2517499923706055,0.8852454423904419,,,,,,accurate
5843,58430.0,62141.90004348755,62163.30004501343,0,21.400001525878906,3733.3000450134277,58470.0,True,141,140,True,0,0,False,False,56,False,False,risk_lstm,8,0.9207830429077148,0.2792719602584839,2.1670925617218018,0.8916141986846924,,,,,,accurate
5844,58440.0,62163.30004501343,62186.10004425049,0,22.799999237060547,3746.1000442504883,58480.0,True,141,140,True,0,0,False,False,55,False,False,risk_lstm,8,0.9319625496864319,0.2982321083545685,2.2190744876861572,0.8798721432685852,,,,,,accurate
5846,58460.0,62186.10004425049,62211.20004272461,0,25.099998474121094,3751.2000427246094,58500.0,True,142,141,True,0,0,False,False,53,False,False,risk_lstm,8,0.8948955535888672,0.2894916534423828,2.20230770111084,0.8894679546356201,,,,,,accurate
5852,58520.0,62211.20004272461,62234.10004043579,0,22.89999771118164,3714.100040435791,58560.0,True,140,139,True,0,0,False,False,47,False,False,risk_lstm,8,0.8922629356384277,0.37414097785949707,2.149902105331421,0.8895800113677979,,,,,,accurate
5855,58550.0,62234.10004043579,62254.90004348755,0,20.800003051757812,3704.900043487549,58590.0,True,140,139,True,1,1,False,False,44,False,False,risk_lstm,8,0.9351997375488281,0.2933013141155243,2.078317165374756,0.9010665416717529,,,,,,accurate
5861,58610.0,62254.90004348755,62277.20004272461,0,22.299999237060547,3667.2000427246094,58650.0,True,138,137,True,1,1,False,False,38,False,False,risk_lstm,8,0.9237870573997498,0.36535951495170593,2.1052908897399902,0.8844395875930786,,,,,,accurate
5863,58630.0,62277.20004272461,62302.90004348755,0,25.700000762939453,3672.900043487549,58670.0,True,139,138,True,1,1,False,False,36,False,False,risk_lstm,8,0.8985891342163086,0.40757665038108826,2.091334581375122,0.8759641647338867,,,,,,accurate
5868,58680.0,62302.90004348755,62322.70004653931,0,19.800003051757812,3642.7000465393066,58720.0,True,138,137,True,0,0,False,False,31,False,False,risk_lstm,8,0.9295521974563599,0.3266579508781433,2.038069248199463,0.8967694044113159,,,,,,accurate
5870,58700.0,62322.70004653931,62349.70004653931,0,27.0,3649.7000465393066,58740.0,True,138,137,True,1,1,False,False,29,False,False,risk_lstm,8,0.9242055416107178,0.3693992793560028,2.1150991916656494,0.8635729551315308,,,,,,accurate
5871,58710.0,62349.70004653931,62369.20004272461,0,19.499996185302734,3659.2000427246094,58750.0,True,139,138,True,0,0,False,False,28,False,False,risk_lstm,8,0.9119016528129578,0.36219242215156555,2.037205696105957,0.8966932892799377,,,,,,accurate
5874,58740.0,62369.20004272461,62388.90004348755,0,19.700000762939453,3648.900043487549,58780.0,True,139,138,True,1,1,False,False,25,False,False,risk_lstm,8,0.9394076466560364,0.3610042333602905,2.036526679992676,0.8872279524803162,,,,,,accurate
5877,58770.0,62388.90004348755,62413.70004272461,0,24.799999237060547,3643.7000427246094,58810.0,True,139,138,True,0,0,False,False,22,False,False,risk_lstm,8,0.9283788204193115,0.3323593735694885,2.1580796241760254,0.8640915155410767,,,,,,accurate
5880,58800.0,62413.70004272461,62436.20004272461,0,22.5,3636.2000427246094,58840.0,True,139,138,True,0,0,False,False,19,False,False,risk_lstm,8,0.9140955209732056,0.373837947845459,2.207822799682617,0.8719293475151062,,,,,,accurate
5881,58810.0,62436.20004272461,62464.00003814697,0,27.79999542236328,3654.0000381469727,58850.0,True,139,138,True,0,0,False,False,18,False,False,risk_lstm,8,0.9031408429145813,0.4131723940372467,2.1839187145233154,0.8758881688117981,,,,,,accurate
5884,58840.0,62464.00003814697,62487.80004119873,0,23.800003051757812,3647.8000411987305,58880.0,True,139,138,True,0,0,False,False,15,False,False,risk_lstm,8,0.8966174721717834,0.3990762233734131,2.176685094833374,0.879908561706543,,,,,,accurate
5887,58870.0,62487.80004119873,62504.70004272461,0,16.900001525878906,3634.7000427246094,58910.0,True,139,138,True,0,0,False,False,12,False,False,risk_lstm,8,0.9171860814094543,0.32578712701797485,1.9877946376800537,0.932159960269928,,,,,,accurate
5888,58880.0,62504.70004272461,62527.30004501343,0,22.60000228881836,3647.3000450134277,58920.0,True,139,138,True,0,0,False,False,11,False,False,risk_lstm,8,0.9249590635299683,0.28477802872657776,2.1452176570892334,0.883654773235321,,,,,,accurate
5892,58920.0,62527.30004501343,62544.00004577637,0,16.700000762939453,3624.000045776367,58960.0,True,139,138,True,0,0,False,False,7,False,False,risk_lstm,8,0.9040032029151917,0.2653701901435852,1.9344375133514404,0.9347696900367737,,,,,,accurate
5895,58950.0,62544.00004577637,62562.100048065186,0,18.10000228881836,3612.1000480651855,58990.0,True,139,138,True,0,0,False,False,4,False,False,risk_lstm,8,0.9463962316513062,0.216359943151474,1.9717519283294678,0.9236983060836792,,,,,,accurate
5897,58970.0,62562.100048065186,62581.400047302246,0,19.299999237060547,3611.400047302246,59010.0,True,138,137,True,1,1,False,False,2,True,False,risk_lstm,8,0.9357597231864929,0.2236391007900238,2.0316965579986572,0.911713182926178,,,,,,accurate
5899,58990.0,62581.400047302246,62602.00004577637,0,20.599998474121094,3612.000045776367,59030.0,True,139,138,True,0,0,False,True,0,True,False,risk_lstm,8,0.9415382742881775,0.22321172058582306,2.138529062271118,0.8815317153930664,,,,,,accurate
5900,59000.0,62602.00004577637,62621.80004119873,0,19.79999542236328,3621.8000411987305,59040.0,True,139,138,True,1,1,False,False,99,False,False,risk_lstm,8,0.960780918598175,0.1847981959581375,2.108081340789795,0.8992193937301636,,,,,,accurate
5902,59020.0,62621.80004119873,62641.00003814697,0,19.199996948242188,3621.0000381469727,59060.0,True,139,138,True,0,0,False,False,97,False,False,risk_lstm,8,0.9476802945137024,0.21755599975585938,2.0340561866760254,0.9103337526321411,,,,,,accurate
5908,59080.0,62641.00003814697,62660.80004119873,0,19.800003051757812,3580.8000411987305,59120.0,True,139,138,True,0,0,False,False,91,False,False,risk_lstm,8,0.9436172246932983,0.21504439413547516,2.1013991832733154,0.8963677287101746,,,,,,accurate
5909,59090.0,62660.80004119873,62683.20004272461,0,22.400001525878906,3593.2000427246094,59130.0,True,139,138,True,0,0,False,False,90,False,False,risk_lstm,8,0.9519491195678711,0.22280459105968475,2.137786388397217,0.8715136051177979,,,,,,accurate
5910,59100.0,62683.20004272461,62704.80004501343,0,21.60000228881836,3604.8000450134277,59140.0,True,140,139,True,0,0,False,False,89,False,False,risk_lstm,8,0.9289355874061584,0.240098237991333,2.112170934677124,0.8928441405296326,,,,,,accurate
5914,59140.0,62704.80004501343,62753.60004425049,0,48.79999923706055,3613.6000442504883,59180.0,True,139,138,True,0,0,False,False,85,False,False,risk_lstm,8,0.9478556513786316,0.24935364723205566,2.1424691677093506,0.8793781399726868,,,,,,accurate
5916,59160.0,62753.60004425049,62794.10004425049,0,40.5,3634.1000442504883,59200.0,True,139,138,True,0,0,False,False,83,False,False,risk_lstm,8,0.9417283535003662,0.28025346994400024,2.0973854064941406,0.8925958871841431,,,,,,accurate
5919,59190.0,62794.10004425049,62841.40004348755,0,47.29999923706055,3651.400043487549,59230.0,True,139,138,True,0,0,False,False,80,False,False,risk_lstm,8,0.9132885932922363,0.30059412121772766,2.0801522731781006,0.8955880403518677,,,,,,accurate
5920,59200.0,62841.40004348755,62881.60004425049,0,40.20000076293945,3681.6000442504883,59240.0,True,140,139,True,0,0,False,False,79,False,False,risk_lstm,8,0.8886952996253967,0.31835517287254333,2.0195930004119873,0.8770853281021118,,,,,,accurate
5921,59210.0,62881.60004425049,62916.30004119873,0,34.69999694824219,3706.3000411987305,59250.0,True,140,139,True,0,0,False,False,78,False,False,risk_lstm,8,0.8845447897911072,0.32946768403053284,2.190599203109741,0.8880181312561035,,,,,,accurate
5924,59240.0,62916.30004119873,62937.70003890991,0,21.39999771118164,3697.700038909912,59280.0,True,140,139,True,1,1,False,False,75,False,False,risk_lstm,8,0.9146636128425598,0.34106287360191345,2.2160897254943848,0.8750525116920471,,,,,,accurate
5925,59250.0,62937.70003890991,62974.50003814697,0,36.79999923706055,3724.5000381469727,59290.0,True,140,139,True,1,1,False,False,74,False,False,risk_lstm,8,0.848459005355835,0.3364661931991577,2.0609798431396484,0.8921145796775818,,,,,,accurate
5927,59270.0,62974.50003814697,63006.90004348755,0,32.40000534057617,3736.900043487549,59310.0,True,140,139,True,0,0,False,False,72,False,False,risk_lstm,8,0.9050848484039307,0.3690548539161682,2.1912496089935303,0.8805920481681824,,,,,,accurate
5931,59310.0,63006.90004348755,63032.00004196167,0,25.099998474121094,3722.00004196167,59350.0,True,140,139,True,0,0,False,False,68,False,False,risk_lstm,8,0.9329422116279602,0.2877969741821289,2.0062153339385986,0.9156455397605896,,,,,,accurate
5934,59340.0,63032.00004196167,63062.70003890991,0,30.699996948242188,3722.700038909912,59380.0,True,140,139,True,1,1,False,False,65,False,False,risk_lstm,8,0.9281270503997803,0.3260675072669983,2.079633951187134,0.8895257115364075,,,,,,accurate
5937,59370.0,63062.70003890991,63090.30003738403,0,27.599998474121094,3720.300037384033,59410.0,True,140,139,True,0,0,False,False,62,False,False,risk_lstm,8,0.8794283270835876,0.330757737159729,2.1219661235809326,0.8886467218399048,,,,,,accurate
5941,59410.0,63090.30003738403,63110.50003814697,0,20.200000762939453,3700.5000381469727,59450.0,True,139,138,True,0,0,False,False,58,False,False,risk_lstm,8,0.944818913936615,0.33789488673210144,2.116488218307495,0.8781594038009644,,,,,,accurate
5953,59530.0,63110.50003814697,63127.70003890991,0,17.200000762939453,3597.700038909912,59570.0,True,138,137,True,1,1,False,False,46,False,False,risk_lstm,8,0.9329350590705872,0.19193816184997559,1.9649262428283691,0.9206950068473816,,,,,,accurate
5955,59550.0,63127.70003890991,63150.900035858154,0,23.199996948242188,3600.9000358581543,59590.0,True,139,138,True,0,0,False,False,44,False,False,risk_lstm,8,0.9518105387687683,0.23754382133483887,2.1543831825256348,0.8725025653839111,,,,,,accurate
5960,59600.0,63150.900035858154,63171.30003738403,0,20.400001525878906,3571.300037384033,59640.0,True,138,137,True,0,0,False,False,39,False,False,risk_lstm,8,0.9396268725395203,0.22741499543190002,2.0871355533599854,0.9041309356689453,,,,,,accurate
5962,59620.0,63171.30003738403,63194.00004196167,0,22.70000457763672,3574.00004196167,59660.0,True,139,138,True,0,0,False,False,37,False,False,risk_lstm,8,0.943406343460083,0.22930698096752167,2.1438615322113037,0.8756471872329712,,,,,,accurate
5964,59640.0,63194.00004196167,63216.00004196167,0,22.0,3576.00004196167,59680.0,True,139,138,True,1,1,False,False,35,False,False,risk_lstm,8,0.9438342452049255,0.291222482919693,2.130340814590454,0.8757277727127075,,,,,,accurate
5967,59670.0,63216.00004196167,63239.10004043579,0,23.099998474121094,3569.100040435791,59710.0,True,139,138,True,0,0,False,False,32,False,False,risk_lstm,8,0.9144518375396729,0.31838560104370117,2.122190475463867,0.8815394639968872,,,,,,accurate
5970,59700.0,63239.10004043579,63262.20004272461,0,23.10000228881836,3562.2000427246094,59740.0,True,139,138,True,1,1,False,False,29,False,False,risk_lstm,8,0.9332829713821411,0.2988686263561249,2.000382423400879,0.9139501452445984,,,,,,accurate
5971,59710.0,63262.20004272461,63288.20004272461,0,26.0,3578.2000427246094,59750.0,True,139,138,True,0,0,False,False,28,False,False,risk_lstm,8,0.9390957355499268,0.2683851420879364,2.162203788757324,0.8707407712936401,,,,,,accurate
5972,59720.0,63288.20004272461,63314.40004348755,0,26.200000762939453,3594.400043487549,59760.0,True,140,139,True,1,1,False,False,27,False,False,risk_lstm,8,0.9258876442909241,0.34991219639778137,2.175715684890747,0.8687449097633362,,,,,,accurate
5975,59750.0,63314.40004348755,63338.20004272461,0,23.799999237060547,3588.2000427246094,59790.0,True,139,138,True,0,0,False,False,24,False,False,risk_lstm,8,0.8934300541877747,0.3442215025424957,2.171099901199341,0.8867449164390564,,,,,,accurate
5976,59760.0,63338.20004272461,63358.00004196167,0,19.799999237060547,3598.00004196167,59800.0,True,140,139,True,0,0,False,False,23,False,False,risk_lstm,8,0.886165201663971,0.42560702562332153,1.9485433101654053,0.9059445261955261,,,,,,accurate
5978,59780.0,63358.00004196167,63385.30004119873,0,27.299999237060547,3605.3000411987305,59820.0,True,141,140,True,0,0,False,False,21,False,False,risk_lstm,8,0.8750208616256714,0.3571855127811432,2.1266956329345703,0.8871361017227173,,,,,,accurate
5979,59790.0,63385.30004119873,63407.60004043579,0,22.299999237060547,3617.600040435791,59830.0,True,141,140,True,1,1,False,False,20,False,False,risk_lstm,8,0.9216853976249695,0.3727041184902191,2.1916396617889404,0.8726300001144409,,,,,,accurate
5980,59800.0,63407.60004043579,63429.50003814697,0,21.89999771118164,3629.5000381469727,59840.0,True,142,141,True,0,0,False,False,19,False,False,risk_lstm,8,0.9058367609977722,0.4134053587913513,2.131878614425659,0.8814680576324463,,,,,,accurate
5981,59810.0,63429.50003814697,63450.80003738403,0,21.299999237060547,3640.800037384033,59850.0,True,143,142,True,0,0,False,False,18,False,False,risk_lstm,8,0.891083836555481,0.42704659700393677,2.1283812522888184,0.8759198188781738,,,,,,accurate
5982,59820.0,63450.80003738403,63472.90003204346,0,22.099994659423828,3652.900032043457,59860.0,True,144,143,True,0,0,False,False,17,False,False,risk_lstm,8,0.9080221056938171,0.4246646463871002,2.1514768600463867,0.8657759428024292,,,,,,accurate
5983,59830.0,63472.90003204346,63499.70003128052,0,26.799999237060547,3669.7000312805176,59870.0,True,144,143,True,0,0,False,False,16,False,False,risk_lstm,8,0.9048526287078857,0.4174240231513977,2.1836562156677246,0.8690485954284668,,,,,,accurate
5984,59840.0,63499.70003128052,63524.00003051758,0,24.299999237060547,3684.000030517578,59880.0,True,145,144,True,0,0,False,False,15,False,False,risk_lstm,8,0.8845335841178894,0.4262908697128296,2.15678334236145,0.8770163655281067,,,,,,accurate
5986,59860.0,63524.00003051758,63543.50003051758,0,19.5,3683.500030517578,59900.0,True,145,144,True,0,0,False,False,13,False,False,risk_lstm,8,0.8947191834449768,0.43244802951812744,1.9424209594726562,0.9106640219688416,,,,,,accurate
5987,59870.0,63543.50003051758,63571.00002670288,0,27.499996185302734,3701.000026702881,59910.0,True,146,145,True,0,0,False,False,12,False,False,risk_lstm,8,0.9228289127349854,0.39287540316581726,2.096994400024414,0.8788199424743652,,,,,,accurate
5991,59910.0,63571.00002670288,63598.80002593994,0,27.799999237060547,3688.8000259399414,59950.0,True,146,145,True,0,0,False,False,8,False,False,risk_lstm,8,0.8399004340171814,0.4299979507923126,1.9684784412384033,0.8888733386993408,,,,,,accurate
5992,59920.0,63598.80002593994,63624.20002746582,0,25.400001525878906,3704.2000274658203,59960.0,True,146,145,True,0,0,False,False,7,False,False,risk_lstm,8,0.8918161988258362,0.3822038173675537,2.1830945014953613,0.8809475302696228,,,,,,accurate
5993,59930.0,63624.20002746582,63645.20002746582,0,21.0,3715.2000274658203,59970.0,True,147,146,True,0,0,False,False,6,False,False,risk_lstm,8,0.9025197625160217,0.4057133197784424,2.1441667079925537,0.8801716566085815,,,,,,accurate
5998,59980.0,63645.20002746582,63664.00003051758,0,18.800003051757812,3684.000030517578,60020.0,True,146,145,True,0,0,False,False,1,True,False,risk_lstm,8,0.8934248685836792,0.38953810930252075,1.9297733306884766,0.9226322174072266,,,,,,accurate
6002,60020.0,63664.00003051758,63699.90002822876,0,35.89999771118164,3679.9000282287598,60060.0,True,146,145,True,1,1,False,False,97,False,False,risk_lstm,8,0.9043173789978027,0.31709781289100647,2.1980483531951904,0.883121907711029,,,,,,accurate
6003,60030.0,63699.90002822876,63724.20003128052,0,24.300003051757812,3694.2000312805176,60070.0,True,147,146,True,0,0,False,False,96,False,False,risk_lstm,8,0.901349663734436,0.2915424704551697,2.2047054767608643,0.8852198719978333,,,,,,accurate
6005,60050.0,63724.20003128052,63739.50003051758,0,15.299999237060547,3689.500030517578,60090.0,True,147,146,True,0,0,False,False,94,False,False,risk_lstm,8,0.8312609791755676,0.13751757144927979,2.1433651447296143,0.9276940822601318,,,,,,accurate
6006,60060.0,63739.50003051758,63761.90002822876,0,22.39999771118164,3701.9000282287598,60100.0,True,148,147,True,1,1,False,False,93,False,False,risk_lstm,8,0.9364326596260071,0.28574350476264954,2.206125497817993,0.8871458172798157,,,,,,accurate
6011,60110.0,63761.90002822876,63785.00003051758,0,23.10000228881836,3675.000030517578,60150.0,True,147,146,True,0,0,False,False,88,False,False,risk_lstm,8,0.9307481646537781,0.2865532636642456,2.242711305618286,0.8848955631256104,,,,,,accurate
6013,60130.0,63785.00003051758,63811.30002975464,0,26.299999237060547,3681.3000297546387,60170.0,True,147,146,True,1,1,False,False,86,False,False,risk_lstm,8,0.8888026475906372,0.28440847992897034,2.162341356277466,0.8961794376373291,,,,,,accurate
6015,60150.0,63811.30002975464,63839.6000289917,0,28.299999237060547,3689.600028991699,60190.0,True,148,147,True,0,0,False,False,84,False,False,risk_lstm,8,0.8753679990768433,0.2830249071121216,2.1492021083831787,0.8952882289886475,,,,,,accurate
6022,60220.0,63839.6000289917,63857.20003128052,0,17.60000228881836,3637.2000312805176,60260.0,True,145,144,True,0,0,False,False,77,False,False,risk_lstm,8,0.9439579844474792,0.20598845183849335,2.0019423961639404,0.9187988638877869,,,,,,accurate
6023,60230.0,63857.20003128052,63877.20003128052,0,20.0,3647.2000312805176,60270.0,True,146,145,True,0,0,False,False,76,False,False,risk_lstm,8,0.9482206106185913,0.1689096838235855,1.9937310218811035,0.9185123443603516,,,,,,accurate
6025,60250.0,63877.20003128052,63896.40003204346,0,19.200000762939453,3646.400032043457,60290.0,True,146,145,True,0,0,False,False,74,False,False,risk_lstm,8,0.9294905066490173,0.21055243909358978,2.0591323375701904,0.8985766768455505,,,,,,accurate
6028,60280.0,63896.40003204346,63924.90002822876,0,28.499996185302734,3644.9000282287598,60320.0,True,147,146,True,1,1,False,False,71,False,False,risk_lstm,8,0.9036792516708374,0.26866236329078674,2.1480915546417236,0.8856003880500793,,,,,,accurate
6030,60300.0,63924.90002822876,63946.1000289917,0,21.200000762939453,3646.100028991699,60340.0,True,147,146,True,1,1,False,False,69,False,False,risk_lstm,8,0.9407309293746948,0.2603868544101715,2.2082741260528564,0.8766965866088867,,,,,,accurate
6033,60330.0,63946.1000289917,63976.00002670288,0,29.89999771118164,3646.000026702881,60370.0,True,146,145,True,1,1,False,False,66,False,False,risk_lstm,8,0.9498435854911804,0.2546306848526001,2.210157632827759,0.8727344274520874,,,,,,accurate
6034,60340.0,63976.00002670288,64008.20002365112,0,32.19999694824219,3668.200023651123,60380.0,True,147,146,True,0,0,False,False,65,False,False,risk_lstm,8,0.8743134140968323,0.2708365023136139,2.047173261642456,0.8915477991104126,,,,,,accurate
6035,60350.0,64008.20002365112,64035.900020599365,0,27.699996948242188,3685.9000205993652,60390.0,True,148,147,True,1,1,False,False,64,False,False,risk_lstm,8,0.8827571272850037,0.2575761079788208,2.157527208328247,0.8915974497795105,,,,,,accurate
6036,60360.0,64035.900020599365,64077.00002288818,0,41.10000228881836,3717.0000228881836,60400.0,True,148,147,True,1,1,False,False,63,False,False,risk_lstm,8,0.8804537057876587,0.32040393352508545,2.160545825958252,0.8900169134140015,,,,,,accurate
6037,60370.0,64077.00002288818,64111.20002365112,0,34.20000076293945,3741.200023651123,60410.0,True,149,148,True,1,1,False,False,62,False,False,risk_lstm,8,0.8524556756019592,0.38353273272514343,2.0197713375091553,0.8849976658821106,,,,,,accurate
6039,60390.0,64111.20002365112,64135.50002288818,0,24.299999237060547,3745.5000228881836,60430.0,True,149,148,True,1,1,False,False,60,False,False,risk_lstm,8,0.9038037061691284,0.38399630784988403,2.274052619934082,0.8821873068809509,,,,,,accurate
6042,60420.0,64135.50002288818,64157.50002288818,0,22.0,3737.5000228881836,60460.0,True,148,147,True,0,0,False,False,57,False,False,risk_lstm,8,0.9218870401382446,0.4392642378807068,2.1260201930999756,0.8995950818061829,,,,,,accurate
6047,60470.0,64157.50002288818,64176.50002288818,0,19.0,3706.5000228881836,60510.0,True,147,146,True,0,0,False,False,52,False,False,risk_lstm,8,0.9331209659576416,0.32854750752449036,2.1749324798583984,0.9038353562355042,,,,,,accurate
6048,60480.0,64176.50002288818,64198.00002288818,0,21.5,3718.0000228881836,60520.0,True,148,147,True,0,0,False,False,51,False,False,risk_lstm,8,0.9481436610221863,0.3174571990966797,2.2188260555267334,0.8791221380233765,,,,,,accurate
6056,60560.0,64198.00002288818,64216.900020599365,0,18.89999771118164,3656.9000205993652,60600.0,True,146,145,True,0,0,False,False,43,False,False,risk_lstm,8,0.9408494234085083,0.242923304438591,2.1136820316314697,0.8999529480934143,,,,,,accurate
6060,60600.0,64216.900020599365,64241.300022125244,0,24.400001525878906,3641.300022125244,60640.0,True,146,145,True,1,1,False,False,39,False,False,risk_lstm,8,0.9428377151489258,0.28803253173828125,2.1960432529449463,0.8664758801460266,,,,,,accurate
6061,60610.0,64241.300022125244,64260.600025177,0,19.300003051757812,3650.600025177002,60650.0,True,146,145,True,1,1,False,False,38,False,False,risk_lstm,8,0.9227323532104492,0.28807491064071655,2.021587371826172,0.9049827456474304,,,,,,accurate
6063,60630.0,64260.600025177,64283.20002746582,0,22.60000228881836,3653.2000274658203,60670.0,True,147,146,True,0,0,False,False,36,False,False,risk_lstm,8,0.9384737014770508,0.27565813064575195,2.19492506980896,0.8704694509506226,,,,,,accurate
6069,60690.0,64283.20002746582,64321.80002593994,0,38.599998474121094,3631.8000259399414,60730.0,True,144,143,True,0,0,False,False,30,False,False,risk_lstm,8,0.9361844658851624,0.31131812930107117,2.0763936042785645,0.891363263130188,,,,,,accurate
6070,60700.0,64321.80002593994,64352.80002593994,0,31.0,3652.8000259399414,60740.0,True,145,144,True,0,0,False,False,29,False,False,risk_lstm,8,0.9347573518753052,0.33991342782974243,2.1394050121307373,0.8760998845100403,,,,,,accurate
6074,60740.0,64352.80002593994,64381.300022125244,0,28.499996185302734,3641.300022125244,60780.0,True,145,144,True,0,0,False,False,25,False,False,risk_lstm,8,0.8774155974388123,0.3472713232040405,2.130189895629883,0.8907129168510437,,,,,,accurate
6083,60830.0,64381.300022125244,64401.900020599365,0,20.599998474121094,3571.9000205993652,60870.0,True,142,141,True,0,0,False,False,16,False,False,risk_lstm,8,0.9343981742858887,0.34439533948898315,2.0217299461364746,0.9038921594619751,,,,,,accurate
6084,60840.0,64401.900020599365,64424.00002288818,0,22.10000228881836,3584.0000228881836,60880.0,True,143,142,True,1,1,False,False,15,False,False,risk_lstm,8,0.9391705989837646,0.3508608937263489,2.1130499839782715,0.8727970719337463,,,,,,accurate
6085,60850.0,64424.00002288818,64446.600021362305,0,22.599998474121094,3596.6000213623047,60890.0,True,143,142,True,1,1,False,False,14,False,False,risk_lstm,8,0.9117254614830017,0.33992093801498413,2.134051561355591,0.8777469396591187,,,,,,accurate
6087,60870.0,64446.600021362305,64467.600021362305,0,21.0,3597.6000213623047,60910.0,True,144,143,True,1,1,False,False,12,False,False,risk_lstm,8,0.9026896357536316,0.37006276845932007,2.0544214248657227,0.8864089250564575,,,,,,accurate
6090,60900.0,64467.600021362305,64490.700019836426,0,23.099998474121094,3590.700019836426,60940.0,True,144,143,True,0,0,False,False,9,False,False,risk_lstm,8,0.9258285164833069,0.3477334678173065,2.151984930038452,0.8619787096977234,,,,,,accurate
6091,60910.0,64490.700019836426,64510.30001831055,0,19.599998474121094,3600.300018310547,60950.0,True,144,143,True,0,0,False,False,8,False,False,risk_lstm,8,0.9420916438102722,0.31919175386428833,2.0551323890686035,0.8961130976676941,,,,,,accurate
6093,60930.0,64510.30001831055,64531.70001602173,0,21.39999771118164,3601.7000160217285,60970.0,True,144,143,True,0,0,False,False,6,False,False,risk_lstm,8,0.9302950501441956,0.3462803363800049,2.0932257175445557,0.8778654336929321,,,,,,accurate
6095,60950.0,64531.70001602173,64553.90001678467,0,22.200000762939453,3603.900016784668,60990.0,True,145,144,True,1,1,False,False,4,False,False,risk_lstm,8,0.9271565079689026,0.2950211465358734,2.020772933959961,0.9061470031738281,,,,,,accurate
6097,60970.0,64553.90001678467,64576.70001602173,0,22.799999237060547,3606.7000160217285,61010.0,True,145,144,True,1,1,False,False,2,True,False,risk_lstm,8,0.9383295774459839,0.2958676218986511,2.107416868209839,0.8776143193244934,,,,,,accurate
6098,60980.0,64576.70001602173,64596.60001373291,0,19.89999771118164,3616.60001373291,61020.0,True,146,145,True,0,0,False,False,1,True,False,risk_lstm,8,0.9080349206924438,0.3283742368221283,2.0934619903564453,0.8884969353675842,,,,,,accurate
6099,60990.0,64596.60001373291,64620.80001449585,0,24.200000762939453,3630.8000144958496,61030.0,True,146,145,True,0,0,False,True,0,True,False,risk_lstm,8,0.9343760013580322,0.2970382273197174,2.158412218093872,0.8696054220199585,,,,,,accurate
6107,61070.0,64620.80001449585,64644.40001296997,0,23.599998474121094,3574.4000129699707,61110.0,True,144,143,True,0,0,False,False,92,False,False,risk_lstm,8,0.9325770735740662,0.3182074725627899,2.157949686050415,0.8689841628074646,,,,,,accurate
6108,61080.0,64644.40001296997,64667.90001296997,0,23.5,3587.9000129699707,61120.0,True,144,143,True,1,1,False,False,91,False,False,risk_lstm,8,0.9254241585731506,0.2749618887901306,1.9402750730514526,0.9230355620384216,,,,,,accurate
6111,61110.0,64667.90001296997,64692.90001296997,0,25.0,3582.9000129699707,61150.0,True,144,143,True,1,1,False,False,88,False,False,risk_lstm,8,0.9536234736442566,0.2453424632549286,2.051262855529785,0.9074859619140625,,,,,,accurate
6114,61140.0,64692.90001296997,64723.70001220703,0,30.799999237060547,3583.7000122070312,61180.0,True,144,143,True,1,1,False,False,85,False,False,risk_lstm,8,0.8833640813827515,0.29802748560905457,1.973516821861267,0.8820360898971558,,,,,,accurate
6115,61150.0,64723.70001220703,64750.20001220703,0,26.5,3600.2000122070312,61190.0,True,144,143,True,1,1,False,False,84,False,False,risk_lstm,8,0.9087422490119934,0.29076653718948364,2.2288784980773926,0.8831081390380859,,,,,,accurate
6120,61200.0,64750.20001220703,64771.30001068115,0,21.099998474121094,3571.3000106811523,61240.0,True,143,142,True,0,0,False,False,79,False,False,risk_lstm,8,0.9021252393722534,0.33927011489868164,2.149366617202759,0.8875804543495178,,,,,,accurate
6121,61210.0,64771.30001068115,64794.10000991821,0,22.799999237060547,3584.100009918213,61250.0,True,144,143,True,1,1,False,False,78,False,False,risk_lstm,8,0.9143456220626831,0.3391554355621338,2.2125742435455322,0.8768499493598938,,,,,,accurate
6123,61230.0,64794.10000991821,64817.10000991821,0,23.0,3587.100009918213,61270.0,True,145,144,True,0,0,False,False,76,False,False,risk_lstm,8,0.927125871181488,0.3321133852005005,2.2053017616271973,0.8746403455734253,,,,,,accurate
6130,61300.0,64817.10000991821,64842.30001068115,0,25.200000762939453,3542.3000106811523,61340.0,True,144,143,True,0,0,False,False,69,False,False,risk_lstm,8,0.9286007881164551,0.34563252329826355,2.194059133529663,0.8746523857116699,,,,,,accurate
6132,61320.0,64842.30001068115,64865.00001525879,0,22.70000457763672,3545.000015258789,61360.0,True,145,144,True,0,0,False,False,67,False,False,risk_lstm,8,0.9217352867126465,0.3741934895515442,1.9433722496032715,0.9180666208267212,,,,,,accurate
6134,61340.0,64865.00001525879,64886.20001602173,0,21.200000762939453,3546.2000160217285,61380.0,True,145,144,True,0,0,False,False,65,False,False,risk_lstm,8,0.9359614849090576,0.3848983943462372,2.0846385955810547,0.8782131671905518,,,,,,accurate
6141,61410.0,64886.20001602173,64910.00001525879,0,23.799999237060547,3500.000015258789,61450.0,True,144,143,True,0,0,False,False,58,False,False,risk_lstm,8,0.9321446418762207,0.3858080804347992,2.1542797088623047,0.8578594923019409,,,,,,accurate
6142,61420.0,64910.00001525879,64952.70001602173,0,42.70000076293945,3532.7000160217285,61460.0,True,145,144,True,0,0,False,False,57,False,False,risk_lstm,8,0.9307193756103516,0.422728955745697,2.0397226810455322,0.8765937089920044,,,,,,accurate
6143,61430.0,64952.70001602173,64973.30001831055,0,20.60000228881836,3543.300018310547,61470.0,True,145,144,True,0,0,False,False,56,False,False,risk_lstm,8,0.9090576171875,0.355050653219223,2.064598321914673,0.882070779800415,,,,,,accurate
6144,61440.0,64973.30001831055,64997.90001678467,0,24.599998474121094,3557.900016784668,61480.0,True,146,145,True,0,0,False,False,55,False,False,risk_lstm,8,0.9291985034942627,0.36388465762138367,2.113564968109131,0.8622933626174927,,,,,,accurate
6149,61490.0,64997.90001678467,65020.40001678467,0,22.5,3530.400016784668,61530.0,True,145,144,True,0,0,False,False,50,False,False,risk_lstm,8,0.930173397064209,0.35850805044174194,2.1631171703338623,0.8618341088294983,,,,,,accurate
6154,61540.0,65020.40001678467,65039.40001296997,0,18.999996185302734,3499.4000129699707,61580.0,True,144,143,True,1,1,False,False,45,False,False,risk_lstm,8,0.9394699335098267,0.28707820177078247,2.0179073810577393,0.9128106236457825,,,,,,accurate
6155,61550.0,65039.40001296997,65063.50001144409,0,24.099998474121094,3513.500011444092,61590.0,True,144,143,True,0,0,False,False,44,False,False,risk_lstm,8,0.923393726348877,0.3553856909275055,2.1597542762756348,0.8653953075408936,,,,,,accurate
6158,61580.0,65063.50001144409,65080.20001220703,0,16.700000762939453,3500.2000122070312,61620.0,True,144,143,True,0,0,False,False,41,False,False,risk_lstm,8,0.9208373427391052,0.2710894048213959,1.9355074167251587,0.9311287999153137,,,,,,accurate
6159,61590.0,65080.20001220703,65101.10001373291,0,20.900001525878906,3511.10001373291,61630.0,True,144,143,True,0,0,False,False,40,False,False,risk_lstm,8,0.9510508179664612,0.2610526382923126,2.1201798915863037,0.880143404006958,,,,,,accurate
6162,61620.0,65101.10001373291,65121.70001602173,0,20.60000228881836,3501.7000160217285,61660.0,True,144,143,True,0,0,False,False,37,False,False,risk_lstm,8,0.9435423016548157,0.2214047759771347,2.041649103164673,0.9182696342468262,,,,,,accurate
6163,61630.0,65121.70001602173,65143.70001602173,0,22.0,3513.7000160217285,61670.0,True,144,143,True,0,0,False,False,36,False,False,risk_lstm,8,0.9263811111450195,0.27221521735191345,2.0833091735839844,0.8927322030067444,,,,,,accurate
6164,61640.0,65143.70001602173,65165.90001678467,0,22.200000762939453,3525.900016784668,61680.0,True,145,144,True,0,0,False,False,35,False,False,risk_lstm,8,0.9545016288757324,0.22916673123836517,2.145498275756836,0.8743137121200562,,,,,,accurate
6167,61670.0,65165.90001678467,65186.70001602173,0,20.799999237060547,3516.7000160217285,61710.0,True,145,144,True,1,1,False,False,32,False,False,risk_lstm,8,0.9490545988082886,0.23973503708839417,2.1538708209991455,0.8734263181686401,,,,,,accurate
6168,61680.0,65186.70001602173,65214.60001754761,0,27.900001525878906,3534.6000175476074,61720.0,True,146,145,True,0,0,False,False,31,False,False,risk_lstm,8,0.9264777302742004,0.3169540762901306,2.206545829772949,0.8744136095046997,,,,,,accurate
6173,61730.0,65214.60001754761,65244.900020599365,0,30.300003051757812,3514.9000205993652,61770.0,True,145,144,True,1,1,False,False,26,False,False,risk_lstm,8,0.8793742060661316,0.3290976881980896,2.179042100906372,0.8903933763504028,,,,,,accurate
6175,61750.0,65244.900020599365,65262.20002365112,0,17.300003051757812,3512.200023651123,61790.0,True,145,144,True,0,0,False,False,24,False,False,risk_lstm,8,0.8907434940338135,0.15535123646259308,2.044370412826538,0.9225471615791321,,,,,,accurate
6178,61780.0,65262.20002365112,65288.900020599365,0,26.699996948242188,3508.9000205993652,61820.0,True,144,143,True,0,0,False,False,21,False,False,risk_lstm,8,0.9284026622772217,0.25410202145576477,2.2199618816375732,0.8921100497245789,,,,,,accurate
6180,61800.0,65288.900020599365,65307.20002365112,0,18.300003051757812,3507.200023651123,61840.0,True,145,144,True,1,1,False,False,19,False,False,risk_lstm,8,0.9408318996429443,0.2311578392982483,2.0105910301208496,0.9143891334533691,,,,,,accurate
6181,61810.0,65307.20002365112,65334.600025177,0,27.400001525878906,3524.600025177002,61850.0,True,145,144,True,0,0,False,False,18,False,False,risk_lstm,8,0.8848268389701843,0.27903783321380615,2.1166915893554688,0.8914100527763367,,,,,,accurate
6182,61820.0,65334.600025177,65352.20002365112,0,17.599998474121094,3532.200023651123,61860.0,True,146,145,True,0,0,False,False,17,False,False,risk_lstm,8,0.9144384264945984,0.2546509802341461,1.912142038345337,0.9294512271881104,,,,,,accurate
6184,61840.0,65352.20002365112,65371.800022125244,0,19.599998474121094,3531.800022125244,61880.0,True,146,145,True,1,1,False,False,15,False,False,risk_lstm,8,0.9409088492393494,0.2017924040555954,2.058361768722534,0.8960129022598267,,,,,,accurate
6186,61860.0,65371.800022125244,65390.100021362305,0,18.299999237060547,3530.1000213623047,61900.0,True,146,145,True,0,0,False,False,13,False,False,risk_lstm,8,0.9400967955589294,0.20655100047588348,1.96922767162323,0.9197514653205872,,,,,,accurate
6189,61890.0,65390.100021362305,65413.300022125244,0,23.200000762939453,3523.300022125244,61930.0,True,146,145,True,0,0,False,False,10,False,False,risk_lstm,8,0.9251351952552795,0.22948309779167175,2.1343932151794434,0.8718414902687073,,,,,,accurate
6201,62010.0,65413.300022125244,65438.30001831055,0,24.999996185302734,3428.300018310547,62050.0,True,142,141,True,0,0,False,False,98,False,False,risk_lstm,8,0.8859776854515076,0.25945770740509033,2.1382648944854736,0.8899816870689392,,,,,,accurate
6203,62030.0,65438.30001831055,65467.700019836426,0,29.400001525878906,3437.700019836426,62070.0,True,142,141,True,1,1,False,False,96,False,False,risk_lstm,8,0.8875435590744019,0.23485775291919708,2.1303811073303223,0.8910210728645325,,,,,,accurate
6208,62080.0,65467.700019836426,65487.900020599365,0,20.200000762939453,3407.9000205993652,62120.0,True,141,140,True,1,1,False,False,91,False,False,risk_lstm,8,0.9352993369102478,0.26371195912361145,2.2168281078338623,0.880137026309967,,,,,,accurate
6210,62100.0,65487.900020599365,65515.100021362305,0,27.200000762939453,3415.1000213623047,62140.0,True,141,140,True,1,1,False,False,89,False,False,risk_lstm,8,0.8961062431335449,0.2792411744594574,2.1924710273742676,0.8890983462333679,,,,,,accurate
6212,62120.0,65515.100021362305,65553.40002059937,0,38.29999923706055,3433.4000205993652,62160.0,True,141,140,True,0,0,False,False,87,False,False,risk_lstm,8,0.8739559650421143,0.34842348098754883,2.1375339031219482,0.8913271427154541,,,,,,accurate
6213,62130.0,65553.40002059937,65596.40002059937,0,43.0,3466.4000205993652,62170.0,True,142,141,True,0,0,False,False,86,False,False,risk_lstm,8,0.8608027696609497,0.3156112730503082,2.0394396781921387,0.8866510987281799,,,,,,accurate
6214,62140.0,65596.40002059937,65640.00001525879,0,43.59999465942383,3500.000015258789,62180.0,True,143,142,True,0,0,False,False,85,False,False,risk_lstm,8,0.9035174250602722,0.4079190790653229,2.248307466506958,0.8811413049697876,,,,,,accurate
6215,62150.0,65640.00001525879,65665.30001449585,0,25.299999237060547,3515.3000144958496,62190.0,True,143,142,True,0,0,False,False,84,False,False,risk_lstm,8,0.9130517244338989,0.40346577763557434,2.2238166332244873,0.8780049085617065,,,,,,accurate
6216,62160.0,65665.30001449585,65688.90001296997,0,23.599998474121094,3528.9000129699707,62200.0,True,144,143,True,0,0,False,False,83,False,False,risk_lstm,8,0.9144673347473145,0.40435728430747986,2.2101337909698486,0.8727559447288513,,,,,,accurate
6217,62170.0,65688.90001296997,65710.60001754761,0,21.70000457763672,3540.6000175476074,62210.0,True,144,143,True,1,1,False,False,82,False,False,risk_lstm,8,0.895340085029602,0.4618152976036072,2.1428065299987793,0.8780423998832703,,,,,,accurate
6218,62180.0,65710.60001754761,65756.30002212524,0,45.70000457763672,3576.300022125244,62220.0,True,145,144,True,0,0,False,False,81,False,False,risk_lstm,8,0.9043095707893372,0.4147641360759735,2.1761810779571533,0.8722521662712097,,,,,,accurate
6219,62190.0,65756.30002212524,65786.90002441406,0,30.60000228881836,3596.9000244140625,62230.0,True,145,144,True,1,1,False,False,80,False,False,risk_lstm,8,0.8192282319068909,0.4219663739204407,2.0283875465393066,0.8905835747718811,,,,,,accurate
6221,62210.0,65786.90002441406,65810.70002746582,0,23.800003051757812,3600.7000274658203,62250.0,True,146,145,True,0,0,False,False,78,False,False,risk_lstm,8,0.877458930015564,0.4096526503562927,2.1395509243011475,0.8834931254386902,,,,,,accurate
6222,62220.0,65810.70002746582,65834.80002593994,0,24.099998474121094,3614.8000259399414,62260.0,True,146,145,True,0,0,False,False,77,False,False,risk_lstm,8,0.9398439526557922,0.36981645226478577,2.097119092941284,0.8831470012664795,,,,,,accurate
6228,62280.0,65834.80002593994,65859.40002822876,0,24.60000228881836,3579.4000282287598,62320.0,True,144,143,True,1,1,False,False,71,False,False,risk_lstm,8,0.8888413310050964,0.3806602358818054,2.158785104751587,0.8815369009971619,,,,,,accurate
6233,62330.0,65859.40002822876,65880.30003356934,0,20.900005340576172,3550.300033569336,62370.0,True,143,142,True,1,1,False,False,66,False,False,risk_lstm,8,0.8990144729614258,0.43607738614082336,2.081127405166626,0.8860347867012024,,,,,,accurate
6238,62380.0,65880.30003356934,65901.20003509521,0,20.900001525878906,3521.200035095215,62420.0,True,142,141,True,0,0,False,False,61,False,False,risk_lstm,8,0.8944951891899109,0.4247271418571472,2.1093852519989014,0.880773663520813,,,,,,accurate
6240,62400.0,65901.20003509521,65927.20003890991,0,26.000003814697266,3527.200038909912,62440.0,True,142,141,True,0,0,False,False,59,False,False,risk_lstm,8,0.9191661477088928,0.3862439692020416,2.1638894081115723,0.8670042753219604,,,,,,accurate
6241,62410.0,65927.20003890991,65954.80003738403,0,27.599998474121094,3544.800037384033,62450.0,True,143,142,True,0,0,False,False,58,False,False,risk_lstm,8,0.9286691546440125,0.3872002065181732,2.090977430343628,0.8762146234512329,,,,,,accurate
6242,62420.0,65954.80003738403,65982.6000328064,0,27.79999542236328,3562.6000328063965,62460.0,True,143,142,True,1,1,False,False,57,False,False,risk_lstm,8,0.9074053168296814,0.39816418290138245,2.134070634841919,0.8703855276107788,,,,,,accurate
6243,62430.0,65982.6000328064,66007.80003356934,0,25.200000762939453,3577.800033569336,62470.0,True,144,143,True,0,0,False,False,56,False,False,risk_lstm,8,0.9012283086776733,0.4250789284706116,2.156364679336548,0.8722996115684509,,,,,,accurate
6246,62460.0,66007.80003356934,66043.1000366211,0,35.30000305175781,3583.1000366210938,62500.0,True,144,143,True,1,1,False,False,53,False,False,risk_lstm,8,0.8769809007644653,0.4624176323413849,2.145738363265991,0.8718891143798828,,,,,,accurate
6250,62500.0,66043.1000366211,66067.50003814697,0,24.400001525878906,3567.5000381469727,62540.0,True,143,142,True,0,0,False,False,49,False,False,risk_lstm,8,0.8793020248413086,0.5006906986236572,2.0385472774505615,0.8829681277275085,,,,,,accurate
6251,62510.0,66067.50003814697,66087.90003585815,0,20.39999771118164,3577.9000358581543,62550.0,True,143,142,True,0,0,False,False,48,False,False,risk_lstm,8,0.923366367816925,0.4831332564353943,2.0488812923431396,0.8796069025993347,,,,,,accurate
6261,62610.0,66087.90003585815,66106.00003433228,0,18.099998474121094,3496.0000343322754,62650.0,True,139,138,True,1,1,False,False,38,False,False,risk_lstm,8,0.9522498846054077,0.28568902611732483,2.1032583713531494,0.9075465798377991,,,,,,accurate
6265,62650.0,66106.00003433228,66131.6000328064,0,25.599998474121094,3481.6000328063965,62690.0,True,138,137,True,0,0,False,False,34,False,False,risk_lstm,8,0.9287460446357727,0.3508743941783905,2.1903860569000244,0.8677952885627747,,,,,,accurate
6266,62660.0,66131.6000328064,66149.50003433228,0,17.900001525878906,3489.5000343322754,62700.0,True,139,138,True,1,1,False,False,33,False,False,risk_lstm,8,0.9439918398857117,0.16391810774803162,2.0494325160980225,0.9148159623146057,,,,,,accurate
6271,62710.0,66149.50003433228,66175.70003128052,0,26.199996948242188,3465.7000312805176,62750.0,True,137,136,True,1,1,False,False,28,False,False,risk_lstm,8,0.9296413064002991,0.2885785400867462,2.224486827850342,0.8837482333183289,,,,,,accurate
6272,62720.0,66175.70003128052,66199.70003128052,0,24.0,3479.7000312805176,62760.0,True,138,137,True,0,0,False,False,27,False,False,risk_lstm,8,0.9365860819816589,0.30593782663345337,2.2385971546173096,0.8847476840019226,,,,,,accurate
6273,62730.0,66199.70003128052,66222.30003356934,0,22.60000228881836,3492.300033569336,62770.0,True,139,138,True,1,1,False,False,26,False,False,risk_lstm,8,0.9441807866096497,0.25077730417251587,2.1071231365203857,0.8936229348182678,,,,,,accurate
6274,62740.0,66222.30003356934,66247.6000366211,0,25.300003051757812,3507.6000366210938,62780.0,True,140,139,True,0,0,False,False,25,False,False,risk_lstm,8,0.9177538752555847,0.3144803047180176,2.222886800765991,0.8814370036125183,,,,,,accurate
6276,62760.0,66247.6000366211,66266.6000366211,0,19.0,3506.6000366210938,62800.0,True,140,139,True,0,0,False,False,23,False,False,risk_lstm,8,0.9213441610336304,0.2407951056957245,2.012049674987793,0.9196830987930298,,,,,,accurate
6278,62780.0,66266.6000366211,66292.20003890991,0,25.60000228881836,3512.200038909912,62820.0,True,141,140,True,0,0,False,False,21,False,False,risk_lstm,8,0.9487380385398865,0.3121495246887207,2.1814661026000977,0.8746071457862854,,,,,,accurate
6280,62800.0,66292.20003890991,66319.60004043579,0,27.400001525878906,3519.600040435791,62840.0,True,141,140,True,0,0,False,False,19,False,False,risk_lstm,8,0.9233837723731995,0.3128507435321808,2.2243573665618896,0.8791249990463257,,,,,,accurate
6281,62810.0,66319.60004043579,66347.20004272461,0,27.60000228881836,3537.2000427246094,62850.0,True,142,141,True,1,1,False,False,18,False,False,risk_lstm,8,0.8679483532905579,0.3379707634449005,2.100318431854248,0.8916195034980774,,,,,,accurate
6282,62820.0,66347.20004272461,66365.40004348755,0,18.200000762939453,3545.400043487549,62860.0,True,143,142,True,1,1,False,False,17,False,False,risk_lstm,8,0.942631185054779,0.29938435554504395,2.029618978500366,0.9155550003051758,,,,,,accurate
6285,62850.0,66365.40004348755,66390.60004043579,0,25.199996948242188,3540.600040435791,62890.0,True,143,142,True,0,0,False,False,14,False,False,risk_lstm,8,0.9212327599525452,0.30259713530540466,2.212629556655884,0.8815168738365173,,,,,,accurate
6286,62860.0,66390.60004043579,66414.00004196167,0,23.400001525878906,3554.00004196167,62900.0,True,144,143,True,1,1,False,False,13,False,False,risk_lstm,8,0.9272315502166748,0.2966771125793457,2.2243242263793945,0.8795568346977234,,,,,,accurate
6290,62900.0,66414.00004196167,66439.40004348755,0,25.400001525878906,3539.400043487549,62940.0,True,144,143,True,0,0,False,False,9,False,False,risk_lstm,8,0.9192946553230286,0.2988641560077667,2.241173028945923,0.8791302442550659,,,,,,accurate
6291,62910.0,66439.40004348755,66460.7000465393,0,21.300003051757812,3550.7000465393066,62950.0,True,145,144,True,1,1,False,False,8,False,False,risk_lstm,8,0.9128156900405884,0.4009244441986084,2.148409843444824,0.8820317387580872,,,,,,accurate
6292,62920.0,66460.7000465393,66479.50004959106,0,18.800003051757812,3559.5000495910645,62960.0,True,145,144,True,0,0,False,False,7,False,False,risk_lstm,8,0.9324284195899963,0.3111434876918793,1.998016357421875,0.9209156632423401,,,,,,accurate
6293,62930.0,66479.50004959106,66499.700050354,0,20.200000762939453,3569.700050354004,62970.0,True,146,145,True,0,0,False,False,6,False,False,risk_lstm,8,0.9184210300445557,0.3628547489643097,2.0171120166778564,0.8981254696846008,,,,,,accurate
6294,62940.0,66499.700050354,66525.00005340576,0,25.300003051757812,3585.0000534057617,62980.0,True,146,145,True,0,0,False,False,5,False,False,risk_lstm,8,0.9015366435050964,0.30783355236053467,2.192142963409424,0.8845332264900208,,,,,,accurate
6295,62950.0,66525.00005340576,66548.40005493164,0,23.400001525878906,3598.4000549316406,62990.0,True,147,146,True,0,0,False,False,4,False,False,risk_lstm,8,0.9180219173431396,0.37826481461524963,2.1607167720794678,0.8751984238624573,,,,,,accurate
6297,62970.0,66548.40005493164,66569.50005722046,0,21.10000228881836,3599.500057220459,63010.0,True,148,147,True,0,0,False,False,2,True,False,risk_lstm,8,0.8828604221343994,0.4545034170150757,1.94649338722229,0.9014753103256226,,,,,,accurate
6298,62980.0,66569.50005722046,66591.40005874634,0,21.900001525878906,3611.400058746338,63020.0,True,148,147,True,0,0,False,False,1,True,False,risk_lstm,8,0.8975774645805359,0.4092608094215393,2.117568016052246,0.8786667585372925,,,,,,accurate
6302,63020.0,66591.40005874634,66612.40005874634,0,21.0,3592.400058746338,63060.0,True,148,147,True,0,0,False,False,97,False,False,risk_lstm,8,0.9402509927749634,0.3498559594154358,2.0416455268859863,0.9015252590179443,,,,,,accurate
6303,63030.0,66612.40005874634,66635.2000541687,0,22.79999542236328,3605.200054168701,63070.0,True,149,148,True,1,1,False,False,96,False,False,risk_lstm,8,0.9186934232711792,0.3505150377750397,2.0547802448272705,0.8917611241340637,,,,,,accurate
6304,63040.0,66635.2000541687,66655.2000541687,0,20.0,3615.200054168701,63080.0,True,149,148,True,1,1,False,False,95,False,False,risk_lstm,8,0.9369952082633972,0.32650959491729736,2.0471243858337402,0.9042486548423767,,,,,,accurate
6305,63050.0,66655.2000541687,66680.40005493164,0,25.200000762939453,3630.4000549316406,63090.0,True,150,149,True,0,0,False,False,94,False,False,risk_lstm,8,0.9250724911689758,0.3486041724681854,2.127476453781128,0.8650386929512024,,,,,,accurate
6309,63090.0,66680.40005493164,66701.50005722046,0,21.10000228881836,3611.500057220459,63130.0,True,150,149,True,0,0,False,False,90,False,False,risk_lstm,8,0.928382158279419,0.34449097514152527,2.144627571105957,0.8662049174308777,,,,,,accurate
6310,63100.0,66701.50005722046,66720.50005722046,0,19.0,3620.500057220459,63140.0,True,150,149,True,0,0,False,False,89,False,False,risk_lstm,8,0.9312101006507874,0.33110830187797546,1.9651753902435303,0.9178555011749268,,,,,,accurate
6311,63110.0,66720.50005722046,66753.80005645752,0,33.29999923706055,3643.8000564575195,63150.0,True,151,150,True,0,0,False,False,88,False,False,risk_lstm,8,0.9141706228256226,0.3059214949607849,2.1837189197540283,0.8789247274398804,,,,,,accurate
6314,63140.0,66753.80005645752,66777.50005340576,0,23.699996948242188,3637.5000534057617,63180.0,True,150,149,True,1,1,False,False,85,False,False,risk_lstm,8,0.9349044561386108,0.28053924441337585,2.216712236404419,0.8766015768051147,,,,,,accurate
6315,63150.0,66777.50005340576,66824.50005722046,0,47.000003814697266,3674.500057220459,63190.0,True,151,150,True,1,1,False,False,84,False,False,risk_lstm,8,0.9353997707366943,0.3360164761543274,2.1386969089508057,0.8796380758285522,,,,,,accurate
6318,63180.0,66824.50005722046,66842.7000579834,0,18.200000762939453,3662.7000579833984,63220.0,True,150,149,True,0,0,False,False,81,False,False,risk_lstm,8,0.9230058789253235,0.2575659453868866,2.004148483276367,0.9177038669586182,,,,,,accurate
6320,63200.0,66842.7000579834,66866.60005569458,0,23.89999771118164,3666.60005569458,63240.0,True,150,149,True,0,0,False,False,79,False,False,risk_lstm,8,0.9323209524154663,0.3050328195095062,2.1818735599517822,0.8721803426742554,,,,,,accurate
6321,63210.0,66866.60005569458,66887.7000541687,0,21.099998474121094,3677.700054168701,63250.0,True,151,150,True,1,1,False,False,78,False,False,risk_lstm,8,0.9285094141960144,0.312215656042099,2.1645162105560303,0.8734752535820007,,,,,,accurate
6325,63250.0,66887.7000541687,66910.90005111694,0,23.199996948242188,3660.9000511169434,63290.0,True,150,149,True,0,0,False,False,74,False,False,risk_lstm,8,0.9265861511230469,0.3063974976539612,2.2141993045806885,0.8734974265098572,,,,,,accurate
6327,63270.0,66910.90005111694,66931.200050354,0,20.299999237060547,3661.200050354004,63310.0,True,150,149,True,1,1,False,False,72,False,False,risk_lstm,8,0.9293015599250793,0.3692099452018738,2.1086318492889404,0.8774574398994446,,,,,,accurate
6328,63280.0,66931.200050354,66951.00004959106,0,19.799999237060547,3671.0000495910645,63320.0,True,151,150,True,0,0,False,False,71,False,False,risk_lstm,8,0.9340196847915649,0.33591124415397644,2.0763585567474365,0.8932877779006958,,,,,,accurate
6329,63290.0,66951.00004959106,66973.30004882812,0,22.299999237060547,3683.300048828125,63330.0,True,151,150,True,0,0,False,False,70,False,False,risk_lstm,8,0.9485633969306946,0.32068538665771484,2.1267943382263184,0.8714612722396851,,,,,,accurate
6331,63310.0,66973.30004882812,66996.2000465393,0,22.89999771118164,3686.2000465393066,63350.0,True,152,151,True,0,0,False,False,68,False,False,risk_lstm,8,0.9291016459465027,0.41086822748184204,2.0736947059631348,0.8801243901252747,,,,,,accurate
6332,63320.0,66996.2000465393,67016.80004501343,0,20.599998474121094,3696.8000450134277,63360.0,True,152,151,True,0,0,False,False,67,False,False,risk_lstm,8,0.9030677676200867,0.43006831407546997,2.056481122970581,0.8765765428543091,,,,,,accurate
6333,63330.0,67016.80004501343,67035.00004577637,0,18.200000762939453,3705.000045776367,63370.0,True,153,152,True,0,0,False,False,66,False,False,risk_lstm,8,0.9322758913040161,0.319227397441864,2.0296671390533447,0.9119318723678589,,,,,,accurate
6336,63360.0,67035.00004577637,67068.30004882812,0,33.30000305175781,3708.300048828125,63400.0,True,152,151,True,1,1,False,False,63,False,False,risk_lstm,8,0.9390233159065247,0.3154276907444,2.1686253547668457,0.8646860122680664,,,,,,accurate
6338,63380.0,67068.30004882812,67095.80004882812,0,27.5,3715.800048828125,63420.0,True,153,152,True,1,1,False,False,61,False,False,risk_lstm,8,0.9119685888290405,0.32353854179382324,2.216454267501831,0.8799108266830444,,,,,,accurate
6341,63410.0,67095.80004882812,67118.50004959106,0,22.700000762939453,3708.5000495910645,63450.0,True,152,151,True,0,0,False,False,58,False,False,risk_lstm,8,0.9268485903739929,0.31706395745277405,2.241466999053955,0.8734275698661804,,,,,,accurate
6344,63440.0,67118.50004959106,67138.40005111694,0,19.900001525878906,3698.4000511169434,63480.0,True,152,151,True,0,0,False,False,55,False,False,risk_lstm,8,0.9413430094718933,0.3144563138484955,2.0653417110443115,0.8995844721794128,,,,,,accurate
6351,63510.0,67138.40005111694,67167.700050354,0,29.299999237060547,3657.700050354004,63550.0,True,150,149,True,1,1,False,False,48,False,False,risk_lstm,8,0.848058819770813,0.3594115376472473,1.9692027568817139,0.8865195512771606,,,,,,accurate
6353,63530.0,67167.700050354,67196.40005111694,0,28.700000762939453,3666.4000511169434,63570.0,True,150,149,True,0,0,False,False,46,False,False,risk_lstm,8,0.9422727823257446,0.30900654196739197,2.061551332473755,0.8951221108436584,,,,,,accurate
6354,63540.0,67196.40005111694,67221.80004882812,0,25.39999771118164,3681.800048828125,63580.0,True,151,150,True,0,0,False,False,45,False,False,risk_lstm,8,0.9271876811981201,0.29085639119148254,2.201510429382324,0.8756495714187622,,,,,,accurate
6357,63570.0,67221.80004882812,67241.60004806519,0,19.799999237060547,3671.6000480651855,63610.0,True,151,150,True,0,0,False,False,42,False,False,risk_lstm,8,0.9229126572608948,0.4100876450538635,2.066079616546631,0.8835257887840271,,,,,,accurate
6359,63590.0,67241.60004806519,67264.40005111694,0,22.800003051757812,3674.4000511169434,63630.0,True,151,150,True,0,0,False,False,40,False,False,risk_lstm,8,0.8999770879745483,0.40087050199508667,2.183344841003418,0.8741291761398315,,,,,,accurate
6365,63650.0,67264.40005111694,67284.10005187988,0,19.700000762939453,3634.100051879883,63690.0,True,149,148,True,0,0,False,False,34,False,False,risk_lstm,8,0.9028339982032776,0.3757423162460327,2.104116201400757,0.8858461976051331,,,,,,accurate
6369,63690.0,67284.10005187988,67306.30005264282,0,22.200000762939453,3616.3000526428223,63730.0,True,149,148,True,0,0,False,False,30,False,False,risk_lstm,8,0.9087080955505371,0.3522319495677948,2.1993229389190674,0.8745877146720886,,,,,,accurate
6370,63700.0,67306.30005264282,67336.50005340576,0,30.200000762939453,3636.5000534057617,63740.0,True,149,148,True,0,0,False,False,29,False,False,risk_lstm,8,0.8771790266036987,0.3920772075653076,2.171567440032959,0.8803030252456665,,,,,,accurate
6372,63720.0,67336.50005340576,67356.10005187988,0,19.599998474121094,3636.100051879883,63760.0,True,150,149,True,0,0,False,False,27,False,False,risk_lstm,8,0.9171326756477356,0.4896261394023895,1.9570019245147705,0.8965839743614197,,,,,,accurate
6375,63750.0,67356.10005187988,67380.50005340576,0,24.400001525878906,3630.5000534057617,63790.0,True,149,148,True,0,0,False,False,24,False,False,risk_lstm,8,0.9082477688789368,0.43234848976135254,2.1464245319366455,0.869061291217804,,,,,,accurate
6379,63790.0,67380.50005340576,67401.30005645752,0,20.800003051757812,3611.3000564575195,63830.0,True,148,147,True,0,0,False,False,20,False,False,risk_lstm,8,0.9120302796363831,0.39359405636787415,2.12213397026062,0.87143474817276,,,,,,accurate
6381,63810.0,67401.30005645752,67431.00005722046,0,29.700000762939453,3621.000057220459,63850.0,True,149,148,True,1,1,False,False,18,False,False,risk_lstm,8,0.8544882535934448,0.428373783826828,2.041879892349243,0.8854005336761475,,,,,,accurate
6388,63880.0,67431.00005722046,67456.80005645752,0,25.799999237060547,3576.8000564575195,63920.0,True,146,145,True,0,0,False,False,11,False,False,risk_lstm,8,0.89776611328125,0.44738298654556274,2.150219678878784,0.8734246492385864,,,,,,accurate
6391,63910.0,67456.80005645752,67476.90005493164,0,20.099998474121094,3566.9000549316406,63950.0,True,146,145,True,0,0,False,False,8,False,False,risk_lstm,8,0.9264960289001465,0.3969573974609375,2.054551124572754,0.8987924456596375,,,,,,accurate
6395,63950.0,67476.90005493164,67499.40005493164,0,22.5,3549.4000549316406,63990.0,True,145,144,True,0,0,False,False,4,False,False,risk_lstm,8,0.9078304767608643,0.3831540644168854,2.112746477127075,0.8769106268882751,,,,,,accurate
6396,63960.0,67499.40005493164,67521.10005569458,0,21.700000762939453,3561.10005569458,64000.0,True,146,145,True,0,0,False,False,3,False,False,risk_lstm,8,0.937917947769165,0.31487926840782166,2.0705509185791016,0.9021176695823669,,,,,,accurate
6397,63970.0,67521.10005569458,67542.00005722046,0,20.900001525878906,3572.000057220459,64010.0,True,147,146,True,0,0,False,False,2,True,False,risk_lstm,8,0.9306657910346985,0.37294450402259827,2.12630033493042,0.869429349899292,,,,,,accurate
6399,63990.0,67542.00005722046,67560.80006027222,0,18.800003051757812,3570.800060272217,64030.0,True,147,146,True,0,0,False,True,0,True,False,risk_lstm,8,0.9363572001457214,0.29735222458839417,2.0259206295013428,0.9052248001098633,,,,,,accurate
6410,64100.0,67560.80006027222,67580.40006256104,0,19.60000228881836,3480.400062561035,64140.0,True,145,144,True,0,0,False,False,89,False,False,risk_lstm,8,0.9344732165336609,0.2804127037525177,1.9801881313323975,0.9170765280723572,,,,,,accurate
6412,64120.0,67580.40006256104,67605.10005950928,0,24.699996948242188,3485.1000595092773,64160.0,True,145,144,True,0,0,False,False,87,False,False,risk_lstm,8,0.9294434189796448,0.2825171649456024,2.1269774436950684,0.8840510249137878,,,,,,accurate
6415,64150.0,67605.10005950928,67622.2000579834,0,17.099998474121094,3472.2000579833984,64190.0,True,145,144,True,1,1,False,False,84,False,False,risk_lstm,8,0.9443175792694092,0.19318413734436035,1.98983633518219,0.923346221446991,,,,,,accurate
6419,64190.0,67622.2000579834,67655.50005722046,0,33.29999923706055,3465.500057220459,64230.0,True,144,143,True,1,1,False,False,80,False,False,risk_lstm,8,0.9171475768089294,0.2503906786441803,1.986632227897644,0.877213180065155,,,,,,accurate
6421,64210.0,67655.50005722046,67679.00005722046,0,23.5,3469.000057220459,64250.0,True,144,143,True,0,0,False,False,78,False,False,risk_lstm,8,0.9526405930519104,0.22458785772323608,2.1930503845214844,0.875441312789917,,,,,,accurate
6422,64220.0,67679.00005722046,67703.60005569458,0,24.599998474121094,3483.60005569458,64260.0,True,144,143,True,0,0,False,False,77,False,False,risk_lstm,8,0.9014421701431274,0.2674846351146698,2.20219349861145,0.8883726596832275,,,,,,accurate
6423,64230.0,67703.60005569458,67724.60005569458,0,21.0,3494.60005569458,64270.0,True,145,144,True,0,0,False,False,76,False,False,risk_lstm,8,0.948159396648407,0.24424299597740173,2.1600091457366943,0.8818753361701965,,,,,,accurate
6426,64260.0,67724.60005569458,67742.80005645752,0,18.200000762939453,3482.8000564575195,64300.0,True,145,144,True,0,0,False,False,73,False,False,risk_lstm,8,0.9278848767280579,0.28665176033973694,2.0288400650024414,0.9061905741691589,,,,,,accurate
6427,64270.0,67742.80005645752,67760.50005722046,0,17.700000762939453,3490.500057220459,64310.0,True,145,144,True,0,0,False,False,72,False,False,risk_lstm,8,0.9111258387565613,0.2245297133922577,1.9495728015899658,0.928398847579956,,,,,,accurate
6430,64300.0,67760.50005722046,67781.80006027222,0,21.300003051757812,3481.800060272217,64340.0,True,145,144,True,1,1,False,False,69,False,False,risk_lstm,8,0.9466282725334167,0.2269357442855835,2.1062564849853516,0.8861243724822998,,,,,,accurate
6431,64310.0,67781.80006027222,67812.50006103516,0,30.700000762939453,3502.5000610351562,64350.0,True,146,145,True,0,0,False,False,68,False,False,risk_lstm,8,0.9172874093055725,0.3043682277202606,2.1408355236053467,0.8814190626144409,,,,,,accurate
6432,64320.0,67812.50006103516,67829.10005950928,0,16.599998474121094,3509.1000595092773,64360.0,True,147,146,True,0,0,False,False,67,False,False,risk_lstm,8,0.8660785555839539,0.25024673342704773,1.9197964668273926,0.9360742568969727,,,,,,accurate
6433,64330.0,67829.10005950928,67850.2000617981,0,21.10000228881836,3520.2000617980957,64370.0,True,147,146,True,0,0,False,False,66,False,False,risk_lstm,8,0.9324113130569458,0.25369206070899963,2.0607492923736572,0.8965045213699341,,,,,,accurate
6435,64350.0,67850.2000617981,67874.60006332397,0,24.400001525878906,3524.6000633239746,64390.0,True,148,147,True,1,1,False,False,64,False,False,risk_lstm,8,0.9281357526779175,0.22959943115711212,2.1415109634399414,0.8739851117134094,,,,,,accurate
6438,64380.0,67874.60006332397,67898.7000617981,0,24.099998474121094,3518.7000617980957,64420.0,True,148,147,True,0,0,False,False,61,False,False,risk_lstm,8,0.9239564538002014,0.28087297081947327,2.0778584480285645,0.8917292952537537,,,,,,accurate
6441,64410.0,67898.7000617981,67917.50006484985,0,18.800003051757812,3507.5000648498535,64450.0,True,147,146,True,0,0,False,False,58,False,False,risk_lstm,8,0.8943650722503662,0.23064158856868744,1.9559354782104492,0.934131383895874,,,,,,accurate
6443,64430.0,67917.50006484985,67939.60006713867,0,22.10000228881836,3509.600067138672,64470.0,True,147,146,True,0,0,False,False,56,False,False,risk_lstm,8,0.9558734893798828,0.21702705323696136,2.15301251411438,0.8734228610992432,,,,,,accurate
6444,64440.0,67939.60006713867,67959.90006637573,0,20.299999237060547,3519.9000663757324,64480.0,True,148,147,True,0,0,False,False,55,False,False,risk_lstm,8,0.9123595952987671,0.3061193823814392,2.0157899856567383,0.9047312140464783,,,,,,accurate
6447,64470.0,67959.90006637573,67984.60006713867,0,24.700000762939453,3514.600067138672,64510.0,True,147,146,True,1,1,False,False,52,False,False,risk_lstm,8,0.8976913690567017,0.260280042886734,2.1329386234283447,0.8831827044487,,,,,,accurate
6448,64480.0,67984.60006713867,68007.7000656128,0,23.099998474121094,3527.700065612793,64520.0,True,148,147,True,1,1,False,False,51,False,False,risk_lstm,8,0.9371257424354553,0.2978784739971161,2.2324774265289307,0.8754628300666809,,,,,,accurate
6451,64510.0,68007.7000656128,68028.10006332397,0,20.39999771118164,3518.1000633239746,64550.0,True,148,147,True,0,0,False,False,48,False,False,risk_lstm,8,0.948712944984436,0.31231629848480225,2.1338255405426025,0.8774674534797668,,,,,,accurate
6452,64520.0,68028.10006332397,68046.60006713867,0,18.500003814697266,3526.600067138672,64560.0,True,148,147,True,0,0,False,False,47,False,False,risk_lstm,8,0.8630239367485046,0.16291196644306183,1.9947991371154785,0.9301053285598755,,,,,,accurate
6453,64530.0,68046.60006713867,68068.90006256104,0,22.29999542236328,3538.900062561035,64570.0,True,149,148,True,0,0,False,False,46,False,False,risk_lstm,8,0.9520540237426758,0.23601265251636505,2.1978204250335693,0.8806314468383789,,,,,,accurate
6455,64550.0,68068.90006256104,68093.80006027222,0,24.89999771118164,3543.800060272217,64590.0,True,149,148,True,1,1,False,False,44,False,False,risk_lstm,8,0.9391407370567322,0.2899584472179413,2.2415249347686768,0.8792600631713867,,,,,,accurate
6458,64580.0,68093.80006027222,68113.90005874634,0,20.099998474121094,3533.900058746338,64620.0,True,148,147,True,1,1,False,False,41,False,False,risk_lstm,8,0.9380558729171753,0.28630730509757996,2.095477819442749,0.8920038938522339,,,,,,accurate
6459,64590.0,68113.90005874634,68135.40005874634,0,21.5,3545.400058746338,64630.0,True,149,148,True,1,1,False,False,40,False,False,risk_lstm,8,0.9216727018356323,0.33974239230155945,2.090191125869751,0.8837255835533142,,,,,,accurate
6461,64610.0,68135.40005874634,68156.7000579834,0,21.299999237060547,3546.7000579833984,64650.0,True,149,148,True,0,0,False,False,38,False,False,risk_lstm,8,0.9245142936706543,0.33963316679000854,2.120025873184204,0.8743621110916138,,,,,,accurate
6462,64620.0,68156.7000579834,68180.30006027222,0,23.60000228881836,3560.300060272217,64660.0,True,150,149,True,0,0,False,False,37,False,False,risk_lstm,8,0.93206787109375,0.324855774641037,2.1881520748138428,0.8672212958335876,,,,,,accurate
6468,64680.0,68180.30006027222,68206.40005874634,0,26.099998474121094,3526.400058746338,64720.0,True,148,147,True,1,1,False,False,31,False,False,risk_lstm,8,0.920698344707489,0.34363889694213867,2.148719549179077,0.8740535378456116,,,,,,accurate
6469,64690.0,68206.40005874634,68233.40006256104,0,27.000003814697266,3543.400062561035,64730.0,True,149,148,True,0,0,False,False,30,False,False,risk_lstm,8,0.8804841041564941,0.41926437616348267,2.1575496196746826,0.875160276889801,,,,,,accurate
6470,64700.0,68233.40006256104,68255.10005950928,0,21.699996948242188,3555.1000595092773,64740.0,True,149,148,True,1,1,False,False,29,False,False,risk_lstm,8,0.9189087748527527,0.4392909109592438,2.1524200439453125,0.8690903782844543,,,,,,accurate
6471,64710.0,68255.10005950928,68274.30005645752,0,19.199996948242188,3564.3000564575195,64750.0,True,150,149,True,0,0,False,False,28,False,False,risk_lstm,8,0.9111260175704956,0.48927825689315796,1.9028346538543701,0.9056605100631714,,,,,,accurate
6478,64780.0,68274.30005645752,68293.50005722046,0,19.200000762939453,3513.500057220459,64820.0,True,148,147,True,0,0,False,False,21,False,False,risk_lstm,8,0.8982450366020203,0.3886398673057556,1.967592716217041,0.9030579924583435,,,,,,accurate
6479,64790.0,68293.50005722046,68314.90005493164,0,21.39999771118164,3524.9000549316406,64830.0,True,149,148,True,0,0,False,False,20,False,False,risk_lstm,8,0.8948714137077332,0.3933340907096863,2.0787415504455566,0.8801524639129639,,,,,,accurate
6481,64810.0,68314.90005493164,68336.7000541687,0,21.799999237060547,3526.700054168701,64850.0,True,149,148,True,0,0,False,False,18,False,False,risk_lstm,8,0.9288451671600342,0.36999109387397766,2.1357553005218506,0.8636522889137268,,,,,,accurate
6482,64820.0,68336.7000541687,68353.80005645752,0,17.10000228881836,3533.8000564575195,64860.0,True,149,148,True,1,1,False,False,17,False,False,risk_lstm,8,0.9400272965431213,0.2655757665634155,1.9936957359313965,0.914252519607544,,,,,,accurate
6483,64830.0,68353.80005645752,68383.40005874634,0,29.60000228881836,3553.400058746338,64870.0,True,150,149,True,1,1,False,False,16,False,False,risk_lstm,8,0.9118639230728149,0.38045230507850647,2.0653953552246094,0.8859116435050964,,,,,,accurate
6484,64840.0,68383.40005874634,68404.30006027222,0,20.900001525878906,3564.300060272217,64880.0,True,151,150,True,0,0,False,False,15,False,False,risk_lstm,8,0.9140558838844299,0.3425351083278656,2.122412919998169,0.8827932476997375,,,,,,accurate
6488,64880.0,68404.30006027222,68436.60005950928,0,32.29999923706055,3556.6000595092773,64920.0,True,150,149,True,0,0,False,False,11,False,False,risk_lstm,8,0.9238151907920837,0.3772572875022888,2.070559501647949,0.8837100863456726,,,,,,accurate
6492,64920.0,68436.60005950928,68459.80006027222,0,23.200000762939453,3539.800060272217,64960.0,True,149,148,True,1,1,False,False,7,False,False,risk_lstm,8,0.9478549361228943,0.29407069087028503,2.087205171585083,0.9013989567756653,,,,,,accurate
6494,64940.0,68459.80006027222,68482.30006027222,0,22.5,3542.300060272217,64980.0,True,150,149,True,0,0,False,False,5,False,False,risk_lstm,8,0.9353204965591431,0.3181203007698059,2.1703617572784424,0.863205075263977,,,,,,accurate
6495,64950.0,68482.30006027222,68506.30006027222,0,24.0,3556.300060272217,64990.0,True,151,150,True,1,1,False,False,4,False,False,risk_lstm,8,0.9076638221740723,0.35309022665023804,2.1897177696228027,0.8749890327453613,,,,,,accurate
6497,64970.0,68506.30006027222,68523.7000617981,0,17.400001525878906,3553.7000617980957,65010.0,True,151,150,True,0,0,False,False,2,True,False,risk_lstm,8,0.925048291683197,0.2660420835018158,1.92034912109375,0.927091121673584,,,,,,accurate
6498,64980.0,68523.7000617981,68543.50006484985,0,19.800003051757812,3563.5000648498535,65020.0,True,151,150,True,0,0,False,False,1,True,False,risk_lstm,8,0.8931262493133545,0.3432372212409973,2.0619068145751953,0.8953670859336853,,,,,,accurate
6499,64990.0,68543.50006484985,68564.30006408691,0,20.799999237060547,3574.300064086914,65030.0,True,152,151,True,0,0,False,True,0,True,False,risk_lstm,8,0.9154069423675537,0.33065536618232727,2.084669351577759,0.8850654363632202,,,,,,accurate
6501,65010.0,68564.30006408691,68587.00006484985,0,22.700000762939453,3577.0000648498535,65050.0,True,152,151,True,0,0,False,False,98,False,False,risk_lstm,8,0.9204651713371277,0.3121889531612396,1.9717237949371338,0.9068973064422607,,,,,,accurate
6505,65050.0,68587.00006484985,68612.00006484985,0,25.0,3562.0000648498535,65090.0,True,151,150,True,1,1,False,False,94,False,False,risk_lstm,8,0.9466946125030518,0.28088822960853577,2.154017210006714,0.8697800636291504,,,,,,accurate
6506,65060.0,68612.00006484985,68635.40006637573,0,23.400001525878906,3575.4000663757324,65100.0,True,152,151,True,1,1,False,False,93,False,False,risk_lstm,8,0.9329658150672913,0.31748947501182556,2.1974947452545166,0.8711321353912354,,,,,,accurate
6512,65120.0,68635.40006637573,68655.80006408691,0,20.39999771118164,3535.800064086914,65160.0,True,150,149,True,1,1,False,False,87,False,False,risk_lstm,8,0.9424956440925598,0.29254379868507385,2.0117640495300293,0.9147768616676331,,,,,,accurate
6514,65140.0,68655.80006408691,68683.40006256104,0,27.599998474121094,3543.400062561035,65180.0,True,150,149,True,0,0,False,False,85,False,False,risk_lstm,8,0.9421754479408264,0.25591450929641724,2.200162649154663,0.8740454912185669,,,,,,accurate
6518,65180.0,68683.40006256104,68704.40006256104,0,21.0,3524.400062561035,65220.0,True,149,148,True,0,0,False,False,81,False,False,risk_lstm,8,0.9059696793556213,0.3360139727592468,2.1004281044006348,0.8896185159683228,,,,,,accurate
6519,65190.0,68704.40006256104,68722.7000656128,0,18.300003051757812,3532.700065612793,65230.0,True,149,148,True,1,1,False,False,80,False,False,risk_lstm,8,0.9521894454956055,0.21021753549575806,2.039966344833374,0.9193585515022278,,,,,,accurate
6522,65220.0,68722.7000656128,68737.60006332397,0,14.89999771118164,3517.6000633239746,65260.0,True,149,148,True,0,0,False,False,77,False,False,risk_lstm,8,0.8480743765830994,0.12575295567512512,2.0201103687286377,0.917466402053833,,,,,,accurate
6523,65230.0,68737.60006332397,68761.50006103516,0,23.89999771118164,3531.5000610351562,65270.0,True,150,149,True,1,1,False,False,76,False,False,risk_lstm,8,0.9484823942184448,0.20663982629776,2.1426851749420166,0.8843772411346436,,,,,,accurate
6531,65310.0,68761.50006103516,68782.90005874634,0,21.39999771118164,3472.900058746338,65350.0,True,147,146,True,0,0,False,False,68,False,False,risk_lstm,8,0.9437585473060608,0.2244156152009964,2.1558072566986084,0.8816825151443481,,,,,,accurate
6533,65330.0,68782.90005874634,68802.40005874634,0,19.5,3472.400058746338,65370.0,True,148,147,True,0,0,False,False,66,False,False,risk_lstm,8,0.9276720285415649,0.257677286863327,2.0921714305877686,0.8916544318199158,,,,,,accurate
6542,65420.0,68802.40005874634,68821.10005950928,0,18.700000762939453,3401.1000595092773,65460.0,True,144,143,True,1,1,False,False,57,False,False,risk_lstm,8,0.9277811050415039,0.23676100373268127,2.1044161319732666,0.887041449546814,,,,,,accurate
6543,65430.0,68821.10005950928,68844.50005722046,0,23.39999771118164,3414.500057220459,65470.0,True,145,144,True,0,0,False,False,56,False,False,risk_lstm,8,0.9176343083381653,0.2609435021877289,2.1582062244415283,0.8784284591674805,,,,,,accurate
6545,65450.0,68844.50005722046,68868.2000579834,0,23.700000762939453,3418.2000579833984,65490.0,True,145,144,True,1,1,False,False,54,False,False,risk_lstm,8,0.915031909942627,0.2817670404911041,2.205716133117676,0.8835383057594299,,,,,,accurate
6552,65520.0,68868.2000579834,68897.80005645752,0,29.599998474121094,3377.8000564575195,65560.0,True,143,142,True,0,0,False,False,47,False,False,risk_lstm,8,0.952261745929718,0.3218795359134674,2.044438600540161,0.8971100449562073,,,,,,accurate
6553,65530.0,68897.80005645752,68944.40005874634,0,46.60000228881836,3414.400058746338,65570.0,True,144,143,True,0,0,False,False,46,False,False,risk_lstm,8,0.8998672962188721,0.43433111906051636,2.159956932067871,0.874767541885376,,,,,,accurate
6554,65540.0,68944.40005874634,68986.40006256104,0,42.000003814697266,3446.400062561035,65580.0,True,145,144,True,0,0,False,False,45,False,False,risk_lstm,8,0.9251689910888672,0.3800981938838959,2.135150909423828,0.8768448233604431,,,,,,accurate
6559,65590.0,68986.40006256104,69015.30006027222,0,28.89999771118164,3425.300060272217,65630.0,True,145,144,True,0,0,False,False,40,False,False,risk_lstm,8,0.8710711002349854,0.36674776673316956,2.1198415756225586,0.890356719493866,,,,,,accurate
6567,65670.0,69015.30006027222,69037.00006484985,0,21.70000457763672,3367.0000648498535,65710.0,True,143,142,True,0,0,False,False,32,False,False,risk_lstm,8,0.921292245388031,0.39045897126197815,2.187920331954956,0.8708366751670837,,,,,,accurate
6568,65680.0,69037.00006484985,69058.60006332397,0,21.599998474121094,3378.6000633239746,65720.0,True,144,143,True,0,0,False,False,31,False,False,risk_lstm,8,0.9345495104789734,0.40041500329971313,2.165031671524048,0.8668152689933777,,,,,,accurate
6571,65710.0,69058.60006332397,69079.60006332397,0,21.0,3369.6000633239746,65750.0,True,144,143,True,0,0,False,False,28,False,False,risk_lstm,8,0.9227159023284912,0.3894801437854767,2.112595796585083,0.8762232065200806,,,,,,accurate
6572,65720.0,69079.60006332397,69101.7000656128,0,22.10000228881836,3381.700065612793,65760.0,True,144,143,True,0,0,False,False,27,False,False,risk_lstm,8,0.9095360040664673,0.41874465346336365,2.1481385231018066,0.8701766133308411,,,,,,accurate
6573,65730.0,69101.7000656128,69125.40006637573,0,23.700000762939453,3395.4000663757324,65770.0,True,145,144,True,0,0,False,False,26,False,False,risk_lstm,8,0.9296298623085022,0.41524332761764526,2.1434693336486816,0.8612432479858398,,,,,,accurate
6575,65750.0,69125.40006637573,69146.50006866455,0,21.10000228881836,3396.500068664551,65790.0,True,146,145,True,0,0,False,False,24,False,False,risk_lstm,8,0.9162120223045349,0.4295981228351593,2.1447274684906006,0.8634571433067322,,,,,,accurate
6576,65760.0,69146.50006866455,69165.20006942749,0,18.700000762939453,3405.2000694274902,65800.0,True,146,145,True,0,0,False,False,23,False,False,risk_lstm,8,0.9111626744270325,0.41915684938430786,1.8822301626205444,0.9302346706390381,,,,,,accurate
6577,65770.0,69165.20006942749,69183.60006713867,0,18.39999771118164,3413.600067138672,65810.0,True,147,146,True,1,1,False,False,22,False,False,risk_lstm,8,0.9558841586112976,0.27741071581840515,2.116025686264038,0.9058173894882202,,,,,,accurate
6583,65830.0,69183.60006713867,69204.20006942749,0,20.60000228881836,3374.2000694274902,65870.0,True,146,145,True,0,0,False,False,16,False,False,risk_lstm,8,0.9367407560348511,0.32561975717544556,2.135199785232544,0.8750163912773132,,,,,,accurate
6584,65840.0,69204.20006942749,69233.00007247925,0,28.800003051757812,3393.000072479248,65880.0,True,146,145,True,1,1,False,False,15,False,False,risk_lstm,8,0.9146584272384644,0.31780922412872314,2.1828455924987793,0.878690242767334,,,,,,accurate
6587,65870.0,69233.00007247925,69260.10007476807,0,27.10000228881836,3390.1000747680664,65910.0,True,146,145,True,0,0,False,False,12,False,False,risk_lstm,8,0.8697571754455566,0.32934513688087463,2.0467772483825684,0.8907232284545898,,,,,,accurate
6589,65890.0,69260.10007476807,69284.300075531,0,24.200000762939453,3394.300075531006,65930.0,True,146,145,True,0,0,False,False,10,False,False,risk_lstm,8,0.9170639514923096,0.376716673374176,2.141481637954712,0.8839254379272461,,,,,,accurate
6591,65910.0,69284.300075531,69300.40007400513,0,16.099998474121094,3390.400074005127,65950.0,True,146,145,True,0,0,False,False,8,False,False,risk_lstm,8,0.9140900373458862,0.22166261076927185,1.9544188976287842,0.9310234785079956,,,,,,accurate
6592,65920.0,69300.40007400513,69324.50007629395,0,24.10000228881836,3404.5000762939453,65960.0,True,147,146,True,0,0,False,False,7,False,False,risk_lstm,8,0.9464494585990906,0.2357383519411087,2.2340312004089355,0.8795516490936279,,,,,,accurate
6595,65950.0,69324.50007629395,69345.40007400513,0,20.89999771118164,3395.400074005127,65990.0,True,147,146,True,0,0,False,False,4,False,False,risk_lstm,8,0.9441434741020203,0.2536153495311737,2.0982298851013184,0.8933812975883484,,,,,,accurate
6596,65960.0,69345.40007400513,69371.90007019043,0,26.499996185302734,3411.9000701904297,66000.0,True,147,146,True,0,0,False,False,3,False,False,risk_lstm,8,0.9326187372207642,0.34379303455352783,2.147545576095581,0.8723986148834229,,,,,,accurate
6597,65970.0,69371.90007019043,69395.00006484985,0,23.099994659423828,3425.0000648498535,66010.0,True,148,147,True,1,1,False,False,2,True,False,risk_lstm,8,0.9286388158798218,0.3226303458213806,2.145940065383911,0.8738602995872498,,,,,,accurate
6599,65990.0,69395.00006484985,69419.2000617981,0,24.199996948242188,3429.2000617980957,66030.0,True,148,147,True,0,0,False,True,0,True,False,risk_lstm,8,0.9256410598754883,0.3445527255535126,2.211688756942749,0.8701462149620056,,,,,,accurate
6603,66030.0,69419.2000617981,69439.10006713867,0,19.900005340576172,3409.100067138672,66070.0,True,148,147,True,0,0,False,False,96,False,False,risk_lstm,8,0.9427950978279114,0.312486469745636,1.9996764659881592,0.9187583923339844,,,,,,accurate
6605,66050.0,69439.10006713867,69464.7000656128,0,25.599998474121094,3414.700065612793,66090.0,True,148,147,True,0,0,False,False,94,False,False,risk_lstm,8,0.9145408868789673,0.332896888256073,2.111677885055542,0.8856506943702698,,,,,,accurate
6608,66080.0,69464.7000656128,69485.30006790161,0,20.60000228881836,3405.3000679016113,66120.0,True,148,147,True,1,1,False,False,91,False,False,risk_lstm,8,0.9104135632514954,0.40465742349624634,2.130927562713623,0.8724514245986938,,,,,,accurate
6609,66090.0,69485.30006790161,69505.60007095337,0,20.300003051757812,3415.600070953369,66130.0,True,148,147,True,0,0,False,False,90,False,False,risk_lstm,8,0.91963130235672,0.42364078760147095,2.091836929321289,0.8748070597648621,,,,,,accurate
6613,66130.0,69505.60007095337,69525.80007171631,0,20.200000762939453,3395.8000717163086,66170.0,True,148,147,True,0,0,False,False,86,False,False,risk_lstm,8,0.9283132553100586,0.39639729261398315,2.0698330402374268,0.8849942088127136,,,,,,accurate
6616,66160.0,69525.80007171631,69553.00007247925,0,27.200000762939453,3393.000072479248,66200.0,True,147,146,True,1,1,False,False,83,False,False,risk_lstm,8,0.8922079801559448,0.38989442586898804,2.1581735610961914,0.880526602268219,,,,,,accurate
6620,66200.0,69553.00007247925,69571.70007324219,0,18.700000762939453,3371.7000732421875,66240.0,True,146,145,True,0,0,False,False,79,False,False,risk_lstm,8,0.922232449054718,0.32876506447792053,1.999935269355774,0.9156815409660339,,,,,,accurate
6621,66210.0,69571.70007324219,69593.00007247925,0,21.299999237060547,3383.000072479248,66250.0,True,147,146,True,0,0,False,False,78,False,False,risk_lstm,8,0.9388521313667297,0.2962627410888672,2.191486120223999,0.8709543347358704,,,,,,accurate
6624,66240.0,69593.00007247925,69621.50007247925,0,28.5,3381.500072479248,66280.0,True,147,146,True,0,0,False,False,75,False,False,risk_lstm,8,0.9444417357444763,0.3763110041618347,2.112037181854248,0.8745480179786682,,,,,,accurate
6628,66280.0,69621.50007247925,69641.00007247925,0,19.5,3361.000072479248,66320.0,True,146,145,True,0,0,False,False,71,False,False,risk_lstm,8,0.917722225189209,0.42654117941856384,1.9882426261901855,0.8940093517303467,,,,,,accurate
6630,66300.0,69641.00007247925,69666.40007400513,0,25.400001525878906,3366.400074005127,66340.0,True,146,145,True,1,1,False,False,69,False,False,risk_lstm,8,0.8811023235321045,0.36448633670806885,2.134662628173828,0.8862293362617493,,,,,,accurate
6631,66310.0,69666.40007400513,69687.10007476807,0,20.700000762939453,3377.1000747680664,66350.0,True,147,146,True,1,1,False,False,68,False,False,risk_lstm,8,0.9272410869598389,0.3348725438117981,2.16953182220459,0.8741247653961182,,,,,,accurate
6632,66320.0,69687.10007476807,69707.90007400513,0,20.799999237060547,3387.900074005127,66360.0,True,147,146,True,0,0,False,False,67,False,False,risk_lstm,8,0.9225461483001709,0.3850948214530945,2.1310455799102783,0.8789040446281433,,,,,,accurate
6633,66330.0,69707.90007400513,69733.80007171631,0,25.89999771118164,3403.8000717163086,66370.0,True,148,147,True,0,0,False,False,66,False,False,risk_lstm,8,0.9141265749931335,0.3976033329963684,2.1833689212799072,0.8728007078170776,,,,,,accurate
6635,66350.0,69733.80007171631,69752.20007324219,0,18.400001525878906,3402.2000732421875,66390.0,True,148,147,True,1,1,False,False,64,False,False,risk_lstm,8,0.8958466649055481,0.3297126889228821,1.9178614616394043,0.9269290566444397,,,,,,accurate
6636,66360.0,69752.20007324219,69787.60007476807,0,35.400001525878906,3427.6000747680664,66400.0,True,149,148,True,1,1,False,False,63,False,False,risk_lstm,8,0.9327646493911743,0.32107406854629517,2.1602675914764404,0.8700421452522278,,,,,,accurate
6645,66450.0,69787.60007476807,69811.70007705688,0,24.10000228881836,3361.7000770568848,66490.0,True,146,145,True,0,0,False,False,54,False,False,risk_lstm,8,0.9321832656860352,0.34629079699516296,2.0577497482299805,0.8886227011680603,,,,,,accurate
6646,66460.0,69811.70007705688,69836.70007705688,0,25.0,3376.7000770568848,66500.0,True,147,146,True,0,0,False,False,53,False,False,risk_lstm,8,0.9294232726097107,0.32896673679351807,2.191617727279663,0.8691665530204773,,,,,,accurate
6650,66500.0,69836.70007705688,69859.00008010864,0,22.300003051757812,3359.0000801086426,66540.0,True,145,144,True,0,0,False,False,49,False,False,risk_lstm,8,0.9205260276794434,0.34465864300727844,2.2142622470855713,0.8724185824394226,,,,,,accurate
6651,66510.0,69859.00008010864,69880.60007858276,0,21.599998474121094,3370.6000785827637,66550.0,True,146,145,True,1,1,False,False,48,False,False,risk_lstm,8,0.9057886004447937,0.3072579503059387,2.0851027965545654,0.8986315727233887,,,,,,accurate
6658,66580.0,69880.60007858276,69913.3000793457,0,32.70000076293945,3333.300079345703,66620.0,True,144,143,True,1,1,False,False,41,False,False,risk_lstm,8,0.8984983563423157,0.3330654203891754,2.2084298133850098,0.8807917833328247,,,,,,accurate
6659,66590.0,69913.3000793457,69935.10007858276,0,21.799999237060547,3345.1000785827637,66630.0,True,145,144,True,1,1,False,False,40,False,False,risk_lstm,8,0.9443809390068054,0.2661135494709015,2.0421130657196045,0.9154182076454163,,,,,,accurate
6660,66600.0,69935.10007858276,69957.300075531,0,22.199996948242188,3357.300075531006,66640.0,True,145,144,True,1,1,False,False,39,False,False,risk_lstm,8,0.9294102787971497,0.3463238477706909,2.0882482528686523,0.8854728937149048,,,,,,accurate
6663,66630.0,69957.300075531,69976.800075531,0,19.5,3346.800075531006,66670.0,True,145,144,True,0,0,False,False,36,False,False,risk_lstm,8,0.9392349720001221,0.27089962363243103,2.0219719409942627,0.9188704490661621,,,,,,accurate
6664,66640.0,69976.800075531,70018.00007629395,0,41.20000076293945,3378.0000762939453,66680.0,True,145,144,True,0,0,False,False,35,False,False,risk_lstm,8,0.9357897043228149,0.3142459988594055,2.0861399173736572,0.8883814215660095,,,,,,accurate
6666,66660.0,70018.00007629395,70043.50008010864,0,25.500003814697266,3383.5000801086426,66700.0,True,145,144,True,0,0,False,False,33,False,False,risk_lstm,8,0.9375180006027222,0.2533209025859833,2.0744667053222656,0.8994755744934082,,,,,,accurate
6670,66700.0,70043.50008010864,70065.60007858276,0,22.099998474121094,3365.6000785827637,66740.0,True,145,144,True,1,1,False,False,29,False,False,risk_lstm,8,0.9408324360847473,0.26126083731651306,2.1362338066101074,0.8788081407546997,,,,,,accurate
6673,66730.0,70065.60007858276,70083.10008239746,0,17.500003814697266,3353.100082397461,66770.0,True,144,143,True,1,1,False,False,26,False,False,risk_lstm,8,0.9487401843070984,0.21798355877399445,2.0784647464752197,0.9135934710502625,,,,,,accurate
6674,66740.0,70083.10008239746,70108.3000793457,0,25.199996948242188,3368.300079345703,66780.0,True,145,144,True,0,0,False,False,25,False,False,risk_lstm,8,0.9478031992912292,0.22814279794692993,2.1526737213134766,0.8655194640159607,,,,,,accurate
6678,66780.0,70108.3000793457,70127.300075531,0,18.999996185302734,3347.300075531006,66820.0,True,144,143,True,0,0,False,False,21,False,False,risk_lstm,8,0.9408330917358398,0.21840237081050873,2.0330729484558105,0.9174478054046631,,,,,,accurate
6679,66790.0,70127.300075531,70148.300075531,0,21.0,3358.300075531006,66830.0,True,145,144,True,1,1,False,False,20,False,False,risk_lstm,8,0.9351552128791809,0.26491087675094604,2.1425464153289795,0.8825778961181641,,,,,,accurate
6685,66850.0,70148.300075531,70166.50007629395,0,18.200000762939453,3316.5000762939453,66890.0,True,144,143,True,1,1,False,False,14,False,False,risk_lstm,8,0.956987202167511,0.2257242202758789,2.066730260848999,0.9067277312278748,,,,,,accurate
6687,66870.0,70166.50007629395,70192.00007629395,0,25.5,3322.0000762939453,66910.0,True,144,143,True,1,1,False,False,12,False,False,risk_lstm,8,0.9405306577682495,0.2565559148788452,2.1731526851654053,0.8715060949325562,,,,,,accurate
6691,66910.0,70192.00007629395,70213.300075531,0,21.299999237060547,3303.300075531006,66950.0,True,144,143,True,0,0,False,False,8,False,False,risk_lstm,8,0.9081730246543884,0.31763872504234314,2.1351304054260254,0.8895119428634644,,,,,,accurate
6692,66920.0,70213.300075531,70236.20007324219,0,22.89999771118164,3316.2000732421875,66960.0,True,144,143,True,0,0,False,False,7,False,False,risk_lstm,8,0.9267596006393433,0.28699609637260437,2.2018229961395264,0.8784088492393494,,,,,,accurate
6694,66940.0,70236.20007324219,70258.00007247925,0,21.799999237060547,3318.000072479248,66980.0,True,144,143,True,1,1,False,False,5,False,False,risk_lstm,8,0.9478842616081238,0.2655372619628906,2.100236654281616,0.8909255862236023,,,,,,accurate
6701,67010.0,70258.00007247925,70288.70007324219,0,30.700000762939453,3278.7000732421875,67050.0,True,142,141,True,0,0,False,False,98,False,False,risk_lstm,8,0.9147846102714539,0.2950035631656647,2.2126266956329346,0.8803766965866089,,,,,,accurate
6707,67070.0,70288.70007324219,70320.70007324219,0,32.0,3250.7000732421875,67110.0,True,140,139,True,0,0,False,False,92,False,False,risk_lstm,8,0.8997664451599121,0.39789101481437683,2.1601407527923584,0.8788449168205261,,,,,,accurate
6708,67080.0,70320.70007324219,70339.70007324219,0,19.0,3259.7000732421875,67120.0,True,141,140,True,0,0,False,False,91,False,False,risk_lstm,8,0.9027135372161865,0.32803377509117126,2.0262582302093506,0.9092363119125366,,,,,,accurate
6709,67090.0,70339.70007324219,70368.40007400513,0,28.700000762939453,3278.400074005127,67130.0,True,142,141,True,1,1,False,False,90,False,False,risk_lstm,8,0.9231659770011902,0.36730170249938965,2.1714260578155518,0.8678615093231201,,,,,,accurate
6710,67100.0,70368.40007400513,70391.90007400513,0,23.5,3291.900074005127,67140.0,True,142,141,True,1,1,False,False,89,False,False,risk_lstm,8,0.9297757744789124,0.31952181458473206,2.1563453674316406,0.8671994805335999,,,,,,accurate
6711,67110.0,70391.90007400513,70420.60007095337,0,28.699996948242188,3310.600070953369,67150.0,True,143,142,True,1,1,False,False,88,False,False,risk_lstm,8,0.8695066571235657,0.37413445115089417,2.0524473190307617,0.8890374302864075,,,,,,accurate
6714,67140.0,70420.60007095337,70448.80007171631,0,28.200000762939453,3308.8000717163086,67180.0,True,142,141,True,0,0,False,False,85,False,False,risk_lstm,8,0.8706833124160767,0.33680644631385803,2.134101152420044,0.8928951621055603,,,,,,accurate
6715,67150.0,70448.80007171631,70477.20006942749,0,28.39999771118164,3327.2000694274902,67190.0,True,143,142,True,1,1,False,False,84,False,False,risk_lstm,8,0.8928723335266113,0.3671134412288666,2.1885669231414795,0.8817315697669983,,,,,,accurate
6716,67160.0,70477.20006942749,70509.10006713867,0,31.89999771118164,3349.100067138672,67200.0,True,144,143,True,1,1,False,False,83,False,False,risk_lstm,8,0.916195809841156,0.37344804406166077,2.2018826007843018,0.8752378821372986,,,,,,accurate
6719,67190.0,70509.10006713867,70530.2000656128,0,21.099998474121094,3340.200065612793,67230.0,True,144,143,True,0,0,False,False,80,False,False,risk_lstm,8,0.9007275700569153,0.4331691265106201,2.08353590965271,0.8911128044128418,,,,,,accurate
6720,67200.0,70530.2000656128,70556.10006332397,0,25.89999771118164,3356.1000633239746,67240.0,True,144,143,True,0,0,False,False,79,False,False,risk_lstm,8,0.88658607006073,0.37571224570274353,2.1621010303497314,0.8783907294273376,,,,,,accurate
6723,67230.0,70556.10006332397,70590.40006256104,0,34.29999923706055,3360.400062561035,67270.0,True,144,143,True,1,1,False,False,76,False,False,risk_lstm,8,0.83986896276474,0.3908545970916748,1.9668188095092773,0.8851954936981201,,,,,,accurate
6724,67240.0,70590.40006256104,70611.90006256104,0,21.5,3371.900062561035,67280.0,True,145,144,True,1,1,False,False,75,False,False,risk_lstm,8,0.9371256232261658,0.4036663770675659,2.23402738571167,0.8652254343032837,,,,,,accurate
6725,67250.0,70611.90006256104,70634.10006332397,0,22.200000762939453,3384.1000633239746,67290.0,True,145,144,True,1,1,False,False,74,False,False,risk_lstm,8,0.899929404258728,0.413259893655777,2.184558629989624,0.8724664449691772,,,,,,accurate
6729,67290.0,70634.10006332397,70655.7000656128,0,21.60000228881836,3365.700065612793,67330.0,True,144,143,True,0,0,False,False,70,False,False,risk_lstm,8,0.9112816452980042,0.45857927203178406,1.9444676637649536,0.9066042900085449,,,,,,accurate
6731,67310.0,70655.7000656128,70675.00006103516,0,19.29999542236328,3365.0000610351562,67350.0,True,144,143,True,0,0,False,False,68,False,False,risk_lstm,8,0.9137144088745117,0.3097611665725708,2.0274581909179688,0.905437707901001,,,,,,accurate
6732,67320.0,70675.00006103516,70699.50005722046,0,24.499996185302734,3379.500057220459,67360.0,True,145,144,True,1,1,False,False,67,False,False,risk_lstm,8,0.9465774297714233,0.17522433400154114,2.103151559829712,0.9169082045555115,,,,,,accurate
6733,67330.0,70699.50005722046,70721.2000579834,0,21.700000762939453,3391.2000579833984,67370.0,True,146,145,True,1,1,False,False,66,False,False,risk_lstm,8,0.9388930797576904,0.23762738704681396,2.059899091720581,0.9034965634346008,,,,,,accurate
6734,67340.0,70721.2000579834,70744.30006027222,0,23.10000228881836,3404.300060272217,67380.0,True,146,145,True,0,0,False,False,65,False,False,risk_lstm,8,0.9280539155006409,0.2362208366394043,2.132067918777466,0.8848516941070557,,,,,,accurate
6736,67360.0,70744.30006027222,70765.90005493164,0,21.599994659423828,3405.9000549316406,67400.0,True,146,145,True,0,0,False,False,63,False,False,risk_lstm,8,0.8978880643844604,0.2212461233139038,1.9430599212646484,0.9326822757720947,,,,,,accurate
6737,67370.0,70765.90005493164,70792.00005722046,0,26.10000228881836,3422.000057220459,67410.0,True,147,146,True,1,1,False,False,62,False,False,risk_lstm,8,0.9442669749259949,0.21515944600105286,2.1352131366729736,0.866679310798645,,,,,,accurate
6739,67390.0,70792.00005722046,70813.50005722046,0,21.5,3423.500057220459,67430.0,True,147,146,True,0,0,False,False,60,False,False,risk_lstm,8,0.9408794045448303,0.2223760485649109,2.04609751701355,0.9069468379020691,,,,,,accurate
6741,67410.0,70813.50005722046,70840.10005950928,0,26.60000228881836,3430.1000595092773,67450.0,True,147,146,True,1,1,False,False,58,False,False,risk_lstm,8,0.9092501401901245,0.24492697417736053,2.1089444160461426,0.8816040754318237,,,,,,accurate
6742,67420.0,70840.10005950928,70863.30006027222,0,23.200000762939453,3443.300060272217,67460.0,True,148,147,True,0,0,False,False,57,False,False,risk_lstm,8,0.9220666885375977,0.2408241331577301,2.2249302864074707,0.8830565214157104,,,,,,accurate
6743,67430.0,70863.30006027222,70886.00006103516,0,22.700000762939453,3456.0000610351562,67470.0,True,149,148,True,1,1,False,False,56,False,False,risk_lstm,8,0.9411512613296509,0.29028281569480896,2.2014589309692383,0.8762369751930237,,,,,,accurate
6745,67450.0,70886.00006103516,70907.7000579834,0,21.699996948242188,3457.7000579833984,67490.0,True,149,148,True,0,0,False,False,54,False,False,risk_lstm,8,0.940009593963623,0.3194001615047455,2.15163254737854,0.8752866387367249,,,,,,accurate
6746,67460.0,70907.7000579834,70926.50005340576,0,18.79999542236328,3466.5000534057617,67500.0,True,149,148,True,0,0,False,False,53,False,False,risk_lstm,8,0.9080591797828674,0.30989232659339905,2.0273215770721436,0.9053259491920471,,,,,,accurate
6747,67470.0,70926.50005340576,70948.30005264282,0,21.799999237060547,3478.3000526428223,67510.0,True,150,149,True,1,1,False,False,52,False,False,risk_lstm,8,0.9096882343292236,0.3487519919872284,2.0651607513427734,0.8919984698295593,,,,,,accurate
6749,67490.0,70948.30005264282,70977.90005111694,0,29.599998474121094,3487.9000511169434,67530.0,True,150,149,True,1,1,False,False,50,False,False,risk_lstm,8,0.9239841103553772,0.33741870522499084,2.0640342235565186,0.8855199813842773,,,,,,accurate
6750,67500.0,70977.90005111694,70997.50004959106,0,19.599998474121094,3497.5000495910645,67540.0,True,150,149,True,0,0,False,False,49,False,False,risk_lstm,8,0.9378777146339417,0.3609127998352051,2.0595035552978516,0.8897078633308411,,,,,,accurate
6756,67560.0,70997.50004959106,71029.10005187988,0,31.60000228881836,3469.100051879883,67600.0,True,149,148,True,0,0,False,False,43,False,False,risk_lstm,8,0.9256941676139832,0.33808019757270813,2.138036012649536,0.8651173114776611,,,,,,accurate
6759,67590.0,71029.10005187988,71058.00005340576,0,28.900001525878906,3468.0000534057617,67630.0,True,148,147,True,1,1,False,False,40,False,False,risk_lstm,8,0.9238991737365723,0.3424043357372284,2.2155418395996094,0.868588924407959,,,,,,accurate
6762,67620.0,71058.00005340576,71076.60005187988,0,18.599998474121094,3456.600051879883,67660.0,True,148,147,True,0,0,False,False,37,False,False,risk_lstm,8,0.9413490295410156,0.26315203309059143,2.045548915863037,0.9136155843734741,,,,,,accurate
6764,67640.0,71076.60005187988,71101.200050354,0,24.599998474121094,3461.200050354004,67680.0,True,148,147,True,0,0,False,False,35,False,False,risk_lstm,8,0.9375172257423401,0.26942792534828186,2.2097818851470947,0.8731800317764282,,,,,,accurate
6765,67650.0,71101.200050354,71124.10005187988,0,22.900001525878906,3474.100051879883,67690.0,True,149,148,True,1,1,False,False,34,False,False,risk_lstm,8,0.9091284275054932,0.338204950094223,2.2079904079437256,0.8805664777755737,,,,,,accurate
6766,67660.0,71124.10005187988,71149.00004959106,0,24.89999771118164,3489.0000495910645,67700.0,True,149,148,True,0,0,False,False,33,False,False,risk_lstm,8,0.8931637406349182,0.3165404498577118,2.168689012527466,0.8885704278945923,,,,,,accurate
6767,67670.0,71149.00004959106,71168.00004577637,0,18.999996185302734,3498.000045776367,67710.0,True,150,149,True,0,0,False,False,32,False,False,risk_lstm,8,0.9451389312744141,0.27989163994789124,2.0595664978027344,0.9065636992454529,,,,,,accurate
6771,67710.0,71168.00004577637,71185.90004730225,0,17.900001525878906,3475.900047302246,67750.0,True,149,148,True,0,0,False,False,28,False,False,risk_lstm,8,0.9378769993782043,0.2538721561431885,1.999558925628662,0.920563280582428,,,,,,accurate
6773,67730.0,71185.90004730225,71210.80004501343,0,24.89999771118164,3480.8000450134277,67770.0,True,149,148,True,1,1,False,False,26,False,False,risk_lstm,8,0.8909526467323303,0.29225754737854004,2.1610658168792725,0.8866369724273682,,,,,,accurate
6775,67750.0,71210.80004501343,71232.60004425049,0,21.799999237060547,3482.6000442504883,67790.0,True,149,148,True,0,0,False,False,24,False,False,risk_lstm,8,0.941720724105835,0.2657778859138489,2.1904079914093018,0.8771876096725464,,,,,,accurate
6776,67760.0,71232.60004425049,71254.10004425049,0,21.5,3494.1000442504883,67800.0,True,150,149,True,1,1,False,False,23,False,False,risk_lstm,8,0.9132809638977051,0.3648875951766968,2.182709217071533,0.8803268074989319,,,,,,accurate
6778,67780.0,71254.10004425049,71285.10004425049,0,31.0,3505.1000442504883,67820.0,True,150,149,True,1,1,False,False,21,False,False,risk_lstm,8,0.8937454223632812,0.29973235726356506,2.240928888320923,0.8859331011772156,,,,,,accurate
6781,67810.0,71285.10004425049,71305.80004501343,0,20.700000762939453,3495.8000450134277,67850.0,True,150,149,True,1,1,False,False,18,False,False,risk_lstm,8,0.905927300453186,0.338227778673172,2.1633758544921875,0.8861793279647827,,,,,,accurate
6782,67820.0,71305.80004501343,71340.00004577637,0,34.20000076293945,3520.000045776367,67860.0,True,150,149,True,0,0,False,False,17,False,False,risk_lstm,8,0.8472424149513245,0.3372219502925873,1.9540445804595947,0.8890950083732605,,,,,,accurate
6783,67830.0,71340.00004577637,71361.90004348755,0,21.89999771118164,3531.900043487549,67870.0,True,150,149,True,0,0,False,False,16,False,False,risk_lstm,8,0.9190452098846436,0.37874671816825867,2.208704710006714,0.8699223399162292,,,,,,accurate
6784,67840.0,71361.90004348755,71392.7000465393,0,30.800003051757812,3552.7000465393066,67880.0,True,151,150,True,0,0,False,False,15,False,False,risk_lstm,8,0.848930299282074,0.4064491391181946,2.088909387588501,0.8853241205215454,,,,,,accurate
6785,67850.0,71392.7000465393,71421.10004806519,0,28.400001525878906,3571.1000480651855,67890.0,True,152,151,True,0,0,False,False,14,False,False,risk_lstm,8,0.9051759839057922,0.39543306827545166,2.1734979152679443,0.8688992261886597,,,,,,accurate
6786,67860.0,71421.10004806519,71441.700050354,0,20.60000228881836,3581.700050354004,67900.0,True,152,151,True,0,0,False,False,13,False,False,risk_lstm,8,0.9152339696884155,0.4262385368347168,1.9989571571350098,0.9026220440864563,,,,,,accurate
6788,67880.0,71441.700050354,71470.7000541687,0,29.000003814697266,3590.700054168701,67920.0,True,152,151,True,0,0,False,False,11,False,False,risk_lstm,8,0.8951560854911804,0.39335355162620544,2.1595876216888428,0.875166654586792,,,,,,accurate
6789,67890.0,71470.7000541687,71490.80005264282,0,20.099998474121094,3600.8000526428223,67930.0,True,153,152,True,1,1,False,False,10,False,False,risk_lstm,8,0.9149460792541504,0.38219571113586426,2.092658281326294,0.8859986066818237,,,,,,accurate
6790,67900.0,71490.80005264282,71518.40005111694,0,27.599998474121094,3618.4000511169434,67940.0,True,153,152,True,0,0,False,False,9,False,False,risk_lstm,8,0.9503830075263977,0.3473576605319977,2.1341097354888916,0.8673183917999268,,,,,,accurate
6795,67950.0,71518.40005111694,71542.80005264282,0,24.400001525878906,3592.8000526428223,67990.0,True,152,151,True,0,0,False,False,4,False,False,risk_lstm,8,0.9198340773582458,0.26761189103126526,1.9935133457183838,0.9251800179481506,,,,,,accurate
6799,67990.0,71542.80005264282,71563.10004806519,0,20.29999542236328,3573.1000480651855,68030.0,True,151,150,True,1,1,False,True,0,True,False,risk_lstm,8,0.9431961178779602,0.2692313492298126,2.1381547451019287,0.8755836486816406,,,,,,accurate
6801,68010.0,71563.10004806519,71582.10004806519,0,19.0,3572.1000480651855,68050.0,True,151,150,True,0,0,False,False,98,False,False,risk_lstm,8,0.9401280879974365,0.2993735074996948,1.978647232055664,0.9158704876899719,,,,,,accurate
6803,68030.0,71582.10004806519,71607.2000465393,0,25.099998474121094,3577.2000465393066,68070.0,True,151,150,True,0,0,False,False,96,False,False,risk_lstm,8,0.9247068762779236,0.25054821372032166,2.1498913764953613,0.8749470114707947,,,,,,accurate
6805,68050.0,71607.2000465393,71625.30004501343,0,18.099998474121094,3575.3000450134277,68090.0,True,151,150,True,0,0,False,False,94,False,False,risk_lstm,8,0.954021692276001,0.2204502522945404,2.1066248416900635,0.90558260679245,,,,,,accurate
6806,68060.0,71625.30004501343,71646.10004425049,0,20.799999237060547,3586.1000442504883,68100.0,True,152,151,True,1,1,False,False,93,False,False,risk_lstm,8,0.9436931014060974,0.2478971928358078,2.1687700748443604,0.8762578964233398,,,,,,accurate
6809,68090.0,71646.10004425049,71670.70004272461,0,24.599998474121094,3580.7000427246094,68130.0,True,152,151,True,0,0,False,False,90,False,False,risk_lstm,8,0.9316712617874146,0.2882680892944336,2.2281081676483154,0.8797628283500671,,,,,,accurate
6811,68110.0,71670.70004272461,71692.60004425049,0,21.900001525878906,3582.6000442504883,68150.0,True,152,151,True,0,0,False,False,88,False,False,risk_lstm,8,0.91628497838974,0.3073277771472931,2.1477434635162354,0.8881816864013672,,,,,,accurate
6813,68130.0,71692.60004425049,71711.60004425049,0,19.0,3581.6000442504883,68170.0,True,152,151,True,0,0,False,False,86,False,False,risk_lstm,8,0.9029138684272766,0.320211797952652,2.049154043197632,0.9015320539474487,,,,,,accurate
6814,68140.0,71711.60004425049,71740.80004501343,0,29.200000762939453,3600.8000450134277,68180.0,True,152,151,True,1,1,False,False,85,False,False,risk_lstm,8,0.8589916825294495,0.3514479994773865,1.9973841905593872,0.8857041001319885,,,,,,accurate
6815,68150.0,71740.80004501343,71760.50004577637,0,19.700000762939453,3610.500045776367,68190.0,True,153,152,True,0,0,False,False,84,False,False,risk_lstm,8,0.8695563077926636,0.3518199622631073,1.8646689653396606,0.9314003586769104,,,,,,accurate
6817,68170.0,71760.50004577637,71784.50004959106,0,24.000003814697266,3614.5000495910645,68210.0,True,153,152,True,0,0,False,False,82,False,False,risk_lstm,8,0.937939465045929,0.3050360679626465,2.2073071002960205,0.873344898223877,,,,,,accurate
6823,68230.0,71784.50004959106,71808.50004959106,0,24.0,3578.5000495910645,68270.0,True,152,151,True,0,0,False,False,76,False,False,risk_lstm,8,0.9178819060325623,0.36463242769241333,2.1930158138275146,0.8731871843338013,,,,,,accurate
6828,68280.0,71808.50004959106,71834.200050354,0,25.700000762939453,3554.200050354004,68320.0,True,150,149,True,0,0,False,False,71,False,False,risk_lstm,8,0.9250743985176086,0.34048205614089966,2.2149593830108643,0.8700752854347229,,,,,,accurate
6832,68320.0,71834.200050354,71857.40005493164,0,23.20000457763672,3537.4000549316406,68360.0,True,149,148,True,1,1,False,False,67,False,False,risk_lstm,8,0.8967159986495972,0.3988940119743347,2.1414389610290527,0.8829473257064819,,,,,,accurate
6834,68340.0,71857.40005493164,71877.50005340576,0,20.099998474121094,3537.5000534057617,68380.0,True,149,148,True,1,1,False,False,65,False,False,risk_lstm,8,0.891120970249176,0.34347856044769287,2.073249578475952,0.897192656993866,,,,,,accurate
6836,68360.0,71877.50005340576,71896.50005340576,0,19.0,3536.5000534057617,68400.0,True,149,148,True,1,1,False,False,63,False,False,risk_lstm,8,0.9180271625518799,0.3161308467388153,2.027231454849243,0.8977547883987427,,,,,,accurate
6841,68410.0,71896.50005340576,71921.90005111694,0,25.39999771118164,3511.9000511169434,68450.0,True,148,147,True,1,1,False,False,58,False,False,risk_lstm,8,0.928022027015686,0.3631225824356079,2.1533849239349365,0.8682581186294556,,,,,,accurate
6846,68460.0,71921.90005111694,71948.80005264282,0,26.900001525878906,3488.8000526428223,68500.0,True,147,146,True,0,0,False,False,53,False,False,risk_lstm,8,0.891426146030426,0.43723559379577637,2.136312961578369,0.8808021545410156,,,,,,accurate
6849,68490.0,71948.80005264282,71975.7000541687,0,26.900001525878906,3485.700054168701,68530.0,True,147,146,True,0,0,False,False,50,False,False,risk_lstm,8,0.9174884557723999,0.3908434212207794,2.1954004764556885,0.868466317653656,,,,,,accurate
6853,68530.0,71975.7000541687,71997.00005340576,0,21.299999237060547,3467.0000534057617,68570.0,True,146,145,True,0,0,False,False,46,False,False,risk_lstm,8,0.9150798916816711,0.44239941239356995,2.0551834106445312,0.8885971903800964,,,,,,accurate
6854,68540.0,71997.00005340576,72014.2000541687,0,17.200000762939453,3474.200054168701,68580.0,True,147,146,True,0,0,False,False,45,False,False,risk_lstm,8,0.9254183173179626,0.2582490146160126,1.9904448986053467,0.9296013116836548,,,,,,accurate
6864,68640.0,72014.2000541687,72041.00005340576,0,26.799999237060547,3401.0000534057617,68680.0,True,143,142,True,1,1,False,False,35,False,False,risk_lstm,8,0.9291724562644958,0.18186357617378235,1.9580148458480835,0.9271687269210815,,,,,,accurate
6865,68650.0,72041.00005340576,72088.2000541687,0,47.20000076293945,3438.200054168701,68690.0,True,144,143,True,0,0,False,False,34,False,False,risk_lstm,8,0.9489943385124207,0.21696315705776215,2.18392014503479,0.8777877688407898,,,,,,accurate
6866,68660.0,72088.2000541687,72113.30005645752,0,25.10000228881836,3453.3000564575195,68700.0,True,144,143,True,1,1,False,False,33,False,False,risk_lstm,8,0.9018505811691284,0.25330957770347595,1.8432245254516602,0.933408260345459,,,,,,accurate
6869,68690.0,72113.30005645752,72135.7000579834,0,22.400001525878906,3445.7000579833984,68730.0,True,144,143,True,1,1,False,False,30,False,False,risk_lstm,8,0.9607560634613037,0.18473152816295624,2.124824285507202,0.874906063079834,,,,,,accurate
6870,68700.0,72135.7000579834,72161.40005493164,0,25.699996948242188,3461.4000549316406,68740.0,True,145,144,True,1,1,False,False,29,False,False,risk_lstm,8,0.9341384172439575,0.24075563251972198,2.125513792037964,0.8867136240005493,,,,,,accurate
6875,68750.0,72161.40005493164,72183.50005722046,0,22.10000228881836,3433.500057220459,68790.0,True,143,142,True,0,0,False,False,24,False,False,risk_lstm,8,0.9341861009597778,0.2292708307504654,2.1346938610076904,0.8877027630805969,,,,,,accurate
6877,68770.0,72183.50005722046,72208.40005874634,0,24.900001525878906,3438.400058746338,68810.0,True,143,142,True,0,0,False,False,22,False,False,risk_lstm,8,0.9320499300956726,0.2563925087451935,2.1605679988861084,0.8747847080230713,,,,,,accurate
6878,68780.0,72208.40005874634,72249.60005950928,0,41.20000076293945,3469.6000595092773,68820.0,True,144,143,True,0,0,False,False,21,False,False,risk_lstm,8,0.900962233543396,0.27968788146972656,2.2230348587036133,0.8859329223632812,,,,,,accurate
6879,68790.0,72249.60005950928,72279.10005569458,0,29.499996185302734,3489.10005569458,68830.0,True,144,143,True,1,1,False,False,20,False,False,risk_lstm,8,0.8846622705459595,0.31460967659950256,2.1784746646881104,0.8879343271255493,,,,,,accurate
6880,68800.0,72279.10005569458,72301.50005722046,0,22.400001525878906,3501.500057220459,68840.0,True,145,144,True,0,0,False,False,19,False,False,risk_lstm,8,0.9118527173995972,0.35623472929000854,2.1820807456970215,0.8804624676704407,,,,,,accurate
6884,68840.0,72301.50005722046,72325.30005645752,0,23.799999237060547,3485.3000564575195,68880.0,True,144,143,True,0,0,False,False,15,False,False,risk_lstm,8,0.9033697247505188,0.42389413714408875,2.166768789291382,0.8729242086410522,,,,,,accurate
6889,68890.0,72325.30005645752,72345.90005493164,0,20.599998474121094,3455.9000549316406,68930.0,True,143,142,True,1,1,False,False,10,False,False,risk_lstm,8,0.8827192187309265,0.42067134380340576,2.083961248397827,0.8888026475906372,,,,,,accurate
6890,68900.0,72345.90005493164,72369.30005645752,0,23.400001525878906,3469.3000564575195,68940.0,True,143,142,True,0,0,False,False,9,False,False,risk_lstm,8,0.8964690566062927,0.45384442806243896,2.127318859100342,0.875563383102417,,,,,,accurate
6893,68930.0,72369.30005645752,72392.40005874634,0,23.10000228881836,3462.400058746338,68970.0,True,144,143,True,0,0,False,False,6,False,False,risk_lstm,8,0.8999435901641846,0.4121226370334625,2.187804937362671,0.8683336973190308,,,,,,accurate
6896,68960.0,72392.40005874634,72413.00006103516,0,20.60000228881836,3453.0000610351562,69000.0,True,144,143,True,0,0,False,False,3,False,False,risk_lstm,8,0.8909241557121277,0.44075390696525574,2.1117937564849854,0.8782088756561279,,,,,,accurate
6897,68970.0,72413.00006103516,72441.80005645752,0,28.79999542236328,3471.8000564575195,69010.0,True,145,144,True,1,1,False,False,2,True,False,risk_lstm,8,0.8895718455314636,0.4741738736629486,2.0950489044189453,0.8739423155784607,,,,,,accurate
6900,69000.0,72441.80005645752,72461.2000579834,0,19.400001525878906,3461.2000579833984,69040.0,True,145,144,True,1,1,False,False,99,False,False,risk_lstm,8,0.9392353892326355,0.17276060581207275,2.0189740657806396,0.9078114628791809,,,,,,accurate
6908,69080.0,72461.2000579834,72483.10005569458,0,21.89999771118164,3403.10005569458,69120.0,True,142,141,True,1,1,False,False,91,False,False,risk_lstm,8,0.9329206347465515,0.3411049246788025,2.1165032386779785,0.8811824917793274,,,,,,accurate
6917,69170.0,72483.10005569458,72510.00005340576,0,26.89999771118164,3340.0000534057617,69210.0,True,139,138,True,0,0,False,False,82,False,False,risk_lstm,8,0.9292834401130676,0.3278428316116333,2.19771671295166,0.8769723773002625,,,,,,accurate
6918,69180.0,72510.00005340576,72531.90005111694,0,21.89999771118164,3351.9000511169434,69220.0,True,140,139,True,1,1,False,False,81,False,False,risk_lstm,8,0.916214108467102,0.40170612931251526,2.1260578632354736,0.8808171153068542,,,,,,accurate
6919,69190.0,72531.90005111694,72550.2000541687,0,18.300003051757812,3360.200054168701,69230.0,True,140,139,True,0,0,False,False,80,False,False,risk_lstm,8,0.9460786581039429,0.22621183097362518,2.0057709217071533,0.9178633093833923,,,,,,accurate
6920,69200.0,72550.2000541687,72571.00005722046,0,20.800003051757812,3371.000057220459,69240.0,True,141,140,True,0,0,False,False,79,False,False,risk_lstm,8,0.939339280128479,0.2671169340610504,2.0760748386383057,0.8844939470291138,,,,,,accurate
6924,69240.0,72571.00005722046,72599.10005569458,0,28.099998474121094,3359.10005569458,69280.0,True,140,139,True,0,0,False,False,75,False,False,risk_lstm,8,0.942625880241394,0.26378917694091797,2.1744914054870605,0.8705085515975952,,,,,,accurate
6928,69280.0,72599.10005569458,72627.60005569458,0,28.5,3347.60005569458,69320.0,True,140,139,True,0,0,False,False,71,False,False,risk_lstm,8,0.8836297988891602,0.27339601516723633,2.0311315059661865,0.891142725944519,,,,,,accurate
6936,69360.0,72627.60005569458,72647.50005722046,0,19.900001525878906,3287.500057220459,69400.0,True,137,136,True,1,1,False,False,63,False,False,risk_lstm,8,0.9017205238342285,0.33659425377845764,2.1337316036224365,0.8868777751922607,,,,,,accurate
6938,69380.0,72647.50005722046,72673.80005264282,0,26.29999542236328,3293.8000526428223,69420.0,True,137,136,True,0,0,False,False,61,False,False,risk_lstm,8,0.8945218920707703,0.35121968388557434,2.1812078952789307,0.8827067017555237,,,,,,accurate
6940,69400.0,72673.80005264282,72695.80005264282,0,22.0,3295.8000526428223,69440.0,True,137,136,True,0,0,False,False,59,False,False,risk_lstm,8,0.914341151714325,0.34960493445396423,2.204211473464966,0.8772913217544556,,,,,,accurate
6941,69410.0,72695.80005264282,72722.50005340576,0,26.700000762939453,3312.5000534057617,69450.0,True,138,137,True,0,0,False,False,58,False,False,risk_lstm,8,0.8543119430541992,0.3289254903793335,1.962376356124878,0.8890722990036011,,,,,,accurate
6942,69420.0,72722.50005340576,72768.30005645752,0,45.80000305175781,3348.3000564575195,69460.0,True,138,137,True,0,0,False,False,57,False,False,risk_lstm,8,0.8558986783027649,0.36830785870552063,2.1189165115356445,0.8889949321746826,,,,,,accurate
6946,69460.0,72768.30005645752,72789.80005645752,0,21.5,3329.8000564575195,69500.0,True,138,137,True,1,1,False,False,53,False,False,risk_lstm,8,0.9071435928344727,0.40546005964279175,2.122032880783081,0.8885807394981384,,,,,,accurate
6947,69470.0,72789.80005645752,72817.00005722046,0,27.200000762939453,3347.000057220459,69510.0,True,138,137,True,1,1,False,False,52,False,False,risk_lstm,8,0.9083919525146484,0.39047104120254517,2.209210157394409,0.8735749125480652,,,,,,accurate
6948,69480.0,72817.00005722046,72842.30005645752,0,25.299999237060547,3362.3000564575195,69520.0,True,139,138,True,0,0,False,False,51,False,False,risk_lstm,8,0.8590925931930542,0.36281251907348633,2.0619115829467773,0.8871676921844482,,,,,,accurate
6950,69500.0,72842.30005645752,72866.40005493164,0,24.099998474121094,3366.4000549316406,69540.0,True,139,138,True,0,0,False,False,49,False,False,risk_lstm,8,0.9223118424415588,0.3711870610713959,2.1491551399230957,0.8828564286231995,,,,,,accurate
6952,69520.0,72866.40005493164,72887.7000541687,0,21.299999237060547,3367.700054168701,69560.0,True,139,138,True,0,0,False,False,47,False,False,risk_lstm,8,0.8802168369293213,0.41402918100357056,2.1044442653656006,0.8857409358024597,,,,,,accurate
6954,69540.0,72887.7000541687,72906.2000541687,0,18.5,3366.200054168701,69580.0,True,139,138,True,0,0,False,False,45,False,False,risk_lstm,8,0.9245694279670715,0.299207866191864,1.9436538219451904,0.92994624376297,,,,,,accurate
6955,69550.0,72906.2000541687,72925.50005722046,0,19.300003051757812,3375.500057220459,69590.0,True,140,139,True,0,0,False,False,44,False,False,risk_lstm,8,0.9447393417358398,0.25914034247398376,2.0589394569396973,0.9043396711349487,,,,,,accurate
6956,69560.0,72925.50005722046,72947.90005874634,0,22.400001525878906,3387.900058746338,69600.0,True,140,139,True,1,1,False,False,43,False,False,risk_lstm,8,0.9496519565582275,0.25602540373802185,2.144777774810791,0.868985652923584,,,,,,accurate
6959,69590.0,72947.90005874634,72968.7000579834,0,20.799999237060547,3378.7000579833984,69630.0,True,140,139,True,1,1,False,False,40,False,False,risk_lstm,8,0.9347605109214783,0.25641360878944397,2.0818369388580322,0.8927879333496094,,,,,,accurate
6961,69610.0,72968.7000579834,72991.30005645752,0,22.599998474121094,3381.3000564575195,69650.0,True,140,139,True,0,0,False,False,38,False,False,risk_lstm,8,0.9452760219573975,0.24848903715610504,2.1463682651519775,0.8707927465438843,,,,,,accurate
6965,69650.0,72991.30005645752,73018.50005722046,0,27.200000762939453,3368.500057220459,69690.0,True,139,138,True,1,1,False,False,34,False,False,risk_lstm,8,0.9346997737884521,0.28413620591163635,2.1959803104400635,0.8739256858825684,,,,,,accurate
6966,69660.0,73018.50005722046,73042.7000579834,0,24.200000762939453,3382.7000579833984,69700.0,True,140,139,True,0,0,False,False,33,False,False,risk_lstm,8,0.9146496653556824,0.2935001254081726,2.2416751384735107,0.8792968392372131,,,,,,accurate
6968,69680.0,73042.7000579834,73061.50005722046,0,18.799999237060547,3381.500057220459,69720.0,True,140,139,True,0,0,False,False,31,False,False,risk_lstm,8,0.9426078796386719,0.2085161954164505,2.0270025730133057,0.9248895049095154,,,,,,accurate
6971,69710.0,73061.50005722046,73087.00006103516,0,25.500003814697266,3377.0000610351562,69750.0,True,139,138,True,0,0,False,False,28,False,False,risk_lstm,8,0.9162244200706482,0.29833683371543884,2.214726448059082,0.8845418095588684,,,,,,accurate
6983,69830.0,73087.00006103516,73108.60005950928,0,21.599998474121094,3278.6000595092773,69870.0,True,136,135,True,1,1,False,False,16,False,False,risk_lstm,8,0.913555383682251,0.34594735503196716,2.1994011402130127,0.8814835548400879,,,,,,accurate
6984,69840.0,73108.60005950928,73140.2000617981,0,31.60000228881836,3300.2000617980957,69880.0,True,136,135,True,1,1,False,False,15,False,False,risk_lstm,8,0.860081136226654,0.33191901445388794,2.08943772315979,0.8947100043296814,,,,,,accurate
6986,69860.0,73140.2000617981,73161.90006256104,0,21.700000762939453,3301.900062561035,69900.0,True,136,135,True,0,0,False,False,13,False,False,risk_lstm,8,0.9004312753677368,0.3719024658203125,2.0929534435272217,0.8951465487480164,,,,,,accurate
6989,69890.0,73161.90006256104,73189.40006256104,0,27.5,3299.400062561035,69930.0,True,136,135,True,1,1,False,False,10,False,False,risk_lstm,8,0.89420485496521,0.33803415298461914,2.189619779586792,0.8828023672103882,,,,,,accurate
6993,69930.0,73189.40006256104,73211.80006408691,0,22.400001525878906,3281.800064086914,69970.0,True,136,135,True,0,0,False,False,6,False,False,risk_lstm,8,0.9126074314117432,0.3501173257827759,2.206641912460327,0.876769483089447,,,,,,accurate
6994,69940.0,73211.80006408691,73238.80006408691,0,27.0,3298.800064086914,69980.0,True,136,135,True,1,1,False,False,5,False,False,risk_lstm,8,0.900055468082428,0.3524549901485443,2.1951358318328857,0.879114031791687,,,,,,accurate
6998,69980.0,73238.80006408691,73267.50006484985,0,28.700000762939453,3287.5000648498535,70020.0,True,135,134,True,1,1,False,False,1,True,False,risk_lstm,8,0.8318403363227844,0.3946494162082672,1.994295597076416,0.8863605260848999,,,,,,accurate
6999,69990.0,73267.50006484985,73289.70006942749,0,22.20000457763672,3299.7000694274902,70030.0,True,136,135,True,1,1,False,True,0,True,False,risk_lstm,8,0.935940146446228,0.3921298384666443,2.244799852371216,0.8599633574485779,,,,,,accurate
7000,70000.0,73289.70006942749,73312.80007171631,0,23.10000228881836,3312.8000717163086,70040.0,True,137,136,True,1,1,False,False,99,False,False,risk_lstm,8,0.9033077359199524,0.3921554684638977,2.198838710784912,0.8730022311210632,,,,,,accurate
7002,70020.0,73312.80007171631,73337.20006942749,0,24.39999771118164,3317.2000694274902,70060.0,True,137,136,True,1,1,False,False,97,False,False,risk_lstm,8,0.9078491926193237,0.4345617890357971,2.1645381450653076,0.8715254664421082,,,,,,accurate
7003,70030.0,73337.20006942749,73355.20007324219,0,18.000003814697266,3325.2000732421875,70070.0,True,138,137,True,0,0,False,False,96,False,False,risk_lstm,8,0.912043035030365,0.411713570356369,1.9803141355514526,0.911241352558136,,,,,,accurate
7006,70060.0,73355.20007324219,73377.50007247925,0,22.299999237060547,3317.500072479248,70100.0,True,138,137,True,0,0,False,False,93,False,False,risk_lstm,8,0.906851053237915,0.39737701416015625,2.156773090362549,0.8725713491439819,,,,,,accurate
7008,70080.0,73377.50007247925,73398.70006942749,0,21.199996948242188,3318.7000694274902,70120.0,True,138,137,True,0,0,False,False,91,False,False,risk_lstm,8,0.9107473492622375,0.40226465463638306,2.1464269161224365,0.8746675252914429,,,,,,accurate
7012,70120.0,73398.70006942749,73417.20007324219,0,18.500003814697266,3297.2000732421875,70160.0,True,137,136,True,0,0,False,False,87,False,False,risk_lstm,8,0.9518156051635742,0.24429048597812653,2.0035057067871094,0.9159305691719055,,,,,,accurate
7013,70130.0,73417.20007324219,73433.10007476807,0,15.900001525878906,3303.1000747680664,70170.0,True,137,136,True,0,0,False,False,86,False,False,risk_lstm,8,0.8936384320259094,0.12141120433807373,2.0265021324157715,0.9129279255867004,,,,,,accurate
7016,70160.0,73433.10007476807,73451.00007629395,0,17.900001525878906,3291.0000762939453,70200.0,True,137,136,True,1,1,False,False,83,False,False,risk_lstm,8,0.940329372882843,0.17331573367118835,1.9860494136810303,0.9191052913665771,,,,,,accurate
7019,70190.0,73451.00007629395,73470.00008010864,0,19.000003814697266,3280.0000801086426,70230.0,True,137,136,True,1,1,False,False,80,False,False,risk_lstm,8,0.9678059220314026,0.17399415373802185,2.0941240787506104,0.895163357257843,,,,,,accurate
7022,70220.0,73470.00008010864,73506.3000793457,0,36.29999923706055,3286.300079345703,70260.0,True,136,135,True,1,1,False,False,77,False,False,risk_lstm,8,0.953929603099823,0.19840870797634125,2.1448469161987305,0.8672062158584595,,,,,,accurate
7028,70280.0,73506.3000793457,73536.50008010864,0,30.200000762939453,3256.5000801086426,70320.0,True,135,134,True,1,1,False,False,71,False,False,risk_lstm,8,0.9465724229812622,0.24023592472076416,2.155796527862549,0.8786312341690063,,,,,,accurate
7029,70290.0,73536.50008010864,73566.60007858276,0,30.099998474121094,3276.6000785827637,70330.0,True,135,134,True,0,0,False,False,70,False,False,risk_lstm,8,0.9372426867485046,0.23516805469989777,2.206665277481079,0.8776283860206604,,,,,,accurate
7031,70310.0,73566.60007858276,73582.8000793457,0,16.200000762939453,3272.800079345703,70350.0,True,136,135,True,0,0,False,False,68,False,False,risk_lstm,8,0.930341362953186,0.1481078416109085,1.9876177310943604,0.9169988036155701,,,,,,accurate
7032,70320.0,73582.8000793457,73604.10007858276,0,21.299999237060547,3284.1000785827637,70360.0,True,137,136,True,1,1,False,False,67,False,False,risk_lstm,8,0.947317361831665,0.24062852561473846,2.034349203109741,0.9014042019844055,,,,,,accurate
7038,70380.0,73604.10007858276,73627.800075531,0,23.699996948242188,3247.800075531006,70420.0,True,135,134,True,0,0,False,False,61,False,False,risk_lstm,8,0.9303634166717529,0.2618192136287689,2.183494806289673,0.8780918121337891,,,,,,accurate
7040,70400.0,73627.800075531,73650.00007247925,0,22.199996948242188,3250.000072479248,70440.0,True,135,134,True,1,1,False,False,59,False,False,risk_lstm,8,0.9062517881393433,0.30929967761039734,2.04608416557312,0.8998655676841736,,,,,,accurate
7041,70410.0,73650.00007247925,73674.20007324219,0,24.200000762939453,3264.2000732421875,70450.0,True,136,135,True,0,0,False,False,58,False,False,risk_lstm,8,0.8917960524559021,0.33362069725990295,2.1272504329681396,0.8909434080123901,,,,,,accurate
7042,70420.0,73674.20007324219,73703.00006866455,0,28.79999542236328,3283.000068664551,70460.0,True,137,136,True,1,1,False,False,57,False,False,risk_lstm,8,0.9289701581001282,0.3138672709465027,2.2187740802764893,0.8769020438194275,,,,,,accurate
7046,70460.0,73703.00006866455,73726.10006713867,0,23.099998474121094,3266.100067138672,70500.0,True,136,135,True,0,0,False,False,53,False,False,risk_lstm,8,0.9401542544364929,0.3280308246612549,2.127108573913574,0.8858857154846191,,,,,,accurate
7047,70470.0,73726.10006713867,73769.30006408691,0,43.19999694824219,3299.300064086914,70510.0,True,137,136,True,0,0,False,False,52,False,False,risk_lstm,8,0.8445776700973511,0.3356487452983856,1.9167344570159912,0.8916409611701965,,,,,,accurate
7050,70500.0,73769.30006408691,73791.2000656128,0,21.900001525878906,3291.200065612793,70540.0,True,137,136,True,1,1,False,False,49,False,False,risk_lstm,8,0.9235484600067139,0.3536897599697113,2.2280759811401367,0.8687940835952759,,,,,,accurate
7052,70520.0,73791.2000656128,73816.2000656128,0,25.0,3296.200065612793,70560.0,True,137,136,True,0,0,False,False,47,False,False,risk_lstm,8,0.8925528526306152,0.44922515749931335,2.1154696941375732,0.8777140378952026,,,,,,accurate
7054,70540.0,73816.2000656128,73835.00006866455,0,18.800003051757812,3295.000068664551,70580.0,True,137,136,True,0,0,False,False,45,False,False,risk_lstm,8,0.9283531308174133,0.368671178817749,2.105814218521118,0.8813770413398743,,,,,,accurate
7057,70570.0,73835.00006866455,73853.90006637573,0,18.89999771118164,3283.9000663757324,70610.0,True,137,136,True,0,0,False,False,42,False,False,risk_lstm,8,0.8867787718772888,0.4315813183784485,1.8697322607040405,0.9141066074371338,,,,,,accurate
7060,70600.0,73853.90006637573,73878.00006866455,0,24.10000228881836,3278.000068664551,70640.0,True,137,136,True,0,0,False,False,39,False,False,risk_lstm,8,0.9556301236152649,0.3421715199947357,2.08760666847229,0.8705270290374756,,,,,,accurate
7062,70620.0,73878.00006866455,73913.40006637573,0,35.39999771118164,3293.4000663757324,70660.0,True,137,136,True,1,1,False,False,37,False,False,risk_lstm,8,0.9073038101196289,0.3584133982658386,2.180858612060547,0.8725972175598145,,,,,,accurate
7066,70660.0,73913.40006637573,73936.80006408691,0,23.39999771118164,3276.800064086914,70700.0,True,136,135,True,0,0,False,False,33,False,False,risk_lstm,8,0.906455934047699,0.37497252225875854,2.190473794937134,0.8737430572509766,,,,,,accurate
7070,70700.0,73936.80006408691,73959.60006332397,0,22.799999237060547,3259.6000633239746,70740.0,True,135,134,True,0,0,False,False,29,False,False,risk_lstm,8,0.9041193127632141,0.3939603567123413,2.1450812816619873,0.8790319561958313,,,,,,accurate
7071,70710.0,73959.60006332397,73979.7000617981,0,20.099998474121094,3269.7000617980957,70750.0,True,136,135,True,1,1,False,False,28,False,False,risk_lstm,8,0.9030382633209229,0.4317139983177185,2.120709180831909,0.8821902871131897,,,,,,accurate
7072,70720.0,73979.7000617981,74006.7000617981,0,27.0,3286.7000617980957,70760.0,True,137,136,True,1,1,False,False,27,False,False,risk_lstm,8,0.8766648769378662,0.362433522939682,2.1774485111236572,0.8844569325447083,,,,,,accurate
7073,70730.0,74006.7000617981,74036.80006027222,0,30.099998474121094,3306.800060272217,70770.0,True,137,136,True,0,0,False,False,26,False,False,risk_lstm,8,0.8674089908599854,0.37994086742401123,2.118060827255249,0.891503095626831,,,,,,accurate
7076,70760.0,74036.80006027222,74057.50006484985,0,20.70000457763672,3297.5000648498535,70800.0,True,137,136,True,0,0,False,False,23,False,False,risk_lstm,8,0.8844602108001709,0.44868022203445435,2.1098721027374268,0.8803917169570923,,,,,,accurate
7079,70790.0,74057.50006484985,74089.10005950928,0,31.599994659423828,3299.1000595092773,70830.0,True,137,136,True,1,1,False,False,20,False,False,risk_lstm,8,0.8381067514419556,0.4043295383453369,2.0098676681518555,0.8885713815689087,,,,,,accurate
7080,70800.0,74089.10005950928,74110.80006408691,0,21.70000457763672,3310.800064086914,70840.0,True,137,136,True,1,1,False,False,19,False,False,risk_lstm,8,0.9075831770896912,0.39784759283065796,2.186208486557007,0.8704975247383118,,,,,,accurate
7082,70820.0,74110.80006408691,74131.60006332397,0,20.799999237060547,3311.6000633239746,70860.0,True,137,136,True,0,0,False,False,17,False,False,risk_lstm,8,0.8836007714271545,0.43921077251434326,2.083188772201538,0.8838403224945068,,,,,,accurate
7083,70830.0,74131.60006332397,74157.10005950928,0,25.499996185302734,3327.1000595092773,70870.0,True,138,137,True,1,1,False,False,16,False,False,risk_lstm,8,0.9130557179450989,0.3772190511226654,2.1067936420440674,0.8770984411239624,,,,,,accurate
7084,70840.0,74157.10005950928,74178.10005950928,0,21.0,3338.1000595092773,70880.0,True,139,138,True,0,0,False,False,15,False,False,risk_lstm,8,0.8877339959144592,0.48030006885528564,1.9813060760498047,0.8873215317726135,,,,,,accurate
7085,70850.0,74178.10005950928,74197.10005950928,0,19.0,3347.1000595092773,70890.0,True,139,138,True,0,0,False,False,14,False,False,risk_lstm,8,0.9069327116012573,0.46964672207832336,1.8734978437423706,0.9115664958953857,,,,,,accurate
7086,70860.0,74197.10005950928,74215.90005493164,0,18.79999542236328,3355.9000549316406,70900.0,True,140,139,True,0,0,False,False,13,False,False,risk_lstm,8,0.9420173764228821,0.35516923666000366,1.9814239740371704,0.9110409617424011,,,,,,accurate
7089,70890.0,74215.90005493164,74238.30005264282,0,22.39999771118164,3348.3000526428223,70930.0,True,139,138,True,0,0,False,False,10,False,False,risk_lstm,8,0.9356645345687866,0.3086494207382202,2.115661144256592,0.8663808703422546,,,,,,accurate
7090,70900.0,74238.30005264282,74264.10005187988,0,25.799999237060547,3364.100051879883,70940.0,True,140,139,True,0,0,False,False,9,False,False,risk_lstm,8,0.9492536783218384,0.3027646243572235,2.1869938373565674,0.864747166633606,,,,,,accurate
7091,70910.0,74264.10005187988,74280.90005493164,0,16.800003051757812,3370.9000549316406,70950.0,True,140,139,True,1,1,False,False,8,False,False,risk_lstm,8,0.9435704946517944,0.1841401755809784,2.0598342418670654,0.9215952754020691,,,,,,accurate
7094,70940.0,74280.90005493164,74301.90005493164,0,21.0,3361.9000549316406,70980.0,True,140,139,True,0,0,False,False,5,False,False,risk_lstm,8,0.9249897599220276,0.26630330085754395,2.0099520683288574,0.9075130820274353,,,,,,accurate
7095,70950.0,74301.90005493164,74319.10005569458,0,17.200000762939453,3369.10005569458,70990.0,True,140,139,True,0,0,False,False,4,False,False,risk_lstm,8,0.9275221824645996,0.20749332010746002,1.9159140586853027,0.9254804253578186,,,,,,accurate
7096,70960.0,74319.10005569458,74337.2000541687,0,18.099998474121094,3377.200054168701,71000.0,True,141,140,True,0,0,False,False,3,False,False,risk_lstm,8,0.9474959373474121,0.17809174954891205,2.048837423324585,0.9193978309631348,,,,,,accurate
7097,70970.0,74337.2000541687,74359.30005645752,0,22.10000228881836,3389.3000564575195,71010.0,True,142,141,True,1,1,False,False,2,True,False,risk_lstm,8,0.9396147727966309,0.21116246283054352,2.134364366531372,0.8829621076583862,,,,,,accurate
7098,70980.0,74359.30005645752,74381.40005874634,0,22.10000228881836,3401.400058746338,71020.0,True,142,141,True,0,0,False,False,1,True,False,risk_lstm,8,0.9466514587402344,0.23703494668006897,2.1614081859588623,0.8719572424888611,,,,,,accurate
7100,71000.0,74381.40005874634,74404.60006332397,0,23.20000457763672,3404.6000633239746,71040.0,True,142,141,True,1,1,False,False,99,False,False,risk_lstm,8,0.943283200263977,0.23210163414478302,2.1579928398132324,0.8802660703659058,,,,,,accurate
7102,71020.0,74404.60006332397,74435.00006866455,0,30.400005340576172,3415.000068664551,71060.0,True,143,142,True,0,0,False,False,97,False,False,risk_lstm,8,0.9481794238090515,0.24012771248817444,2.1558918952941895,0.878304660320282,,,,,,accurate
7104,71040.0,74435.00006866455,74471.50006866455,0,36.5,3431.500068664551,71080.0,True,143,142,True,0,0,False,False,95,False,False,risk_lstm,8,0.927381694316864,0.3026018440723419,2.1273841857910156,0.8808984160423279,,,,,,accurate
7106,71060.0,74471.50006866455,74497.30006790161,0,25.799999237060547,3437.3000679016113,71100.0,True,143,142,True,0,0,False,False,93,False,False,risk_lstm,8,0.9392143487930298,0.3144548535346985,2.165419578552246,0.8694272637367249,,,,,,accurate
7112,71120.0,74497.30006790161,74523.40007019043,0,26.10000228881836,3403.4000701904297,71160.0,True,142,141,True,1,1,False,False,87,False,False,risk_lstm,8,0.8840144872665405,0.41140279173851013,2.1485097408294678,0.8833156824111938,,,,,,accurate
7113,71130.0,74523.40007019043,74548.40006637573,0,24.999996185302734,3418.4000663757324,71170.0,True,142,141,True,0,0,False,False,86,False,False,risk_lstm,8,0.9085858464241028,0.39648154377937317,2.2081005573272705,0.8666183352470398,,,,,,accurate
7114,71140.0,74548.40006637573,74570.90006637573,0,22.5,3430.9000663757324,71180.0,True,143,142,True,0,0,False,False,85,False,False,risk_lstm,8,0.8662348389625549,0.47284528613090515,2.121715784072876,0.8760990500450134,,,,,,accurate
7117,71170.0,74570.90006637573,74587.80006790161,0,16.900001525878906,3417.8000679016113,71210.0,True,142,141,True,0,0,False,False,82,False,False,risk_lstm,8,0.8047571778297424,0.43553173542022705,1.8996703624725342,0.94542396068573,,,,,,accurate
7119,71190.0,74587.80006790161,74608.10007095337,0,20.300003051757812,3418.100070953369,71230.0,True,142,141,True,0,0,False,False,80,False,False,risk_lstm,8,0.9195875525474548,0.3553362786769867,2.14453125,0.879610538482666,,,,,,accurate
7122,71220.0,74608.10007095337,74631.40007019043,0,23.299999237060547,3411.4000701904297,71260.0,True,142,141,True,1,1,False,False,77,False,False,risk_lstm,8,0.908010721206665,0.40110811591148376,2.1868057250976562,0.8760977387428284,,,,,,accurate
7127,71270.0,74631.40007019043,74656.30007171631,0,24.900001525878906,3386.3000717163086,71310.0,True,141,140,True,0,0,False,False,72,False,False,risk_lstm,8,0.8858273029327393,0.44512686133384705,2.0912582874298096,0.8897430896759033,,,,,,accurate
7130,71300.0,74656.30007171631,74677.60007476807,0,21.300003051757812,3377.6000747680664,71340.0,True,141,140,True,0,0,False,False,69,False,False,risk_lstm,8,0.9344025254249573,0.32033228874206543,2.100980043411255,0.882375955581665,,,,,,accurate
7132,71320.0,74677.60007476807,74699.60007476807,0,22.0,3379.6000747680664,71360.0,True,141,140,True,0,0,False,False,67,False,False,risk_lstm,8,0.9219973087310791,0.3550567626953125,2.152360677719116,0.8702769875526428,,,,,,accurate
7133,71330.0,74699.60007476807,74715.40007400513,0,15.799999237060547,3385.400074005127,71370.0,True,142,141,True,0,0,False,False,66,False,False,risk_lstm,8,0.8562129139900208,0.1493542641401291,1.9836664199829102,0.9273611903190613,,,,,,accurate
7135,71350.0,74715.40007400513,74740.10007095337,0,24.699996948242188,3390.100070953369,71390.0,True,142,141,True,0,0,False,False,64,False,False,risk_lstm,8,0.9520370364189148,0.2245587557554245,2.1810998916625977,0.879325807094574,,,,,,accurate
7139,71390.0,74740.10007095337,74762.00007247925,0,21.900001525878906,3372.000072479248,71430.0,True,142,141,True,1,1,False,False,60,False,False,risk_lstm,8,0.9348151087760925,0.308428555727005,2.2165589332580566,0.8827891945838928,,,,,,accurate
7140,71400.0,74762.00007247925,74782.60007095337,0,20.599998474121094,3382.600070953369,71440.0,True,142,141,True,1,1,False,False,59,False,False,risk_lstm,8,0.947698175907135,0.29971423745155334,2.1187055110931396,0.884895384311676,,,,,,accurate
7141,71410.0,74782.60007095337,74809.30007171631,0,26.700000762939453,3399.3000717163086,71450.0,True,143,142,True,0,0,False,False,58,False,False,risk_lstm,8,0.9015837907791138,0.30881935358047485,2.19177508354187,0.8873658180236816,,,,,,accurate
7143,71430.0,74809.30007171631,74829.30007171631,0,20.0,3399.3000717163086,71470.0,True,143,142,True,0,0,False,False,56,False,False,risk_lstm,8,0.9431423544883728,0.28682127594947815,2.11018443107605,0.8975870609283447,,,,,,accurate
7144,71440.0,74829.30007171631,74861.30007171631,0,32.0,3421.3000717163086,71480.0,True,144,143,True,0,0,False,False,55,False,False,risk_lstm,8,0.9270288348197937,0.3192114531993866,2.147135019302368,0.880574107170105,,,,,,accurate
7145,71450.0,74861.30007171631,74882.70006942749,0,21.39999771118164,3432.7000694274902,71490.0,True,144,143,True,0,0,False,False,54,False,False,risk_lstm,8,0.935223400592804,0.33302369713783264,2.1126744747161865,0.8761380314826965,,,,,,accurate
7149,71490.0,74882.70006942749,74906.70006942749,0,24.0,3416.7000694274902,71530.0,True,144,143,True,1,1,False,False,50,False,False,risk_lstm,8,0.910455584526062,0.38773199915885925,2.187389612197876,0.8684932589530945,,,,,,accurate
7153,71530.0,74906.70006942749,74931.2000656128,0,24.499996185302734,3401.200065612793,71570.0,True,143,142,True,0,0,False,False,46,False,False,risk_lstm,8,0.8980394601821899,0.3894827663898468,2.2044386863708496,0.8735161423683167,,,,,,accurate
7155,71550.0,74931.2000656128,74946.40006256104,0,15.199996948242188,3396.400062561035,71590.0,True,143,142,True,0,0,False,False,44,False,False,risk_lstm,8,0.9327424168586731,0.1419738531112671,2.134946823120117,0.91399085521698,,,,,,accurate
7156,71560.0,74946.40006256104,74964.00006103516,0,17.599998474121094,3404.0000610351562,71600.0,True,144,143,True,1,1,False,False,43,False,False,risk_lstm,8,0.9221810698509216,0.19714149832725525,1.9519975185394287,0.9255547523498535,,,,,,accurate
7157,71570.0,74964.00006103516,74991.10006332397,0,27.10000228881836,3421.1000633239746,71610.0,True,144,143,True,0,0,False,False,42,False,False,risk_lstm,8,0.9357138276100159,0.24967670440673828,2.1821134090423584,0.8797710537910461,,,,,,accurate
7158,71580.0,74991.10006332397,75016.7000656128,0,25.60000228881836,3436.700065612793,71620.0,True,145,144,True,0,0,False,False,41,False,False,risk_lstm,8,0.890227735042572,0.2562696933746338,2.100778341293335,0.8970670104026794,,,,,,accurate
7165,71650.0,75016.7000656128,75045.90006637573,0,29.200000762939453,3395.9000663757324,71690.0,True,142,141,True,1,1,False,False,34,False,False,risk_lstm,8,0.882260262966156,0.24823413789272308,2.0826995372772217,0.8954909443855286,,,,,,accurate
7166,71660.0,75045.90006637573,75067.7000656128,0,21.799999237060547,3407.700065612793,71700.0,True,143,142,True,1,1,False,False,33,False,False,risk_lstm,8,0.9274389147758484,0.26535356044769287,2.1893155574798584,0.8873444199562073,,,,,,accurate
7167,71670.0,75067.7000656128,75088.10006713867,0,20.400001525878906,3418.100067138672,71710.0,True,144,143,True,0,0,False,False,32,False,False,risk_lstm,8,0.9119713306427002,0.25514736771583557,1.981889009475708,0.9164239764213562,,,,,,accurate
7171,71710.0,75088.10006713867,75106.80006790161,0,18.700000762939453,3396.8000679016113,71750.0,True,143,142,True,0,0,False,False,28,False,False,risk_lstm,8,0.9382137060165405,0.20511507987976074,2.090062141418457,0.9030638337135315,,,,,,accurate
7172,71720.0,75106.80006790161,75126.40006637573,0,19.599998474121094,3406.4000663757324,71760.0,True,143,142,True,1,1,False,False,27,False,False,risk_lstm,8,0.9263795614242554,0.2565964162349701,2.1094534397125244,0.8884393572807312,,,,,,accurate
7173,71730.0,75126.40006637573,75149.60006713867,0,23.200000762939453,3419.600067138672,71770.0,True,144,143,True,1,1,False,False,26,False,False,risk_lstm,8,0.9380164742469788,0.29502612352371216,2.1980392932891846,0.8690098524093628,,,,,,accurate
7174,71740.0,75149.60006713867,75173.2000656128,0,23.599998474121094,3433.200065612793,71780.0,True,145,144,True,1,1,False,False,25,False,False,risk_lstm,8,0.9389729499816895,0.291037917137146,2.199235677719116,0.869080126285553,,,,,,accurate
7175,71750.0,75173.2000656128,75204.80006408691,0,31.599998474121094,3454.800064086914,71790.0,True,145,144,True,0,0,False,False,24,False,False,risk_lstm,8,0.9126598238945007,0.32439401745796204,2.2086496353149414,0.8741517066955566,,,,,,accurate
7177,71770.0,75204.80006408691,75240.7000617981,0,35.89999771118164,3470.7000617980957,71810.0,True,145,144,True,1,1,False,False,22,False,False,risk_lstm,8,0.8496179580688477,0.33400872349739075,1.974198341369629,0.88698410987854,,,,,,accurate
7178,71780.0,75240.7000617981,75260.60005950928,0,19.89999771118164,3480.6000595092773,71820.0,True,146,145,True,0,0,False,False,21,False,False,risk_lstm,8,0.9671961069107056,0.16603676974773407,2.2095348834991455,0.9002283811569214,,,,,,accurate
7179,71790.0,75260.60005950928,75285.40005874634,0,24.799999237060547,3495.400058746338,71830.0,True,146,145,True,1,1,False,False,20,False,False,risk_lstm,8,0.935001790523529,0.2853974401950836,2.2829411029815674,0.8773780465126038,,,,,,accurate
7180,71800.0,75285.40005874634,75307.90006256104,0,22.500003814697266,3507.900062561035,71840.0,True,147,146,True,0,0,False,False,19,False,False,risk_lstm,8,0.909642219543457,0.3716183602809906,2.226764440536499,0.8811526298522949,,,,,,accurate
7182,71820.0,75307.90006256104,75330.2000617981,0,22.299999237060547,3510.2000617980957,71860.0,True,147,146,True,1,1,False,False,17,False,False,risk_lstm,8,0.9397276043891907,0.371599018573761,2.1387410163879395,0.8738688826560974,,,,,,accurate
7183,71830.0,75330.2000617981,75354.2000617981,0,24.0,3524.2000617980957,71870.0,True,148,147,True,0,0,False,False,16,False,False,risk_lstm,8,0.9056843519210815,0.3794902563095093,2.219139814376831,0.8740485310554504,,,,,,accurate
7186,71860.0,75354.2000617981,75384.00005722046,0,29.79999542236328,3524.000057220459,71900.0,True,147,146,True,0,0,False,False,13,False,False,risk_lstm,8,0.9094827771186829,0.3790779113769531,2.2027225494384766,0.8760298490524292,,,,,,accurate
7187,71870.0,75384.00005722046,75414.30005645752,0,30.299999237060547,3544.3000564575195,71910.0,True,148,147,True,0,0,False,False,12,False,False,risk_lstm,8,0.9060639142990112,0.34809744358062744,2.21454119682312,0.8758499622344971,,,,,,accurate
7189,71890.0,75414.30005645752,75441.30005264282,0,26.999996185302734,3551.3000526428223,71930.0,True,148,147,True,0,0,False,False,10,False,False,risk_lstm,8,0.8853535652160645,0.3686501085758209,2.1716907024383545,0.8832976222038269,,,,,,accurate
7193,71930.0,75441.30005264282,75464.700050354,0,23.39999771118164,3534.700050354004,71970.0,True,147,146,True,0,0,False,False,6,False,False,risk_lstm,8,0.881537914276123,0.4622099697589874,2.1224920749664307,0.8771218061447144,,,,,,accurate
7194,71940.0,75464.700050354,75496.00004959106,0,31.299999237060547,3556.0000495910645,71980.0,True,148,147,True,0,0,False,False,5,False,False,risk_lstm,8,0.8777098059654236,0.45636752247810364,2.1308391094207764,0.8779215216636658,,,,,,accurate
7195,71950.0,75496.00004959106,75520.60004806519,0,24.599998474121094,3570.6000480651855,71990.0,True,148,147,True,1,1,False,False,4,False,False,risk_lstm,8,0.9134677052497864,0.4079122543334961,2.188267230987549,0.8671259880065918,,,,,,accurate
7197,71970.0,75520.60004806519,75537.30004882812,0,16.700000762939453,3567.300048828125,72010.0,True,149,148,True,0,0,False,False,2,True,False,risk_lstm,8,0.9277215003967285,0.29055696725845337,1.9907132387161255,0.9236158728599548,,,,,,accurate
7200,72000.0,75537.30004882812,75566.00004959106,0,28.700000762939453,3566.0000495910645,72040.0,True,148,147,True,0,0,False,False,99,False,False,risk_lstm,8,0.89119952917099,0.3482264578342438,2.1950125694274902,0.8868581056594849,,,,,,accurate
7201,72010.0,75566.00004959106,75586.50004959106,0,20.5,3576.5000495910645,72050.0,True,149,148,True,0,0,False,False,98,False,False,risk_lstm,8,0.8901836276054382,0.37009304761886597,2.1455724239349365,0.8893474340438843,,,,,,accurate
7202,72020.0,75586.50004959106,75625.50004959106,0,39.0,3605.5000495910645,72060.0,True,149,148,True,1,1,False,False,97,False,False,risk_lstm,8,0.8605859279632568,0.3484669327735901,2.0259475708007812,0.8912486433982849,,,,,,accurate
7204,72040.0,75625.50004959106,75652.30005264282,0,26.800003051757812,3612.3000526428223,72080.0,True,150,149,True,1,1,False,False,95,False,False,risk_lstm,8,0.8836751580238342,0.3349849581718445,2.1671199798583984,0.8886779546737671,,,,,,accurate
7210,72100.0,75652.30005264282,75669.60005187988,0,17.299999237060547,3569.600051879883,72140.0,True,149,148,True,0,0,False,False,89,False,False,risk_lstm,8,0.9410231709480286,0.20392566919326782,1.9608922004699707,0.9172707796096802,,,,,,accurate
7211,72110.0,75669.60005187988,75693.40005111694,0,23.799999237060547,3583.4000511169434,72150.0,True,150,149,True,0,0,False,False,88,False,False,risk_lstm,8,0.9360217452049255,0.24723082780838013,2.215426206588745,0.8822712898254395,,,,,,accurate
7213,72130.0,75693.40005111694,75716.10004806519,0,22.699996948242188,3586.1000480651855,72170.0,True,150,149,True,0,0,False,False,86,False,False,risk_lstm,8,0.9342586994171143,0.2839784026145935,2.1722354888916016,0.8865070343017578,,,,,,accurate
7220,72200.0,75716.10004806519,75736.50005340576,0,20.400005340576172,3536.5000534057617,72240.0,True,148,147,True,0,0,False,False,79,False,False,risk_lstm,8,0.9531104564666748,0.3008384704589844,2.073502540588379,0.898713231086731,,,,,,accurate
7222,72220.0,75736.50005340576,75773.60005950928,0,37.100006103515625,3553.6000595092773,72260.0,True,148,147,True,0,0,False,False,77,False,False,risk_lstm,8,0.8693483471870422,0.33876514434814453,1.9870262145996094,0.8853588700294495,,,,,,accurate
7233,72330.0,75773.60005950928,75801.00006103516,0,27.400001525878906,3471.0000610351562,72370.0,True,145,144,True,0,0,False,False,66,False,False,risk_lstm,8,0.9057037234306335,0.3055231273174286,2.2231695652008057,0.8818347454071045,,,,,,accurate
7236,72360.0,75801.00006103516,75826.7000579834,0,25.699996948242188,3466.7000579833984,72400.0,True,145,144,True,0,0,False,False,63,False,False,risk_lstm,8,0.9105743765830994,0.3363916575908661,2.1813924312591553,0.882593035697937,,,,,,accurate
7237,72370.0,75826.7000579834,75851.10005950928,0,24.400001525878906,3481.1000595092773,72410.0,True,145,144,True,0,0,False,False,62,False,False,risk_lstm,8,0.9256492853164673,0.3160583972930908,2.0863983631134033,0.8951278328895569,,,,,,accurate
7238,72380.0,75851.10005950928,75870.60006332397,0,19.500003814697266,3490.6000633239746,72420.0,True,146,145,True,0,0,False,False,61,False,False,risk_lstm,8,0.9399541616439819,0.35392385721206665,2.0432283878326416,0.9042416214942932,,,,,,accurate
7245,72450.0,75870.60006332397,75889.90006256104,0,19.299999237060547,3439.900062561035,72490.0,True,144,143,True,0,0,False,False,54,False,False,risk_lstm,8,0.924759566783905,0.2742786407470703,2.015049457550049,0.9171122908592224,,,,,,accurate
7247,72470.0,75889.90006256104,75912.50006103516,0,22.599998474121094,3442.5000610351562,72510.0,True,144,143,True,0,0,False,False,52,False,False,risk_lstm,8,0.9412690997123718,0.2555650770664215,2.1665897369384766,0.8713420629501343,,,,,,accurate
7251,72510.0,75912.50006103516,75938.80006027222,0,26.299999237060547,3428.800060272217,72550.0,True,144,143,True,1,1,False,False,48,False,False,risk_lstm,8,0.9154635667800903,0.28053680062294006,2.218088388442993,0.8818317651748657,,,,,,accurate
7253,72530.0,75938.80006027222,75958.7000617981,0,19.900001525878906,3428.7000617980957,72570.0,True,144,143,True,1,1,False,False,46,False,False,risk_lstm,8,0.9217240810394287,0.30179986357688904,2.0759763717651367,0.8949099183082581,,,,,,accurate
7255,72550.0,75958.7000617981,75978.30006408691,0,19.60000228881836,3428.300064086914,72590.0,True,144,143,True,0,0,False,False,44,False,False,risk_lstm,8,0.9285213351249695,0.3217378556728363,2.014092445373535,0.9018797278404236,,,,,,accurate
7259,72590.0,75978.30006408691,76004.90006256104,0,26.599998474121094,3414.900062561035,72630.0,True,143,142,True,0,0,False,False,40,False,False,risk_lstm,8,0.9321425557136536,0.2693996727466583,2.2101926803588867,0.8744200468063354,,,,,,accurate
7263,72630.0,76004.90006256104,76029.60006332397,0,24.700000762939453,3399.6000633239746,72670.0,True,142,141,True,0,0,False,False,36,False,False,risk_lstm,8,0.9197975397109985,0.31676891446113586,2.2228035926818848,0.879243016242981,,,,,,accurate
7264,72640.0,76029.60006332397,76048.10005950928,0,18.499996185302734,3408.1000595092773,72680.0,True,143,142,True,0,0,False,False,35,False,False,risk_lstm,8,0.9451805949211121,0.27227482199668884,2.066208600997925,0.9059251546859741,,,,,,accurate
7265,72650.0,76048.10005950928,76072.90006256104,0,24.800003051757812,3422.900062561035,72690.0,True,143,142,True,0,0,False,False,34,False,False,risk_lstm,8,0.8763333559036255,0.367481529712677,2.1666293144226074,0.8882900476455688,,,,,,accurate
7269,72690.0,76072.90006256104,76107.40006256104,0,34.5,3417.400062561035,72730.0,True,143,142,True,0,0,False,False,30,False,False,risk_lstm,8,0.8930030465126038,0.322090744972229,2.209869146347046,0.8829137682914734,,,,,,accurate
7270,72700.0,76107.40006256104,76128.10006332397,0,20.700000762939453,3428.1000633239746,72740.0,True,143,142,True,0,0,False,False,29,False,False,risk_lstm,8,0.88258957862854,0.4010072946548462,2.0399298667907715,0.9027075171470642,,,,,,accurate
7271,72710.0,76128.10006332397,76156.10005950928,0,27.999996185302734,3446.1000595092773,72750.0,True,144,143,True,0,0,False,False,28,False,False,risk_lstm,8,0.9186578989028931,0.3765451908111572,2.2210750579833984,0.8756886720657349,,,,,,accurate
7272,72720.0,76156.10005950928,76174.90005874634,0,18.799999237060547,3454.900058746338,72760.0,True,145,144,True,0,0,False,False,27,False,False,risk_lstm,8,0.9174500107765198,0.32514944672584534,2.0444087982177734,0.9077643752098083,,,,,,accurate
7274,72740.0,76174.90005874634,76195.60006332397,0,20.70000457763672,3455.6000633239746,72780.0,True,145,144,True,1,1,False,False,25,False,False,risk_lstm,8,0.9212963581085205,0.341396689414978,2.169365167617798,0.875940203666687,,,,,,accurate
7276,72760.0,76195.60006332397,76221.7000617981,0,26.099998474121094,3461.7000617980957,72800.0,True,146,145,True,0,0,False,False,23,False,False,risk_lstm,8,0.9036807417869568,0.32534727454185486,2.2189393043518066,0.8804240226745605,,,,,,accurate
7280,72800.0,76221.7000617981,76239.80006027222,0,18.099998474121094,3439.800060272217,72840.0,True,145,144,True,0,0,False,False,19,False,False,risk_lstm,8,0.9091787934303284,0.42557165026664734,1.9416697025299072,0.9124822616577148,,,,,,accurate
7281,72810.0,76239.80006027222,76269.40005874634,0,29.599998474121094,3459.400058746338,72850.0,True,146,145,True,0,0,False,False,18,False,False,risk_lstm,8,0.9205402731895447,0.3614811897277832,2.2358639240264893,0.8711367845535278,,,,,,accurate
7282,72820.0,76269.40005874634,76291.80005645752,0,22.39999771118164,3471.8000564575195,72860.0,True,146,145,True,1,1,False,False,17,False,False,risk_lstm,8,0.9184190034866333,0.35191458463668823,2.2231624126434326,0.8705382943153381,,,,,,accurate
7283,72830.0,76291.80005645752,76311.90005874634,0,20.10000228881836,3481.900058746338,72870.0,True,147,146,True,0,0,False,False,16,False,False,risk_lstm,8,0.9347366690635681,0.32984378933906555,2.105851650238037,0.8843058943748474,,,,,,accurate
7286,72860.0,76311.90005874634,76337.60006332397,0,25.70000457763672,3477.6000633239746,72900.0,True,147,146,True,0,0,False,False,13,False,False,risk_lstm,8,0.8863770961761475,0.35710713267326355,2.165647268295288,0.8835757374763489,,,,,,accurate
7291,72910.0,76337.60006332397,76363.30006027222,0,25.699996948242188,3453.300060272217,72950.0,True,145,144,True,0,0,False,False,8,False,False,risk_lstm,8,0.8850840330123901,0.4017135500907898,2.172452926635742,0.8784562349319458,,,,,,accurate
7292,72920.0,76363.30006027222,76390.40005874634,0,27.099998474121094,3470.400058746338,72960.0,True,146,145,True,1,1,False,False,7,False,False,risk_lstm,8,0.8791206479072571,0.3633616268634796,2.1833462715148926,0.8808072209358215,,,,,,accurate
7293,72930.0,76390.40005874634,76426.7000579834,0,36.29999923706055,3496.7000579833984,72970.0,True,146,145,True,0,0,False,False,6,False,False,risk_lstm,8,0.8691427707672119,0.35178902745246887,2.12013840675354,0.8864679336547852,,,,,,accurate
7298,72980.0,76426.7000579834,76451.00006103516,0,24.300003051757812,3471.0000610351562,73020.0,True,145,144,True,1,1,False,False,1,True,False,risk_lstm,8,0.888232409954071,0.46185705065727234,2.1451549530029297,0.8760693073272705,,,,,,accurate
7301,73010.0,76451.00006103516,76472.2000579834,0,21.199996948242188,3462.2000579833984,73050.0,True,145,144,True,0,0,False,False,98,False,False,risk_lstm,8,0.8855915069580078,0.45317497849464417,2.1195099353790283,0.8815217614173889,,,,,,accurate
7302,73020.0,76472.2000579834,76499.00005722046,0,26.799999237060547,3479.000057220459,73060.0,True,145,144,True,0,0,False,False,97,False,False,risk_lstm,8,0.8721011281013489,0.35775208473205566,2.1799304485321045,0.8820662498474121,,,,,,accurate
7304,73040.0,76499.00005722046,76525.80005645752,0,26.799999237060547,3485.8000564575195,73080.0,True,146,145,True,0,0,False,False,95,False,False,risk_lstm,8,0.8559738397598267,0.3931278586387634,2.124506950378418,0.8857998847961426,,,,,,accurate
7305,73050.0,76525.80005645752,76542.90005493164,0,17.099998474121094,3492.9000549316406,73090.0,True,146,145,True,1,1,False,False,94,False,False,risk_lstm,8,0.9491057991981506,0.3167250454425812,2.1027004718780518,0.925501823425293,,,,,,accurate
7306,73060.0,76542.90005493164,76563.7000541687,0,20.799999237060547,3503.700054168701,73100.0,True,147,146,True,0,0,False,False,93,False,False,risk_lstm,8,0.9350100159645081,0.334037721157074,2.1133840084075928,0.8882747888565063,,,,,,accurate
7309,73090.0,76563.7000541687,76587.60005569458,0,23.900001525878906,3497.60005569458,73130.0,True,146,145,True,1,1,False,False,90,False,False,risk_lstm,8,0.926739513874054,0.35102906823158264,2.2189159393310547,0.8728187680244446,,,,,,accurate
7312,73120.0,76587.60005569458,76607.50005722046,0,19.900001525878906,3487.500057220459,73160.0,True,146,145,True,0,0,False,False,87,False,False,risk_lstm,8,0.9165922403335571,0.33762213587760925,2.047212839126587,0.8971598744392395,,,,,,accurate
7314,73140.0,76607.50005722046,76631.00005722046,0,23.5,3491.000057220459,73180.0,True,147,146,True,0,0,False,False,85,False,False,risk_lstm,8,0.9171428084373474,0.34033894538879395,2.177722930908203,0.8760221600532532,,,,,,accurate
7316,73160.0,76631.00005722046,76651.50005722046,0,20.5,3491.500057220459,73200.0,True,147,146,True,0,0,False,False,83,False,False,risk_lstm,8,0.9432617425918579,0.2962311804294586,2.1268150806427,0.881223201751709,,,,,,accurate
7323,73230.0,76651.50005722046,76670.50005722046,0,19.0,3440.500057220459,73270.0,True,145,144,True,1,1,False,False,76,False,False,risk_lstm,8,0.9365787506103516,0.14712205529212952,2.014617443084717,0.9137076139450073,,,,,,accurate
7325,73250.0,76670.50005722046,76694.50005722046,0,24.0,3444.500057220459,73290.0,True,145,144,True,0,0,False,False,74,False,False,risk_lstm,8,0.9388269782066345,0.2587997317314148,2.154064655303955,0.8823031783103943,,,,,,accurate
7328,73280.0,76694.50005722046,76719.50005722046,0,25.0,3439.500057220459,73320.0,True,145,144,True,0,0,False,False,71,False,False,risk_lstm,8,0.9323372840881348,0.2764972150325775,2.1439616680145264,0.8767401576042175,,,,,,accurate
7329,73290.0,76719.50005722046,76740.00005722046,0,20.5,3450.000057220459,73330.0,True,145,144,True,1,1,False,False,70,False,False,risk_lstm,8,0.9336816072463989,0.20801368355751038,1.9582427740097046,0.9215291738510132,,,,,,accurate
7330,73300.0,76740.00005722046,76762.80005645752,0,22.799999237060547,3462.8000564575195,73340.0,True,146,145,True,0,0,False,False,69,False,False,risk_lstm,8,0.9497436285018921,0.2218082696199417,2.141390800476074,0.8755666613578796,,,,,,accurate
7332,73320.0,76762.80005645752,76784.60005569458,0,21.799999237060547,3464.60005569458,73360.0,True,146,145,True,1,1,False,False,67,False,False,risk_lstm,8,0.9212949275970459,0.30565106868743896,2.0900747776031494,0.8859196305274963,,,,,,accurate
7339,73390.0,76784.60005569458,76808.00005340576,0,23.39999771118164,3418.0000534057617,73430.0,True,144,143,True,0,0,False,False,60,False,False,risk_lstm,8,0.932039201259613,0.31591537594795227,2.113358736038208,0.8773622512817383,,,,,,accurate
7340,73400.0,76808.00005340576,76828.40005111694,0,20.39999771118164,3428.4000511169434,73440.0,True,144,143,True,0,0,False,False,59,False,False,risk_lstm,8,0.9082583785057068,0.29809075593948364,2.0702662467956543,0.8966191411018372,,,,,,accurate
7344,73440.0,76828.40005111694,76847.700050354,0,19.299999237060547,3407.700050354004,73480.0,True,143,142,True,1,1,False,False,55,False,False,risk_lstm,8,0.9279481768608093,0.3132699429988861,2.0675501823425293,0.8856284618377686,,,,,,accurate
7347,73470.0,76847.700050354,76875.50005340576,0,27.800003051757812,3405.5000534057617,73510.0,True,143,142,True,1,1,False,False,52,False,False,risk_lstm,8,0.9310804009437561,0.3263845145702362,2.139756917953491,0.8660820126533508,,,,,,accurate
7349,73490.0,76875.50005340576,76909.700050354,0,34.19999694824219,3419.700050354004,73530.0,True,143,142,True,0,0,False,False,50,False,False,risk_lstm,8,0.8627744317054749,0.3404676616191864,2.0895450115203857,0.8903730511665344,,,,,,accurate
7350,73500.0,76909.700050354,76937.60004806519,0,27.89999771118164,3437.6000480651855,73540.0,True,144,143,True,0,0,False,False,49,False,False,risk_lstm,8,0.8417143225669861,0.3971787095069885,2.0959866046905518,0.890771746635437,,,,,,accurate
7352,73520.0,76937.60004806519,76974.200050354,0,36.60000228881836,3454.200050354004,73560.0,True,144,143,True,0,0,False,False,47,False,False,risk_lstm,8,0.8893616199493408,0.36077961325645447,2.186933755874634,0.8812944293022156,,,,,,accurate
7354,73540.0,76974.200050354,77039.00005340576,0,64.80000305175781,3499.0000534057617,73580.0,True,144,143,True,0,0,False,False,45,False,False,risk_lstm,8,0.8470412492752075,0.37001073360443115,2.095367431640625,0.8910598158836365,,,,,,accurate
7355,73550.0,77039.00005340576,77074.50005340576,0,35.5,3524.5000534057617,73590.0,True,145,144,True,0,0,False,False,44,False,False,risk_lstm,8,0.8951584100723267,0.3819710612297058,2.191908597946167,0.8805339336395264,,,,,,accurate
7361,73610.0,77074.50005340576,77095.50005340576,0,21.0,3485.5000534057617,73650.0,True,143,142,True,0,0,False,False,38,False,False,risk_lstm,8,0.9092835187911987,0.40592730045318604,2.182894468307495,0.8774082660675049,,,,,,accurate
7362,73620.0,77095.50005340576,77119.80005645752,0,24.300003051757812,3499.8000564575195,73660.0,True,144,143,True,1,1,False,False,37,False,False,risk_lstm,8,0.8780315518379211,0.3946353495121002,2.1720821857452393,0.8835433721542358,,,,,,accurate
7364,73640.0,77119.80005645752,77137.80005645752,0,18.0,3497.8000564575195,73680.0,True,144,143,True,0,0,False,False,35,False,False,risk_lstm,8,0.9197595119476318,0.3280675709247589,1.9777553081512451,0.929796040058136,,,,,,accurate
7367,73670.0,77137.80005645752,77157.7000579834,0,19.900001525878906,3487.7000579833984,73710.0,True,144,143,True,0,0,False,False,32,False,False,risk_lstm,8,0.9285532832145691,0.3179827332496643,2.068183422088623,0.8997809886932373,,,,,,accurate
7369,73690.0,77157.7000579834,77175.60005569458,0,17.89999771118164,3485.60005569458,73730.0,True,144,143,True,1,1,False,False,30,False,False,risk_lstm,8,0.9319961071014404,0.2854565680027008,1.9821845293045044,0.9205157160758972,,,,,,accurate
7371,73710.0,77175.60005569458,77214.30005645752,0,38.70000076293945,3504.3000564575195,73750.0,True,144,143,True,1,1,False,False,28,False,False,risk_lstm,8,0.953180730342865,0.22439280152320862,2.136589288711548,0.8735651969909668,,,,,,accurate
7374,73740.0,77214.30005645752,77258.80005264282,0,44.499996185302734,3518.8000526428223,73780.0,True,144,143,True,0,0,False,False,25,False,False,risk_lstm,8,0.9123454093933105,0.28399115800857544,2.1534788608551025,0.8807715177536011,,,,,,accurate
7382,73820.0,77258.80005264282,77287.90005111694,0,29.099998474121094,3467.9000511169434,73860.0,True,142,141,True,0,0,False,False,17,False,False,risk_lstm,8,0.9371201992034912,0.2959393858909607,2.1399734020233154,0.8792920708656311,,,,,,accurate
7383,73830.0,77287.90005111694,77312.60005187988,0,24.700000762939453,3482.600051879883,73870.0,True,143,142,True,0,0,False,False,16,False,False,risk_lstm,8,0.9283247590065002,0.2784328758716583,2.22277569770813,0.8795020580291748,,,,,,accurate
7384,73840.0,77312.60005187988,77333.50004959106,0,20.89999771118164,3493.5000495910645,73880.0,True,143,142,True,0,0,False,False,15,False,False,risk_lstm,8,0.912844181060791,0.32010942697525024,2.1418333053588867,0.8902099132537842,,,,,,accurate
7385,73850.0,77333.50004959106,77352.50004959106,0,19.0,3502.5000495910645,73890.0,True,144,143,True,1,1,False,False,14,False,False,risk_lstm,8,0.9188472628593445,0.2850123643875122,1.9800673723220825,0.9196029305458069,,,,,,accurate
7390,73900.0,77352.50004959106,77380.00004959106,0,27.5,3480.0000495910645,73940.0,True,143,142,True,1,1,False,False,9,False,False,risk_lstm,8,0.8706719279289246,0.3335306644439697,2.1171109676361084,0.8870751261711121,,,,,,accurate
7395,73950.0,77380.00004959106,77402.700050354,0,22.700000762939453,3452.700050354004,73990.0,True,142,141,True,0,0,False,False,4,False,False,risk_lstm,8,0.9037154912948608,0.3706451654434204,2.1917810440063477,0.8763328790664673,,,,,,accurate
7398,73980.0,77402.700050354,77424.50005340576,0,21.800003051757812,3444.5000534057617,74020.0,True,141,140,True,1,1,False,False,1,True,False,risk_lstm,8,0.9109054207801819,0.3635059595108032,2.1905949115753174,0.8759433627128601,,,,,,accurate
7399,73990.0,77424.50005340576,77445.80005645752,0,21.300003051757812,3455.8000564575195,74030.0,True,142,141,True,1,1,False,True,0,True,False,risk_lstm,8,0.8948934674263,0.3954538106918335,2.1432039737701416,0.8837464451789856,,,,,,accurate
7405,74050.0,77445.80005645752,77474.90005493164,0,29.099998474121094,3424.9000549316406,74090.0,True,141,140,True,0,0,False,False,94,False,False,risk_lstm,8,0.889572024345398,0.3737238943576813,2.19521164894104,0.8778077960014343,,,,,,accurate
7407,74070.0,77474.90005493164,77497.60005569458,0,22.700000762939453,3427.60005569458,74110.0,True,141,140,True,0,0,False,False,92,False,False,risk_lstm,8,0.881235659122467,0.4511187970638275,2.116964101791382,0.8818297386169434,,,,,,accurate
7410,74100.0,77497.60005569458,77520.50005722046,0,22.900001525878906,3420.500057220459,74140.0,True,141,140,True,0,0,False,False,89,False,False,risk_lstm,8,0.9024331569671631,0.3790666162967682,2.176628351211548,0.8766466379165649,,,,,,accurate
7416,74160.0,77520.50005722046,77538.90005493164,0,18.39999771118164,3378.9000549316406,74200.0,True,139,138,True,1,1,False,False,83,False,False,risk_lstm,8,0.9137973785400391,0.38654524087905884,1.9948455095291138,0.9043181538581848,,,,,,accurate
7418,74180.0,77538.90005493164,77564.2000541687,0,25.299999237060547,3384.200054168701,74220.0,True,139,138,True,0,0,False,False,81,False,False,risk_lstm,8,0.9041714668273926,0.4009656012058258,1.9527122974395752,0.9123208522796631,,,,,,accurate
7419,74190.0,77564.2000541687,77584.30005645752,0,20.10000228881836,3394.3000564575195,74230.0,True,140,139,True,0,0,False,False,80,False,False,risk_lstm,8,0.9037485122680664,0.4304302930831909,1.8306834697723389,0.9215535521507263,,,,,,accurate
7420,74200.0,77584.30005645752,77609.2000579834,0,24.900001525878906,3409.2000579833984,74240.0,True,140,139,True,0,0,False,False,79,False,False,risk_lstm,8,0.9442828893661499,0.305887907743454,2.151865005493164,0.8672637939453125,,,,,,accurate
7422,74220.0,77609.2000579834,77632.00005722046,0,22.799999237060547,3412.000057220459,74260.0,True,140,139,True,0,0,False,False,77,False,False,risk_lstm,8,0.9278708696365356,0.32442840933799744,2.223679780960083,0.8705938458442688,,,,,,accurate
7426,74260.0,77632.00005722046,77655.7000579834,0,23.700000762939453,3395.7000579833984,74300.0,True,140,139,True,0,0,False,False,73,False,False,risk_lstm,8,0.9370850324630737,0.3083103895187378,2.2419190406799316,0.8688479661941528,,,,,,accurate
7428,74280.0,77655.7000579834,77675.80006027222,0,20.10000228881836,3395.800060272217,74320.0,True,140,139,True,0,0,False,False,71,False,False,risk_lstm,8,0.920502781867981,0.3054310083389282,2.0065855979919434,0.9084477424621582,,,,,,accurate
7433,74330.0,77675.80006027222,77707.90005874634,0,32.099998474121094,3377.900058746338,74370.0,True,138,137,True,1,1,False,False,66,False,False,risk_lstm,8,0.9298005700111389,0.3037615418434143,2.19541072845459,0.8769091963768005,,,,,,accurate
7436,74360.0,77707.90005874634,77730.90005874634,0,23.0,3370.900058746338,74400.0,True,137,136,True,1,1,False,False,63,False,False,risk_lstm,8,0.9105830788612366,0.3590277433395386,2.2056353092193604,0.8787291049957275,,,,,,accurate
7442,74420.0,77730.90005874634,77753.7000579834,0,22.799999237060547,3333.7000579833984,74460.0,True,136,135,True,1,1,False,False,57,False,False,risk_lstm,8,0.9014533758163452,0.39207473397254944,2.183586835861206,0.8771018981933594,,,,,,accurate
7443,74430.0,77753.7000579834,77778.10005569458,0,24.39999771118164,3348.10005569458,74470.0,True,137,136,True,0,0,False,False,56,False,False,risk_lstm,8,0.8587220907211304,0.4860551357269287,2.0489768981933594,0.8888230323791504,,,,,,accurate
7444,74440.0,77778.10005569458,77803.7000579834,0,25.60000228881836,3363.7000579833984,74480.0,True,137,136,True,0,0,False,False,55,False,False,risk_lstm,8,0.8948495984077454,0.44281792640686035,2.173870801925659,0.871806800365448,,,,,,accurate
7445,74450.0,77803.7000579834,77823.7000579834,0,20.0,3373.7000579833984,74490.0,True,138,137,True,1,1,False,False,54,False,False,risk_lstm,8,0.9349126219749451,0.34665176272392273,2.078091859817505,0.8966338038444519,,,,,,accurate
7446,74460.0,77823.7000579834,77850.30005645752,0,26.599998474121094,3390.3000564575195,74500.0,True,139,138,True,0,0,False,False,53,False,False,risk_lstm,8,0.8970807194709778,0.4080640971660614,2.046581506729126,0.8909941911697388,,,,,,accurate
7447,74470.0,77850.30005645752,77869.10005569458,0,18.799999237060547,3399.10005569458,74510.0,True,140,139,True,0,0,False,False,52,False,False,risk_lstm,8,0.923497200012207,0.37728822231292725,2.0172975063323975,0.9014440774917603,,,,,,accurate
7448,74480.0,77869.10005569458,77895.60005187988,0,26.499996185302734,3415.600051879883,74520.0,True,140,139,True,1,1,False,False,51,False,False,risk_lstm,8,0.9166461229324341,0.3740220069885254,2.062495231628418,0.8801578879356384,,,,,,accurate
7450,74500.0,77895.60005187988,77916.700050354,0,21.099998474121094,3416.700050354004,74540.0,True,140,139,True,0,0,False,False,49,False,False,risk_lstm,8,0.9295533299446106,0.38547906279563904,2.086534023284912,0.8739644289016724,,,,,,accurate
7451,74510.0,77916.700050354,77944.40005111694,0,27.700000762939453,3434.4000511169434,74550.0,True,141,140,True,0,0,False,False,48,False,False,risk_lstm,8,0.9130244255065918,0.36510032415390015,2.122664213180542,0.8746304512023926,,,,,,accurate
7453,74530.0,77944.40005111694,77965.50005340576,0,21.10000228881836,3435.5000534057617,74570.0,True,141,140,True,0,0,False,False,46,False,False,risk_lstm,8,0.9208560585975647,0.34872108697891235,2.0991451740264893,0.8877419829368591,,,,,,accurate
7456,74560.0,77965.50005340576,77983.80005264282,0,18.299999237060547,3423.8000526428223,74600.0,True,141,140,True,0,0,False,False,43,False,False,risk_lstm,8,0.9161847829818726,0.33520352840423584,1.9642969369888306,0.9140228033065796,,,,,,accurate
7460,74600.0,77983.80005264282,78009.30005264282,0,25.5,3409.3000526428223,74640.0,True,140,139,True,1,1,False,False,39,False,False,risk_lstm,8,0.9292783737182617,0.3538951575756073,2.104163646697998,0.8701649904251099,,,,,,accurate
7461,74610.0,78009.30005264282,78036.200050354,0,26.89999771118164,3426.200050354004,74650.0,True,140,139,True,0,0,False,False,38,False,False,risk_lstm,8,0.9167938828468323,0.37265709042549133,2.1508748531341553,0.8725725412368774,,,,,,accurate
7462,74620.0,78036.200050354,78058.10005187988,0,21.900001525878906,3438.100051879883,74660.0,True,141,140,True,0,0,False,False,37,False,False,risk_lstm,8,0.890938937664032,0.46209731698036194,2.1125476360321045,0.8762392401695251,,,,,,accurate
7463,74630.0,78058.10005187988,78075.50005340576,0,17.400001525878906,3445.5000534057617,74670.0,True,142,141,True,1,1,False,False,36,False,False,risk_lstm,8,0.9311685562133789,0.32985368371009827,1.963253378868103,0.917961061000824,,,,,,accurate
7464,74640.0,78075.50005340576,78100.80005264282,0,25.299999237060547,3460.8000526428223,74680.0,True,142,141,True,1,1,False,False,35,False,False,risk_lstm,8,0.8676071166992188,0.34039783477783203,2.0325357913970947,0.8888947367668152,,,,,,accurate
7468,74680.0,78100.80005264282,78126.00004959106,0,25.199996948242188,3446.0000495910645,74720.0,True,141,140,True,1,1,False,False,31,False,False,risk_lstm,8,0.9213289618492126,0.32548707723617554,2.2230637073516846,0.8777259588241577,,,,,,accurate
7470,74700.0,78126.00004959106,78142.80005264282,0,16.800003051757812,3442.8000526428223,74740.0,True,141,140,True,0,0,False,False,29,False,False,risk_lstm,8,0.9256635308265686,0.24572214484214783,2.060742139816284,0.9265798330307007,,,,,,accurate
7474,74740.0,78142.80005264282,78170.40005874634,0,27.600006103515625,3430.400058746338,74780.0,True,141,140,True,0,0,False,False,25,False,False,risk_lstm,8,0.8758951425552368,0.3162825107574463,2.106421709060669,0.8984148502349854,,,,,,accurate
7478,74780.0,78170.40005874634,78190.30005645752,0,19.89999771118164,3410.3000564575195,74820.0,True,140,139,True,0,0,False,False,21,False,False,risk_lstm,8,0.9346718788146973,0.24631454050540924,2.094818115234375,0.8909943103790283,,,,,,accurate
7480,74800.0,78190.30005645752,78212.00005340576,0,21.699996948242188,3412.0000534057617,74840.0,True,140,139,True,0,0,False,False,19,False,False,risk_lstm,8,0.9423269033432007,0.2729512155056,2.1973185539245605,0.875296413898468,,,,,,accurate
7482,74820.0,78212.00005340576,78230.80005264282,0,18.799999237060547,3410.8000526428223,74860.0,True,140,139,True,0,0,False,False,17,False,False,risk_lstm,8,0.9452518224716187,0.26188090443611145,2.114572286605835,0.8932182192802429,,,,,,accurate
7484,74840.0,78230.80005264282,78255.10005187988,0,24.299999237060547,3415.100051879883,74880.0,True,140,139,True,1,1,False,False,15,False,False,risk_lstm,8,0.9141087532043457,0.3292395770549774,2.207632303237915,0.8791531920433044,,,,,,accurate
7489,74890.0,78255.10005187988,78286.40005111694,0,31.299999237060547,3396.4000511169434,74930.0,True,139,138,True,0,0,False,False,10,False,False,risk_lstm,8,0.867764949798584,0.32355421781539917,2.117033004760742,0.8933111429214478,,,,,,accurate
7495,74950.0,78286.40005111694,78310.90005111694,0,24.5,3360.9000511169434,74990.0,True,137,136,True,0,0,False,False,4,False,False,risk_lstm,8,0.9101582169532776,0.3815174102783203,2.089111566543579,0.8923084735870361,,,,,,accurate
7496,74960.0,78310.90005111694,78337.7000541687,0,26.800003051757812,3377.700054168701,75000.0,True,138,137,True,0,0,False,False,3,False,False,risk_lstm,8,0.9008585810661316,0.3558068573474884,2.1872217655181885,0.8782362341880798,,,,,,accurate
7497,74970.0,78337.7000541687,78359.30005264282,0,21.599998474121094,3389.3000526428223,75010.0,True,138,137,True,1,1,False,False,2,True,False,risk_lstm,8,0.8958895206451416,0.40657854080200195,2.154012680053711,0.8777831792831421,,,,,,accurate
7498,74980.0,78359.30005264282,78381.10005187988,0,21.799999237060547,3401.100051879883,75020.0,True,139,138,True,0,0,False,False,1,True,False,risk_lstm,8,0.9210233688354492,0.4021156132221222,2.177257776260376,0.8661801815032959,,,,,,accurate
7499,74990.0,78381.10005187988,78404.40005493164,0,23.300003051757812,3414.4000549316406,75030.0,True,140,139,True,0,0,False,True,0,True,False,risk_lstm,8,0.9421581625938416,0.38402611017227173,2.080202102661133,0.8860461115837097,,,,,,accurate
7500,75000.0,78404.40005493164,78430.60005187988,0,26.199996948242188,3430.600051879883,75040.0,True,140,139,True,0,0,False,False,99,False,False,risk_lstm,8,0.9110733866691589,0.4186302423477173,2.104822874069214,0.8753746151924133,,,,,,accurate
7506,75060.0,78430.60005187988,78451.50005340576,0,20.900001525878906,3391.5000534057617,75100.0,True,139,138,True,0,0,False,False,93,False,False,risk_lstm,8,0.9431819915771484,0.3168807625770569,2.1492600440979004,0.8813210725784302,,,,,,accurate
7508,75080.0,78451.50005340576,78472.90005493164,0,21.400001525878906,3392.9000549316406,75120.0,True,139,138,True,1,1,False,False,91,False,False,risk_lstm,8,0.9177514314651489,0.36685100197792053,2.1310291290283203,0.863120436668396,,,,,,accurate
7509,75090.0,78472.90005493164,78496.60005187988,0,23.699996948242188,3406.600051879883,75130.0,True,139,138,True,0,0,False,False,90,False,False,risk_lstm,8,0.9155499339103699,0.4016130864620209,2.136087656021118,0.865256667137146,,,,,,accurate
7511,75110.0,78496.60005187988,78516.80005264282,0,20.200000762939453,3406.8000526428223,75150.0,True,139,138,True,0,0,False,False,88,False,False,risk_lstm,8,0.9137949347496033,0.3329044282436371,2.072974443435669,0.8850475549697876,,,,,,accurate
7512,75120.0,78516.80005264282,78541.40005493164,0,24.60000228881836,3421.4000549316406,75160.0,True,140,139,True,0,0,False,False,87,False,False,risk_lstm,8,0.924268364906311,0.2997991442680359,1.885448932647705,0.9238660931587219,,,,,,accurate
7513,75130.0,78541.40005493164,78579.30005645752,0,37.900001525878906,3449.3000564575195,75170.0,True,140,139,True,1,1,False,False,86,False,False,risk_lstm,8,0.9492936730384827,0.2645932734012604,2.1286120414733887,0.8747686743736267,,,,,,accurate
7518,75180.0,78579.30005645752,78603.60005569458,0,24.299999237060547,3423.60005569458,75220.0,True,139,138,True,0,0,False,False,81,False,False,risk_lstm,8,0.930642306804657,0.31458020210266113,2.146944284439087,0.8723418116569519,,,,,,accurate
7520,75200.0,78603.60005569458,78627.10005569458,0,23.5,3427.10005569458,75240.0,True,140,139,True,1,1,False,False,79,False,False,risk_lstm,8,0.9340314865112305,0.3026584982872009,2.1215429306030273,0.8736032247543335,,,,,,accurate
7521,75210.0,78627.10005569458,78647.80006027222,0,20.70000457763672,3437.800060272217,75250.0,True,140,139,True,1,1,False,False,78,False,False,risk_lstm,8,0.9248391389846802,0.3435980975627899,2.03011417388916,0.9001457095146179,,,,,,accurate
7527,75270.0,78647.80006027222,78669.7000579834,0,21.89999771118164,3399.7000579833984,75310.0,True,139,138,True,1,1,False,False,72,False,False,risk_lstm,8,0.9355129599571228,0.3309909403324127,2.104081869125366,0.8701611757278442,,,,,,accurate
7530,75300.0,78669.7000579834,78707.00005722046,0,37.29999923706055,3407.000057220459,75340.0,True,139,138,True,0,0,False,False,69,False,False,risk_lstm,8,0.9318448305130005,0.3293173015117645,2.180935859680176,0.869253933429718,,,,,,accurate
7532,75320.0,78707.00005722046,78734.90005874634,0,27.900001525878906,3414.900058746338,75360.0,True,139,138,True,1,1,False,False,67,False,False,risk_lstm,8,0.8936935663223267,0.36171388626098633,2.1951143741607666,0.8820759057998657,,,,,,accurate
7534,75340.0,78734.90005874634,78758.50006103516,0,23.60000228881836,3418.5000610351562,75380.0,True,139,138,True,0,0,False,False,65,False,False,risk_lstm,8,0.8921390771865845,0.44680941104888916,2.137171983718872,0.8728185296058655,,,,,,accurate
7535,75350.0,78758.50006103516,78782.7000579834,0,24.199996948242188,3432.7000579833984,75390.0,True,140,139,True,0,0,False,False,64,False,False,risk_lstm,8,0.8844422101974487,0.4277985095977783,2.00309157371521,0.9055026173591614,,,,,,accurate
7537,75370.0,78782.7000579834,78810.7000579834,0,28.0,3440.7000579833984,75410.0,True,140,139,True,0,0,False,False,62,False,False,risk_lstm,8,0.9147570133209229,0.3576401174068451,2.1300106048583984,0.8725160956382751,,,,,,accurate
7539,75390.0,78810.7000579834,78842.10005569458,0,31.39999771118164,3452.10005569458,75430.0,True,140,139,True,1,1,False,False,60,False,False,risk_lstm,8,0.8667198419570923,0.37923306226730347,2.104621171951294,0.8883736729621887,,,,,,accurate
7542,75420.0,78842.10005569458,78866.10005569458,0,24.0,3446.10005569458,75460.0,True,140,139,True,0,0,False,False,57,False,False,risk_lstm,8,0.9072839021682739,0.39848029613494873,2.0981743335723877,0.8871949911117554,,,,,,accurate
7544,75440.0,78866.10005569458,78888.30005264282,0,22.199996948242188,3448.3000526428223,75480.0,True,141,140,True,0,0,False,False,55,False,False,risk_lstm,8,0.9120897650718689,0.3719386160373688,2.1901495456695557,0.869713544845581,,,,,,accurate
7546,75460.0,78888.30005264282,78906.700050354,0,18.39999771118164,3446.700050354004,75500.0,True,141,140,True,0,0,False,False,53,False,False,risk_lstm,8,0.9229427576065063,0.35395705699920654,1.96034836769104,0.9108845591545105,,,,,,accurate
7547,75470.0,78906.700050354,78927.700050354,0,21.0,3457.700050354004,75510.0,True,141,140,True,1,1,False,False,52,False,False,risk_lstm,8,0.9140382409095764,0.3617885708808899,2.107332468032837,0.8791458010673523,,,,,,accurate
7553,75530.0,78927.700050354,78952.40005111694,0,24.700000762939453,3422.4000511169434,75570.0,True,140,139,True,1,1,False,False,46,False,False,risk_lstm,8,0.9297716617584229,0.31591442227363586,2.1455681324005127,0.8746021389961243,,,,,,accurate
7558,75580.0,78952.40005111694,78971.7000541687,0,19.300003051757812,3391.700054168701,75620.0,True,139,138,True,0,0,False,False,41,False,False,risk_lstm,8,0.9368087649345398,0.2935766279697418,2.076840400695801,0.894581139087677,,,,,,accurate
7560,75600.0,78971.7000541687,78994.90005493164,0,23.200000762939453,3394.9000549316406,75640.0,True,139,138,True,0,0,False,False,39,False,False,risk_lstm,8,0.9497695565223694,0.3053145706653595,2.093374013900757,0.8779740333557129,,,,,,accurate
7568,75680.0,78994.90005493164,79022.00005722046,0,27.10000228881836,3342.000057220459,75720.0,True,137,136,True,0,0,False,False,31,False,False,risk_lstm,8,0.9347010254859924,0.3258247375488281,2.147336483001709,0.8663885593414307,,,,,,accurate
7572,75720.0,79022.00005722046,79044.10005569458,0,22.099998474121094,3324.10005569458,75760.0,True,136,135,True,1,1,False,False,27,False,False,risk_lstm,8,0.9284072518348694,0.36297696828842163,2.0650649070739746,0.8896013498306274,,,,,,accurate
7574,75740.0,79044.10005569458,79073.00005722046,0,28.900001525878906,3333.000057220459,75780.0,True,136,135,True,1,1,False,False,25,False,False,risk_lstm,8,0.8934851884841919,0.33842819929122925,2.152360200881958,0.8813138604164124,,,,,,accurate
7575,75750.0,79073.00005722046,79094.50005722046,0,21.5,3344.500057220459,75790.0,True,137,136,True,0,0,False,False,24,False,False,risk_lstm,8,0.9261658191680908,0.4168127179145813,2.0278048515319824,0.8961947560310364,,,,,,accurate
7578,75780.0,79094.50005722046,79119.00005722046,0,24.5,3339.000057220459,75820.0,True,137,136,True,0,0,False,False,21,False,False,risk_lstm,8,0.9373302459716797,0.3229480981826782,2.0565807819366455,0.9040787816047668,,,,,,accurate
7580,75800.0,79119.00005722046,79147.7000579834,0,28.700000762939453,3347.7000579833984,75840.0,True,138,137,True,0,0,False,False,19,False,False,risk_lstm,8,0.8801252841949463,0.32936781644821167,1.9761191606521606,0.8828232884407043,,,,,,accurate
7581,75810.0,79147.7000579834,79168.50005722046,0,20.799999237060547,3358.500057220459,75850.0,True,138,137,True,0,0,False,False,18,False,False,risk_lstm,8,0.9189776182174683,0.3273887038230896,2.171560525894165,0.8770033121109009,,,,,,accurate
7584,75840.0,79168.50005722046,79205.40005874634,0,36.900001525878906,3365.400058746338,75880.0,True,138,137,True,0,0,False,False,15,False,False,risk_lstm,8,0.9148017764091492,0.3398655652999878,2.213611364364624,0.8737086057662964,,,,,,accurate
7585,75850.0,79205.40005874634,79226.50006103516,0,21.10000228881836,3376.5000610351562,75890.0,True,139,138,True,1,1,False,False,14,False,False,risk_lstm,8,0.9110015630722046,0.34817448258399963,2.1595757007598877,0.8816978931427002,,,,,,accurate
7590,75900.0,79226.50006103516,79243.10005950928,0,16.599998474121094,3343.1000595092773,75940.0,True,137,136,True,0,0,False,False,9,False,False,risk_lstm,8,0.9333986043930054,0.18682445585727692,2.0126664638519287,0.9232949018478394,,,,,,accurate
7592,75920.0,79243.10005950928,79263.90005874634,0,20.799999237060547,3343.900058746338,75960.0,True,137,136,True,1,1,False,False,7,False,False,risk_lstm,8,0.9436350464820862,0.24403825402259827,2.1045188903808594,0.8835459351539612,,,,,,accurate
7594,75940.0,79263.90005874634,79292.60005950928,0,28.700000762939453,3352.6000595092773,75980.0,True,137,136,True,0,0,False,False,5,False,False,risk_lstm,8,0.9087145924568176,0.3082822859287262,2.0930845737457275,0.8906065821647644,,,,,,accurate
7601,76010.0,79292.60005950928,79318.50005722046,0,25.89999771118164,3308.500057220459,76050.0,True,135,134,True,0,0,False,False,98,False,False,risk_lstm,8,0.924970269203186,0.3382682502269745,2.14308762550354,0.8697248101234436,,,,,,accurate
7602,76020.0,79318.50005722046,79336.40005874634,0,17.900001525878906,3316.400058746338,76060.0,True,136,135,True,1,1,False,False,97,False,False,risk_lstm,8,0.9229109287261963,0.26226407289505005,1.9017270803451538,0.9233000874519348,,,,,,accurate
7603,76030.0,79336.40005874634,79355.00006103516,0,18.60000228881836,3325.0000610351562,76070.0,True,136,135,True,1,1,False,False,96,False,False,risk_lstm,8,0.9385299682617188,0.22465695440769196,2.001627206802368,0.9181089401245117,,,,,,accurate
7604,76040.0,79355.00006103516,79374.30006027222,0,19.299999237060547,3334.300060272217,76080.0,True,137,136,True,1,1,False,False,95,False,False,risk_lstm,8,0.9443153142929077,0.20569729804992676,2.088182210922241,0.8914883732795715,,,,,,accurate
7607,76070.0,79374.30006027222,79395.90006256104,0,21.60000228881836,3325.900062561035,76110.0,True,137,136,True,1,1,False,False,92,False,False,risk_lstm,8,0.9359127283096313,0.2719215154647827,2.0924465656280518,0.8907113075256348,,,,,,accurate
7610,76100.0,79395.90006256104,79414.30006408691,0,18.400001525878906,3314.300064086914,76140.0,True,137,136,True,0,0,False,False,89,False,False,risk_lstm,8,0.9163768291473389,0.27876871824264526,1.9392461776733398,0.9297606348991394,,,,,,accurate
7612,76120.0,79414.30006408691,79435.10006713867,0,20.800003051757812,3315.100067138672,76160.0,True,137,136,True,0,0,False,False,87,False,False,risk_lstm,8,0.9357249736785889,0.25095033645629883,2.076667308807373,0.8919216394424438,,,,,,accurate
7613,76130.0,79435.10006713867,79459.2000656128,0,24.099998474121094,3329.200065612793,76170.0,True,137,136,True,1,1,False,False,86,False,False,risk_lstm,8,0.9543614387512207,0.22460082173347473,2.1412222385406494,0.8716903328895569,,,,,,accurate
7617,76170.0,79459.2000656128,79476.30006790161,0,17.10000228881836,3306.3000679016113,76210.0,True,137,136,True,1,1,False,False,82,False,False,risk_lstm,8,0.9498635530471802,0.1425032615661621,2.0412790775299072,0.9165239930152893,,,,,,accurate
7618,76180.0,79476.30006790161,79506.80006790161,0,30.5,3326.8000679016113,76220.0,True,137,136,True,0,0,False,False,81,False,False,risk_lstm,8,0.9144790768623352,0.24815864861011505,1.9858297109603882,0.8861047029495239,,,,,,accurate
7619,76190.0,79506.80006790161,79530.90006637573,0,24.099998474121094,3340.9000663757324,76230.0,True,138,137,True,0,0,False,False,80,False,False,risk_lstm,8,0.9491998553276062,0.251747190952301,2.194056987762451,0.8789007663726807,,,,,,accurate
7620,76200.0,79530.90006637573,79554.50006484985,0,23.599998474121094,3354.5000648498535,76240.0,True,138,137,True,1,1,False,False,79,False,False,risk_lstm,8,0.932468831539154,0.2517975866794586,2.2457311153411865,0.8818615078926086,,,,,,accurate
7623,76230.0,79554.50006484985,79579.40006256104,0,24.89999771118164,3349.400062561035,76270.0,True,138,137,True,0,0,False,False,76,False,False,risk_lstm,8,0.9314873218536377,0.2641604542732239,2.2599222660064697,0.8815624713897705,,,,,,accurate
7624,76240.0,79579.40006256104,79599.50006484985,0,20.10000228881836,3359.5000648498535,76280.0,True,138,137,True,0,0,False,False,75,False,False,risk_lstm,8,0.9424821734428406,0.2986361086368561,2.0066111087799072,0.9101577401161194,,,,,,accurate
7625,76250.0,79599.50006484985,79619.00006866455,0,19.500003814697266,3369.000068664551,76290.0,True,139,138,True,0,0,False,False,74,False,False,risk_lstm,8,0.9443504214286804,0.27220577001571655,2.067161798477173,0.9075931906700134,,,,,,accurate
7632,76320.0,79619.00006866455,79641.2000656128,0,22.199996948242188,3321.200065612793,76360.0,True,137,136,True,0,0,False,False,67,False,False,risk_lstm,8,0.9349381327629089,0.27761784195899963,2.192976713180542,0.8766833543777466,,,,,,accurate
7633,76330.0,79641.2000656128,79658.30006408691,0,17.099998474121094,3328.300064086914,76370.0,True,138,137,True,0,0,False,False,66,False,False,risk_lstm,8,0.8563030958175659,0.3390929698944092,1.8684592247009277,0.9397983551025391,,,,,,accurate
7634,76340.0,79658.30006408691,79681.2000617981,0,22.89999771118164,3341.2000617980957,76380.0,True,138,137,True,0,0,False,False,65,False,False,risk_lstm,8,0.943821907043457,0.29675590991973877,2.1410179138183594,0.8752657175064087,,,,,,accurate
7636,76360.0,79681.2000617981,79704.00006103516,0,22.799999237060547,3344.0000610351562,76400.0,True,139,138,True,0,0,False,False,63,False,False,risk_lstm,8,0.8642389178276062,0.3488890528678894,1.9669848680496216,0.9102557897567749,,,,,,accurate
7638,76380.0,79704.00006103516,79722.7000579834,0,18.699996948242188,3342.7000579833984,76420.0,True,139,138,True,0,0,False,False,61,False,False,risk_lstm,8,0.9356924295425415,0.2108439803123474,2.022085666656494,0.9216043949127197,,,,,,accurate
7639,76390.0,79722.7000579834,79745.90005493164,0,23.199996948242188,3355.9000549316406,76430.0,True,140,139,True,0,0,False,False,60,False,False,risk_lstm,8,0.9480364918708801,0.2118007391691208,2.131276845932007,0.8774535059928894,,,,,,accurate
7640,76400.0,79745.90005493164,79766.50005340576,0,20.599998474121094,3366.5000534057617,76440.0,True,140,139,True,0,0,False,False,59,False,False,risk_lstm,8,0.934219241142273,0.260182648897171,2.0322372913360596,0.9129077792167664,,,,,,accurate
7647,76470.0,79766.50005340576,79791.40005493164,0,24.900001525878906,3321.4000549316406,76510.0,True,139,138,True,1,1,False,False,52,False,False,risk_lstm,8,0.897919774055481,0.2846677899360657,2.1085264682769775,0.879532516002655,,,,,,accurate
7649,76490.0,79791.40005493164,79814.30005645752,0,22.900001525878906,3324.3000564575195,76530.0,True,139,138,True,1,1,False,False,50,False,False,risk_lstm,8,0.9415047764778137,0.2786440849304199,2.1187407970428467,0.8812057375907898,,,,,,accurate
7655,76550.0,79814.30005645752,79839.60005950928,0,25.300003051757812,3289.6000595092773,76590.0,True,137,136,True,0,0,False,False,44,False,False,risk_lstm,8,0.8942754864692688,0.3042759597301483,2.136958599090576,0.8882091641426086,,,,,,accurate
7658,76580.0,79839.60005950928,79862.10005950928,0,22.5,3282.1000595092773,76620.0,True,137,136,True,0,0,False,False,41,False,False,risk_lstm,8,0.923623263835907,0.2930063307285309,2.205679178237915,0.8781460523605347,,,,,,accurate
7659,76590.0,79862.10005950928,79885.10006332397,0,23.000003814697266,3295.1000633239746,76630.0,True,137,136,True,0,0,False,False,40,False,False,risk_lstm,8,0.9028232097625732,0.3734155297279358,2.1826748847961426,0.8851879239082336,,,,,,accurate
7660,76600.0,79885.10006332397,79907.30006408691,0,22.200000762939453,3307.300064086914,76640.0,True,138,137,True,1,1,False,False,39,False,False,risk_lstm,8,0.9037946462631226,0.38738930225372314,2.1941606998443604,0.8753288388252258,,,,,,accurate
7664,76640.0,79907.30006408691,79935.10006332397,0,27.799999237060547,3295.1000633239746,76680.0,True,137,136,True,1,1,False,False,35,False,False,risk_lstm,8,0.9134508967399597,0.35172802209854126,2.213998556137085,0.8725530505180359,,,,,,accurate
7665,76650.0,79935.10006332397,79965.80006408691,0,30.700000762939453,3315.800064086914,76690.0,True,138,137,True,0,0,False,False,34,False,False,risk_lstm,8,0.9069122076034546,0.3876173496246338,2.2164688110351562,0.8717555999755859,,,,,,accurate
7667,76670.0,79965.80006408691,79993.30006790161,0,27.500003814697266,3323.3000679016113,76710.0,True,138,137,True,1,1,False,False,32,False,False,risk_lstm,8,0.8301518559455872,0.4063463807106018,2.012720823287964,0.8877833485603333,,,,,,accurate
7670,76700.0,79993.30006790161,80021.2000656128,0,27.89999771118164,3321.200065612793,76740.0,True,137,136,True,0,0,False,False,29,False,False,risk_lstm,8,0.8955194354057312,0.42907774448394775,2.1688339710235596,0.872189998626709,,,,,,accurate
7674,76740.0,80021.2000656128,80053.50006866455,0,32.30000305175781,3313.500068664551,76780.0,True,137,136,True,1,1,False,False,25,False,False,risk_lstm,8,0.8849599361419678,0.4060065746307373,2.1608095169067383,0.8774098753929138,,,,,,accurate
7676,76760.0,80053.50006866455,80072.7000656128,0,19.199996948242188,3312.700065612793,76800.0,True,137,136,True,1,1,False,False,23,False,False,risk_lstm,8,0.8846510648727417,0.47004660964012146,1.9597817659378052,0.9080066084861755,,,,,,accurate
7678,76780.0,80072.7000656128,80099.10006713867,0,26.400001525878906,3319.100067138672,76820.0,True,137,136,True,0,0,False,False,21,False,False,risk_lstm,8,0.8816086649894714,0.3851214349269867,2.1740739345550537,0.8766477108001709,,,,,,accurate
7679,76790.0,80099.10006713867,80121.40006637573,0,22.299999237060547,3331.4000663757324,76830.0,True,137,136,True,0,0,False,False,20,False,False,risk_lstm,8,0.9072177410125732,0.3994455337524414,2.1774213314056396,0.8729761838912964,,,,,,accurate
7680,76800.0,80121.40006637573,80142.00006484985,0,20.599998474121094,3342.0000648498535,76840.0,True,138,137,True,0,0,False,False,19,False,False,risk_lstm,8,0.9041938781738281,0.426177978515625,2.1195719242095947,0.8837416172027588,,,,,,accurate
7682,76820.0,80142.00006484985,80163.80006408691,0,21.799999237060547,3343.800064086914,76860.0,True,138,137,True,0,0,False,False,17,False,False,risk_lstm,8,0.8885819315910339,0.41809841990470886,2.109435796737671,0.8854244947433472,,,,,,accurate
7684,76840.0,80163.80006408691,80183.7000656128,0,19.900001525878906,3343.700065612793,76880.0,True,138,137,True,0,0,False,False,15,False,False,risk_lstm,8,0.9151473045349121,0.4320141077041626,1.995241403579712,0.8976563215255737,,,,,,accurate
7689,76890.0,80183.7000656128,80203.30006790161,0,19.60000228881836,3313.3000679016113,76930.0,True,137,136,True,1,1,False,False,10,False,False,risk_lstm,8,0.9163820743560791,0.3162449300289154,2.1088082790374756,0.878224790096283,,,,,,accurate
7692,76920.0,80203.30006790161,80227.40007019043,0,24.10000228881836,3307.4000701904297,76960.0,True,137,136,True,0,0,False,False,7,False,False,risk_lstm,8,0.9038053750991821,0.37344270944595337,2.1407229900360107,0.8755085468292236,,,,,,accurate
7694,76940.0,80227.40007019043,80252.90007019043,0,25.5,3312.9000701904297,76980.0,True,137,136,True,0,0,False,False,5,False,False,risk_lstm,8,0.868666410446167,0.3826271891593933,2.1568167209625244,0.8858411312103271,,,,,,accurate
7701,77010.0,80252.90007019043,80271.50007247925,0,18.60000228881836,3261.500072479248,77050.0,True,137,136,True,0,0,False,False,98,False,False,risk_lstm,8,0.8998529314994812,0.36201566457748413,1.9101786613464355,0.9259271025657654,,,,,,accurate
7703,77030.0,80271.50007247925,80289.60007095337,0,18.099998474121094,3259.600070953369,77070.0,True,138,137,True,0,0,False,False,96,False,False,risk_lstm,8,0.9361093640327454,0.24153386056423187,2.0397725105285645,0.9173564910888672,,,,,,accurate
7704,77040.0,80289.60007095337,80313.60007095337,0,24.0,3273.600070953369,77080.0,True,138,137,True,0,0,False,False,95,False,False,risk_lstm,8,0.9393190145492554,0.25063326954841614,2.0842409133911133,0.8892412781715393,,,,,,accurate
7705,77050.0,80313.60007095337,80345.70006942749,0,32.099998474121094,3295.7000694274902,77090.0,True,139,138,True,1,1,False,False,94,False,False,risk_lstm,8,0.8999871015548706,0.2730274200439453,2.0918188095092773,0.8837683200836182,,,,,,accurate
7707,77070.0,80345.70006942749,80364.60006713867,0,18.89999771118164,3294.600067138672,77110.0,True,140,139,True,0,0,False,False,92,False,False,risk_lstm,8,0.9497852921485901,0.25500574707984924,2.0261423587799072,0.9102897047996521,,,,,,accurate
7710,77100.0,80364.60006713867,80390.00006866455,0,25.400001525878906,3290.000068664551,77140.0,True,139,138,True,0,0,False,False,89,False,False,risk_lstm,8,0.913761556148529,0.25419846177101135,2.2113876342773438,0.8819337487220764,,,,,,accurate
7711,77110.0,80390.00006866455,80419.00007247925,0,29.000003814697266,3309.000072479248,77150.0,True,140,139,True,1,1,False,False,88,False,False,risk_lstm,8,0.925032377243042,0.2687215805053711,2.229872941970825,0.8812238574028015,,,,,,accurate
7712,77120.0,80419.00007247925,80437.90007400513,0,18.900001525878906,3317.900074005127,77160.0,True,140,139,True,0,0,False,False,87,False,False,risk_lstm,8,0.9193105101585388,0.30764830112457275,1.9993913173675537,0.9135149717330933,,,,,,accurate
7713,77130.0,80437.90007400513,80459.40007400513,0,21.5,3329.400074005127,77170.0,True,141,140,True,0,0,False,False,86,False,False,risk_lstm,8,0.9127092957496643,0.3179128170013428,2.220832347869873,0.8840777277946472,,,,,,accurate
7715,77150.0,80459.40007400513,80487.20007705688,0,27.800003051757812,3337.2000770568848,77190.0,True,141,140,True,1,1,False,False,84,False,False,risk_lstm,8,0.9138008952140808,0.33187976479530334,2.235175848007202,0.8753180503845215,,,,,,accurate
7716,77160.0,80487.20007705688,80514.70007705688,0,27.5,3354.7000770568848,77200.0,True,141,140,True,0,0,False,False,83,False,False,risk_lstm,8,0.9471287131309509,0.29980477690696716,2.1270320415496826,0.8821566700935364,,,,,,accurate
7722,77220.0,80514.70007705688,80545.90007400513,0,31.199996948242188,3325.900074005127,77260.0,True,140,139,True,1,1,False,False,77,False,False,risk_lstm,8,0.8647275567054749,0.36204439401626587,2.1097476482391357,0.8938912749290466,,,,,,accurate
7725,77250.0,80545.90007400513,80572.10007476807,0,26.200000762939453,3322.1000747680664,77290.0,True,141,140,True,0,0,False,False,74,False,False,risk_lstm,8,0.918042004108429,0.36776578426361084,2.2048230171203613,0.8736622333526611,,,,,,accurate
7727,77270.0,80572.10007476807,80590.80007171631,0,18.699996948242188,3320.8000717163086,77310.0,True,141,140,True,0,0,False,False,72,False,False,risk_lstm,8,0.856203556060791,0.39008668065071106,1.8726162910461426,0.9283643364906311,,,,,,accurate
7728,77280.0,80590.80007171631,80612.40006637573,0,21.599994659423828,3332.4000663757324,77320.0,True,142,141,True,1,1,False,False,71,False,False,risk_lstm,8,0.9290562868118286,0.3041035830974579,2.157694101333618,0.8741912245750427,,,,,,accurate
7730,77300.0,80612.40006637573,80630.70006942749,0,18.300003051757812,3330.7000694274902,77340.0,True,142,141,True,0,0,False,False,69,False,False,risk_lstm,8,0.9309295415878296,0.29909321665763855,2.0579655170440674,0.909716010093689,,,,,,accurate
7734,77340.0,80630.70006942749,80652.90006637573,0,22.199996948242188,3312.9000663757324,77380.0,True,141,140,True,0,0,False,False,65,False,False,risk_lstm,8,0.9106305241584778,0.3230081796646118,2.0646917819976807,0.8924926519393921,,,,,,accurate
7735,77350.0,80652.90006637573,80676.7000656128,0,23.799999237060547,3326.700065612793,77390.0,True,142,141,True,0,0,False,False,64,False,False,risk_lstm,8,0.9442073106765747,0.30029231309890747,2.1355137825012207,0.8698452115058899,,,,,,accurate
7737,77370.0,80676.7000656128,80696.90006256104,0,20.199996948242188,3326.900062561035,77410.0,True,142,141,True,0,0,False,False,62,False,False,risk_lstm,8,0.9515588879585266,0.2679848372936249,2.0866317749023438,0.8935818672180176,,,,,,accurate
7739,77390.0,80696.90006256104,80724.10006332397,0,27.200000762939453,3334.1000633239746,77430.0,True,142,141,True,0,0,False,False,60,False,False,risk_lstm,8,0.9373331665992737,0.2945050895214081,2.151400566101074,0.8683208227157593,,,,,,accurate
7742,77420.0,80724.10006332397,80746.60006332397,0,22.5,3326.6000633239746,77460.0,True,142,141,True,0,0,False,False,57,False,False,risk_lstm,8,0.9295555949211121,0.2871113419532776,2.206352949142456,0.8758268356323242,,,,,,accurate
7743,77430.0,80746.60006332397,80771.30006790161,0,24.70000457763672,3341.3000679016113,77470.0,True,142,141,True,1,1,False,False,56,False,False,risk_lstm,8,0.9110811948776245,0.36327725648880005,2.210980176925659,0.8754895329475403,,,,,,accurate
7744,77440.0,80771.30006790161,80797.50006484985,0,26.199996948242188,3357.5000648498535,77480.0,True,143,142,True,0,0,False,False,55,False,False,risk_lstm,8,0.9085319638252258,0.36412477493286133,2.2121098041534424,0.8770654201507568,,,,,,accurate
7745,77450.0,80797.50006484985,80818.2000617981,0,20.699996948242188,3368.2000617980957,77490.0,True,143,142,True,1,1,False,False,54,False,False,risk_lstm,8,0.9029666185379028,0.41233494877815247,2.1757586002349854,0.8737108707427979,,,,,,accurate
7747,77470.0,80818.2000617981,80843.10006332397,0,24.900001525878906,3373.1000633239746,77510.0,True,144,143,True,1,1,False,False,52,False,False,risk_lstm,8,0.893359363079071,0.42681506276130676,2.01397442817688,0.9086946249008179,,,,,,accurate
7749,77490.0,80843.10006332397,80868.2000617981,0,25.099998474121094,3378.2000617980957,77530.0,True,144,143,True,0,0,False,False,50,False,False,risk_lstm,8,0.9056091904640198,0.3941909074783325,2.188338041305542,0.8716887831687927,,,,,,accurate
7753,77530.0,80868.2000617981,80889.80006408691,0,21.60000228881836,3359.800064086914,77570.0,True,143,142,True,1,1,False,False,46,False,False,risk_lstm,8,0.8958021998405457,0.4112441837787628,2.152787923812866,0.8750030398368835,,,,,,accurate
7755,77550.0,80889.80006408691,80904.60006332397,0,14.799999237060547,3354.6000633239746,77590.0,True,143,142,True,0,0,False,False,44,False,False,risk_lstm,8,0.7433687448501587,0.17226560413837433,2.0613067150115967,0.9344088435173035,,,,,,accurate
7756,77560.0,80904.60006332397,80925.7000617981,0,21.099998474121094,3365.7000617980957,77600.0,True,144,143,True,0,0,False,False,43,False,False,risk_lstm,8,0.9253386855125427,0.29549381136894226,2.0473196506500244,0.9016503095626831,,,,,,accurate
7757,77570.0,80925.7000617981,80949.2000617981,0,23.5,3379.2000617980957,77610.0,True,144,143,True,0,0,False,False,42,False,False,risk_lstm,8,0.9239960312843323,0.27724483609199524,2.071784496307373,0.89129638671875,,,,,,accurate
7758,77580.0,80949.2000617981,80990.10006332397,0,40.900001525878906,3410.1000633239746,77620.0,True,145,144,True,0,0,False,False,41,False,False,risk_lstm,8,0.8946770429611206,0.298493355512619,2.022876739501953,0.8825505971908569,,,,,,accurate
7759,77590.0,80990.10006332397,81013.2000617981,0,23.099998474121094,3423.2000617980957,77630.0,True,145,144,True,0,0,False,False,40,False,False,risk_lstm,8,0.9313549399375916,0.28796035051345825,2.1977460384368896,0.8780325651168823,,,,,,accurate
7760,77600.0,81013.2000617981,81046.00006103516,0,32.79999923706055,3446.0000610351562,77640.0,True,146,145,True,1,1,False,False,39,False,False,risk_lstm,8,0.9212160110473633,0.28874287009239197,2.2345147132873535,0.8784257173538208,,,,,,accurate
7764,77640.0,81046.00006103516,81076.7000579834,0,30.699996948242188,3436.7000579833984,77680.0,True,145,144,True,1,1,False,False,35,False,False,risk_lstm,8,0.8714801073074341,0.28854501247406006,2.0878379344940186,0.891048789024353,,,,,,accurate
7766,77660.0,81076.7000579834,81101.60005569458,0,24.89999771118164,3441.60005569458,77700.0,True,145,144,True,0,0,False,False,33,False,False,risk_lstm,8,0.9056960940361023,0.3131501376628876,2.1755757331848145,0.8890126943588257,,,,,,accurate
7767,77670.0,81101.60005569458,81123.2000541687,0,21.599998474121094,3453.200054168701,77710.0,True,146,145,True,0,0,False,False,32,False,False,risk_lstm,8,0.9051039218902588,0.3842982053756714,2.1866023540496826,0.8757150769233704,,,,,,accurate
7777,77770.0,81123.2000541687,81152.10005569458,0,28.900001525878906,3382.10005569458,77810.0,True,143,142,True,0,0,False,False,22,False,False,risk_lstm,8,0.9000551104545593,0.4119579792022705,2.1646335124969482,0.8763083219528198,,,,,,accurate
7780,77800.0,81152.10005569458,81174.80005264282,0,22.699996948242188,3374.8000526428223,77840.0,True,143,142,True,1,1,False,False,19,False,False,risk_lstm,8,0.8448887467384338,0.501331627368927,2.080439329147339,0.8839138150215149,,,,,,accurate
7783,77830.0,81174.80005264282,81196.00005340576,0,21.200000762939453,3366.0000534057617,77870.0,True,142,141,True,0,0,False,False,16,False,False,risk_lstm,8,0.8473148941993713,0.5093261003494263,2.021240234375,0.8892381191253662,,,,,,accurate
7784,77840.0,81196.00005340576,81221.00005340576,0,25.0,3381.0000534057617,77880.0,True,143,142,True,0,0,False,False,15,False,False,risk_lstm,8,0.8975631594657898,0.4348964989185333,2.159529447555542,0.8666670918464661,,,,,,accurate
7786,77860.0,81221.00005340576,81243.30005645752,0,22.300003051757812,3383.3000564575195,77900.0,True,143,142,True,0,0,False,False,13,False,False,risk_lstm,8,0.8896562457084656,0.4518091678619385,1.9840219020843506,0.8985170125961304,,,,,,accurate
7792,77920.0,81243.30005645752,81266.90005493164,0,23.599998474121094,3346.9000549316406,77960.0,True,141,140,True,1,1,False,False,7,False,False,risk_lstm,8,0.9176193475723267,0.4198915362358093,2.1234638690948486,0.8632819056510925,,,,,,accurate
7795,77950.0,81266.90005493164,81293.7000579834,0,26.800003051757812,3343.7000579833984,77990.0,True,141,140,True,0,0,False,False,4,False,False,risk_lstm,8,0.9226428866386414,0.41729575395584106,2.1511781215667725,0.8600995540618896,,,,,,accurate
7797,77970.0,81293.7000579834,81323.80006027222,0,30.10000228881836,3353.800060272217,78010.0,True,141,140,True,1,1,False,False,2,True,False,risk_lstm,8,0.8530198931694031,0.4351038932800293,2.014983892440796,0.8850424885749817,,,,,,accurate
7800,78000.0,81323.80006027222,81348.90005874634,0,25.099998474121094,3348.900058746338,78040.0,True,141,140,True,0,0,False,False,99,False,False,risk_lstm,8,0.8903051018714905,0.43129676580429077,2.1987688541412354,0.8713242411613464,,,,,,accurate
7801,78010.0,81348.90005874634,81376.60005950928,0,27.700000762939453,3366.6000595092773,78050.0,True,141,140,True,0,0,False,False,98,False,False,risk_lstm,8,0.8931865692138672,0.4069719612598419,2.1785974502563477,0.8753116726875305,,,,,,accurate
7802,78020.0,81376.60005950928,81417.7000617981,0,41.10000228881836,3397.7000617980957,78060.0,True,142,141,True,0,0,False,False,97,False,False,risk_lstm,8,0.8404022455215454,0.3763718008995056,1.9668333530426025,0.8834057450294495,,,,,,accurate
7804,78040.0,81417.7000617981,81440.00006103516,0,22.299999237060547,3400.0000610351562,78080.0,True,142,141,True,0,0,False,False,95,False,False,risk_lstm,8,0.911126434803009,0.46785998344421387,1.9440761804580688,0.8981996178627014,,,,,,accurate
7805,78050.0,81440.00006103516,81472.30006408691,0,32.30000305175781,3422.300064086914,78090.0,True,143,142,True,0,0,False,False,94,False,False,risk_lstm,8,0.853711724281311,0.39733874797821045,2.060816526412964,0.8865490555763245,,,,,,accurate
7806,78060.0,81472.30006408691,81495.90006637573,0,23.60000228881836,3435.9000663757324,78100.0,True,143,142,True,0,0,False,False,93,False,False,risk_lstm,8,0.9103497266769409,0.431069016456604,2.1806209087371826,0.8749461770057678,,,,,,accurate
7812,78120.0,81495.90006637573,81520.7000656128,0,24.799999237060547,3400.700065612793,78160.0,True,142,141,True,0,0,False,False,87,False,False,risk_lstm,8,0.8802817463874817,0.394173264503479,2.1659767627716064,0.8835636377334595,,,,,,accurate
7816,78160.0,81520.7000656128,81543.7000656128,0,23.0,3383.700065612793,78200.0,True,141,140,True,1,1,False,False,83,False,False,risk_lstm,8,0.9022455215454102,0.42093127965927124,2.154860496520996,0.8759093284606934,,,,,,accurate
7818,78180.0,81543.7000656128,81563.7000656128,0,20.0,3383.700065612793,78220.0,True,141,140,True,1,1,False,False,81,False,False,risk_lstm,8,0.8805437088012695,0.4228394627571106,2.1302595138549805,0.8809732794761658,,,,,,accurate
7820,78200.0,81563.7000656128,81583.70006942749,0,20.000003814697266,3383.7000694274902,78240.0,True,141,140,True,0,0,False,False,79,False,False,risk_lstm,8,0.878667950630188,0.44426509737968445,2.053048610687256,0.8892168998718262,,,,,,accurate
7824,78240.0,81583.70006942749,81633.90007019043,0,50.20000076293945,3393.9000701904297,78280.0,True,140,139,True,1,1,False,False,75,False,False,risk_lstm,8,0.9113476872444153,0.3944098651409149,2.202066659927368,0.8648731708526611,,,,,,accurate
7827,78270.0,81633.90007019043,81670.20007324219,0,36.30000305175781,3400.2000732421875,78310.0,True,140,139,True,0,0,False,False,72,False,False,risk_lstm,8,0.8918517827987671,0.37652289867401123,2.179077386856079,0.8771923780441284,,,,,,accurate
7830,78300.0,81670.20007324219,81697.00007247925,0,26.799999237060547,3397.000072479248,78340.0,True,140,139,True,0,0,False,False,69,False,False,risk_lstm,8,0.8994013071060181,0.41753271222114563,1.958478331565857,0.9139222502708435,,,,,,accurate
7834,78340.0,81697.00007247925,81719.40007400513,0,22.400001525878906,3379.400074005127,78380.0,True,139,138,True,0,0,False,False,65,False,False,risk_lstm,8,0.8846723437309265,0.42457273602485657,2.151855230331421,0.8794445395469666,,,,,,accurate
7835,78350.0,81719.40007400513,81740.60007476807,0,21.200000762939453,3390.6000747680664,78390.0,True,140,139,True,1,1,False,False,64,False,False,risk_lstm,8,0.9163586497306824,0.3738367557525635,2.0857670307159424,0.885083019733429,,,,,,accurate
7842,78420.0,81740.60007476807,81768.20007705688,0,27.60000228881836,3348.2000770568848,78460.0,True,138,137,True,0,0,False,False,57,False,False,risk_lstm,8,0.9435399770736694,0.335092157125473,2.0447585582733154,0.9016198515892029,,,,,,accurate
7847,78470.0,81768.20007705688,81803.20007705688,0,35.0,3333.2000770568848,78510.0,True,137,136,True,0,0,False,False,52,False,False,risk_lstm,8,0.9327846765518188,0.34976789355278015,2.176898956298828,0.867773711681366,,,,,,accurate
7850,78500.0,81803.20007705688,81833.50007629395,0,30.299999237060547,3333.5000762939453,78540.0,True,136,135,True,0,0,False,False,49,False,False,risk_lstm,8,0.9181013703346252,0.3448934257030487,2.149888515472412,0.876602292060852,,,,,,accurate
7856,78560.0,81833.50007629395,81854.00007629395,0,20.5,3294.0000762939453,78600.0,True,135,134,True,0,0,False,False,43,False,False,risk_lstm,8,0.9178861975669861,0.35323065519332886,2.1269569396972656,0.8759440779685974,,,,,,accurate
7861,78610.0,81854.00007629395,81874.90007400513,0,20.89999771118164,3264.900074005127,78650.0,True,134,133,True,1,1,False,False,38,False,False,risk_lstm,8,0.9293122291564941,0.34599846601486206,2.1642069816589355,0.8681694865226746,,,,,,accurate
7862,78620.0,81874.90007400513,81904.00007629395,0,29.10000228881836,3284.0000762939453,78660.0,True,135,134,True,0,0,False,False,37,False,False,risk_lstm,8,0.913228452205658,0.4153520166873932,2.17867112159729,0.8682723045349121,,,,,,accurate
7864,78640.0,81904.00007629395,81924.800075531,0,20.799999237060547,3284.800075531006,78680.0,True,135,134,True,0,0,False,False,35,False,False,risk_lstm,8,0.8988324403762817,0.445813924074173,2.1380398273468018,0.8765556812286377,,,,,,accurate
7865,78650.0,81924.800075531,81953.40007400513,0,28.599998474121094,3303.400074005127,78690.0,True,135,134,True,1,1,False,False,34,False,False,risk_lstm,8,0.8867550492286682,0.4107500910758972,2.182084798812866,0.8780436515808105,,,,,,accurate
7868,78680.0,81953.40007400513,81974.70007324219,0,21.299999237060547,3294.7000732421875,78720.0,True,135,134,True,0,0,False,False,31,False,False,risk_lstm,8,0.9172859787940979,0.4284006357192993,2.1702213287353516,0.8640332221984863,,,,,,accurate
7869,78690.0,81974.70007324219,81996.80007171631,0,22.099998474121094,3306.8000717163086,78730.0,True,136,135,True,1,1,False,False,30,False,False,risk_lstm,8,0.8920271396636963,0.42975711822509766,2.181098699569702,0.8716047406196594,,,,,,accurate
7872,78720.0,81996.80007171631,82016.10007095337,0,19.299999237060547,3296.100070953369,78760.0,True,136,135,True,0,0,False,False,27,False,False,risk_lstm,8,0.8883370161056519,0.4576362073421478,2.0805883407592773,0.8848553895950317,,,,,,accurate
7873,78730.0,82016.10007095337,82033.40007019043,0,17.299999237060547,3303.4000701904297,78770.0,True,137,136,True,1,1,False,False,26,False,False,risk_lstm,8,0.9185377955436707,0.3929779529571533,1.9593201875686646,0.9158272743225098,,,,,,accurate
7874,78740.0,82033.40007019043,82059.80007171631,0,26.400001525878906,3319.8000717163086,78780.0,True,137,136,True,0,0,False,False,25,False,False,risk_lstm,8,0.8664723038673401,0.37904882431030273,2.071132183074951,0.8903278112411499,,,,,,accurate
7875,78750.0,82059.80007171631,82079.30007171631,0,19.5,3329.3000717163086,78790.0,True,138,137,True,0,0,False,False,24,False,False,risk_lstm,8,0.9320307970046997,0.3212626278400421,2.0731570720672607,0.9016018509864807,,,,,,accurate
7876,78760.0,82079.30007171631,82098.30007171631,0,19.0,3338.3000717163086,78800.0,True,138,137,True,0,0,False,False,23,False,False,risk_lstm,8,0.9558807611465454,0.22395984828472137,2.124622106552124,0.9016910791397095,,,,,,accurate
7880,78800.0,82098.30007171631,82115.80007171631,0,17.5,3315.8000717163086,78840.0,True,138,137,True,0,0,False,False,19,False,False,risk_lstm,8,0.9289963841438293,0.2863069474697113,2.0620462894439697,0.8976987600326538,,,,,,accurate
7881,78810.0,82115.80007171631,82146.20007324219,0,30.400001525878906,3336.2000732421875,78850.0,True,139,138,True,0,0,False,False,18,False,False,risk_lstm,8,0.9421829581260681,0.2557162642478943,2.166297674179077,0.8722632527351379,,,,,,accurate
7886,78860.0,82146.20007324219,82169.60007095337,0,23.39999771118164,3309.600070953369,78900.0,True,138,137,True,1,1,False,False,13,False,False,risk_lstm,8,0.9363520741462708,0.28840509057044983,2.1897366046905518,0.8783567547798157,,,,,,accurate
7888,78880.0,82169.60007095337,82191.20006942749,0,21.599998474121094,3311.2000694274902,78920.0,True,138,137,True,0,0,False,False,11,False,False,risk_lstm,8,0.9232218861579895,0.26699361205101013,2.0934457778930664,0.8969414234161377,,,,,,accurate
7891,78910.0,82191.20006942749,82209.20006942749,0,18.0,3299.2000694274902,78950.0,True,137,136,True,0,0,False,False,8,False,False,risk_lstm,8,0.9463183879852295,0.2820831537246704,2.05851674079895,0.89808589220047,,,,,,accurate
7893,78930.0,82209.20006942749,82236.30007171631,0,27.10000228881836,3306.3000717163086,78970.0,True,137,136,True,0,0,False,False,6,False,False,risk_lstm,8,0.9458374977111816,0.2491697072982788,2.1790902614593506,0.8676098585128784,,,,,,accurate
7902,79020.0,82236.30007171631,82263.00007247925,0,26.700000762939453,3243.000072479248,79060.0,True,135,134,True,0,0,False,False,97,False,False,risk_lstm,8,0.9103589057922363,0.30980366468429565,2.2174224853515625,0.8802007436752319,,,,,,accurate
7905,79050.0,82263.00007247925,82281.90007400513,0,18.900001525878906,3231.900074005127,79090.0,True,134,133,True,0,0,False,False,94,False,False,risk_lstm,8,0.9096179604530334,0.3603042662143707,2.136624813079834,0.8882542252540588,,,,,,accurate
7906,79060.0,82281.90007400513,82300.20007705688,0,18.300003051757812,3240.2000770568848,79100.0,True,135,134,True,1,1,False,False,93,False,False,risk_lstm,8,0.9270933866500854,0.3268490433692932,2.1086103916168213,0.8846532702445984,,,,,,accurate
7907,79070.0,82300.20007705688,82326.10007858276,0,25.900001525878906,3256.1000785827637,79110.0,True,136,135,True,0,0,False,False,92,False,False,risk_lstm,8,0.8938688635826111,0.33601751923561096,2.160900831222534,0.8874399065971375,,,,,,accurate
7911,79110.0,82326.10007858276,82344.10008239746,0,18.000003814697266,3234.100082397461,79150.0,True,135,134,True,0,0,False,False,88,False,False,risk_lstm,8,0.8661061525344849,0.17393633723258972,2.0067086219787598,0.932157039642334,,,,,,accurate
7912,79120.0,82344.10008239746,82374.20008087158,0,30.099998474121094,3254.200080871582,79160.0,True,135,134,True,1,1,False,False,87,False,False,risk_lstm,8,0.8937768340110779,0.26981085538864136,2.128312349319458,0.8942069411277771,,,,,,accurate
7913,79130.0,82374.20008087158,82399.50008010864,0,25.299999237060547,3269.5000801086426,79170.0,True,136,135,True,0,0,False,False,86,False,False,risk_lstm,8,0.9297348260879517,0.30001646280288696,2.2264926433563232,0.8885288238525391,,,,,,accurate
7914,79140.0,82399.50008010864,82429.10008239746,0,29.60000228881836,3289.100082397461,79180.0,True,137,136,True,1,1,False,False,85,False,False,risk_lstm,8,0.8734678626060486,0.2896215617656708,2.1193344593048096,0.8956351280212402,,,,,,accurate
7917,79170.0,82429.10008239746,82455.50008392334,0,26.400001525878906,3285.50008392334,79210.0,True,136,135,True,0,0,False,False,82,False,False,risk_lstm,8,0.9233165383338928,0.2574029862880707,2.255894899368286,0.8891479969024658,,,,,,accurate
7925,79250.0,82455.50008392334,82474.8000793457,0,19.29999542236328,3224.800079345703,79290.0,True,134,133,True,1,1,False,False,74,False,False,risk_lstm,8,0.9654922485351562,0.19427095353603363,2.1451103687286377,0.9022504687309265,,,,,,accurate
7929,79290.0,82474.8000793457,82492.50008010864,0,17.700000762939453,3202.5000801086426,79330.0,True,134,133,True,0,0,False,False,70,False,False,risk_lstm,8,0.9435984492301941,0.25312623381614685,2.0475292205810547,0.9041401743888855,,,,,,accurate
7931,79310.0,82492.50008010864,82514.3000793457,0,21.799999237060547,3204.300079345703,79350.0,True,134,133,True,0,0,False,False,68,False,False,risk_lstm,8,0.9387904405593872,0.2882354259490967,2.165534496307373,0.8794021010398865,,,,,,accurate
7935,79350.0,82514.3000793457,82545.90008163452,0,31.60000228881836,3195.9000816345215,79390.0,True,133,132,True,1,1,False,False,64,False,False,risk_lstm,8,0.9185936450958252,0.3461211621761322,2.2076382637023926,0.8744232654571533,,,,,,accurate
7939,79390.0,82545.90008163452,82566.40008163452,0,20.5,3176.4000816345215,79430.0,True,132,131,True,0,0,False,False,60,False,False,risk_lstm,8,0.9182143807411194,0.3583349883556366,2.189077377319336,0.8739847540855408,,,,,,accurate
7940,79400.0,82566.40008163452,82585.50008392334,0,19.10000228881836,3185.50008392334,79440.0,True,132,131,True,0,0,False,False,59,False,False,risk_lstm,8,0.9289110898971558,0.31973564624786377,2.0590803623199463,0.9024431705474854,,,,,,accurate
7943,79430.0,82585.50008392334,82611.90008544922,0,26.400001525878906,3181.9000854492188,79470.0,True,132,131,True,1,1,False,False,56,False,False,risk_lstm,8,0.8979707360267639,0.3225775361061096,2.173693895339966,0.882532000541687,,,,,,accurate
7944,79440.0,82611.90008544922,82635.40008163452,0,23.499996185302734,3195.4000816345215,79480.0,True,132,131,True,0,0,False,False,55,False,False,risk_lstm,8,0.9217288494110107,0.32039257884025574,2.2070538997650146,0.8768998384475708,,,,,,accurate
7945,79450.0,82635.40008163452,82654.8000831604,0,19.400001525878906,3204.8000831604004,79490.0,True,133,132,True,1,1,False,False,54,False,False,risk_lstm,8,0.9219122529029846,0.31724122166633606,2.104445695877075,0.8873176574707031,,,,,,accurate
7947,79470.0,82654.8000831604,82674.00008010864,0,19.199996948242188,3204.0000801086426,79510.0,True,133,132,True,0,0,False,False,52,False,False,risk_lstm,8,0.918474555015564,0.38722604513168335,2.066087245941162,0.8839690089225769,,,,,,accurate
7948,79480.0,82674.00008010864,82702.800075531,0,28.79999542236328,3222.800075531006,79520.0,True,133,132,True,0,0,False,False,51,False,False,risk_lstm,8,0.8310016989707947,0.4121711254119873,1.8720184564590454,0.8883389830589294,,,,,,accurate
7950,79500.0,82702.800075531,82726.50007247925,0,23.699996948242188,3226.500072479248,79540.0,True,134,133,True,0,0,False,False,49,False,False,risk_lstm,8,0.9204923510551453,0.3616252541542053,2.195425271987915,0.8683030605316162,,,,,,accurate
7953,79530.0,82726.50007247925,82746.90007019043,0,20.39999771118164,3216.9000701904297,79570.0,True,134,133,True,1,1,False,False,46,False,False,risk_lstm,8,0.9009377360343933,0.3845585286617279,2.1599698066711426,0.8812884092330933,,,,,,accurate
7957,79570.0,82746.90007019043,82778.70006942749,0,31.799999237060547,3208.7000694274902,79610.0,True,133,132,True,0,0,False,False,42,False,False,risk_lstm,8,0.9162740707397461,0.3923828899860382,2.2052948474884033,0.8653413653373718,,,,,,accurate
7959,79590.0,82778.70006942749,82796.30007171631,0,17.60000228881836,3206.3000717163086,79630.0,True,133,132,True,0,0,False,False,40,False,False,risk_lstm,8,0.9423834085464478,0.2885701060295105,2.0966761112213135,0.9047349095344543,,,,,,accurate
7964,79640.0,82796.30007171631,82820.90007019043,0,24.599998474121094,3180.9000701904297,79680.0,True,132,131,True,1,1,False,False,35,False,False,risk_lstm,8,0.9304294586181641,0.3544900715351105,2.236658811569214,0.8683186769485474,,,,,,accurate
7967,79670.0,82820.90007019043,82841.10007095337,0,20.200000762939453,3171.100070953369,79710.0,True,131,130,True,0,0,False,False,32,False,False,risk_lstm,8,0.9130532145500183,0.38294509053230286,2.20339035987854,0.8717602491378784,,,,,,accurate
7969,79690.0,82841.10007095337,82867.00006866455,0,25.89999771118164,3177.000068664551,79730.0,True,131,130,True,0,0,False,False,30,False,False,risk_lstm,8,0.874968945980072,0.35020712018013,2.1524899005889893,0.8885599374771118,,,,,,accurate
7970,79700.0,82867.00006866455,82886.00006484985,0,18.999996185302734,3186.0000648498535,79740.0,True,132,131,True,1,1,False,False,29,False,False,risk_lstm,8,0.898699939250946,0.4099158048629761,2.149996519088745,0.8809540867805481,,,,,,accurate
7971,79710.0,82886.00006484985,82911.60006332397,0,25.599998474121094,3201.6000633239746,79750.0,True,132,131,True,1,1,False,False,28,False,False,risk_lstm,8,0.8489868640899658,0.37037143111228943,2.0378050804138184,0.8889340162277222,,,,,,accurate
7973,79730.0,82911.60006332397,82933.30006408691,0,21.700000762939453,3203.300064086914,79770.0,True,132,131,True,1,1,False,False,26,False,False,risk_lstm,8,0.9013106226921082,0.3974539041519165,2.169459581375122,0.879226803779602,,,,,,accurate
7975,79750.0,82933.30006408691,83018.40007019043,0,85.10000610351562,3268.4000701904297,79790.0,True,132,131,True,1,1,False,False,24,False,False,risk_lstm,8,0.9281834363937378,0.28500086069107056,2.0199458599090576,0.9139506220817566,,,,,,accurate
7978,79780.0,83018.40007019043,83053.10007095337,0,34.70000076293945,3273.100070953369,79820.0,True,132,131,True,1,1,False,False,21,False,False,risk_lstm,8,0.9075663089752197,0.3510008752346039,2.081300973892212,0.8901757001876831,,,,,,accurate
7981,79810.0,83053.10007095337,83079.10007095337,0,26.0,3269.100070953369,79850.0,True,132,131,True,0,0,False,False,18,False,False,risk_lstm,8,0.9253875017166138,0.3559665083885193,2.1889805793762207,0.8703956604003906,,,,,,accurate
7982,79820.0,83079.10007095337,83105.10007476807,0,26.000003814697266,3285.1000747680664,79860.0,True,132,131,True,0,0,False,False,17,False,False,risk_lstm,8,0.9258413910865784,0.33554571866989136,2.134925127029419,0.8805265426635742,,,,,,accurate
7984,79840.0,83105.10007476807,83129.00007629395,0,23.900001525878906,3289.0000762939453,79880.0,True,132,131,True,0,0,False,False,15,False,False,risk_lstm,8,0.9226647019386292,0.3345731496810913,2.0379695892333984,0.9098949432373047,,,,,,accurate
7986,79860.0,83129.00007629395,83170.3000793457,0,41.30000305175781,3310.300079345703,79900.0,True,133,132,True,0,0,False,False,13,False,False,risk_lstm,8,0.9099220633506775,0.30469903349876404,2.190110921859741,0.8807160258293152,,,,,,accurate
7988,79880.0,83170.3000793457,83190.70008087158,0,20.400001525878906,3310.700080871582,79920.0,True,133,132,True,1,1,False,False,11,False,False,risk_lstm,8,0.9185720086097717,0.2764234244823456,2.111077070236206,0.8934401869773865,,,,,,accurate
7989,79890.0,83190.70008087158,83223.10008239746,0,32.400001525878906,3333.100082397461,79930.0,True,133,132,True,1,1,False,False,10,False,False,risk_lstm,8,0.9328479170799255,0.27072322368621826,2.2038395404815674,0.8732073903083801,,,,,,accurate
7991,79910.0,83223.10008239746,83250.8000793457,0,27.699996948242188,3340.800079345703,79950.0,True,133,132,True,0,0,False,False,8,False,False,risk_lstm,8,0.9292492270469666,0.3360801041126251,2.2216649055480957,0.8688072562217712,,,,,,accurate
7992,79920.0,83250.8000793457,83266.70007705688,0,15.89999771118164,3346.7000770568848,79960.0,True,134,133,True,0,0,False,False,7,False,False,risk_lstm,8,0.893720805644989,0.19675445556640625,1.949735403060913,0.9286508560180664,,,,,,accurate
7994,79940.0,83266.70007705688,83287.20007705688,0,20.5,3347.2000770568848,79980.0,True,134,133,True,0,0,False,False,5,False,False,risk_lstm,8,0.9282482266426086,0.273235559463501,2.1100754737854004,0.8860966563224792,,,,,,accurate
7997,79970.0,83287.20007705688,83312.70007705688,0,25.5,3342.7000770568848,80010.0,True,134,133,True,1,1,False,False,2,True,False,risk_lstm,8,0.9397810697555542,0.2641952931880951,2.0375683307647705,0.8978207111358643,,,,,,accurate
8000,80000.0,83312.70007705688,83348.00007629395,0,35.29999923706055,3348.0000762939453,80040.0,True,134,133,True,1,1,False,False,99,False,False,risk_lstm,8,0.8883290886878967,0.3273162841796875,1.9883537292480469,0.8875136971473694,,,,,,accurate
8003,80030.0,83348.00007629395,83369.10007476807,0,21.099998474121094,3339.1000747680664,80070.0,True,134,133,True,1,1,False,False,96,False,False,risk_lstm,8,0.9397591948509216,0.32674169540405273,2.1366617679595947,0.8806519508361816,,,,,,accurate
8004,80040.0,83369.10007476807,83388.300075531,0,19.200000762939453,3348.300075531006,80080.0,True,135,134,True,0,0,False,False,95,False,False,risk_lstm,8,0.930200457572937,0.34346452355384827,1.9888261556625366,0.9147570729255676,,,,,,accurate
8007,80070.0,83388.300075531,83417.50007629395,0,29.200000762939453,3347.5000762939453,80110.0,True,135,134,True,0,0,False,False,92,False,False,risk_lstm,8,0.8944418430328369,0.2952989935874939,2.1256134510040283,0.8837543725967407,,,,,,accurate
8008,80080.0,83417.50007629395,83446.00007629395,0,28.5,3366.0000762939453,80120.0,True,135,134,True,1,1,False,False,91,False,False,risk_lstm,8,0.9142372608184814,0.29867681860923767,2.2103865146636963,0.8830036520957947,,,,,,accurate
8011,80110.0,83446.00007629395,83478.50007629395,0,32.5,3368.5000762939453,80150.0,True,135,134,True,0,0,False,False,88,False,False,risk_lstm,8,0.9046071171760559,0.3960625231266022,2.1562368869781494,0.880567193031311,,,,,,accurate
8013,80130.0,83478.50007629395,83522.40007400513,0,43.89999771118164,3392.400074005127,80170.0,True,135,134,True,0,0,False,False,86,False,False,risk_lstm,8,0.8847979307174683,0.3318747282028198,2.1932642459869385,0.8828961253166199,,,,,,accurate
8014,80140.0,83522.40007400513,83547.60007476807,0,25.200000762939453,3407.6000747680664,80180.0,True,136,135,True,1,1,False,False,85,False,False,risk_lstm,8,0.9178534746170044,0.3554510176181793,2.2274787425994873,0.8721333146095276,,,,,,accurate
8019,80190.0,83547.60007476807,83569.40007400513,0,21.799999237060547,3379.400074005127,80230.0,True,134,133,True,0,0,False,False,80,False,False,risk_lstm,8,0.899898111820221,0.4004903733730316,2.181856393814087,0.8770626783370972,,,,,,accurate
8023,80230.0,83569.40007400513,83592.10007476807,0,22.700000762939453,3362.1000747680664,80270.0,True,133,132,True,1,1,False,False,76,False,False,risk_lstm,8,0.914143443107605,0.38757577538490295,2.180004835128784,0.8734694123268127,,,,,,accurate
8027,80270.0,83592.10007476807,83623.50007247925,0,31.39999771118164,3353.500072479248,80310.0,True,133,132,True,1,1,False,False,72,False,False,risk_lstm,8,0.814586341381073,0.42722025513648987,1.878210425376892,0.885104775428772,,,,,,accurate
8029,80290.0,83623.50007247925,83644.90007019043,0,21.39999771118164,3354.9000701904297,80330.0,True,132,131,True,1,1,False,False,70,False,False,risk_lstm,8,0.8874946236610413,0.446948766708374,2.125795364379883,0.8744603395462036,,,,,,accurate
8031,80310.0,83644.90007019043,83663.50007247925,0,18.60000228881836,3353.500072479248,80350.0,True,133,132,True,1,1,False,False,68,False,False,risk_lstm,8,0.9440721869468689,0.3984476625919342,2.065453290939331,0.8903520703315735,,,,,,accurate
8032,80320.0,83663.50007247925,83684.70007324219,0,21.200000762939453,3364.7000732421875,80360.0,True,133,132,True,1,1,False,False,67,False,False,risk_lstm,8,0.9345139265060425,0.30986401438713074,1.9934111833572388,0.9155585169792175,,,,,,accurate
8034,80340.0,83684.70007324219,83706.10007095337,0,21.39999771118164,3366.100070953369,80380.0,True,134,133,True,0,0,False,False,65,False,False,risk_lstm,8,0.9253129959106445,0.292575865983963,2.125683546066284,0.8719393014907837,,,,,,accurate
8038,80380.0,83706.10007095337,83726.90007400513,0,20.800003051757812,3346.900074005127,80420.0,True,133,132,True,0,0,False,False,61,False,False,risk_lstm,8,0.9114046096801758,0.34719547629356384,2.1074187755584717,0.878084659576416,,,,,,accurate
8039,80390.0,83726.90007400513,83750.80007171631,0,23.89999771118164,3360.8000717163086,80430.0,True,134,133,True,1,1,False,False,60,False,False,risk_lstm,8,0.9348351955413818,0.3311167359352112,2.1592276096343994,0.8647557497024536,,,,,,accurate
8040,80400.0,83750.80007171631,83792.50007247925,0,41.70000076293945,3392.500072479248,80440.0,True,134,133,True,0,0,False,False,59,False,False,risk_lstm,8,0.8592024445533752,0.3378279209136963,1.957207202911377,0.8879336714744568,,,,,,accurate
8042,80420.0,83792.50007247925,83813.50007247925,0,21.0,3393.500072479248,80460.0,True,134,133,True,1,1,False,False,57,False,False,risk_lstm,8,0.928706169128418,0.30105724930763245,2.1348822116851807,0.8805853724479675,,,,,,accurate
8045,80450.0,83813.50007247925,83833.10007476807,0,19.60000228881836,3383.1000747680664,80490.0,True,134,133,True,1,1,False,False,54,False,False,risk_lstm,8,0.9263619780540466,0.280958354473114,2.0702192783355713,0.89728182554245,,,,,,accurate
8046,80460.0,83833.10007476807,83854.20007324219,0,21.099998474121094,3394.2000732421875,80500.0,True,134,133,True,0,0,False,False,53,False,False,risk_lstm,8,0.9351623058319092,0.3067079484462738,2.187994956970215,0.8689458966255188,,,,,,accurate
8048,80480.0,83854.20007324219,83872.00007247925,0,17.799999237060547,3392.000072479248,80520.0,True,135,134,True,0,0,False,False,51,False,False,risk_lstm,8,0.912018358707428,0.373744398355484,1.8903656005859375,0.9249117374420166,,,,,,accurate
8050,80500.0,83872.00007247925,83888.50007247925,0,16.5,3388.500072479248,80540.0,True,135,134,True,1,1,False,False,49,False,False,risk_lstm,8,0.9556371569633484,0.18118493258953094,2.008983850479126,0.9257249236106873,,,,,,accurate
8051,80510.0,83888.50007247925,83914.90007400513,0,26.400001525878906,3404.900074005127,80550.0,True,136,135,True,0,0,False,False,48,False,False,risk_lstm,8,0.9418444037437439,0.2668229639530182,2.1557600498199463,0.8821591734886169,,,,,,accurate
8053,80530.0,83914.90007400513,83935.50007247925,0,20.599998474121094,3405.500072479248,80570.0,True,136,135,True,1,1,False,False,46,False,False,risk_lstm,8,0.9308120012283325,0.25858667492866516,2.1416494846343994,0.8880152106285095,,,,,,accurate
8055,80550.0,83935.50007247925,83956.60007476807,0,21.10000228881836,3406.6000747680664,80590.0,True,136,135,True,0,0,False,False,44,False,False,risk_lstm,8,0.9391505122184753,0.26475989818573,2.173605442047119,0.880338728427887,,,,,,accurate
8058,80580.0,83956.60007476807,83975.50007247925,0,18.89999771118164,3395.500072479248,80620.0,True,136,135,True,0,0,False,False,41,False,False,risk_lstm,8,0.9272710680961609,0.2604984939098358,2.0216283798217773,0.908964216709137,,,,,,accurate
8059,80590.0,83975.50007247925,83995.90007019043,0,20.39999771118164,3405.9000701904297,80630.0,True,137,136,True,1,1,False,False,40,False,False,risk_lstm,8,0.9300663471221924,0.27203530073165894,2.1504082679748535,0.8789942860603333,,,,,,accurate
8060,80600.0,83995.90007019043,84021.90007019043,0,26.0,3421.9000701904297,80640.0,True,137,136,True,0,0,False,False,39,False,False,risk_lstm,8,0.9447474479675293,0.2700372338294983,2.1523690223693848,0.8777875304222107,,,,,,accurate
8061,80610.0,84021.90007019043,84044.70007324219,0,22.800003051757812,3434.7000732421875,80650.0,True,138,137,True,0,0,False,False,38,False,False,risk_lstm,8,0.9370882511138916,0.3010348081588745,2.2114129066467285,0.8671674728393555,,,,,,accurate
8063,80630.0,84044.70007324219,84061.40007400513,0,16.700000762939453,3431.400074005127,80670.0,True,138,137,True,0,0,False,False,36,False,False,risk_lstm,8,0.8708572387695312,0.23696178197860718,1.9332259893417358,0.9346943497657776,,,,,,accurate
8065,80650.0,84061.40007400513,84084.60007476807,0,23.200000762939453,3434.6000747680664,80690.0,True,138,137,True,0,0,False,False,34,False,False,risk_lstm,8,0.9416895508766174,0.269771546125412,2.147348642349243,0.8772349953651428,,,,,,accurate
8067,80670.0,84084.60007476807,84110.90007781982,0,26.300003051757812,3440.900077819824,80710.0,True,138,137,True,0,0,False,False,32,False,False,risk_lstm,8,0.9254570007324219,0.2932620644569397,2.2092068195343018,0.881700336933136,,,,,,accurate
8069,80690.0,84110.90007781982,84136.70007705688,0,25.799999237060547,3446.7000770568848,80730.0,True,138,137,True,0,0,False,False,30,False,False,risk_lstm,8,0.8814917802810669,0.30630406737327576,2.1500587463378906,0.894661545753479,,,,,,accurate
8071,80710.0,84136.70007705688,84161.20007705688,0,24.5,3451.2000770568848,80750.0,True,138,137,True,0,0,False,False,28,False,False,risk_lstm,8,0.9067243337631226,0.36255595088005066,2.185096502304077,0.8840517401695251,,,,,,accurate
8075,80750.0,84161.20007705688,84194.70007705688,0,33.5,3444.7000770568848,80790.0,True,137,136,True,0,0,False,False,24,False,False,risk_lstm,8,0.8966502547264099,0.33095782995224,2.189823865890503,0.8842403888702393,,,,,,accurate
8083,80830.0,84194.70007705688,84222.70007705688,0,28.0,3392.7000770568848,80870.0,True,135,134,True,0,0,False,False,16,False,False,risk_lstm,8,0.9176934361457825,0.35181230306625366,2.216604471206665,0.8794736862182617,,,,,,accurate
8089,80890.0,84222.70007705688,84253.70008087158,0,31.000003814697266,3363.700080871582,80930.0,True,133,132,True,0,0,False,False,10,False,False,risk_lstm,8,0.8469434976577759,0.3283400535583496,1.9707382917404175,0.8897324204444885,,,,,,accurate
8090,80900.0,84253.70008087158,84277.70007705688,0,23.999996185302734,3377.7000770568848,80940.0,True,134,133,True,1,1,False,False,9,False,False,risk_lstm,8,0.9008232951164246,0.3988453447818756,2.20282244682312,0.8703328371047974,,,,,,accurate
8091,80910.0,84277.70007705688,84301.00007629395,0,23.299999237060547,3391.0000762939453,80950.0,True,134,133,True,0,0,False,False,8,False,False,risk_lstm,8,0.9256084561347961,0.40804868936538696,2.162201166152954,0.8710784912109375,,,,,,accurate
8093,80930.0,84301.00007629395,84325.60007476807,0,24.599998474121094,3395.6000747680664,80970.0,True,134,133,True,0,0,False,False,6,False,False,risk_lstm,8,0.896672785282135,0.38361501693725586,2.188913583755493,0.8751463890075684,,,,,,accurate
8094,80940.0,84325.60007476807,84353.10007476807,0,27.5,3413.1000747680664,80980.0,True,135,134,True,1,1,False,False,5,False,False,risk_lstm,8,0.8567126393318176,0.38482147455215454,2.093353033065796,0.8852910399436951,,,,,,accurate
8099,80990.0,84353.10007476807,84374.50007629395,0,21.400001525878906,3384.5000762939453,81030.0,True,135,134,True,1,1,False,True,0,True,False,risk_lstm,8,0.9098315834999084,0.4285263121128082,2.099210262298584,0.8889091610908508,,,,,,accurate
8100,81000.0,84374.50007629395,84404.00007247925,0,29.499996185302734,3404.000072479248,81040.0,True,135,134,True,0,0,False,False,99,False,False,risk_lstm,8,0.9074592590332031,0.4261859655380249,2.1587584018707275,0.8728877305984497,,,,,,accurate
8102,81020.0,84404.00007247925,84429.800075531,0,25.800003051757812,3409.800075531006,81060.0,True,135,134,True,1,1,False,False,97,False,False,risk_lstm,8,0.8723396062850952,0.3719474971294403,2.1272637844085693,0.8845505714416504,,,,,,accurate
8104,81040.0,84429.800075531,84450.90007781982,0,21.10000228881836,3410.900077819824,81080.0,True,136,135,True,0,0,False,False,95,False,False,risk_lstm,8,0.9514480233192444,0.30808448791503906,2.1748759746551514,0.8955433368682861,,,,,,accurate
8105,81050.0,84450.90007781982,84476.10007858276,0,25.200000762939453,3426.1000785827637,81090.0,True,136,135,True,0,0,False,False,94,False,False,risk_lstm,8,0.8992411494255066,0.37958571314811707,2.2030467987060547,0.8791776895523071,,,,,,accurate
8112,81120.0,84476.10007858276,84494.3000793457,0,18.200000762939453,3374.300079345703,81160.0,True,135,134,True,0,0,False,False,87,False,False,risk_lstm,8,0.9101874828338623,0.28802889585494995,1.9827574491500854,0.925230085849762,,,,,,accurate
8118,81180.0,84494.3000793457,84515.70007705688,0,21.39999771118164,3335.7000770568848,81220.0,True,133,132,True,0,0,False,False,81,False,False,risk_lstm,8,0.9375975131988525,0.2956913411617279,2.142967700958252,0.8810099959373474,,,,,,accurate
8120,81200.0,84515.70007705688,84536.50007629395,0,20.799999237060547,3336.5000762939453,81240.0,True,133,132,True,1,1,False,False,79,False,False,risk_lstm,8,0.9222700595855713,0.30871665477752686,2.1190741062164307,0.8823639750480652,,,,,,accurate
8121,81210.0,84536.50007629395,84554.60007476807,0,18.099998474121094,3344.6000747680664,81250.0,True,134,133,True,1,1,False,False,78,False,False,risk_lstm,8,0.9396939873695374,0.28045424818992615,2.0808069705963135,0.8975881338119507,,,,,,accurate
8122,81220.0,84554.60007476807,84576.00007247925,0,21.39999771118164,3356.000072479248,81260.0,True,135,134,True,0,0,False,False,77,False,False,risk_lstm,8,0.9364373683929443,0.2743717133998871,2.1633126735687256,0.8736091256141663,,,,,,accurate
8123,81230.0,84576.00007247925,84596.30007171631,0,20.299999237060547,3366.3000717163086,81270.0,True,135,134,True,0,0,False,False,76,False,False,risk_lstm,8,0.9526615738868713,0.1729675829410553,2.1192972660064697,0.9145891666412354,,,,,,accurate
8124,81240.0,84596.30007171631,84616.30007171631,0,20.0,3376.3000717163086,81280.0,True,136,135,True,1,1,False,False,75,False,False,risk_lstm,8,0.9253374934196472,0.271373450756073,2.0928428173065186,0.8920660018920898,,,,,,accurate
8126,81260.0,84616.30007171631,84640.20006942749,0,23.89999771118164,3380.2000694274902,81300.0,True,136,135,True,1,1,False,False,73,False,False,risk_lstm,8,0.934521496295929,0.23983244597911835,2.1021602153778076,0.8901232481002808,,,,,,accurate
8129,81290.0,84640.20006942749,84661.40007019043,0,21.200000762939453,3371.4000701904297,81330.0,True,136,135,True,0,0,False,False,70,False,False,risk_lstm,8,0.9338069558143616,0.3224726915359497,2.1155807971954346,0.8751740455627441,,,,,,accurate
8131,81310.0,84661.40007019043,84687.00006866455,0,25.599998474121094,3377.000068664551,81350.0,True,136,135,True,0,0,False,False,68,False,False,risk_lstm,8,0.9327520728111267,0.3090149760246277,2.146146059036255,0.8727035522460938,,,,,,accurate
8134,81340.0,84687.00006866455,84713.60006713867,0,26.599998474121094,3373.600067138672,81380.0,True,136,135,True,0,0,False,False,65,False,False,risk_lstm,8,0.8915624022483826,0.3230287730693817,2.106210470199585,0.8873422741889954,,,,,,accurate
8136,81360.0,84713.60006713867,84733.40006637573,0,19.799999237060547,3373.4000663757324,81400.0,True,136,135,True,1,1,False,False,63,False,False,risk_lstm,8,0.9054539203643799,0.37565553188323975,2.0830581188201904,0.891338050365448,,,,,,accurate
8137,81370.0,84733.40006637573,84757.80006790161,0,24.400001525878906,3387.8000679016113,81410.0,True,137,136,True,1,1,False,False,62,False,False,risk_lstm,8,0.93427973985672,0.3077954351902008,2.0686416625976562,0.8931851387023926,,,,,,accurate
8142,81420.0,84757.80006790161,84777.60006713867,0,19.799999237060547,3357.600067138672,81460.0,True,136,135,True,0,0,False,False,57,False,False,risk_lstm,8,0.9054092764854431,0.24669872224330902,1.9239743947982788,0.9299730658531189,,,,,,accurate
8145,81450.0,84777.60006713867,84816.00006866455,0,38.400001525878906,3366.000068664551,81490.0,True,136,135,True,0,0,False,False,54,False,False,risk_lstm,8,0.9159649014472961,0.2777274549007416,2.1463682651519775,0.8812358975410461,,,,,,accurate
8146,81460.0,84816.00006866455,84840.30006790161,0,24.299999237060547,3380.3000679016113,81500.0,True,137,136,True,0,0,False,False,53,False,False,risk_lstm,8,0.9167176485061646,0.29933756589889526,2.2183640003204346,0.8861685395240784,,,,,,accurate
8148,81480.0,84840.30006790161,84877.20006942749,0,36.900001525878906,3397.2000694274902,81520.0,True,137,136,True,1,1,False,False,51,False,False,risk_lstm,8,0.9084786772727966,0.3348107635974884,2.171849489212036,0.887422502040863,,,,,,accurate
8152,81520.0,84877.20006942749,84908.40006637573,0,31.199996948242188,3388.4000663757324,81560.0,True,137,136,True,0,0,False,False,47,False,False,risk_lstm,8,0.9236159324645996,0.29845109581947327,2.2360007762908936,0.8794950842857361,,,,,,accurate
8158,81580.0,84908.40006637573,84934.40006256104,0,25.999996185302734,3354.400062561035,81620.0,True,135,134,True,1,1,False,False,41,False,False,risk_lstm,8,0.8969357013702393,0.29033946990966797,2.1824581623077393,0.8910189270973206,,,,,,accurate
8159,81590.0,84934.40006256104,84954.80006027222,0,20.39999771118164,3364.800060272217,81630.0,True,135,134,True,0,0,False,False,40,False,False,risk_lstm,8,0.9007813334465027,0.336161732673645,2.141400098800659,0.8907045125961304,,,,,,accurate
8160,81600.0,84954.80006027222,84982.30006027222,0,27.5,3382.300060272217,81640.0,True,136,135,True,0,0,False,False,39,False,False,risk_lstm,8,0.928402841091156,0.2984476089477539,2.2422749996185303,0.8739646673202515,,,,,,accurate
8161,81610.0,84982.30006027222,85002.90006256104,0,20.60000228881836,3392.900062561035,81650.0,True,137,136,True,1,1,False,False,38,False,False,risk_lstm,8,0.8834274411201477,0.4609001576900482,2.13974928855896,0.8765354156494141,,,,,,accurate
8166,81660.0,85002.90006256104,85022.90006256104,0,20.0,3362.900062561035,81700.0,True,137,136,True,0,0,False,False,33,False,False,risk_lstm,8,0.8813021183013916,0.42093220353126526,2.0983779430389404,0.8867480158805847,,,,,,accurate
8167,81670.0,85022.90006256104,85043.60006332397,0,20.700000762939453,3373.6000633239746,81710.0,True,138,137,True,0,0,False,False,32,False,False,risk_lstm,8,0.8635240197181702,0.4808308780193329,2.0406672954559326,0.8851133584976196,,,,,,accurate
8170,81700.0,85043.60006332397,85067.10005950928,0,23.499996185302734,3367.1000595092773,81740.0,True,137,136,True,1,1,False,False,29,False,False,risk_lstm,8,0.8943394422531128,0.4222092032432556,2.169316053390503,0.8696420192718506,,,,,,accurate
8173,81730.0,85067.10005950928,85093.50006103516,0,26.400001525878906,3363.5000610351562,81770.0,True,137,136,True,1,1,False,False,26,False,False,risk_lstm,8,0.8571168780326843,0.4065850079059601,2.1173737049102783,0.8844935894012451,,,,,,accurate
8174,81740.0,85093.50006103516,85120.10005950928,0,26.599998474121094,3380.1000595092773,81780.0,True,138,137,True,0,0,False,False,25,False,False,risk_lstm,8,0.9109946489334106,0.39039450883865356,2.194568157196045,0.8668684363365173,,,,,,accurate
8177,81770.0,85120.10005950928,85146.10005569458,0,25.999996185302734,3376.10005569458,81810.0,True,137,136,True,0,0,False,False,22,False,False,risk_lstm,8,0.8678947687149048,0.4050208032131195,2.1429338455200195,0.8812845945358276,,,,,,accurate
8181,81810.0,85146.10005569458,85166.90005493164,0,20.799999237060547,3356.9000549316406,81850.0,True,137,136,True,0,0,False,False,18,False,False,risk_lstm,8,0.8887280225753784,0.4593472182750702,2.0563433170318604,0.8902309536933899,,,,,,accurate
8183,81830.0,85166.90005493164,85187.7000541687,0,20.799999237060547,3357.700054168701,81870.0,True,138,137,True,0,0,False,False,16,False,False,risk_lstm,8,0.9195881485939026,0.385722279548645,2.171196460723877,0.8665247559547424,,,,,,accurate
8184,81840.0,85187.7000541687,85218.30005264282,0,30.599998474121094,3378.3000526428223,81880.0,True,138,137,True,0,0,False,False,15,False,False,risk_lstm,8,0.8640691637992859,0.39245420694351196,2.132934331893921,0.8818988800048828,,,,,,accurate
8185,81850.0,85218.30005264282,85244.80005264282,0,26.5,3394.8000526428223,81890.0,True,139,138,True,0,0,False,False,14,False,False,risk_lstm,8,0.8653822541236877,0.37631067633628845,2.128777503967285,0.8840234279632568,,,,,,accurate
8190,81900.0,85244.80005264282,85264.00005340576,0,19.200000762939453,3364.0000534057617,81940.0,True,138,137,True,1,1,False,False,9,False,False,risk_lstm,8,0.8863564133644104,0.45307114720344543,2.0240204334259033,0.8987204432487488,,,,,,accurate
8193,81930.0,85264.00005340576,85282.10005187988,0,18.099998474121094,3352.100051879883,81970.0,True,137,136,True,0,0,False,False,6,False,False,risk_lstm,8,0.940100908279419,0.28536662459373474,2.0758259296417236,0.911596953868866,,,,,,accurate
8195,81950.0,85282.10005187988,85305.90005111694,0,23.799999237060547,3355.9000511169434,81990.0,True,138,137,True,0,0,False,False,4,False,False,risk_lstm,8,0.9136741757392883,0.33607596158981323,2.2277753353118896,0.8811282515525818,,,,,,accurate
8196,81960.0,85305.90005111694,85332.30005264282,0,26.400001525878906,3372.3000526428223,82000.0,True,138,137,True,0,0,False,False,3,False,False,risk_lstm,8,0.9030476212501526,0.31857651472091675,2.2424120903015137,0.8856576085090637,,,,,,accurate
8199,81990.0,85332.30005264282,85354.200050354,0,21.89999771118164,3364.200050354004,82030.0,True,138,137,True,1,1,False,True,0,True,False,risk_lstm,8,0.9071758389472961,0.36551472544670105,2.213045835494995,0.882999837398529,,,,,,accurate
8200,82000.0,85354.200050354,85385.200050354,0,31.0,3385.200050354004,82040.0,True,138,137,True,1,1,False,False,99,False,False,risk_lstm,8,0.8710223436355591,0.33041912317276,2.1088755130767822,0.892510712146759,,,,,,accurate
8201,82010.0,85385.200050354,85403.80004882812,0,18.599998474121094,3393.800048828125,82050.0,True,139,138,True,1,1,False,False,98,False,False,risk_lstm,8,0.9031168222427368,0.34602782130241394,2.0783848762512207,0.9048639535903931,,,,,,accurate
8203,82030.0,85403.80004882812,85422.40004730225,0,18.599998474121094,3392.400047302246,82070.0,True,139,138,True,0,0,False,False,96,False,False,risk_lstm,8,0.9194247722625732,0.3061716854572296,1.9514514207839966,0.9247046709060669,,,,,,accurate
8205,82050.0,85422.40004730225,85443.200050354,0,20.800003051757812,3393.200050354004,82090.0,True,139,138,True,1,1,False,False,94,False,False,risk_lstm,8,0.9325445294380188,0.28207144141197205,2.117300033569336,0.8826658129692078,,,,,,accurate
8207,82070.0,85443.200050354,85464.200050354,0,21.0,3394.200050354004,82110.0,True,139,138,True,1,1,False,False,92,False,False,risk_lstm,8,0.9338738918304443,0.3496430516242981,2.1078076362609863,0.8816359043121338,,,,,,accurate
8208,82080.0,85464.200050354,85488.10005187988,0,23.900001525878906,3408.100051879883,82120.0,True,139,138,True,0,0,False,False,91,False,False,risk_lstm,8,0.8881733417510986,0.3722114562988281,2.0034899711608887,0.9018309712409973,,,,,,accurate
8211,82110.0,85488.10005187988,85506.00005340576,0,17.900001525878906,3396.0000534057617,82150.0,True,139,138,True,0,0,False,False,88,False,False,risk_lstm,8,0.9355869293212891,0.22962532937526703,2.026127338409424,0.920378565788269,,,,,,accurate
8218,82180.0,85506.00005340576,85530.10005187988,0,24.099998474121094,3350.100051879883,82220.0,True,137,136,True,1,1,False,False,81,False,False,risk_lstm,8,0.9496510028839111,0.24365316331386566,2.1561148166656494,0.8724315166473389,,,,,,accurate
8220,82200.0,85530.10005187988,85547.700050354,0,17.599998474121094,3347.700050354004,82240.0,True,137,136,True,0,0,False,False,79,False,False,risk_lstm,8,0.8760026097297668,0.31782519817352295,1.9318293333053589,0.9345480799674988,,,,,,accurate
8223,82230.0,85547.700050354,85566.50004959106,0,18.799999237060547,3336.5000495910645,82270.0,True,137,136,True,1,1,False,False,76,False,False,risk_lstm,8,0.9372954964637756,0.20679748058319092,2.0467000007629395,0.9120370149612427,,,,,,accurate
8224,82240.0,85566.50004959106,85584.10004806519,0,17.599998474121094,3344.1000480651855,82280.0,True,137,136,True,0,0,False,False,75,False,False,risk_lstm,8,0.9483170509338379,0.22768080234527588,2.020947217941284,0.9200662970542908,,,,,,accurate
8225,82250.0,85584.10004806519,85610.7000465393,0,26.599998474121094,3360.7000465393066,82290.0,True,138,137,True,0,0,False,False,74,False,False,risk_lstm,8,0.9043709635734558,0.2140292227268219,1.9448943138122559,0.9320210814476013,,,,,,accurate
8228,82280.0,85610.7000465393,85632.00004577637,0,21.299999237060547,3352.000045776367,82320.0,True,138,137,True,0,0,False,False,71,False,False,risk_lstm,8,0.9448458552360535,0.20673470199108124,2.134673595428467,0.8793826699256897,,,,,,accurate
8233,82330.0,85632.00004577637,85664.60004425049,0,32.599998474121094,3334.6000442504883,82370.0,True,136,135,True,1,1,False,False,66,False,False,risk_lstm,8,0.9134056568145752,0.23682186007499695,2.0439677238464355,0.8797765970230103,,,,,,accurate
8235,82350.0,85664.60004425049,85685.00004959106,0,20.400005340576172,3335.0000495910645,82390.0,True,136,135,True,0,0,False,False,64,False,False,risk_lstm,8,0.9433045387268066,0.24634508788585663,2.093294858932495,0.891293466091156,,,,,,accurate
8236,82360.0,85685.00004959106,85727.00004577637,0,41.999996185302734,3367.000045776367,82400.0,True,137,136,True,0,0,False,False,63,False,False,risk_lstm,8,0.9383354187011719,0.23311874270439148,2.2107810974121094,0.8754460215568542,,,,,,accurate
8241,82410.0,85727.00004577637,85744.80004882812,0,17.800003051757812,3334.800048828125,82450.0,True,136,135,True,0,0,False,False,58,False,False,risk_lstm,8,0.9267627596855164,0.2489103078842163,1.9826289415359497,0.9213581085205078,,,,,,accurate
8244,82440.0,85744.80004882812,85773.00004959106,0,28.200000762939453,3333.0000495910645,82480.0,True,136,135,True,0,0,False,False,55,False,False,risk_lstm,8,0.9338415265083313,0.2469988912343979,2.165841817855835,0.8838008642196655,,,,,,accurate
8247,82470.0,85773.00004959106,85790.90005111694,0,17.900001525878906,3320.9000511169434,82510.0,True,136,135,True,0,0,False,False,52,False,False,risk_lstm,8,0.9574798941612244,0.1918165534734726,2.1239030361175537,0.8994138240814209,,,,,,accurate
8248,82480.0,85790.90005111694,85810.60005187988,0,19.700000762939453,3330.600051879883,82520.0,True,136,135,True,1,1,False,False,51,False,False,risk_lstm,8,0.9345992803573608,0.29281800985336304,2.0479700565338135,0.9049691557884216,,,,,,accurate
8249,82490.0,85810.60005187988,85836.30005645752,0,25.70000457763672,3346.3000564575195,82530.0,True,137,136,True,0,0,False,False,50,False,False,risk_lstm,8,0.9351407289505005,0.2660614550113678,2.1634294986724854,0.8706759810447693,,,,,,accurate
8251,82510.0,85836.30005645752,85875.2000579834,0,38.900001525878906,3365.2000579833984,82550.0,True,137,136,True,1,1,False,False,48,False,False,risk_lstm,8,0.9140760898590088,0.2784065902233124,2.218858003616333,0.8828891515731812,,,,,,accurate
8253,82530.0,85875.2000579834,85902.7000541687,0,27.499996185302734,3372.700054168701,82570.0,True,137,136,True,1,1,False,False,46,False,False,risk_lstm,8,0.853848397731781,0.29343080520629883,2.080263376235962,0.8918319344520569,,,,,,accurate
8254,82540.0,85902.7000541687,85928.30005264282,0,25.599998474121094,3388.3000526428223,82580.0,True,138,137,True,0,0,False,False,45,False,False,risk_lstm,8,0.8827323317527771,0.26667681336402893,2.158128261566162,0.8909526467323303,,,,,,accurate
8256,82560.0,85928.30005264282,85949.50004959106,0,21.199996948242188,3389.5000495910645,82600.0,True,138,137,True,1,1,False,False,43,False,False,risk_lstm,8,0.9285852313041687,0.3329954445362091,2.1751210689544678,0.8807679414749146,,,,,,accurate
8259,82590.0,85949.50004959106,85968.50004959106,0,19.0,3378.5000495910645,82630.0,True,137,136,True,0,0,False,False,40,False,False,risk_lstm,8,0.9364528656005859,0.2777489423751831,2.047013998031616,0.9051526188850403,,,,,,accurate
8260,82600.0,85968.50004959106,85998.50004577637,0,29.999996185302734,3398.500045776367,82640.0,True,138,137,True,1,1,False,False,39,False,False,risk_lstm,8,0.9209052920341492,0.3001672923564911,2.2147462368011475,0.8770385384559631,,,,,,accurate
8262,82620.0,85998.50004577637,86020.50004577637,0,22.0,3400.500045776367,82660.0,True,138,137,True,1,1,False,False,37,False,False,risk_lstm,8,0.9177365899085999,0.3508211076259613,2.1652467250823975,0.8808940649032593,,,,,,accurate
8263,82630.0,86020.50004577637,86038.10004425049,0,17.599998474121094,3408.1000442504883,82670.0,True,139,138,True,1,1,False,False,36,False,False,risk_lstm,8,0.905555009841919,0.3313833177089691,1.91892409324646,0.9218377470970154,,,,,,accurate
8264,82640.0,86038.10004425049,86058.60004425049,0,20.5,3418.6000442504883,82680.0,True,139,138,True,1,1,False,False,35,False,False,risk_lstm,8,0.928935170173645,0.28054577112197876,2.1001055240631104,0.8869268298149109,,,,,,accurate
8267,82670.0,86058.60004425049,86078.80004501343,0,20.200000762939453,3408.8000450134277,82710.0,True,139,138,True,0,0,False,False,32,False,False,risk_lstm,8,0.9357587099075317,0.3124750256538391,2.0925819873809814,0.8847723603248596,,,,,,accurate
8269,82690.0,86078.80004501343,86098.60004425049,0,19.799999237060547,3408.6000442504883,82730.0,True,139,138,True,0,0,False,False,30,False,False,risk_lstm,8,0.9576984643936157,0.27649953961372375,2.0944292545318604,0.877970814704895,,,,,,accurate
8270,82700.0,86098.60004425049,86122.40004348755,0,23.799999237060547,3422.400043487549,82740.0,True,140,139,True,0,0,False,False,29,False,False,risk_lstm,8,0.9319195747375488,0.29881227016448975,2.1541998386383057,0.8718376159667969,,,,,,accurate
8272,82720.0,86122.40004348755,86140.00004196167,0,17.599998474121094,3420.00004196167,82760.0,True,140,139,True,0,0,False,False,27,False,False,risk_lstm,8,0.9393078684806824,0.24278780817985535,2.0302529335021973,0.9166922569274902,,,,,,accurate
8274,82740.0,86140.00004196167,86160.40004348755,0,20.400001525878906,3420.400043487549,82780.0,True,140,139,True,1,1,False,False,25,False,False,risk_lstm,8,0.943654477596283,0.23767302930355072,2.108276605606079,0.885279655456543,,,,,,accurate
8276,82760.0,86160.40004348755,86188.60004425049,0,28.200000762939453,3428.6000442504883,82800.0,True,140,139,True,0,0,False,False,23,False,False,risk_lstm,8,0.9252608418464661,0.27799171209335327,2.140795946121216,0.8755441904067993,,,,,,accurate
8279,82790.0,86188.60004425049,86210.30004119873,0,21.699996948242188,3420.3000411987305,82830.0,True,140,139,True,1,1,False,False,20,False,False,risk_lstm,8,0.944343626499176,0.30809393525123596,2.1481573581695557,0.8726462721824646,,,,,,accurate
8282,82820.0,86210.30004119873,86233.30004119873,0,23.0,3413.3000411987305,82860.0,True,140,139,True,0,0,False,False,17,False,False,risk_lstm,8,0.9200760722160339,0.35318315029144287,2.181856155395508,0.8724928498268127,,,,,,accurate
8286,82860.0,86233.30004119873,86264.40003967285,0,31.099998474121094,3404.4000396728516,82900.0,True,139,138,True,1,1,False,False,13,False,False,risk_lstm,8,0.9021319150924683,0.39103347063064575,2.1841206550598145,0.8769935369491577,,,,,,accurate
8287,82870.0,86264.40003967285,86284.70003509521,0,20.29999542236328,3414.700035095215,82910.0,True,139,138,True,0,0,False,False,12,False,False,risk_lstm,8,0.8835833668708801,0.36533278226852417,2.1107394695281982,0.8934268355369568,,,,,,accurate
8291,82910.0,86284.70003509521,86350.6000289917,0,65.89999389648438,3440.600028991699,82950.0,True,139,138,True,1,1,False,False,8,False,False,risk_lstm,8,0.8252264261245728,0.40235453844070435,1.862813115119934,0.8908295035362244,,,,,,accurate
8294,82940.0,86350.6000289917,86371.30002975464,0,20.700000762939453,3431.3000297546387,82980.0,True,138,137,True,0,0,False,False,5,False,False,risk_lstm,8,0.8878905773162842,0.40144556760787964,2.0390517711639404,0.8893380165100098,,,,,,accurate
8299,82990.0,86371.30002975464,86400.40002822876,0,29.099998474121094,3410.4000282287598,83030.0,True,139,138,True,1,1,False,True,0,True,False,risk_lstm,8,0.8499550819396973,0.38954800367355347,2.0484025478363037,0.8882626891136169,,,,,,accurate
8300,83000.0,86400.40002822876,86423.30002975464,0,22.900001525878906,3423.3000297546387,83040.0,True,140,139,True,0,0,False,False,99,False,False,risk_lstm,8,0.9104910492897034,0.41106319427490234,2.122868776321411,0.8765688538551331,,,,,,accurate
8304,83040.0,86423.30002975464,86450.20003128052,0,26.900001525878906,3410.2000312805176,83080.0,True,140,139,True,1,1,False,False,95,False,False,risk_lstm,8,0.898724377155304,0.40336912870407104,2.2088825702667236,0.8703014850616455,,,,,,accurate
8305,83050.0,86450.20003128052,86472.20003128052,0,22.0,3422.2000312805176,83090.0,True,141,140,True,0,0,False,False,94,False,False,risk_lstm,8,0.8879492878913879,0.4239753186702728,2.1422746181488037,0.8789007663726807,,,,,,accurate
8306,83060.0,86472.20003128052,86495.00003051758,0,22.799999237060547,3435.000030517578,83100.0,True,141,140,True,0,0,False,False,93,False,False,risk_lstm,8,0.9099701642990112,0.42232275009155273,2.1603503227233887,0.8718783259391785,,,,,,accurate
8309,83090.0,86495.00003051758,86519.80002975464,0,24.799999237060547,3429.8000297546387,83130.0,True,141,140,True,0,0,False,False,90,False,False,risk_lstm,8,0.9085267186164856,0.42563194036483765,2.1278727054595947,0.876205563545227,,,,,,accurate
8311,83110.0,86519.80002975464,86542.1000289917,0,22.299999237060547,3432.100028991699,83150.0,True,141,140,True,0,0,False,False,88,False,False,risk_lstm,8,0.9041833281517029,0.42834556102752686,2.0944554805755615,0.8774351477622986,,,,,,accurate
8315,83150.0,86542.1000289917,86581.50002670288,0,39.39999771118164,3431.500026702881,83190.0,True,141,140,True,1,1,False,False,84,False,False,risk_lstm,8,0.8969034552574158,0.4219358563423157,2.1588516235351562,0.8691737651824951,,,,,,accurate
8316,83160.0,86581.50002670288,86617.80002593994,0,36.29999923706055,3457.8000259399414,83200.0,True,142,141,True,1,1,False,False,83,False,False,risk_lstm,8,0.9088476896286011,0.40742480754852295,2.185454845428467,0.8662619590759277,,,,,,accurate
8320,83200.0,86617.80002593994,86648.50002670288,0,30.700000762939453,3448.500026702881,83240.0,True,141,140,True,0,0,False,False,79,False,False,risk_lstm,8,0.8991026282310486,0.4372846484184265,2.113416910171509,0.8825076818466187,,,,,,accurate
8321,83210.0,86648.50002670288,86686.70002746582,0,38.20000076293945,3476.7000274658203,83250.0,True,142,141,True,0,0,False,False,78,False,False,risk_lstm,8,0.9024701714515686,0.4120164215564728,2.1859147548675537,0.866924524307251,,,,,,accurate
8323,83230.0,86686.70002746582,86710.30002975464,0,23.60000228881836,3480.3000297546387,83270.0,True,142,141,True,1,1,False,False,76,False,False,risk_lstm,8,0.9182122349739075,0.38876014947891235,2.0632526874542236,0.893878698348999,,,,,,accurate
8325,83250.0,86710.30002975464,86739.40002822876,0,29.099998474121094,3489.4000282287598,83290.0,True,143,142,True,0,0,False,False,74,False,False,risk_lstm,8,0.914612889289856,0.41423290967941284,2.1149938106536865,0.875726044178009,,,,,,accurate
8326,83260.0,86739.40002822876,86761.20003128052,0,21.800003051757812,3501.2000312805176,83300.0,True,143,142,True,0,0,False,False,73,False,False,risk_lstm,8,0.9299435615539551,0.4179496765136719,2.1111977100372314,0.8705886006355286,,,,,,accurate
8330,83300.0,86761.20003128052,86787.40002822876,0,26.199996948242188,3487.4000282287598,83340.0,True,142,141,True,0,0,False,False,69,False,False,risk_lstm,8,0.8969576358795166,0.42092645168304443,2.171869993209839,0.8727724552154541,,,,,,accurate
8333,83330.0,86787.40002822876,86808.6000328064,0,21.20000457763672,3478.6000328063965,83370.0,True,142,141,True,1,1,False,False,66,False,False,risk_lstm,8,0.9168461561203003,0.40704143047332764,2.182490587234497,0.8694121241569519,,,,,,accurate
8337,83370.0,86808.6000328064,86827.20003509521,0,18.60000228881836,3457.200035095215,83410.0,True,141,140,True,1,1,False,False,62,False,False,risk_lstm,8,0.9319561123847961,0.33032503724098206,2.0762245655059814,0.9023711085319519,,,,,,accurate
8338,83380.0,86827.20003509521,86848.6000366211,0,21.400001525878906,3468.6000366210938,83420.0,True,142,141,True,0,0,False,False,61,False,False,risk_lstm,8,0.9192156195640564,0.3599357008934021,2.2055253982543945,0.8683046698570251,,,,,,accurate
8339,83390.0,86848.6000366211,86870.6000366211,0,22.0,3480.6000366210938,83430.0,True,142,141,True,1,1,False,False,60,False,False,risk_lstm,8,0.9233964681625366,0.35947540402412415,2.208226203918457,0.8671981692314148,,,,,,accurate
8341,83410.0,86870.6000366211,86890.80003738403,0,20.200000762939453,3480.800037384033,83450.0,True,143,142,True,0,0,False,False,58,False,False,risk_lstm,8,0.9180117845535278,0.41214504837989807,2.1220247745513916,0.8742548227310181,,,,,,accurate
8342,83420.0,86890.80003738403,86909.50003814697,0,18.700000762939453,3489.5000381469727,83460.0,True,143,142,True,0,0,False,False,57,False,False,risk_lstm,8,0.9168626070022583,0.3884967863559723,2.05334210395813,0.8883269429206848,,,,,,accurate
8343,83430.0,86909.50003814697,86933.00004196167,0,23.500003814697266,3503.00004196167,83470.0,True,144,143,True,0,0,False,False,56,False,False,risk_lstm,8,0.9138285517692566,0.3824117183685303,2.1860275268554688,0.8681253790855408,,,,,,accurate
8351,83510.0,86933.00004196167,86956.10004425049,0,23.10000228881836,3446.1000442504883,83550.0,True,143,142,True,0,0,False,False,48,False,False,risk_lstm,8,0.9259475469589233,0.41735631227493286,2.1661434173583984,0.8710083961486816,,,,,,accurate
8353,83530.0,86956.10004425049,86977.10004425049,0,21.0,3447.1000442504883,83570.0,True,143,142,True,0,0,False,False,46,False,False,risk_lstm,8,0.8854610919952393,0.4239073693752289,2.040308713912964,0.8980708718299866,,,,,,accurate
8354,83540.0,86977.10004425049,87001.60004425049,0,24.5,3461.6000442504883,83580.0,True,144,143,True,0,0,False,False,45,False,False,risk_lstm,8,0.9046540260314941,0.4181574583053589,2.1753346920013428,0.8695148229598999,,,,,,accurate
8356,83560.0,87001.60004425049,87018.30004501343,0,16.700000762939453,3458.3000450134277,83600.0,True,144,143,True,1,1,False,False,43,False,False,risk_lstm,8,0.9364033937454224,0.23301513493061066,1.9685721397399902,0.9177706241607666,,,,,,accurate
8357,83570.0,87018.30004501343,87037.50004577637,0,19.200000762939453,3467.500045776367,83610.0,True,144,143,True,0,0,False,False,42,False,False,risk_lstm,8,0.9149247407913208,0.28907904028892517,2.124708414077759,0.8841951489448547,,,,,,accurate
8362,83620.0,87037.50004577637,87059.7000465393,0,22.200000762939453,3439.7000465393066,83660.0,True,144,143,True,0,0,False,False,37,False,False,risk_lstm,8,0.9444350600242615,0.3104332387447357,2.1635007858276367,0.8716583251953125,,,,,,accurate
8364,83640.0,87059.7000465393,87088.90004730225,0,29.200000762939453,3448.900047302246,83680.0,True,144,143,True,1,1,False,False,35,False,False,risk_lstm,8,0.902549684047699,0.3555140197277069,2.1873786449432373,0.8804736733436584,,,,,,accurate
8370,83700.0,87088.90004730225,87109.90004730225,0,21.0,3409.900047302246,83740.0,True,142,141,True,1,1,False,False,29,False,False,risk_lstm,8,0.9267776012420654,0.3019827902317047,2.0597262382507324,0.9001104235649109,,,,,,accurate
8373,83730.0,87109.90004730225,87134.50004959106,0,24.60000228881836,3404.5000495910645,83770.0,True,141,140,True,1,1,False,False,26,False,False,risk_lstm,8,0.9179627299308777,0.335919588804245,2.199288845062256,0.8765068650245667,,,,,,accurate
8374,83740.0,87134.50004959106,87152.00004959106,0,17.5,3412.0000495910645,83780.0,True,142,141,True,0,0,False,False,25,False,False,risk_lstm,8,0.9281090497970581,0.29333141446113586,2.022202491760254,0.9122284054756165,,,,,,accurate
8375,83750.0,87152.00004959106,87176.40005111694,0,24.400001525878906,3426.4000511169434,83790.0,True,143,142,True,0,0,False,False,24,False,False,risk_lstm,8,0.9276981949806213,0.3017280399799347,2.2010910511016846,0.8783222436904907,,,,,,accurate
8379,83790.0,87176.40005111694,87198.2000541687,0,21.800003051757812,3408.200054168701,83830.0,True,143,142,True,1,1,False,False,20,False,False,risk_lstm,8,0.9345184564590454,0.36307772994041443,2.0798399448394775,0.887052595615387,,,,,,accurate
8381,83810.0,87198.2000541687,87220.30005264282,0,22.099998474121094,3410.3000526428223,83850.0,True,143,142,True,0,0,False,False,18,False,False,risk_lstm,8,0.9122526049613953,0.3470414876937866,2.202471971511841,0.871671736240387,,,,,,accurate
8383,83830.0,87220.30005264282,87241.60005187988,0,21.299999237060547,3411.600051879883,83870.0,True,143,142,True,0,0,False,False,16,False,False,risk_lstm,8,0.9218185544013977,0.3549204468727112,2.178431749343872,0.8735729455947876,,,,,,accurate
8385,83850.0,87241.60005187988,87268.80005264282,0,27.200000762939453,3418.8000526428223,83890.0,True,143,142,True,1,1,False,False,14,False,False,risk_lstm,8,0.9115767478942871,0.37590840458869934,2.188878297805786,0.875697910785675,,,,,,accurate
8386,83860.0,87268.80005264282,87291.10005569458,0,22.300003051757812,3431.10005569458,83900.0,True,143,142,True,0,0,False,False,13,False,False,risk_lstm,8,0.9021071791648865,0.43026918172836304,2.1622939109802246,0.8747940063476562,,,,,,accurate
8387,83870.0,87291.10005569458,87315.10005569458,0,24.0,3445.10005569458,83910.0,True,144,143,True,0,0,False,False,12,False,False,risk_lstm,8,0.9188554286956787,0.4049891233444214,2.1873600482940674,0.8725363612174988,,,,,,accurate
8388,83880.0,87315.10005569458,87333.90005493164,0,18.799999237060547,3453.9000549316406,83920.0,True,144,143,True,1,1,False,False,11,False,False,risk_lstm,8,0.9315311908721924,0.3663167357444763,2.07944655418396,0.8965986967086792,,,,,,accurate
8389,83890.0,87333.90005493164,87354.30005264282,0,20.39999771118164,3464.3000526428223,83930.0,True,144,143,True,1,1,False,False,10,False,False,risk_lstm,8,0.9360321760177612,0.3968319296836853,2.1123878955841064,0.8752137422561646,,,,,,accurate
8392,83920.0,87354.30005264282,87376.80005264282,0,22.5,3456.8000526428223,83960.0,True,144,143,True,0,0,False,False,7,False,False,risk_lstm,8,0.8942453265190125,0.4261283576488495,2.1609156131744385,0.8769221901893616,,,,,,accurate
8395,83950.0,87376.80005264282,87414.10005569458,0,37.30000305175781,3464.10005569458,83990.0,True,144,143,True,0,0,False,False,4,False,False,risk_lstm,8,0.904453456401825,0.42161059379577637,2.1681478023529053,0.8716157674789429,,,,,,accurate
8399,83990.0,87414.10005569458,87454.80005645752,0,40.70000076293945,3464.8000564575195,84030.0,True,143,142,True,1,1,False,True,0,True,False,risk_lstm,8,0.8632329702377319,0.4000057280063629,2.12370228767395,0.8849775791168213,,,,,,accurate
8400,84000.0,87454.80005645752,87503.80005264282,0,48.999996185302734,3503.8000526428223,84040.0,True,143,142,True,0,0,False,False,99,False,False,risk_lstm,8,0.9270544648170471,0.39521658420562744,2.2429211139678955,0.8675410151481628,,,,,,accurate
8402,84020.0,87503.80005264282,87533.40005111694,0,29.599998474121094,3513.4000511169434,84060.0,True,144,143,True,0,0,False,False,97,False,False,risk_lstm,8,0.8867639899253845,0.38055598735809326,2.0937588214874268,0.9005739092826843,,,,,,accurate
8404,84040.0,87533.40005111694,87569.30005264282,0,35.900001525878906,3529.3000526428223,84080.0,True,144,143,True,0,0,False,False,95,False,False,risk_lstm,8,0.8888310790061951,0.37782353162765503,2.113062620162964,0.8899208903312683,,,,,,accurate
8406,84060.0,87569.30005264282,87603.10005187988,0,33.79999923706055,3543.100051879883,84100.0,True,144,143,True,0,0,False,False,93,False,False,risk_lstm,8,0.8962231278419495,0.4191507399082184,2.1433727741241455,0.8739928007125854,,,,,,accurate
8408,84080.0,87603.10005187988,87645.00004959106,0,41.89999771118164,3565.0000495910645,84120.0,True,144,143,True,0,0,False,False,91,False,False,risk_lstm,8,0.9043582081794739,0.3885183334350586,2.1032557487487793,0.8797018527984619,,,,,,accurate
8410,84100.0,87645.00004959106,87683.50004959106,0,38.5,3583.5000495910645,84140.0,True,144,143,True,0,0,False,False,89,False,False,risk_lstm,8,0.9190243482589722,0.4175100326538086,2.0950276851654053,0.868446409702301,,,,,,accurate
8414,84140.0,87683.50004959106,87724.700050354,0,41.20000076293945,3584.700050354004,84180.0,True,143,142,True,1,1,False,False,85,False,False,risk_lstm,8,0.8797737956047058,0.3878733813762665,2.146871566772461,0.881438136100769,,,,,,accurate
8415,84150.0,87724.700050354,87755.200050354,0,30.5,3605.200050354004,84190.0,True,144,143,True,0,0,False,False,84,False,False,risk_lstm,8,0.915119469165802,0.3133174479007721,2.0545284748077393,0.9164918065071106,,,,,,accurate
8416,84160.0,87755.200050354,87794.80004882812,0,39.599998474121094,3634.800048828125,84200.0,True,145,144,True,0,0,False,False,83,False,False,risk_lstm,8,0.9261741042137146,0.34760090708732605,2.176377773284912,0.8731284737586975,,,,,,accurate
8420,84200.0,87794.80004882812,87830.30005264282,0,35.500003814697266,3630.3000526428223,84240.0,True,144,143,True,1,1,False,False,79,False,False,risk_lstm,8,0.9403542876243591,0.3115926682949066,2.0506560802459717,0.9015579223632812,,,,,,accurate
8421,84210.0,87830.30005264282,87876.2000541687,0,45.900001525878906,3666.200054168701,84250.0,True,145,144,True,1,1,False,False,78,False,False,risk_lstm,8,0.9378358721733093,0.3047804534435272,2.0629496574401855,0.8986351490020752,,,,,,accurate
8426,84260.0,87876.2000541687,87907.80005264282,0,31.599998474121094,3647.8000526428223,84300.0,True,144,143,True,0,0,False,False,73,False,False,risk_lstm,8,0.9422240853309631,0.2455652803182602,2.0991456508636475,0.8946600556373596,,,,,,accurate
8434,84340.0,87907.80005264282,87948.30005264282,0,40.5,3608.3000526428223,84380.0,True,142,141,True,0,0,False,False,65,False,False,risk_lstm,8,0.9383606314659119,0.28690066933631897,2.1771154403686523,0.8703135848045349,,,,,,accurate
8436,84360.0,87948.30005264282,87997.30005264282,0,49.0,3637.3000526428223,84400.0,True,142,141,True,0,0,False,False,63,False,False,risk_lstm,8,0.8941144943237305,0.2918785810470581,2.1834354400634766,0.8878329396247864,,,,,,accurate
8438,84380.0,87997.30005264282,88027.60005569458,0,30.300003051757812,3647.60005569458,84420.0,True,142,141,True,0,0,False,False,61,False,False,risk_lstm,8,0.9438058733940125,0.1947820633649826,2.0233945846557617,0.9191280603408813,,,,,,accurate
8440,84400.0,88027.60005569458,88062.00005340576,0,34.39999771118164,3662.0000534057617,84440.0,True,143,142,True,0,0,False,False,59,False,False,risk_lstm,8,0.9392092227935791,0.2638833522796631,1.993983507156372,0.9173144698143005,,,,,,accurate
8441,84410.0,88062.00005340576,88090.40005493164,0,28.400001525878906,3680.4000549316406,84450.0,True,143,142,True,1,1,False,False,58,False,False,risk_lstm,8,0.9449103474617004,0.19421564042568207,2.100494146347046,0.8979268670082092,,,,,,accurate
8447,84470.0,88090.40005493164,88119.90005111694,0,29.499996185302734,3649.9000511169434,84510.0,True,142,141,True,1,1,False,False,52,False,False,risk_lstm,8,0.9451087117195129,0.1912892609834671,2.0687789916992188,0.9110140204429626,,,,,,accurate
8452,84520.0,88119.90005111694,88151.80005264282,0,31.900001525878906,3631.8000526428223,84560.0,True,140,139,True,0,0,False,False,47,False,False,risk_lstm,8,0.9337107539176941,0.22439047694206238,2.05767822265625,0.8983227610588074,,,,,,accurate
8454,84540.0,88151.80005264282,88180.30005264282,0,28.5,3640.3000526428223,84580.0,True,140,139,True,0,0,False,False,45,False,False,risk_lstm,8,0.9536895155906677,0.1598563939332962,2.017068862915039,0.9182589650154114,,,,,,accurate
8457,84570.0,88180.30005264282,88216.10005187988,0,35.79999923706055,3646.100051879883,84610.0,True,140,139,True,1,1,False,False,42,False,False,risk_lstm,8,0.9471434354782104,0.2004229873418808,2.1308679580688477,0.8706165552139282,,,,,,accurate
8459,84590.0,88216.10005187988,88259.80005264282,0,43.70000076293945,3669.8000526428223,84630.0,True,140,139,True,0,0,False,False,40,False,False,risk_lstm,8,0.9543312788009644,0.21369506418704987,2.142216920852661,0.880306601524353,,,,,,accurate
8464,84640.0,88259.80005264282,88304.00005340576,0,44.20000076293945,3664.0000534057617,84680.0,True,139,138,True,0,0,False,False,35,False,False,risk_lstm,8,0.8905147314071655,0.25323721766471863,2.14857816696167,0.8922924399375916,,,,,,accurate
8467,84670.0,88304.00005340576,88344.2000541687,0,40.20000076293945,3674.200054168701,84710.0,True,138,137,True,0,0,False,False,32,False,False,risk_lstm,8,0.9116623997688293,0.2538745403289795,2.227837562561035,0.8876452445983887,,,,,,accurate
8468,84680.0,88344.2000541687,88380.00005340576,0,35.79999923706055,3700.0000534057617,84720.0,True,139,138,True,0,0,False,False,31,False,False,risk_lstm,8,0.9217489957809448,0.27847716212272644,2.216984510421753,0.883750855922699,,,,,,accurate
8469,84690.0,88380.00005340576,88432.80004882812,0,52.79999542236328,3742.800048828125,84730.0,True,139,138,True,0,0,False,False,30,False,False,risk_lstm,8,0.8882685899734497,0.3441845774650574,2.1706080436706543,0.8870208859443665,,,,,,accurate
8470,84700.0,88432.80004882812,88466.40004730225,0,33.599998474121094,3766.400047302246,84740.0,True,140,139,True,0,0,False,False,29,False,False,risk_lstm,8,0.9265718460083008,0.36051279306411743,2.154956579208374,0.8834074139595032,,,,,,accurate
8471,84710.0,88466.40004730225,88525.90005111694,0,59.500003814697266,3815.9000511169434,84750.0,True,141,140,True,0,0,False,False,28,False,False,risk_lstm,8,0.8259492516517639,0.40564122796058655,1.8964112997055054,0.8840836882591248,,,,,,accurate
8475,84750.0,88525.90005111694,88562.10005187988,0,36.20000076293945,3812.100051879883,84790.0,True,140,139,True,0,0,False,False,24,False,False,risk_lstm,8,0.9006261229515076,0.40724828839302063,2.186486005783081,0.8712051510810852,,,,,,accurate
8476,84760.0,88562.10005187988,88603.40005493164,0,41.30000305175781,3843.4000549316406,84800.0,True,140,139,True,0,0,False,False,23,False,False,risk_lstm,8,0.8677148222923279,0.3771536648273468,2.1242382526397705,0.8846237063407898,,,,,,accurate
8478,84780.0,88603.40005493164,88644.80005264282,0,41.39999771118164,3864.8000526428223,84820.0,True,140,139,True,0,0,False,False,21,False,False,risk_lstm,8,0.9094982743263245,0.42840924859046936,2.169461488723755,0.8717033863067627,,,,,,accurate
8481,84810.0,88644.80005264282,88669.30005264282,0,24.5,3859.3000526428223,84850.0,True,141,140,True,0,0,False,False,18,False,False,risk_lstm,8,0.8162455558776855,0.23463770747184753,1.8662991523742676,0.9329022765159607,,,,,,accurate
8482,84820.0,88669.30005264282,88705.10005187988,0,35.79999923706055,3885.100051879883,84860.0,True,141,140,True,1,1,False,False,17,False,False,risk_lstm,8,0.9443650841712952,0.2767522931098938,2.1734368801116943,0.8804928660392761,,,,,,accurate
8493,84930.0,88705.10005187988,88738.7000465393,0,33.59999465942383,3808.7000465393066,84970.0,True,139,138,True,0,0,False,False,6,False,False,risk_lstm,8,0.9235052466392517,0.32899653911590576,2.143784761428833,0.8820810317993164,,,,,,accurate
8494,84940.0,88738.7000465393,88771.60004806519,0,32.900001525878906,3831.6000480651855,84980.0,True,139,138,True,0,0,False,False,5,False,False,risk_lstm,8,0.9224341511726379,0.3442237973213196,2.186784505844116,0.8753277659416199,,,,,,accurate
8495,84950.0,88771.60004806519,88799.10004425049,0,27.499996185302734,3849.1000442504883,84990.0,True,140,139,True,0,0,False,False,4,False,False,risk_lstm,8,0.917238175868988,0.18372373282909393,1.9918439388275146,0.9224406480789185,,,,,,accurate
8502,85020.0,88799.10004425049,88831.70004272461,0,32.599998474121094,3811.7000427246094,85060.0,True,138,137,True,0,0,False,False,97,False,False,risk_lstm,8,0.9511508941650391,0.2511722445487976,2.115417242050171,0.8822857737541199,,,,,,accurate
8504,85040.0,88831.70004272461,88858.00004577637,0,26.300003051757812,3818.000045776367,85080.0,True,138,137,True,0,0,False,False,95,False,False,risk_lstm,8,0.9148183465003967,0.20518825948238373,2.005481719970703,0.9315082430839539,,,,,,accurate
8506,85060.0,88858.00004577637,88891.90004730225,0,33.900001525878906,3831.900047302246,85100.0,True,138,137,True,0,0,False,False,93,False,False,risk_lstm,8,0.9457886219024658,0.2408076524734497,2.0415775775909424,0.8972225189208984,,,,,,accurate
8507,85070.0,88891.90004730225,88923.50004577637,0,31.599998474121094,3853.500045776367,85110.0,True,138,137,True,1,1,False,False,92,False,False,risk_lstm,8,0.9444380402565002,0.2619791328907013,2.1411349773406982,0.8733190894126892,,,,,,accurate
8511,85110.0,88923.50004577637,88956.80004882812,0,33.30000305175781,3846.800048828125,85150.0,True,138,137,True,0,0,False,False,88,False,False,risk_lstm,8,0.9393181800842285,0.2708258032798767,2.137150526046753,0.8733122944831848,,,,,,accurate
8512,85120.0,88956.80004882812,88996.200050354,0,39.400001525878906,3876.200050354004,85160.0,True,139,138,True,0,0,False,False,87,False,False,risk_lstm,8,0.8959651589393616,0.3130885064601898,2.1364381313323975,0.8877394795417786,,,,,,accurate
8514,85140.0,88996.200050354,89032.60005187988,0,36.400001525878906,3892.600051879883,85180.0,True,139,138,True,0,0,False,False,85,False,False,risk_lstm,8,0.936048686504364,0.29297399520874023,2.201266050338745,0.8739463090896606,,,,,,accurate
8516,85160.0,89032.60005187988,89061.60005569458,0,29.000003814697266,3901.60005569458,85200.0,True,139,138,True,0,0,False,False,83,False,False,risk_lstm,8,0.9358477592468262,0.36241069436073303,2.1837902069091797,0.8654115200042725,,,,,,accurate
8522,85220.0,89061.60005569458,89101.7000541687,0,40.099998474121094,3881.700054168701,85260.0,True,137,136,True,0,0,False,False,77,False,False,risk_lstm,8,0.8839817047119141,0.3481338322162628,2.1580350399017334,0.8861652612686157,,,,,,accurate
8524,85240.0,89101.7000541687,89137.00005722046,0,35.30000305175781,3897.000057220459,85280.0,True,138,137,True,0,0,False,False,75,False,False,risk_lstm,8,0.8596148490905762,0.3881961405277252,2.122910261154175,0.8849084377288818,,,,,,accurate
8526,85260.0,89137.00005722046,89177.00005722046,0,40.0,3917.000057220459,85300.0,True,138,137,True,0,0,False,False,73,False,False,risk_lstm,8,0.8945217132568359,0.3932027220726013,2.1915416717529297,0.8733323812484741,,,,,,accurate
8528,85280.0,89177.00005722046,89210.00005722046,0,33.0,3930.000057220459,85320.0,True,138,137,True,0,0,False,False,71,False,False,risk_lstm,8,0.888401448726654,0.43451988697052,2.1676828861236572,0.8777780532836914,,,,,,accurate
8529,85290.0,89210.00005722046,89240.60005569458,0,30.599998474121094,3950.60005569458,85330.0,True,138,137,True,1,1,False,False,70,False,False,risk_lstm,8,0.8904411196708679,0.43157199025154114,2.167454481124878,0.8759172558784485,,,,,,accurate
8532,85320.0,89240.60005569458,89305.80006027222,0,65.20000457763672,3985.800060272217,85360.0,True,138,137,True,0,0,False,False,67,False,False,risk_lstm,8,0.9099705219268799,0.4495098888874054,2.130316734313965,0.8764162659645081,,,,,,accurate
8534,85340.0,89305.80006027222,89353.60005569458,0,47.79999542236328,4013.60005569458,85380.0,True,138,137,True,0,0,False,False,65,False,False,risk_lstm,8,0.8963066935539246,0.4400491714477539,2.186615228652954,0.870827853679657,,,,,,accurate
8535,85350.0,89353.60005569458,89415.2000579834,0,61.60000228881836,4065.2000579833984,85390.0,True,139,138,True,0,0,False,False,64,False,False,risk_lstm,8,0.8717052340507507,0.43608519434928894,1.976292610168457,0.9098743796348572,,,,,,accurate
8538,85380.0,89415.2000579834,89453.60005569458,0,38.39999771118164,4073.60005569458,85420.0,True,139,138,True,0,0,False,False,61,False,False,risk_lstm,8,0.9257468581199646,0.43218910694122314,2.0088882446289062,0.8967093825340271,,,,,,accurate
8547,85470.0,89453.60005569458,89485.00005340576,0,31.39999771118164,4015.0000534057617,85510.0,True,135,134,True,1,1,False,False,52,False,False,risk_lstm,8,0.8997339010238647,0.4058186709880829,2.162984609603882,0.8721583485603333,,,,,,accurate
8549,85490.0,89485.00005340576,89527.2000541687,0,42.20000076293945,4037.200054168701,85530.0,True,135,134,True,0,0,False,False,50,False,False,risk_lstm,8,0.8725681304931641,0.3998435139656067,2.0875744819641113,0.8869212865829468,,,,,,accurate
8552,85520.0,89527.2000541687,89563.50005340576,0,36.29999923706055,4043.5000534057617,85560.0,True,135,134,True,0,0,False,False,47,False,False,risk_lstm,8,0.8984097242355347,0.4119308292865753,2.1866188049316406,0.8756720423698425,,,,,,accurate
8555,85550.0,89563.50005340576,89602.7000541687,0,39.20000076293945,4052.700054168701,85590.0,True,134,133,True,1,1,False,False,44,False,False,risk_lstm,8,0.9048919677734375,0.35415419936180115,2.232412815093994,0.8754557371139526,,,,,,accurate
8556,85560.0,89602.7000541687,89636.2000541687,0,33.5,4076.200054168701,85600.0,True,135,134,True,0,0,False,False,43,False,False,risk_lstm,8,0.8908132314682007,0.4754519462585449,2.017155885696411,0.8948444128036499,,,,,,accurate
8558,85580.0,89636.2000541687,89664.30005264282,0,28.099998474121094,4084.3000526428223,85620.0,True,135,134,True,0,0,False,False,41,False,False,risk_lstm,8,0.921291708946228,0.3600251078605652,1.9833149909973145,0.9122267365455627,,,,,,accurate
8566,85660.0,89664.30005264282,89698.2000541687,0,33.900001525878906,4038.200054168701,85700.0,True,133,132,True,0,0,False,False,33,False,False,risk_lstm,8,0.9130169749259949,0.4105531871318817,2.164957284927368,0.8747628331184387,,,,,,accurate
8569,85690.0,89698.2000541687,89732.60005569458,0,34.400001525878906,4042.60005569458,85730.0,True,132,131,True,0,0,False,False,30,False,False,risk_lstm,8,0.9061515927314758,0.37715333700180054,2.211564302444458,0.8722572922706604,,,,,,accurate
8571,85710.0,89732.60005569458,89763.00005340576,0,30.39999771118164,4053.0000534057617,85750.0,True,133,132,True,1,1,False,False,28,False,False,risk_lstm,8,0.9237234592437744,0.36388105154037476,2.0027530193328857,0.913532018661499,,,,,,accurate
8575,85750.0,89763.00005340576,89800.80005264282,0,37.79999923706055,4050.8000526428223,85790.0,True,132,131,True,1,1,False,False,24,False,False,risk_lstm,8,0.9091281294822693,0.3846234381198883,2.18961238861084,0.8753750324249268,,,,,,accurate
8577,85770.0,89800.80005264282,89835.90004730225,0,35.09999465942383,4065.900047302246,85810.0,True,133,132,True,1,1,False,False,22,False,False,risk_lstm,8,0.9128472805023193,0.3711816072463989,2.1140353679656982,0.8848391771316528,,,,,,accurate
8579,85790.0,89835.90004730225,89869.00004959106,0,33.10000228881836,4079.0000495910645,85830.0,True,133,132,True,0,0,False,False,20,False,False,risk_lstm,8,0.9176780581474304,0.40537962317466736,2.1173582077026367,0.8761059641838074,,,,,,accurate
8582,85820.0,89869.00004959106,89930.00004959106,0,61.0,4110.000049591064,85860.0,True,132,131,True,0,0,False,False,17,False,False,risk_lstm,8,0.8468694090843201,0.3890970051288605,1.9155502319335938,0.890526294708252,,,,,,accurate
8588,85880.0,89930.00004959106,89972.80005264282,0,42.80000305175781,4092.8000526428223,85920.0,True,131,130,True,1,1,False,False,11,False,False,risk_lstm,8,0.878655731678009,0.3609426021575928,2.184441566467285,0.8837999701499939,,,,,,accurate
8592,85920.0,89972.80005264282,90010.50005340576,0,37.70000076293945,4090.5000534057617,85960.0,True,131,130,True,1,1,False,False,7,False,False,risk_lstm,8,0.9127371311187744,0.3718379735946655,2.2009050846099854,0.8728243112564087,,,,,,accurate
8594,85940.0,90010.50005340576,90046.40005111694,0,35.89999771118164,4106.400051116943,85980.0,True,131,130,True,0,0,False,False,5,False,False,risk_lstm,8,0.9016348719596863,0.389072984457016,2.174067735671997,0.8779070377349854,,,,,,accurate
8595,85950.0,90046.40005111694,90085.00004959106,0,38.599998474121094,4135.000049591064,85990.0,True,131,130,True,0,0,False,False,4,False,False,risk_lstm,8,0.8853763341903687,0.4240590035915375,2.134711503982544,0.8764379620552063,,,,,,accurate
8596,85960.0,90085.00004959106,90122.2000465393,0,37.19999694824219,4162.200046539307,86000.0,True,132,131,True,0,0,False,False,3,False,False,risk_lstm,8,0.8922974467277527,0.37096232175827026,1.9038057327270508,0.9235830903053284,,,,,,accurate
8599,85990.0,90122.2000465393,90159.200050354,0,37.000003814697266,4169.200050354004,86030.0,True,132,131,True,0,0,False,True,0,True,False,risk_lstm,8,0.9262985587120056,0.35270458459854126,2.20206356048584,0.8686129450798035,,,,,,accurate
8603,86030.0,90159.200050354,90187.50004959106,0,28.299999237060547,4157.500049591064,86070.0,True,131,130,True,1,1,False,False,96,False,False,risk_lstm,8,0.9262202978134155,0.3524332046508789,2.014214277267456,0.9007083773612976,,,,,,accurate
8606,86060.0,90187.50004959106,90261.30005264282,0,73.80000305175781,4201.300052642822,86100.0,True,130,129,True,1,1,False,False,93,False,False,risk_lstm,8,0.8367775678634644,0.4081820547580719,1.847357988357544,0.8908319473266602,,,,,,accurate
8607,86070.0,90261.30005264282,90301.60004806519,0,40.29999542236328,4231.600048065186,86110.0,True,131,130,True,0,0,False,False,92,False,False,risk_lstm,8,0.9415683746337891,0.33437231183052063,2.2528841495513916,0.8676895499229431,,,,,,accurate
8608,86080.0,90301.60004806519,90331.00004959106,0,29.400001525878906,4251.000049591064,86120.0,True,131,130,True,0,0,False,False,91,False,False,risk_lstm,8,0.9194594025611877,0.22550742328166962,1.949074625968933,0.925196647644043,,,,,,accurate
8609,86090.0,90331.00004959106,90366.50005340576,0,35.500003814697266,4276.500053405762,86130.0,True,132,131,True,0,0,False,False,90,False,False,risk_lstm,8,0.9362854361534119,0.1995256394147873,2.0649309158325195,0.9118899703025818,,,,,,accurate
8611,86110.0,90366.50005340576,90409.7000541687,0,43.20000076293945,4299.700054168701,86150.0,True,132,131,True,0,0,False,False,88,False,False,risk_lstm,8,0.9281341433525085,0.22378596663475037,2.182708978652954,0.8812963366508484,,,,,,accurate
8612,86120.0,90409.7000541687,90451.50005340576,0,41.79999923706055,4331.500053405762,86160.0,True,133,132,True,1,1,False,False,87,False,False,risk_lstm,8,0.9255908131599426,0.26555365324020386,2.231097936630249,0.8826379776000977,,,,,,accurate
8614,86140.0,90451.50005340576,90521.60005187988,0,70.0999984741211,4381.600051879883,86180.0,True,133,132,True,0,0,False,False,85,False,False,risk_lstm,8,0.921784520149231,0.269107848405838,2.236837148666382,0.883592963218689,,,,,,accurate
8617,86170.0,90521.60005187988,90570.60005187988,0,49.0,4400.600051879883,86210.0,True,132,131,True,0,0,False,False,82,False,False,risk_lstm,8,0.8600625395774841,0.28592216968536377,2.0396575927734375,0.8932520747184753,,,,,,accurate
8619,86190.0,90570.60005187988,90604.7000541687,0,34.10000228881836,4414.700054168701,86230.0,True,132,131,True,0,0,False,False,80,False,False,risk_lstm,8,0.9276949167251587,0.3288281261920929,2.0244507789611816,0.9111061692237854,,,,,,accurate
8621,86210.0,90604.7000541687,90647.80005264282,0,43.099998474121094,4437.800052642822,86250.0,True,133,132,True,0,0,False,False,78,False,False,risk_lstm,8,0.933647096157074,0.24110372364521027,2.2379143238067627,0.8766897916793823,,,,,,accurate
8623,86230.0,90647.80005264282,90689.00005340576,0,41.20000076293945,4459.000053405762,86270.0,True,133,132,True,0,0,False,False,76,False,False,risk_lstm,8,0.9187279343605042,0.31754976511001587,2.204099178314209,0.8765577673912048,,,,,,accurate
8624,86240.0,90689.00005340576,90737.60005187988,0,48.599998474121094,4497.600051879883,86280.0,True,133,132,True,0,0,False,False,75,False,False,risk_lstm,8,0.8930681347846985,0.422277569770813,2.1102445125579834,0.8851984739303589,,,,,,accurate
8629,86290.0,90737.60005187988,90774.90005493164,0,37.30000305175781,4484.900054931641,86330.0,True,132,131,True,0,0,False,False,70,False,False,risk_lstm,8,0.9027140140533447,0.42477354407310486,2.1435964107513428,0.875657320022583,,,,,,accurate
8631,86310.0,90774.90005493164,90809.10005187988,0,34.19999694824219,4499.100051879883,86350.0,True,133,132,True,0,0,False,False,68,False,False,risk_lstm,8,0.8995880484580994,0.4315420091152191,2.1662700176239014,0.8759905099868774,,,,,,accurate
8632,86320.0,90809.10005187988,90842.50005722046,0,33.40000534057617,4522.500057220459,86360.0,True,134,133,True,1,1,False,False,67,False,False,risk_lstm,8,0.8921380639076233,0.43968039751052856,2.148514747619629,0.876314640045166,,,,,,accurate
8634,86340.0,90842.50005722046,90913.10005569458,0,70.5999984741211,4573.10005569458,86380.0,True,135,134,True,0,0,False,False,65,False,False,risk_lstm,8,0.8856748342514038,0.4122704267501831,2.171250581741333,0.8747681975364685,,,,,,accurate
8640,86400.0,90913.10005569458,90938.90005493164,0,25.799999237060547,4538.900054931641,86440.0,True,134,133,True,1,1,False,False,59,False,False,risk_lstm,8,0.9339349865913391,0.2210225760936737,1.992729902267456,0.9174567461013794,,,,,,accurate
8643,86430.0,90938.90005493164,90980.10005569458,0,41.20000076293945,4550.10005569458,86470.0,True,133,132,True,0,0,False,False,56,False,False,risk_lstm,8,0.9095618724822998,0.37910017371177673,2.1714038848876953,0.8805047869682312,,,,,,accurate
8644,86440.0,90980.10005569458,91006.10005950928,0,26.000003814697266,4566.100059509277,86480.0,True,134,133,True,0,0,False,False,55,False,False,risk_lstm,8,0.9323152303695679,0.29231777787208557,1.9394500255584717,0.9232375025749207,,,,,,accurate
8645,86450.0,91006.10005950928,91038.7000541687,0,32.59999465942383,4588.700054168701,86490.0,True,135,134,True,0,0,False,False,54,False,False,risk_lstm,8,0.9293559193611145,0.33112338185310364,2.123924493789673,0.8786424994468689,,,,,,accurate
8646,86460.0,91038.7000541687,91085.40005111694,0,46.69999694824219,4625.400051116943,86500.0,True,135,134,True,1,1,False,False,53,False,False,risk_lstm,8,0.9261887073516846,0.2976059317588806,2.0678627490997314,0.8920957446098328,,,,,,accurate
8647,86470.0,91085.40005111694,91115.50005340576,0,30.10000228881836,4645.500053405762,86510.0,True,136,135,True,1,1,False,False,52,False,False,risk_lstm,8,0.9461734294891357,0.2744726538658142,1.992060899734497,0.913906991481781,,,,,,accurate
8649,86490.0,91115.50005340576,91151.90005111694,0,36.39999771118164,4661.900051116943,86530.0,True,136,135,True,1,1,False,False,50,False,False,risk_lstm,8,0.9167779684066772,0.2464628964662552,2.1690638065338135,0.8761429786682129,,,,,,accurate
8650,86500.0,91151.90005111694,91185.40005493164,0,33.500003814697266,4685.400054931641,86540.0,True,136,135,True,0,0,False,False,49,False,False,risk_lstm,8,0.9270519018173218,0.3037061095237732,2.152987241744995,0.8841355443000793,,,,,,accurate
8651,86510.0,91185.40005493164,91216.7000541687,0,31.299999237060547,4706.700054168701,86550.0,True,137,136,True,0,0,False,False,48,False,False,risk_lstm,8,0.9240293502807617,0.33915138244628906,2.1876280307769775,0.8757811188697815,,,,,,accurate
8653,86530.0,91216.7000541687,91253.80005264282,0,37.099998474121094,4723.800052642822,86570.0,True,137,136,True,0,0,False,False,46,False,False,risk_lstm,8,0.9101849794387817,0.33227330446243286,2.2098193168640137,0.8781651258468628,,,,,,accurate
8655,86550.0,91253.80005264282,91291.50004959106,0,37.69999694824219,4741.500049591064,86590.0,True,137,136,True,1,1,False,False,44,False,False,risk_lstm,8,0.90382319688797,0.4080352783203125,2.157078504562378,0.8765228986740112,,,,,,accurate
8658,86580.0,91291.50004959106,91316.60004806519,0,25.099998474121094,4736.600048065186,86620.0,True,138,137,True,0,0,False,False,41,False,False,risk_lstm,8,0.839748740196228,0.14600752294063568,2.0240750312805176,0.9279050827026367,,,,,,accurate
8662,86620.0,91316.60004806519,91360.00004959106,0,43.400001525878906,4740.000049591064,86660.0,True,137,136,True,0,0,False,False,37,False,False,risk_lstm,8,0.897488534450531,0.29325175285339355,2.1888556480407715,0.8956182599067688,,,,,,accurate
8663,86630.0,91360.00004959106,91403.00004959106,0,43.0,4773.000049591064,86670.0,True,138,137,True,0,0,False,False,36,False,False,risk_lstm,8,0.9204534888267517,0.31903374195098877,2.242694616317749,0.8885939121246338,,,,,,accurate
8672,86720.0,91403.00004959106,91440.90005111694,0,37.900001525878906,4720.900051116943,86760.0,True,136,135,True,0,0,False,False,27,False,False,risk_lstm,8,0.919510543346405,0.32571345567703247,2.2478585243225098,0.8854677677154541,,,,,,accurate
8677,86770.0,91440.90005111694,91484.50005340576,0,43.60000228881836,4714.500053405762,86810.0,True,135,134,True,0,0,False,False,22,False,False,risk_lstm,8,0.9072609543800354,0.31326109170913696,2.2263176441192627,0.8900351524353027,,,,,,accurate
8678,86780.0,91484.50005340576,91520.60005569458,0,36.10000228881836,4740.60005569458,86820.0,True,136,135,True,1,1,False,False,21,False,False,risk_lstm,8,0.913245677947998,0.381429523229599,2.121007204055786,0.89491868019104,,,,,,accurate
8679,86790.0,91520.60005569458,91558.7000541687,0,38.099998474121094,4768.700054168701,86830.0,True,136,135,True,0,0,False,False,20,False,False,risk_lstm,8,0.9024107456207275,0.34795743227005005,2.1692774295806885,0.8872928023338318,,,,,,accurate
8684,86840.0,91558.7000541687,91601.2000541687,0,42.5,4761.200054168701,86880.0,True,135,134,True,0,0,False,False,15,False,False,risk_lstm,8,0.8465408682823181,0.34464502334594727,2.063995122909546,0.8941256999969482,,,,,,accurate
8686,86860.0,91601.2000541687,91635.30005264282,0,34.099998474121094,4775.300052642822,86900.0,True,135,134,True,0,0,False,False,13,False,False,risk_lstm,8,0.9335792064666748,0.41617944836616516,2.0715765953063965,0.8821922540664673,,,,,,accurate
8687,86870.0,91635.30005264282,91672.50005340576,0,37.20000076293945,4802.500053405762,86910.0,True,136,135,True,1,1,False,False,12,False,False,risk_lstm,8,0.9023101925849915,0.4444054067134857,2.123525381088257,0.8748387098312378,,,,,,accurate
8689,86890.0,91672.50005340576,91718.700050354,0,46.19999694824219,4828.700050354004,86930.0,True,136,135,True,0,0,False,False,10,False,False,risk_lstm,8,0.9109522700309753,0.4100063145160675,2.183396100997925,0.8678336143493652,,,,,,accurate
8692,86920.0,91718.700050354,91764.50004959106,0,45.79999923706055,4844.500049591064,86960.0,True,135,134,True,1,1,False,False,7,False,False,risk_lstm,8,0.8611743450164795,0.3949064016342163,2.155606985092163,0.8842429518699646,,,,,,accurate
8694,86940.0,91764.50004959106,91800.2000541687,0,35.70000457763672,4860.200054168701,86980.0,True,135,134,True,1,1,False,False,5,False,False,risk_lstm,8,0.9303711652755737,0.42374515533447266,2.192028760910034,0.865675151348114,,,,,,accurate
8695,86950.0,91800.2000541687,91894.90005111694,0,94.69999694824219,4944.900051116943,86990.0,True,136,135,True,1,1,False,False,4,False,False,risk_lstm,8,0.876006543636322,0.3879062533378601,2.147411346435547,0.8824808597564697,,,,,,accurate
8697,86970.0,91894.90005111694,91925.90005111694,0,31.0,4955.900051116943,87010.0,True,136,135,True,0,0,False,False,2,True,False,risk_lstm,8,0.9229631423950195,0.4304244816303253,2.1382007598876953,0.8768137693405151,,,,,,accurate
8698,86980.0,91925.90005111694,91971.700050354,0,45.79999923706055,4991.700050354004,87020.0,True,136,135,True,1,1,False,False,1,True,False,risk_lstm,8,0.8998810052871704,0.4382481575012207,2.136624574661255,0.8725499510765076,,,,,,accurate
8699,86990.0,91971.700050354,92008.40004730225,0,36.69999694824219,5018.400047302246,87030.0,True,137,136,True,1,1,False,True,0,True,False,risk_lstm,8,0.9109491109848022,0.42621147632598877,2.164825201034546,0.8640168905258179,,,,,,accurate
8700,87000.0,92008.40004730225,92100.00004577637,0,91.5999984741211,5100.000045776367,87040.0,True,138,137,True,1,1,False,False,99,False,False,risk_lstm,8,0.8410786986351013,0.4135335087776184,1.957497477531433,0.8824870586395264,,,,,,accurate
8702,87020.0,92100.00004577637,92175.50004577637,0,75.5,5155.500045776367,87060.0,True,137,136,True,0,0,False,False,97,False,False,risk_lstm,8,0.8649871945381165,0.3751673996448517,2.1445159912109375,0.8845228552818298,,,,,,accurate
8703,87030.0,92175.50004577637,92209.90004348755,0,34.39999771118164,5179.900043487549,87070.0,True,138,137,True,0,0,False,False,96,False,False,risk_lstm,8,0.9502432942390442,0.39267033338546753,2.0620760917663574,0.8870362043380737,,,,,,accurate
8706,87060.0,92209.90004348755,92241.00004196167,0,31.099998474121094,5181.00004196167,87100.0,True,137,136,True,0,0,False,False,93,False,False,risk_lstm,8,0.909565806388855,0.42417076230049133,2.1059582233428955,0.8823407888412476,,,,,,accurate
8707,87070.0,92241.00004196167,92279.80004501343,0,38.80000305175781,5209.800045013428,87110.0,True,138,137,True,1,1,False,False,92,False,False,risk_lstm,8,0.9195727109909058,0.37923094630241394,2.1556639671325684,0.8668792843818665,,,,,,accurate
8712,87120.0,92279.80004501343,92312.80004501343,0,33.0,5192.800045013428,87160.0,True,137,136,True,0,0,False,False,87,False,False,risk_lstm,8,0.9127157330513,0.43944334983825684,2.0824882984161377,0.8771076202392578,,,,,,accurate
8717,87170.0,92312.80004501343,92359.60004806519,0,46.80000305175781,5189.600048065186,87210.0,True,136,135,True,0,0,False,False,82,False,False,risk_lstm,8,0.887769341468811,0.44387286901474,2.164051055908203,0.8736414313316345,,,,,,accurate
8718,87180.0,92359.60004806519,92393.60004806519,0,34.0,5213.600048065186,87220.0,True,136,135,True,0,0,False,False,81,False,False,risk_lstm,8,0.9069027900695801,0.4085347652435303,2.1494381427764893,0.873043417930603,,,,,,accurate
8722,87220.0,92393.60004806519,92430.10004425049,0,36.499996185302734,5210.100044250488,87260.0,True,136,135,True,1,1,False,False,77,False,False,risk_lstm,8,0.8900230526924133,0.43929997086524963,2.0830729007720947,0.881286084651947,,,,,,accurate
8726,87260.0,92430.10004425049,92464.90004730225,0,34.80000305175781,5204.900047302246,87300.0,True,135,134,True,0,0,False,False,73,False,False,risk_lstm,8,0.89784836769104,0.4315589368343353,2.1138968467712402,0.8727065324783325,,,,,,accurate
8728,87280.0,92464.90004730225,92502.50004577637,0,37.599998474121094,5222.500045776367,87320.0,True,135,134,True,1,1,False,False,71,False,False,risk_lstm,8,0.8884407877922058,0.43636471033096313,2.125239849090576,0.8697137236595154,,,,,,accurate
8731,87310.0,92502.50004577637,92563.60004425049,0,61.099998474121094,5253.600044250488,87350.0,True,135,134,True,1,1,False,False,68,False,False,risk_lstm,8,0.874549388885498,0.4605981111526489,2.1399309635162354,0.8748975396156311,,,,,,accurate
8732,87320.0,92563.60004425049,92594.30004501343,0,30.700000762939453,5274.300045013428,87360.0,True,135,134,True,0,0,False,False,67,False,False,risk_lstm,8,0.879896342754364,0.4692605137825012,1.9861750602722168,0.8995336294174194,,,,,,accurate
8733,87330.0,92594.30004501343,92641.2000465393,0,46.900001525878906,5311.200046539307,87370.0,True,136,135,True,0,0,False,False,66,False,False,risk_lstm,8,0.9061116576194763,0.42664122581481934,2.1246211528778076,0.87005615234375,,,,,,accurate
8736,87360.0,92641.2000465393,92687.60004425049,0,46.39999771118164,5327.600044250488,87400.0,True,135,134,True,0,0,False,False,63,False,False,risk_lstm,8,0.8991351127624512,0.41926872730255127,2.1671202182769775,0.8688557744026184,,,,,,accurate
8737,87370.0,92687.60004425049,92717.70004272461,0,30.099998474121094,5347.700042724609,87410.0,True,136,135,True,0,0,False,False,62,False,False,risk_lstm,8,0.9285779595375061,0.36867037415504456,1.9980202913284302,0.9106437563896179,,,,,,accurate
8738,87380.0,92717.70004272461,92748.80004119873,0,31.099998474121094,5368.8000411987305,87420.0,True,136,135,True,0,0,False,False,61,False,False,risk_lstm,8,0.9114999771118164,0.38041573762893677,2.1836137771606445,0.8728810548782349,,,,,,accurate
8742,87420.0,92748.80004119873,92790.80003738403,0,41.999996185302734,5370.800037384033,87460.0,True,136,135,True,1,1,False,False,57,False,False,risk_lstm,8,0.8566014170646667,0.37626996636390686,1.9965245723724365,0.8886525630950928,,,,,,accurate
8744,87440.0,92790.80003738403,92842.70003509521,0,51.89999771118164,5402.700035095215,87480.0,True,137,136,True,0,0,False,False,55,False,False,risk_lstm,8,0.8967972993850708,0.3455868065357208,2.219156503677368,0.8820290565490723,,,,,,accurate
8747,87470.0,92842.70003509521,92890.40003204346,0,47.69999694824219,5420.400032043457,87510.0,True,137,136,True,1,1,False,False,52,False,False,risk_lstm,8,0.9101908206939697,0.3559112548828125,2.224635362625122,0.8753801584243774,,,,,,accurate
8748,87480.0,92890.40003204346,92924.30003356934,0,33.900001525878906,5444.300033569336,87520.0,True,138,137,True,0,0,False,False,51,False,False,risk_lstm,8,0.812828004360199,0.4002743065357208,1.8531209230422974,0.9348719716072083,,,,,,accurate
8750,87500.0,92924.30003356934,92955.50003433228,0,31.200000762939453,5455.500034332275,87540.0,True,139,138,True,1,1,False,False,49,False,False,risk_lstm,8,0.9305480718612671,0.3271479606628418,2.1677916049957275,0.8762696385383606,,,,,,accurate
8751,87510.0,92955.50003433228,93024.1000328064,0,68.5999984741211,5514.1000328063965,87550.0,True,139,138,True,0,0,False,False,48,False,False,risk_lstm,8,0.8705722689628601,0.3186149597167969,2.035787343978882,0.8885706663131714,,,,,,accurate
8752,87520.0,93024.1000328064,93050.40003204346,0,26.299999237060547,5530.400032043457,87560.0,True,140,139,True,1,1,False,False,47,False,False,risk_lstm,8,0.9216001033782959,0.2235359102487564,1.9258023500442505,0.9219401478767395,,,,,,accurate
8754,87540.0,93050.40003204346,93085.6000289917,0,35.19999694824219,5545.600028991699,87580.0,True,140,139,True,0,0,False,False,45,False,False,risk_lstm,8,0.9311314821243286,0.26529645919799805,2.0601389408111572,0.8946121335029602,,,,,,accurate
8755,87550.0,93085.6000289917,93145.6000289917,0,60.0,5595.600028991699,87590.0,True,141,140,True,1,1,False,False,44,False,False,risk_lstm,8,0.9196874499320984,0.30964815616607666,2.050034761428833,0.8940527439117432,,,,,,accurate
8757,87570.0,93145.6000289917,93184.80002593994,0,39.19999694824219,5614.800025939941,87610.0,True,141,140,True,0,0,False,False,42,False,False,risk_lstm,8,0.9432275891304016,0.26299116015434265,2.0822014808654785,0.8863233923912048,,,,,,accurate
8758,87580.0,93184.80002593994,93215.600025177,0,30.799999237060547,5635.600025177002,87620.0,True,142,141,True,0,0,False,False,41,False,False,risk_lstm,8,0.9514557123184204,0.21193017065525055,2.0926291942596436,0.9050794839859009,,,,,,accurate
8760,87600.0,93215.600025177,93250.20002365112,0,34.599998474121094,5650.200023651123,87640.0,True,143,142,True,0,0,False,False,39,False,False,risk_lstm,8,0.9376623630523682,0.23554737865924835,2.1128885746002197,0.8876155018806458,,,,,,accurate
8762,87620.0,93250.20002365112,93302.6000289917,0,52.40000534057617,5682.600028991699,87660.0,True,143,142,True,0,0,False,False,37,False,False,risk_lstm,8,0.924211859703064,0.25821682810783386,2.1412715911865234,0.8695399165153503,,,,,,accurate
8764,87640.0,93302.6000289917,93351.90002822876,0,49.29999923706055,5711.90002822876,87680.0,True,144,143,True,1,1,False,False,35,False,False,risk_lstm,8,0.9416298270225525,0.243056982755661,2.214569568634033,0.8740756511688232,,,,,,accurate
8768,87680.0,93351.90002822876,93390.20003128052,0,38.30000305175781,5710.200031280518,87720.0,True,144,143,True,0,0,False,False,31,False,False,risk_lstm,8,0.8986502289772034,0.33524057269096375,2.0068235397338867,0.9085606932640076,,,,,,accurate
8777,87770.0,93390.20003128052,93430.80003356934,0,40.60000228881836,5660.800033569336,87810.0,True,142,141,True,0,0,False,False,22,False,False,risk_lstm,8,0.9302607774734497,0.29397478699684143,2.2181854248046875,0.8712406158447266,,,,,,accurate
8779,87790.0,93430.80003356934,93475.90003585815,0,45.10000228881836,5685.900035858154,87830.0,True,143,142,True,0,0,False,False,20,False,False,risk_lstm,8,0.8678836226463318,0.33814677596092224,2.117018938064575,0.8944761157035828,,,,,,accurate
8780,87800.0,93475.90003585815,93505.30003738403,0,29.400001525878906,5705.300037384033,87840.0,True,143,142,True,0,0,False,False,19,False,False,risk_lstm,8,0.9224447011947632,0.35735175013542175,2.2100679874420166,0.8777624368667603,,,,,,accurate
8783,87830.0,93505.30003738403,93541.20003890991,0,35.900001525878906,5711.200038909912,87870.0,True,144,143,True,0,0,False,False,16,False,False,risk_lstm,8,0.9191127419471741,0.3774254620075226,2.2191176414489746,0.8723490834236145,,,,,,accurate
8784,87840.0,93541.20003890991,93596.40004348755,0,55.20000457763672,5756.400043487549,87880.0,True,144,143,True,0,0,False,False,15,False,False,risk_lstm,8,0.8372557163238525,0.38591697812080383,1.9769763946533203,0.8855370879173279,,,,,,accurate
8786,87860.0,93596.40004348755,93624.70004272461,0,28.299999237060547,5764.700042724609,87900.0,True,145,144,True,0,0,False,False,13,False,False,risk_lstm,8,0.9039625525474548,0.40190285444259644,1.9552682638168335,0.9204309582710266,,,,,,accurate
8787,87870.0,93624.70004272461,93656.20004272461,0,31.5,5786.200042724609,87910.0,True,146,145,True,1,1,False,False,12,False,False,risk_lstm,8,0.9004510045051575,0.37225341796875,2.143836259841919,0.8841391801834106,,,,,,accurate
8791,87910.0,93656.20004272461,93700.40004348755,0,44.20000076293945,5790.400043487549,87950.0,True,145,144,True,0,0,False,False,8,False,False,risk_lstm,8,0.9148290157318115,0.37118926644325256,2.2016780376434326,0.8739888668060303,,,,,,accurate
8793,87930.0,93700.40004348755,93733.30004119873,0,32.89999771118164,5803.3000411987305,87970.0,True,146,145,True,0,0,False,False,6,False,False,risk_lstm,8,0.921087384223938,0.4106248915195465,2.14127254486084,0.878445565700531,,,,,,accurate
8794,87940.0,93733.30004119873,93774.60004425049,0,41.30000305175781,5834.600044250488,87980.0,True,147,146,True,0,0,False,False,5,False,False,risk_lstm,8,0.8455453515052795,0.40537357330322266,1.9941657781600952,0.8902702331542969,,,,,,accurate
8797,87970.0,93774.60004425049,93802.30004501343,0,27.700000762939453,5832.300045013428,88010.0,True,147,146,True,0,0,False,False,2,True,False,risk_lstm,8,0.9163587093353271,0.3335249125957489,2.0084493160247803,0.9122158885002136,,,,,,accurate
8801,88010.0,93802.30004501343,93838.40004348755,0,36.099998474121094,5828.400043487549,88050.0,True,147,146,True,0,0,False,False,98,False,False,risk_lstm,8,0.9170527458190918,0.3374324440956116,2.1638500690460205,0.8803589940071106,,,,,,accurate
8803,88030.0,93838.40004348755,93870.90004348755,0,32.5,5840.900043487549,88070.0,True,147,146,True,0,0,False,False,96,False,False,risk_lstm,8,0.9166361093521118,0.3299248218536377,2.206979274749756,0.8761066198348999,,,,,,accurate
8806,88060.0,93870.90004348755,93907.40004348755,0,36.5,5847.400043487549,88100.0,True,148,147,True,0,0,False,False,93,False,False,risk_lstm,8,0.8869525194168091,0.3991418480873108,2.1722052097320557,0.8816400170326233,,,,,,accurate
8807,88070.0,93907.40004348755,93945.50004196167,0,38.099998474121094,5875.50004196167,88110.0,True,148,147,True,1,1,False,False,92,False,False,risk_lstm,8,0.8939078450202942,0.33029648661613464,2.2038960456848145,0.881406843662262,,,,,,accurate
8809,88090.0,93945.50004196167,93975.20004272461,0,29.700000762939453,5885.200042724609,88130.0,True,149,148,True,1,1,False,False,90,False,False,risk_lstm,8,0.913510799407959,0.3872247338294983,2.163933515548706,0.8811946511268616,,,,,,accurate
8811,88110.0,93975.20004272461,94003.20003890991,0,27.999996185302734,5893.200038909912,88150.0,True,149,148,True,0,0,False,False,88,False,False,risk_lstm,8,0.8804838061332703,0.4370177090167999,2.026461124420166,0.8983519077301025,,,,,,accurate
8814,88140.0,94003.20003890991,94040.50003814697,0,37.29999923706055,5900.500038146973,88180.0,True,149,148,True,0,0,False,False,85,False,False,risk_lstm,8,0.9070304036140442,0.3767652213573456,2.1917474269866943,0.8731719255447388,,,,,,accurate
8815,88150.0,94040.50003814697,94067.30003738403,0,26.799999237060547,5917.300037384033,88190.0,True,150,149,True,0,0,False,False,84,False,False,risk_lstm,8,0.8833986520767212,0.43755096197128296,1.8582677841186523,0.9179400205612183,,,,,,accurate
8820,88200.0,94067.30003738403,94093.40003585815,0,26.099998474121094,5893.400035858154,88240.0,True,149,148,True,0,0,False,False,79,False,False,risk_lstm,8,0.8892056941986084,0.23114854097366333,2.0282111167907715,0.9388039708137512,,,,,,accurate
8821,88210.0,94093.40003585815,94138.00003051758,0,44.59999465942383,5928.000030517578,88250.0,True,150,149,True,0,0,False,False,78,False,False,risk_lstm,8,0.9432018399238586,0.23681072890758514,2.219644784927368,0.8813367486000061,,,,,,accurate
8822,88220.0,94138.00003051758,94183.30002975464,0,45.29999923706055,5963.300029754639,88260.0,True,150,149,True,0,0,False,False,77,False,False,risk_lstm,8,0.9474111795425415,0.2634660005569458,2.1954095363616943,0.8795197606086731,,,,,,accurate
8823,88230.0,94183.30002975464,94224.6000289917,0,41.29999923706055,5994.600028991699,88270.0,True,151,150,True,0,0,False,False,76,False,False,risk_lstm,8,0.9115104675292969,0.2818303108215332,2.2080025672912598,0.8899596333503723,,,,,,accurate
8829,88290.0,94224.6000289917,94254.80002975464,0,30.200000762939453,5964.800029754639,88330.0,True,151,150,True,1,1,False,False,70,False,False,risk_lstm,8,0.9248749017715454,0.32454919815063477,2.1467487812042236,0.8900904655456543,,,,,,accurate
8830,88300.0,94254.80002975464,94293.50002670288,0,38.69999694824219,5993.500026702881,88340.0,True,152,151,True,0,0,False,False,69,False,False,risk_lstm,8,0.9057236909866333,0.3146713972091675,2.2212347984313965,0.8839634656906128,,,,,,accurate
8831,88310.0,94293.50002670288,94319.30002593994,0,25.799999237060547,6009.300025939941,88350.0,True,152,151,True,0,0,False,False,68,False,False,risk_lstm,8,0.9160547256469727,0.2743331789970398,1.9760267734527588,0.9252063035964966,,,,,,accurate
8833,88330.0,94319.30002593994,94357.20002746582,0,37.900001525878906,6027.20002746582,88370.0,True,153,152,True,0,0,False,False,66,False,False,risk_lstm,8,0.9142134785652161,0.3009698987007141,2.21177077293396,0.8803514838218689,,,,,,accurate
8835,88350.0,94357.20002746582,94390.30002975464,0,33.10000228881836,6040.300029754639,88390.0,True,153,152,True,0,0,False,False,64,False,False,risk_lstm,8,0.9165189266204834,0.3721494972705841,2.1801412105560303,0.8759216666221619,,,,,,accurate
8837,88370.0,94390.30002975464,94431.50003051758,0,41.20000076293945,6061.500030517578,88410.0,True,154,153,True,0,0,False,False,62,False,False,risk_lstm,8,0.9054625630378723,0.39408865571022034,2.183363199234009,0.8769291639328003,,,,,,accurate
8840,88400.0,94431.50003051758,94459.50003051758,0,28.0,6059.500030517578,88440.0,True,154,153,True,0,0,False,False,59,False,False,risk_lstm,8,0.9069918394088745,0.3740277588367462,2.062133312225342,0.9006419777870178,,,,,,accurate
8842,88420.0,94459.50003051758,94493.1000289917,0,33.599998474121094,6073.100028991699,88460.0,True,155,154,True,0,0,False,False,57,False,False,risk_lstm,8,0.9059950113296509,0.3800162672996521,2.19637131690979,0.8765040040016174,,,,,,accurate
8843,88430.0,94493.1000289917,94521.600025177,0,28.499996185302734,6091.600025177002,88470.0,True,156,155,True,0,0,False,False,56,False,False,risk_lstm,8,0.9265926480293274,0.3838082253932953,2.140679121017456,0.8744200468063354,,,,,,accurate
8845,88450.0,94521.600025177,94557.30002975464,0,35.70000457763672,6107.300029754639,88490.0,True,156,155,True,1,1,False,False,54,False,False,risk_lstm,8,0.9127276539802551,0.3569432199001312,2.221597909927368,0.8693411946296692,,,,,,accurate
8846,88460.0,94557.30002975464,94589.90002822876,0,32.599998474121094,6129.90002822876,88500.0,True,157,156,True,1,1,False,False,53,False,False,risk_lstm,8,0.9133208394050598,0.4098544120788574,2.1905219554901123,0.8677431344985962,,,,,,accurate
8847,88470.0,94589.90002822876,94634.20002746582,0,44.29999923706055,6164.20002746582,88510.0,True,157,156,True,0,0,False,False,52,False,False,risk_lstm,8,0.8919827342033386,0.43427690863609314,2.1560041904449463,0.8709810376167297,,,,,,accurate
8848,88480.0,94634.20002746582,94667.00002288818,0,32.79999542236328,6187.000022888184,88520.0,True,158,157,True,1,1,False,False,51,False,False,risk_lstm,8,0.9141243100166321,0.42145150899887085,2.1568009853363037,0.8692331314086914,,,,,,accurate
8849,88490.0,94667.00002288818,94691.20001983643,0,24.199996948242188,6201.200019836426,88530.0,True,159,158,True,0,0,False,False,50,False,False,risk_lstm,8,0.9019036889076233,0.33381497859954834,1.9375301599502563,0.9317752718925476,,,,,,accurate
8852,88520.0,94691.20001983643,94727.80002212524,0,36.60000228881836,6207.800022125244,88560.0,True,160,159,True,1,1,False,False,47,False,False,risk_lstm,8,0.8724238276481628,0.3732224106788635,2.0843091011047363,0.8924792408943176,,,,,,accurate
8855,88550.0,94727.80002212524,94779.20001983643,0,51.39999771118164,6229.200019836426,88590.0,True,160,159,True,0,0,False,False,44,False,False,risk_lstm,8,0.8211236000061035,0.411548912525177,1.847689151763916,0.8944222927093506,,,,,,accurate
8856,88560.0,94779.20001983643,94808.90002059937,0,29.700000762939453,6248.900020599365,88600.0,True,161,160,True,0,0,False,False,43,False,False,risk_lstm,8,0.9301046133041382,0.3203374147415161,2.1335079669952393,0.8775240778923035,,,,,,accurate
8857,88570.0,94808.90002059937,94840.10001754761,0,31.199996948242188,6270.100017547607,88610.0,True,161,160,True,0,0,False,False,42,False,False,risk_lstm,8,0.9346583485603333,0.33209025859832764,2.1641416549682617,0.8703659772872925,,,,,,accurate
8860,88600.0,94840.10001754761,94873.10001754761,0,33.0,6273.100017547607,88640.0,True,162,161,True,0,0,False,False,39,False,False,risk_lstm,8,0.879938006401062,0.32194405794143677,2.1068313121795654,0.8906198143959045,,,,,,accurate
8861,88610.0,94873.10001754761,94906.30001831055,0,33.20000076293945,6296.300018310547,88650.0,True,162,161,True,0,0,False,False,38,False,False,risk_lstm,8,0.9130642414093018,0.3423140048980713,2.1660029888153076,0.8819734454154968,,,,,,accurate
8863,88630.0,94906.30001831055,94937.70001983643,0,31.400001525878906,6307.700019836426,88670.0,True,163,162,True,0,0,False,False,36,False,False,risk_lstm,8,0.8892396092414856,0.3319505751132965,2.1661813259124756,0.8870497941970825,,,,,,accurate
8864,88640.0,94937.70001983643,94963.50001907349,0,25.799999237060547,6323.500019073486,88680.0,True,164,163,True,0,0,False,False,35,False,False,risk_lstm,8,0.9121523499488831,0.36739999055862427,2.115062713623047,0.8913478851318359,,,,,,accurate
8865,88650.0,94963.50001907349,94998.50001907349,0,35.0,6348.500019073486,88690.0,True,164,163,True,0,0,False,False,34,False,False,risk_lstm,8,0.9236746430397034,0.4367460310459137,2.1307268142700195,0.8718123435974121,,,,,,accurate
8869,88690.0,94998.50001907349,95028.00001907349,0,29.5,6338.000019073486,88730.0,True,164,163,True,1,1,False,False,30,False,False,risk_lstm,8,0.8989917635917664,0.4281146228313446,2.053445816040039,0.888317346572876,,,,,,accurate
8876,88760.0,95028.00001907349,95061.90002441406,0,33.90000534057617,6301.9000244140625,88800.0,True,163,162,True,0,0,False,False,23,False,False,risk_lstm,8,0.8924345374107361,0.42979341745376587,2.0751824378967285,0.8776913285255432,,,,,,accurate
8880,88800.0,95061.90002441406,95098.20002365112,0,36.29999923706055,6298.200023651123,88840.0,True,162,161,True,0,0,False,False,19,False,False,risk_lstm,8,0.8647521734237671,0.41403940320014954,1.9987443685531616,0.8867729902267456,,,,,,accurate
8883,88830.0,95098.20002365112,95144.00002288818,0,45.79999923706055,6314.000022888184,88870.0,True,163,162,True,1,1,False,False,16,False,False,risk_lstm,8,0.8266443014144897,0.42485952377319336,1.8668698072433472,0.8869091272354126,,,,,,accurate
8884,88840.0,95144.00002288818,95170.00002288818,0,26.0,6330.000022888184,88880.0,True,163,162,True,1,1,False,False,15,False,False,risk_lstm,8,0.9545553922653198,0.2504545748233795,2.1586616039276123,0.904155969619751,,,,,,accurate
8886,88860.0,95170.00002288818,95199.100025177,0,29.10000228881836,6339.100025177002,88900.0,True,163,162,True,1,1,False,False,13,False,False,risk_lstm,8,0.9245733618736267,0.26981353759765625,2.1061196327209473,0.8895031213760376,,,,,,accurate
8887,88870.0,95199.100025177,95236.70002365112,0,37.599998474121094,6366.700023651123,88910.0,True,164,163,True,0,0,False,False,12,False,False,risk_lstm,8,0.89467453956604,0.335188627243042,2.15423583984375,0.8871784210205078,,,,,,accurate
8889,88890.0,95236.70002365112,95264.30002593994,0,27.60000228881836,6374.300025939941,88930.0,True,165,164,True,0,0,False,False,10,False,False,risk_lstm,8,0.9486112594604492,0.2736533582210541,2.08026123046875,0.9051325917243958,,,,,,accurate
8890,88900.0,95264.30002593994,95296.30002593994,0,32.0,6396.300025939941,88940.0,True,165,164,True,0,0,False,False,9,False,False,risk_lstm,8,0.9437903761863708,0.2828291058540344,2.145402431488037,0.8771598935127258,,,,,,accurate
8891,88910.0,95296.30002593994,95322.00002670288,0,25.700000762939453,6412.000026702881,88950.0,True,166,165,True,0,0,False,False,8,False,False,risk_lstm,8,0.9260212779045105,0.22788144648075104,2.0867841243743896,0.9059538245201111,,,,,,accurate
8893,88930.0,95322.00002670288,95354.70002746582,0,32.70000076293945,6424.70002746582,88970.0,True,166,165,True,0,0,False,False,6,False,False,risk_lstm,8,0.9358383417129517,0.2738390862941742,2.1737444400787354,0.8762315511703491,,,,,,accurate
8894,88940.0,95354.70002746582,95389.80002593994,0,35.099998474121094,6449.800025939941,88980.0,True,167,166,True,1,1,False,False,5,False,False,risk_lstm,8,0.9249601364135742,0.2760205566883087,2.236743927001953,0.8793115019798279,,,,,,accurate
8896,88960.0,95389.80002593994,95422.1000289917,0,32.30000305175781,6462.100028991699,89000.0,True,167,166,True,0,0,False,False,3,False,False,risk_lstm,8,0.9102150201797485,0.3241204619407654,2.069035053253174,0.9018871784210205,,,,,,accurate
8898,88980.0,95422.1000289917,95459.40003204346,0,37.30000305175781,6479.400032043457,89020.0,True,168,167,True,1,1,False,False,1,True,False,risk_lstm,8,0.8767985701560974,0.30527982115745544,2.1388163566589355,0.8901148438453674,,,,,,accurate
8901,89010.0,95459.40003204346,95490.20003128052,0,30.799999237060547,6480.200031280518,89050.0,True,168,167,True,0,0,False,False,98,False,False,risk_lstm,8,0.9182407855987549,0.35652148723602295,2.1608126163482666,0.8803979754447937,,,,,,accurate
8902,89020.0,95490.20003128052,95516.20003128052,0,26.0,6496.200031280518,89060.0,True,169,168,True,0,0,False,False,97,False,False,risk_lstm,8,0.9421855807304382,0.26757174730300903,2.041747808456421,0.9089022874832153,,,,,,accurate
8903,89030.0,95516.20003128052,95548.40002822876,0,32.19999694824219,6518.40002822876,89070.0,True,170,169,True,0,0,False,False,96,False,False,risk_lstm,8,0.9201635122299194,0.2842754125595093,2.2197439670562744,0.8774416446685791,,,,,,accurate
8904,89040.0,95548.40002822876,95574.20002746582,0,25.799999237060547,6534.20002746582,89080.0,True,170,169,True,0,0,False,False,95,False,False,risk_lstm,8,0.9369692802429199,0.28456151485443115,2.0549564361572266,0.9126209020614624,,,,,,accurate
8905,89050.0,95574.20002746582,95606.70002746582,0,32.5,6556.70002746582,89090.0,True,171,170,True,0,0,False,False,94,False,False,risk_lstm,8,0.920872688293457,0.31825581192970276,2.1177680492401123,0.8855370879173279,,,,,,accurate
8906,89060.0,95606.70002746582,95636.90002822876,0,30.200000762939453,6576.90002822876,89100.0,True,172,171,True,0,0,False,False,93,False,False,risk_lstm,8,0.9160579442977905,0.3009803593158722,2.0671589374542236,0.89329594373703,,,,,,accurate
8908,89080.0,95636.90002822876,95674.20002746582,0,37.29999923706055,6594.20002746582,89120.0,True,172,171,True,0,0,False,False,91,False,False,risk_lstm,8,0.9075236916542053,0.31097212433815,2.176828145980835,0.883280336856842,,,,,,accurate
8912,89120.0,95674.20002746582,95731.80002593994,0,57.599998474121094,6611.800025939941,89160.0,True,172,171,True,1,1,False,False,87,False,False,risk_lstm,8,0.9512883424758911,0.2945927083492279,2.2292063236236572,0.8666830658912659,,,,,,accurate
8915,89150.0,95731.80002593994,95752.40002441406,0,20.599998474121094,6602.4000244140625,89190.0,True,172,171,True,1,1,False,False,84,False,False,risk_lstm,8,0.8480790853500366,0.14600428938865662,1.996093511581421,0.9281337857246399,,,,,,accurate
8916,89160.0,95752.40002441406,95781.50002288818,0,29.099998474121094,6621.500022888184,89200.0,True,173,172,True,0,0,False,False,83,False,False,risk_lstm,8,0.9474741220474243,0.17655766010284424,1.9742966890335083,0.9226382970809937,,,,,,accurate
8917,89170.0,95781.50002288818,95811.90002441406,0,30.400001525878906,6641.9000244140625,89210.0,True,174,173,True,0,0,False,False,82,False,False,risk_lstm,8,0.9518162608146667,0.20050540566444397,2.141900062561035,0.875689685344696,,,,,,accurate
8920,89200.0,95811.90002441406,95844.600025177,0,32.70000076293945,6644.600025177002,89240.0,True,174,173,True,0,0,False,False,79,False,False,risk_lstm,8,0.9397884607315063,0.2785149812698364,2.1918604373931885,0.8828946352005005,,,,,,accurate
8923,89230.0,95844.600025177,95879.80002212524,0,35.19999694824219,6649.800022125244,89270.0,True,174,173,True,0,0,False,False,76,False,False,risk_lstm,8,0.9373686909675598,0.2472597360610962,2.230726718902588,0.8819448947906494,,,,,,accurate
8925,89250.0,95879.80002212524,95916.50001907349,0,36.69999694824219,6666.500019073486,89290.0,True,174,173,True,1,1,False,False,74,False,False,risk_lstm,8,0.9039236903190613,0.2911551296710968,2.104306697845459,0.8963963389396667,,,,,,accurate
8926,89260.0,95916.50001907349,96022.30002212524,0,105.80000305175781,6762.300022125244,89300.0,True,175,174,True,1,1,False,False,73,False,False,risk_lstm,8,0.9596706628799438,0.18423859775066376,2.0958945751190186,0.909058153629303,,,,,,accurate
8931,89310.0,96022.30002212524,96093.00001907349,0,70.69999694824219,6783.000019073486,89350.0,True,175,174,True,0,0,False,False,68,False,False,risk_lstm,8,0.9475189447402954,0.23054371774196625,2.2193517684936523,0.873691737651825,,,,,,accurate
8937,89370.0,96093.00001907349,96134.00001907349,0,41.0,6764.000019073486,89410.0,True,175,174,True,0,0,False,False,62,False,False,risk_lstm,8,0.9364686608314514,0.25974032282829285,2.03296160697937,0.9085992574691772,,,,,,accurate
8938,89380.0,96134.00001907349,96191.60001754761,0,57.599998474121094,6811.600017547607,89420.0,True,176,175,True,1,1,False,False,61,False,False,risk_lstm,8,0.9336614012718201,0.3459886610507965,2.119497537612915,0.8731885552406311,,,,,,accurate
8942,89420.0,96191.60001754761,96233.30001831055,0,41.70000076293945,6813.300018310547,89460.0,True,176,175,True,0,0,False,False,57,False,False,risk_lstm,8,0.9474287629127502,0.2482706606388092,2.108067750930786,0.9046176075935364,,,,,,accurate
8944,89440.0,96233.30001831055,96307.70001983643,0,74.4000015258789,6867.700019836426,89480.0,True,177,176,True,0,0,False,False,55,False,False,risk_lstm,8,0.9345346093177795,0.2861001789569855,2.1709060668945312,0.8707499504089355,,,,,,accurate
8945,89450.0,96307.70001983643,96357.40002059937,0,49.70000076293945,6907.400020599365,89490.0,True,178,177,True,1,1,False,False,54,False,False,risk_lstm,8,0.9434695839881897,0.24825423955917358,2.183293104171753,0.8741332292556763,,,,,,accurate
8946,89460.0,96357.40002059937,96402.30002212524,0,44.900001525878906,6942.300022125244,89500.0,True,178,177,True,1,1,False,False,53,False,False,risk_lstm,8,0.9186838865280151,0.3235258162021637,2.202477216720581,0.8789936900138855,,,,,,accurate
8948,89480.0,96402.30002212524,96462.80002212524,0,60.5,6982.800022125244,89520.0,True,179,178,True,0,0,False,False,51,False,False,risk_lstm,8,0.903870701789856,0.4090912640094757,2.149839162826538,0.8819306492805481,,,,,,accurate
8949,89490.0,96462.80002212524,96516.80002212524,0,54.0,7026.800022125244,89530.0,True,179,178,True,0,0,False,False,50,False,False,risk_lstm,8,0.9137517213821411,0.3649575412273407,2.2162764072418213,0.8708275556564331,,,,,,accurate
8951,89510.0,96516.80002212524,96553.00002288818,0,36.20000076293945,7043.000022888184,89550.0,True,180,179,True,0,0,False,False,48,False,False,risk_lstm,8,0.9261303544044495,0.33323681354522705,1.9956696033477783,0.9170345067977905,,,,,,accurate
8952,89520.0,96553.00002288818,96597.600025177,0,44.60000228881836,7077.600025177002,89560.0,True,181,180,True,0,0,False,False,47,False,False,risk_lstm,8,0.9162015914916992,0.32938987016677856,2.053112030029297,0.9012534022331238,,,,,,accurate
8953,89530.0,96597.600025177,96649.6000213623,0,51.999996185302734,7119.600021362305,89570.0,True,181,180,True,1,1,False,False,46,False,False,risk_lstm,8,0.916487991809845,0.32812660932540894,2.0141870975494385,0.9063394069671631,,,,,,accurate
8954,89540.0,96649.6000213623,96702.20002365112,0,52.60000228881836,7162.200023651123,89580.0,True,182,181,True,1,1,False,False,45,False,False,risk_lstm,8,0.9372274279594421,0.3137606084346771,2.0867340564727783,0.8799669742584229,,,,,,accurate
8955,89550.0,96702.20002365112,96752.20001983643,0,49.999996185302734,7202.200019836426,89590.0,True,183,182,True,1,1,False,False,44,False,False,risk_lstm,8,0.9353936910629272,0.2867162525653839,2.1531472206115723,0.8698144555091858,,,,,,accurate
8959,89590.0,96752.20001983643,96855.90001678467,0,103.69999694824219,7265.900016784668,89630.0,True,183,182,True,0,0,False,False,40,False,False,risk_lstm,8,0.8829591274261475,0.32996612787246704,2.0938591957092285,0.8880968689918518,,,,,,accurate
8962,89620.0,96855.90001678467,96889.30002212524,0,33.40000534057617,7269.300022125244,89660.0,True,183,182,True,1,1,False,False,37,False,False,risk_lstm,8,0.9244824051856995,0.28492429852485657,2.2538349628448486,0.8775948286056519,,,,,,accurate
8967,89670.0,96889.30002212524,96934.40002441406,0,45.10000228881836,7264.4000244140625,89710.0,True,182,181,True,0,0,False,False,32,False,False,risk_lstm,8,0.8749476671218872,0.2760196924209595,2.125584125518799,0.8913370966911316,,,,,,accurate
8970,89700.0,96934.40002441406,96984.100025177,0,49.70000076293945,7284.100025177002,89740.0,True,182,181,True,0,0,False,False,29,False,False,risk_lstm,8,0.9111044406890869,0.3374272286891937,2.1458818912506104,0.892108142375946,,,,,,accurate
8971,89710.0,96984.100025177,97047.90002059937,0,63.79999542236328,7337.900020599365,89750.0,True,183,182,True,0,0,False,False,28,False,False,risk_lstm,8,0.9025233387947083,0.35795164108276367,2.2144696712493896,0.8745138645172119,,,,,,accurate
8972,89720.0,97047.90002059937,97075.50002288818,0,27.60000228881836,7355.500022888184,89760.0,True,184,183,True,1,1,False,False,27,False,False,risk_lstm,8,0.9435537457466125,0.32177233695983887,2.0905654430389404,0.9060628414154053,,,,,,accurate
8973,89730.0,97075.50002288818,97135.600025177,0,60.10000228881836,7405.600025177002,89770.0,True,185,184,True,0,0,False,False,26,False,False,risk_lstm,8,0.9163115620613098,0.34825003147125244,2.237905263900757,0.8754955530166626,,,,,,accurate
8976,89760.0,97135.600025177,97183.20002365112,0,47.599998474121094,7423.200023651123,89800.0,True,185,184,True,0,0,False,False,23,False,False,risk_lstm,8,0.9196650385856628,0.35541749000549316,2.183234453201294,0.8801575303077698,,,,,,accurate
8981,89810.0,97183.20002365112,97208.00002288818,0,24.799999237060547,7398.000022888184,89850.0,True,184,183,True,0,0,False,False,18,False,False,risk_lstm,8,0.9153220653533936,0.2349948137998581,1.9356268644332886,0.9294975996017456,,,,,,accurate
8986,89860.0,97208.00002288818,97238.50002288818,0,30.5,7378.500022888184,89900.0,True,184,183,True,1,1,False,False,13,False,False,risk_lstm,8,0.9400238990783691,0.26851388812065125,2.1840691566467285,0.8785267472267151,,,,,,accurate
8988,89880.0,97238.50002288818,97288.70002365112,0,50.20000076293945,7408.700023651123,89920.0,True,184,183,True,0,0,False,False,11,False,False,risk_lstm,8,0.9349759817123413,0.2841598093509674,2.218245029449463,0.8779035210609436,,,,,,accurate
8990,89900.0,97288.70002365112,97318.20002365112,0,29.5,7418.200023651123,89940.0,True,185,184,True,1,1,False,False,9,False,False,risk_lstm,8,0.9546391367912292,0.25264155864715576,2.107210874557495,0.8877756595611572,,,,,,accurate
8998,89980.0,97318.20002365112,97358.30002593994,0,40.10000228881836,7378.300025939941,90020.0,True,184,183,True,1,1,False,False,1,True,False,risk_lstm,8,0.873910665512085,0.33485329151153564,2.0690317153930664,0.8919342756271362,,,,,,accurate
9001,90010.0,97358.30002593994,97392.600025177,0,34.29999923706055,7382.600025177002,90050.0,True,185,184,True,0,0,False,False,98,False,False,risk_lstm,8,0.9094837307929993,0.23426997661590576,1.9306249618530273,0.928767740726471,,,,,,accurate
9002,90020.0,97392.600025177,97431.90002441406,0,39.29999923706055,7411.9000244140625,90060.0,True,185,184,True,0,0,False,False,97,False,False,risk_lstm,8,0.9252567291259766,0.24328382313251495,2.2094359397888184,0.8835983276367188,,,,,,accurate
9003,90030.0,97431.90002441406,97471.20002365112,0,39.29999923706055,7441.200023651123,90070.0,True,186,185,True,0,0,False,False,96,False,False,risk_lstm,8,0.8912822604179382,0.24872802197933197,2.1322262287139893,0.8950145244598389,,,,,,accurate
9005,90050.0,97471.20002365112,97508.20002746582,0,37.000003814697266,7458.20002746582,90090.0,True,186,185,True,0,0,False,False,94,False,False,risk_lstm,8,0.9194067120552063,0.3177783191204071,2.220717430114746,0.8845678567886353,,,,,,accurate
9013,90130.0,97508.20002746582,97542.30002975464,0,34.10000228881836,7412.300029754639,90170.0,True,185,184,True,0,0,False,False,86,False,False,risk_lstm,8,0.9270915389060974,0.2892502248287201,2.2462027072906494,0.8810314536094666,,,,,,accurate
9018,90180.0,97542.30002975464,97579.6000328064,0,37.30000305175781,7399.6000328063965,90220.0,True,185,184,True,0,0,False,False,81,False,False,risk_lstm,8,0.9254629611968994,0.29398971796035767,2.174501657485962,0.8846002817153931,,,,,,accurate
9019,90190.0,97579.6000328064,97614.50003433228,0,34.900001525878906,7424.500034332275,90230.0,True,185,184,True,1,1,False,False,80,False,False,risk_lstm,8,0.9183680415153503,0.3374229371547699,2.214235782623291,0.8767716884613037,,,,,,accurate
9021,90210.0,97614.50003433228,97645.40003585815,0,30.900001525878906,7435.400035858154,90250.0,True,186,185,True,1,1,False,False,78,False,False,risk_lstm,8,0.9211788177490234,0.3662865459918976,2.2111361026763916,0.8741224408149719,,,,,,accurate
9023,90230.0,97645.40003585815,97676.90003585815,0,31.5,7446.900035858154,90270.0,True,187,186,True,1,1,False,False,76,False,False,risk_lstm,8,0.9201446175575256,0.4179738461971283,2.0916860103607178,0.8811362385749817,,,,,,accurate
9024,90240.0,97676.90003585815,97706.80003356934,0,29.89999771118164,7466.800033569336,90280.0,True,188,187,True,1,1,False,False,75,False,False,risk_lstm,8,0.9155261516571045,0.4040611684322357,2.0299837589263916,0.8817270994186401,,,,,,accurate
9026,90260.0,97706.80003356934,97733.40003204346,0,26.599998474121094,7473.400032043457,90300.0,True,189,188,True,0,0,False,False,73,False,False,risk_lstm,8,0.9353544116020203,0.3950903117656708,1.9416502714157104,0.9176302552223206,,,,,,accurate
9027,90270.0,97733.40003204346,97777.30002975464,0,43.89999771118164,7507.300029754639,90310.0,True,189,188,True,0,0,False,False,72,False,False,risk_lstm,8,0.9102603197097778,0.3492443859577179,2.153801202774048,0.8747124671936035,,,,,,accurate
9028,90280.0,97777.30002975464,97810.80002975464,0,33.5,7530.800029754639,90320.0,True,190,189,True,0,0,False,False,71,False,False,risk_lstm,8,0.9124297499656677,0.3685150742530823,2.0434913635253906,0.8958577513694763,,,,,,accurate
9030,90300.0,97810.80002975464,97845.90003204346,0,35.10000228881836,7545.900032043457,90340.0,True,191,190,True,0,0,False,False,69,False,False,risk_lstm,8,0.9461503624916077,0.3355005085468292,2.1356756687164307,0.86971515417099,,,,,,accurate
9033,90330.0,97845.90003204346,97886.6000328064,0,40.70000076293945,7556.6000328063965,90370.0,True,191,190,True,1,1,False,False,66,False,False,risk_lstm,8,0.9148157835006714,0.36761319637298584,2.182162284851074,0.8755139112472534,,,,,,accurate
9034,90340.0,97886.6000328064,97916.6000289917,0,29.999996185302734,7576.600028991699,90380.0,True,191,190,True,0,0,False,False,65,False,False,risk_lstm,8,0.9413331151008606,0.2812277376651764,2.0639472007751465,0.8973209857940674,,,,,,accurate
9039,90390.0,97916.6000289917,97944.50003051758,0,27.900001525878906,7554.500030517578,90430.0,True,191,190,True,0,0,False,False,60,False,False,risk_lstm,8,0.9413990378379822,0.3133583664894104,1.98981511592865,0.9154419302940369,,,,,,accurate
9040,90400.0,97944.50003051758,97987.40002822876,0,42.89999771118164,7587.40002822876,90440.0,True,192,191,True,0,0,False,False,59,False,False,risk_lstm,8,0.8970025181770325,0.2913435697555542,2.1335251331329346,0.8855587244033813,,,,,,accurate
9041,90410.0,97987.40002822876,98023.80002593994,0,36.39999771118164,7613.800025939941,90450.0,True,192,191,True,1,1,False,False,58,False,False,risk_lstm,8,0.9175785779953003,0.3448450267314911,2.1986711025238037,0.875777006149292,,,,,,accurate
9048,90480.0,98023.80002593994,98050.70002746582,0,26.900001525878906,7570.70002746582,90520.0,True,192,191,True,0,0,False,False,51,False,False,risk_lstm,8,0.940807044506073,0.21556998789310455,2.0449016094207764,0.9100553393363953,,,,,,accurate
9050,90500.0,98050.70002746582,98088.80002593994,0,38.099998474121094,7588.800025939941,90540.0,True,193,192,True,0,0,False,False,49,False,False,risk_lstm,8,0.8894147872924805,0.2948569655418396,2.1355786323547363,0.8927315473556519,,,,,,accurate
9057,90570.0,98088.80002593994,98133.40002441406,0,44.599998474121094,7563.4000244140625,90610.0,True,193,192,True,0,0,False,False,42,False,False,risk_lstm,8,0.8706531524658203,0.28327715396881104,2.094994306564331,0.892360508441925,,,,,,accurate
9059,90590.0,98133.40002441406,98159.600025177,0,26.200000762939453,7569.600025177002,90630.0,True,193,192,True,0,0,False,False,40,False,False,risk_lstm,8,0.9105733633041382,0.26948773860931396,1.9621825218200684,0.9239124655723572,,,,,,accurate
9063,90630.0,98159.600025177,98197.90002441406,0,38.29999923706055,7567.9000244140625,90670.0,True,193,192,True,1,1,False,False,36,False,False,risk_lstm,8,0.9313594102859497,0.24256554245948792,2.2136943340301514,0.8815361261367798,,,,,,accurate
9067,90670.0,98197.90002441406,98228.50002288818,0,30.599998474121094,7558.500022888184,90710.0,True,193,192,True,1,1,False,False,32,False,False,risk_lstm,8,0.9300560355186462,0.28902244567871094,2.006000280380249,0.9186990261077881,,,,,,accurate
9069,90690.0,98228.50002288818,98275.600025177,0,47.10000228881836,7585.600025177002,90730.0,True,193,192,True,0,0,False,False,30,False,False,risk_lstm,8,0.9319829344749451,0.2604750096797943,2.225062370300293,0.8772478699684143,,,,,,accurate
9073,90730.0,98275.600025177,98309.30002212524,0,33.69999694824219,7579.300022125244,90770.0,True,194,193,True,1,1,False,False,26,False,False,risk_lstm,8,0.9298288226127625,0.2833479046821594,2.2010576725006104,0.8814809322357178,,,,,,accurate
9074,90740.0,98309.30002212524,98352.70001983643,0,43.39999771118164,7612.700019836426,90780.0,True,194,193,True,0,0,False,False,25,False,False,risk_lstm,8,0.9084276556968689,0.31248927116394043,2.2243096828460693,0.8801706433296204,,,,,,accurate
9077,90770.0,98352.70001983643,98383.6000213623,0,30.900001525878906,7613.600021362305,90810.0,True,195,194,True,1,1,False,False,22,False,False,risk_lstm,8,0.9270521998405457,0.3481690287590027,2.103419065475464,0.8876225352287292,,,,,,accurate
9078,90780.0,98383.6000213623,98420.30002593994,0,36.70000457763672,7640.300025939941,90820.0,True,195,194,True,0,0,False,False,21,False,False,risk_lstm,8,0.9345459938049316,0.32114705443382263,2.2243611812591553,0.8681905269622803,,,,,,accurate
9087,90870.0,98420.30002593994,98454.90002441406,0,34.599998474121094,7584.9000244140625,90910.0,True,194,193,True,0,0,False,False,12,False,False,risk_lstm,8,0.8972460627555847,0.40170469880104065,2.1684176921844482,0.8749253153800964,,,,,,accurate
9088,90880.0,98454.90002441406,98482.00002288818,0,27.099998474121094,7602.000022888184,90920.0,True,195,194,True,0,0,False,False,11,False,False,risk_lstm,8,0.9224461317062378,0.33105894923210144,1.955831527709961,0.9196032285690308,,,,,,accurate
9092,90920.0,98482.00002288818,98511.20002365112,0,29.200000762939453,7591.200023651123,90960.0,True,195,194,True,0,0,False,False,7,False,False,risk_lstm,8,0.9406543970108032,0.3137601613998413,2.0657336711883545,0.8992225527763367,,,,,,accurate
9093,90930.0,98511.20002365112,98550.00002288818,0,38.79999923706055,7620.000022888184,90970.0,True,196,195,True,0,0,False,False,6,False,False,risk_lstm,8,0.872683048248291,0.3529464304447174,2.037782907485962,0.8860387206077576,,,,,,accurate
9094,90940.0,98550.00002288818,98603.50002288818,0,53.5,7663.500022888184,90980.0,True,196,195,True,0,0,False,False,5,False,False,risk_lstm,8,0.8714966177940369,0.3148374557495117,2.116766929626465,0.8927517533302307,,,,,,accurate
9095,90950.0,98603.50002288818,98636.70002365112,0,33.20000076293945,7686.700023651123,90990.0,True,197,196,True,1,1,False,False,4,False,False,risk_lstm,8,0.9244292974472046,0.25215452909469604,2.0891544818878174,0.9026983380317688,,,,,,accurate
9096,90960.0,98636.70002365112,98678.00002288818,0,41.29999923706055,7718.000022888184,91000.0,True,198,197,True,0,0,False,False,3,False,False,risk_lstm,8,0.8704385757446289,0.29928845167160034,2.0821444988250732,0.8916614055633545,,,,,,accurate
9098,90980.0,98678.00002288818,98703.30002212524,0,25.299999237060547,7723.300022125244,91020.0,True,199,198,True,0,0,False,False,1,True,False,risk_lstm,8,0.9237533807754517,0.1906917542219162,2.028811454772949,0.9241212606430054,,,,,,accurate
9099,90990.0,98703.30002212524,98729.90002059937,0,26.599998474121094,7739.900020599365,91030.0,True,199,198,True,0,0,False,True,0,True,False,risk_lstm,8,0.9471248388290405,0.22435517609119415,2.1339757442474365,0.8842939734458923,,,,,,accurate
9103,91030.0,98729.90002059937,98760.30001831055,0,30.39999771118164,7730.300018310547,91070.0,True,199,198,True,0,0,False,False,96,False,False,risk_lstm,8,0.9292305111885071,0.27060773968696594,2.2178256511688232,0.8821167349815369,,,,,,accurate
9104,91040.0,98760.30001831055,98791.40002059937,0,31.10000228881836,7751.400020599365,91080.0,True,199,198,True,1,1,False,False,95,False,False,risk_lstm,8,0.9272079467773438,0.2921329736709595,2.2240312099456787,0.8790528774261475,,,,,,accurate
9106,91060.0,98791.40002059937,98820.70001983643,0,29.299999237060547,7760.700019836426,91100.0,True,200,199,True,0,0,False,False,93,False,False,risk_lstm,8,0.9430476427078247,0.24610860645771027,2.0869250297546387,0.8993143439292908,,,,,,accurate
9108,91080.0,98820.70001983643,98844.40002059937,0,23.700000762939453,7764.400020599365,91120.0,True,201,200,True,0,0,False,False,91,False,False,risk_lstm,8,0.9623648524284363,0.12184064835309982,2.116450071334839,0.9118119478225708,,,,,,accurate
9111,91110.0,98844.40002059937,98869.30001831055,0,24.89999771118164,7759.300018310547,91150.0,True,201,200,True,0,0,False,False,88,False,False,risk_lstm,8,0.9202165007591248,0.2213786244392395,2.0494742393493652,0.9114583730697632,,,,,,accurate
9112,91120.0,98869.30001831055,98898.50001907349,0,29.200000762939453,7778.500019073486,91160.0,True,201,200,True,1,1,False,False,87,False,False,risk_lstm,8,0.9541799426078796,0.2180340439081192,2.148113965988159,0.8735222220420837,,,,,,accurate
9113,91130.0,98898.50001907349,98935.40001678467,0,36.89999771118164,7805.400016784668,91170.0,True,202,201,True,0,0,False,False,86,False,False,risk_lstm,8,0.9559026956558228,0.262844979763031,2.0915253162384033,0.8837064504623413,,,,,,accurate
9114,91140.0,98935.40001678467,98983.10001373291,0,47.69999694824219,7843.10001373291,91180.0,True,203,202,True,0,0,False,False,85,False,False,risk_lstm,8,0.911774218082428,0.292804092168808,2.143125534057617,0.875518798828125,,,,,,accurate
9116,91160.0,98983.10001373291,99019.00001525879,0,35.900001525878906,7859.000015258789,91200.0,True,203,202,True,0,0,False,False,83,False,False,risk_lstm,8,0.9304052591323853,0.29797881841659546,2.1898298263549805,0.8763735294342041,,,,,,accurate
9121,91210.0,99019.00001525879,99071.30001068115,0,52.29999542236328,7861.300010681152,91250.0,True,203,202,True,1,1,False,False,78,False,False,risk_lstm,8,0.9281678199768066,0.2869361937046051,2.1050281524658203,0.890749990940094,,,,,,accurate
9123,91230.0,99071.30001068115,99136.60001373291,0,65.30000305175781,7906.60001373291,91270.0,True,203,202,True,1,1,False,False,76,False,False,risk_lstm,8,0.8520328998565674,0.32155919075012207,1.933456301689148,0.8899181485176086,,,,,,accurate
9126,91260.0,99136.60001373291,99181.40001296997,0,44.79999923706055,7921.400012969971,91300.0,True,203,202,True,1,1,False,False,73,False,False,risk_lstm,8,0.8742609620094299,0.3395746350288391,2.175265073776245,0.8881417512893677,,,,,,accurate
9131,91310.0,99181.40001296997,99210.10001373291,0,28.700000762939453,7900.10001373291,91350.0,True,203,202,True,0,0,False,False,68,False,False,risk_lstm,8,0.9035555720329285,0.316537469625473,1.9516955614089966,0.9251285791397095,,,,,,accurate
9134,91340.0,99210.10001373291,99263.90001678467,0,53.80000305175781,7923.900016784668,91380.0,True,203,202,True,0,0,False,False,65,False,False,risk_lstm,8,0.8774980902671814,0.3094464838504791,2.1135916709899902,0.8927106261253357,,,,,,accurate
9142,91420.0,99263.90001678467,99298.00001525879,0,34.099998474121094,7878.000015258789,91460.0,True,202,201,True,0,0,False,False,57,False,False,risk_lstm,8,0.9209309220314026,0.2820156514644623,2.0431182384490967,0.9154309034347534,,,,,,accurate
9145,91450.0,99298.00001525879,99325.80001831055,0,27.800003051757812,7875.800018310547,91490.0,True,202,201,True,0,0,False,False,54,False,False,risk_lstm,8,0.9310967326164246,0.2241479456424713,1.9303089380264282,0.9234355092048645,,,,,,accurate
9146,91460.0,99325.80001831055,99354.80001449585,0,28.999996185302734,7894.80001449585,91500.0,True,203,202,True,1,1,False,False,53,False,False,risk_lstm,8,0.9458847045898438,0.19745904207229614,2.1472678184509277,0.879101037979126,,,,,,accurate
9147,91470.0,99354.80001449585,99410.70001220703,0,55.89999771118164,7940.700012207031,91510.0,True,204,203,True,0,0,False,False,52,False,False,risk_lstm,8,0.9380812644958496,0.24595347046852112,2.2189176082611084,0.8744808435440063,,,,,,accurate
9148,91480.0,99410.70001220703,99521.80001831055,0,111.10000610351562,8041.800018310547,91520.0,True,205,204,True,1,1,False,False,51,False,False,risk_lstm,8,0.9411600232124329,0.2265741229057312,2.245447874069214,0.8766166567802429,,,,,,accurate
9150,91500.0,99521.80001831055,99552.70001602173,0,30.89999771118164,8052.7000160217285,91540.0,True,205,204,True,0,0,False,False,49,False,False,risk_lstm,8,0.9331134557723999,0.25092604756355286,2.1071410179138184,0.8881666660308838,,,,,,accurate
9152,91520.0,99552.70001602173,99592.10001754761,0,39.400001525878906,8072.100017547607,91560.0,True,206,205,True,1,1,False,False,47,False,False,risk_lstm,8,0.9136788845062256,0.3112134635448456,2.0905492305755615,0.8913414478302002,,,,,,accurate
9154,91540.0,99592.10001754761,99618.20001602173,0,26.099998474121094,8078.2000160217285,91580.0,True,206,205,True,0,0,False,False,45,False,False,risk_lstm,8,0.9328281283378601,0.2676548361778259,2.026160717010498,0.9102782011032104,,,,,,accurate
9155,91550.0,99618.20001602173,99640.80001068115,0,22.599994659423828,8090.800010681152,91590.0,True,207,206,True,0,0,False,False,44,False,False,risk_lstm,8,0.9019559621810913,0.264543354511261,1.9617412090301514,0.9343405961990356,,,,,,accurate
9156,91560.0,99640.80001068115,99670.70000839233,0,29.89999771118164,8110.700008392334,91600.0,True,207,206,True,0,0,False,False,43,False,False,risk_lstm,8,0.9521659016609192,0.2518021762371063,2.1466243267059326,0.8690496683120728,,,,,,accurate
9164,91640.0,99670.70000839233,99696.60000991821,0,25.900001525878906,8056.600009918213,91680.0,True,206,205,True,0,0,False,False,35,False,False,risk_lstm,8,0.9506752490997314,0.23752188682556152,2.0972015857696533,0.8963066339492798,,,,,,accurate
9166,91660.0,99696.60000991821,99756.70000839233,0,60.099998474121094,8096.700008392334,91700.0,True,207,206,True,0,0,False,False,33,False,False,risk_lstm,8,0.9218752980232239,0.332481324672699,2.1045165061950684,0.8832775354385376,,,,,,accurate
9173,91730.0,99756.70000839233,99784.5000038147,0,27.79999542236328,8054.500003814697,91770.0,True,206,205,True,0,0,False,False,26,False,False,risk_lstm,8,0.935745120048523,0.2798195779323578,2.0329537391662598,0.9102963805198669,,,,,,accurate
9177,91770.0,99784.5000038147,99810.70000076294,0,26.199996948242188,8040.700000762939,91810.0,True,206,205,True,1,1,False,False,22,False,False,risk_lstm,8,0.9366199374198914,0.25062108039855957,2.0109572410583496,0.9288365244865417,,,,,,accurate
9180,91800.0,99810.70000076294,99945.5000038147,0,134.8000030517578,8145.500003814697,91840.0,True,207,206,True,1,1,False,False,19,False,False,risk_lstm,8,0.949053943157196,0.2210313230752945,2.149265766143799,0.8721485137939453,,,,,,accurate
9181,91810.0,99945.5000038147,99973.0,0,27.499996185302734,8163.0,91850.0,True,207,206,True,0,0,False,False,18,False,False,risk_lstm,8,0.9359567761421204,0.22500674426555634,2.0338661670684814,0.9185739159584045,,,,,,accurate
9182,91820.0,99973.0,100009.29999923706,0,36.29999923706055,8189.299999237061,91860.0,True,208,207,True,1,1,False,False,17,False,False,risk_lstm,8,0.9364572763442993,0.24623726308345795,2.085348606109619,0.8918472528457642,,,,,,accurate
9185,91850.0,100009.29999923706,100045.59999847412,0,36.29999923706055,8195.599998474121,91890.0,True,209,208,True,0,0,False,False,14,False,False,risk_lstm,8,0.9398543238639832,0.26780959963798523,2.154857635498047,0.8780320882797241,,,,,,accurate
9187,91870.0,100045.59999847412,100090.09999847412,0,44.5,8220.099998474121,91910.0,True,210,209,True,0,0,False,False,12,False,False,risk_lstm,8,0.8972325921058655,0.30712610483169556,2.178490400314331,0.8843015432357788,,,,,,accurate
9189,91890.0,100090.09999847412,100121.79999923706,0,31.700000762939453,8231.79999923706,91930.0,True,211,210,True,0,0,False,False,10,False,False,risk_lstm,8,0.9285460114479065,0.28012946248054504,2.2149276733398438,0.8803991079330444,,,,,,accurate
9192,91920.0,100121.79999923706,100149.70000076294,0,27.900001525878906,8229.70000076294,91960.0,True,211,210,True,0,0,False,False,7,False,False,risk_lstm,8,0.9427051544189453,0.22560544312000275,2.028186798095703,0.9174426794052124,,,,,,accurate
9199,91990.0,100149.70000076294,100184.10000228882,0,34.400001525878906,8194.100002288818,92030.0,True,210,209,True,0,0,False,True,0,True,False,risk_lstm,8,0.9239033460617065,0.33833223581314087,2.201077461242676,0.8767508268356323,,,,,,accurate
9205,92050.0,100184.10000228882,100242.10000228882,0,58.0,8192.100002288818,92090.0,True,210,209,True,0,0,False,False,94,False,False,risk_lstm,8,0.9146435856819153,0.3418673872947693,2.114680051803589,0.8876564502716064,,,,,,accurate
9206,92060.0,100242.10000228882,100342.40000534058,0,100.30000305175781,8282.400005340576,92100.0,True,211,210,True,0,0,False,False,93,False,False,risk_lstm,8,0.9130199551582336,0.38161930441856384,2.199780225753784,0.873400092124939,,,,,,accurate
9208,92080.0,100342.40000534058,100366.80000305176,0,24.39999771118164,8286.800003051758,92120.0,True,212,211,True,1,1,False,False,91,False,False,risk_lstm,8,0.8942797780036926,0.17827653884887695,1.9505250453948975,0.9230391979217529,,,,,,accurate
9212,92120.0,100366.80000305176,100394.70000076294,0,27.89999771118164,8274.70000076294,92160.0,True,212,211,True,0,0,False,False,87,False,False,risk_lstm,8,0.953606367111206,0.2502704858779907,2.203082799911499,0.8748880624771118,,,,,,accurate
9214,92140.0,100394.70000076294,100417.60000228882,0,22.900001525878906,8277.600002288818,92180.0,True,213,212,True,1,1,False,False,85,False,False,risk_lstm,8,0.9382015466690063,0.17118099331855774,1.9824436902999878,0.9209165573120117,,,,,,accurate
9218,92180.0,100417.60000228882,100440.5000076294,0,22.900005340576172,8260.500007629395,92220.0,True,213,212,True,0,0,False,False,81,False,False,risk_lstm,8,0.8711478114128113,0.15085962414741516,1.9956910610198975,0.9341723322868347,,,,,,accurate
9220,92200.0,100440.5000076294,100485.80000686646,0,45.29999923706055,8285.800006866455,92240.0,True,214,213,True,1,1,False,False,79,False,False,risk_lstm,8,0.9413919448852539,0.20756950974464417,2.1556098461151123,0.8805616497993469,,,,,,accurate
9221,92210.0,100485.80000686646,100521.0000076294,0,35.20000076293945,8311.000007629395,92250.0,True,214,213,True,0,0,False,False,78,False,False,risk_lstm,8,0.9527019262313843,0.20226271450519562,2.0661845207214355,0.9031301736831665,,,,,,accurate
9223,92230.0,100521.0000076294,100563.70001220703,0,42.70000457763672,8333.700012207031,92270.0,True,215,214,True,0,0,False,False,76,False,False,risk_lstm,8,0.9359469413757324,0.26215094327926636,2.117044448852539,0.8819085359573364,,,,,,accurate
9227,92270.0,100563.70001220703,100592.90001296997,0,29.200000762939453,8322.90001296997,92310.0,True,215,214,True,0,0,False,False,72,False,False,risk_lstm,8,0.9430226683616638,0.19527778029441833,2.017744779586792,0.9160501956939697,,,,,,accurate
9228,92280.0,100592.90001296997,100633.30001068115,0,40.39999771118164,8353.300010681152,92320.0,True,215,214,True,0,0,False,False,71,False,False,risk_lstm,8,0.9463348388671875,0.22126318514347076,2.126680612564087,0.8825795650482178,,,,,,accurate
9229,92290.0,100633.30001068115,100667.40001296997,0,34.10000228881836,8377.40001296997,92330.0,True,216,215,True,1,1,False,False,70,False,False,risk_lstm,8,0.9436214566230774,0.22502700984477997,2.184995412826538,0.8707919716835022,,,,,,accurate
9230,92300.0,100667.40001296997,100700.60001373291,0,33.20000076293945,8400.60001373291,92340.0,True,217,216,True,1,1,False,False,69,False,False,risk_lstm,8,0.9387747645378113,0.24758270382881165,2.0329971313476562,0.9106733798980713,,,,,,accurate
9231,92310.0,100700.60001373291,100726.30001449585,0,25.700000762939453,8416.30001449585,92350.0,True,218,217,True,0,0,False,False,68,False,False,risk_lstm,8,0.9354299902915955,0.2134704440832138,1.9741816520690918,0.9240431785583496,,,,,,accurate
9232,92320.0,100726.30001449585,100756.30001449585,0,30.0,8436.30001449585,92360.0,True,218,217,True,0,0,False,False,67,False,False,risk_lstm,8,0.9533553719520569,0.1878667026758194,2.0730767250061035,0.9089731574058533,,,,,,accurate
9236,92360.0,100756.30001449585,100799.80001449585,0,43.5,8439.80001449585,92400.0,True,218,217,True,0,0,False,False,63,False,False,risk_lstm,8,0.9502336978912354,0.22543084621429443,2.132089853286743,0.8730418086051941,,,,,,accurate
9241,92410.0,100799.80001449585,100847.70001220703,0,47.89999771118164,8437.700012207031,92450.0,True,218,217,True,0,0,False,False,58,False,False,risk_lstm,8,0.9246512651443481,0.2943212687969208,1.9253599643707275,0.9116495251655579,,,,,,accurate
9242,92420.0,100847.70001220703,100907.10001373291,0,59.400001525878906,8487.10001373291,92460.0,True,219,218,True,1,1,False,False,57,False,False,risk_lstm,8,0.9431402087211609,0.21888408064842224,2.163437604904175,0.8791775107383728,,,,,,accurate
9243,92430.0,100907.10001373291,100938.50001144409,0,31.39999771118164,8508.500011444092,92470.0,True,220,219,True,0,0,False,False,56,False,False,risk_lstm,8,0.9584282636642456,0.17106416821479797,2.0918118953704834,0.910892128944397,,,,,,accurate
9244,92440.0,100938.50001144409,100970.50001144409,0,32.0,8530.500011444092,92480.0,True,220,219,True,0,0,False,False,55,False,False,risk_lstm,8,0.9392920732498169,0.24155350029468536,2.1505367755889893,0.8818695545196533,,,,,,accurate
9249,92490.0,100970.50001144409,101002.80001068115,0,32.29999923706055,8512.800010681152,92530.0,True,220,219,True,0,0,False,False,50,False,False,risk_lstm,8,0.9396703243255615,0.260803759098053,2.169482707977295,0.8776695132255554,,,,,,accurate
9250,92500.0,101002.80001068115,101032.20001602173,0,29.400005340576172,8532.200016021729,92540.0,True,221,220,True,1,1,False,False,49,False,False,risk_lstm,8,0.91521817445755,0.3320927619934082,2.1017448902130127,0.8897164463996887,,,,,,accurate
9252,92520.0,101032.20001602173,101071.10001373291,0,38.89999771118164,8551.10001373291,92560.0,True,221,220,True,1,1,False,False,47,False,False,risk_lstm,8,0.9315144419670105,0.30316299200057983,2.0458383560180664,0.8958911895751953,,,,,,accurate
9253,92530.0,101071.10001373291,101136.40001678467,0,65.30000305175781,8606.400016784668,92570.0,True,222,221,True,0,0,False,False,46,False,False,risk_lstm,8,0.8729167580604553,0.3592856228351593,1.9310345649719238,0.8851152658462524,,,,,,accurate
9255,92550.0,101136.40001678467,101173.40001678467,0,37.0,8623.400016784668,92590.0,True,223,222,True,0,0,False,False,44,False,False,risk_lstm,8,0.9147536158561707,0.36533111333847046,2.163621664047241,0.8753594160079956,,,,,,accurate
9256,92560.0,101173.40001678467,101213.80001449585,0,40.39999771118164,8653.80001449585,92600.0,True,224,223,True,0,0,False,False,43,False,False,risk_lstm,8,0.8495302200317383,0.3565823435783386,2.043858051300049,0.889789879322052,,,,,,accurate
9262,92620.0,101213.80001449585,101258.90001296997,0,45.099998474121094,8638.90001296997,92660.0,True,223,222,True,0,0,False,False,37,False,False,risk_lstm,8,0.877166211605072,0.3906933665275574,2.137652635574341,0.8857746124267578,,,,,,accurate
9263,92630.0,101258.90001296997,101294.70001220703,0,35.79999923706055,8664.700012207031,92670.0,True,224,223,True,1,1,False,False,36,False,False,risk_lstm,8,0.9103841185569763,0.35356855392456055,2.212008237838745,0.8730059862136841,,,,,,accurate
9266,92660.0,101294.70001220703,101331.20001602173,0,36.500003814697266,8671.200016021729,92700.0,True,224,223,True,0,0,False,False,33,False,False,risk_lstm,8,0.9023357629776001,0.41740497946739197,2.182560443878174,0.8776178956031799,,,,,,accurate
9267,92670.0,101331.20001602173,101366.20001602173,0,35.0,8696.200016021729,92710.0,True,225,224,True,1,1,False,False,32,False,False,risk_lstm,8,0.9113641977310181,0.3714742660522461,2.194509983062744,0.8716105818748474,,,,,,accurate
9268,92680.0,101366.20001602173,101414.20001602173,0,48.0,8734.200016021729,92720.0,True,226,225,True,0,0,False,False,31,False,False,risk_lstm,8,0.906543493270874,0.4365468919277191,2.19503116607666,0.8697715997695923,,,,,,accurate
9269,92690.0,101414.20001602173,101444.80001831055,0,30.60000228881836,8754.800018310547,92730.0,True,226,225,True,0,0,False,False,30,False,False,risk_lstm,8,0.9174006581306458,0.4046718180179596,2.1975080966949463,0.8652342557907104,,,,,,accurate
9275,92750.0,101444.80001831055,101483.10001754761,0,38.29999923706055,8733.100017547607,92790.0,True,225,224,True,0,0,False,False,24,False,False,risk_lstm,8,0.8981655836105347,0.40293702483177185,2.182551860809326,0.8715876340866089,,,,,,accurate
9276,92760.0,101483.10001754761,101557.60001754761,0,74.5,8797.600017547607,92800.0,True,226,225,True,0,0,False,False,23,False,False,risk_lstm,8,0.8237535953521729,0.40199095010757446,1.9868762493133545,0.8850520253181458,,,,,,accurate
9278,92780.0,101557.60001754761,101587.00001525879,0,29.39999771118164,8807.000015258789,92820.0,True,227,226,True,0,0,False,False,21,False,False,risk_lstm,8,0.8765954375267029,0.4306131601333618,2.0358755588531494,0.8939986824989319,,,,,,accurate
9281,92810.0,101587.00001525879,101620.40001678467,0,33.400001525878906,8810.400016784668,92850.0,True,227,226,True,1,1,False,False,18,False,False,risk_lstm,8,0.9398592114448547,0.4324550926685333,2.02494478225708,0.8917182683944702,,,,,,accurate
9282,92820.0,101620.40001678467,101670.50001907349,0,50.10000228881836,8850.500019073486,92860.0,True,228,227,True,0,0,False,False,17,False,False,risk_lstm,8,0.9089356660842896,0.43215101957321167,2.1393978595733643,0.8662793040275574,,,,,,accurate
9285,92850.0,101670.50001907349,101695.70001983643,0,25.200000762939453,8845.700019836426,92890.0,True,228,227,True,0,0,False,False,14,False,False,risk_lstm,8,0.9462630748748779,0.31273651123046875,2.0560801029205322,0.9057171940803528,,,,,,accurate
9287,92870.0,101695.70001983643,101750.20001983643,0,54.5,8880.200019836426,92910.0,True,229,228,True,0,0,False,False,12,False,False,risk_lstm,8,0.8451883792877197,0.39931270480155945,1.8871185779571533,0.8892467021942139,,,,,,accurate
9290,92900.0,101750.20001983643,101785.50001907349,0,35.29999923706055,8885.500019073486,92940.0,True,229,228,True,0,0,False,False,9,False,False,risk_lstm,8,0.9272026419639587,0.32957568764686584,2.199277639389038,0.8721392154693604,,,,,,accurate
9292,92920.0,101785.50001907349,101836.90002059937,0,51.400001525878906,8916.900020599365,92960.0,True,230,229,True,1,1,False,False,7,False,False,risk_lstm,8,0.8973499536514282,0.3114328980445862,2.200374126434326,0.8844252228736877,,,,,,accurate
9293,92930.0,101836.90002059937,101873.30001831055,0,36.39999771118164,8943.300018310547,92970.0,True,230,229,True,1,1,False,False,6,False,False,risk_lstm,8,0.9140002131462097,0.36195799708366394,2.2128398418426514,0.8771678805351257,,,,,,accurate
9296,92960.0,101873.30001831055,101908.1000213623,0,34.80000305175781,8948.100021362305,93000.0,True,230,229,True,1,1,False,False,3,False,False,risk_lstm,8,0.9063237309455872,0.36088770627975464,2.218430757522583,0.8754562735557556,,,,,,accurate
9302,93020.0,101908.1000213623,101944.90002441406,0,36.80000305175781,8924.900024414062,93060.0,True,231,230,True,0,0,False,False,97,False,False,risk_lstm,8,0.7330552935600281,0.11404586583375931,2.089078187942505,0.9250850081443787,,,,,,accurate
9305,93050.0,101944.90002441406,101978.90002441406,0,34.0,8928.900024414062,93090.0,True,231,230,True,0,0,False,False,94,False,False,risk_lstm,8,0.9228700399398804,0.311924546957016,2.1742470264434814,0.8941881656646729,,,,,,accurate
9309,93090.0,101978.90002441406,102009.30002593994,0,30.400001525878906,8919.300025939941,93130.0,True,230,229,True,1,1,False,False,90,False,False,risk_lstm,8,0.9486240744590759,0.2092660367488861,2.065185546875,0.9102752804756165,,,,,,accurate
9313,93130.0,102009.30002593994,102042.80002593994,0,33.5,8912.800025939941,93170.0,True,231,230,True,1,1,False,False,86,False,False,risk_lstm,8,0.9473412036895752,0.2625187039375305,2.1472887992858887,0.8773885369300842,,,,,,accurate
9319,93190.0,102042.80002593994,102072.100025177,0,29.299999237060547,8882.100025177002,93230.0,True,230,229,True,0,0,False,False,80,False,False,risk_lstm,8,0.9582619667053223,0.2407950460910797,1.996727466583252,0.9093582630157471,,,,,,accurate
9320,93200.0,102072.100025177,102104.00002288818,0,31.89999771118164,8904.000022888184,93240.0,True,231,230,True,0,0,False,False,79,False,False,risk_lstm,8,0.9451571702957153,0.2197987586259842,2.081415891647339,0.8950469493865967,,,,,,accurate
9322,93220.0,102104.00002288818,102151.30002212524,0,47.29999923706055,8931.300022125244,93260.0,True,231,230,True,1,1,False,False,77,False,False,risk_lstm,8,0.9411640167236328,0.2521716356277466,2.1324148178100586,0.8837187886238098,,,,,,accurate
9323,93230.0,102151.30002212524,102180.40002059937,0,29.099998474121094,8950.400020599365,93270.0,True,232,231,True,0,0,False,False,76,False,False,risk_lstm,8,0.9641331434249878,0.2053861916065216,2.1138155460357666,0.8786106109619141,,,,,,accurate
9329,93290.0,102180.40002059937,102214.30001831055,0,33.89999771118164,8924.300018310547,93330.0,True,232,231,True,1,1,False,False,70,False,False,risk_lstm,8,0.9297590851783752,0.2821829915046692,2.088688611984253,0.8953140377998352,,,,,,accurate
9338,93380.0,102214.30001831055,102251.60001754761,0,37.29999923706055,8871.600017547607,93420.0,True,231,230,True,0,0,False,False,61,False,False,risk_lstm,8,0.9316522479057312,0.2787739634513855,2.134573221206665,0.8812315464019775,,,,,,accurate
9341,93410.0,102251.60001754761,102296.40002059937,0,44.80000305175781,8886.400020599365,93450.0,True,231,230,True,1,1,False,False,58,False,False,risk_lstm,8,0.8890798687934875,0.33903768658638,2.040400981903076,0.8818376064300537,,,,,,accurate
9345,93450.0,102296.40002059937,102323.80001831055,0,27.39999771118164,8873.800018310547,93490.0,True,231,230,True,1,1,False,False,54,False,False,risk_lstm,8,0.918380618095398,0.20625191926956177,1.9903663396835327,0.9295744299888611,,,,,,accurate
9347,93470.0,102323.80001831055,102355.70001602173,0,31.89999771118164,8885.700016021729,93510.0,True,232,231,True,1,1,False,False,52,False,False,risk_lstm,8,0.9393101334571838,0.22997619211673737,2.060589075088501,0.9015543460845947,,,,,,accurate
9348,93480.0,102355.70001602173,102424.30002212524,0,68.60000610351562,8944.300022125244,93520.0,True,232,231,True,0,0,False,False,51,False,False,risk_lstm,8,0.8971453905105591,0.27094215154647827,2.053877115249634,0.8845127820968628,,,,,,accurate
9350,93500.0,102424.30002212524,102459.80002212524,0,35.5,8959.800022125244,93540.0,True,233,232,True,1,1,False,False,49,False,False,risk_lstm,8,0.9336298108100891,0.2842369079589844,2.1806838512420654,0.8812331557273865,,,,,,accurate
9351,93510.0,102459.80002212524,102493.1000213623,0,33.29999923706055,8983.100021362305,93550.0,True,233,232,True,0,0,False,False,48,False,False,risk_lstm,8,0.9240423440933228,0.3057458698749542,2.191143751144409,0.8823354244232178,,,,,,accurate
9352,93520.0,102493.1000213623,102528.80002212524,0,35.70000076293945,9008.800022125244,93560.0,True,234,233,True,0,0,False,False,47,False,False,risk_lstm,8,0.9323442578315735,0.3074750602245331,2.2535312175750732,0.8743399381637573,,,,,,accurate
9355,93550.0,102528.80002212524,102569.1000213623,0,40.29999923706055,9019.100021362305,93590.0,True,234,233,True,1,1,False,False,44,False,False,risk_lstm,8,0.9340898394584656,0.3197280466556549,2.2134814262390137,0.8762245774269104,,,,,,accurate
9357,93570.0,102569.1000213623,102601.40002059937,0,32.29999923706055,9031.400020599365,93610.0,True,235,234,True,0,0,False,False,42,False,False,risk_lstm,8,0.9141544103622437,0.32120299339294434,2.2253684997558594,0.8784251809120178,,,,,,accurate
9360,93600.0,102601.40002059937,102630.90002441406,0,29.500003814697266,9030.900024414062,93640.0,True,235,234,True,1,1,False,False,39,False,False,risk_lstm,8,0.90970379114151,0.3899146318435669,1.952742576599121,0.9169417023658752,,,,,,accurate
9365,93650.0,102630.90002441406,102669.90002441406,0,39.0,9019.900024414062,93690.0,True,235,234,True,1,1,False,False,34,False,False,risk_lstm,8,0.9033843874931335,0.4009172320365906,2.178675889968872,0.8742801547050476,,,,,,accurate
9366,93660.0,102669.90002441406,102702.80002212524,0,32.89999771118164,9042.800022125244,93700.0,True,235,234,True,0,0,False,False,33,False,False,risk_lstm,8,0.9035786986351013,0.41695335507392883,2.1917550563812256,0.872262179851532,,,,,,accurate
9367,93670.0,102702.80002212524,102755.30002212524,0,52.5,9085.300022125244,93710.0,True,236,235,True,1,1,False,False,32,False,False,risk_lstm,8,0.8808759450912476,0.3832187354564667,2.15177321434021,0.8822007775306702,,,,,,accurate
9376,93760.0,102755.30002212524,102788.70002746582,0,33.40000534057617,9028.70002746582,93800.0,True,235,234,True,1,1,False,False,23,False,False,risk_lstm,8,0.9289258122444153,0.443751722574234,2.114356279373169,0.8765245079994202,,,,,,accurate
9378,93780.0,102788.70002746582,102835.1000289917,0,46.400001525878906,9055.1000289917,93820.0,True,235,234,True,1,1,False,False,21,False,False,risk_lstm,8,0.9127697944641113,0.42732593417167664,2.1852657794952393,0.8714624643325806,,,,,,accurate
9380,93800.0,102835.1000289917,102861.00003051758,0,25.900001525878906,9061.000030517578,93840.0,True,236,235,True,1,1,False,False,19,False,False,risk_lstm,8,0.9254612922668457,0.31332114338874817,2.0434560775756836,0.9082411527633667,,,,,,accurate
9383,93830.0,102861.00003051758,102910.90002822876,0,49.89999771118164,9080.90002822876,93870.0,True,236,235,True,1,1,False,False,16,False,False,risk_lstm,8,0.8996452689170837,0.3387725353240967,2.032700538635254,0.9020340442657471,,,,,,accurate
9385,93850.0,102910.90002822876,102945.100025177,0,34.19999694824219,9095.100025177002,93890.0,True,236,235,True,0,0,False,False,14,False,False,risk_lstm,8,0.9228562116622925,0.335294634103775,2.101625680923462,0.8785853385925293,,,,,,accurate
9387,93870.0,102945.100025177,102996.100025177,0,51.0,9126.100025177002,93910.0,True,237,236,True,1,1,False,False,12,False,False,risk_lstm,8,0.9368501901626587,0.33789023756980896,2.082965135574341,0.8767300844192505,,,,,,accurate
9390,93900.0,102996.100025177,103025.90002822876,0,29.800003051757812,9125.90002822876,93940.0,True,237,236,True,0,0,False,False,9,False,False,risk_lstm,8,0.9230156540870667,0.36427322030067444,1.969525694847107,0.9068673253059387,,,,,,accurate
9391,93910.0,103025.90002822876,103051.70003128052,0,25.800003051757812,9141.700031280518,93950.0,True,237,236,True,1,1,False,False,8,False,False,risk_lstm,8,0.9392265677452087,0.2490067183971405,1.9935747385025024,0.9212773442268372,,,,,,accurate
9394,93940.0,103051.70003128052,103081.00003433228,0,29.300003051757812,9141.000034332275,93980.0,True,238,237,True,0,0,False,False,5,False,False,risk_lstm,8,0.9435117244720459,0.23313674330711365,2.0601298809051514,0.9151817560195923,,,,,,accurate
9398,93980.0,103081.00003433228,103116.80003356934,0,35.79999923706055,9136.800033569336,94020.0,True,237,236,True,1,1,False,False,1,True,False,risk_lstm,8,0.9447939395904541,0.1890503615140915,2.0042755603790283,0.9226325154304504,,,,,,accurate
9400,94000.0,103116.80003356934,103148.80003356934,0,32.0,9148.800033569336,94040.0,True,238,237,True,0,0,False,False,99,False,False,risk_lstm,8,0.949874758720398,0.18620288372039795,2.017256021499634,0.9193982481956482,,,,,,accurate
9401,94010.0,103148.80003356934,103175.90003204346,0,27.099998474121094,9165.900032043457,94050.0,True,238,237,True,0,0,False,False,98,False,False,risk_lstm,8,0.9487079977989197,0.18808527290821075,2.0723116397857666,0.9108113646507263,,,,,,accurate
9402,94020.0,103175.90003204346,103205.50003051758,0,29.599998474121094,9185.500030517578,94060.0,True,239,238,True,0,0,False,False,97,False,False,risk_lstm,8,0.9325647950172424,0.24024784564971924,1.944375991821289,0.9185245037078857,,,,,,accurate
9403,94030.0,103205.50003051758,103256.40003204346,0,50.900001525878906,9226.400032043457,94070.0,True,240,239,True,0,0,False,False,96,False,False,risk_lstm,8,0.9483848214149475,0.20313508808612823,2.148423910140991,0.8642744421958923,,,,,,accurate
9404,94040.0,103256.40003204346,103281.6000328064,0,25.200000762939453,9241.600032806396,94080.0,True,241,240,True,0,0,False,False,95,False,False,risk_lstm,8,0.9421260952949524,0.2116217166185379,2.1769602298736572,0.8718609809875488,,,,,,accurate
9407,94070.0,103281.6000328064,103308.30003356934,0,26.700000762939453,9238.300033569336,94110.0,True,240,239,True,0,0,False,False,92,False,False,risk_lstm,8,0.9489563703536987,0.2259296476840973,2.1942484378814697,0.8757222294807434,,,,,,accurate
9408,94080.0,103308.30003356934,103327.6000328064,0,19.299999237060547,9247.600032806396,94120.0,True,241,240,True,1,1,False,False,91,False,False,risk_lstm,8,0.9319712519645691,0.23986464738845825,2.0743625164031982,0.9002364873886108,,,,,,accurate
9409,94090.0,103327.6000328064,103352.80003738403,0,25.20000457763672,9262.800037384033,94130.0,True,242,241,True,0,0,False,False,90,False,False,risk_lstm,8,0.9364384412765503,0.2787114381790161,2.2309634685516357,0.8739517331123352,,,,,,accurate
9410,94100.0,103352.80003738403,103377.6000366211,0,24.799999237060547,9277.600036621094,94140.0,True,242,241,True,0,0,False,False,89,False,False,risk_lstm,8,0.9104360938072205,0.3432075083255768,2.2059056758880615,0.8782519698143005,,,,,,accurate
9418,94180.0,103377.6000366211,103429.00003814697,0,51.400001525878906,9249.000038146973,94220.0,True,242,241,True,1,1,False,False,81,False,False,risk_lstm,8,0.8472470045089722,0.366067498922348,1.9610012769699097,0.886985719203949,,,,,,accurate
9420,94200.0,103429.00003814697,103486.80003738403,0,57.79999923706055,9286.800037384033,94240.0,True,242,241,True,1,1,False,False,79,False,False,risk_lstm,8,0.8892279863357544,0.36092865467071533,2.1903445720672607,0.8799646496772766,,,,,,accurate
9422,94220.0,103486.80003738403,103524.90003585815,0,38.099998474121094,9304.900035858154,94260.0,True,243,242,True,0,0,False,False,77,False,False,risk_lstm,8,0.9073085188865662,0.39591532945632935,2.178081512451172,0.874133288860321,,,,,,accurate
9423,94230.0,103524.90003585815,103559.6000328064,0,34.69999694824219,9329.600032806396,94270.0,True,243,242,True,0,0,False,False,76,False,False,risk_lstm,8,0.9293769001960754,0.3048892021179199,1.9706944227218628,0.9108982086181641,,,,,,accurate
9424,94240.0,103559.6000328064,103613.30002975464,0,53.69999694824219,9373.300029754639,94280.0,True,244,243,True,1,1,False,False,75,False,False,risk_lstm,8,0.8974059224128723,0.30412012338638306,2.1662166118621826,0.8858215808868408,,,,,,accurate
9427,94270.0,103613.30002975464,103651.90003204346,0,38.60000228881836,9381.900032043457,94310.0,True,244,243,True,1,1,False,False,72,False,False,risk_lstm,8,0.8685146570205688,0.33487099409103394,2.1239871978759766,0.8920649886131287,,,,,,accurate
9429,94290.0,103651.90003204346,103685.80003356934,0,33.900001525878906,9395.800033569336,94330.0,True,245,244,True,0,0,False,False,70,False,False,risk_lstm,8,0.8948526382446289,0.3388267159461975,2.1680376529693604,0.8883399963378906,,,,,,accurate
9432,94320.0,103685.80003356934,103718.90003585815,0,33.10000228881836,9398.900035858154,94360.0,True,244,243,True,1,1,False,False,67,False,False,risk_lstm,8,0.9350720643997192,0.35141780972480774,2.1522746086120605,0.8844104409217834,,,,,,accurate
9433,94330.0,103718.90003585815,103753.70003509521,0,34.79999923706055,9423.700035095215,94370.0,True,245,244,True,0,0,False,False,66,False,False,risk_lstm,8,0.9196001291275024,0.3492627441883087,2.216296434402466,0.87448650598526,,,,,,accurate
9437,94370.0,103753.70003509521,103783.1000366211,0,29.400001525878906,9413.100036621094,94410.0,True,245,244,True,0,0,False,False,62,False,False,risk_lstm,8,0.9006887674331665,0.3869834542274475,2.136554002761841,0.8855641484260559,,,,,,accurate
9439,94390.0,103783.1000366211,103817.60004043579,0,34.500003814697266,9427.600040435791,94430.0,True,246,245,True,0,0,False,False,60,False,False,risk_lstm,8,0.9284238219261169,0.37339162826538086,1.9977285861968994,0.9086018204689026,,,,,,accurate
9440,94400.0,103817.60004043579,103862.50003814697,0,44.89999771118164,9462.500038146973,94440.0,True,246,245,True,0,0,False,False,59,False,False,risk_lstm,8,0.8410735726356506,0.4006474018096924,2.0018198490142822,0.8900679349899292,,,,,,accurate
9441,94410.0,103862.50003814697,103893.30003738403,0,30.799999237060547,9483.300037384033,94450.0,True,247,246,True,0,0,False,False,58,False,False,risk_lstm,8,0.8442962765693665,0.48273879289627075,1.9661474227905273,0.903255045413971,,,,,,accurate
9442,94420.0,103893.30003738403,103928.70003890991,0,35.400001525878906,9508.700038909912,94460.0,True,248,247,True,0,0,False,False,57,False,False,risk_lstm,8,0.9010753631591797,0.3721705377101898,2.1888644695281982,0.8775498867034912,,,,,,accurate
9445,94450.0,103928.70003890991,103979.10004043579,0,50.400001525878906,9529.100040435791,94490.0,True,248,247,True,0,0,False,False,54,False,False,risk_lstm,8,0.8754649758338928,0.3676872253417969,2.161393880844116,0.8839926719665527,,,,,,accurate
9446,94460.0,103979.10004043579,104006.30004119873,0,27.200000762939453,9546.30004119873,94500.0,True,248,247,True,0,0,False,False,53,False,False,risk_lstm,8,0.9195639491081238,0.32948189973831177,2.023526906967163,0.9167755246162415,,,,,,accurate
9452,94520.0,104006.30004119873,104039.50004196167,0,33.20000076293945,9519.50004196167,94560.0,True,248,247,True,0,0,False,False,47,False,False,risk_lstm,8,0.9168302416801453,0.3608451187610626,2.179088830947876,0.8806908130645752,,,,,,accurate
9454,94540.0,104039.50004196167,104069.70004272461,0,30.200000762939453,9529.70004272461,94580.0,True,248,247,True,0,0,False,False,45,False,False,risk_lstm,8,0.9163965582847595,0.3125721514225006,2.1380996704101562,0.8907891511917114,,,,,,accurate
9458,94580.0,104069.70004272461,104118.00004196167,0,48.29999923706055,9538.00004196167,94620.0,True,248,247,True,0,0,False,False,41,False,False,risk_lstm,8,0.8858314156532288,0.3451420068740845,2.178720712661743,0.8859010934829712,,,,,,accurate
9459,94590.0,104118.00004196167,104152.40004348755,0,34.400001525878906,9562.400043487549,94630.0,True,248,247,True,0,0,False,False,40,False,False,risk_lstm,8,0.9297924637794495,0.3748607337474823,2.007194995880127,0.9043169021606445,,,,,,accurate
9460,94600.0,104152.40004348755,104185.90004348755,0,33.5,9585.900043487549,94640.0,True,249,248,True,0,0,False,False,39,False,False,risk_lstm,8,0.9228017926216125,0.3212912380695343,2.214763879776001,0.873562753200531,,,,,,accurate
9461,94610.0,104185.90004348755,104229.70004272461,0,43.79999923706055,9619.70004272461,94650.0,True,250,249,True,0,0,False,False,38,False,False,risk_lstm,8,0.9216485023498535,0.3241775631904602,2.2272403240203857,0.8717774748802185,,,,,,accurate
9464,94640.0,104229.70004272461,104260.90003967285,0,31.199996948242188,9620.900039672852,94680.0,True,250,249,True,0,0,False,False,35,False,False,risk_lstm,8,0.913055419921875,0.36341387033462524,2.211473226547241,0.8783290386199951,,,,,,accurate
9465,94650.0,104260.90003967285,104298.00003814697,0,37.099998474121094,9648.000038146973,94690.0,True,251,250,True,0,0,False,False,34,False,False,risk_lstm,8,0.9018704295158386,0.37343016266822815,2.206040620803833,0.8749412894248962,,,,,,accurate
9466,94660.0,104298.00003814697,104343.00004196167,0,45.000003814697266,9683.00004196167,94700.0,True,252,251,True,1,1,False,False,33,False,False,risk_lstm,8,0.8903955817222595,0.4403054714202881,2.118563652038574,0.884013295173645,,,,,,accurate
9468,94680.0,104343.00004196167,104369.40003967285,0,26.39999771118164,9689.400039672852,94720.0,True,252,251,True,1,1,False,False,31,False,False,risk_lstm,8,0.948611855506897,0.27778923511505127,2.055318832397461,0.9114168882369995,,,,,,accurate
9476,94760.0,104369.40003967285,104399.1000366211,0,29.699996948242188,9639.100036621094,94800.0,True,251,250,True,0,0,False,False,23,False,False,risk_lstm,8,0.9390877485275269,0.32928797602653503,2.0998189449310303,0.8873289227485657,,,,,,accurate
9478,94780.0,104399.1000366211,104448.20003890991,0,49.10000228881836,9668.200038909912,94820.0,True,251,250,True,0,0,False,False,21,False,False,risk_lstm,8,0.8926005959510803,0.3550202250480652,2.1863677501678467,0.879970908164978,,,,,,accurate
9479,94790.0,104448.20003890991,104478.60004043579,0,30.400001525878906,9688.600040435791,94830.0,True,252,251,True,0,0,False,False,20,False,False,risk_lstm,8,0.894465446472168,0.44253918528556824,1.8664575815200806,0.9136878848075867,,,,,,accurate
9480,94800.0,104478.60004043579,104508.40003585815,0,29.79999542236328,9708.400035858154,94840.0,True,253,252,True,0,0,False,False,19,False,False,risk_lstm,8,0.923861026763916,0.3564146161079407,2.130715847015381,0.8742223978042603,,,,,,accurate
9482,94820.0,104508.40003585815,104548.1000366211,0,39.70000076293945,9728.100036621094,94860.0,True,253,252,True,0,0,False,False,17,False,False,risk_lstm,8,0.8990201950073242,0.378007173538208,2.1873815059661865,0.878510057926178,,,,,,accurate
9483,94830.0,104548.1000366211,104588.20003509521,0,40.099998474121094,9758.200035095215,94870.0,True,254,253,True,0,0,False,False,16,False,False,risk_lstm,8,0.9176032543182373,0.3391016125679016,2.148883581161499,0.8793097734451294,,,,,,accurate
9484,94840.0,104588.20003509521,104628.1000366211,0,39.900001525878906,9788.100036621094,94880.0,True,255,254,True,0,0,False,False,15,False,False,risk_lstm,8,0.9155762791633606,0.2832868993282318,1.9775443077087402,0.91921466588974,,,,,,accurate
9485,94850.0,104628.1000366211,104679.1000366211,0,51.0,9829.100036621094,94890.0,True,255,254,True,1,1,False,False,14,False,False,risk_lstm,8,0.9394931197166443,0.304564893245697,2.1755411624908447,0.8667908906936646,,,,,,accurate
9486,94860.0,104679.1000366211,104724.20003509521,0,45.099998474121094,9864.200035095215,94900.0,True,256,255,True,0,0,False,False,13,False,False,risk_lstm,8,0.862113893032074,0.3498593270778656,2.004988431930542,0.8897395133972168,,,,,,accurate
9487,94870.0,104724.20003509521,104751.50003433228,0,27.299999237060547,9881.500034332275,94910.0,True,257,256,True,0,0,False,False,12,False,False,risk_lstm,8,0.920699954032898,0.31520479917526245,2.067873954772949,0.9011301398277283,,,,,,accurate
9488,94880.0,104751.50003433228,104790.50003814697,0,39.000003814697266,9910.500038146973,94920.0,True,257,256,True,0,0,False,False,11,False,False,risk_lstm,8,0.8952181935310364,0.32608965039253235,2.170229196548462,0.8838102221488953,,,,,,accurate
9490,94900.0,104790.50003814697,104830.00003814697,0,39.5,9930.000038146973,94940.0,True,258,257,True,0,0,False,False,9,False,False,risk_lstm,8,0.9183033108711243,0.24473661184310913,1.9913671016693115,0.9228463768959045,,,,,,accurate
9492,94920.0,104830.00003814697,104869.90003967285,0,39.900001525878906,9949.900039672852,94960.0,True,258,257,True,1,1,False,False,7,False,False,risk_lstm,8,0.9335803985595703,0.27103903889656067,2.160468339920044,0.8823371529579163,,,,,,accurate
9494,94940.0,104869.90003967285,104908.40004348755,0,38.500003814697266,9968.400043487549,94980.0,True,258,257,True,0,0,False,False,5,False,False,risk_lstm,8,0.9388272166252136,0.25614890456199646,2.253917932510376,0.8751993179321289,,,,,,accurate
9495,94950.0,104908.40004348755,104938.30004119873,0,29.89999771118164,9988.30004119873,94990.0,True,259,258,True,0,0,False,False,4,False,False,risk_lstm,8,0.9256613850593567,0.29775604605674744,2.121680498123169,0.88706374168396,,,,,,accurate
9496,94960.0,104938.30004119873,104977.00004196167,0,38.70000076293945,10017.00004196167,95000.0,True,260,259,True,0,0,False,False,3,False,False,risk_lstm,8,0.928960919380188,0.3161178529262543,2.2029876708984375,0.8745735883712769,,,,,,accurate
9498,94980.0,104977.00004196167,105006.80004119873,0,29.799999237060547,10026.80004119873,95020.0,True,260,259,True,1,1,False,False,1,True,False,risk_lstm,8,0.9175251722335815,0.3237990736961365,1.9486353397369385,0.9151026606559753,,,,,,accurate
9501,95010.0,105006.80004119873,105047.00003814697,0,40.19999694824219,10037.000038146973,95050.0,True,260,259,True,1,1,False,False,98,False,False,risk_lstm,8,0.9302635788917542,0.3094671368598938,2.2269108295440674,0.8703356981277466,,,,,,accurate
9507,95070.0,105047.00003814697,105090.20004272461,0,43.20000457763672,10020.20004272461,95110.0,True,259,258,True,1,1,False,False,92,False,False,risk_lstm,8,0.9268133640289307,0.3312307298183441,2.2043397426605225,0.8732337951660156,,,,,,accurate
9512,95120.0,105090.20004272461,105123.00004196167,0,32.79999923706055,10003.00004196167,95160.0,True,259,258,True,0,0,False,False,87,False,False,risk_lstm,8,0.9547979831695557,0.3262191116809845,2.1135077476501465,0.8749467730522156,,,,,,accurate
9524,95240.0,105123.00004196167,105153.70003890991,0,30.699996948242188,9913.700038909912,95280.0,True,256,255,True,0,0,False,False,75,False,False,risk_lstm,8,0.895578145980835,0.38631507754325867,2.121426820755005,0.8813304305076599,,,,,,accurate
9525,95250.0,105153.70003890991,105186.90004348755,0,33.20000457763672,9936.900043487549,95290.0,True,257,256,True,0,0,False,False,74,False,False,risk_lstm,8,0.9037877321243286,0.35052168369293213,2.102046251296997,0.8853151202201843,,,,,,accurate
9527,95270.0,105186.90004348755,105232.50004196167,0,45.599998474121094,9962.50004196167,95310.0,True,257,256,True,0,0,False,False,72,False,False,risk_lstm,8,0.9271206259727478,0.37370994687080383,2.1791064739227295,0.8653399348258972,,,,,,accurate
9530,95300.0,105232.50004196167,105273.50004196167,0,41.0,9973.50004196167,95340.0,True,257,256,True,1,1,False,False,69,False,False,risk_lstm,8,0.9035600423812866,0.39596956968307495,2.0716946125030518,0.887811541557312,,,,,,accurate
9531,95310.0,105273.50004196167,105309.40004348755,0,35.900001525878906,9999.400043487549,95350.0,True,258,257,True,0,0,False,False,68,False,False,risk_lstm,8,0.8957085609436035,0.44878363609313965,2.142967462539673,0.870408296585083,,,,,,accurate
9534,95340.0,105309.40004348755,105332.90004348755,0,23.5,9992.900043487549,95380.0,True,258,257,True,0,0,False,False,65,False,False,risk_lstm,8,0.8651245832443237,0.1848631203174591,2.037546396255493,0.9282237887382507,,,,,,accurate
9536,95360.0,105332.90004348755,105360.00004196167,0,27.099998474121094,10000.00004196167,95400.0,True,258,257,True,0,0,False,False,63,False,False,risk_lstm,8,0.9341762065887451,0.1983361393213272,1.956601619720459,0.9295297265052795,,,,,,accurate
9537,95370.0,105360.00004196167,105389.90004348755,0,29.900001525878906,10019.900043487549,95410.0,True,259,258,True,0,0,False,False,62,False,False,risk_lstm,8,0.9468052387237549,0.2394213229417801,2.059006690979004,0.9100012183189392,,,,,,accurate
9539,95390.0,105389.90004348755,105423.80004119873,0,33.89999771118164,10033.80004119873,95430.0,True,259,258,True,0,0,False,False,60,False,False,risk_lstm,8,0.9428820013999939,0.24757325649261475,2.1485252380371094,0.8713851571083069,,,,,,accurate
9541,95410.0,105423.80004119873,105461.80004119873,0,38.0,10051.80004119873,95450.0,True,260,259,True,0,0,False,False,58,False,False,risk_lstm,8,0.932015061378479,0.2549304664134979,2.2200918197631836,0.8779175281524658,,,,,,accurate
9544,95440.0,105461.80004119873,105498.40003967285,0,36.599998474121094,10058.400039672852,95480.0,True,260,259,True,0,0,False,False,55,False,False,risk_lstm,8,0.9422351121902466,0.28095394372940063,2.059356451034546,0.892124354839325,,,,,,accurate
9546,95460.0,105498.40003967285,105528.40003585815,0,29.999996185302734,10068.400035858154,95500.0,True,260,259,True,1,1,False,False,53,False,False,risk_lstm,8,0.9465081095695496,0.2299419790506363,2.104548692703247,0.8939266800880432,,,,,,accurate
9547,95470.0,105528.40003585815,105558.90003585815,0,30.5,10088.900035858154,95510.0,True,261,260,True,0,0,False,False,52,False,False,risk_lstm,8,0.927560567855835,0.2859015166759491,2.1077969074249268,0.8863677978515625,,,,,,accurate
9557,95570.0,105558.90003585815,105597.1000366211,0,38.20000076293945,10027.100036621094,95610.0,True,259,258,True,1,1,False,False,42,False,False,risk_lstm,8,0.9306109547615051,0.33141636848449707,2.13713002204895,0.8729323148727417,,,,,,accurate
9559,95590.0,105597.1000366211,105626.20003509521,0,29.099998474121094,10036.200035095215,95630.0,True,259,258,True,0,0,False,False,40,False,False,risk_lstm,8,0.9051739573478699,0.37062862515449524,2.094804525375366,0.8778164386749268,,,,,,accurate
9563,95630.0,105626.20003509521,105657.50003433228,0,31.299999237060547,10027.500034332275,95670.0,True,259,258,True,0,0,False,False,36,False,False,risk_lstm,8,0.9200652837753296,0.4471348226070404,2.052536725997925,0.8702694177627563,,,,,,accurate
9564,95640.0,105657.50003433228,105683.90003585815,0,26.400001525878906,10043.900035858154,95680.0,True,259,258,True,1,1,False,False,35,False,False,risk_lstm,8,0.9184638857841492,0.2595159411430359,1.8673224449157715,0.9244528412818909,,,,,,accurate
9566,95660.0,105683.90003585815,105727.70003890991,0,43.80000305175781,10067.700038909912,95700.0,True,260,259,True,1,1,False,False,33,False,False,risk_lstm,8,0.9409111738204956,0.2872617542743683,2.12153697013855,0.8690637350082397,,,,,,accurate
9567,95670.0,105727.70003890991,105758.50004196167,0,30.800003051757812,10088.50004196167,95710.0,True,261,260,True,0,0,False,False,32,False,False,risk_lstm,8,0.9329882860183716,0.2857869267463684,2.0404000282287598,0.8969031572341919,,,,,,accurate
9569,95690.0,105758.50004196167,105786.80004501343,0,28.300003051757812,10096.800045013428,95730.0,True,261,260,True,0,0,False,False,30,False,False,risk_lstm,8,0.9495027661323547,0.2613740861415863,2.082441568374634,0.8964254856109619,,,,,,accurate
9572,95720.0,105786.80004501343,105821.40004348755,0,34.599998474121094,10101.400043487549,95760.0,True,262,261,True,0,0,False,False,27,False,False,risk_lstm,8,0.9154155254364014,0.31575706601142883,2.0057950019836426,0.9090681076049805,,,,,,accurate
9573,95730.0,105821.40004348755,105861.60004425049,0,40.20000076293945,10131.600044250488,95770.0,True,263,262,True,0,0,False,False,26,False,False,risk_lstm,8,0.9182088971138,0.2532805800437927,2.0875251293182373,0.897628664970398,,,,,,accurate
9574,95740.0,105861.60004425049,105897.20004272461,0,35.599998474121094,10157.20004272461,95780.0,True,263,262,True,0,0,False,False,25,False,False,risk_lstm,8,0.9273535013198853,0.27956652641296387,2.141960859298706,0.8813180327415466,,,,,,accurate
9578,95780.0,105897.20004272461,105933.20004272461,0,36.0,10153.20004272461,95820.0,True,263,262,True,0,0,False,False,21,False,False,risk_lstm,8,0.8849291205406189,0.30141645669937134,2.08247709274292,0.8823934197425842,,,,,,accurate
9579,95790.0,105933.20004272461,105978.40003967285,0,45.19999694824219,10188.400039672852,95830.0,True,263,262,True,0,0,False,False,20,False,False,risk_lstm,8,0.8600311279296875,0.3233098089694977,2.104430913925171,0.894299328327179,,,,,,accurate
9581,95810.0,105978.40003967285,106014.30004119873,0,35.900001525878906,10204.30004119873,95850.0,True,264,263,True,0,0,False,False,18,False,False,risk_lstm,8,0.8717398643493652,0.30807650089263916,2.184229612350464,0.8927691578865051,,,,,,accurate
9582,95820.0,106014.30004119873,106058.90004348755,0,44.60000228881836,10238.900043487549,95860.0,True,264,263,True,1,1,False,False,17,False,False,risk_lstm,8,0.9044733047485352,0.2935660779476166,2.235203266143799,0.883281946182251,,,,,,accurate
9583,95830.0,106058.90004348755,106096.70004272461,0,37.79999923706055,10266.70004272461,95870.0,True,265,264,True,0,0,False,False,16,False,False,risk_lstm,8,0.9186596274375916,0.34438273310661316,2.2064368724823,0.8777776956558228,,,,,,accurate
9591,95910.0,106096.70004272461,106127.00004577637,0,30.300003051757812,10217.000045776367,95950.0,True,264,263,True,0,0,False,False,8,False,False,risk_lstm,8,0.8979454040527344,0.4203836917877197,2.16312575340271,0.8793820142745972,,,,,,accurate
9592,95920.0,106127.00004577637,106156.90004348755,0,29.89999771118164,10236.900043487549,95960.0,True,264,263,True,0,0,False,False,7,False,False,risk_lstm,8,0.8950313329696655,0.4248991012573242,2.126804828643799,0.8792677521705627,,,,,,accurate
9594,95940.0,106156.90004348755,106183.70004272461,0,26.799999237060547,10243.70004272461,95980.0,True,265,264,True,0,0,False,False,5,False,False,risk_lstm,8,0.9246726632118225,0.3418680727481842,2.0294570922851562,0.8973144888877869,,,,,,accurate
9598,95980.0,106183.70004272461,106254.10004425049,0,70.4000015258789,10274.100044250488,96020.0,True,266,265,True,0,0,False,False,1,True,False,risk_lstm,8,0.8513972759246826,0.39739173650741577,2.0381243228912354,0.888065755367279,,,,,,accurate
9600,96000.0,106254.10004425049,106305.00004196167,0,50.89999771118164,10305.00004196167,96040.0,True,267,266,True,0,0,False,False,99,False,False,risk_lstm,8,0.9349635243415833,0.38936474919319153,2.1322133541107178,0.8666035532951355,,,,,,accurate
9601,96010.0,106305.00004196167,106360.50004196167,0,55.5,10350.50004196167,96050.0,True,268,267,True,1,1,False,False,98,False,False,risk_lstm,8,0.917941153049469,0.36335617303848267,2.0616226196289062,0.8887935876846313,,,,,,accurate
9606,96060.0,106360.50004196167,106427.90004348755,0,67.4000015258789,10367.900043487549,96100.0,True,268,267,True,0,0,False,False,93,False,False,risk_lstm,8,0.930116593837738,0.37204092741012573,2.152153968811035,0.8626431226730347,,,,,,accurate
9608,96080.0,106427.90004348755,106495.40004348755,0,67.5,10415.400043487549,96120.0,True,269,268,True,1,1,False,False,91,False,False,risk_lstm,8,0.9317556023597717,0.3624284267425537,2.0785539150238037,0.8756035566329956,,,,,,accurate
9609,96090.0,106495.40004348755,106549.50004577637,0,54.10000228881836,10459.500045776367,96130.0,True,270,269,True,0,0,False,False,90,False,False,risk_lstm,8,0.9246733784675598,0.338573694229126,2.198472261428833,0.8661227226257324,,,,,,accurate
9611,96110.0,106549.50004577637,106597.50004196167,0,47.999996185302734,10487.50004196167,96150.0,True,270,269,True,1,1,False,False,88,False,False,risk_lstm,8,0.9189542531967163,0.3650919497013092,2.204625368118286,0.8729576468467712,,,,,,accurate
9612,96120.0,106597.50004196167,106649.20004272461,0,51.70000076293945,10529.20004272461,96160.0,True,271,270,True,1,1,False,False,87,False,False,risk_lstm,8,0.9073991775512695,0.3928845226764679,2.172518014907837,0.8718360066413879,,,,,,accurate
9613,96130.0,106649.20004272461,106701.70004272461,0,52.5,10571.70004272461,96170.0,True,272,271,True,0,0,False,False,86,False,False,risk_lstm,8,0.909393846988678,0.35386165976524353,1.9116065502166748,0.9232689142227173,,,,,,accurate
9622,96220.0,106701.70004272461,106771.30004119873,0,69.5999984741211,10551.30004119873,96260.0,True,271,270,True,1,1,False,False,77,False,False,risk_lstm,8,0.9218630194664001,0.3376244008541107,2.2094781398773193,0.8744751214981079,,,,,,accurate
9626,96260.0,106771.30004119873,106803.40004348755,0,32.10000228881836,10543.400043487549,96300.0,True,271,270,True,1,1,False,False,73,False,False,risk_lstm,8,0.8755956888198853,0.403482586145401,2.103489875793457,0.8905850648880005,,,,,,accurate
9629,96290.0,106803.40004348755,106833.50004196167,0,30.099998474121094,10543.50004196167,96330.0,True,272,271,True,0,0,False,False,70,False,False,risk_lstm,8,0.9327097535133362,0.346759170293808,2.05869197845459,0.8968491554260254,,,,,,accurate
9631,96310.0,106833.50004196167,106873.80004119873,0,40.29999923706055,10563.80004119873,96350.0,True,272,271,True,1,1,False,False,68,False,False,risk_lstm,8,0.8829286694526672,0.36435142159461975,2.1464481353759766,0.8873168230056763,,,,,,accurate
9632,96320.0,106873.80004119873,106905.20003890991,0,31.39999771118164,10585.200038909912,96360.0,True,273,272,True,0,0,False,False,67,False,False,risk_lstm,8,0.9202446341514587,0.3420368432998657,2.2068052291870117,0.8758277297019958,,,,,,accurate
9635,96350.0,106905.20003890991,106940.50004196167,0,35.30000305175781,10590.50004196167,96390.0,True,274,273,True,1,1,False,False,64,False,False,risk_lstm,8,0.9133517742156982,0.33056703209877014,2.200237274169922,0.8801581859588623,,,,,,accurate
9636,96360.0,106940.50004196167,106977.80004501343,0,37.30000305175781,10617.800045013428,96400.0,True,274,273,True,0,0,False,False,63,False,False,risk_lstm,8,0.8803611993789673,0.34222081303596497,2.122709274291992,0.8928259015083313,,,,,,accurate
9638,96380.0,106977.80004501343,107015.60004425049,0,37.79999923706055,10635.600044250488,96420.0,True,275,274,True,1,1,False,False,61,False,False,risk_lstm,8,0.9028347730636597,0.3653685748577118,2.2015011310577393,0.8776953220367432,,,,,,accurate
9640,96400.0,107015.60004425049,107045.70004272461,0,30.099998474121094,10645.70004272461,96440.0,True,276,275,True,0,0,False,False,59,False,False,risk_lstm,8,0.9088935852050781,0.41396278142929077,2.156919240951538,0.8783486485481262,,,,,,accurate
9646,96460.0,107045.70004272461,107078.10004043579,0,32.39999771118164,10618.100040435791,96500.0,True,276,275,True,0,0,False,False,53,False,False,risk_lstm,8,0.9276059865951538,0.3709346055984497,2.2091658115386963,0.8658074140548706,,,,,,accurate
9647,96470.0,107078.10004043579,107113.10004043579,0,35.0,10643.100040435791,96510.0,True,276,275,True,1,1,False,False,52,False,False,risk_lstm,8,0.9088093042373657,0.452168345451355,2.141634225845337,0.8713625073432922,,,,,,accurate
9648,96480.0,107113.10004043579,107151.30004119873,0,38.20000076293945,10671.30004119873,96520.0,True,277,276,True,1,1,False,False,51,False,False,risk_lstm,8,0.8743146061897278,0.4095070958137512,2.159642457962036,0.8770655989646912,,,,,,accurate
9649,96490.0,107151.30004119873,107178.60004043579,0,27.299999237060547,10688.600040435791,96530.0,True,278,277,True,0,0,False,False,50,False,False,risk_lstm,8,0.8984919786453247,0.4411095082759857,2.0354385375976562,0.8973510265350342,,,,,,accurate
9652,96520.0,107178.60004043579,107213.80003738403,0,35.19999694824219,10693.800037384033,96560.0,True,278,277,True,0,0,False,False,47,False,False,risk_lstm,8,0.9048231244087219,0.39592331647872925,2.1162021160125732,0.8801620602607727,,,,,,accurate
9654,96540.0,107213.80003738403,107247.1000366211,0,33.29999923706055,10707.100036621094,96580.0,True,279,278,True,0,0,False,False,45,False,False,risk_lstm,8,0.8951058387756348,0.45661717653274536,2.0752267837524414,0.876731276512146,,,,,,accurate
9655,96550.0,107247.1000366211,107278.90003204346,0,31.79999542236328,10728.900032043457,96590.0,True,280,279,True,0,0,False,False,44,False,False,risk_lstm,8,0.912572979927063,0.43360504508018494,2.1493234634399414,0.8641309142112732,,,,,,accurate
9657,96570.0,107278.90003204346,107324.90003585815,0,46.000003814697266,10754.900035858154,96610.0,True,280,279,True,0,0,False,False,42,False,False,risk_lstm,8,0.8254216909408569,0.45422276854515076,1.9113082885742188,0.8876635432243347,,,,,,accurate
9658,96580.0,107324.90003585815,107363.30003738403,0,38.400001525878906,10783.300037384033,96620.0,True,281,280,True,0,0,False,False,41,False,False,risk_lstm,8,0.9208226799964905,0.3808368444442749,2.2116105556488037,0.8698853254318237,,,,,,accurate
9659,96590.0,107363.30003738403,107397.50003814697,0,34.20000076293945,10807.500038146973,96630.0,True,282,281,True,0,0,False,False,40,False,False,risk_lstm,8,0.8728676438331604,0.4546469449996948,2.122706651687622,0.882900595664978,,,,,,accurate
9666,96660.0,107397.50003814697,107427.50003814697,0,30.0,10767.500038146973,96700.0,True,281,280,True,0,0,False,False,33,False,False,risk_lstm,8,0.9319348931312561,0.3254198431968689,2.0504977703094482,0.905092179775238,,,,,,accurate
9669,96690.0,107427.50003814697,107459.90003585815,0,32.39999771118164,10769.900035858154,96730.0,True,282,281,True,0,0,False,False,30,False,False,risk_lstm,8,0.9386007189750671,0.371631920337677,2.0374228954315186,0.8977332711219788,,,,,,accurate
9672,96720.0,107459.90003585815,107487.6000366211,0,27.700000762939453,10767.600036621094,96760.0,True,282,281,True,0,0,False,False,27,False,False,risk_lstm,8,0.9352041482925415,0.3604618310928345,2.1142239570617676,0.8749936819076538,,,,,,accurate
9676,96760.0,107487.6000366211,107516.20003509521,0,28.599998474121094,10756.200035095215,96800.0,True,282,281,True,1,1,False,False,23,False,False,risk_lstm,8,0.9125531911849976,0.3285421133041382,2.060382604598999,0.8883805274963379,,,,,,accurate
9677,96770.0,107516.20003509521,107543.50003433228,0,27.299999237060547,10773.500034332275,96810.0,True,283,282,True,0,0,False,False,22,False,False,risk_lstm,8,0.9569581151008606,0.26142236590385437,2.1139867305755615,0.8913953900337219,,,,,,accurate
9679,96790.0,107543.50003433228,107580.00003051758,0,36.499996185302734,10790.000030517578,96830.0,True,284,283,True,0,0,False,False,20,False,False,risk_lstm,8,0.9228129982948303,0.3006511330604553,2.139662027359009,0.8781957030296326,,,,,,accurate
9680,96800.0,107580.00003051758,107616.00003051758,0,36.0,10816.000030517578,96840.0,True,285,284,True,1,1,False,False,19,False,False,risk_lstm,8,0.9375437498092651,0.3115082383155823,2.1410892009735107,0.8688292503356934,,,,,,accurate
9681,96810.0,107616.00003051758,107660.80002975464,0,44.79999923706055,10850.800029754639,96850.0,True,286,285,True,0,0,False,False,18,False,False,risk_lstm,8,0.9180237054824829,0.32006052136421204,2.2167532444000244,0.8786988854408264,,,,,,accurate
9686,96860.0,107660.80002975464,107695.50003051758,0,34.70000076293945,10835.500030517578,96900.0,True,286,285,True,0,0,False,False,13,False,False,risk_lstm,8,0.9239451289176941,0.27600690722465515,2.069124698638916,0.9095189571380615,,,,,,accurate
9688,96880.0,107695.50003051758,107734.70003128052,0,39.20000076293945,10854.700031280518,96920.0,True,287,286,True,0,0,False,False,11,False,False,risk_lstm,8,0.9348260164260864,0.3509405553340912,2.148184061050415,0.8717771768569946,,,,,,accurate
9693,96930.0,107734.70003128052,107765.20003128052,0,30.5,10835.200031280518,96970.0,True,287,286,True,1,1,False,False,6,False,False,risk_lstm,8,0.9215824007987976,0.3544080853462219,2.1360933780670166,0.880362868309021,,,,,,accurate
9698,96980.0,107765.20003128052,107804.1000289917,0,38.89999771118164,10824.1000289917,97020.0,True,287,286,True,0,0,False,False,1,True,False,risk_lstm,8,0.9163143634796143,0.3443153500556946,2.2225139141082764,0.8722060918807983,,,,,,accurate
9700,97000.0,107804.1000289917,107876.30002593994,0,72.19999694824219,10876.300025939941,97040.0,True,287,286,True,1,1,False,False,99,False,False,risk_lstm,8,0.8759199976921082,0.37762728333473206,2.1944901943206787,0.8823161125183105,,,,,,accurate
9702,97020.0,107876.30002593994,107921.00002670288,0,44.70000076293945,10901.00002670288,97060.0,True,288,287,True,0,0,False,False,97,False,False,risk_lstm,8,0.8656729459762573,0.4749826490879059,2.082928419113159,0.8931667804718018,,,,,,accurate
9704,97040.0,107921.00002670288,107962.40002441406,0,41.39999771118164,10922.400024414062,97080.0,True,289,288,True,0,0,False,False,95,False,False,risk_lstm,8,0.9120963215827942,0.39974141120910645,2.156564712524414,0.8724232912063599,,,,,,accurate
9705,97050.0,107962.40002441406,107995.30002212524,0,32.89999771118164,10945.300022125244,97090.0,True,289,288,True,0,0,False,False,94,False,False,risk_lstm,8,0.9170690774917603,0.43795692920684814,2.0286741256713867,0.894622266292572,,,,,,accurate
9708,97080.0,107995.30002212524,108021.20002365112,0,25.900001525878906,10941.200023651123,97120.0,True,289,288,True,0,0,False,False,91,False,False,risk_lstm,8,0.9278068542480469,0.3219432830810547,2.022240400314331,0.9216509461402893,,,,,,accurate
9709,97090.0,108021.20002365112,108054.70002365112,0,33.5,10964.700023651123,97130.0,True,290,289,True,0,0,False,False,90,False,False,risk_lstm,8,0.9429409503936768,0.33337804675102234,2.1802499294281006,0.8703052997589111,,,,,,accurate
9710,97100.0,108054.70002365112,108085.50002288818,0,30.799999237060547,10985.500022888184,97140.0,True,291,290,True,0,0,False,False,89,False,False,risk_lstm,8,0.9657920598983765,0.1540742814540863,2.1528756618499756,0.9088298678398132,,,,,,accurate
9711,97110.0,108085.50002288818,108113.20002365112,0,27.700000762939453,11003.200023651123,97150.0,True,292,291,True,1,1,False,False,88,False,False,risk_lstm,8,0.9265261888504028,0.2600325345993042,2.084758996963501,0.8941799402236938,,,,,,accurate
9712,97120.0,108113.20002365112,108156.30002212524,0,43.099998474121094,11036.300022125244,97160.0,True,293,292,True,1,1,False,False,87,False,False,risk_lstm,8,0.9254804849624634,0.2701631486415863,2.147274971008301,0.8754702806472778,,,,,,accurate
9714,97140.0,108156.30002212524,108190.50002670288,0,34.20000457763672,11050.50002670288,97180.0,True,293,292,True,0,0,False,False,85,False,False,risk_lstm,8,0.9338266849517822,0.27655720710754395,2.066169023513794,0.8944066762924194,,,,,,accurate
9715,97150.0,108190.50002670288,108233.00002670288,0,42.5,11083.00002670288,97190.0,True,294,293,True,0,0,False,False,84,False,False,risk_lstm,8,0.9465833902359009,0.24467788636684418,2.1871869564056396,0.8712033629417419,,,,,,accurate
9716,97160.0,108233.00002670288,108278.30002975464,0,45.30000305175781,11118.300029754639,97200.0,True,295,294,True,0,0,False,False,83,False,False,risk_lstm,8,0.929835855960846,0.28616589307785034,2.20186185836792,0.8764758110046387,,,,,,accurate
9719,97190.0,108278.30002975464,108334.70003128052,0,56.400001525878906,11144.700031280518,97230.0,True,295,294,True,1,1,False,False,80,False,False,risk_lstm,8,0.8698891997337341,0.3414168357849121,2.149818181991577,0.8899751901626587,,,,,,accurate
9723,97230.0,108334.70003128052,108374.80003356934,0,40.10000228881836,11144.800033569336,97270.0,True,295,294,True,0,0,False,False,76,False,False,risk_lstm,8,0.903602659702301,0.36556199193000793,2.199016809463501,0.8809776306152344,,,,,,accurate
9724,97240.0,108374.80003356934,108415.00003433228,0,40.20000076293945,11175.000034332275,97280.0,True,295,294,True,0,0,False,False,75,False,False,risk_lstm,8,0.8987448811531067,0.41096049547195435,2.1740188598632812,0.8748483657836914,,,,,,accurate
9727,97270.0,108415.00003433228,108452.80003738403,0,37.80000305175781,11182.800037384033,97310.0,True,296,295,True,1,1,False,False,72,False,False,risk_lstm,8,0.8904421329498291,0.46226662397384644,2.084690570831299,0.8812971115112305,,,,,,accurate
9732,97320.0,108452.80003738403,108505.00003433228,0,52.19999694824219,11185.000034332275,97360.0,True,295,294,True,0,0,False,False,67,False,False,risk_lstm,8,0.8949304223060608,0.43491291999816895,2.1446568965911865,0.8705072402954102,,,,,,accurate
9736,97360.0,108505.00003433228,108543.50003051758,0,38.499996185302734,11183.500030517578,97400.0,True,295,294,True,1,1,False,False,63,False,False,risk_lstm,8,0.8717738389968872,0.46263015270233154,2.1316545009613037,0.8738992810249329,,,,,,accurate
9740,97400.0,108543.50003051758,108580.70002746582,0,37.19999694824219,11180.70002746582,97440.0,True,295,294,True,0,0,False,False,59,False,False,risk_lstm,8,0.8516911268234253,0.44265908002853394,2.1167445182800293,0.8825594782829285,,,,,,accurate
9745,97450.0,108580.70002746582,108620.50002670288,0,39.79999923706055,11170.50002670288,97490.0,True,295,294,True,1,1,False,False,54,False,False,risk_lstm,8,0.8815861940383911,0.4142005741596222,2.152498483657837,0.8782229423522949,,,,,,accurate
9746,97460.0,108620.50002670288,108655.70002365112,0,35.19999694824219,11195.700023651123,97500.0,True,296,295,True,0,0,False,False,53,False,False,risk_lstm,8,0.892850399017334,0.4409657418727875,2.1642582416534424,0.871444821357727,,,,,,accurate
9747,97470.0,108655.70002365112,108693.50002288818,0,37.79999923706055,11223.500022888184,97510.0,True,297,296,True,0,0,False,False,52,False,False,risk_lstm,8,0.8430106043815613,0.42230936884880066,2.087951898574829,0.8864966034889221,,,,,,accurate
9748,97480.0,108693.50002288818,108733.50002288818,0,40.0,11253.500022888184,97520.0,True,297,296,True,0,0,False,False,51,False,False,risk_lstm,8,0.857323408126831,0.38432881236076355,2.111135244369507,0.8849934935569763,,,,,,accurate
9751,97510.0,108733.50002288818,108758.70002365112,0,25.200000762939453,11248.700023651123,97550.0,True,297,296,True,0,0,False,False,48,False,False,risk_lstm,8,0.8948851823806763,0.42022091150283813,1.9267868995666504,0.9273812174797058,,,,,,accurate
9752,97520.0,108758.70002365112,108791.20002365112,0,32.5,11271.200023651123,97560.0,True,298,297,True,0,0,False,False,47,False,False,risk_lstm,8,0.90155029296875,0.350738525390625,2.2083957195281982,0.8804576992988586,,,,,,accurate
9754,97540.0,108791.20002365112,108830.40002441406,0,39.20000076293945,11290.400024414062,97580.0,True,299,298,True,0,0,False,False,45,False,False,risk_lstm,8,0.886968731880188,0.3095265328884125,2.2089641094207764,0.8865785002708435,,,,,,accurate
9756,97560.0,108830.40002441406,108860.600025177,0,30.200000762939453,11300.600025177002,97600.0,True,299,298,True,0,0,False,False,43,False,False,risk_lstm,8,0.9034463763237,0.37276995182037354,2.205199956893921,0.8798788189888,,,,,,accurate
9758,97580.0,108860.600025177,108892.50003051758,0,31.900005340576172,11312.500030517578,97620.0,True,299,298,True,0,0,False,False,41,False,False,risk_lstm,8,0.9056699872016907,0.36067020893096924,2.0706562995910645,0.9027800559997559,,,,,,accurate
9763,97630.0,108892.50003051758,108925.80002975464,0,33.29999923706055,11295.800029754639,97670.0,True,299,298,True,1,1,False,False,36,False,False,risk_lstm,8,0.9158359169960022,0.3342856466770172,2.2156260013580322,0.8773738145828247,,,,,,accurate
9766,97660.0,108925.80002975464,108956.6000328064,0,30.800003051757812,11296.600032806396,97700.0,True,299,298,True,1,1,False,False,33,False,False,risk_lstm,8,0.9038302898406982,0.31651753187179565,2.1426784992218018,0.8874552845954895,,,,,,accurate
9768,97680.0,108956.6000328064,108981.70003128052,0,25.099998474121094,11301.700031280518,97720.0,True,299,298,True,1,1,False,False,31,False,False,risk_lstm,8,0.919324517250061,0.2180434614419937,1.9446852207183838,0.9269344806671143,,,,,,accurate
9770,97700.0,108981.70003128052,109015.1000328064,0,33.400001525878906,11315.100032806396,97740.0,True,300,299,True,0,0,False,False,29,False,False,risk_lstm,8,0.9321685433387756,0.3095495104789734,2.215503692626953,0.8764588832855225,,,,,,accurate
9772,97720.0,109015.1000328064,109043.70003128052,0,28.599998474121094,11323.700031280518,97760.0,True,300,299,True,0,0,False,False,27,False,False,risk_lstm,8,0.9319477677345276,0.30983006954193115,2.08683180809021,0.8881963491439819,,,,,,accurate
9773,97730.0,109043.70003128052,109073.00003051758,0,29.299999237060547,11343.000030517578,97770.0,True,301,300,True,1,1,False,False,26,False,False,risk_lstm,8,0.9240525364875793,0.3386898636817932,2.073775053024292,0.8910996317863464,,,,,,accurate
9774,97740.0,109073.00003051758,109128.1000289917,0,55.099998474121094,11388.1000289917,97780.0,True,301,300,True,0,0,False,False,25,False,False,risk_lstm,8,0.9233717322349548,0.30279961228370667,2.1957027912139893,0.8770487308502197,,,,,,accurate
9775,97750.0,109128.1000289917,109172.00003051758,0,43.900001525878906,11422.000030517578,97790.0,True,302,301,True,0,0,False,False,24,False,False,risk_lstm,8,0.9233441948890686,0.33249297738075256,2.132544994354248,0.8814384341239929,,,,,,accurate
9777,97770.0,109172.00003051758,109220.50003051758,0,48.5,11450.500030517578,97810.0,True,303,302,True,1,1,False,False,22,False,False,risk_lstm,8,0.9384851455688477,0.31171533465385437,2.2039358615875244,0.8675925135612488,,,,,,accurate
9780,97800.0,109220.50003051758,109261.70003128052,0,41.20000076293945,11461.700031280518,97840.0,True,303,302,True,0,0,False,False,19,False,False,risk_lstm,8,0.9206807613372803,0.29004448652267456,2.0993103981018066,0.8862773180007935,,,,,,accurate
9786,97860.0,109261.70003128052,109309.1000328064,0,47.400001525878906,11449.100032806396,97900.0,True,302,301,True,1,1,False,False,13,False,False,risk_lstm,8,0.9130062460899353,0.38224053382873535,2.1783947944641113,0.8667154908180237,,,,,,accurate
9789,97890.0,109309.1000328064,109351.50003051758,0,42.39999771118164,11461.500030517578,97930.0,True,302,301,True,1,1,False,False,10,False,False,risk_lstm,8,0.920596718788147,0.35807642340660095,2.0194571018218994,0.9005879163742065,,,,,,accurate
9798,97980.0,109351.50003051758,109408.6000289917,0,57.099998474121094,11428.6000289917,98020.0,True,301,300,True,0,0,False,False,1,True,False,risk_lstm,8,0.9094096422195435,0.3761409521102905,2.1914501190185547,0.8701836466789246,,,,,,accurate
9800,98000.0,109408.6000289917,109449.6000289917,0,41.0,11449.6000289917,98040.0,True,301,300,True,0,0,False,False,99,False,False,risk_lstm,8,0.8647308945655823,0.37871766090393066,2.087677240371704,0.8902748823165894,,,,,,accurate
9803,98030.0,109449.6000289917,109495.80002975464,0,46.20000076293945,11465.800029754639,98070.0,True,301,300,True,1,1,False,False,96,False,False,risk_lstm,8,0.9098672866821289,0.3844625949859619,2.196417808532715,0.8749427199363708,,,,,,accurate
9805,98050.0,109495.80002975464,109559.70002746582,0,63.89999771118164,11509.70002746582,98090.0,True,302,301,True,1,1,False,False,94,False,False,risk_lstm,8,0.8489116430282593,0.38968411087989807,2.1084792613983154,0.8877109885215759,,,,,,accurate
9806,98060.0,109559.70002746582,109595.80002975464,0,36.10000228881836,11535.800029754639,98100.0,True,302,301,True,1,1,False,False,93,False,False,risk_lstm,8,0.9086945056915283,0.38049739599227905,2.204901933670044,0.8741153478622437,,,,,,accurate
9813,98130.0,109595.80002975464,109631.30002975464,0,35.5,11501.300029754639,98170.0,True,302,301,True,0,0,False,False,86,False,False,risk_lstm,8,0.8915529847145081,0.40474364161491394,2.1625096797943115,0.8793677091598511,,,,,,accurate
9817,98170.0,109631.30002975464,109666.00003051758,0,34.70000076293945,11496.000030517578,98210.0,True,301,300,True,0,0,False,False,82,False,False,risk_lstm,8,0.9026126265525818,0.4103529751300812,2.1548011302948,0.8819112777709961,,,,,,accurate
9818,98180.0,109666.00003051758,109699.20003128052,0,33.20000076293945,11519.200031280518,98220.0,True,302,301,True,0,0,False,False,81,False,False,risk_lstm,8,0.9167819619178772,0.43885427713394165,2.05501127243042,0.8881362080574036,,,,,,accurate
9821,98210.0,109699.20003128052,109734.30002975464,0,35.099998474121094,11524.300029754639,98250.0,True,302,301,True,0,0,False,False,78,False,False,risk_lstm,8,0.9042896032333374,0.4772554337978363,2.0366005897521973,0.8838229775428772,,,,,,accurate
9822,98220.0,109734.30002975464,109779.50002670288,0,45.19999694824219,11559.50002670288,98260.0,True,303,302,True,0,0,False,False,77,False,False,risk_lstm,8,0.9132732152938843,0.4056566655635834,2.131286859512329,0.8672862648963928,,,,,,accurate
9823,98230.0,109779.50002670288,109814.50003051758,0,35.000003814697266,11584.500030517578,98270.0,True,303,302,True,1,1,False,False,76,False,False,risk_lstm,8,0.8996614217758179,0.4551860988140106,2.111243486404419,0.8707213401794434,,,,,,accurate
9825,98250.0,109814.50003051758,109845.6000289917,0,31.099998474121094,11595.6000289917,98290.0,True,304,303,True,1,1,False,False,74,False,False,risk_lstm,8,0.9271194338798523,0.3255017101764679,1.9778132438659668,0.9172638058662415,,,,,,accurate
9828,98280.0,109845.6000289917,109881.90002822876,0,36.29999923706055,11601.90002822876,98320.0,True,304,303,True,1,1,False,False,71,False,False,risk_lstm,8,0.9252445101737976,0.3360995650291443,2.190884828567505,0.8690080642700195,,,,,,accurate
9831,98310.0,109881.90002822876,109919.30002593994,0,37.39999771118164,11609.300025939941,98350.0,True,304,303,True,1,1,False,False,68,False,False,risk_lstm,8,0.9208511710166931,0.35569748282432556,2.171191930770874,0.8726813197135925,,,,,,accurate
9832,98320.0,109919.30002593994,109943.30002593994,0,24.0,11623.300025939941,98360.0,True,305,304,True,0,0,False,False,67,False,False,risk_lstm,8,0.8840228915214539,0.12670506536960602,2.111661434173584,0.9121374487876892,,,,,,accurate
9835,98350.0,109943.30002593994,110024.50002288818,0,81.19999694824219,11674.500022888184,98390.0,True,306,305,True,0,0,False,False,64,False,False,risk_lstm,8,0.9563016295433044,0.14878660440444946,1.994238018989563,0.9162487983703613,,,,,,accurate
9836,98360.0,110024.50002288818,110063.50001907349,0,38.999996185302734,11703.500019073486,98400.0,True,306,305,True,0,0,False,False,63,False,False,risk_lstm,8,0.9416060447692871,0.19248537719249725,2.028144598007202,0.930421769618988,,,,,,accurate
9837,98370.0,110063.50001907349,110116.20001983643,0,52.70000076293945,11746.200019836426,98410.0,True,307,306,True,1,1,False,False,62,False,False,risk_lstm,8,0.9301262497901917,0.21046783030033112,2.1315882205963135,0.8791234493255615,,,,,,accurate
9838,98380.0,110116.20001983643,110150.50001907349,0,34.29999923706055,11770.500019073486,98420.0,True,308,307,True,0,0,False,False,61,False,False,risk_lstm,8,0.9504624605178833,0.21292932331562042,2.1893508434295654,0.879939615726471,,,,,,accurate
9841,98410.0,110150.50001907349,110186.60001754761,0,36.099998474121094,11776.600017547607,98450.0,True,308,307,True,0,0,False,False,58,False,False,risk_lstm,8,0.900259792804718,0.26977768540382385,2.1808724403381348,0.8935877680778503,,,,,,accurate
9843,98430.0,110186.60001754761,110208.90001678467,0,22.299999237060547,11778.900016784668,98470.0,True,308,307,True,0,0,False,False,56,False,False,risk_lstm,8,0.9286026358604431,0.26177382469177246,2.2272682189941406,0.887837827205658,,,,,,accurate
9849,98490.0,110208.90001678467,110231.20001602173,0,22.299999237060547,11741.200016021729,98530.0,True,307,306,True,0,0,False,False,50,False,False,risk_lstm,8,0.8906767964363098,0.2925500273704529,2.077343225479126,0.9034202694892883,,,,,,accurate
9850,98500.0,110231.20001602173,110261.50001907349,0,30.300003051757812,11761.500019073486,98540.0,True,308,307,True,0,0,False,False,49,False,False,risk_lstm,8,0.9157803058624268,0.3509938418865204,2.1094555854797363,0.8918963670730591,,,,,,accurate
9853,98530.0,110261.50001907349,110289.10001754761,0,27.599998474121094,11759.100017547607,98570.0,True,308,307,True,0,0,False,False,46,False,False,risk_lstm,8,0.8633907437324524,0.3614055812358856,2.0872390270233154,0.8917299509048462,,,,,,accurate
9855,98550.0,110289.10001754761,110317.50001907349,0,28.400001525878906,11767.500019073486,98590.0,True,309,308,True,1,1,False,False,44,False,False,risk_lstm,8,0.8411166071891785,0.3858502507209778,1.9997869729995728,0.8861202597618103,,,,,,accurate
9856,98560.0,110317.50001907349,110342.30002212524,0,24.800003051757812,11782.300022125244,98600.0,True,309,308,True,1,1,False,False,43,False,False,risk_lstm,8,0.9021937251091003,0.3967559039592743,2.202373504638672,0.8699430823326111,,,,,,accurate
9857,98570.0,110342.30002212524,110361.30001831055,0,18.999996185302734,11791.300018310547,98610.0,True,310,309,True,0,0,False,False,42,False,False,risk_lstm,8,0.9115864634513855,0.39125174283981323,2.036775588989258,0.9035367965698242,,,,,,accurate
9861,98610.0,110361.30001831055,110399.30001831055,0,38.0,11789.300018310547,98650.0,True,310,309,True,1,1,False,False,38,False,False,risk_lstm,8,0.886319100856781,0.3882567584514618,2.179285764694214,0.8776289820671082,,,,,,accurate
9865,98650.0,110399.30001831055,110430.90001678467,0,31.599998474121094,11780.900016784668,98690.0,True,310,309,True,0,0,False,False,34,False,False,risk_lstm,8,0.8723682761192322,0.4439209997653961,2.1074635982513428,0.8854391574859619,,,,,,accurate
9868,98680.0,110430.90001678467,110451.00001907349,0,20.10000228881836,11771.000019073486,98720.0,True,310,309,True,0,0,False,False,31,False,False,risk_lstm,8,0.9350910186767578,0.29371675848960876,2.0951650142669678,0.8940230011940002,,,,,,accurate
9870,98700.0,110451.00001907349,110469.20001983643,0,18.200000762939453,11769.200019836426,98740.0,True,311,310,True,0,0,False,False,29,False,False,risk_lstm,8,0.93819659948349,0.3044387996196747,1.9821683168411255,0.9209082126617432,,,,,,accurate
9871,98710.0,110469.20001983643,110494.30001831055,0,25.099998474121094,11784.300018310547,98750.0,True,311,310,True,0,0,False,False,28,False,False,risk_lstm,8,0.9353583455085754,0.27895691990852356,2.149651288986206,0.8788949847221375,,,,,,accurate
9874,98740.0,110494.30001831055,110520.50001525879,0,26.199996948242188,11780.500015258789,98780.0,True,311,310,True,0,0,False,False,25,False,False,risk_lstm,8,0.9313579797744751,0.2849219739437103,2.193568468093872,0.8718144297599792,,,,,,accurate
9875,98750.0,110520.50001525879,110543.50001525879,0,23.0,11793.500015258789,98790.0,True,312,311,True,0,0,False,False,24,False,False,risk_lstm,8,0.9277821183204651,0.3091955780982971,2.165990114212036,0.8776419758796692,,,,,,accurate
9877,98770.0,110543.50001525879,110573.20001602173,0,29.700000762939453,11803.200016021729,98810.0,True,312,311,True,0,0,False,False,22,False,False,risk_lstm,8,0.8729954361915588,0.3320075273513794,2.0701632499694824,0.8926677703857422,,,,,,accurate
9887,98870.0,110573.20001602173,110605.90001678467,0,32.70000076293945,11735.900016784668,98910.0,True,309,308,True,1,1,False,False,12,False,False,risk_lstm,8,0.8897387981414795,0.32918912172317505,2.2019155025482178,0.887883722782135,,,,,,accurate
9889,98890.0,110605.90001678467,110627.00001907349,0,21.10000228881836,11737.000019073486,98930.0,True,310,309,True,0,0,False,False,10,False,False,risk_lstm,8,0.9207265377044678,0.34955039620399475,2.1586039066314697,0.886579692363739,,,,,,accurate
9890,98900.0,110627.00001907349,110652.1000213623,0,25.10000228881836,11752.100021362305,98940.0,True,310,309,True,0,0,False,False,9,False,False,risk_lstm,8,0.9371992349624634,0.36232760548591614,2.0962467193603516,0.8846904039382935,,,,,,accurate
9892,98920.0,110652.1000213623,110671.20002365112,0,19.10000228881836,11751.200023651123,98960.0,True,311,310,True,1,1,False,False,7,False,False,risk_lstm,8,0.9351219534873962,0.21580538153648376,1.949824333190918,0.9201639890670776,,,,,,accurate
9897,98970.0,110671.20002365112,110688.00002670288,0,16.800003051757812,11718.00002670288,99010.0,True,311,310,True,0,0,False,False,2,True,False,risk_lstm,8,0.9237171411514282,0.15566162765026093,1.9677144289016724,0.9234117865562439,,,,,,accurate
9898,98980.0,110688.00002670288,110708.1000289917,0,20.10000228881836,11728.1000289917,99020.0,True,312,311,True,0,0,False,False,1,True,False,risk_lstm,8,0.9573051929473877,0.1932007074356079,2.1197493076324463,0.8910081386566162,,,,,,accurate
9899,98990.0,110708.1000289917,110730.00002670288,0,21.89999771118164,11740.00002670288,99030.0,True,312,311,True,0,0,False,True,0,True,False,risk_lstm,8,0.9412657022476196,0.21957358717918396,2.0762903690338135,0.8919438719749451,,,,,,accurate
9900,99000.0,110730.00002670288,110753.70002746582,0,23.700000762939453,11753.70002746582,99040.0,True,313,312,True,0,0,False,False,99,False,False,risk_lstm,8,0.926845371723175,0.2528608739376068,2.1127536296844482,0.8874809741973877,,,,,,accurate
9901,99010.0,110753.70002746582,110785.90003204346,0,32.20000457763672,11775.900032043457,99050.0,True,314,313,True,1,1,False,False,98,False,False,risk_lstm,8,0.8948714137077332,0.2933371961116791,1.9032063484191895,0.8824885487556458,,,,,,accurate
9902,99020.0,110785.90003204346,110825.30003356934,0,39.400001525878906,11805.300033569336,99060.0,True,314,313,True,0,0,False,False,97,False,False,risk_lstm,8,0.9227293133735657,0.25905275344848633,2.22621750831604,0.884174644947052,,,,,,accurate
9903,99030.0,110825.30003356934,110852.1000328064,0,26.799999237060547,11822.100032806396,99070.0,True,315,314,True,0,0,False,False,96,False,False,risk_lstm,8,0.9104030728340149,0.2679278254508972,2.222673177719116,0.8856603503227234,,,,,,accurate
9905,99050.0,110852.1000328064,110876.50003051758,0,24.39999771118164,11826.500030517578,99090.0,True,316,315,True,1,1,False,False,94,False,False,risk_lstm,8,0.9219096302986145,0.307542622089386,2.206310272216797,0.8798589706420898,,,,,,accurate
9906,99060.0,110876.50003051758,110897.70003128052,0,21.200000762939453,11837.700031280518,99100.0,True,317,316,True,1,1,False,False,93,False,False,risk_lstm,8,0.909325122833252,0.39436280727386475,2.1748087406158447,0.8757278919219971,,,,,,accurate
9913,99130.0,110897.70003128052,110938.50003051758,0,40.79999923706055,11808.500030517578,99170.0,True,317,316,True,1,1,False,False,86,False,False,risk_lstm,8,0.9078634977340698,0.4006861746311188,2.1774179935455322,0.8710489273071289,,,,,,accurate
9915,99150.0,110938.50003051758,110976.20003128052,0,37.70000076293945,11826.200031280518,99190.0,True,317,316,True,1,1,False,False,84,False,False,risk_lstm,8,0.9018172025680542,0.4034847617149353,2.1921684741973877,0.8721485137939453,,,,,,accurate
9922,99220.0,110976.20003128052,110999.50003051758,0,23.299999237060547,11779.500030517578,99260.0,True,316,315,True,0,0,False,False,77,False,False,risk_lstm,8,0.898496150970459,0.445385605096817,2.121429920196533,0.8777912855148315,,,,,,accurate
9923,99230.0,110999.50003051758,111026.00003051758,0,26.5,11796.000030517578,99270.0,True,317,316,True,0,0,False,False,76,False,False,risk_lstm,8,0.8977018594741821,0.46386265754699707,2.1438353061676025,0.8710631132125854,,,,,,accurate
9926,99260.0,111026.00003051758,111045.70003128052,0,19.700000762939453,11785.700031280518,99300.0,True,318,317,True,0,0,False,False,73,False,False,risk_lstm,8,0.9378158450126648,0.3969639241695404,2.035308599472046,0.9008713960647583,,,,,,accurate
9929,99290.0,111045.70003128052,111071.90003204346,0,26.200000762939453,11781.900032043457,99330.0,True,318,317,True,0,0,False,False,70,False,False,risk_lstm,8,0.9015428423881531,0.40686115622520447,2.17997670173645,0.8720275163650513,,,,,,accurate
9932,99320.0,111071.90003204346,111093.70003128052,0,21.799999237060547,11773.700031280518,99360.0,True,318,317,True,0,0,False,False,67,False,False,risk_lstm,8,0.9029790163040161,0.4232850968837738,2.1288022994995117,0.8777272701263428,,,,,,accurate
9936,99360.0,111093.70003128052,111121.30003356934,0,27.60000228881836,11761.300033569336,99400.0,True,317,316,True,0,0,False,False,63,False,False,risk_lstm,8,0.9100529551506042,0.41458719968795776,2.124840021133423,0.8708859086036682,,,,,,accurate
9940,99400.0,111121.30003356934,111138.1000289917,0,16.79999542236328,11738.1000289917,99440.0,True,318,317,True,0,0,False,False,59,False,False,risk_lstm,8,0.9094113707542419,0.26435017585754395,1.933530330657959,0.9303123950958252,,,,,,accurate
9941,99410.0,111138.1000289917,111159.20002746582,0,21.099998474121094,11749.20002746582,99450.0,True,319,318,True,1,1,False,False,58,False,False,risk_lstm,8,0.9383488893508911,0.2934427857398987,2.0117218494415283,0.9054617881774902,,,,,,accurate
9942,99420.0,111159.20002746582,111188.100025177,0,28.89999771118164,11768.100025177002,99460.0,True,319,318,True,1,1,False,False,57,False,False,risk_lstm,8,0.9419893026351929,0.27309268712997437,2.1797378063201904,0.8708849549293518,,,,,,accurate
9943,99430.0,111188.100025177,111218.00002288818,0,29.89999771118164,11788.000022888184,99470.0,True,320,319,True,0,0,False,False,56,False,False,risk_lstm,8,0.8796813488006592,0.2860507667064667,2.0466384887695312,0.8916766047477722,,,,,,accurate
9944,99440.0,111218.00002288818,111244.50001907349,0,26.499996185302734,11804.500019073486,99480.0,True,321,320,True,0,0,False,False,55,False,False,risk_lstm,8,0.925798237323761,0.31277433037757874,2.194427728652954,0.8762749433517456,,,,,,accurate
9945,99450.0,111244.50001907349,111270.1000213623,0,25.60000228881836,11820.100021362305,99490.0,True,322,321,True,0,0,False,False,54,False,False,risk_lstm,8,0.8994160294532776,0.31530365347862244,2.18864107131958,0.8853006362915039,,,,,,accurate
9947,99470.0,111270.1000213623,111291.6000213623,0,21.5,11821.600021362305,99510.0,True,323,322,True,0,0,False,False,52,False,False,risk_lstm,8,0.9239879250526428,0.3137665390968323,2.198155164718628,0.8783707022666931,,,,,,accurate
9950,99500.0,111291.6000213623,111316.50002288818,0,24.900001525878906,11816.500022888184,99540.0,True,324,323,True,1,1,False,False,49,False,False,risk_lstm,8,0.9333219528198242,0.31893348693847656,2.2324957847595215,0.8747435808181763,,,,,,accurate
9951,99510.0,111316.50002288818,111343.20002365112,0,26.700000762939453,11833.200023651123,99550.0,True,325,324,True,1,1,False,False,48,False,False,risk_lstm,8,0.9094380140304565,0.4234492778778076,2.1754610538482666,0.874836802482605,,,,,,accurate
9954,99540.0,111343.20002365112,111369.6000213623,0,26.39999771118164,11829.600021362305,99580.0,True,325,324,True,1,1,False,False,45,False,False,risk_lstm,8,0.8875724673271179,0.3878229856491089,2.168466329574585,0.876980721950531,,,,,,accurate
9955,99550.0,111369.6000213623,111391.00002288818,0,21.400001525878906,11841.000022888184,99590.0,True,326,325,True,1,1,False,False,44,False,False,risk_lstm,8,0.8912575840950012,0.4226657450199127,2.1041147708892822,0.8860880732536316,,,,,,accurate
9957,99570.0,111391.00002288818,111418.20001983643,0,27.199996948242188,11848.200019836426,99610.0,True,326,325,True,1,1,False,False,42,False,False,risk_lstm,8,0.8767397403717041,0.37251681089401245,2.1569554805755615,0.881225049495697,,,,,,accurate
9958,99580.0,111418.20001983643,111436.40002059937,0,18.200000762939453,11856.400020599365,99620.0,True,327,326,True,0,0,False,False,41,False,False,risk_lstm,8,0.9134962558746338,0.3251645863056183,1.8957947492599487,0.9220895171165466,,,,,,accurate
9960,99600.0,111436.40002059937,111460.40002059937,0,24.0,11860.400020599365,99640.0,True,327,326,True,0,0,False,False,39,False,False,risk_lstm,8,0.9168508052825928,0.37604841589927673,2.064211130142212,0.8888974785804749,,,,,,accurate
9962,99620.0,111460.40002059937,111491.40002059937,0,31.0,11871.400020599365,99660.0,True,327,326,True,1,1,False,False,37,False,False,risk_lstm,8,0.8602451086044312,0.36333975195884705,1.9762704372406006,0.8903020024299622,,,,,,accurate
9969,99690.0,111491.40002059937,111511.00001907349,0,19.599998474121094,11821.000019073486,99730.0,True,326,325,True,0,0,False,False,30,False,False,risk_lstm,8,0.9280725121498108,0.3194426894187927,1.993933916091919,0.9118941426277161,,,,,,accurate
9972,99720.0,111511.00001907349,111536.70001983643,0,25.700000762939453,11816.700019836426,99760.0,True,326,325,True,1,1,False,False,27,False,False,risk_lstm,8,0.966854453086853,0.14388534426689148,2.1094589233398438,0.9129546284675598,,,,,,accurate
9974,99740.0,111536.70001983643,111558.80001831055,0,22.099998474121094,11818.800018310547,99780.0,True,327,326,True,0,0,False,False,25,False,False,risk_lstm,8,0.9402655363082886,0.2744640111923218,2.123781681060791,0.8867580890655518,,,,,,accurate
9975,99750.0,111558.80001831055,111584.50001907349,0,25.700000762939453,11834.500019073486,99790.0,True,328,327,True,0,0,False,False,24,False,False,risk_lstm,8,0.943669855594635,0.23559993505477905,2.1960506439208984,0.8748039603233337,,,,,,accurate
9977,99770.0,111584.50001907349,111606.50001907349,0,22.0,11836.500019073486,99810.0,True,328,327,True,0,0,False,False,22,False,False,risk_lstm,8,0.9427910447120667,0.26147425174713135,2.229621648788452,0.8751168847084045,,,,,,accurate
9979,99790.0,111606.50001907349,111627.90001678467,0,21.39999771118164,11837.900016784668,99830.0,True,328,327,True,1,1,False,False,20,False,False,risk_lstm,8,0.9301174283027649,0.3442724943161011,2.020305633544922,0.9009801149368286,,,,,,accurate
9982,99820.0,111627.90001678467,111650.00001525879,0,22.099998474121094,11830.000015258789,99860.0,True,328,327,True,1,1,False,False,17,False,False,risk_lstm,8,0.9327797889709473,0.31148627400398254,2.1036059856414795,0.8777583241462708,,,,,,accurate
9985,99850.0,111650.00001525879,111673.30001449585,0,23.299999237060547,11823.30001449585,99890.0,True,329,328,True,0,0,False,False,14,False,False,risk_lstm,8,0.9273010492324829,0.3118215501308441,2.2045304775238037,0.8716076016426086,,,,,,accurate
9986,99860.0,111673.30001449585,111701.10001754761,0,27.800003051757812,11841.100017547607,99900.0,True,330,329,True,1,1,False,False,13,False,False,risk_lstm,8,0.898678183555603,0.34239691495895386,2.196779489517212,0.8821936845779419,,,,,,accurate
9988,99880.0,111701.10001754761,111729.30001449585,0,28.199996948242188,11849.30001449585,99920.0,True,331,330,True,1,1,False,False,11,False,False,risk_lstm,8,0.8947224617004395,0.3986019790172577,2.195007801055908,0.8735446333885193,,,,,,accurate
9990,99900.0,111729.30001449585,111753.10001373291,0,23.799999237060547,11853.10001373291,99940.0,True,332,331,True,0,0,False,False,9,False,False,risk_lstm,8,0.902412474155426,0.42609158158302307,2.164316177368164,0.8729584813117981,,,,,,accurate
9991,99910.0,111753.10001373291,111775.30001449585,0,22.200000762939453,11865.30001449585,99950.0,True,333,332,True,0,0,False,False,8,False,False,risk_lstm,8,0.8999652862548828,0.41064417362213135,2.1866273880004883,0.8723284006118774,,,,,,accurate
9992,99920.0,111775.30001449585,111799.30001449585,0,24.0,11879.30001449585,99960.0,True,334,333,True,0,0,False,False,7,False,False,risk_lstm,8,0.8874562382698059,0.42268431186676025,2.1593902111053467,0.8767126202583313,,,,,,accurate
9997,99970.0,111799.30001449585,111817.20001602173,0,17.900001525878906,11847.200016021729,100010.0,True,334,333,True,0,0,False,False,2,True,False,risk_lstm,8,0.9166333079338074,0.351808100938797,1.9670779705047607,0.918306827545166,,,,,,accurate
