shot_id,arrival_time_us,start_time_us,finish_time_us,worker_id,latency_us,response_time_us,deadline_us,deadline_miss,backlog,pauli_frame_lag,pauli_frame_lag_violation,selected_decoder,prediction,observable,logical_error,logical_boundary,rounds_until_boundary,boundary_drain,boundary_commit_success,ai_model_type,ai_history_length,ai_risk_score,ai_hard_runtime_score,ai_runtime_pred,ai_confidence,fast_wrong_prob,fast_logical_fail_prob,hard_runtime_prob,safe_fast_prob,combined_fast_risk
12,84.0,84.0,108.3,0,24.3,24.299999999999997,112.0,False,1,0,False,accurate,1,1,False,False,87,False,True,,,,,,,,,,,
13,91.0,108.3,125.47082838515438,0,17.17082838515438,34.47082838515438,119.0,True,2,1,False,accurate,0,0,False,False,86,False,False,,,,,,,,,,,
16,112.0,125.47082838515438,147.05416654497384,0,21.583338159819473,35.05416654497384,140.0,True,2,1,False,accurate,0,0,False,False,83,False,False,,,,,,,,,,,
17,119.0,147.05416654497384,166.4412479289373,0,19.387081383963434,47.44124792893729,147.0,True,3,2,False,accurate,1,1,False,False,82,False,False,,,,,,,,,,,
25,175.0,175.0,189.20000076293945,0,14.200000762939453,14.200000762939453,203.0,False,1,0,False,accurate,1,1,False,False,74,False,True,,,,,,,,,,,
27,189.0,189.20000076293945,203.29999923706055,0,14.099998474121094,14.299999237060547,217.0,False,2,1,False,accurate,0,0,False,False,72,False,True,,,,,,,,,,,
29,203.0,203.29999923706055,220.5,0,17.200000762939453,17.5,231.0,False,2,1,False,accurate,1,1,False,False,70,False,True,,,,,,,,,,,
31,217.0,220.5,231.79999923706055,0,11.299999237060547,14.799999237060547,245.0,False,2,1,False,accurate,0,0,False,False,68,False,True,,,,,,,,,,,
32,224.0,231.79999923706055,244.0,0,12.200000762939453,20.0,252.0,False,2,1,False,accurate,0,0,False,False,67,False,True,,,,,,,,,,,
34,238.0,244.0,259.00000381469727,0,15.000003814697266,21.000003814697266,266.0,False,2,1,False,accurate,1,1,False,False,65,False,True,,,,,,,,,,,
35,245.0,259.00000381469727,271.8000030517578,0,12.799999237060547,26.800003051757812,273.0,False,2,1,False,accurate,0,0,False,False,64,False,True,,,,,,,,,,,
36,252.0,271.8000030517578,286.10000228881836,0,14.299999237060547,34.10000228881836,280.0,True,3,2,False,accurate,0,0,False,False,63,False,False,,,,,,,,,,,
38,266.0,286.10000228881836,303.9000015258789,0,17.799999237060547,37.900001525878906,294.0,True,3,2,False,accurate,0,0,False,False,61,False,False,,,,,,,,,,,
41,287.0,303.9000015258789,322.5,0,18.599998474121094,35.5,315.0,True,2,1,False,accurate,0,0,False,False,58,False,False,,,,,,,,,,,
42,294.0,322.5,344.5,0,22.0,50.5,322.0,True,3,2,False,accurate,0,0,False,False,57,False,False,,,,,,,,,,,
44,308.0,344.5,368.29999923706055,0,23.799999237060547,60.29999923706055,336.0,True,3,2,False,accurate,0,0,False,False,55,False,False,,,,,,,,,,,
46,322.0,368.29999923706055,389.89999771118164,0,21.599998474121094,67.89999771118164,350.0,True,4,3,False,accurate,0,0,False,False,53,False,False,,,,,,,,,,,
47,329.0,389.89999771118164,404.79999923706055,0,14.900001525878906,75.79999923706055,357.0,True,4,3,False,accurate,0,0,False,False,52,False,False,,,,,,,,,,,
49,343.0,404.79999923706055,417.70000076293945,0,12.900001525878906,74.70000076293945,371.0,True,5,4,False,accurate,0,0,False,False,50,False,False,,,,,,,,,,,
50,350.0,417.70000076293945,433.60000228881836,0,15.900001525878906,83.60000228881836,378.0,True,5,4,False,accurate,1,1,False,False,49,False,False,,,,,,,,,,,
51,357.0,433.60000228881836,447.3000030517578,0,13.700000762939453,90.30000305175781,385.0,True,6,5,True,accurate,0,0,False,False,48,False,False,,,,,,,,,,,
52,364.0,447.3000030517578,462.6999969482422,0,15.399993896484375,98.69999694824219,392.0,True,7,6,True,accurate,1,1,False,False,47,False,False,,,,,,,,,,,
55,385.0,462.6999969482422,475.2999954223633,0,12.599998474121094,90.29999542236328,413.0,True,7,6,True,accurate,0,0,False,False,44,False,False,,,,,,,,,,,
58,406.0,475.2999954223633,487.49999237060547,0,12.199996948242188,81.49999237060547,434.0,True,6,5,True,accurate,0,0,False,False,41,False,False,,,,,,,,,,,
60,420.0,487.49999237060547,503.99999618530273,0,16.500003814697266,83.99999618530273,448.0,True,6,5,True,accurate,0,0,False,False,39,False,False,,,,,,,,,,,
62,434.0,503.99999618530273,517.2999954223633,0,13.299999237060547,83.29999542236328,462.0,True,6,5,True,accurate,0,0,False,False,37,False,False,,,,,,,,,,,
64,448.0,517.2999954223633,529.5999946594238,0,12.299999237060547,81.59999465942383,476.0,True,6,5,True,accurate,0,0,False,False,35,False,False,,,,,,,,,,,
65,455.0,529.5999946594238,544.1999931335449,0,14.599998474121094,89.19999313354492,483.0,True,7,6,True,accurate,1,1,False,False,34,False,False,,,,,,,,,,,
72,504.0,544.1999931335449,555.9999923706055,0,11.799999237060547,51.99999237060547,532.0,True,4,3,False,accurate,0,0,False,False,27,False,False,,,,,,,,,,,
76,532.0,555.9999923706055,571.9999923706055,0,16.0,39.99999237060547,560.0,True,3,2,False,accurate,0,0,False,False,23,False,False,,,,,,,,,,,
78,546.0,571.9999923706055,583.4999923706055,0,11.5,37.49999237060547,574.0,True,3,2,False,accurate,1,1,False,False,21,False,False,,,,,,,,,,,
79,553.0,583.4999923706055,595.299991607666,0,11.799999237060547,42.299991607666016,581.0,True,4,3,False,accurate,0,0,False,False,20,False,False,,,,,,,,,,,
80,560.0,595.299991607666,611.3999900817871,0,16.099998474121094,51.39999008178711,588.0,True,4,3,False,accurate,0,1,True,False,19,False,False,,,,,,,,,,,
83,581.0,611.3999900817871,624.9999923706055,0,13.60000228881836,43.99999237060547,609.0,True,4,3,False,accurate,0,0,False,False,16,False,False,,,,,,,,,,,
84,588.0,624.9999923706055,639.3999900817871,0,14.39999771118164,51.39999008178711,616.0,True,4,3,False,accurate,0,0,False,False,15,False,False,,,,,,,,,,,
92,644.0,644.0,655.0999946594238,0,11.099994659423828,11.099994659423828,672.0,False,1,0,False,accurate,0,0,False,False,7,False,True,,,,,,,,,,,
93,651.0,655.0999946594238,667.6999893188477,0,12.599994659423828,16.699989318847656,679.0,False,2,1,False,accurate,0,0,False,False,6,False,True,,,,,,,,,,,
95,665.0,667.6999893188477,683.5999908447266,0,15.900001525878906,18.599990844726562,693.0,False,2,1,False,accurate,0,0,False,False,4,False,True,,,,,,,,,,,
97,679.0,683.5999908447266,697.799991607666,0,14.200000762939453,18.799991607666016,707.0,False,2,1,False,accurate,0,0,False,False,2,True,True,,,,,,,,,,,
98,686.0,697.799991607666,708.1999931335449,0,10.400001525878906,22.199993133544922,714.0,False,2,1,False,accurate,0,0,False,False,1,True,True,,,,,,,,,,,
100,700.0,708.1999931335449,720.8999938964844,0,12.700000762939453,20.899993896484375,728.0,False,2,1,False,accurate,0,0,False,False,99,False,True,,,,,,,,,,,
101,707.0,720.8999938964844,734.6999931335449,0,13.799999237060547,27.699993133544922,735.0,False,3,2,False,accurate,0,0,False,False,98,False,True,,,,,,,,,,,
103,721.0,734.6999931335449,750.4999923706055,0,15.799999237060547,29.49999237060547,749.0,True,2,1,False,accurate,0,0,False,False,96,False,False,,,,,,,,,,,
109,763.0,763.0,777.2999992370605,0,14.299999237060547,14.299999237060547,791.0,False,1,0,False,accurate,0,0,False,False,90,False,True,,,,,,,,,,,
111,777.0,777.2999992370605,793.6999969482422,0,16.39999771118164,16.699996948242188,805.0,False,2,1,False,accurate,0,0,False,False,88,False,True,,,,,,,,,,,
112,784.0,793.6999969482422,814.5999946594238,0,20.89999771118164,30.599994659423828,812.0,True,2,1,False,accurate,1,1,False,False,87,False,False,,,,,,,,,,,
114,798.0,814.5999946594238,830.799991607666,0,16.199996948242188,32.799991607666016,826.0,True,2,1,False,accurate,0,0,False,False,85,False,False,,,,,,,,,,,
117,819.0,830.799991607666,843.1999893188477,0,12.39999771118164,24.199989318847656,847.0,False,2,1,False,accurate,0,0,False,False,82,False,True,,,,,,,,,,,
119,833.0,843.1999893188477,859.6999855041504,0,16.499996185302734,26.69998550415039,861.0,False,2,1,False,accurate,0,0,False,False,80,False,True,,,,,,,,,,,
125,875.0,875.0,887.9999961853027,0,12.999996185302734,12.999996185302734,903.0,False,1,0,False,accurate,1,1,False,False,74,False,True,,,,,,,,,,,
128,896.0,896.0,909.7000007629395,0,13.700000762939453,13.700000762939453,924.0,False,1,0,False,accurate,0,0,False,False,71,False,True,,,,,,,,,,,
136,952.0,952.0,967.5999984741211,0,15.599998474121094,15.599998474121094,980.0,False,1,0,False,accurate,1,1,False,False,63,False,True,,,,,,,,,,,
138,966.0,967.5999984741211,982.3999977111816,0,14.799999237060547,16.39999771118164,994.0,False,2,1,False,accurate,1,1,False,False,61,False,True,,,,,,,,,,,
139,973.0,982.3999977111816,995.4999923706055,0,13.099994659423828,22.49999237060547,1001.0,False,2,1,False,accurate,0,0,False,False,60,False,True,,,,,,,,,,,
141,987.0,995.4999923706055,1007.3999900817871,0,11.89999771118164,20.39999008178711,1015.0,False,2,1,False,accurate,0,0,False,False,58,False,True,,,,,,,,,,,
142,994.0,1007.3999900817871,1024.7999877929688,0,17.39999771118164,30.79998779296875,1022.0,True,3,2,False,accurate,0,0,False,False,57,False,False,,,,,,,,,,,
144,1008.0,1024.7999877929688,1052.0999870300293,0,27.299999237060547,44.0999870300293,1036.0,True,2,1,False,accurate,0,0,False,False,55,False,False,,,,,,,,,,,
146,1022.0,1052.0999870300293,1065.7999877929688,0,13.700000762939453,43.79998779296875,1050.0,True,3,2,False,accurate,0,0,False,False,53,False,False,,,,,,,,,,,
152,1064.0,1065.7999877929688,1084.8999862670898,0,19.099998474121094,20.899986267089844,1092.0,False,2,1,False,accurate,0,0,False,False,47,False,True,,,,,,,,,,,
153,1071.0,1084.8999862670898,1100.1999855041504,0,15.299999237060547,29.19998550415039,1099.0,True,2,1,False,accurate,0,0,False,False,46,False,False,,,,,,,,,,,
154,1078.0,1100.1999855041504,1115.0999870300293,0,14.900001525878906,37.0999870300293,1106.0,True,3,2,False,accurate,0,0,False,False,45,False,False,,,,,,,,,,,
156,1092.0,1115.0999870300293,1128.799991607666,0,13.700004577636719,36.799991607666016,1120.0,True,3,2,False,accurate,0,0,False,False,43,False,False,,,,,,,,,,,
158,1106.0,1128.799991607666,1142.6999893188477,0,13.89999771118164,36.699989318847656,1134.0,True,3,2,False,accurate,0,0,False,False,41,False,False,,,,,,,,,,,
159,1113.0,1142.6999893188477,1159.999984741211,0,17.29999542236328,46.99998474121094,1141.0,True,4,3,False,accurate,1,1,False,False,40,False,False,,,,,,,,,,,
161,1127.0,1159.999984741211,1185.7308204098542,0,25.730835668643294,58.73082040985423,1155.0,True,4,3,False,accurate,1,1,False,False,38,False,False,,,,,,,,,,,
163,1141.0,1185.7308204098542,1210.240821640094,0,24.510001230239865,69.24082164009405,1169.0,True,4,3,False,accurate,0,0,False,False,36,False,False,,,,,,,,,,,
168,1176.0,1210.240821640094,1239.5741552515824,0,29.333333611488342,63.5741552515824,1204.0,True,3,2,False,accurate,0,0,False,False,31,False,False,,,,,,,,,,,
171,1197.0,1239.5741552515824,1258.4687345665693,0,18.894579314986824,61.46873456656931,1225.0,True,3,2,False,accurate,1,1,False,False,28,False,False,,,,,,,,,,,
173,1211.0,1258.4687345665693,1277.4887316435575,0,19.019997076988204,66.48873164355746,1239.0,True,3,2,False,accurate,0,0,False,False,26,False,False,,,,,,,,,,,
175,1225.0,1277.4887316435575,1293.5224777907133,0,16.03374614715576,68.52247779071331,1253.0,True,4,3,False,accurate,1,1,False,False,24,False,False,,,,,,,,,,,
177,1239.0,1293.5224777907133,1312.4278952669104,0,18.905417476197076,73.42789526691035,1267.0,True,5,4,False,accurate,0,0,False,False,22,False,False,,,,,,,,,,,
179,1253.0,1312.4278952669104,1336.0320644845565,0,23.604169217646113,83.03206448455649,1281.0,True,5,4,False,accurate,0,0,False,False,20,False,False,,,,,,,,,,,
180,1260.0,1336.0320644845565,1351.8887277927995,0,15.856663308242947,91.8887277927995,1288.0,True,5,4,False,accurate,0,0,False,False,19,False,False,,,,,,,,,,,
186,1302.0,1351.8887277927995,1364.3887277927995,0,12.5,62.3887277927995,1330.0,True,4,3,False,accurate,0,0,False,False,13,False,False,,,,,,,,,,,
187,1309.0,1364.3887277927995,1379.8887277927995,0,15.5,70.8887277927995,1337.0,True,5,4,False,accurate,1,1,False,False,12,False,False,,,,,,,,,,,
188,1316.0,1379.8887277927995,1393.3887316074968,0,13.500003814697266,77.38873160749677,1344.0,True,5,4,False,accurate,0,0,False,False,11,False,False,,,,,,,,,,,
189,1323.0,1393.3887316074968,1408.888735422194,0,15.500003814697266,85.88873542219403,1351.0,True,6,5,True,accurate,0,0,False,False,10,False,False,,,,,,,,,,,
190,1330.0,1408.888735422194,1422.4887377110124,0,13.60000228881836,92.48873771101239,1358.0,True,7,6,True,accurate,1,1,False,False,9,False,False,,,,,,,,,,,
195,1365.0,1422.4887377110124,1443.388735422194,0,20.89999771118164,78.38873542219403,1393.0,True,5,4,False,accurate,0,0,False,False,4,False,False,,,,,,,,,,,
196,1372.0,1443.388735422194,1458.8887392368913,0,15.500003814697266,86.8887392368913,1400.0,True,6,5,True,accurate,0,0,False,False,3,False,False,,,,,,,,,,,
197,1379.0,1458.8887392368913,1476.6887384739518,0,17.799999237060547,97.68873847395184,1407.0,True,7,6,True,accurate,0,0,False,False,2,True,False,,,,,,,,,,,
199,1393.0,1476.6887384739518,1489.1887384739518,0,12.5,96.18873847395184,1421.0,True,7,6,True,accurate,0,0,False,True,0,True,False,,,,,,,,,,,
201,1407.0,1489.1887384739518,1503.4887377110124,0,14.299999237060547,96.48873771101239,1435.0,True,7,6,True,accurate,0,0,False,False,98,False,False,,,,,,,,,,,
202,1414.0,1503.4887377110124,1516.788736948073,0,13.299999237060547,102.78873694807294,1442.0,True,7,6,True,accurate,0,0,False,False,97,False,False,,,,,,,,,,,
207,1449.0,1516.788736948073,1529.788736948073,0,13.0,80.78873694807294,1477.0,True,6,5,True,accurate,1,1,False,False,92,False,False,,,,,,,,,,,
209,1463.0,1529.788736948073,1543.1887384739518,0,13.400001525878906,80.18873847395184,1491.0,True,6,5,True,accurate,0,0,False,False,90,False,False,,,,,,,,,,,
210,1470.0,1543.1887384739518,1557.6887384739518,0,14.5,87.68873847395184,1498.0,True,7,6,True,accurate,1,1,False,False,89,False,False,,,,,,,,,,,
214,1498.0,1557.6887384739518,1568.4887415257097,0,10.800003051757812,70.48874152570966,1526.0,True,6,5,True,accurate,0,0,False,False,85,False,False,,,,,,,,,,,
216,1512.0,1568.4887415257097,1584.688742288649,0,16.200000762939453,72.68874228864911,1540.0,True,6,5,True,accurate,0,0,False,False,83,False,False,,,,,,,,,,,
218,1526.0,1584.688742288649,1600.3887430515886,0,15.700000762939453,74.38874305158856,1554.0,True,6,5,True,accurate,0,0,False,False,81,False,False,,,,,,,,,,,
221,1547.0,1600.3887430515886,1614.1887461033464,0,13.800003051757812,67.18874610334638,1575.0,True,5,4,False,accurate,0,0,False,False,78,False,False,,,,,,,,,,,
222,1554.0,1614.1887461033464,1629.6887461033464,0,15.5,75.68874610334638,1582.0,True,6,5,True,accurate,0,0,False,False,77,False,False,,,,,,,,,,,
224,1568.0,1629.6887461033464,1647.1887461033464,0,17.5,79.18874610334638,1596.0,True,6,5,True,accurate,0,0,False,False,75,False,False,,,,,,,,,,,
225,1575.0,1647.1887461033464,1661.7887483921647,0,14.60000228881836,86.78874839216473,1603.0,True,6,5,True,accurate,0,0,False,False,74,False,False,,,,,,,,,,,
226,1582.0,1661.7887483921647,1676.8887468662858,0,15.099998474121094,94.88874686628583,1610.0,True,7,6,True,accurate,0,0,False,False,73,False,False,,,,,,,,,,,
231,1617.0,1676.8887468662858,1693.7887483921647,0,16.900001525878906,76.78874839216473,1645.0,True,5,4,False,accurate,0,0,False,False,68,False,False,,,,,,,,,,,
232,1624.0,1693.7887483921647,1707.3887468662858,0,13.599998474121094,83.38874686628583,1652.0,True,6,5,True,accurate,0,0,False,False,67,False,False,,,,,,,,,,,
239,1673.0,1707.3887468662858,1720.088743814528,0,12.699996948242188,47.088743814528016,1701.0,True,4,3,False,accurate,0,0,False,False,60,False,False,,,,,,,,,,,
243,1701.0,1720.088743814528,1731.588743814528,0,11.5,30.588743814528016,1729.0,True,3,2,False,accurate,0,0,False,False,56,False,False,,,,,,,,,,,
244,1708.0,1731.588743814528,1743.588743814528,0,12.0,35.588743814528016,1736.0,True,3,2,False,accurate,0,0,False,False,55,False,False,,,,,,,,,,,
245,1715.0,1743.588743814528,1760.8887392368913,0,17.29999542236328,45.8887392368913,1743.0,True,4,3,False,accurate,0,0,False,False,54,False,False,,,,,,,,,,,
246,1722.0,1760.8887392368913,1772.9887415257097,0,12.10000228881836,50.988741525709656,1750.0,True,4,3,False,accurate,0,0,False,False,53,False,False,,,,,,,,,,,
247,1729.0,1772.9887415257097,1784.3887430515886,0,11.400001525878906,55.38874305158856,1757.0,True,5,4,False,accurate,0,0,False,False,52,False,False,,,,,,,,,,,
248,1736.0,1784.3887430515886,1796.188742288649,0,11.799999237060547,60.18874228864911,1764.0,True,5,4,False,accurate,0,0,False,False,51,False,False,,,,,,,,,,,
251,1757.0,1796.188742288649,1808.7887407627702,0,12.599998474121094,51.7887407627702,1785.0,True,5,4,False,accurate,0,0,False,False,48,False,False,,,,,,,,,,,
252,1764.0,1808.7887407627702,1824.3887430515886,0,15.60000228881836,60.38874305158856,1792.0,True,5,4,False,accurate,0,0,False,False,47,False,False,,,,,,,,,,,
253,1771.0,1824.3887430515886,1841.188742288649,0,16.799999237060547,70.18874228864911,1799.0,True,6,5,True,accurate,0,0,False,False,46,False,False,,,,,,,,,,,
255,1785.0,1841.188742288649,1852.8887392368913,0,11.699996948242188,67.8887392368913,1813.0,True,5,4,False,accurate,0,0,False,False,44,False,False,,,,,,,,,,,
256,1792.0,1852.8887392368913,1865.7887407627702,0,12.900001525878906,73.7887407627702,1820.0,True,6,5,True,accurate,0,0,False,False,43,False,False,,,,,,,,,,,
257,1799.0,1865.7887407627702,1877.188742288649,0,11.400001525878906,78.18874228864911,1827.0,True,6,5,True,accurate,0,0,False,False,42,False,False,,,,,,,,,,,
259,1813.0,1877.188742288649,1889.7887407627702,0,12.599998474121094,76.7887407627702,1841.0,True,6,5,True,accurate,0,0,False,False,40,False,False,,,,,,,,,,,
266,1862.0,1889.7887407627702,1903.4887415257097,0,13.700000762939453,41.488741525709656,1890.0,True,4,3,False,accurate,0,0,False,False,33,False,False,,,,,,,,,,,
267,1869.0,1903.4887415257097,1916.088743814528,0,12.60000228881836,47.088743814528016,1897.0,True,4,3,False,accurate,1,1,False,False,32,False,False,,,,,,,,,,,
268,1876.0,1916.088743814528,1928.7887483921647,0,12.700004577636719,52.788748392164734,1904.0,True,5,4,False,accurate,0,0,False,False,31,False,False,,,,,,,,,,,
272,1904.0,1928.7887483921647,1941.1887461033464,0,12.39999771118164,37.188746103346375,1932.0,True,3,2,False,accurate,0,0,False,False,27,False,False,,,,,,,,,,,
274,1918.0,1941.1887461033464,1955.3887468662858,0,14.200000762939453,37.38874686628583,1946.0,True,3,2,False,accurate,1,1,False,False,25,False,False,,,,,,,,,,,
275,1925.0,1955.3887468662858,1969.5887476292253,0,14.200000762939453,44.58874762922528,1953.0,True,4,3,False,accurate,0,0,False,False,24,False,False,,,,,,,,,,,
276,1932.0,1969.5887476292253,1986.6887499180436,0,17.10000228881836,54.68874991804364,1960.0,True,4,3,False,accurate,0,0,False,False,23,False,False,,,,,,,,,,,
278,1946.0,1986.6887499180436,2000.1887461033464,0,13.499996185302734,54.188746103346375,1974.0,True,4,3,False,accurate,0,0,False,False,21,False,False,,,,,,,,,,,
279,1953.0,2000.1887461033464,2016.7887445774675,0,16.599998474121094,63.78874457746747,1981.0,True,5,4,False,accurate,0,0,False,False,20,False,False,,,,,,,,,,,
282,1974.0,2016.7887445774675,2028.2887445774675,0,11.5,54.28874457746747,2002.0,True,4,3,False,accurate,0,0,False,False,17,False,False,,,,,,,,,,,
283,1981.0,2028.2887445774675,2041.2887445774675,0,13.0,60.28874457746747,2009.0,True,5,4,False,accurate,1,1,False,False,16,False,False,,,,,,,,,,,
287,2009.0,2041.2887445774675,2055.48874152571,0,14.199996948242188,46.488741525709884,2037.0,True,4,3,False,accurate,0,0,False,False,12,False,False,,,,,,,,,,,
290,2030.0,2055.48874152571,2068.48874152571,0,13.0,38.488741525709884,2058.0,True,3,2,False,accurate,0,0,False,False,9,False,False,,,,,,,,,,,
291,2037.0,2068.48874152571,2086.0887438145282,0,17.60000228881836,49.08874381452824,2065.0,True,4,3,False,accurate,0,0,False,False,8,False,False,,,,,,,,,,,
295,2065.0,2086.0887438145282,2098.388743051589,0,12.299999237060547,33.38874305158879,2093.0,True,3,2,False,accurate,0,0,False,False,4,False,False,,,,,,,,,,,
298,2086.0,2098.388743051589,2113.088739999831,0,14.699996948242188,27.088739999830977,2114.0,False,3,2,False,accurate,0,0,False,False,1,True,True,,,,,,,,,,,
303,2121.0,2121.0,2136.5,0,15.5,15.5,2149.0,False,1,0,False,accurate,0,0,False,False,96,False,True,,,,,,,,,,,
304,2128.0,2136.5,2150.6000022888184,0,14.10000228881836,22.60000228881836,2156.0,False,2,1,False,accurate,0,0,False,False,95,False,True,,,,,,,,,,,
306,2142.0,2150.6000022888184,2164.5000038146973,0,13.900001525878906,22.500003814697266,2170.0,False,2,1,False,accurate,0,0,False,False,93,False,True,,,,,,,,,,,
307,2149.0,2164.5000038146973,2177.2000045776367,0,12.700000762939453,28.20000457763672,2177.0,True,3,2,False,accurate,0,0,False,False,92,False,False,,,,,,,,,,,
309,2163.0,2177.2000045776367,2190.0000076293945,0,12.800003051757812,27.00000762939453,2191.0,False,3,2,False,accurate,0,0,False,False,90,False,True,,,,,,,,,,,
310,2170.0,2190.0000076293945,2204.7000122070312,0,14.700004577636719,34.70001220703125,2198.0,True,3,2,False,accurate,0,0,False,False,89,False,False,,,,,,,,,,,
312,2184.0,2204.7000122070312,2222.3000144958496,0,17.60000228881836,38.30001449584961,2212.0,True,3,2,False,accurate,0,0,False,False,87,False,False,,,,,,,,,,,
313,2191.0,2222.3000144958496,2234.000015258789,0,11.700000762939453,43.00001525878906,2219.0,True,3,2,False,accurate,0,0,False,False,86,False,False,,,,,,,,,,,
316,2212.0,2234.000015258789,2246.4000129699707,0,12.39999771118164,34.4000129699707,2240.0,True,3,2,False,accurate,1,1,False,False,83,False,False,,,,,,,,,,,
319,2233.0,2246.4000129699707,2259.2000122070312,0,12.799999237060547,26.20001220703125,2261.0,False,3,2,False,accurate,1,1,False,False,80,False,True,,,,,,,,,,,
322,2254.0,2259.2000122070312,2278.9000123739243,0,19.700000166893005,24.900012373924255,2282.0,False,2,1,False,accurate,1,1,False,False,77,False,True,,,,,,,,,,,
323,2261.0,2278.9000123739243,2337.4337611436845,0,58.53374876976012,76.43376114368448,2289.0,True,2,1,False,accurate,1,1,False,False,76,False,False,,,,,,,,,,,
325,2275.0,2337.4337611436845,2357.637927991152,0,20.204166847467423,82.63792799115208,2303.0,True,3,2,False,accurate,0,0,False,False,74,False,False,,,,,,,,,,,
327,2289.0,2357.637927991152,2379.477092172305,0,21.839164181153,90.47709217230522,2317.0,True,3,2,False,accurate,1,1,False,False,72,False,False,,,,,,,,,,,
328,2296.0,2379.477092172305,2401.477086786032,0,21.99999461372688,105.47708678603203,2324.0,True,4,3,False,accurate,0,0,False,False,71,False,False,,,,,,,,,,,
329,2303.0,2401.477086786032,2418.727086786032,0,17.25,115.72708678603203,2331.0,True,5,4,False,accurate,0,0,False,False,70,False,False,,,,,,,,,,,
330,2310.0,2418.727086786032,2435.4862554361425,0,16.759168650110542,125.48625543614253,2338.0,True,6,5,True,accurate,1,1,False,False,69,False,False,,,,,,,,,,,
331,2317.0,2435.4862554361425,2454.2429201875134,0,18.756664751370728,137.2429201875134,2345.0,True,7,6,True,accurate,0,0,False,False,68,False,False,,,,,,,,,,,
333,2331.0,2454.2429201875134,2474.319587967595,0,20.076667780081436,143.319587967595,2359.0,True,8,7,True,accurate,0,0,False,False,66,False,False,,,,,,,,,,,
337,2359.0,2474.319587967595,2489.492090636095,0,15.172502668499929,130.49209063609487,2387.0,True,7,6,True,accurate,1,1,False,False,62,False,False,,,,,,,,,,,
339,2373.0,2489.492090636095,2504.2733423396453,0,14.781251703550412,131.2733423396453,2401.0,True,8,7,True,accurate,1,1,False,False,60,False,False,,,,,,,,,,,
340,2380.0,2504.2733423396453,2526.1600073705617,0,21.88666503091653,146.16000737056174,2408.0,True,8,7,True,accurate,1,1,False,False,59,False,False,,,,,,,,,,,
342,2394.0,2526.1600073705617,2541.505840729103,0,15.34583335854113,147.50584072910306,2422.0,True,9,8,True,accurate,0,0,False,False,57,False,False,,,,,,,,,,,
343,2401.0,2541.505840729103,2557.7666772169378,0,16.260836487834656,156.76667721693775,2429.0,True,10,9,True,accurate,0,0,False,False,56,False,False,,,,,,,,,,,
346,2422.0,2557.7666772169378,2571.1666749281194,0,13.39999771118164,149.1666749281194,2450.0,True,9,8,True,accurate,0,0,False,False,53,False,False,,,,,,,,,,,
348,2436.0,2571.1666749281194,2587.866675691059,0,16.700000762939453,151.86667569105884,2464.0,True,9,8,True,accurate,0,0,False,False,51,False,False,,,,,,,,,,,
350,2450.0,2587.866675691059,2600.2666772169378,0,12.400001525878906,150.26667721693775,2478.0,True,10,9,True,accurate,0,0,False,False,49,False,False,,,,,,,,,,,
351,2457.0,2600.2666772169378,2613.366679505756,0,13.10000228881836,156.3666795057561,2485.0,True,10,9,True,accurate,0,0,False,False,48,False,False,,,,,,,,,,,
353,2471.0,2613.366679505756,2626.866675691059,0,13.499996185302734,155.86667569105884,2499.0,True,11,10,True,accurate,0,0,False,False,46,False,False,,,,,,,,,,,
354,2478.0,2626.866675691059,2639.1666749281194,0,12.299999237060547,161.1666749281194,2506.0,True,11,10,True,accurate,0,0,False,False,45,False,False,,,,,,,,,,,
356,2492.0,2639.1666749281194,2657.96667416518,0,18.799999237060547,165.96667416517994,2520.0,True,11,10,True,accurate,0,0,False,False,43,False,False,,,,,,,,,,,
357,2499.0,2657.96667416518,2669.8666718763616,0,11.89999771118164,170.86667187636158,2527.0,True,12,11,True,accurate,0,0,False,False,42,False,False,,,,,,,,,,,
358,2506.0,2669.8666718763616,2682.0666688246038,0,12.199996948242188,176.06666882460377,2534.0,True,12,11,True,accurate,0,0,False,False,41,False,False,,,,,,,,,,,
362,2534.0,2682.0666688246038,2696.4666703504827,0,14.400001525878906,162.46667035048267,2562.0,True,12,11,True,accurate,0,0,False,False,37,False,False,,,,,,,,,,,
368,2576.0,2696.4666703504827,2709.3666680616643,0,12.89999771118164,133.3666680616643,2604.0,True,10,9,True,accurate,0,0,False,False,31,False,False,,,,,,,,,,,
370,2590.0,2709.3666680616643,2725.5666688246038,0,16.200000762939453,135.56666882460377,2618.0,True,10,9,True,accurate,0,0,False,False,29,False,False,,,,,,,,,,,
371,2597.0,2725.5666688246038,2741.3666680616643,0,15.799999237060547,144.3666680616643,2625.0,True,11,10,True,accurate,0,0,False,False,28,False,False,,,,,,,,,,,
372,2604.0,2741.3666680616643,2752.666671113422,0,11.300003051757812,148.66667111342213,2632.0,True,11,10,True,accurate,0,0,False,False,27,False,False,,,,,,,,,,,
373,2611.0,2752.666671113422,2766.566672639301,0,13.900001525878906,155.56667263930103,2639.0,True,12,11,True,accurate,1,1,False,False,26,False,False,,,,,,,,,,,
375,2625.0,2766.566672639301,2781.6666749281194,0,15.10000228881836,156.6666749281194,2653.0,True,12,11,True,accurate,1,1,False,False,24,False,False,,,,,,,,,,,
379,2653.0,2781.6666749281194,2799.1666749281194,0,17.5,146.1666749281194,2681.0,True,11,10,True,accurate,0,0,False,False,20,False,False,,,,,,,,,,,
382,2674.0,2799.1666749281194,2809.6666749281194,0,10.5,135.6666749281194,2702.0,True,10,9,True,accurate,0,0,False,False,17,False,False,,,,,,,,,,,
383,2681.0,2809.6666749281194,2821.366675691059,0,11.700000762939453,140.36667569105884,2709.0,True,11,10,True,accurate,1,1,False,False,16,False,False,,,,,,,,,,,
384,2688.0,2821.366675691059,2835.7666734022405,0,14.39999771118164,147.76667340224049,2716.0,True,11,10,True,accurate,0,0,False,False,15,False,False,,,,,,,,,,,
393,2751.0,2835.7666734022405,2848.7666772169378,0,13.000003814697266,97.76667721693775,2779.0,True,8,7,True,accurate,0,0,False,False,6,False,False,,,,,,,,,,,
395,2765.0,2848.7666772169378,2860.2666772169378,0,11.5,95.26667721693775,2793.0,True,8,7,True,accurate,0,0,False,False,4,False,False,,,,,,,,,,,
396,2772.0,2860.2666772169378,2875.866679505756,0,15.60000228881836,103.86667950575611,2800.0,True,8,7,True,accurate,0,0,False,False,3,False,False,,,,,,,,,,,
397,2779.0,2875.866679505756,2891.966677979877,0,16.099998474121094,112.9666779798772,2807.0,True,9,8,True,accurate,0,0,False,False,2,True,False,,,,,,,,,,,
400,2800.0,2891.966677979877,2906.0666802686956,0,14.10000228881836,106.06668026869556,2828.0,True,8,7,True,accurate,0,0,False,False,99,False,False,,,,,,,,,,,
404,2828.0,2906.0666802686956,2918.066684083393,0,12.000003814697266,90.06668408339283,2856.0,True,7,6,True,accurate,0,0,False,False,95,False,False,,,,,,,,,,,
405,2835.0,2918.066684083393,2930.566684083393,0,12.5,95.56668408339283,2863.0,True,8,7,True,accurate,1,1,False,False,94,False,False,,,,,,,,,,,
410,2870.0,2930.566684083393,2944.166686372211,0,13.60000228881836,74.16668637221119,2898.0,True,6,5,True,accurate,0,0,False,False,89,False,False,,,,,,,,,,,
411,2877.0,2944.166686372211,2957.166682557514,0,12.999996185302734,80.16668255751392,2905.0,True,6,5,True,accurate,0,0,False,False,88,False,False,,,,,,,,,,,
415,2905.0,2957.166682557514,2973.666686372211,0,16.500003814697266,68.66668637221119,2933.0,True,6,5,True,accurate,1,1,False,False,84,False,False,,,,,,,,,,,
418,2926.0,2973.666686372211,2988.06668789809,0,14.400001525878906,62.066687898090095,2954.0,True,5,4,False,accurate,0,0,False,False,81,False,False,,,,,,,,,,,
421,2947.0,2988.06668789809,2999.9666856092717,0,11.89999771118164,52.966685609271735,2975.0,True,4,3,False,accurate,0,0,False,False,78,False,False,,,,,,,,,,,
426,2982.0,2999.9666856092717,3018.566684083393,0,18.599998474121094,36.56668408339283,3010.0,True,3,2,False,accurate,0,0,False,False,73,False,False,,,,,,,,,,,
428,2996.0,3018.566684083393,3030.0666802686956,0,11.499996185302734,34.06668026869556,3024.0,True,3,2,False,accurate,0,0,False,False,71,False,False,,,,,,,,,,,
430,3010.0,3030.0666802686956,3043.766681031635,0,13.700000762939453,33.76668103163502,3038.0,True,3,2,False,accurate,0,0,False,False,69,False,False,,,,,,,,,,,
432,3024.0,3043.766681031635,3055.766681031635,0,12.0,31.766681031635017,3052.0,True,3,2,False,accurate,0,0,False,False,67,False,False,,,,,,,,,,,
433,3031.0,3055.766681031635,3076.8666833204534,0,21.10000228881836,45.866683320453376,3059.0,True,3,2,False,accurate,0,0,False,False,66,False,False,,,,,,,,,,,
434,3038.0,3076.8666833204534,3094.3666833204534,0,17.5,56.366683320453376,3066.0,True,4,3,False,accurate,0,0,False,False,65,False,False,,,,,,,,,,,
435,3045.0,3094.3666833204534,3107.4666817945745,0,13.099998474121094,62.46668179457447,3073.0,True,4,3,False,accurate,0,0,False,False,64,False,False,,,,,,,,,,,
436,3052.0,3107.4666817945745,3122.266681031635,0,14.799999237060547,70.26668103163502,3080.0,True,5,4,False,accurate,0,0,False,False,63,False,False,,,,,,,,,,,
439,3073.0,3122.266681031635,3132.4666817945745,0,10.200000762939453,59.46668179457447,3101.0,True,5,4,False,accurate,0,0,False,False,60,False,False,,,,,,,,,,,
441,3087.0,3132.4666817945745,3144.1666787428167,0,11.699996948242188,57.16667874281666,3115.0,True,5,4,False,accurate,0,0,False,False,58,False,False,,,,,,,,,,,
444,3108.0,3144.1666787428167,3157.0666764539983,0,12.89999771118164,49.0666764539983,3136.0,True,4,3,False,accurate,0,0,False,False,55,False,False,,,,,,,,,,,
445,3115.0,3157.0666764539983,3170.466677979877,0,13.400001525878906,55.466677979877204,3143.0,True,5,4,False,accurate,1,1,False,False,54,False,False,,,,,,,,,,,
446,3122.0,3170.466677979877,3187.0666764539983,0,16.599998474121094,65.0666764539983,3150.0,True,6,5,True,accurate,1,1,False,False,53,False,False,,,,,,,,,,,
447,3129.0,3187.0666764539983,3198.366675691059,0,11.299999237060547,69.36667569105884,3157.0,True,6,5,True,accurate,0,0,False,False,52,False,False,,,,,,,,,,,
450,3150.0,3198.366675691059,3211.866679505756,0,13.500003814697266,61.86667950575611,3178.0,True,5,4,False,accurate,0,0,False,False,49,False,False,,,,,,,,,,,
453,3171.0,3211.866679505756,3224.966677979877,0,13.099998474121094,53.966677979877204,3199.0,True,4,3,False,accurate,0,0,False,False,46,False,False,,,,,,,,,,,
456,3192.0,3224.966677979877,3237.5666802686956,0,12.60000228881836,45.56668026869556,3220.0,True,4,3,False,accurate,1,1,False,False,43,False,False,,,,,,,,,,,
457,3199.0,3237.5666802686956,3255.2666772169378,0,17.699996948242188,56.26667721693775,3227.0,True,4,3,False,accurate,0,0,False,False,42,False,False,,,,,,,,,,,
459,3213.0,3255.2666772169378,3265.7666772169378,0,10.5,52.76667721693775,3241.0,True,4,3,False,accurate,1,1,False,False,40,False,False,,,,,,,,,,,
461,3227.0,3265.7666772169378,3276.866679505756,0,11.10000228881836,49.86667950575611,3255.0,True,4,3,False,accurate,1,1,False,False,38,False,False,,,,,,,,,,,
464,3248.0,3276.866679505756,3295.7666772169378,0,18.89999771118164,47.76667721693775,3276.0,True,4,3,False,accurate,0,0,False,False,35,False,False,,,,,,,,,,,
465,3255.0,3295.7666772169378,3310.366675691059,0,14.599998474121094,55.366675691058845,3283.0,True,5,4,False,accurate,0,0,False,False,34,False,False,,,,,,,,,,,
468,3276.0,3310.366675691059,3321.7666772169378,0,11.400001525878906,45.76667721693775,3304.0,True,4,3,False,accurate,0,0,False,False,31,False,False,,,,,,,,,,,
471,3297.0,3321.7666772169378,3334.866675691059,0,13.099998474121094,37.866675691058845,3325.0,True,3,2,False,accurate,0,0,False,False,28,False,False,,,,,,,,,,,
473,3311.0,3334.866675691059,3352.866675691059,0,18.0,41.866675691058845,3339.0,True,3,2,False,accurate,0,0,False,False,26,False,False,,,,,,,,,,,
475,3325.0,3352.866675691059,3366.7666772169378,0,13.900001525878906,41.76667721693775,3353.0,True,3,2,False,accurate,1,1,False,False,24,False,False,,,,,,,,,,,
477,3339.0,3366.7666772169378,3385.066672639301,0,18.29999542236328,46.06667263930103,3367.0,True,3,2,False,accurate,1,1,False,False,22,False,False,,,,,,,,,,,
478,3346.0,3385.066672639301,3398.6666749281194,0,13.60000228881836,52.66667492811939,3374.0,True,4,3,False,accurate,0,0,False,False,21,False,False,,,,,,,,,,,
480,3360.0,3398.6666749281194,3419.5766736311225,0,20.90999870300293,59.5766736311225,3388.0,True,4,3,False,accurate,0,0,False,False,19,False,False,,,,,,,,,,,
482,3374.0,3419.5766736311225,3441.0825109041243,0,21.505837273001703,67.08251090412432,3402.0,True,4,3,False,accurate,0,0,False,False,17,False,False,,,,,,,,,,,
485,3395.0,3441.0825109041243,3464.395017041416,0,23.312506137291646,69.39501704141594,3423.0,True,4,3,False,accurate,1,1,False,False,14,False,False,,,,,,,,,,,
487,3409.0,3464.395017041416,3501.6412632714223,0,37.24624623000625,92.6412632714223,3437.0,True,4,3,False,accurate,0,0,False,False,12,False,False,,,,,,,,,,,
488,3416.0,3501.6412632714223,3536.8412636052085,0,35.20000033378601,120.8412636052085,3444.0,True,5,4,False,accurate,1,1,False,False,11,False,False,,,,,,,,,,,
489,3423.0,3536.8412636052085,3585.141266895385,0,48.30000329017639,162.1412668953849,3451.0,True,5,4,False,accurate,0,0,False,False,10,False,False,,,,,,,,,,,
491,3437.0,3585.141266895385,3601.691267062278,0,16.550000166893007,164.6912670622778,3465.0,True,6,5,True,accurate,0,0,False,False,8,False,False,,,,,,,,,,,
494,3458.0,3601.691267062278,3623.7787649724396,0,22.087497910161826,165.7787649724396,3486.0,True,6,5,True,accurate,0,0,False,False,5,False,False,,,,,,,,,,,
498,3486.0,3623.7787649724396,3640.1112667653474,0,16.332501792907717,154.1112667653474,3514.0,True,6,5,True,accurate,0,0,False,False,1,True,False,,,,,,,,,,,
506,3542.0,3640.1112667653474,3653.61126295065,0,13.499996185302734,111.61126295065014,3570.0,True,5,4,False,accurate,0,0,False,False,93,False,False,,,,,,,,,,,
508,3556.0,3653.61126295065,3666.011264476529,0,12.400001525878906,110.01126447652905,3584.0,True,6,5,True,accurate,0,0,False,False,91,False,False,,,,,,,,,,,
509,3563.0,3666.011264476529,3680.11126295065,0,14.099998474121094,117.11126295065014,3591.0,True,7,6,True,accurate,1,1,False,False,90,False,False,,,,,,,,,,,
511,3577.0,3680.11126295065,3693.61126295065,0,13.5,116.61126295065014,3605.0,True,8,7,True,accurate,0,0,False,False,88,False,False,,,,,,,,,,,
512,3584.0,3693.61126295065,3707.4112621877107,0,13.799999237060547,123.41126218771069,3612.0,True,9,8,True,accurate,0,0,False,False,87,False,False,,,,,,,,,,,
516,3612.0,3707.4112621877107,3720.7112614247712,0,13.299999237060547,108.71126142477124,3640.0,True,8,7,True,accurate,0,0,False,False,83,False,False,,,,,,,,,,,
518,3626.0,3720.7112614247712,3746.4112621877107,0,25.700000762939453,120.41126218771069,3654.0,True,8,7,True,accurate,0,0,False,False,81,False,False,,,,,,,,,,,
523,3661.0,3746.4112621877107,3758.61126295065,0,12.200000762939453,97.61126295065014,3689.0,True,7,6,True,accurate,0,0,False,False,76,False,False,,,,,,,,,,,
525,3675.0,3758.61126295065,3791.7112652394685,0,33.10000228881836,116.7112652394685,3703.0,True,7,6,True,accurate,0,0,False,False,74,False,False,,,,,,,,,,,
526,3682.0,3791.7112652394685,3807.11126295065,0,15.39999771118164,125.11126295065014,3710.0,True,7,6,True,accurate,0,0,False,False,73,False,False,,,,,,,,,,,
530,3710.0,3807.11126295065,3828.511260661832,0,21.39999771118164,118.51126066183178,3738.0,True,6,5,True,accurate,1,1,False,False,69,False,False,,,,,,,,,,,
531,3717.0,3828.511260661832,3843.3112598988923,0,14.799999237060547,126.31125989889233,3745.0,True,7,6,True,accurate,0,0,False,False,68,False,False,,,,,,,,,,,
532,3724.0,3843.3112598988923,3856.8112598988923,0,13.5,132.81125989889233,3752.0,True,7,6,True,accurate,0,0,False,False,67,False,False,,,,,,,,,,,
536,3752.0,3856.8112598988923,3869.4112621877107,0,12.60000228881836,117.41126218771069,3780.0,True,7,6,True,accurate,0,0,False,False,63,False,False,,,,,,,,,,,
542,3794.0,3869.4112621877107,3884.11126295065,0,14.700000762939453,90.11126295065014,3822.0,True,6,5,True,accurate,0,0,False,False,57,False,False,,,,,,,,,,,
543,3801.0,3884.11126295065,3913.4112583730134,0,29.29999542236328,112.41125837301342,3829.0,True,7,6,True,accurate,0,0,False,False,56,False,False,,,,,,,,,,,
544,3808.0,3913.4112583730134,3927.211257610074,0,13.799999237060547,119.21125761007397,3836.0,True,7,6,True,accurate,0,0,False,False,55,False,False,,,,,,,,,,,
546,3822.0,3927.211257610074,3949.7112537953767,0,22.499996185302734,127.7112537953767,3850.0,True,8,7,True,accurate,1,1,False,False,53,False,False,,,,,,,,,,,
550,3850.0,3949.7112537953767,3963.0112530324373,0,13.299999237060547,113.01125303243725,3878.0,True,7,6,True,accurate,1,1,False,False,49,False,False,,,,,,,,,,,
551,3857.0,3963.0112530324373,3980.1112515065583,0,17.099998474121094,123.11125150655835,3885.0,True,7,6,True,accurate,0,0,False,False,48,False,False,,,,,,,,,,,
552,3864.0,3980.1112515065583,3992.911254558316,0,12.800003051757812,128.91125455831616,3892.0,True,8,7,True,accurate,0,0,False,False,47,False,False,,,,,,,,,,,
553,3871.0,3992.911254558316,4003.311256084195,0,10.400001525878906,132.31125608419507,3899.0,True,8,7,True,accurate,0,0,False,False,46,False,False,,,,,,,,,,,
554,3878.0,4003.311256084195,4017.5112568471345,0,14.200000762939453,139.51125684713452,3906.0,True,9,8,True,accurate,0,0,False,False,45,False,False,,,,,,,,,,,
556,3892.0,4017.5112568471345,4030.0112530324373,0,12.499996185302734,138.01125303243725,3920.0,True,9,8,True,accurate,0,0,False,False,43,False,False,,,,,,,,,,,
563,3941.0,4030.0112530324373,4045.2112537953767,0,15.200000762939453,104.2112537953767,3969.0,True,8,7,True,accurate,0,0,False,False,36,False,False,,,,,,,,,,,
569,3983.0,4045.2112537953767,4058.311256084195,0,13.10000228881836,75.31125608419507,4011.0,True,6,5,True,accurate,1,1,False,False,30,False,False,,,,,,,,,,,
571,3997.0,4058.311256084195,4076.9112583730134,0,18.60000228881836,79.91125837301342,4025.0,True,6,5,True,accurate,0,0,False,False,28,False,False,,,,,,,,,,,
572,4004.0,4076.9112583730134,4093.4112583730134,0,16.5,89.41125837301342,4032.0,True,6,5,True,accurate,0,0,False,False,27,False,False,,,,,,,,,,,
573,4011.0,4093.4112583730134,4106.611259135952,0,13.200000762939453,95.61125913595242,4039.0,True,7,6,True,accurate,1,1,False,False,26,False,False,,,,,,,,,,,
575,4025.0,4106.611259135952,4120.61126295065,0,14.000003814697266,95.61126295064969,4053.0,True,7,6,True,accurate,0,0,False,False,24,False,False,,,,,,,,,,,
578,4046.0,4120.61126295065,4132.611259135952,0,11.999996185302734,86.61125913595242,4074.0,True,6,5,True,accurate,0,0,False,False,21,False,False,,,,,,,,,,,
579,4053.0,4132.611259135952,4146.2112576100735,0,13.599998474121094,93.21125761007352,4081.0,True,7,6,True,accurate,0,0,False,False,20,False,False,,,,,,,,,,,
581,4067.0,4146.2112576100735,4162.111259135952,0,15.900001525878906,95.11125913595242,4095.0,True,7,6,True,accurate,1,1,False,False,18,False,False,,,,,,,,,,,
582,4074.0,4162.111259135952,4173.611259135952,0,11.5,99.61125913595242,4102.0,True,8,7,True,accurate,0,0,False,False,17,False,False,,,,,,,,,,,
587,4109.0,4173.611259135952,4187.511256847134,0,13.89999771118164,78.51125684713406,4137.0,True,6,5,True,accurate,0,0,False,False,12,False,False,,,,,,,,,,,
591,4137.0,4187.511256847134,4199.511256847134,0,12.0,62.511256847134064,4165.0,True,5,4,False,accurate,0,0,False,False,8,False,False,,,,,,,,,,,
594,4158.0,4199.511256847134,4213.011256847134,0,13.5,55.011256847134064,4186.0,True,5,4,False,accurate,0,0,False,False,5,False,False,,,,,,,,,,,
598,4186.0,4213.011256847134,4225.611259135952,0,12.60000228881836,39.61125913595242,4214.0,True,4,3,False,accurate,0,0,False,False,1,True,False,,,,,,,,,,,
599,4193.0,4225.611259135952,4241.2112576100735,0,15.599998474121094,48.21125761007352,4221.0,True,4,3,False,accurate,0,0,False,True,0,True,False,,,,,,,,,,,
601,4207.0,4241.2112576100735,4259.311263713589,0,18.100006103515625,52.31126371358914,4235.0,True,4,3,False,accurate,0,0,False,False,98,False,False,,,,,,,,,,,
603,4221.0,4259.311263713589,4281.211265239468,0,21.900001525878906,60.21126523946805,4249.0,True,4,3,False,accurate,0,0,False,False,96,False,False,,,,,,,,,,,
604,4228.0,4281.211265239468,4293.511268291226,0,12.300003051757812,65.51126829122586,4256.0,True,4,3,False,accurate,1,1,False,False,95,False,False,,,,,,,,,,,
606,4242.0,4293.511268291226,4306.011268291226,0,12.5,64.01126829122586,4270.0,True,4,3,False,accurate,0,0,False,False,93,False,False,,,,,,,,,,,
614,4298.0,4306.011268291226,4321.711269054165,0,15.700000762939453,23.711269054165314,4326.0,False,2,1,False,accurate,0,0,False,False,85,False,True,,,,,,,,,,,
621,4347.0,4347.0,4360.400001525879,0,13.400001525878906,13.400001525878906,4375.0,False,1,0,False,accurate,1,1,False,False,78,False,True,,,,,,,,,,,
625,4375.0,4375.0,4390.700000762939,0,15.700000762939453,15.700000762939453,4403.0,False,1,0,False,accurate,0,0,False,False,74,False,True,,,,,,,,,,,
628,4396.0,4396.0,4408.599998474121,0,12.599998474121094,12.599998474121094,4424.0,False,1,0,False,accurate,0,0,False,False,71,False,True,,,,,,,,,,,
633,4431.0,4431.0,4445.199996948242,0,14.199996948242188,14.199996948242188,4459.0,False,1,0,False,accurate,0,0,False,False,66,False,True,,,,,,,,,,,
635,4445.0,4445.199996948242,4463.199996948242,0,18.0,18.199996948242188,4473.0,False,2,1,False,accurate,1,1,False,False,64,False,True,,,,,,,,,,,
637,4459.0,4463.199996948242,4474.900001525879,0,11.700004577636719,15.900001525878906,4487.0,False,2,1,False,accurate,0,0,False,False,62,False,True,,,,,,,,,,,
640,4480.0,4480.0,4503.459998703003,0,23.459998703002928,23.459998703003293,4508.0,False,1,0,False,accurate,0,0,False,False,59,False,True,,,,,,,,,,,
641,4487.0,4503.459998703003,4530.193331813813,0,26.733333110809326,43.19333181381262,4515.0,True,2,1,False,accurate,1,1,False,False,58,False,False,,,,,,,,,,,
645,4515.0,4530.193331813813,4550.863747479717,0,20.67041566590467,35.86374747971695,4543.0,True,2,1,False,accurate,0,0,False,False,54,False,False,,,,,,,,,,,
649,4543.0,4550.863747479717,4566.819995286266,0,15.956247806549072,23.81999528626602,4571.0,False,2,1,False,accurate,0,0,False,False,50,False,True,,,,,,,,,,,
652,4564.0,4566.819995286266,4587.339996316235,0,20.520001029968263,23.339996316234647,4592.0,False,2,1,False,accurate,0,0,False,False,47,False,True,,,,,,,,,,,
654,4578.0,4587.339996316235,4604.260832514862,0,16.920836198627935,26.26083251486216,4606.0,False,2,1,False,accurate,1,1,False,False,45,False,True,,,,,,,,,,,
658,4606.0,4606.0,4622.097500896454,0,16.09750089645386,16.09750089645422,4634.0,False,1,0,False,accurate,0,0,False,False,41,False,True,,,,,,,,,,,
659,4613.0,4622.097500896454,4638.941247348537,0,16.8437464520832,25.941247348537217,4641.0,False,2,1,False,accurate,0,0,False,False,40,False,True,,,,,,,,,,,
660,4620.0,4638.941247348537,4653.457914060404,0,14.516666711866856,33.45791406040371,4648.0,True,3,2,False,accurate,0,0,False,False,39,False,False,,,,,,,,,,,
686,4802.0,4802.0,4817.199996948242,0,15.199996948242188,15.199996948242188,4830.0,False,1,0,False,accurate,1,1,False,False,13,False,True,,,,,,,,,,,
687,4809.0,4817.199996948242,4830.399997711182,0,13.200000762939453,21.39999771118164,4837.0,False,2,1,False,accurate,1,1,False,False,12,False,True,,,,,,,,,,,
691,4837.0,4837.0,4865.5,0,28.5,28.5,4865.0,True,1,0,False,accurate,0,0,False,False,8,False,False,,,,,,,,,,,
693,4851.0,4865.5,4880.700000762939,0,15.200000762939453,29.700000762939453,4879.0,True,2,1,False,accurate,0,0,False,False,6,False,False,,,,,,,,,,,
695,4865.0,4880.700000762939,4897.199996948242,0,16.499996185302734,32.19999694824219,4893.0,True,3,2,False,accurate,0,0,False,False,4,False,False,,,,,,,,,,,
700,4900.0,4900.0,4912.799999237061,0,12.799999237060547,12.799999237060547,4928.0,False,1,0,False,accurate,0,0,False,False,99,False,True,,,,,,,,,,,
704,4928.0,4928.0,4943.299999237061,0,15.299999237060547,15.299999237060547,4956.0,False,1,0,False,accurate,0,0,False,False,95,False,True,,,,,,,,,,,
705,4935.0,4943.299999237061,4959.900001525879,0,16.60000228881836,24.900001525878906,4963.0,False,2,1,False,accurate,0,0,False,False,94,False,True,,,,,,,,,,,
708,4956.0,4959.900001525879,4973.000003814697,0,13.10000228881836,17.000003814697266,4984.0,False,2,1,False,accurate,1,1,False,False,91,False,True,,,,,,,,,,,
715,5005.0,5005.0,5024.899997711182,0,19.89999771118164,19.89999771118164,5033.0,False,1,0,False,accurate,0,0,False,False,84,False,True,,,,,,,,,,,
718,5026.0,5026.0,5038.600002288818,0,12.60000228881836,12.60000228881836,5054.0,False,1,0,False,accurate,1,1,False,False,81,False,True,,,,,,,,,,,
720,5040.0,5040.0,5056.400001525879,0,16.400001525878906,16.400001525878906,5068.0,False,1,0,False,accurate,1,1,False,False,79,False,True,,,,,,,,,,,
724,5068.0,5068.0,5081.0,0,13.0,13.0,5096.0,False,1,0,False,accurate,1,1,False,False,75,False,True,,,,,,,,,,,
725,5075.0,5081.0,5098.299999237061,0,17.299999237060547,23.299999237060547,5103.0,False,2,1,False,accurate,1,1,False,False,74,False,True,,,,,,,,,,,
727,5089.0,5098.299999237061,5109.100002288818,0,10.800003051757812,20.10000228881836,5117.0,False,2,1,False,accurate,0,0,False,False,72,False,True,,,,,,,,,,,
738,5166.0,5166.0,5181.700004577637,0,15.700004577636719,15.700004577636719,5194.0,False,1,0,False,accurate,0,0,False,False,61,False,True,,,,,,,,,,,
739,5173.0,5181.700004577637,5198.200004577637,0,16.5,25.20000457763672,5201.0,False,2,1,False,accurate,1,1,False,False,60,False,True,,,,,,,,,,,
741,5187.0,5198.200004577637,5209.900005340576,0,11.700000762939453,22.900005340576172,5215.0,False,2,1,False,accurate,1,1,False,False,58,False,True,,,,,,,,,,,
747,5229.0,5229.0,5242.599998474121,0,13.599998474121094,13.599998474121094,5257.0,False,1,0,False,accurate,0,0,False,False,52,False,True,,,,,,,,,,,
752,5264.0,5264.0,5276.299999237061,0,12.299999237060547,12.299999237060547,5292.0,False,1,0,False,accurate,1,1,False,False,47,False,True,,,,,,,,,,,
753,5271.0,5276.299999237061,5289.299999237061,0,13.0,18.299999237060547,5299.0,False,2,1,False,accurate,0,0,False,False,46,False,True,,,,,,,,,,,
755,5285.0,5289.299999237061,5300.799999237061,0,11.5,15.799999237060547,5313.0,False,2,1,False,accurate,0,0,False,False,44,False,True,,,,,,,,,,,
756,5292.0,5300.799999237061,5315.5,0,14.700000762939453,23.5,5320.0,False,2,1,False,accurate,0,0,False,False,43,False,True,,,,,,,,,,,
760,5320.0,5320.0,5331.5,0,11.5,11.5,5348.0,False,1,0,False,accurate,0,0,False,False,39,False,True,,,,,,,,,,,
763,5341.0,5341.0,5363.899997711182,0,22.89999771118164,22.89999771118164,5369.0,False,1,0,False,accurate,0,1,True,False,36,False,True,,,,,,,,,,,
764,5348.0,5363.899997711182,5378.399997711182,0,14.5,30.39999771118164,5376.0,True,2,1,False,accurate,0,0,False,False,35,False,False,,,,,,,,,,,
769,5383.0,5383.0,5395.5,0,12.5,12.5,5411.0,False,1,0,False,accurate,0,0,False,False,30,False,True,,,,,,,,,,,
770,5390.0,5395.5,5407.200000762939,0,11.700000762939453,17.200000762939453,5418.0,False,2,1,False,accurate,0,0,False,False,29,False,True,,,,,,,,,,,
774,5418.0,5418.0,5430.200004577637,0,12.200004577636719,12.200004577636719,5446.0,False,1,0,False,accurate,0,0,False,False,25,False,True,,,,,,,,,,,
776,5432.0,5432.0,5444.700000762939,0,12.700000762939453,12.700000762939453,5460.0,False,1,0,False,accurate,0,0,False,False,23,False,True,,,,,,,,,,,
778,5446.0,5446.0,5457.299999237061,0,11.299999237060547,11.299999237060547,5474.0,False,1,0,False,accurate,1,1,False,False,21,False,True,,,,,,,,,,,
779,5453.0,5457.299999237061,5470.400001525879,0,13.10000228881836,17.400001525878906,5481.0,False,2,1,False,accurate,0,0,False,False,20,False,True,,,,,,,,,,,
780,5460.0,5470.400001525879,5489.500003814697,0,19.10000228881836,29.500003814697266,5488.0,True,2,1,False,accurate,0,0,False,False,19,False,False,,,,,,,,,,,
784,5488.0,5489.500003814697,5509.200004577637,0,19.700000762939453,21.20000457763672,5516.0,False,2,1,False,accurate,0,0,False,False,15,False,True,,,,,,,,,,,
791,5537.0,5537.0,5549.699996948242,0,12.699996948242188,12.699996948242188,5565.0,False,1,0,False,accurate,0,0,False,False,8,False,True,,,,,,,,,,,
793,5551.0,5551.0,5564.399997711182,0,13.39999771118164,13.39999771118164,5579.0,False,1,0,False,accurate,0,0,False,False,6,False,True,,,,,,,,,,,
794,5558.0,5564.399997711182,5576.599994659424,0,12.199996948242188,18.599994659423828,5586.0,False,2,1,False,accurate,0,0,False,False,5,False,True,,,,,,,,,,,
796,5572.0,5576.599994659424,5590.199993133545,0,13.599998474121094,18.199993133544922,5600.0,False,2,1,False,accurate,1,1,False,False,3,False,True,,,,,,,,,,,
797,5579.0,5590.199993133545,5603.999996185303,0,13.800003051757812,24.999996185302734,5607.0,False,2,1,False,accurate,0,0,False,False,2,True,True,,,,,,,,,,,
798,5586.0,5603.999996185303,5620.699993133545,0,16.699996948242188,34.69999313354492,5614.0,True,3,2,False,accurate,0,0,False,False,1,True,False,,,,,,,,,,,
801,5607.0,5620.699993133545,5644.425833917856,0,23.72584078431123,37.425833917855925,5635.0,True,2,1,False,accurate,0,0,False,False,98,False,False,,,,,,,,,,,
805,5635.0,5644.425833917856,5666.495001967748,0,22.0691680498918,31.495001967748067,5663.0,True,2,1,False,accurate,1,1,False,False,94,False,False,,,,,,,,,,,
808,5656.0,5666.495001967748,5694.214998873671,0,27.71999690592286,38.21499887367099,5684.0,True,2,1,False,accurate,0,0,False,False,91,False,False,,,,,,,,,,,
810,5670.0,5694.214998873671,5715.199167482058,0,20.98416860838729,45.19916748205833,5698.0,True,2,1,False,accurate,0,0,False,False,89,False,False,,,,,,,,,,,
811,5677.0,5715.199167482058,5734.783330137332,0,19.58416265527403,57.78333013733209,5705.0,True,3,2,False,accurate,1,1,False,False,88,False,False,,,,,,,,,,,
812,5684.0,5734.783330137332,5750.983330137332,0,16.200000000000003,66.9833301373319,5712.0,True,4,3,False,accurate,0,0,False,False,87,False,False,,,,,,,,,,,
814,5698.0,5750.983330137332,5768.033331031004,0,17.0500008936723,70.03333103100431,5726.0,True,4,3,False,accurate,1,1,False,False,85,False,False,,,,,,,,,,,
815,5705.0,5768.033331031004,5784.698331994216,0,16.66500096321106,79.69833199421555,5733.0,True,5,4,False,accurate,0,0,False,False,84,False,False,,,,,,,,,,,
818,5726.0,5784.698331994216,5804.555829304854,0,19.85749731063843,78.55582930485434,5754.0,True,5,4,False,accurate,0,0,False,False,81,False,False,,,,,,,,,,,
819,5733.0,5804.555829304854,5818.878745928059,0,14.322916623204945,85.87874592805929,5761.0,True,6,5,True,accurate,0,0,False,False,80,False,False,,,,,,,,,,,
820,5740.0,5818.878745928059,5833.953741715252,0,15.074995787193366,93.95374171525236,5768.0,True,6,5,True,accurate,0,0,False,False,79,False,False,,,,,,,,,,,
827,5789.0,5833.953741715252,5853.753737137616,0,19.79999542236328,64.75373713761564,5817.0,True,4,3,False,accurate,0,0,False,False,72,False,False,,,,,,,,,,,
828,5796.0,5853.753737137616,5866.953741715252,0,13.200004577636719,70.95374171525236,5824.0,True,5,4,False,accurate,1,1,False,False,71,False,False,,,,,,,,,,,
829,5803.0,5866.953741715252,5883.853743241131,0,16.900001525878906,80.85374324113127,5831.0,True,6,5,True,accurate,1,1,False,False,70,False,False,,,,,,,,,,,
830,5810.0,5883.853743241131,5895.8537470558285,0,12.000003814697266,85.85374705582853,5838.0,True,6,5,True,accurate,0,0,False,False,69,False,False,,,,,,,,,,,
833,5831.0,5895.8537470558285,5913.753748581707,0,17.900001525878906,82.75374858170744,5859.0,True,6,5,True,accurate,1,1,False,False,66,False,False,,,,,,,,,,,
834,5838.0,5913.753748581707,5932.453749344647,0,18.700000762939453,94.4537493446469,5866.0,True,6,5,True,accurate,0,0,False,False,65,False,False,,,,,,,,,,,
836,5852.0,5932.453749344647,5943.253748581707,0,10.799999237060547,91.25374858170744,5880.0,True,7,6,True,accurate,0,0,False,False,63,False,False,,,,,,,,,,,
837,5859.0,5943.253748581707,5954.253748581707,0,11.0,95.25374858170744,5887.0,True,7,6,True,accurate,1,1,False,False,62,False,False,,,,,,,,,,,
839,5873.0,5954.253748581707,5966.253748581707,0,12.0,93.25374858170744,5901.0,True,7,6,True,accurate,1,1,False,False,60,False,False,,,,,,,,,,,
842,5894.0,5966.253748581707,5980.353750870526,0,14.10000228881836,86.3537508705258,5922.0,True,7,6,True,accurate,0,0,False,False,57,False,False,,,,,,,,,,,
843,5901.0,5980.353750870526,5995.953753159344,0,15.60000228881836,94.95375315934416,5929.0,True,7,6,True,accurate,0,0,False,False,56,False,False,,,,,,,,,,,
845,5915.0,5995.953753159344,6006.953753159344,0,11.0,91.95375315934416,5943.0,True,7,6,True,accurate,0,0,False,False,54,False,False,,,,,,,,,,,
846,5922.0,6006.953753159344,6018.0537554481625,0,11.10000228881836,96.05375544816252,5950.0,True,8,7,True,accurate,0,0,False,False,53,False,False,,,,,,,,,,,
849,5943.0,6018.0537554481625,6030.453756974041,0,12.400001525878906,87.45375697404143,5971.0,True,8,7,True,accurate,0,0,False,False,50,False,False,,,,,,,,,,,
850,5950.0,6030.453756974041,6047.753760025799,0,17.300003051757812,97.75376002579924,5978.0,True,8,7,True,accurate,0,0,False,False,49,False,False,,,,,,,,,,,
854,5978.0,6047.753760025799,6063.653757736981,0,15.89999771118164,85.65375773698088,6006.0,True,7,6,True,accurate,0,0,False,False,45,False,False,,,,,,,,,,,
857,5999.0,6063.653757736981,6074.55375926286,0,10.900001525878906,75.55375926285978,6027.0,True,6,5,True,accurate,0,0,False,False,42,False,False,,,,,,,,,,,
864,6048.0,6074.55375926286,6086.453764603436,0,11.900005340576172,38.45376460343596,6076.0,True,3,2,False,accurate,1,1,False,False,35,False,False,,,,,,,,,,,
867,6069.0,6086.453764603436,6102.653765366375,0,16.200000762939453,33.65376536637541,6097.0,True,3,2,False,accurate,1,1,False,False,32,False,False,,,,,,,,,,,
868,6076.0,6102.653765366375,6118.353766129315,0,15.700000762939453,42.35376612931486,6104.0,True,3,2,False,accurate,0,0,False,False,31,False,False,,,,,,,,,,,
870,6090.0,6118.353766129315,6130.2537638404965,0,11.89999771118164,40.253763840496504,6118.0,True,3,2,False,accurate,1,1,False,False,29,False,False,,,,,,,,,,,
872,6104.0,6130.2537638404965,6148.053766892254,0,17.800003051757812,44.053766892254316,6132.0,True,3,2,False,accurate,0,0,False,False,27,False,False,,,,,,,,,,,
874,6118.0,6148.053766892254,6162.153765366375,0,14.099998474121094,44.15376536637541,6146.0,True,4,3,False,accurate,1,1,False,False,25,False,False,,,,,,,,,,,
878,6146.0,6162.153765366375,6174.553763077557,0,12.39999771118164,28.55376307755705,6174.0,True,3,2,False,accurate,0,0,False,False,21,False,False,,,,,,,,,,,
880,6160.0,6174.553763077557,6186.953764603436,0,12.400001525878906,26.953764603435957,6188.0,False,3,2,False,accurate,0,0,False,False,19,False,True,,,,,,,,,,,
881,6167.0,6186.953764603436,6197.453764603436,0,10.5,30.453764603435957,6195.0,True,3,2,False,accurate,0,0,False,False,18,False,False,,,,,,,,,,,
884,6188.0,6197.453764603436,6211.7537638404965,0,14.299999237060547,23.753763840496504,6216.0,False,2,1,False,accurate,0,0,False,False,15,False,True,,,,,,,,,,,
887,6209.0,6211.7537638404965,6227.753760025799,0,15.999996185302734,18.753760025799238,6237.0,False,2,1,False,accurate,0,0,False,False,12,False,True,,,,,,,,,,,
890,6230.0,6230.0,6245.099998474121,0,15.099998474121094,15.099998474121094,6258.0,False,1,0,False,accurate,0,0,False,False,9,False,True,,,,,,,,,,,
891,6237.0,6245.099998474121,6258.399997711182,0,13.299999237060547,21.39999771118164,6265.0,False,2,1,False,accurate,0,0,False,False,8,False,True,,,,,,,,,,,
893,6251.0,6258.399997711182,6272.0,0,13.60000228881836,21.0,6279.0,False,2,1,False,accurate,1,1,False,False,6,False,True,,,,,,,,,,,
895,6265.0,6272.0,6283.200000762939,0,11.200000762939453,18.200000762939453,6293.0,False,2,1,False,accurate,0,0,False,False,4,False,True,,,,,,,,,,,
896,6272.0,6283.200000762939,6294.600002288818,0,11.400001525878906,22.60000228881836,6300.0,False,2,1,False,accurate,0,0,False,False,3,False,True,,,,,,,,,,,
899,6293.0,6294.600002288818,6306.100002288818,0,11.5,13.10000228881836,6321.0,False,2,1,False,accurate,0,0,False,True,0,True,True,,,,,,,,,,,
903,6321.0,6321.0,6334.600002288818,0,13.60000228881836,13.60000228881836,6349.0,False,1,0,False,accurate,0,0,False,False,96,False,True,,,,,,,,,,,
906,6342.0,6342.0,6358.300003051758,0,16.300003051757812,16.300003051757812,6370.0,False,1,0,False,accurate,1,1,False,False,93,False,True,,,,,,,,,,,
909,6363.0,6363.0,6381.200000762939,0,18.200000762939453,18.200000762939453,6391.0,False,1,0,False,accurate,0,0,False,False,90,False,True,,,,,,,,,,,
911,6377.0,6381.200000762939,6393.899997711182,0,12.699996948242188,16.89999771118164,6405.0,False,2,1,False,accurate,0,0,False,False,88,False,True,,,,,,,,,,,
912,6384.0,6393.899997711182,6404.299995422363,0,10.39999771118164,20.29999542236328,6412.0,False,2,1,False,accurate,0,0,False,False,87,False,True,,,,,,,,,,,
914,6398.0,6404.299995422363,6416.999996185303,0,12.700000762939453,18.999996185302734,6426.0,False,2,1,False,accurate,0,0,False,False,85,False,True,,,,,,,,,,,
925,6475.0,6475.0,6487.899997711182,0,12.89999771118164,12.89999771118164,6503.0,False,1,0,False,accurate,0,0,False,False,74,False,True,,,,,,,,,,,
929,6503.0,6503.0,6517.400001525879,0,14.400001525878906,14.400001525878906,6531.0,False,1,0,False,accurate,1,1,False,False,70,False,True,,,,,,,,,,,
930,6510.0,6517.400001525879,6537.900001525879,0,20.5,27.900001525878906,6538.0,False,2,1,False,accurate,0,0,False,False,69,False,True,,,,,,,,,,,
932,6524.0,6537.900001525879,6555.700000762939,0,17.799999237060547,31.700000762939453,6552.0,True,2,1,False,accurate,1,1,False,False,67,False,False,,,,,,,,,,,
936,6552.0,6555.700000762939,6572.200004577637,0,16.500003814697266,20.20000457763672,6580.0,False,2,1,False,accurate,0,0,False,False,63,False,True,,,,,,,,,,,
937,6559.0,6572.200004577637,6595.799999237061,0,23.599994659423828,36.79999923706055,6587.0,True,2,1,False,accurate,0,0,False,False,62,False,False,,,,,,,,,,,
938,6566.0,6595.799999237061,6622.799995422363,0,26.999996185302734,56.79999542236328,6594.0,True,3,2,False,accurate,0,0,False,False,61,False,False,,,,,,,,,,,
942,6594.0,6622.799995422363,6634.399997711182,0,11.60000228881836,40.39999771118164,6622.0,True,3,2,False,accurate,1,1,False,False,57,False,False,,,,,,,,,,,
943,6601.0,6634.399997711182,6654.200000762939,0,19.800003051757812,53.20000076293945,6629.0,True,3,2,False,accurate,0,0,False,False,56,False,False,,,,,,,,,,,
949,6643.0,6654.200000762939,6667.600002288818,0,13.400001525878906,24.60000228881836,6671.0,False,2,1,False,accurate,0,0,False,False,50,False,True,,,,,,,,,,,
950,6650.0,6667.600002288818,6683.200000762939,0,15.599998474121094,33.20000076293945,6678.0,True,3,2,False,accurate,0,0,False,False,49,False,False,,,,,,,,,,,
951,6657.0,6683.200000762939,6697.299999237061,0,14.099998474121094,40.29999923706055,6685.0,True,3,2,False,accurate,0,0,False,False,48,False,False,,,,,,,,,,,
955,6685.0,6697.299999237061,6713.299999237061,0,16.0,28.299999237060547,6713.0,True,2,1,False,accurate,1,1,False,False,44,False,False,,,,,,,,,,,
956,6692.0,6713.299999237061,6728.299995422363,0,14.999996185302734,36.29999542236328,6720.0,True,3,2,False,accurate,0,0,False,False,43,False,False,,,,,,,,,,,
957,6699.0,6728.299995422363,6748.4999923706055,0,20.199996948242188,49.49999237060547,6727.0,True,3,2,False,accurate,1,1,False,False,42,False,False,,,,,,,,,,,
958,6706.0,6748.4999923706055,6761.499988555908,0,12.999996185302734,55.4999885559082,6734.0,True,4,3,False,accurate,0,0,False,False,41,False,False,,,,,,,,,,,
962,6734.0,6761.499988555908,6780.543319545587,0,19.04333098967868,46.54331954558711,6762.0,True,3,2,False,accurate,0,0,False,False,37,False,False,,,,,,,,,,,
964,6748.0,6780.543319545587,6800.334986038407,0,19.791666492819786,52.334986038406896,6776.0,True,4,3,False,accurate,0,0,False,False,35,False,False,,,,,,,,,,,
965,6755.0,6800.334986038407,6826.289564861059,0,25.954578822652458,71.28956486105926,6783.0,True,4,3,False,accurate,0,0,False,False,34,False,False,,,,,,,,,,,
967,6769.0,6826.289564861059,6846.483314673304,0,20.19374981224537,77.48331467330445,6797.0,True,4,3,False,accurate,1,1,False,False,32,False,False,,,,,,,,,,,
971,6797.0,6846.483314673304,6863.998737829924,0,17.515423156619136,66.99873782992381,6825.0,True,4,3,False,accurate,0,0,False,False,28,False,False,,,,,,,,,,,
974,6818.0,6863.998737829924,6879.498737746478,0,15.499999916553499,61.49873774647767,6846.0,True,4,3,False,accurate,0,0,False,False,25,False,False,,,,,,,,,,,
975,6825.0,6879.498737746478,6895.784984856845,0,16.28624711036682,70.78498485684486,6853.0,True,5,4,False,accurate,0,0,False,False,24,False,False,,,,,,,,,,,
976,6832.0,6895.784984856845,6910.954984001419,0,15.169999144574001,78.95498400141878,6860.0,True,5,4,False,accurate,0,0,False,False,23,False,False,,,,,,,,,,,
977,6839.0,6910.954984001419,6924.562070930999,0,13.607086929579554,85.56207093099874,6867.0,True,6,5,True,accurate,0,0,False,False,22,False,False,,,,,,,,,,,
978,6846.0,6924.562070930999,6938.662070930999,0,14.100000000000001,92.6620709309991,6874.0,True,7,6,True,accurate,0,0,False,False,21,False,False,,,,,,,,,,,
980,6860.0,6938.662070930999,6956.7520675795295,0,18.089996648530157,96.75206757952947,6888.0,True,7,6,True,accurate,0,0,False,False,19,False,False,,,,,,,,,,,
981,6867.0,6956.7520675795295,6970.454570068619,0,13.702502489089964,103.45457006861943,6895.0,True,7,6,True,accurate,1,1,False,False,18,False,False,,,,,,,,,,,
985,6895.0,6970.454570068619,6988.854571594498,0,18.400001525878906,93.85457159449834,6923.0,True,7,6,True,accurate,0,0,False,False,14,False,False,,,,,,,,,,,
986,6902.0,6988.854571594498,7001.454573883317,0,12.60000228881836,99.4545738833167,6930.0,True,7,6,True,accurate,0,0,False,False,13,False,False,,,,,,,,,,,
989,6923.0,7001.454573883317,7015.254573120377,0,13.799999237060547,92.25457312037724,6951.0,True,7,6,True,accurate,0,0,False,False,10,False,False,,,,,,,,,,,
994,6958.0,7015.254573120377,7059.054572357438,0,43.79999923706055,101.05457235743779,6986.0,True,5,4,False,accurate,0,0,False,False,5,False,False,,,,,,,,,,,
996,6972.0,7059.054572357438,7079.454573883317,0,20.400001525878906,107.4545738833167,7000.0,True,5,4,False,accurate,0,0,False,False,3,False,False,,,,,,,,,,,
997,6979.0,7079.454573883317,7093.854575409196,0,14.400001525878906,114.8545754091956,7007.0,True,6,5,True,accurate,0,0,False,False,2,True,False,,,,,,,,,,,
998,6986.0,7093.854575409196,7113.654570831559,0,19.79999542236328,127.65457083155889,7014.0,True,7,6,True,accurate,0,0,False,False,1,True,False,,,,,,,,,,,
999,6993.0,7113.654570831559,7125.554572357438,0,11.900001525878906,132.5545723574378,7021.0,True,7,6,True,accurate,0,0,False,True,0,True,False,,,,,,,,,,,
1003,7021.0,7125.554572357438,7146.354571594498,0,20.799999237060547,125.35457159449834,7049.0,True,6,5,True,accurate,0,0,False,False,96,False,False,,,,,,,,,,,
1004,7028.0,7146.354571594498,7158.954570068619,0,12.599998474121094,130.95457006861943,7056.0,True,7,6,True,accurate,0,0,False,False,95,False,False,,,,,,,,,,,
1005,7035.0,7158.954570068619,7174.554572357438,0,15.60000228881836,139.5545723574378,7063.0,True,8,7,True,accurate,0,0,False,False,94,False,False,,,,,,,,,,,
1006,7042.0,7174.554572357438,7186.554572357438,0,12.0,144.5545723574378,7070.0,True,9,8,True,accurate,0,0,False,False,93,False,False,,,,,,,,,,,
1008,7056.0,7186.554572357438,7203.5545685427405,0,16.999996185302734,147.55456854274053,7084.0,True,10,9,True,accurate,1,1,False,False,91,False,False,,,,,,,,,,,
1009,7063.0,7203.5545685427405,7217.354567779801,0,13.799999237060547,154.35456777980107,7091.0,True,10,9,True,accurate,0,0,False,False,90,False,False,,,,,,,,,,,
1010,7070.0,7217.354567779801,7228.654567016862,0,11.299999237060547,158.65456701686162,7098.0,True,11,10,True,accurate,0,0,False,False,89,False,False,,,,,,,,,,,
1014,7098.0,7228.654567016862,7242.75456930568,0,14.10000228881836,144.75456930567998,7126.0,True,10,9,True,accurate,0,0,False,False,85,False,False,,,,,,,,,,,
1015,7105.0,7242.75456930568,7258.354571594498,0,15.60000228881836,153.35457159449834,7133.0,True,11,10,True,accurate,1,1,False,False,84,False,False,,,,,,,,,,,
1016,7112.0,7258.354571594498,7272.254573120377,0,13.900001525878906,160.25457312037724,7140.0,True,12,11,True,accurate,0,0,False,False,83,False,False,,,,,,,,,,,
1017,7119.0,7272.254573120377,7287.654574646256,0,15.400001525878906,168.65457464625615,7147.0,True,12,11,True,accurate,0,0,False,False,82,False,False,,,,,,,,,,,
1018,7126.0,7287.654574646256,7302.054576172135,0,14.400001525878906,176.05457617213506,7154.0,True,12,11,True,accurate,0,0,False,False,81,False,False,,,,,,,,,,,
1019,7133.0,7302.054576172135,7318.054579986832,0,16.000003814697266,185.05457998683232,7161.0,True,13,12,True,accurate,0,0,False,False,80,False,False,,,,,,,,,,,
1021,7147.0,7318.054579986832,7332.054579986832,0,14.0,185.05457998683232,7175.0,True,13,12,True,accurate,1,1,False,False,78,False,False,,,,,,,,,,,
1022,7154.0,7332.054579986832,7346.854579223893,0,14.799999237060547,192.85457922389287,7182.0,True,14,13,True,accurate,0,0,False,False,77,False,False,,,,,,,,,,,
1024,7168.0,7346.854579223893,7361.2545769350745,0,14.39999771118164,193.2545769350745,7196.0,True,14,13,True,accurate,1,1,False,False,75,False,False,,,,,,,,,,,
1035,7245.0,7361.2545769350745,7372.654578460953,0,11.400001525878906,127.65457846095342,7273.0,True,9,8,True,accurate,0,0,False,False,64,False,False,,,,,,,,,,,
1037,7259.0,7372.654578460953,7387.054576172135,0,14.39999771118164,128.05457617213506,7287.0,True,9,8,True,accurate,0,0,False,False,62,False,False,,,,,,,,,,,
1038,7266.0,7387.054576172135,7400.2545769350745,0,13.200000762939453,134.2545769350745,7294.0,True,10,9,True,accurate,1,1,False,False,61,False,False,,,,,,,,,,,
1040,7280.0,7400.2545769350745,7415.754580749772,0,15.500003814697266,135.75458074977178,7308.0,True,10,9,True,accurate,0,0,False,False,59,False,False,,,,,,,,,,,
1042,7294.0,7415.754580749772,7432.154582275651,0,16.400001525878906,138.15458227565068,7322.0,True,10,9,True,accurate,0,0,False,False,57,False,False,,,,,,,,,,,
1046,7322.0,7432.154582275651,7444.454581512711,0,12.299999237060547,122.45458151271123,7350.0,True,9,8,True,accurate,1,1,False,False,53,False,False,,,,,,,,,,,
1048,7336.0,7444.454581512711,7464.454581512711,0,20.0,128.45458151271123,7364.0,True,9,8,True,accurate,0,0,False,False,51,False,False,,,,,,,,,,,
1049,7343.0,7464.454581512711,7478.85458303859,0,14.400001525878906,135.85458303859014,7371.0,True,10,9,True,accurate,1,1,False,False,50,False,False,,,,,,,,,,,
1050,7350.0,7478.85458303859,7494.55458380153,0,15.700000762939453,144.5545838015296,7378.0,True,10,9,True,accurate,0,0,False,False,49,False,False,,,,,,,,,,,
1051,7357.0,7494.55458380153,7513.954581512711,0,19.39999771118164,156.95458151271123,7385.0,True,11,10,True,accurate,0,0,False,False,48,False,False,,,,,,,,,,,
1052,7364.0,7513.954581512711,7525.254580749772,0,11.299999237060547,161.25458074977178,7392.0,True,11,10,True,accurate,0,0,False,False,47,False,False,,,,,,,,,,,
1061,7427.0,7525.254580749772,7541.85458303859,0,16.60000228881836,114.85458303859014,7455.0,True,8,7,True,accurate,1,1,False,False,38,False,False,,,,,,,,,,,
1064,7448.0,7541.85458303859,7557.05458380153,0,15.200000762939453,109.05458380152959,7476.0,True,7,6,True,accurate,0,0,False,False,35,False,False,,,,,,,,,,,
1065,7455.0,7557.05458380153,7572.554579986832,0,15.499996185302734,117.55457998683232,7483.0,True,8,7,True,accurate,0,0,False,False,34,False,False,,,,,,,,,,,
1066,7462.0,7572.554579986832,7588.854579223893,0,16.299999237060547,126.85457922389287,7490.0,True,9,8,True,accurate,0,0,False,False,33,False,False,,,,,,,,,,,
1067,7469.0,7588.854579223893,7605.554576172135,0,16.699996948242188,136.55457617213506,7497.0,True,9,8,True,accurate,1,1,False,False,32,False,False,,,,,,,,,,,
1068,7476.0,7605.554576172135,7616.654574646256,0,11.099998474121094,140.65457464625615,7504.0,True,10,9,True,accurate,0,0,False,False,31,False,False,,,,,,,,,,,
1069,7483.0,7616.654574646256,7630.654574646256,0,14.0,147.65457464625615,7511.0,True,10,9,True,accurate,1,1,False,False,30,False,False,,,,,,,,,,,
1070,7490.0,7630.654574646256,7645.254573120377,0,14.599998474121094,155.25457312037724,7518.0,True,11,10,True,accurate,1,1,False,False,29,False,False,,,,,,,,,,,
1076,7532.0,7645.254573120377,7658.554572357438,0,13.299999237060547,126.55457235743779,7560.0,True,9,8,True,accurate,0,0,False,False,23,False,False,,,,,,,,,,,
1077,7539.0,7658.554572357438,7676.25456930568,0,17.699996948242188,137.25456930567998,7567.0,True,10,9,True,accurate,0,0,False,False,22,False,False,,,,,,,,,,,
1078,7546.0,7676.25456930568,7690.454570068619,0,14.200000762939453,144.45457006861943,7574.0,True,10,9,True,accurate,0,0,False,False,21,False,False,,,,,,,,,,,
1080,7560.0,7690.454570068619,7703.554572357438,0,13.10000228881836,143.5545723574378,7588.0,True,10,9,True,accurate,0,0,False,False,19,False,False,,,,,,,,,,,
1084,7588.0,7703.554572357438,7727.154570831559,0,23.599998474121094,139.15457083155889,7616.0,True,10,9,True,accurate,1,1,False,False,15,False,False,,,,,,,,,,,
1088,7616.0,7727.154570831559,7740.054572357438,0,12.900001525878906,124.05457235743779,7644.0,True,9,8,True,accurate,1,1,False,False,11,False,False,,,,,,,,,,,
1089,7623.0,7740.054572357438,7752.354571594498,0,12.299999237060547,129.35457159449834,7651.0,True,9,8,True,accurate,1,1,False,False,10,False,False,,,,,,,,,,,
1090,7630.0,7752.354571594498,7767.454570068619,0,15.099998474121094,137.45457006861943,7658.0,True,10,9,True,accurate,0,0,False,False,9,False,False,,,,,,,,,,,
1096,7672.0,7767.454570068619,7782.354567779801,0,14.89999771118164,110.35456777980107,7700.0,True,8,7,True,accurate,0,0,False,False,3,False,False,,,,,,,,,,,
1098,7686.0,7782.354567779801,7793.954566253922,0,11.599998474121094,107.95456625392217,7714.0,True,8,7,True,accurate,1,1,False,False,1,True,False,,,,,,,,,,,
1099,7693.0,7793.954566253922,7805.254565490983,0,11.299999237060547,112.25456549098271,7721.0,True,8,7,True,accurate,1,1,False,True,0,True,False,,,,,,,,,,,
1103,7721.0,7805.254565490983,7819.154563202164,0,13.89999771118164,98.15456320216435,7749.0,True,8,7,True,accurate,0,0,False,False,96,False,False,,,,,,,,,,,
1108,7756.0,7819.154563202164,7835.754561676285,0,16.599998474121094,79.75456167628545,7784.0,True,6,5,True,accurate,0,0,False,False,91,False,False,,,,,,,,,,,
1109,7763.0,7835.754561676285,7847.654567016862,0,11.900005340576172,84.65456701686162,7791.0,True,7,6,True,accurate,0,0,False,False,90,False,False,,,,,,,,,,,
1110,7770.0,7847.654567016862,7861.354567779801,0,13.700000762939453,91.35456777980107,7798.0,True,7,6,True,accurate,0,0,False,False,89,False,False,,,,,,,,,,,
1114,7798.0,7861.354567779801,7878.554564728043,0,17.199996948242188,80.55456472804326,7826.0,True,6,5,True,accurate,0,0,False,False,85,False,False,,,,,,,,,,,
1115,7805.0,7878.554564728043,7891.154563202164,0,12.599998474121094,86.15456320216435,7833.0,True,7,6,True,accurate,0,0,False,False,84,False,False,,,,,,,,,,,
1116,7812.0,7891.154563202164,7905.054564728043,0,13.900001525878906,93.05456472804326,7840.0,True,7,6,True,accurate,0,0,False,False,83,False,False,,,,,,,,,,,
1126,7882.0,7905.054564728043,7926.09956356456,0,21.044998836517333,44.09956356456041,7910.0,True,3,2,False,accurate,0,0,False,False,73,False,False,,,,,,,,,,,
1128,7896.0,7926.09956356456,7946.486227067611,0,20.386663503050773,50.48622706761125,7924.0,True,3,2,False,accurate,1,1,False,False,71,False,False,,,,,,,,,,,
1131,7917.0,7946.486227067611,7965.656646032037,0,19.170418964425746,48.656646032037315,7945.0,True,3,2,False,accurate,0,0,False,False,68,False,False,,,,,,,,,,,
1135,7945.0,7965.656646032037,7980.806646032037,0,15.149999999999999,35.80664603203695,7973.0,True,3,2,False,accurate,1,1,False,False,64,False,False,,,,,,,,,,,
1138,7966.0,7980.806646032037,7997.021645135583,0,16.214999103546145,31.02164513558273,7994.0,True,2,1,False,accurate,0,0,False,False,61,False,False,,,,,,,,,,,
1141,7987.0,7997.021645135583,8011.594146794976,0,14.572501659393309,24.59414679497604,8015.0,False,2,1,False,accurate,1,1,False,False,58,False,True,,,,,,,,,,,
1142,7994.0,8011.594146794976,8025.0349769206105,0,13.440830125634863,31.03497692061046,8022.0,True,3,2,False,accurate,0,0,False,False,57,False,False,,,,,,,,,,,
1143,8001.0,8025.0349769206105,8040.884145171047,0,15.849168250436584,39.88414517104684,8029.0,True,3,2,False,accurate,0,0,False,False,56,False,False,,,,,,,,,,,
1145,8015.0,8040.884145171047,8052.584149748684,0,11.700004577636719,37.58414974868356,8043.0,True,3,2,False,accurate,0,0,False,False,54,False,False,,,,,,,,,,,
1148,8036.0,8052.584149748684,8071.484147459865,0,18.89999771118164,35.4841474598652,8064.0,True,3,2,False,accurate,0,0,False,False,51,False,False,,,,,,,,,,,
1149,8043.0,8071.484147459865,8090.284146696926,0,18.799999237060547,47.284146696925745,8071.0,True,3,2,False,accurate,1,1,False,False,50,False,False,,,,,,,,,,,
1151,8057.0,8090.284146696926,8103.984143645168,0,13.699996948242188,46.98414364516793,8085.0,True,3,2,False,accurate,0,0,False,False,48,False,False,,,,,,,,,,,
1152,8064.0,8103.984143645168,8122.684144408107,0,18.700000762939453,58.684144408107386,8092.0,True,4,3,False,accurate,0,0,False,False,47,False,False,,,,,,,,,,,
1154,8078.0,8122.684144408107,8137.884145171047,0,15.200000762939453,59.88414517104684,8106.0,True,4,3,False,accurate,0,0,False,False,45,False,False,,,,,,,,,,,
1158,8106.0,8137.884145171047,8155.084145933986,0,17.200000762939453,49.08414593398629,8134.0,True,3,2,False,accurate,1,1,False,False,41,False,False,,,,,,,,,,,
1165,8155.0,8155.084145933986,8182.284146696926,0,27.200000762939453,27.284146696925745,8183.0,False,2,1,False,accurate,0,0,False,False,34,False,True,,,,,,,,,,,
1167,8169.0,8182.284146696926,8194.084145933986,0,11.799999237060547,25.084145933986292,8197.0,False,2,1,False,accurate,0,0,False,False,32,False,True,,,,,,,,,,,
1169,8183.0,8194.084145933986,8208.284142882228,0,14.199996948242188,25.28414288222848,8211.0,False,2,1,False,accurate,0,0,False,False,30,False,True,,,,,,,,,,,
1173,8211.0,8211.0,8225.399997711182,0,14.39999771118164,14.39999771118164,8239.0,False,1,0,False,accurate,1,1,False,False,26,False,True,,,,,,,,,,,
1175,8225.0,8225.399997711182,8239.499996185303,0,14.099998474121094,14.499996185302734,8253.0,False,2,1,False,accurate,1,1,False,False,24,False,True,,,,,,,,,,,
1177,8239.0,8239.499996185303,8252.799995422363,0,13.299999237060547,13.799995422363281,8267.0,False,2,1,False,accurate,0,0,False,False,22,False,True,,,,,,,,,,,
1179,8253.0,8253.0,8265.099998474121,0,12.099998474121094,12.099998474121094,8281.0,False,1,0,False,accurate,0,0,False,False,20,False,True,,,,,,,,,,,
1185,8295.0,8295.0,8307.599994659424,0,12.599994659423828,12.599994659423828,8323.0,False,1,0,False,accurate,0,0,False,False,14,False,True,,,,,,,,,,,
1190,8330.0,8330.0,8348.599998474121,0,18.599998474121094,18.599998474121094,8358.0,False,1,0,False,accurate,0,0,False,False,9,False,True,,,,,,,,,,,
1193,8351.0,8351.0,8363.0,0,12.0,12.0,8379.0,False,1,0,False,accurate,0,0,False,False,6,False,True,,,,,,,,,,,
1195,8365.0,8365.0,8378.199996948242,0,13.199996948242188,13.199996948242188,8393.0,False,1,0,False,accurate,0,0,False,False,4,False,True,,,,,,,,,,,
1199,8393.0,8393.0,8405.899997711182,0,12.89999771118164,12.89999771118164,8421.0,False,1,0,False,accurate,1,1,False,True,0,True,True,,,,,,,,,,,
1201,8407.0,8407.0,8419.0,0,12.0,12.0,8435.0,False,1,0,False,accurate,0,0,False,False,98,False,True,,,,,,,,,,,
1206,8442.0,8442.0,8467.900001525879,0,25.900001525878906,25.900001525878906,8470.0,False,1,0,False,accurate,0,0,False,False,93,False,True,,,,,,,,,,,
1207,8449.0,8467.900001525879,8495.29999923706,0,27.39999771118164,46.29999923706055,8477.0,True,2,1,False,accurate,1,1,False,False,92,False,False,,,,,,,,,,,
1210,8470.0,8495.29999923706,8516.70000076294,0,21.400001525878906,46.70000076293945,8498.0,True,2,1,False,accurate,0,0,False,False,89,False,False,,,,,,,,,,,
1213,8491.0,8516.70000076294,8528.79999923706,0,12.099998474121094,37.79999923706055,8519.0,True,3,2,False,accurate,1,1,False,False,86,False,False,,,,,,,,,,,
1215,8505.0,8528.79999923706,8544.099998474121,0,15.299999237060547,39.099998474121094,8533.0,True,3,2,False,accurate,0,0,False,False,84,False,False,,,,,,,,,,,
1220,8540.0,8544.099998474121,8558.79999923706,0,14.700000762939453,18.799999237060547,8568.0,False,2,1,False,accurate,0,0,False,False,79,False,True,,,,,,,,,,,
1221,8547.0,8558.79999923706,8571.29999923706,0,12.5,24.299999237060547,8575.0,False,2,1,False,accurate,1,1,False,False,78,False,True,,,,,,,,,,,
1222,8554.0,8571.29999923706,8585.199996948242,0,13.89999771118164,31.199996948242188,8582.0,True,3,2,False,accurate,0,0,False,False,77,False,False,,,,,,,,,,,
1223,8561.0,8585.199996948242,8602.099998474121,0,16.900001525878906,41.099998474121094,8589.0,True,3,2,False,accurate,0,0,False,False,76,False,False,,,,,,,,,,,
1228,8596.0,8602.099998474121,8614.299995422363,0,12.199996948242188,18.29999542236328,8624.0,False,2,1,False,accurate,0,0,False,False,71,False,True,,,,,,,,,,,
1229,8603.0,8614.299995422363,8642.099994659424,0,27.799999237060547,39.09999465942383,8631.0,True,2,1,False,accurate,1,1,False,False,70,False,False,,,,,,,,,,,
1231,8617.0,8642.099994659424,8662.399993896484,0,20.299999237060547,45.399993896484375,8645.0,True,2,1,False,accurate,1,1,False,False,68,False,False,,,,,,,,,,,
1238,8666.0,8666.0,8685.0,0,19.0,19.0,8694.0,False,1,0,False,accurate,0,0,False,False,61,False,True,,,,,,,,,,,
1239,8673.0,8685.0,8702.900001525879,0,17.900001525878906,29.900001525878906,8701.0,True,2,1,False,accurate,0,0,False,False,60,False,False,,,,,,,,,,,
1240,8680.0,8702.900001525879,8718.70000076294,0,15.799999237060547,38.70000076293945,8708.0,True,3,2,False,accurate,1,1,False,False,59,False,False,,,,,,,,,,,
1253,8771.0,8771.0,8784.900001525879,0,13.900001525878906,13.900001525878906,8799.0,False,1,0,False,accurate,0,0,False,False,46,False,True,,,,,,,,,,,
1260,8820.0,8820.0,8832.0,0,12.0,12.0,8848.0,False,1,0,False,accurate,0,0,False,False,39,False,True,,,,,,,,,,,
1262,8834.0,8834.0,8844.70000076294,0,10.700000762939453,10.700000762939453,8862.0,False,1,0,False,accurate,0,0,False,False,37,False,True,,,,,,,,,,,
1263,8841.0,8844.70000076294,8855.29999923706,0,10.599998474121094,14.299999237060547,8869.0,False,2,1,False,accurate,0,0,False,False,36,False,True,,,,,,,,,,,
1264,8848.0,8855.29999923706,8866.699996948242,0,11.39999771118164,18.699996948242188,8876.0,False,2,1,False,accurate,0,0,False,False,35,False,True,,,,,,,,,,,
1266,8862.0,8866.699996948242,8879.199996948242,0,12.5,17.199996948242188,8890.0,False,2,1,False,accurate,1,1,False,False,33,False,True,,,,,,,,,,,
1274,8918.0,8918.0,8931.399997711182,0,13.39999771118164,13.39999771118164,8946.0,False,1,0,False,accurate,0,0,False,False,25,False,True,,,,,,,,,,,
1275,8925.0,8931.399997711182,8944.100002288818,0,12.700004577636719,19.10000228881836,8953.0,False,2,1,False,accurate,0,0,False,False,24,False,True,,,,,,,,,,,
1276,8932.0,8944.100002288818,8957.500003814697,0,13.400001525878906,25.500003814697266,8960.0,False,2,1,False,accurate,1,1,False,False,23,False,True,,,,,,,,,,,
1279,8953.0,8957.500003814697,8972.700008392334,0,15.200004577636719,19.700008392333984,8981.0,False,2,1,False,accurate,1,1,False,False,20,False,True,,,,,,,,,,,
1283,8981.0,8981.0,9006.31624507904,0,25.316245079040524,25.316245079040527,9009.0,False,1,0,False,accurate,1,1,False,False,16,False,True,,,,,,,,,,,
1285,8995.0,9006.31624507904,9026.36499762992,0,20.04875255088014,31.364997629920254,9023.0,True,2,1,False,accurate,0,0,False,False,14,False,False,,,,,,,,,,,
1286,9002.0,9026.36499762992,9046.799999956886,0,20.435002326965332,44.799999956885586,9030.0,True,3,2,False,accurate,0,0,False,False,13,False,False,,,,,,,,,,,
1289,9023.0,9046.799999956886,9064.193753247062,0,17.39375329017639,41.19375324706198,9051.0,True,3,2,False,accurate,0,0,False,False,10,False,False,,,,,,,,,,,
1291,9037.0,9064.193753247062,9081.985005530913,0,17.79125228385133,44.98500553091253,9065.0,True,3,2,False,accurate,1,1,False,False,8,False,False,,,,,,,,,,,
1295,9065.0,9081.985005530913,9097.261258420545,0,15.276252889633177,32.261258420545346,9093.0,True,2,1,False,accurate,1,1,False,False,4,False,False,,,,,,,,,,,
1296,9072.0,9097.261258420545,9112.184589956103,0,14.923331535557896,40.18458995610308,9100.0,True,3,2,False,accurate,1,1,False,False,3,False,False,,,,,,,,,,,
1298,9086.0,9112.184589956103,9129.809594438373,0,17.625004482269286,43.8095944383731,9114.0,True,3,2,False,accurate,0,0,False,False,1,True,False,,,,,,,,,,,
1302,9114.0,9129.809594438373,9146.319596887826,0,16.51000244945288,32.319596887826265,9142.0,True,2,1,False,accurate,1,1,False,False,97,False,False,,,,,,,,,,,
1303,9121.0,9146.319596887826,9158.155013564488,0,11.835416676662861,37.1550135644884,9149.0,True,3,2,False,accurate,0,0,False,False,96,False,False,,,,,,,,,,,
1305,9135.0,9158.155013564488,9172.85501051273,0,14.699996948242188,37.85501051273059,9163.0,True,3,2,False,accurate,1,1,False,False,94,False,False,,,,,,,,,,,
1307,9149.0,9172.85501051273,9186.055007460973,0,13.199996948242188,37.055007460972774,9177.0,True,3,2,False,accurate,0,0,False,False,92,False,False,,,,,,,,,,,
1308,9156.0,9186.055007460973,9200.05501127567,0,14.000003814697266,44.05501127567004,9184.0,True,4,3,False,accurate,0,0,False,False,91,False,False,,,,,,,,,,,
1311,9177.0,9200.05501127567,9212.655013564488,0,12.60000228881836,35.6550135644884,9205.0,True,3,2,False,accurate,0,0,False,False,88,False,False,,,,,,,,,,,
1313,9191.0,9212.655013564488,9224.955012801549,0,12.299999237060547,33.955012801548946,9219.0,True,3,2,False,accurate,1,1,False,False,86,False,False,,,,,,,,,,,
1314,9198.0,9224.955012801549,9245.655009749791,0,20.699996948242188,47.655009749791134,9226.0,True,4,3,False,accurate,1,1,False,False,85,False,False,,,,,,,,,,,
1317,9219.0,9245.655009749791,9258.75501203861,0,13.10000228881836,39.75501203860949,9247.0,True,3,2,False,accurate,0,0,False,False,82,False,False,,,,,,,,,,,
1320,9240.0,9258.75501203861,9271.155013564488,0,12.400001525878906,31.1550135644884,9268.0,True,3,2,False,accurate,0,0,False,False,79,False,False,,,,,,,,,,,
1322,9254.0,9271.155013564488,9285.155009749791,0,13.999996185302734,31.155009749791134,9282.0,True,3,2,False,accurate,0,0,False,False,77,False,False,,,,,,,,,,,
1324,9268.0,9285.155009749791,9296.955008986852,0,11.799999237060547,28.95500898685168,9296.0,True,3,2,False,accurate,0,0,False,False,75,False,False,,,,,,,,,,,
1328,9296.0,9296.955008986852,9308.555007460973,0,11.599998474121094,12.555007460972774,9324.0,False,2,1,False,accurate,0,0,False,False,71,False,True,,,,,,,,,,,
1329,9303.0,9308.555007460973,9319.555007460973,0,11.0,16.555007460972774,9331.0,False,2,1,False,accurate,0,0,False,False,70,False,True,,,,,,,,,,,
1331,9317.0,9319.555007460973,9333.255008223912,0,13.700000762939453,16.255008223912228,9345.0,False,2,1,False,accurate,0,0,False,False,68,False,True,,,,,,,,,,,
1333,9331.0,9333.255008223912,9346.255008223912,0,13.0,15.255008223912228,9359.0,False,2,1,False,accurate,0,0,False,False,66,False,True,,,,,,,,,,,
1335,9345.0,9346.255008223912,9359.155005935094,0,12.89999771118164,14.155005935093868,9373.0,False,2,1,False,accurate,1,1,False,False,64,False,True,,,,,,,,,,,
1336,9352.0,9359.155005935094,9378.055007460973,0,18.900001525878906,26.055007460972774,9380.0,False,2,1,False,accurate,1,1,False,False,63,False,True,,,,,,,,,,,
1339,9373.0,9378.055007460973,9389.555003646276,0,11.499996185302734,16.55500364627551,9401.0,False,2,1,False,accurate,0,0,False,False,60,False,True,,,,,,,,,,,
1344,9408.0,9408.0,9424.599998474121,0,16.599998474121094,16.599998474121094,9436.0,False,1,0,False,accurate,0,0,False,False,55,False,True,,,,,,,,,,,
1347,9429.0,9429.0,9443.899997711182,0,14.89999771118164,14.89999771118164,9457.0,False,1,0,False,accurate,0,0,False,False,52,False,True,,,,,,,,,,,
1349,9443.0,9443.899997711182,9458.099994659424,0,14.199996948242188,15.099994659423828,9471.0,False,2,1,False,accurate,0,0,False,False,50,False,True,,,,,,,,,,,
1351,9457.0,9458.099994659424,9471.599994659424,0,13.5,14.599994659423828,9485.0,False,2,1,False,accurate,1,1,False,False,48,False,True,,,,,,,,,,,
1352,9464.0,9471.599994659424,9483.799995422363,0,12.200000762939453,19.79999542236328,9492.0,False,2,1,False,accurate,0,0,False,False,47,False,True,,,,,,,,,,,
1357,9499.0,9499.0,9511.199996948242,0,12.199996948242188,12.199996948242188,9527.0,False,1,0,False,accurate,0,0,False,False,42,False,True,,,,,,,,,,,
1362,9534.0,9534.0,9553.29999923706,0,19.299999237060547,19.299999237060547,9562.0,False,1,0,False,accurate,1,1,False,False,37,False,True,,,,,,,,,,,
1368,9576.0,9576.0,9590.399997711182,0,14.39999771118164,14.39999771118164,9604.0,False,1,0,False,accurate,0,0,False,False,31,False,True,,,,,,,,,,,
1371,9597.0,9597.0,9609.5,0,12.5,12.5,9625.0,False,1,0,False,accurate,0,0,False,False,28,False,True,,,,,,,,,,,
1372,9604.0,9609.5,9623.400001525879,0,13.900001525878906,19.400001525878906,9632.0,False,2,1,False,accurate,0,0,False,False,27,False,True,,,,,,,,,,,
1377,9639.0,9639.0,9653.100002288818,0,14.10000228881836,14.10000228881836,9667.0,False,1,0,False,accurate,0,0,False,False,22,False,True,,,,,,,,,,,
1379,9653.0,9653.100002288818,9665.5,0,12.39999771118164,12.5,9681.0,False,2,1,False,accurate,0,0,False,False,20,False,True,,,,,,,,,,,
1382,9674.0,9674.0,9689.300003051758,0,15.300003051757812,15.300003051757812,9702.0,False,1,0,False,accurate,1,1,False,False,17,False,True,,,,,,,,,,,
1383,9681.0,9689.300003051758,9702.20000076294,0,12.89999771118164,21.200000762939453,9709.0,False,2,1,False,accurate,0,0,False,False,16,False,True,,,,,,,,,,,
1385,9695.0,9702.20000076294,9714.600002288818,0,12.400001525878906,19.60000228881836,9723.0,False,2,1,False,accurate,0,0,False,False,14,False,True,,,,,,,,,,,
1386,9702.0,9714.600002288818,9735.100002288818,0,20.5,33.10000228881836,9730.0,True,3,2,False,accurate,0,0,False,False,13,False,False,,,,,,,,,,,
1395,9765.0,9765.0,9777.100002288818,0,12.10000228881836,12.10000228881836,9793.0,False,1,0,False,accurate,1,1,False,False,4,False,True,,,,,,,,,,,
1396,9772.0,9777.100002288818,9789.300006866455,0,12.200004577636719,17.300006866455078,9800.0,False,2,1,False,accurate,0,0,False,False,3,False,True,,,,,,,,,,,
1406,9842.0,9842.0,9855.400001525879,0,13.400001525878906,13.400001525878906,9870.0,False,1,0,False,accurate,0,0,False,False,93,False,True,,,,,,,,,,,
1408,9856.0,9856.0,9872.29999923706,0,16.299999237060547,16.299999237060547,9884.0,False,1,0,False,accurate,0,0,False,False,91,False,True,,,,,,,,,,,
1411,9877.0,9877.0,9890.79999923706,0,13.799999237060547,13.799999237060547,9905.0,False,1,0,False,accurate,0,0,False,False,88,False,True,,,,,,,,,,,
1413,9891.0,9891.0,9905.899997711182,0,14.89999771118164,14.89999771118164,9919.0,False,1,0,False,accurate,0,0,False,False,86,False,True,,,,,,,,,,,
1415,9905.0,9905.899997711182,9922.399997711182,0,16.5,17.39999771118164,9933.0,False,2,1,False,accurate,0,0,False,False,84,False,True,,,,,,,,,,,
1417,9919.0,9922.399997711182,9935.299995422363,0,12.89999771118164,16.29999542236328,9947.0,False,2,1,False,accurate,0,0,False,False,82,False,True,,,,,,,,,,,
1419,9933.0,9935.299995422363,9954.399993896484,0,19.099998474121094,21.399993896484375,9961.0,False,2,1,False,accurate,1,1,False,False,80,False,True,,,,,,,,,,,
1426,9982.0,9982.0,9994.500003814697,0,12.500003814697266,12.500003814697266,10010.0,False,1,0,False,accurate,0,0,False,False,73,False,True,,,,,,,,,,,
1427,9989.0,9994.500003814697,10011.800003051758,0,17.299999237060547,22.800003051757812,10017.0,False,2,1,False,accurate,1,0,True,False,72,False,True,,,,,,,,,,,
1429,10003.0,10011.800003051758,10040.600002288818,0,28.799999237060547,37.60000228881836,10031.0,True,2,1,False,accurate,0,0,False,False,70,False,False,,,,,,,,,,,
1431,10017.0,10040.600002288818,10060.500003814697,0,19.900001525878906,43.500003814697266,10045.0,True,2,1,False,accurate,0,0,False,False,68,False,False,,,,,,,,,,,
1432,10024.0,10060.500003814697,10082.100006103516,0,21.60000228881836,58.100006103515625,10052.0,True,3,2,False,accurate,0,0,False,False,67,False,False,,,,,,,,,,,
1433,10031.0,10082.100006103516,10106.800003051758,0,24.699996948242188,75.80000305175781,10059.0,True,4,3,False,accurate,1,1,False,False,66,False,False,,,,,,,,,,,
1439,10073.0,10106.800003051758,10119.5,0,12.699996948242188,46.5,10101.0,True,3,2,False,accurate,0,0,False,False,60,False,False,,,,,,,,,,,
1440,10080.0,10119.5,10148.740001296997,0,29.240001296997068,68.74000129699743,10108.0,True,4,3,False,accurate,1,1,False,False,59,False,False,,,,,,,,,,,
1441,10087.0,10148.740001296997,10171.296251109243,0,22.55624981224537,84.2962511092428,10115.0,True,4,3,False,accurate,0,0,False,False,58,False,False,,,,,,,,,,,
1442,10094.0,10171.296251109243,10192.14541920503,0,20.849168095787377,98.14541920502961,10122.0,True,5,4,False,accurate,0,0,False,False,57,False,False,,,,,,,,,,,
1443,10101.0,10192.14541920503,10211.81791428407,0,19.672495079040527,110.81791428407087,10129.0,True,6,5,True,accurate,0,0,False,False,56,False,False,,,,,,,,,,,
1446,10122.0,10211.81791428407,10228.287913120588,0,16.469998836517334,106.2879131205882,10150.0,True,5,4,False,accurate,0,0,False,False,53,False,False,,,,,,,,,,,
1447,10129.0,10228.287913120588,10248.631249688468,0,20.34333656787869,119.6312496884675,10157.0,True,6,5,True,accurate,0,0,False,False,52,False,False,,,,,,,,,,,
1448,10136.0,10248.631249688468,10274.884585508706,0,26.253335820237815,138.88458550870564,10164.0,True,7,6,True,accurate,1,1,False,False,51,False,False,,,,,,,,,,,
1451,10157.0,10274.884585508706,10292.124169015886,0,17.239583507180214,135.12416901588585,10185.0,True,7,6,True,accurate,0,0,False,False,48,False,False,,,,,,,,,,,
1453,10171.0,10292.124169015886,10308.766672126652,0,16.642503110766427,137.76667212665234,10199.0,True,8,7,True,accurate,0,0,False,False,46,False,False,,,,,,,,,,,
1454,10178.0,10308.766672126652,10330.07917693923,0,21.312504812578336,152.07917693923082,10206.0,True,8,7,True,accurate,0,0,False,False,45,False,False,,,,,,,,,,,
1456,10192.0,10330.07917693923,10347.962510373396,0,17.883333434164527,155.96251037339607,10220.0,True,9,8,True,accurate,0,0,False,False,43,False,False,,,,,,,,,,,
1457,10199.0,10347.962510373396,10363.857511200311,0,15.8950008269151,164.8575112003109,10227.0,True,9,8,True,accurate,1,1,False,False,42,False,False,,,,,,,,,,,
1459,10213.0,10363.857511200311,10389.524179537497,0,25.66666833718617,176.52417953749682,10241.0,True,9,8,True,accurate,0,0,False,False,40,False,False,,,,,,,,,,,
1464,10248.0,10389.524179537497,10401.224184115134,0,11.700004577636719,153.22418411513354,10276.0,True,9,8,True,accurate,0,0,False,False,35,False,False,,,,,,,,,,,
1466,10262.0,10401.224184115134,10414.124181826315,0,12.89999771118164,152.12418182631518,10290.0,True,9,8,True,accurate,1,1,False,False,33,False,False,,,,,,,,,,,
1471,10297.0,10414.124181826315,10427.224184115134,0,13.10000228881836,130.22418411513354,10325.0,True,8,7,True,accurate,0,0,False,False,28,False,False,,,,,,,,,,,
1474,10318.0,10427.224184115134,10438.624185641012,0,11.400001525878906,120.62418564101245,10346.0,True,8,7,True,accurate,0,0,False,False,25,False,False,,,,,,,,,,,
1476,10332.0,10438.624185641012,10450.024187166891,0,11.400001525878906,118.02418716689135,10360.0,True,8,7,True,accurate,1,1,False,False,23,False,False,,,,,,,,,,,
1479,10353.0,10450.024187166891,10462.324186403952,0,12.299999237060547,109.3241864039519,10381.0,True,8,7,True,accurate,0,0,False,False,20,False,False,,,,,,,,,,,
1487,10409.0,10462.324186403952,10474.624185641012,0,12.299999237060547,65.62418564101245,10437.0,True,6,5,True,accurate,0,0,False,False,12,False,False,,,,,,,,,,,
1491,10437.0,10474.624185641012,10485.324186403952,0,10.700000762939453,48.3241864039519,10465.0,True,5,4,False,accurate,0,0,False,False,8,False,False,,,,,,,,,,,
1492,10444.0,10485.324186403952,10503.024183352194,0,17.699996948242188,59.024183352194086,10472.0,True,5,4,False,accurate,1,1,False,False,7,False,False,,,,,,,,,,,
1496,10472.0,10503.024183352194,10516.524179537497,0,13.499996185302734,44.52417953749682,10500.0,True,4,3,False,accurate,0,0,False,False,3,False,False,,,,,,,,,,,
1497,10479.0,10516.524179537497,10532.624178011618,0,16.099998474121094,53.624178011617914,10507.0,True,4,3,False,accurate,0,0,False,False,2,True,False,,,,,,,,,,,
1499,10493.0,10532.624178011618,10546.724180300436,0,14.10000228881836,53.724180300436274,10521.0,True,4,3,False,accurate,1,1,False,True,0,True,False,,,,,,,,,,,
1501,10507.0,10546.724180300436,10560.824178774557,0,14.099998474121094,53.82417877455737,10535.0,True,4,3,False,accurate,0,0,False,False,98,False,False,,,,,,,,,,,
1503,10521.0,10560.824178774557,10579.024179537497,0,18.200000762939453,58.02417953749682,10549.0,True,4,3,False,accurate,1,1,False,False,96,False,False,,,,,,,,,,,
1505,10535.0,10579.024179537497,10591.224176485739,0,12.199996948242188,56.22417648573901,10563.0,True,4,3,False,accurate,0,0,False,False,94,False,False,,,,,,,,,,,
1509,10563.0,10591.224176485739,10612.724176485739,0,21.5,49.72417648573901,10591.0,True,3,2,False,accurate,1,1,False,False,90,False,False,,,,,,,,,,,
1510,10570.0,10612.724176485739,10626.32417495986,0,13.599998474121094,56.3241749598601,10598.0,True,4,3,False,accurate,0,0,False,False,89,False,False,,,,,,,,,,,
1513,10591.0,10626.32417495986,10639.524171908102,0,13.199996948242188,48.52417190810229,10619.0,True,4,3,False,accurate,0,0,False,False,86,False,False,,,,,,,,,,,
1519,10633.0,10639.524171908102,10655.324171145163,0,15.799999237060547,22.324171145162836,10661.0,False,2,1,False,accurate,0,0,False,False,80,False,True,,,,,,,,,,,
1522,10654.0,10655.324171145163,10666.024168093405,0,10.699996948242188,12.024168093405024,10682.0,False,2,1,False,accurate,1,1,False,False,77,False,True,,,,,,,,,,,
1525,10675.0,10675.0,10688.000003814697,0,13.000003814697266,13.000003814697266,10703.0,False,1,0,False,accurate,1,1,False,False,74,False,True,,,,,,,,,,,
1530,10710.0,10710.0,10724.000003814697,0,14.000003814697266,14.000003814697266,10738.0,False,1,0,False,accurate,0,0,False,False,69,False,True,,,,,,,,,,,
1531,10717.0,10724.000003814697,10735.700004577637,0,11.700000762939453,18.70000457763672,10745.0,False,2,1,False,accurate,0,0,False,False,68,False,True,,,,,,,,,,,
1537,10759.0,10759.0,10770.099998474121,0,11.099998474121094,11.099998474121094,10787.0,False,1,0,False,accurate,0,0,False,False,62,False,True,,,,,,,,,,,
1540,10780.0,10780.0,10793.899997711182,0,13.89999771118164,13.89999771118164,10808.0,False,1,0,False,accurate,0,0,False,False,59,False,True,,,,,,,,,,,
1541,10787.0,10793.899997711182,10805.5,0,11.60000228881836,18.5,10815.0,False,2,1,False,accurate,1,1,False,False,58,False,True,,,,,,,,,,,
1547,10829.0,10829.0,10842.79999923706,0,13.799999237060547,13.799999237060547,10857.0,False,1,0,False,accurate,0,0,False,False,52,False,True,,,,,,,,,,,
1550,10850.0,10850.0,10861.0,0,11.0,11.0,10878.0,False,1,0,False,accurate,0,0,False,False,49,False,True,,,,,,,,,,,
1554,10878.0,10878.0,10891.29999923706,0,13.299999237060547,13.299999237060547,10906.0,False,1,0,False,accurate,0,0,False,False,45,False,True,,,,,,,,,,,
1555,10885.0,10891.29999923706,10905.999996185303,0,14.699996948242188,20.999996185302734,10913.0,False,2,1,False,accurate,1,1,False,False,44,False,True,,,,,,,,,,,
1556,10892.0,10905.999996185303,10919.099994659424,0,13.099998474121094,27.099994659423828,10920.0,False,2,1,False,accurate,0,0,False,False,43,False,True,,,,,,,,,,,
1560,10920.0,10920.0,10933.699996948242,0,13.699996948242188,13.699996948242188,10948.0,False,1,0,False,accurate,0,0,False,False,39,False,True,,,,,,,,,,,
1562,10934.0,10934.0,10947.79999923706,0,13.799999237060547,13.799999237060547,10962.0,False,1,0,False,accurate,0,0,False,False,37,False,True,,,,,,,,,,,
1565,10955.0,10955.0,10968.0,0,13.0,13.0,10983.0,False,1,0,False,accurate,0,0,False,False,34,False,True,,,,,,,,,,,
1566,10962.0,10968.0,10979.29999923706,0,11.299999237060547,17.299999237060547,10990.0,False,2,1,False,accurate,0,0,False,False,33,False,True,,,,,,,,,,,
1569,10983.0,10983.0,11000.400001525879,0,17.400001525878906,17.400001525878906,11011.0,False,1,0,False,accurate,1,1,False,False,30,False,True,,,,,,,,,,,
1575,11025.0,11025.0,11039.70000076294,0,14.700000762939453,14.700000762939453,11053.0,False,1,0,False,accurate,0,0,False,False,24,False,True,,,,,,,,,,,
1577,11039.0,11039.70000076294,11057.000003814697,0,17.300003051757812,18.000003814697266,11067.0,False,2,1,False,accurate,0,0,False,False,22,False,True,,,,,,,,,,,
1578,11046.0,11057.000003814697,11070.800003051758,0,13.799999237060547,24.800003051757812,11074.0,False,2,1,False,accurate,0,0,False,False,21,False,True,,,,,,,,,,,
1582,11074.0,11074.0,11088.300003051758,0,14.300003051757812,14.300003051757812,11102.0,False,1,0,False,accurate,0,0,False,False,17,False,True,,,,,,,,,,,
1583,11081.0,11088.300003051758,11101.100002288818,0,12.799999237060547,20.10000228881836,11109.0,False,2,1,False,accurate,0,0,False,False,16,False,True,,,,,,,,,,,
1587,11109.0,11109.0,11122.399997711182,0,13.39999771118164,13.39999771118164,11137.0,False,1,0,False,accurate,0,0,False,False,12,False,True,,,,,,,,,,,
1588,11116.0,11122.399997711182,11136.999996185303,0,14.599998474121094,20.999996185302734,11144.0,False,2,1,False,accurate,1,1,False,False,11,False,True,,,,,,,,,,,
1590,11130.0,11136.999996185303,11153.899997711182,0,16.900001525878906,23.89999771118164,11158.0,False,2,1,False,accurate,1,1,False,False,9,False,True,,,,,,,,,,,
1596,11172.0,11172.0,11187.899997711182,0,15.89999771118164,15.89999771118164,11200.0,False,1,0,False,accurate,0,0,False,False,3,False,True,,,,,,,,,,,
1598,11186.0,11187.899997711182,11199.70000076294,0,11.800003051757812,13.700000762939453,11214.0,False,2,1,False,accurate,0,0,False,False,1,True,True,,,,,,,,,,,
1599,11193.0,11199.70000076294,11211.600002288818,0,11.900001525878906,18.60000228881836,11221.0,False,2,1,False,accurate,1,1,False,True,0,True,True,,,,,,,,,,,
1602,11214.0,11214.0,11234.356669344108,0,20.35666934410733,20.356669344108013,11242.0,False,1,0,False,accurate,0,0,False,False,97,False,True,,,,,,,,,,,
1608,11256.0,11256.0,11277.120002438227,0,21.120002438227356,21.120002438226948,11284.0,False,1,0,False,accurate,1,1,False,False,91,False,True,,,,,,,,,,,
1610,11270.0,11277.120002438227,11296.41416998883,0,19.29416755060354,26.4141699888296,11298.0,False,2,1,False,accurate,0,0,False,False,89,False,True,,,,,,,,,,,
1611,11277.0,11296.41416998883,11320.135832685826,0,23.72166269699728,43.135832685826244,11305.0,True,3,2,False,accurate,0,0,False,False,88,False,False,,,,,,,,,,,
1612,11284.0,11320.135832685826,11337.280828565954,0,17.144995880126956,53.280828565953925,11312.0,True,3,2,False,accurate,0,0,False,False,87,False,False,,,,,,,,,,,
1617,11319.0,11337.280828565954,11350.647081244884,0,13.366252678930742,31.647081244884248,11347.0,True,3,2,False,accurate,0,0,False,False,82,False,False,,,,,,,,,,,
1619,11333.0,11350.647081244884,11373.678333797603,0,23.031252552717913,40.678333797603045,11361.0,True,3,2,False,accurate,1,1,False,False,80,False,False,,,,,,,,,,,
1620,11340.0,11373.678333797603,11390.540003072618,0,16.8616692750156,50.540003072617765,11368.0,True,3,2,False,accurate,0,0,False,False,79,False,False,,,,,,,,,,,
1626,11382.0,11390.540003072618,11406.240003835557,0,15.700000762939453,24.240003835557218,11410.0,False,2,1,False,accurate,0,0,False,False,73,False,True,,,,,,,,,,,
1631,11417.0,11417.0,11430.199996948242,0,13.199996948242188,13.199996948242188,11445.0,False,1,0,False,accurate,1,1,False,False,68,False,True,,,,,,,,,,,
1633,11431.0,11431.0,11445.699996948242,0,14.699996948242188,14.699996948242188,11459.0,False,1,0,False,accurate,1,1,False,False,66,False,True,,,,,,,,,,,
1634,11438.0,11445.699996948242,11458.399997711182,0,12.700000762939453,20.39999771118164,11466.0,False,2,1,False,accurate,0,0,False,False,65,False,True,,,,,,,,,,,
1636,11452.0,11458.399997711182,11470.699996948242,0,12.299999237060547,18.699996948242188,11480.0,False,2,1,False,accurate,0,0,False,False,63,False,True,,,,,,,,,,,
1639,11473.0,11473.0,11488.29999923706,0,15.299999237060547,15.299999237060547,11501.0,False,1,0,False,accurate,0,0,False,False,60,False,True,,,,,,,,,,,
1643,11501.0,11501.0,11513.5,0,12.5,12.5,11529.0,False,1,0,False,accurate,0,0,False,False,56,False,True,,,,,,,,,,,
1649,11543.0,11543.0,11554.20000076294,0,11.200000762939453,11.200000762939453,11571.0,False,1,0,False,accurate,0,0,False,False,50,False,True,,,,,,,,,,,
1652,11564.0,11564.0,11577.199996948242,0,13.199996948242188,13.199996948242188,11592.0,False,1,0,False,accurate,1,1,False,False,47,False,True,,,,,,,,,,,
1653,11571.0,11577.199996948242,11591.999996185303,0,14.799999237060547,20.999996185302734,11599.0,False,2,1,False,accurate,0,0,False,False,46,False,True,,,,,,,,,,,
1656,11592.0,11592.0,11604.699996948242,0,12.699996948242188,12.699996948242188,11620.0,False,1,0,False,accurate,0,0,False,False,43,False,True,,,,,,,,,,,
1657,11599.0,11604.699996948242,11620.499996185303,0,15.799999237060547,21.499996185302734,11627.0,False,2,1,False,accurate,0,0,False,False,42,False,True,,,,,,,,,,,
1658,11606.0,11620.499996185303,11635.699996948242,0,15.200000762939453,29.699996948242188,11634.0,True,2,1,False,accurate,0,0,False,False,41,False,False,,,,,,,,,,,
1659,11613.0,11635.699996948242,11649.599994659424,0,13.89999771118164,36.59999465942383,11641.0,True,3,2,False,accurate,0,0,False,False,40,False,False,,,,,,,,,,,
1661,11627.0,11649.599994659424,11664.699993133545,0,15.099998474121094,37.69999313354492,11655.0,True,3,2,False,accurate,0,0,False,False,38,False,False,,,,,,,,,,,
1662,11634.0,11664.699993133545,11678.699993133545,0,14.0,44.69999313354492,11662.0,True,4,3,False,accurate,0,0,False,False,37,False,False,,,,,,,,,,,
1663,11641.0,11678.699993133545,11693.699996948242,0,15.000003814697266,52.69999694824219,11669.0,True,4,3,False,accurate,0,0,False,False,36,False,False,,,,,,,,,,,
1670,11690.0,11693.699996948242,11707.699993133545,0,13.999996185302734,17.699993133544922,11718.0,False,2,1,False,accurate,1,1,False,False,29,False,True,,,,,,,,,,,
1673,11711.0,11711.0,11722.399997711182,0,11.39999771118164,11.39999771118164,11739.0,False,1,0,False,accurate,0,0,False,False,26,False,True,,,,,,,,,,,
1675,11725.0,11725.0,11736.79999923706,0,11.799999237060547,11.799999237060547,11753.0,False,1,0,False,accurate,0,0,False,False,24,False,True,,,,,,,,,,,
1680,11760.0,11760.0,11772.5,0,12.5,12.5,11788.0,False,1,0,False,accurate,0,0,False,False,19,False,True,,,,,,,,,,,
1681,11767.0,11772.5,11784.899997711182,0,12.39999771118164,17.89999771118164,11795.0,False,2,1,False,accurate,0,0,False,False,18,False,True,,,,,,,,,,,
1682,11774.0,11784.899997711182,11797.20000076294,0,12.300003051757812,23.200000762939453,11802.0,False,2,1,False,accurate,0,0,False,False,17,False,True,,,,,,,,,,,
1683,11781.0,11797.20000076294,11811.800003051758,0,14.60000228881836,30.800003051757812,11809.0,True,3,2,False,accurate,0,0,False,False,16,False,False,,,,,,,,,,,
1686,11802.0,11811.800003051758,11827.400005340576,0,15.60000228881836,25.400005340576172,11830.0,False,2,1,False,accurate,0,0,False,False,13,False,True,,,,,,,,,,,
1690,11830.0,11830.0,11841.5,0,11.5,11.5,11858.0,False,1,0,False,accurate,0,0,False,False,9,False,True,,,,,,,,,,,
1693,11851.0,11851.0,11862.29999923706,0,11.299999237060547,11.299999237060547,11879.0,False,1,0,False,accurate,1,1,False,False,6,False,True,,,,,,,,,,,
1694,11858.0,11862.29999923706,11876.900001525879,0,14.60000228881836,18.900001525878906,11886.0,False,2,1,False,accurate,1,1,False,False,5,False,True,,,,,,,,,,,
1696,11872.0,11876.900001525879,11894.600002288818,0,17.700000762939453,22.60000228881836,11900.0,False,2,1,False,accurate,1,1,False,False,3,False,True,,,,,,,,,,,
1697,11879.0,11894.600002288818,11908.700004577637,0,14.10000228881836,29.70000457763672,11907.0,True,2,1,False,accurate,0,0,False,False,2,True,False,,,,,,,,,,,
1701,11907.0,11908.700004577637,11927.300003051758,0,18.599998474121094,20.300003051757812,11935.0,False,2,1,False,accurate,0,0,False,False,98,False,True,,,,,,,,,,,
1702,11914.0,11927.300003051758,11941.700004577637,0,14.400001525878906,27.70000457763672,11942.0,False,2,1,False,accurate,0,0,False,False,97,False,True,,,,,,,,,,,
1703,11921.0,11941.700004577637,11958.800003051758,0,17.099998474121094,37.80000305175781,11949.0,True,3,2,False,accurate,1,1,False,False,96,False,False,,,,,,,,,,,
1704,11928.0,11958.800003051758,11977.100006103516,0,18.300003051757812,49.100006103515625,11956.0,True,3,2,False,accurate,0,0,False,False,95,False,False,,,,,,,,,,,
1710,11970.0,11977.100006103516,11989.600006103516,0,12.5,19.600006103515625,11998.0,False,2,1,False,accurate,0,0,False,False,89,False,True,,,,,,,,,,,
1711,11977.0,11989.600006103516,12005.300006866455,0,15.700000762939453,28.300006866455078,12005.0,True,3,2,False,accurate,1,1,False,False,88,False,False,,,,,,,,,,,
1713,11991.0,12005.300006866455,12032.400009155273,0,27.10000228881836,41.40000915527344,12019.0,True,2,1,False,accurate,1,1,False,False,86,False,False,,,,,,,,,,,
1714,11998.0,12032.400009155273,12056.300010681152,0,23.900001525878906,58.300010681152344,12026.0,True,3,2,False,accurate,0,0,False,False,85,False,False,,,,,,,,,,,
1719,12033.0,12056.300010681152,12072.600009918213,0,16.299999237060547,39.60000991821289,12061.0,True,2,1,False,accurate,0,0,False,False,80,False,False,,,,,,,,,,,
1721,12047.0,12072.600009918213,12083.30001449585,0,10.700004577636719,36.30001449584961,12075.0,True,3,2,False,accurate,1,1,False,False,78,False,False,,,,,,,,,,,
1722,12054.0,12083.30001449585,12098.800018310547,0,15.500003814697266,44.800018310546875,12082.0,True,4,3,False,accurate,1,1,False,False,77,False,False,,,,,,,,,,,
1724,12068.0,12098.800018310547,12113.000019073486,0,14.200000762939453,45.00001907348633,12096.0,True,4,3,False,accurate,0,0,False,False,75,False,False,,,,,,,,,,,
1729,12103.0,12113.000019073486,12129.500019073486,0,16.5,26.500019073486328,12131.0,False,2,1,False,accurate,0,0,False,False,70,False,True,,,,,,,,,,,
1730,12110.0,12129.500019073486,12140.500019073486,0,11.0,30.500019073486328,12138.0,True,3,2,False,accurate,0,0,False,False,69,False,False,,,,,,,,,,,
1732,12124.0,12140.500019073486,12154.800018310547,0,14.299999237060547,30.800018310546875,12152.0,True,3,2,False,accurate,0,0,False,False,67,False,False,,,,,,,,,,,
1734,12138.0,12154.800018310547,12168.400020599365,0,13.60000228881836,30.400020599365234,12166.0,True,3,2,False,accurate,0,0,False,False,65,False,False,,,,,,,,,,,
1735,12145.0,12168.400020599365,12182.500019073486,0,14.099998474121094,37.50001907348633,12173.0,True,3,2,False,accurate,0,0,False,False,64,False,False,,,,,,,,,,,
1737,12159.0,12182.500019073486,12194.800018310547,0,12.299999237060547,35.800018310546875,12187.0,True,3,2,False,accurate,0,0,False,False,62,False,False,,,,,,,,,,,
1740,12180.0,12194.800018310547,12207.200019836426,0,12.400001525878906,27.20001983642578,12208.0,False,3,2,False,accurate,0,0,False,False,59,False,True,,,,,,,,,,,
1742,12194.0,12207.200019836426,12220.800022125244,0,13.60000228881836,26.80002212524414,12222.0,False,3,2,False,accurate,0,0,False,False,57,False,True,,,,,,,,,,,
1749,12243.0,12243.0,12255.800003051758,0,12.800003051757812,12.800003051757812,12271.0,False,1,0,False,accurate,0,0,False,False,50,False,True,,,,,,,,,,,
1750,12250.0,12255.800003051758,12271.300003051758,0,15.5,21.300003051757812,12278.0,False,2,1,False,accurate,1,1,False,False,49,False,True,,,,,,,,,,,
1753,12271.0,12271.300003051758,12284.500007629395,0,13.200004577636719,13.500007629394531,12299.0,False,2,1,False,accurate,0,0,False,False,46,False,True,,,,,,,,,,,
1754,12278.0,12284.500007629395,12298.200012207031,0,13.700004577636719,20.20001220703125,12306.0,False,2,1,False,accurate,1,1,False,False,45,False,True,,,,,,,,,,,
1759,12313.0,12313.0,12340.299995422363,0,27.29999542236328,27.29999542236328,12341.0,False,1,0,False,accurate,0,0,False,False,40,False,True,,,,,,,,,,,
1760,12320.0,12340.299995422363,12362.740003204346,0,22.44000778198242,42.74000320434607,12348.0,True,2,1,False,accurate,0,0,False,False,39,False,False,,,,,,,,,,,
1761,12327.0,12362.740003204346,12386.131669676304,0,23.39166647195816,59.13166967630423,12355.0,True,3,2,False,accurate,0,0,False,False,38,False,False,,,,,,,,,,,
1771,12397.0,12397.0,12414.3775033319,0,17.377503331899675,17.37750333189979,12425.0,False,1,0,False,accurate,0,0,False,False,28,False,True,,,,,,,,,,,
1772,12404.0,12414.3775033319,12437.192500241996,0,22.814996910095218,33.19250024199573,12432.0,True,2,1,False,accurate,0,0,False,False,27,False,False,,,,,,,,,,,
1774,12418.0,12437.192500241996,12458.892504067024,0,21.700003825028716,40.892504067023765,12446.0,True,2,1,False,accurate,1,1,False,False,25,False,False,,,,,,,,,,,
1775,12425.0,12458.892504067024,12479.976255030235,0,21.08375096321106,54.976255030234825,12453.0,True,3,2,False,accurate,0,0,False,False,24,False,False,,,,,,,,,,,
1776,12432.0,12479.976255030235,12502.052923703293,0,22.076668673058364,70.05292370329335,12460.0,True,4,3,False,accurate,0,0,False,False,23,False,False,,,,,,,,,,,
1779,12453.0,12502.052923703293,12516.490421911081,0,14.437498207787677,63.490421911081285,12481.0,True,4,3,False,accurate,0,0,False,False,20,False,False,,,,,,,,,,,
1780,12460.0,12516.490421911081,12538.377086941999,0,21.88666503091653,78.37708694199864,12488.0,True,4,3,False,accurate,0,0,False,False,19,False,False,,,,,,,,,,,
1782,12474.0,12538.377086941999,12551.923752823473,0,13.54666588147481,77.92375282347348,12502.0,True,5,4,False,accurate,0,0,False,False,17,False,False,,,,,,,,,,,
1783,12481.0,12551.923752823473,12571.375000484326,0,19.451247660852967,90.37500048432594,12509.0,True,5,4,False,accurate,0,0,False,False,16,False,False,,,,,,,,,,,
1785,12495.0,12571.375000484326,12587.875004299023,0,16.500003814697266,92.8750042990232,12523.0,True,6,5,True,accurate,0,0,False,False,14,False,False,,,,,,,,,,,
1786,12502.0,12587.875004299023,12600.775005824902,0,12.900001525878906,98.77500582490211,12530.0,True,7,6,True,accurate,0,0,False,False,13,False,False,,,,,,,,,,,
1790,12530.0,12600.775005824902,12616.375004299023,0,15.599998474121094,86.3750042990232,12558.0,True,6,5,True,accurate,0,0,False,False,9,False,False,,,,,,,,,,,
1792,12544.0,12616.375004299023,12629.875004299023,0,13.5,85.8750042990232,12572.0,True,6,5,True,accurate,0,0,False,False,7,False,False,,,,,,,,,,,
1794,12558.0,12629.875004299023,12647.875004299023,0,18.0,89.8750042990232,12586.0,True,6,5,True,accurate,0,0,False,False,5,False,False,,,,,,,,,,,
1798,12586.0,12647.875004299023,12663.375000484326,0,15.499996185302734,77.37500048432594,12614.0,True,6,5,True,accurate,0,0,False,False,1,True,False,,,,,,,,,,,
1799,12593.0,12663.375000484326,12678.675003536084,0,15.300003051757812,85.67500353608375,12621.0,True,6,5,True,accurate,0,0,False,True,0,True,False,,,,,,,,,,,
1803,12621.0,12678.675003536084,12691.675003536084,0,13.0,70.67500353608375,12649.0,True,5,4,False,accurate,1,1,False,False,96,False,False,,,,,,,,,,,
1805,12635.0,12691.675003536084,12704.075001247265,0,12.39999771118164,69.07500124726539,12663.0,True,5,4,False,accurate,0,0,False,False,94,False,False,,,,,,,,,,,
1812,12684.0,12704.075001247265,12716.674999721386,0,12.599998474121094,32.674999721386484,12712.0,True,3,2,False,accurate,0,0,False,False,87,False,False,,,,,,,,,,,
1815,12705.0,12716.674999721386,12730.875000484326,0,14.200000762939453,25.875000484325938,12733.0,False,2,1,False,accurate,0,0,False,False,84,False,True,,,,,,,,,,,
1816,12712.0,12730.875000484326,12743.475002773144,0,12.60000228881836,31.475002773144297,12740.0,True,3,2,False,accurate,0,0,False,False,83,False,False,,,,,,,,,,,
1817,12719.0,12743.475002773144,12759.275002010205,0,15.799999237060547,40.275002010204844,12747.0,True,3,2,False,accurate,1,1,False,False,82,False,False,,,,,,,,,,,
1820,12740.0,12759.275002010205,12772.775002010205,0,13.5,32.775002010204844,12768.0,True,3,2,False,accurate,0,0,False,False,79,False,False,,,,,,,,,,,
1821,12747.0,12772.775002010205,12785.174999721386,0,12.39999771118164,38.174999721386484,12775.0,True,3,2,False,accurate,1,1,False,False,78,False,False,,,,,,,,,,,
1825,12775.0,12785.174999721386,12801.875000484326,0,16.700000762939453,26.875000484325938,12803.0,False,2,1,False,accurate,0,0,False,False,74,False,True,,,,,,,,,,,
1826,12782.0,12801.875000484326,12817.174999721386,0,15.299999237060547,35.174999721386484,12810.0,True,3,2,False,accurate,1,1,False,False,73,False,False,,,,,,,,,,,
1828,12796.0,12817.174999721386,12829.974998958447,0,12.799999237060547,33.97499895844703,12824.0,True,3,2,False,accurate,0,0,False,False,71,False,False,,,,,,,,,,,
1831,12817.0,12829.974998958447,12845.875000484326,0,15.900001525878906,28.875000484325938,12845.0,True,3,2,False,accurate,0,0,False,False,68,False,False,,,,,,,,,,,
1833,12831.0,12845.875000484326,12859.674999721386,0,13.799999237060547,28.674999721386484,12859.0,True,2,1,False,accurate,0,0,False,False,66,False,False,,,,,,,,,,,
1834,12838.0,12859.674999721386,12871.474998958447,0,11.799999237060547,33.47499895844703,12866.0,True,3,2,False,accurate,0,0,False,False,65,False,False,,,,,,,,,,,
1836,12852.0,12871.474998958447,12887.674999721386,0,16.200000762939453,35.674999721386484,12880.0,True,3,2,False,accurate,0,0,False,False,63,False,False,,,,,,,,,,,
1837,12859.0,12887.674999721386,12909.174999721386,0,21.5,50.174999721386484,12887.0,True,4,3,False,accurate,1,1,False,False,62,False,False,,,,,,,,,,,
1838,12866.0,12909.174999721386,12922.474998958447,0,13.299999237060547,56.47499895844703,12894.0,True,4,3,False,accurate,1,1,False,False,61,False,False,,,,,,,,,,,
1840,12880.0,12922.474998958447,12941.375000484326,0,18.900001525878906,61.37500048432594,12908.0,True,4,3,False,accurate,1,1,False,False,59,False,False,,,,,,,,,,,
1842,12894.0,12941.375000484326,12961.075001247265,0,19.700000762939453,67.07500124726539,12922.0,True,4,3,False,accurate,0,0,False,False,57,False,False,,,,,,,,,,,
1844,12908.0,12961.075001247265,12975.275005824902,0,14.200004577636719,67.27500582490211,12936.0,True,5,4,False,accurate,0,0,False,False,55,False,False,,,,,,,,,,,
1849,12943.0,12975.275005824902,12991.37500811372,0,16.10000228881836,48.37500811372047,12971.0,True,3,2,False,accurate,1,1,False,False,50,False,False,,,,,,,,,,,
1850,12950.0,12991.37500811372,13003.675007350781,0,12.299999237060547,53.675007350781016,12978.0,True,4,3,False,accurate,0,0,False,False,49,False,False,,,,,,,,,,,
1852,12964.0,13003.675007350781,13018.575005061963,0,14.89999771118164,54.575005061962656,12992.0,True,4,3,False,accurate,0,0,False,False,47,False,False,,,,,,,,,,,
1854,12978.0,13018.575005061963,13036.275005824902,0,17.700000762939453,58.27500582490211,13006.0,True,4,3,False,accurate,0,0,False,False,45,False,False,,,,,,,,,,,
1857,12999.0,13036.275005824902,13049.2750096396,0,13.000003814697266,50.275009639599375,13027.0,True,4,3,False,accurate,0,0,False,False,42,False,False,,,,,,,,,,,
1868,13076.0,13076.0,13090.100002288818,0,14.10000228881836,14.10000228881836,13104.0,False,1,0,False,accurate,0,0,False,False,31,False,True,,,,,,,,,,,
1872,13104.0,13104.0,13117.70000076294,0,13.700000762939453,13.700000762939453,13132.0,False,1,0,False,accurate,0,0,False,False,27,False,True,,,,,,,,,,,
1875,13125.0,13125.0,13142.099998474121,0,17.099998474121094,17.099998474121094,13153.0,False,1,0,False,accurate,0,0,False,False,24,False,True,,,,,,,,,,,
1882,13174.0,13174.0,13189.600002288818,0,15.60000228881836,15.60000228881836,13202.0,False,1,0,False,accurate,0,0,False,False,17,False,True,,,,,,,,,,,
1885,13195.0,13195.0,13209.5,0,14.5,14.5,13223.0,False,1,0,False,accurate,0,0,False,False,14,False,True,,,,,,,,,,,
1887,13209.0,13209.5,13225.29999923706,0,15.799999237060547,16.299999237060547,13237.0,False,2,1,False,accurate,0,0,False,False,12,False,True,,,,,,,,,,,
1890,13230.0,13230.0,13245.199996948242,0,15.199996948242188,15.199996948242188,13258.0,False,1,0,False,accurate,0,0,False,False,9,False,True,,,,,,,,,,,
1894,13258.0,13258.0,13274.400001525879,0,16.400001525878906,16.400001525878906,13286.0,False,1,0,False,accurate,1,1,False,False,5,False,True,,,,,,,,,,,
1901,13307.0,13307.0,13322.400001525879,0,15.400001525878906,15.400001525878906,13335.0,False,1,0,False,accurate,1,1,False,False,98,False,True,,,,,,,,,,,
1902,13314.0,13322.400001525879,13338.099998474121,0,15.699996948242188,24.099998474121094,13342.0,False,2,1,False,accurate,0,0,False,False,97,False,True,,,,,,,,,,,
1903,13321.0,13338.099998474121,13349.399997711182,0,11.299999237060547,28.39999771118164,13349.0,True,3,2,False,accurate,0,0,False,False,96,False,False,,,,,,,,,,,
1904,13328.0,13349.399997711182,13366.999996185303,0,17.599998474121094,38.999996185302734,13356.0,True,3,2,False,accurate,0,0,False,False,95,False,False,,,,,,,,,,,
1906,13342.0,13366.999996185303,13388.099998474121,0,21.10000228881836,46.099998474121094,13370.0,True,3,2,False,accurate,1,1,False,False,93,False,False,,,,,,,,,,,
1908,13356.0,13388.099998474121,13402.999996185303,0,14.89999771118164,46.999996185302734,13384.0,True,3,2,False,accurate,0,0,False,False,91,False,False,,,,,,,,,,,
1909,13363.0,13402.999996185303,13416.199996948242,0,13.200000762939453,53.19999694824219,13391.0,True,4,3,False,accurate,0,0,False,False,90,False,False,,,,,,,,,,,
1910,13370.0,13416.199996948242,13428.499996185303,0,12.299999237060547,58.499996185302734,13398.0,True,4,3,False,accurate,0,0,False,False,89,False,False,,,,,,,,,,,
1911,13377.0,13428.499996185303,13441.29999923706,0,12.800003051757812,64.29999923706055,13405.0,True,5,4,False,accurate,1,1,False,False,88,False,False,,,,,,,,,,,
1912,13384.0,13441.29999923706,13453.79999923706,0,12.5,69.79999923706055,13412.0,True,6,5,True,accurate,0,0,False,False,87,False,False,,,,,,,,,,,
1913,13391.0,13453.79999923706,13471.29999923706,0,17.5,80.29999923706055,13419.0,True,6,5,True,accurate,0,0,False,False,86,False,False,,,,,,,,,,,
1916,13412.0,13471.29999923706,13484.900001525879,0,13.60000228881836,72.9000015258789,13440.0,True,6,5,True,accurate,1,1,False,False,83,False,False,,,,,,,,,,,
1918,13426.0,13484.900001525879,13499.100006103516,0,14.200004577636719,73.10000610351562,13454.0,True,6,5,True,accurate,0,0,False,False,81,False,False,,,,,,,,,,,
1923,13461.0,13499.100006103516,13524.900006103515,0,25.799999999999997,63.9000061035149,13489.0,True,4,3,False,accurate,1,1,False,False,76,False,False,,,,,,,,,,,
1925,13475.0,13524.900006103515,13548.367920608718,0,23.467914505203545,73.36792060871812,13503.0,True,4,3,False,accurate,0,0,False,False,74,False,False,,,,,,,,,,,
1927,13489.0,13548.367920608718,13566.61708254079,0,18.249161932071093,77.61708254078985,13517.0,True,4,3,False,accurate,0,0,False,False,72,False,False,,,,,,,,,,,
1931,13517.0,13566.61708254079,13585.787501505216,0,19.170418964425746,68.78750150521591,13545.0,True,4,3,False,accurate,0,0,False,False,68,False,False,,,,,,,,,,,
1932,13524.0,13585.787501505216,13611.707502535184,0,25.92000102996826,87.70750253518418,13552.0,True,5,4,False,accurate,1,1,False,False,67,False,False,,,,,,,,,,,
1933,13531.0,13611.707502535184,13634.293755677243,0,22.586253142058865,103.2937556772431,13559.0,True,5,4,False,accurate,0,0,False,False,66,False,False,,,,,,,,,,,
1939,13573.0,13634.293755677243,13649.533338090132,0,15.239582412888607,76.53333809013202,13601.0,True,4,3,False,accurate,0,0,False,False,60,False,False,,,,,,,,,,,
1940,13580.0,13649.533338090132,13665.166671472143,0,15.633333382010461,85.16667147214321,13608.0,True,5,4,False,accurate,1,1,False,False,59,False,False,,,,,,,,,,,
1944,13608.0,13665.166671472143,13680.36667604978,0,15.200004577636719,72.36667604977993,13636.0,True,5,4,False,accurate,0,0,False,False,55,False,False,,,,,,,,,,,
1945,13615.0,13680.36667604978,13694.466674523901,0,14.099998474121094,79.46667452390102,13643.0,True,5,4,False,accurate,0,0,False,False,54,False,False,,,,,,,,,,,
1947,13629.0,13694.466674523901,13705.266677575659,0,10.800003051757812,76.26667757565883,13657.0,True,6,5,True,accurate,0,0,False,False,52,False,False,,,,,,,,,,,
1948,13636.0,13705.266677575659,13719.166679101538,0,13.900001525878906,83.16667910153774,13664.0,True,6,5,True,accurate,0,0,False,False,51,False,False,,,,,,,,,,,
1951,13657.0,13719.166679101538,13731.566680627417,0,12.400001525878906,74.56668062741664,13685.0,True,6,5,True,accurate,1,1,False,False,48,False,False,,,,,,,,,,,
1954,13678.0,13731.566680627417,13746.566680627417,0,15.0,68.56668062741664,13706.0,True,6,5,True,accurate,1,1,False,False,45,False,False,,,,,,,,,,,
1955,13685.0,13746.566680627417,13761.066680627417,0,14.5,76.06668062741664,13713.0,True,6,5,True,accurate,1,1,False,False,44,False,False,,,,,,,,,,,
1958,13706.0,13761.066680627417,13775.066684442114,0,14.000003814697266,69.06668444211391,13734.0,True,5,4,False,accurate,0,0,False,False,41,False,False,,,,,,,,,,,
1960,13720.0,13775.066684442114,13789.266681390356,0,14.199996948242188,69.2666813903561,13748.0,True,5,4,False,accurate,0,0,False,False,39,False,False,,,,,,,,,,,
1963,13741.0,13789.266681390356,13799.966678338598,0,10.699996948242188,58.966678338598285,13769.0,True,5,4,False,accurate,0,0,False,False,36,False,False,,,,,,,,,,,
1965,13755.0,13799.966678338598,13816.666679101538,0,16.700000762939453,61.66667910153774,13783.0,True,5,4,False,accurate,0,0,False,False,34,False,False,,,,,,,,,,,
1966,13762.0,13816.666679101538,13830.066680627417,0,13.400001525878906,68.06668062741664,13790.0,True,5,4,False,accurate,1,1,False,False,33,False,False,,,,,,,,,,,
1968,13776.0,13830.066680627417,13847.166679101538,0,17.099998474121094,71.16667910153774,13804.0,True,5,4,False,accurate,0,0,False,False,31,False,False,,,,,,,,,,,
1971,13797.0,13847.166679101538,13859.666679101538,0,12.5,62.66667910153774,13825.0,True,5,4,False,accurate,1,1,False,False,28,False,False,,,,,,,,,,,
1972,13804.0,13859.666679101538,13882.16667528684,0,22.499996185302734,78.16667528684047,13832.0,True,5,4,False,accurate,1,1,False,False,27,False,False,,,,,,,,,,,
1973,13811.0,13882.16667528684,13896.16667528684,0,14.0,85.16667528684047,13839.0,True,6,5,True,accurate,0,0,False,False,26,False,False,,,,,,,,,,,
1974,13818.0,13896.16667528684,13927.966674523901,0,31.799999237060547,109.96667452390102,13846.0,True,6,5,True,accurate,0,0,False,False,25,False,False,,,,,,,,,,,
1975,13825.0,13927.966674523901,13940.06667681272,0,12.10000228881836,115.06667681271938,13853.0,True,7,6,True,accurate,0,0,False,False,24,False,False,,,,,,,,,,,
1976,13832.0,13940.06667681272,13950.966678338598,0,10.900001525878906,118.96667833859829,13860.0,True,7,6,True,accurate,0,0,False,False,23,False,False,,,,,,,,,,,
1978,13846.0,13950.966678338598,13964.066680627417,0,13.10000228881836,118.06668062741664,13874.0,True,8,7,True,accurate,0,0,False,False,21,False,False,,,,,,,,,,,
1983,13881.0,13964.066680627417,13980.266677575659,0,16.199996948242188,99.26667757565883,13909.0,True,7,6,True,accurate,1,1,False,False,16,False,False,,,,,,,,,,,
1985,13895.0,13980.266677575659,13996.266677575659,0,16.0,101.26667757565883,13923.0,True,7,6,True,accurate,1,1,False,False,14,False,False,,,,,,,,,,,
1986,13902.0,13996.266677575659,14014.166679101538,0,17.900001525878906,112.16667910153774,13930.0,True,7,6,True,accurate,1,1,False,False,13,False,False,,,,,,,,,,,
1991,13937.0,14014.166679101538,14028.666679101538,0,14.5,91.66667910153774,13965.0,True,7,6,True,accurate,0,0,False,False,8,False,False,,,,,,,,,,,
1997,13979.0,14028.666679101538,14041.766681390356,0,13.10000228881836,62.7666813903561,14007.0,True,5,4,False,accurate,0,0,False,False,2,True,False,,,,,,,,,,,
1998,13986.0,14041.766681390356,14057.366679864477,0,15.599998474121094,71.36667986447719,14014.0,True,5,4,False,accurate,1,1,False,False,1,True,False,,,,,,,,,,,
1999,13993.0,14057.366679864477,14071.766681390356,0,14.400001525878906,78.7666813903561,14021.0,True,6,5,True,accurate,1,1,False,True,0,True,False,,,,,,,,,,,
2004,14028.0,14071.766681390356,14083.966678338598,0,12.199996948242188,55.966678338598285,14056.0,True,5,4,False,accurate,0,0,False,False,95,False,False,,,,,,,,,,,
2007,14049.0,14083.966678338598,14096.86667604978,0,12.89999771118164,47.866676049779926,14077.0,True,4,3,False,accurate,0,0,False,False,92,False,False,,,,,,,,,,,
2011,14077.0,14096.86667604978,14108.36667604978,0,11.5,31.366676049779926,14105.0,True,3,2,False,accurate,1,1,False,False,88,False,False,,,,,,,,,,,
2012,14084.0,14108.36667604978,14122.066680627417,0,13.700004577636719,38.066680627416645,14112.0,True,3,2,False,accurate,0,0,False,False,87,False,False,,,,,,,,,,,
2017,14119.0,14122.066680627417,14135.666679101538,0,13.599998474121094,16.66667910153774,14147.0,False,2,1,False,accurate,1,1,False,False,82,False,True,,,,,,,,,,,
2021,14147.0,14147.0,14160.700004577637,0,13.700004577636719,13.700004577636719,14175.0,False,1,0,False,accurate,0,0,False,False,78,False,True,,,,,,,,,,,
2023,14161.0,14161.0,14172.0,0,11.0,11.0,14189.0,False,1,0,False,accurate,0,0,False,False,76,False,True,,,,,,,,,,,
2025,14175.0,14175.0,14188.500003814697,0,13.500003814697266,13.500003814697266,14203.0,False,1,0,False,accurate,0,0,False,False,74,False,True,,,,,,,,,,,
2029,14203.0,14203.0,14213.300003051758,0,10.300003051757812,10.300003051757812,14231.0,False,1,0,False,accurate,0,0,False,False,70,False,True,,,,,,,,,,,
2035,14245.0,14245.0,14260.79999923706,0,15.799999237060547,15.799999237060547,14273.0,False,1,0,False,accurate,0,0,False,False,64,False,True,,,,,,,,,,,
2036,14252.0,14260.79999923706,14273.099998474121,0,12.299999237060547,21.099998474121094,14280.0,False,2,1,False,accurate,0,0,False,False,63,False,True,,,,,,,,,,,
2038,14266.0,14273.099998474121,14287.20000076294,0,14.10000228881836,21.200000762939453,14294.0,False,2,1,False,accurate,0,0,False,False,61,False,True,,,,,,,,,,,
2040,14280.0,14287.20000076294,14301.899997711182,0,14.699996948242188,21.89999771118164,14308.0,False,2,1,False,accurate,0,0,False,False,59,False,True,,,,,,,,,,,
2044,14308.0,14308.0,14322.70000076294,0,14.700000762939453,14.700000762939453,14336.0,False,1,0,False,accurate,0,0,False,False,55,False,True,,,,,,,,,,,
2045,14315.0,14322.70000076294,14339.599998474121,0,16.89999771118164,24.599998474121094,14343.0,False,2,1,False,accurate,1,1,False,False,54,False,True,,,,,,,,,,,
2046,14322.0,14339.599998474121,14359.899997711182,0,20.299999237060547,37.89999771118164,14350.0,True,3,2,False,accurate,0,0,False,False,53,False,False,,,,,,,,,,,
2048,14336.0,14359.899997711182,14371.199996948242,0,11.299999237060547,35.19999694824219,14364.0,True,3,2,False,accurate,0,0,False,False,51,False,False,,,,,,,,,,,
2049,14343.0,14371.199996948242,14388.499992370605,0,17.29999542236328,45.49999237060547,14371.0,True,3,2,False,accurate,0,0,False,False,50,False,False,,,,,,,,,,,
2050,14350.0,14388.499992370605,14399.599990844727,0,11.099998474121094,49.59999084472656,14378.0,True,4,3,False,accurate,1,1,False,False,49,False,False,,,,,,,,,,,
2054,14378.0,14399.599990844727,14417.39998626709,0,17.79999542236328,39.399986267089844,14406.0,True,3,2,False,accurate,1,1,False,False,45,False,False,,,,,,,,,,,
2055,14385.0,14417.39998626709,14437.499988555908,0,20.10000228881836,52.4999885559082,14413.0,True,4,3,False,accurate,0,0,False,False,44,False,False,,,,,,,,,,,
2060,14420.0,14437.499988555908,14454.499992370605,0,17.000003814697266,34.49999237060547,14448.0,True,2,1,False,accurate,0,0,False,False,39,False,False,,,,,,,,,,,
2061,14427.0,14454.499992370605,14466.599994659424,0,12.10000228881836,39.59999465942383,14455.0,True,3,2,False,accurate,0,0,False,False,38,False,False,,,,,,,,,,,
2062,14434.0,14466.599994659424,14478.099994659424,0,11.5,44.09999465942383,14462.0,True,4,3,False,accurate,0,0,False,False,37,False,False,,,,,,,,,,,
2063,14441.0,14478.099994659424,14494.099990844727,0,15.999996185302734,53.09999084472656,14469.0,True,4,3,False,accurate,1,1,False,False,36,False,False,,,,,,,,,,,
2064,14448.0,14494.099990844727,14532.099990844727,0,38.0,84.09999084472656,14476.0,True,5,4,False,accurate,0,0,False,False,35,False,False,,,,,,,,,,,
2066,14462.0,14532.099990844727,14560.999992370605,0,28.900001525878906,98.99999237060547,14490.0,True,5,4,False,accurate,1,1,False,False,33,False,False,,,,,,,,,,,
2067,14469.0,14560.999992370605,14597.299991607666,0,36.29999923706055,128.29999160766602,14497.0,True,5,4,False,accurate,1,1,False,False,32,False,False,,,,,,,,,,,
2068,14476.0,14597.299991607666,14621.399990081787,0,24.099998474121094,145.3999900817871,14504.0,True,6,5,True,accurate,0,0,False,False,31,False,False,,,,,,,,,,,
2070,14490.0,14621.399990081787,14648.59998703003,0,27.199996948242188,158.5999870300293,14518.0,True,6,5,True,accurate,0,0,False,False,29,False,False,,,,,,,,,,,
2072,14504.0,14648.59998703003,14681.299987792969,0,32.70000076293945,177.29998779296875,14532.0,True,6,5,True,accurate,0,0,False,False,27,False,False,,,,,,,,,,,
2074,14518.0,14681.299987792969,14706.999988555908,0,25.700000762939453,188.9999885559082,14546.0,True,7,6,True,accurate,0,0,False,False,25,False,False,,,,,,,,,,,
2075,14525.0,14706.999988555908,14730.59998703003,0,23.599998474121094,205.5999870300293,14553.0,True,8,7,True,accurate,0,0,False,False,24,False,False,,,,,,,,,,,
2078,14546.0,14730.59998703003,14764.59998703003,0,34.0,218.5999870300293,14574.0,True,8,7,True,accurate,0,0,False,False,21,False,False,,,,,,,,,,,
2080,14560.0,14764.59998703003,14806.759985733031,0,42.15999870300293,246.7599857330315,14588.0,True,9,8,True,accurate,1,1,False,False,19,False,False,,,,,,,,,,,
2083,14581.0,14806.759985733031,14850.619980812073,0,43.85999507904052,269.61998081207275,14609.0,True,9,8,True,accurate,0,0,False,False,16,False,False,,,,,,,,,,,
2084,14588.0,14850.619980812073,14890.519981669584,0,39.90000085751215,302.519981669584,14616.0,True,10,9,True,accurate,1,1,False,False,15,False,False,,,,,,,,,,,
2086,14602.0,14890.519981669584,14922.849982833066,0,32.33000116348266,320.84998283306595,14630.0,True,10,9,True,accurate,0,0,False,False,13,False,False,,,,,,,,,,,
2091,14637.0,14922.849982833066,14954.432896661558,0,31.582913828492135,317.4328966615576,14665.0,True,10,9,True,accurate,0,0,False,False,8,False,False,,,,,,,,,,,
2096,14672.0,14954.432896661558,14979.716230137445,0,25.283333475887776,307.71623013744465,14700.0,True,10,9,True,accurate,0,0,False,False,3,False,False,,,,,,,,,,,
2097,14679.0,14979.716230137445,15010.78373363286,0,31.06750349541503,331.78373363285937,14707.0,True,11,10,True,accurate,0,0,False,False,2,True,False,,,,,,,,,,,
2102,14714.0,15010.78373363286,15037.242071046876,0,26.45833741401633,323.24207104687594,14742.0,True,10,9,True,accurate,1,1,False,False,97,False,False,,,,,,,,,,,
2107,14749.0,15037.242071046876,15060.642076387452,0,23.400005340576172,311.6420763874521,14777.0,True,10,9,True,accurate,0,0,False,False,92,False,False,,,,,,,,,,,
2110,14770.0,15060.642076387452,15084.442075624513,0,23.799999237060547,314.44207562451265,14798.0,True,10,9,True,accurate,0,0,False,False,89,False,False,,,,,,,,,,,
2111,14777.0,15084.442075624513,15116.042074098634,0,31.599998474121094,339.04207409863375,14805.0,True,11,10,True,accurate,0,0,False,False,88,False,False,,,,,,,,,,,
2112,14784.0,15116.042074098634,15141.642076387452,0,25.60000228881836,357.6420763874521,14812.0,True,12,11,True,accurate,1,1,False,False,87,False,False,,,,,,,,,,,
2115,14805.0,15141.642076387452,15166.142076387452,0,24.5,361.1420763874521,14833.0,True,13,12,True,accurate,1,1,False,False,84,False,False,,,,,,,,,,,
2117,14819.0,15166.142076387452,15190.342073335694,0,24.199996948242188,371.3420733356943,14847.0,True,13,12,True,accurate,0,0,False,False,82,False,False,,,,,,,,,,,
2120,14840.0,15190.342073335694,15222.642072572755,0,32.29999923706055,382.64207257275484,14868.0,True,14,13,True,accurate,0,0,False,False,79,False,False,,,,,,,,,,,
2124,14868.0,15222.642072572755,15244.042074098634,0,21.400001525878906,376.04207409863375,14896.0,True,14,13,True,accurate,0,0,False,False,75,False,False,,,,,,,,,,,
2126,14882.0,15244.042074098634,15264.942075624513,0,20.900001525878906,382.94207562451265,14910.0,True,15,14,True,accurate,1,1,False,False,73,False,False,,,,,,,,,,,
2127,14889.0,15264.942075624513,15288.642076387452,0,23.700000762939453,399.6420763874521,14917.0,True,16,15,True,accurate,1,1,False,False,72,False,False,,,,,,,,,,,
2128,14896.0,15288.642076387452,15309.642076387452,0,21.0,413.6420763874521,14924.0,True,16,15,True,accurate,0,0,False,False,71,False,False,,,,,,,,,,,
2132,14924.0,15309.642076387452,15332.542077913331,0,22.900001525878906,408.542077913331,14952.0,True,16,15,True,accurate,0,0,False,False,67,False,False,,,,,,,,,,,
2137,14959.0,15332.542077913331,15351.542074098634,0,18.999996185302734,392.54207409863375,14987.0,True,16,15,True,accurate,0,0,False,False,62,False,False,,,,,,,,,,,
2139,14973.0,15351.542074098634,15378.342077150392,0,26.800003051757812,405.34207715039156,15001.0,True,17,16,True,accurate,0,0,False,False,60,False,False,,,,,,,,,,,
2142,14994.0,15378.342077150392,15406.64208020215,0,28.300003051757812,412.6420802021494,15022.0,True,17,16,True,accurate,0,0,False,False,57,False,False,,,,,,,,,,,
2145,15015.0,15406.64208020215,15430.242082490968,0,23.60000228881836,415.24208249096773,15043.0,True,17,16,True,accurate,0,0,False,False,54,False,False,,,,,,,,,,,
2146,15022.0,15430.242082490968,15472.542085542726,0,42.30000305175781,450.54208554272554,15050.0,True,18,17,True,accurate,0,0,False,False,53,False,False,,,,,,,,,,,
2147,15029.0,15472.542085542726,15490.242086305665,0,17.700000762939453,461.242086305665,15057.0,True,19,18,True,accurate,0,0,False,False,52,False,False,,,,,,,,,,,
2154,15078.0,15490.242086305665,15517.442087068604,0,27.200000762939453,439.44208706860445,15106.0,True,18,17,True,accurate,1,1,False,False,45,False,False,,,,,,,,,,,
2155,15085.0,15517.442087068604,15538.542081728028,0,21.099994659423828,453.5420817280283,15113.0,True,18,17,True,accurate,1,1,False,False,44,False,False,,,,,,,,,,,
2156,15092.0,15538.542081728028,15560.842080965089,0,22.299999237060547,468.8420809650888,15120.0,True,19,18,True,accurate,0,0,False,False,43,False,False,,,,,,,,,,,
2159,15113.0,15560.842080965089,15582.942083253907,0,22.10000228881836,469.9420832539072,15141.0,True,20,19,True,accurate,0,0,False,False,40,False,False,,,,,,,,,,,
2163,15141.0,15582.942083253907,15612.942083253907,0,30.0,471.9420832539072,15169.0,True,20,19,True,accurate,0,0,False,False,36,False,False,,,,,,,,,,,
2166,15162.0,15612.942083253907,15639.842084779786,0,26.900001525878906,477.8420847797861,15190.0,True,20,19,True,accurate,0,0,False,False,33,False,False,,,,,,,,,,,
2168,15176.0,15639.842084779786,15675.942083253907,0,36.099998474121094,499.9420832539072,15204.0,True,20,19,True,accurate,0,0,False,False,31,False,False,,,,,,,,,,,
2172,15204.0,15675.942083253907,15689.342080965089,0,13.39999771118164,485.3420809650888,15232.0,True,20,19,True,accurate,0,0,False,False,27,False,False,,,,,,,,,,,
2173,15211.0,15689.342080965089,15704.942083253907,0,15.60000228881836,493.9420832539072,15239.0,True,21,20,True,accurate,0,0,False,False,26,False,False,,,,,,,,,,,
2175,15225.0,15704.942083253907,15719.542081728028,0,14.599998474121094,494.5420817280283,15253.0,True,21,20,True,accurate,0,0,False,False,24,False,False,,,,,,,,,,,
2176,15232.0,15719.542081728028,15733.442083253907,0,13.900001525878906,501.4420832539072,15260.0,True,22,21,True,accurate,0,0,False,False,23,False,False,,,,,,,,,,,
2178,15246.0,15733.442083253907,15746.942083253907,0,13.5,500.9420832539072,15274.0,True,22,21,True,accurate,0,0,False,False,21,False,False,,,,,,,,,,,
2179,15253.0,15746.942083253907,15761.242086305665,0,14.300003051757812,508.242086305665,15281.0,True,23,22,True,accurate,0,0,False,False,20,False,False,,,,,,,,,,,
2183,15281.0,15761.242086305665,15774.242086305665,0,13.0,493.242086305665,15309.0,True,23,22,True,accurate,0,0,False,False,16,False,False,,,,,,,,,,,
2185,15295.0,15774.242086305665,15787.042085542726,0,12.799999237060547,492.04208554272554,15323.0,True,23,22,True,accurate,0,0,False,False,14,False,False,,,,,,,,,,,
2186,15302.0,15787.042085542726,15801.542089357423,0,14.500003814697266,499.5420893574228,15330.0,True,24,23,True,accurate,1,1,False,False,13,False,False,,,,,,,,,,,
2187,15309.0,15801.542089357423,15814.142084016847,0,12.599994659423828,505.14208401684664,15337.0,True,25,24,True,accurate,0,0,False,False,12,False,False,,,,,,,,,,,
2192,15344.0,15814.142084016847,15826.742082490968,0,12.599998474121094,482.74208249096773,15372.0,True,24,23,True,accurate,1,1,False,False,7,False,False,,,,,,,,,,,
2193,15351.0,15826.742082490968,15838.542081728028,0,11.799999237060547,487.5420817280283,15379.0,True,25,24,True,accurate,0,0,False,False,6,False,False,,,,,,,,,,,
2197,15379.0,15838.542081728028,15851.042085542726,0,12.500003814697266,472.04208554272554,15407.0,True,24,23,True,accurate,0,0,False,False,2,True,False,,,,,,,,,,,
2198,15386.0,15851.042085542726,15866.942087068604,0,15.900001525878906,480.94208706860445,15414.0,True,25,24,True,accurate,0,0,False,False,1,True,False,,,,,,,,,,,
2202,15414.0,15866.942087068604,15879.642087831544,0,12.700000762939453,465.6420878315439,15442.0,True,25,24,True,accurate,0,0,False,False,97,False,False,,,,,,,,,,,
2203,15421.0,15879.642087831544,15897.442083253907,0,17.79999542236328,476.4420832539072,15449.0,True,26,25,True,accurate,0,0,False,False,96,False,False,,,,,,,,,,,
2205,15435.0,15897.442083253907,15915.342084779786,0,17.900001525878906,480.3420847797861,15463.0,True,26,25,True,accurate,0,0,False,False,94,False,False,,,,,,,,,,,
2207,15449.0,15915.342084779786,15928.042085542726,0,12.700000762939453,479.04208554272554,15477.0,True,27,26,True,accurate,0,0,False,False,92,False,False,,,,,,,,,,,
2210,15470.0,15928.042085542726,15945.142084016847,0,17.099998474121094,475.14208401684664,15498.0,True,28,27,True,accurate,1,1,False,False,89,False,False,,,,,,,,,,,
2211,15477.0,15945.142084016847,15965.44207943921,0,20.29999542236328,488.4420794392099,15505.0,True,28,27,True,accurate,0,0,False,False,88,False,False,,,,,,,,,,,
2212,15484.0,15965.44207943921,15978.142076387452,0,12.699996948242188,494.1420763874521,15512.0,True,29,28,True,accurate,1,1,False,False,87,False,False,,,,,,,,,,,
2214,15498.0,15978.142076387452,15989.642076387452,0,11.5,491.6420763874521,15526.0,True,29,28,True,accurate,0,0,False,False,85,False,False,,,,,,,,,,,
2215,15505.0,15989.642076387452,16004.142076387452,0,14.5,499.1420763874521,15533.0,True,30,29,True,accurate,0,0,False,False,84,False,False,,,,,,,,,,,
2219,15533.0,16004.142076387452,16020.14208020215,0,16.000003814697266,487.1420802021494,15561.0,True,30,29,True,accurate,0,0,False,False,80,False,False,,,,,,,,,,,
2224,15568.0,16020.14208020215,16032.14208020215,0,12.0,464.1420802021494,15596.0,True,29,28,True,accurate,0,0,False,False,75,False,False,,,,,,,,,,,
2225,15575.0,16032.14208020215,16048.24207867627,0,16.099998474121094,473.24207867627047,15603.0,True,30,29,True,accurate,0,0,False,False,74,False,False,,,,,,,,,,,
2227,15589.0,16048.24207867627,16061.94207943921,0,13.700000762939453,472.9420794392099,15617.0,True,30,29,True,accurate,0,0,False,False,72,False,False,,,,,,,,,,,
2230,15610.0,16061.94207943921,16075.042081728028,0,13.10000228881836,465.0420817280283,15638.0,True,31,30,True,accurate,0,0,False,False,69,False,False,,,,,,,,,,,
2232,15624.0,16075.042081728028,16090.14208020215,0,15.099998474121094,466.1420802021494,15652.0,True,31,30,True,accurate,0,0,False,False,67,False,False,,,,,,,,,,,
2233,15631.0,16090.14208020215,16103.94207943921,0,13.799999237060547,472.9420794392099,15659.0,True,32,31,True,accurate,0,0,False,False,66,False,False,,,,,,,,,,,
2235,15645.0,16103.94207943921,16116.74207867627,0,12.799999237060547,471.74207867627047,15673.0,True,32,31,True,accurate,0,0,False,False,64,False,False,,,,,,,,,,,
2238,15666.0,16116.74207867627,16128.342080965089,0,11.60000228881836,462.3420809650888,15694.0,True,33,32,True,accurate,0,0,False,False,61,False,False,,,,,,,,,,,
2241,15687.0,16128.342080965089,16153.404580756473,0,25.062499791383743,466.40458075647257,15715.0,True,33,32,True,accurate,0,0,False,False,58,False,False,,,,,,,,,,,
2245,15715.0,16153.404580756473,16174.23041664764,0,20.825835891167344,459.2304166476406,15743.0,True,32,31,True,accurate,0,0,False,False,54,False,False,,,,,,,,,,,
2247,15729.0,16174.23041664764,16196.069580828793,0,21.839164181153,467.0695808287928,15757.0,True,32,31,True,accurate,0,0,False,False,52,False,False,,,,,,,,,,,
2249,15743.0,16196.069580828793,16214.038330828793,0,17.96875,471.0383308287928,15771.0,True,32,31,True,accurate,0,0,False,False,50,False,False,,,,,,,,,,,
2250,15750.0,16214.038330828793,16235.444998358535,0,21.406667529741913,485.4449983585346,15778.0,True,32,31,True,accurate,0,0,False,False,49,False,False,,,,,,,,,,,
2252,15764.0,16235.444998358535,16257.58500041847,0,22.140002059936524,493.5850004184704,15792.0,True,32,31,True,accurate,0,0,False,False,47,False,False,,,,,,,,,,,
2254,15778.0,16257.58500041847,16284.839164967483,0,27.25416454901299,506.83916496748316,15806.0,True,32,31,True,accurate,0,0,False,False,45,False,False,,,,,,,,,,,
2257,15799.0,16284.839164967483,16301.81791303202,0,16.978748064537854,502.81791303202044,15827.0,True,32,31,True,accurate,0,0,False,False,42,False,False,,,,,,,,,,,
2260,15820.0,16301.81791303202,16314.994578887767,0,13.176665855745473,494.9945788877667,15848.0,True,31,30,True,accurate,1,1,False,False,39,False,False,,,,,,,,,,,
2261,15827.0,16314.994578887767,16330.219574739283,0,15.224995851516722,503.2195747392834,15855.0,True,31,30,True,accurate,1,1,False,False,38,False,False,,,,,,,,,,,
2265,15855.0,16330.219574739283,16357.819573213405,0,27.599998474121094,502.8195732134045,15883.0,True,30,29,True,accurate,1,1,False,False,34,False,False,,,,,,,,,,,
2268,15876.0,16357.819573213405,16369.819569398707,0,11.999996185302734,493.81956939870724,15904.0,True,30,29,True,accurate,0,0,False,False,31,False,False,,,,,,,,,,,
2269,15883.0,16369.819569398707,16382.319569398707,0,12.5,499.31956939870724,15911.0,True,30,29,True,accurate,1,1,False,False,30,False,False,,,,,,,,,,,
2272,15904.0,16382.319569398707,16398.419571687526,0,16.10000228881836,494.4195716875256,15932.0,True,30,29,True,accurate,1,1,False,False,27,False,False,,,,,,,,,,,
2274,15918.0,16398.419571687526,16416.519570161647,0,18.099998474121094,498.5195701616467,15946.0,True,30,29,True,accurate,0,0,False,False,25,False,False,,,,,,,,,,,
2283,15981.0,16416.519570161647,16428.419571687526,0,11.900001525878906,447.4195716875256,16009.0,True,27,26,True,accurate,0,0,False,False,16,False,False,,,,,,,,,,,
2285,15995.0,16428.419571687526,16443.519573976344,0,15.10000228881836,448.51957397634396,16023.0,True,27,26,True,accurate,1,1,False,False,14,False,False,,,,,,,,,,,
2287,16009.0,16443.519573976344,16461.119576265162,0,17.60000228881836,452.1195762651623,16037.0,True,27,26,True,accurate,0,0,False,False,12,False,False,,,,,,,,,,,
2291,16037.0,16461.119576265162,16472.919575502223,0,11.799999237060547,435.91957550222287,16065.0,True,26,25,True,accurate,0,0,False,False,8,False,False,,,,,,,,,,,
2292,16044.0,16472.919575502223,16485.219574739283,0,12.299999237060547,441.2195747392834,16072.0,True,27,26,True,accurate,0,0,False,False,7,False,False,,,,,,,,,,,
2296,16072.0,16485.219574739283,16500.119576265162,0,14.900001525878906,428.1195762651623,16100.0,True,26,25,True,accurate,0,0,False,False,3,False,False,,,,,,,,,,,
2297,16079.0,16500.119576265162,16514.119576265162,0,14.0,435.1195762651623,16107.0,True,26,25,True,accurate,0,0,False,False,2,True,False,,,,,,,,,,,
2299,16093.0,16514.119576265162,16532.419571687526,0,18.29999542236328,439.4195716875256,16121.0,True,26,25,True,accurate,0,0,False,True,0,True,False,,,,,,,,,,,
2300,16100.0,16532.419571687526,16544.219570924586,0,11.799999237060547,444.21957092458615,16128.0,True,27,26,True,accurate,0,0,False,False,99,False,False,,,,,,,,,,,
2304,16128.0,16544.219570924586,16556.019570161647,0,11.799999237060547,428.0195701616467,16156.0,True,26,25,True,accurate,0,0,False,False,95,False,False,,,,,,,,,,,
2308,16156.0,16556.019570161647,16569.519570161647,0,13.5,413.5195701616467,16184.0,True,25,24,True,accurate,0,0,False,False,91,False,False,,,,,,,,,,,
2309,16163.0,16569.519570161647,16581.219574739283,0,11.700004577636719,418.2195747392834,16191.0,True,26,25,True,accurate,0,0,False,False,90,False,False,,,,,,,,,,,
2315,16205.0,16581.219574739283,16597.8195770281,0,16.60000228881836,392.8195770281018,16233.0,True,25,24,True,accurate,0,0,False,False,84,False,False,,,,,,,,,,,
2317,16219.0,16597.8195770281,16609.119576265162,0,11.299999237060547,390.1195762651623,16247.0,True,25,24,True,accurate,1,1,False,False,82,False,False,,,,,,,,,,,
2319,16233.0,16609.119576265162,16620.71957855398,0,11.60000228881836,387.7195785539807,16261.0,True,26,25,True,accurate,0,0,False,False,80,False,False,,,,,,,,,,,
2323,16261.0,16620.71957855398,16633.3195770281,0,12.599998474121094,372.3195770281018,16289.0,True,25,24,True,accurate,0,0,False,False,76,False,False,,,,,,,,,,,
2328,16296.0,16633.3195770281,16647.419575502223,0,14.099998474121094,351.41957550222287,16324.0,True,25,24,True,accurate,0,0,False,False,71,False,False,,,,,,,,,,,
2330,16310.0,16647.419575502223,16658.919575502223,0,11.5,348.91957550222287,16338.0,True,25,24,True,accurate,1,1,False,False,69,False,False,,,,,,,,,,,
2331,16317.0,16658.919575502223,16674.21957855398,0,15.300003051757812,357.2195785539807,16345.0,True,25,24,True,accurate,0,0,False,False,68,False,False,,,,,,,,,,,
2333,16331.0,16674.21957855398,16685.019573976344,0,10.799995422363281,354.01957397634396,16359.0,True,25,24,True,accurate,0,0,False,False,66,False,False,,,,,,,,,,,
2337,16359.0,16685.019573976344,16700.419571687526,0,15.39999771118164,341.4195716875256,16387.0,True,25,24,True,accurate,1,1,False,False,62,False,False,,,,,,,,,,,
2339,16373.0,16700.419571687526,16718.319573213405,0,17.900001525878906,345.3195732134045,16401.0,True,25,24,True,accurate,0,0,False,False,60,False,False,,,,,,,,,,,
2341,16387.0,16718.319573213405,16730.719570924586,0,12.39999771118164,343.71957092458615,16415.0,True,25,24,True,accurate,1,1,False,False,58,False,False,,,,,,,,,,,
2343,16401.0,16730.719570924586,16757.21956710989,0,26.499996185302734,356.2195671098889,16429.0,True,25,24,True,accurate,0,0,False,False,56,False,False,,,,,,,,,,,
2344,16408.0,16757.21956710989,16775.31956558401,0,18.099998474121094,367.31956558401,16436.0,True,26,25,True,accurate,1,1,False,False,55,False,False,,,,,,,,,,,
2349,16443.0,16775.31956558401,16786.31956558401,0,11.0,343.31956558401,16471.0,True,25,24,True,accurate,0,0,False,False,50,False,False,,,,,,,,,,,
2351,16457.0,16786.31956558401,16804.01956634695,0,17.700000762939453,347.01956634694943,16485.0,True,25,24,True,accurate,1,0,True,False,48,False,False,,,,,,,,,,,
2352,16464.0,16804.01956634695,16820.219570924586,0,16.20000457763672,356.21957092458615,16492.0,True,25,24,True,accurate,0,0,False,False,47,False,False,,,,,,,,,,,
2354,16478.0,16820.219570924586,16832.81956558401,0,12.599994659423828,354.81956558401,16506.0,True,25,24,True,accurate,1,1,False,False,45,False,False,,,,,,,,,,,
2355,16485.0,16832.81956558401,16852.519562532252,0,19.699996948242188,367.51956253225217,16513.0,True,26,25,True,accurate,0,0,False,False,44,False,False,,,,,,,,,,,
2356,16492.0,16852.519562532252,16866.519562532252,0,14.0,374.51956253225217,16520.0,True,26,25,True,accurate,0,0,False,False,43,False,False,,,,,,,,,,,
2357,16499.0,16866.519562532252,16880.619561006373,0,14.099998474121094,381.61956100637326,16527.0,True,27,26,True,accurate,1,1,False,False,42,False,False,,,,,,,,,,,
2362,16534.0,16880.619561006373,16892.419560243434,0,11.799999237060547,358.4195602434338,16562.0,True,25,24,True,accurate,0,0,False,False,37,False,False,,,,,,,,,,,
2363,16541.0,16892.419560243434,16906.119561006373,0,13.700000762939453,365.11956100637326,16569.0,True,26,25,True,accurate,1,1,False,False,36,False,False,,,,,,,,,,,
2365,16555.0,16906.119561006373,16919.819561769313,0,13.700000762939453,364.8195617693127,16583.0,True,26,25,True,accurate,0,0,False,False,34,False,False,,,,,,,,,,,
2367,16569.0,16919.819561769313,16935.019558717555,0,15.199996948242188,366.0195587175549,16597.0,True,26,25,True,accurate,0,0,False,False,32,False,False,,,,,,,,,,,
2369,16583.0,16935.019558717555,16948.719555665797,0,13.699996948242188,365.7195556657971,16611.0,True,25,24,True,accurate,0,0,False,False,30,False,False,,,,,,,,,,,
2370,16590.0,16948.719555665797,16964.41955261404,0,15.699996948242188,374.4195526140393,16618.0,True,26,25,True,accurate,0,0,False,False,29,False,False,,,,,,,,,,,
2374,16618.0,16964.41955261404,16981.01955108816,0,16.599998474121094,363.01955108816037,16646.0,True,25,24,True,accurate,1,1,False,False,25,False,False,,,,,,,,,,,
2386,16702.0,16981.01955108816,16994.719548036403,0,13.699996948242188,292.71954803640256,16730.0,True,19,18,True,accurate,0,0,False,False,13,False,False,,,,,,,,,,,
2387,16709.0,16994.719548036403,17011.919548799342,0,17.200000762939453,302.919548799342,16737.0,True,20,19,True,accurate,0,0,False,False,12,False,False,,,,,,,,,,,
2388,16716.0,17011.919548799342,17026.11954956228,0,14.200000762939453,310.11954956228146,16744.0,True,21,20,True,accurate,1,1,False,False,11,False,False,,,,,,,,,,,
2390,16730.0,17026.11954956228,17041.11954956228,0,15.0,311.11954956228146,16758.0,True,21,20,True,accurate,0,0,False,False,9,False,False,,,,,,,,,,,
2391,16737.0,17041.11954956228,17053.11954956228,0,12.0,316.11954956228146,16765.0,True,21,20,True,accurate,0,0,False,False,8,False,False,,,,,,,,,,,
2394,16758.0,17053.11954956228,17065.61954956228,0,12.5,307.61954956228146,16786.0,True,21,20,True,accurate,1,1,False,False,5,False,False,,,,,,,,,,,
2397,16779.0,17065.61954956228,17078.31955032522,0,12.700000762939453,299.3195503252209,16807.0,True,21,20,True,accurate,0,0,False,False,2,True,False,,,,,,,,,,,
2399,16793.0,17078.31955032522,17090.61955337698,0,12.300003051757812,297.61955337697873,16821.0,True,21,20,True,accurate,0,0,False,True,0,True,False,,,,,,,,,,,
2405,16835.0,17090.61955337698,17119.06080837443,0,28.441254997452145,284.06080837443005,16863.0,True,19,18,True,accurate,1,1,False,False,94,False,False,,,,,,,,,,,
2406,16842.0,17119.06080837443,17138.88580837443,0,19.825,296.8858083744308,16870.0,True,20,19,True,accurate,0,0,False,False,93,False,False,,,,,,,,,,,
2415,16905.0,17138.88580837443,17164.76705837443,0,25.881249999999998,259.7670583744293,16933.0,True,17,16,True,accurate,0,0,False,False,84,False,False,,,,,,,,,,,
2419,16933.0,17164.76705837443,17183.444140776886,0,18.677082402457795,250.44414077688634,16961.0,True,16,15,True,accurate,1,1,False,False,80,False,False,,,,,,,,,,,
2420,16940.0,17183.444140776886,17197.06747074484,0,13.623329967955739,257.06747074484156,16968.0,True,16,15,True,accurate,0,0,False,False,79,False,False,,,,,,,,,,,
2425,16975.0,17197.06747074484,17210.06747455954,0,13.000003814697266,235.06747455953882,17003.0,True,15,14,True,accurate,0,0,False,False,74,False,False,,,,,,,,,,,
2426,16982.0,17210.06747455954,17244.667476848357,0,34.60000228881836,262.6674768483572,17010.0,True,15,14,True,accurate,0,0,False,False,73,False,False,,,,,,,,,,,
2427,16989.0,17244.667476848357,17263.56747455954,0,18.89999771118164,274.5674745595388,17017.0,True,16,15,True,accurate,0,0,False,False,72,False,False,,,,,,,,,,,
2429,17003.0,17263.56747455954,17278.46747227072,0,14.89999771118164,275.46747227072046,17031.0,True,16,15,True,accurate,1,1,False,False,70,False,False,,,,,,,,,,,
2435,17045.0,17278.46747227072,17297.26747150778,0,18.799999237060547,252.267471507781,17073.0,True,14,13,True,accurate,1,1,False,False,64,False,False,,,,,,,,,,,
2436,17052.0,17297.26747150778,17314.76747150778,0,17.5,262.767471507781,17080.0,True,15,14,True,accurate,0,0,False,False,63,False,False,,,,,,,,,,,
2441,17087.0,17314.76747150778,17328.96747227072,0,14.200000762939453,241.96747227072046,17115.0,True,13,12,True,accurate,0,0,False,False,58,False,False,,,,,,,,,,,
2443,17101.0,17328.96747227072,17352.26747532248,0,23.300003051757812,251.26747532247828,17129.0,True,13,12,True,accurate,0,0,False,False,56,False,False,,,,,,,,,,,
2444,17108.0,17352.26747532248,17367.46747227072,0,15.199996948242188,259.46747227072046,17136.0,True,14,13,True,accurate,0,0,False,False,55,False,False,,,,,,,,,,,
2445,17115.0,17367.46747227072,17379.46747227072,0,12.0,264.46747227072046,17143.0,True,15,14,True,accurate,0,0,False,False,54,False,False,,,,,,,,,,,
2451,17157.0,17379.46747227072,17395.967476085418,0,16.500003814697266,238.96747608541773,17185.0,True,14,13,True,accurate,0,0,False,False,48,False,False,,,,,,,,,,,
2452,17164.0,17395.967476085418,17407.8674737966,0,11.89999771118164,243.86747379659937,17192.0,True,15,14,True,accurate,0,0,False,False,47,False,False,,,,,,,,,,,
2454,17178.0,17407.8674737966,17419.06747455954,0,11.200000762939453,241.06747455953882,17206.0,True,15,14,True,accurate,0,0,False,False,45,False,False,,,,,,,,,,,
2455,17185.0,17419.06747455954,17436.16747303366,0,17.099998474121094,251.16747303365992,17213.0,True,15,14,True,accurate,1,1,False,False,44,False,False,,,,,,,,,,,
2459,17213.0,17436.16747303366,17455.16747303366,0,19.0,242.16747303365992,17241.0,True,14,13,True,accurate,0,0,False,False,40,False,False,,,,,,,,,,,
2462,17234.0,17455.16747303366,17465.96747227072,0,10.799999237060547,231.96747227072046,17262.0,True,15,14,True,accurate,1,1,False,False,37,False,False,,,,,,,,,,,
2466,17262.0,17465.96747227072,17480.66747303366,0,14.700000762939453,218.66747303365992,17290.0,True,15,14,True,accurate,0,0,False,False,33,False,False,,,,,,,,,,,
2467,17269.0,17480.66747303366,17495.3674737966,0,14.700000762939453,226.36747379659937,17297.0,True,15,14,True,accurate,0,0,False,False,32,False,False,,,,,,,,,,,
2471,17297.0,17495.3674737966,17506.167476848357,0,10.800003051757812,209.16747684835718,17325.0,True,15,14,True,accurate,0,0,False,False,28,False,False,,,,,,,,,,,
2473,17311.0,17506.167476848357,17522.567478374236,0,16.400001525878906,211.5674783742361,17339.0,True,15,14,True,accurate,0,0,False,False,26,False,False,,,,,,,,,,,
2474,17318.0,17522.567478374236,17540.867477611297,0,18.299999237060547,222.86747761129664,17346.0,True,15,14,True,accurate,0,0,False,False,25,False,False,,,,,,,,,,,
2480,17360.0,17540.867477611297,17554.967476085418,0,14.099998474121094,194.96747608541773,17388.0,True,14,13,True,accurate,0,0,False,False,19,False,False,,,,,,,,,,,
2486,17402.0,17554.967476085418,17569.967479900115,0,15.000003814697266,167.967479900115,17430.0,True,12,11,True,accurate,0,0,False,False,13,False,False,,,,,,,,,,,
2488,17416.0,17569.967479900115,17590.767479137176,0,20.799999237060547,174.76747913717554,17444.0,True,12,11,True,accurate,0,0,False,False,11,False,False,,,,,,,,,,,
2489,17423.0,17590.767479137176,17605.367477611297,0,14.599998474121094,182.36747761129664,17451.0,True,12,11,True,accurate,0,0,False,False,10,False,False,,,,,,,,,,,
2490,17430.0,17605.367477611297,17618.167476848357,0,12.799999237060547,188.16747684835718,17458.0,True,13,12,True,accurate,1,1,False,False,9,False,False,,,,,,,,,,,
2493,17451.0,17618.167476848357,17632.267479137176,0,14.10000228881836,181.26747913717554,17479.0,True,13,12,True,accurate,0,0,False,False,6,False,False,,,,,,,,,,,
2495,17465.0,17632.267479137176,17646.467479900115,0,14.200000762939453,181.467479900115,17493.0,True,13,12,True,accurate,1,1,False,False,4,False,False,,,,,,,,,,,
2497,17479.0,17646.467479900115,17657.867477611297,0,11.39999771118164,178.86747761129664,17507.0,True,13,12,True,accurate,0,0,False,False,2,True,False,,,,,,,,,,,
2502,17514.0,17657.867477611297,17669.367477611297,0,11.5,155.36747761129664,17542.0,True,11,10,True,accurate,0,0,False,False,97,False,False,,,,,,,,,,,
2503,17521.0,17669.367477611297,17688.66747303366,0,19.29999542236328,167.66747303365992,17549.0,True,12,11,True,accurate,1,1,False,False,96,False,False,,,,,,,,,,,
2506,17542.0,17688.66747303366,17703.867469981902,0,15.199996948242188,161.8674699819021,17570.0,True,11,10,True,accurate,0,0,False,False,93,False,False,,,,,,,,,,,
2508,17556.0,17703.867469981902,17717.067466930144,0,13.199996948242188,161.0674669301443,17584.0,True,11,10,True,accurate,0,0,False,False,91,False,False,,,,,,,,,,,
2510,17570.0,17717.067466930144,17729.667465404265,0,12.599998474121094,159.66746540426539,17598.0,True,11,10,True,accurate,0,0,False,False,89,False,False,,,,,,,,,,,
2514,17598.0,17729.667465404265,17747.367466167205,0,17.700000762939453,149.36746616720484,17626.0,True,11,10,True,accurate,0,0,False,False,85,False,False,,,,,,,,,,,
2515,17605.0,17747.367466167205,17767.667465404265,0,20.299999237060547,162.66746540426539,17633.0,True,12,11,True,accurate,1,1,False,False,84,False,False,,,,,,,,,,,
2516,17612.0,17767.667465404265,17779.167465404265,0,11.5,167.16746540426539,17640.0,True,12,11,True,accurate,1,1,False,False,83,False,False,,,,,,,,,,,
2517,17619.0,17779.167465404265,17797.667465404265,0,18.5,178.66746540426539,17647.0,True,12,11,True,accurate,0,0,False,False,82,False,False,,,,,,,,,,,
2519,17633.0,17797.667465404265,17811.467464641326,0,13.799999237060547,178.46746464132593,17661.0,True,12,11,True,accurate,1,1,False,False,80,False,False,,,,,,,,,,,
2521,17647.0,17811.467464641326,17824.767463878386,0,13.299999237060547,177.76746387838648,17675.0,True,12,11,True,accurate,0,0,False,False,78,False,False,,,,,,,,,,,
2522,17654.0,17824.767463878386,17840.867462352508,0,16.099998474121094,186.86746235250757,17682.0,True,13,12,True,accurate,0,0,False,False,77,False,False,,,,,,,,,,,
2525,17675.0,17840.867462352508,17854.367466167205,0,13.500003814697266,179.36746616720484,17703.0,True,12,11,True,accurate,0,0,False,False,74,False,False,,,,,,,,,,,
2527,17689.0,17854.367466167205,17872.067466930144,0,17.700000762939453,183.0674669301443,17717.0,True,12,11,True,accurate,0,0,False,False,72,False,False,,,,,,,,,,,
2529,17703.0,17872.067466930144,17885.567466930144,0,13.5,182.5674669301443,17731.0,True,13,12,True,accurate,0,0,False,False,70,False,False,,,,,,,,,,,
2531,17717.0,17885.567466930144,17904.567466930144,0,19.0,187.5674669301443,17745.0,True,13,12,True,accurate,0,0,False,False,68,False,False,,,,,,,,,,,
2532,17724.0,17904.567466930144,17919.067463115447,0,14.499996185302734,195.06746311544703,17752.0,True,13,12,True,accurate,0,0,False,False,67,False,False,,,,,,,,,,,
2533,17731.0,17919.067463115447,17931.367462352508,0,12.299999237060547,200.36746235250757,17759.0,True,13,12,True,accurate,1,1,False,False,66,False,False,,,,,,,,,,,
2534,17738.0,17931.367462352508,17944.467464641326,0,13.10000228881836,206.46746464132593,17766.0,True,14,13,True,accurate,0,0,False,False,65,False,False,,,,,,,,,,,
2535,17745.0,17944.467464641326,17957.267463878386,0,12.799999237060547,212.26746387838648,17773.0,True,15,14,True,accurate,0,0,False,False,64,False,False,,,,,,,,,,,
2536,17752.0,17957.267463878386,17971.667465404265,0,14.400001525878906,219.66746540426539,17780.0,True,15,14,True,accurate,0,0,False,False,63,False,False,,,,,,,,,,,
2538,17766.0,17971.667465404265,17988.567466930144,0,16.900001525878906,222.5674669301443,17794.0,True,16,15,True,accurate,0,0,False,False,61,False,False,,,,,,,,,,,
2540,17780.0,17988.567466930144,17999.867469981902,0,11.300003051757812,219.8674699819021,17808.0,True,15,14,True,accurate,0,0,False,False,59,False,False,,,,,,,,,,,
2541,17787.0,17999.867469981902,18012.367469981902,0,12.5,225.3674699819021,17815.0,True,16,15,True,accurate,0,0,False,False,58,False,False,,,,,,,,,,,
2543,17801.0,18012.367469981902,18026.467468456023,0,14.099998474121094,225.4674684560232,17829.0,True,16,15,True,accurate,0,0,False,False,56,False,False,,,,,,,,,,,
2552,17864.0,18026.467468456023,18040.767467693084,0,14.299999237060547,176.76746769308374,17892.0,True,13,12,True,accurate,0,0,False,False,47,False,False,,,,,,,,,,,
2555,17885.0,18040.767467693084,18053.267467693084,0,12.5,168.26746769308374,17913.0,True,13,12,True,accurate,0,0,False,False,44,False,False,,,,,,,,,,,
2557,17899.0,18053.267467693084,18066.46747227072,0,13.200004577636719,167.46747227072046,17927.0,True,13,12,True,accurate,0,0,False,False,42,False,False,,,,,,,,,,,
2560,17920.0,18066.46747227072,18085.84746837973,0,19.37999610900879,165.84746837972853,17948.0,True,12,11,True,accurate,0,0,False,False,39,False,False,,,,,,,,,,,
2566,17962.0,18085.84746837973,18111.009968379727,0,25.162499999999998,149.00996837972707,17990.0,True,10,9,True,accurate,0,0,False,False,33,False,False,,,,,,,,,,,
2570,17990.0,18111.009968379727,18129.740800453616,0,18.7308320738872,139.74080045361552,18018.0,True,9,8,True,accurate,0,0,False,False,29,False,False,,,,,,,,,,,
2571,17997.0,18129.740800453616,18161.46163410683,0,31.720833653211596,164.46163410682857,18025.0,True,10,9,True,accurate,1,1,False,False,28,False,False,,,,,,,,,,,
2575,18025.0,18161.46163410683,18177.11663603325,0,15.655001926422118,152.11663603324996,18053.0,True,9,8,True,accurate,1,1,False,False,24,False,False,,,,,,,,,,,
2577,18039.0,18177.11663603325,18191.807470200452,0,14.690834167202308,152.80747020045237,18067.0,True,9,8,True,accurate,0,0,False,False,22,False,False,,,,,,,,,,,
2578,18046.0,18191.807470200452,18210.254971096907,0,18.447500896453857,164.25497109690696,18074.0,True,9,8,True,accurate,1,1,False,False,21,False,False,,,,,,,,,,,
2583,18081.0,18210.254971096907,18221.267051298775,0,11.012080201866723,140.2670512987752,18109.0,True,8,7,True,accurate,0,0,False,False,16,False,False,,,,,,,,,,,
2584,18088.0,18221.267051298775,18234.467048247017,0,13.199996948242188,146.46704824701737,18116.0,True,8,7,True,accurate,0,0,False,False,15,False,False,,,,,,,,,,,
2588,18116.0,18234.467048247017,18248.8670459582,0,14.39999771118164,132.86704595819901,18144.0,True,8,7,True,accurate,1,1,False,False,11,False,False,,,,,,,,,,,
2591,18137.0,18248.8670459582,18264.56704290644,0,15.699996948242188,127.5670429064412,18165.0,True,8,7,True,accurate,1,1,False,False,8,False,False,,,,,,,,,,,
2599,18193.0,18264.56704290644,18279.067039091744,0,14.499996185302734,86.06703909174394,18221.0,True,6,5,True,accurate,0,0,False,True,0,True,False,,,,,,,,,,,
2600,18200.0,18279.067039091744,18293.167037565865,0,14.099998474121094,93.16703756586503,18228.0,True,7,6,True,accurate,0,0,False,False,99,False,False,,,,,,,,,,,
2601,18207.0,18293.167037565865,18307.667041380562,0,14.500003814697266,100.6670413805623,18235.0,True,8,7,True,accurate,0,0,False,False,98,False,False,,,,,,,,,,,
2603,18221.0,18307.667041380562,18321.867038328804,0,14.199996948242188,100.86703832880448,18249.0,True,8,7,True,accurate,0,0,False,False,96,False,False,,,,,,,,,,,
2604,18228.0,18321.867038328804,18341.567035277047,0,19.699996948242188,113.56703527704667,18256.0,True,8,7,True,accurate,1,1,False,False,95,False,False,,,,,,,,,,,
2605,18235.0,18341.567035277047,18355.467036802926,0,13.900001525878906,120.46703680292558,18263.0,True,8,7,True,accurate,1,1,False,False,94,False,False,,,,,,,,,,,
2606,18242.0,18355.467036802926,18369.767036039986,0,14.299999237060547,127.76703603998612,18270.0,True,9,8,True,accurate,0,0,False,False,93,False,False,,,,,,,,,,,
2608,18256.0,18369.767036039986,18383.767036039986,0,14.0,127.76703603998612,18284.0,True,9,8,True,accurate,0,0,False,False,91,False,False,,,,,,,,,,,
2610,18270.0,18383.767036039986,18401.567039091744,0,17.800003051757812,131.56703909174394,18298.0,True,9,8,True,accurate,1,1,False,False,89,False,False,,,,,,,,,,,
2614,18298.0,18401.567039091744,18413.667041380562,0,12.10000228881836,115.6670413805623,18326.0,True,8,7,True,accurate,0,0,False,False,85,False,False,,,,,,,,,,,
2616,18312.0,18413.667041380562,18435.267039854683,0,21.599998474121094,123.26703985468339,18340.0,True,8,7,True,accurate,1,1,False,False,83,False,False,,,,,,,,,,,
2619,18333.0,18435.267039854683,18449.467036802926,0,14.199996948242188,116.46703680292558,18361.0,True,8,7,True,accurate,1,1,False,False,80,False,False,,,,,,,,,,,
2622,18354.0,18449.467036802926,18460.767036039986,0,11.299999237060547,106.76703603998612,18382.0,True,8,7,True,accurate,1,1,False,False,77,False,False,,,,,,,,,,,
2623,18361.0,18460.767036039986,18472.867034514107,0,12.099998474121094,111.86703451410722,18389.0,True,8,7,True,accurate,0,0,False,False,76,False,False,,,,,,,,,,,
2624,18368.0,18472.867034514107,18485.06703146235,0,12.199996948242188,117.0670314623494,18396.0,True,9,8,True,accurate,0,0,False,False,75,False,False,,,,,,,,,,,
2626,18382.0,18485.06703146235,18503.26703222529,0,18.200000762939453,121.26703222528886,18410.0,True,9,8,True,accurate,1,1,False,False,73,False,False,,,,,,,,,,,
2627,18389.0,18503.26703222529,18512.367034514107,0,9.10000228881836,123.36703451410722,18417.0,True,9,8,True,accurate,0,0,False,False,72,False,False,,,,,,,,,,,
2628,18396.0,18512.367034514107,18524.96703298823,0,12.599998474121094,128.9670329882283,18424.0,True,10,9,True,accurate,1,1,False,False,71,False,False,,,,,,,,,,,
2629,18403.0,18524.96703298823,18540.567035277047,0,15.60000228881836,137.56703527704667,18431.0,True,10,9,True,accurate,1,1,False,False,70,False,False,,,,,,,,,,,
2635,18445.0,18540.567035277047,18552.667037565865,0,12.10000228881836,107.66703756586503,18473.0,True,9,8,True,accurate,0,0,False,False,64,False,False,,,,,,,,,,,
2636,18452.0,18552.667037565865,18564.567035277047,0,11.89999771118164,112.56703527704667,18480.0,True,9,8,True,accurate,0,0,False,False,63,False,False,,,,,,,,,,,
2638,18466.0,18564.567035277047,18584.46703298823,0,19.89999771118164,118.46703298822831,18494.0,True,9,8,True,accurate,0,0,False,False,61,False,False,,,,,,,,,,,
2639,18473.0,18584.46703298823,18604.46703298823,0,20.0,131.4670329882283,18501.0,True,9,8,True,accurate,0,0,False,False,60,False,False,,,,,,,,,,,
2644,18508.0,18604.46703298823,18617.36703069941,0,12.89999771118164,109.36703069940995,18536.0,True,8,7,True,accurate,0,0,False,False,55,False,False,,,,,,,,,,,
2646,18522.0,18617.36703069941,18630.66702993647,0,13.299999237060547,108.6670299364705,18550.0,True,8,7,True,accurate,1,1,False,False,53,False,False,,,,,,,,,,,
2648,18536.0,18630.66702993647,18644.567027647652,0,13.89999771118164,108.56702764765214,18564.0,True,8,7,True,accurate,0,0,False,False,51,False,False,,,,,,,,,,,
2651,18557.0,18644.567027647652,18657.167026121773,0,12.599998474121094,100.16702612177323,18585.0,True,7,6,True,accurate,0,0,False,False,48,False,False,,,,,,,,,,,
2658,18606.0,18657.167026121773,18673.167022307076,0,15.999996185302734,67.16702230707597,18634.0,True,5,4,False,accurate,0,0,False,False,41,False,False,,,,,,,,,,,
2661,18627.0,18673.167022307076,18685.167022307076,0,12.0,58.16702230707597,18655.0,True,5,4,False,accurate,0,0,False,False,38,False,False,,,,,,,,,,,
2665,18655.0,18685.167022307076,18705.967021544137,0,20.799999237060547,50.967021544136514,18683.0,True,4,3,False,accurate,0,0,False,False,34,False,False,,,,,,,,,,,
2667,18669.0,18705.967021544137,18721.867023070015,0,15.900001525878906,52.86702307001542,18697.0,True,4,3,False,accurate,0,0,False,False,32,False,False,,,,,,,,,,,
2668,18676.0,18721.867023070015,18733.567020018258,0,11.699996948242188,57.56702001825761,18704.0,True,4,3,False,accurate,0,0,False,False,31,False,False,,,,,,,,,,,
2669,18683.0,18733.567020018258,18745.367019255318,0,11.799999237060547,62.367019255318155,18711.0,True,5,4,False,accurate,0,0,False,False,30,False,False,,,,,,,,,,,
2670,18690.0,18745.367019255318,18767.467021544137,0,22.10000228881836,77.46702154413651,18718.0,True,5,4,False,accurate,0,0,False,False,29,False,False,,,,,,,,,,,
2671,18697.0,18767.467021544137,18783.567023832955,0,16.10000228881836,86.56702383295487,18725.0,True,6,5,True,accurate,0,0,False,False,28,False,False,,,,,,,,,,,
2675,18725.0,18783.567023832955,18799.767024595894,0,16.200000762939453,74.76702459589433,18753.0,True,5,4,False,accurate,1,1,False,False,24,False,False,,,,,,,,,,,
2676,18732.0,18799.767024595894,18812.16702993647,0,12.400005340576172,80.1670299364705,18760.0,True,6,5,True,accurate,0,0,False,False,23,False,False,,,,,,,,,,,
2678,18746.0,18812.16702993647,18824.16702993647,0,12.0,78.1670299364705,18774.0,True,5,4,False,accurate,0,0,False,False,21,False,False,,,,,,,,,,,
2682,18774.0,18824.16702993647,18840.667026121773,0,16.499996185302734,66.66702612177323,18802.0,True,5,4,False,accurate,0,0,False,False,17,False,False,,,,,,,,,,,
2685,18795.0,18840.667026121773,18856.267024595894,0,15.599998474121094,61.26702459589433,18823.0,True,5,4,False,accurate,0,0,False,False,14,False,False,,,,,,,,,,,
2686,18802.0,18856.267024595894,18875.167022307076,0,18.89999771118164,73.16702230707597,18830.0,True,5,4,False,accurate,0,0,False,False,13,False,False,,,,,,,,,,,
2692,18844.0,18875.167022307076,18887.667022307076,0,12.5,43.66702230707597,18872.0,True,3,2,False,accurate,0,0,False,False,7,False,False,,,,,,,,,,,
2693,18851.0,18887.667022307076,18902.567020018258,0,14.89999771118164,51.56702001825761,18879.0,True,4,3,False,accurate,1,1,False,False,6,False,False,,,,,,,,,,,
2694,18858.0,18902.567020018258,18914.46701772944,0,11.89999771118164,56.46701772943925,18886.0,True,4,3,False,accurate,0,0,False,False,5,False,False,,,,,,,,,,,
2701,18907.0,18914.46701772944,18926.96701772944,0,12.5,19.96701772943925,18935.0,False,2,1,False,accurate,0,0,False,False,98,False,True,,,,,,,,,,,
2705,18935.0,18935.0,18947.20000076294,0,12.200000762939453,12.200000762939453,18963.0,False,1,0,False,accurate,1,1,False,False,94,False,True,,,,,,,,,,,
2710,18970.0,18970.0,18985.79999923706,0,15.799999237060547,15.799999237060547,18998.0,False,1,0,False,accurate,1,1,False,False,89,False,True,,,,,,,,,,,
2711,18977.0,18985.79999923706,18998.90000152588,0,13.10000228881836,21.900001525878906,19005.0,False,2,1,False,accurate,0,0,False,False,88,False,True,,,,,,,,,,,
2715,19005.0,19005.0,19016.20000076294,0,11.200000762939453,11.200000762939453,19033.0,False,1,0,False,accurate,0,0,False,False,84,False,True,,,,,,,,,,,
2717,19019.0,19019.0,19032.60000228882,0,13.60000228881836,13.60000228881836,19047.0,False,1,0,False,accurate,0,0,False,False,82,False,True,,,,,,,,,,,
2720,19040.0,19040.0,19059.209992218017,0,19.20999221801758,19.20999221801685,19068.0,False,1,0,False,accurate,0,0,False,False,79,False,True,,,,,,,,,,,
2724,19068.0,19068.0,19087.475004660886,0,19.475004660884498,19.475004660886043,19096.0,False,1,0,False,accurate,0,0,False,False,75,False,True,,,,,,,,,,,
2729,19103.0,19103.0,19119.962498903275,0,16.962498903274536,16.962498903274536,19131.0,False,1,0,False,accurate,0,0,False,False,70,False,True,,,,,,,,,,,
2732,19124.0,19124.0,19141.144995880128,0,17.144995880126956,17.14499588012768,19152.0,False,1,0,False,accurate,1,1,False,False,67,False,True,,,,,,,,,,,
2734,19138.0,19141.144995880128,19167.7533320266,0,26.60833614647387,29.75333202660113,19166.0,True,2,1,False,accurate,1,1,False,False,65,False,False,,,,,,,,,,,
2735,19145.0,19167.7533320266,19187.827083953023,0,20.07375192642212,42.82708395302325,19173.0,True,2,1,False,accurate,0,0,False,False,64,False,False,,,,,,,,,,,
2737,19159.0,19187.827083953023,19202.758752370875,0,14.93166841785112,43.7587523708753,19187.0,True,3,2,False,accurate,0,0,False,False,62,False,False,,,,,,,,,,,
2742,19194.0,19202.758752370875,19216.834584919885,0,14.07583254901071,22.834584919884946,19222.0,False,2,1,False,accurate,0,0,False,False,57,False,True,,,,,,,,,,,
2745,19215.0,19216.834584919885,19234.734586445764,0,17.900001525878906,19.734586445763853,19243.0,False,2,1,False,accurate,0,0,False,False,54,False,True,,,,,,,,,,,
2750,19250.0,19250.0,19266.20000076294,0,16.200000762939453,16.200000762939453,19278.0,False,1,0,False,accurate,0,0,False,False,49,False,True,,,,,,,,,,,
2751,19257.0,19266.20000076294,19280.0,0,13.799999237060547,23.0,19285.0,False,2,1,False,accurate,1,1,False,False,48,False,True,,,,,,,,,,,
2752,19264.0,19280.0,19294.79999923706,0,14.799999237060547,30.799999237060547,19292.0,True,3,2,False,accurate,0,0,False,False,47,False,False,,,,,,,,,,,
2761,19327.0,19327.0,19341.39999771118,0,14.39999771118164,14.39999771118164,19355.0,False,1,0,False,accurate,0,0,False,False,38,False,True,,,,,,,,,,,
2765,19355.0,19355.0,19366.699996948242,0,11.699996948242188,11.699996948242188,19383.0,False,1,0,False,accurate,0,0,False,False,34,False,True,,,,,,,,,,,
2769,19383.0,19383.0,19396.0,0,13.0,13.0,19411.0,False,1,0,False,accurate,1,1,False,False,30,False,True,,,,,,,,,,,
2771,19397.0,19397.0,19408.70000076294,0,11.700000762939453,11.700000762939453,19425.0,False,1,0,False,accurate,0,0,False,False,28,False,True,,,,,,,,,,,
2772,19404.0,19408.70000076294,19424.79999923706,0,16.099998474121094,20.799999237060547,19432.0,False,2,1,False,accurate,1,1,False,False,27,False,True,,,,,,,,,,,
2778,19446.0,19446.0,19471.0,0,25.0,25.0,19474.0,False,1,0,False,accurate,0,0,False,False,21,False,True,,,,,,,,,,,
2781,19467.0,19471.0,19487.60000228882,0,16.60000228881836,20.60000228881836,19495.0,False,2,1,False,accurate,0,0,False,False,18,False,True,,,,,,,,,,,
2782,19474.0,19487.60000228882,19500.300003051758,0,12.700000762939453,26.300003051757812,19502.0,False,2,1,False,accurate,1,1,False,False,17,False,True,,,,,,,,,,,
2786,19502.0,19502.0,19529.0,0,27.0,27.0,19530.0,False,1,0,False,accurate,0,0,False,False,13,False,True,,,,,,,,,,,
2788,19516.0,19529.0,19543.60000228882,0,14.60000228881836,27.60000228881836,19544.0,False,2,1,False,accurate,0,0,False,False,11,False,True,,,,,,,,,,,
2790,19530.0,19543.60000228882,19556.40000152588,0,12.799999237060547,26.400001525878906,19558.0,False,2,1,False,accurate,0,0,False,False,9,False,True,,,,,,,,,,,
2791,19537.0,19556.40000152588,19568.90000152588,0,12.5,31.900001525878906,19565.0,True,3,2,False,accurate,0,0,False,False,8,False,False,,,,,,,,,,,
2793,19551.0,19568.90000152588,19581.60000228882,0,12.700000762939453,30.60000228881836,19579.0,True,3,2,False,accurate,0,0,False,False,6,False,False,,,,,,,,,,,
2794,19558.0,19581.60000228882,19595.500003814697,0,13.900001525878906,37.500003814697266,19586.0,True,3,2,False,accurate,0,0,False,False,5,False,False,,,,,,,,,,,
2796,19572.0,19595.500003814697,19611.0,0,15.499996185302734,39.0,19600.0,True,3,2,False,accurate,0,0,False,False,3,False,False,,,,,,,,,,,
2798,19586.0,19611.0,19632.60000228882,0,21.60000228881836,46.60000228881836,19614.0,True,3,2,False,accurate,0,0,False,False,1,True,False,,,,,,,,,,,
2803,19621.0,19632.60000228882,19646.40000152588,0,13.799999237060547,25.400001525878906,19649.0,False,2,1,False,accurate,1,1,False,False,96,False,True,,,,,,,,,,,
2805,19635.0,19646.40000152588,19661.500003814697,0,15.10000228881836,26.500003814697266,19663.0,False,2,1,False,accurate,0,0,False,False,94,False,True,,,,,,,,,,,
2806,19642.0,19661.500003814697,19678.600006103516,0,17.10000228881836,36.600006103515625,19670.0,True,3,2,False,accurate,0,0,False,False,93,False,False,,,,,,,,,,,
2810,19670.0,19678.600006103516,19691.800010681152,0,13.200004577636719,21.800010681152344,19698.0,False,2,1,False,accurate,1,1,False,False,89,False,True,,,,,,,,,,,
2814,19698.0,19698.0,19711.40000152588,0,13.400001525878906,13.400001525878906,19726.0,False,1,0,False,accurate,0,0,False,False,85,False,True,,,,,,,,,,,
2819,19733.0,19733.0,19746.5,0,13.5,13.5,19761.0,False,1,0,False,accurate,1,1,False,False,80,False,True,,,,,,,,,,,
2820,19740.0,19746.5,19761.0,0,14.5,21.0,19768.0,False,2,1,False,accurate,1,1,False,False,79,False,True,,,,,,,,,,,
2822,19754.0,19761.0,19773.59999847412,0,12.599998474121094,19.599998474121094,19782.0,False,2,1,False,accurate,0,0,False,False,77,False,True,,,,,,,,,,,
2827,19789.0,19789.0,19809.89999771118,0,20.89999771118164,20.89999771118164,19817.0,False,1,0,False,accurate,0,0,False,False,72,False,True,,,,,,,,,,,
2833,19831.0,19831.0,19847.0,0,16.0,16.0,19859.0,False,1,0,False,accurate,0,0,False,False,66,False,True,,,,,,,,,,,
2838,19866.0,19866.0,19880.40000152588,0,14.400001525878906,14.400001525878906,19894.0,False,1,0,False,accurate,0,0,False,False,61,False,True,,,,,,,,,,,
2844,19908.0,19908.0,19926.500003814697,0,18.500003814697266,18.500003814697266,19936.0,False,1,0,False,accurate,0,0,False,False,55,False,True,,,,,,,,,,,
2852,19964.0,19964.0,19978.40000152588,0,14.400001525878906,14.400001525878906,19992.0,False,1,0,False,accurate,0,0,False,False,47,False,True,,,,,,,,,,,
2857,19999.0,19999.0,20011.599994659424,0,12.599994659423828,12.599994659423828,20027.0,False,1,0,False,accurate,1,1,False,False,42,False,True,,,,,,,,,,,
2861,20027.0,20027.0,20041.89999771118,0,14.89999771118164,14.89999771118164,20055.0,False,1,0,False,accurate,0,0,False,False,38,False,True,,,,,,,,,,,
2864,20048.0,20048.0,20065.90000152588,0,17.900001525878906,17.900001525878906,20076.0,False,1,0,False,accurate,0,0,False,False,35,False,True,,,,,,,,,,,
2866,20062.0,20065.90000152588,20079.500003814697,0,13.60000228881836,17.500003814697266,20090.0,False,2,1,False,accurate,0,0,False,False,33,False,True,,,,,,,,,,,
2867,20069.0,20079.500003814697,20109.20000076294,0,29.699996948242188,40.20000076293945,20097.0,True,2,1,False,accurate,0,0,False,False,32,False,False,,,,,,,,,,,
2871,20097.0,20109.20000076294,20123.20000076294,0,14.0,26.200000762939453,20125.0,False,2,1,False,accurate,0,0,False,False,28,False,True,,,,,,,,,,,
2872,20104.0,20123.20000076294,20139.09999847412,0,15.89999771118164,35.099998474121094,20132.0,True,3,2,False,accurate,0,0,False,False,27,False,False,,,,,,,,,,,
2874,20118.0,20139.09999847412,20159.39999771118,0,20.299999237060547,41.39999771118164,20146.0,True,3,2,False,accurate,0,0,False,False,25,False,False,,,,,,,,,,,
2881,20167.0,20167.0,20190.55874725441,0,23.5587472544114,23.558747254410264,20195.0,False,1,0,False,accurate,0,0,False,False,18,False,True,,,,,,,,,,,
2884,20188.0,20190.55874725441,20209.717078003487,0,19.15833074907464,21.717078003486677,20216.0,False,2,1,False,accurate,0,0,False,False,15,False,True,,,,,,,,,,,
2885,20195.0,20209.717078003487,20233.340412733953,0,23.62333473046622,38.34041273395269,20223.0,True,2,1,False,accurate,0,0,False,False,14,False,False,,,,,,,,,,,
2891,20237.0,20237.0,20255.480835624137,0,18.480835624138535,18.4808356241374,20265.0,False,1,0,False,accurate,0,0,False,False,8,False,True,,,,,,,,,,,
2895,20265.0,20265.0,20285.073747110368,0,20.07374711036682,20.07374711036755,20293.0,False,1,0,False,accurate,0,0,False,False,4,False,True,,,,,,,,,,,
2900,20300.0,20300.0,20320.323334248562,0,20.323334248562656,20.323334248561878,20328.0,False,1,0,False,accurate,0,0,False,False,99,False,True,,,,,,,,,,,
2901,20307.0,20320.323334248562,20333.590830929774,0,13.267496681213379,26.5908309297738,20335.0,False,2,1,False,accurate,0,0,False,False,98,False,True,,,,,,,,,,,
2905,20335.0,20335.0,20348.0,0,13.0,13.0,20363.0,False,1,0,False,accurate,0,0,False,False,94,False,True,,,,,,,,,,,
2906,20342.0,20348.0,20361.0,0,13.0,19.0,20370.0,False,2,1,False,accurate,0,0,False,False,93,False,True,,,,,,,,,,,
2908,20356.0,20361.0,20375.000003814697,0,14.000003814697266,19.000003814697266,20384.0,False,2,1,False,accurate,0,0,False,False,91,False,True,,,,,,,,,,,
2909,20363.0,20375.000003814697,20390.900005340576,0,15.900001525878906,27.900005340576172,20391.0,False,2,1,False,accurate,0,0,False,False,90,False,True,,,,,,,,,,,
2911,20377.0,20390.900005340576,20405.000003814697,0,14.099998474121094,28.000003814697266,20405.0,True,2,1,False,accurate,0,0,False,False,88,False,False,,,,,,,,,,,
2913,20391.0,20405.000003814697,20416.700008392334,0,11.700004577636719,25.700008392333984,20419.0,False,2,1,False,accurate,0,0,False,False,86,False,True,,,,,,,,,,,
2915,20405.0,20416.700008392334,20430.600009918213,0,13.900001525878906,25.60000991821289,20433.0,False,3,2,False,accurate,0,0,False,False,84,False,True,,,,,,,,,,,
2916,20412.0,20430.600009918213,20442.100009918213,0,11.5,30.10000991821289,20440.0,True,3,2,False,accurate,0,0,False,False,83,False,False,,,,,,,,,,,
2919,20433.0,20442.100009918213,20454.100009918213,0,12.0,21.10000991821289,20461.0,False,2,1,False,accurate,0,0,False,False,80,False,True,,,,,,,,,,,
2920,20440.0,20454.100009918213,20468.200008392334,0,14.099998474121094,28.200008392333984,20468.0,True,3,2,False,accurate,0,0,False,False,79,False,False,,,,,,,,,,,
2921,20447.0,20468.200008392334,20480.00001144409,0,11.800003051757812,33.0000114440918,20475.0,True,3,2,False,accurate,0,0,False,False,78,False,False,,,,,,,,,,,
2922,20454.0,20480.00001144409,20492.20001602173,0,12.200004577636719,38.200016021728516,20482.0,True,4,3,False,accurate,0,0,False,False,77,False,False,,,,,,,,,,,
2927,20489.0,20492.20001602173,20504.60001373291,0,12.39999771118164,15.600013732910156,20517.0,False,2,1,False,accurate,1,1,False,False,72,False,True,,,,,,,,,,,
2929,20503.0,20504.60001373291,20517.90001296997,0,13.299999237060547,14.900012969970703,20531.0,False,2,1,False,accurate,0,0,False,False,70,False,True,,,,,,,,,,,
2930,20510.0,20517.90001296997,20532.70001220703,0,14.799999237060547,22.70001220703125,20538.0,False,2,1,False,accurate,1,1,False,False,69,False,True,,,,,,,,,,,
2931,20517.0,20532.70001220703,20547.700008392334,0,14.999996185302734,30.700008392333984,20545.0,True,3,2,False,accurate,0,0,False,False,68,False,False,,,,,,,,,,,
2933,20531.0,20547.700008392334,20559.600009918213,0,11.900001525878906,28.60000991821289,20559.0,True,3,2,False,accurate,0,0,False,False,66,False,False,,,,,,,,,,,
2946,20622.0,20622.0,20637.0,0,15.0,15.0,20650.0,False,1,0,False,accurate,0,0,False,False,53,False,True,,,,,,,,,,,
2947,20629.0,20637.0,20661.70000076294,0,24.700000762939453,32.70000076293945,20657.0,True,2,1,False,accurate,1,1,False,False,52,False,False,,,,,,,,,,,
2953,20671.0,20671.0,20683.800003051758,0,12.800003051757812,12.800003051757812,20699.0,False,1,0,False,accurate,0,0,False,False,46,False,True,,,,,,,,,,,
2956,20692.0,20692.0,20706.10000228882,0,14.10000228881836,14.10000228881836,20720.0,False,1,0,False,accurate,0,0,False,False,43,False,True,,,,,,,,,,,
2959,20713.0,20713.0,20724.699996948242,0,11.699996948242188,11.699996948242188,20741.0,False,1,0,False,accurate,0,0,False,False,40,False,True,,,,,,,,,,,
2962,20734.0,20734.0,20750.0,0,16.0,16.0,20762.0,False,1,0,False,accurate,0,0,False,False,37,False,True,,,,,,,,,,,
2964,20748.0,20750.0,20765.89999771118,0,15.89999771118164,17.89999771118164,20776.0,False,2,1,False,accurate,0,0,False,False,35,False,True,,,,,,,,,,,
2965,20755.0,20765.89999771118,20778.5,0,12.60000228881836,23.5,20783.0,False,2,1,False,accurate,0,0,False,False,34,False,True,,,,,,,,,,,
2966,20762.0,20778.5,20790.800003051758,0,12.300003051757812,28.800003051757812,20790.0,True,3,2,False,accurate,1,1,False,False,33,False,False,,,,,,,,,,,
2969,20783.0,20790.800003051758,20806.200004577637,0,15.400001525878906,23.20000457763672,20811.0,False,2,1,False,accurate,0,0,False,False,30,False,True,,,,,,,,,,,
2976,20832.0,20832.0,20848.39999771118,0,16.39999771118164,16.39999771118164,20860.0,False,1,0,False,accurate,0,0,False,False,23,False,True,,,,,,,,,,,
2977,20839.0,20848.39999771118,20866.59999847412,0,18.200000762939453,27.599998474121094,20867.0,False,2,1,False,accurate,0,0,False,False,22,False,True,,,,,,,,,,,
2978,20846.0,20866.59999847412,20877.5,0,10.900001525878906,31.5,20874.0,True,3,2,False,accurate,1,1,False,False,21,False,False,,,,,,,,,,,
2979,20853.0,20877.5,20892.70000076294,0,15.200000762939453,39.70000076293945,20881.0,True,3,2,False,accurate,1,1,False,False,20,False,False,,,,,,,,,,,
2984,20888.0,20892.70000076294,20905.09999847412,0,12.39999771118164,17.099998474121094,20916.0,False,2,1,False,accurate,1,1,False,False,15,False,True,,,,,,,,,,,
2985,20895.0,20905.09999847412,20915.999996185303,0,10.89999771118164,20.999996185302734,20923.0,False,2,1,False,accurate,0,0,False,False,14,False,True,,,,,,,,,,,
2987,20909.0,20915.999996185303,20929.199993133545,0,13.199996948242188,20.199993133544922,20937.0,False,2,1,False,accurate,0,0,False,False,12,False,True,,,,,,,,,,,
2989,20923.0,20929.199993133545,20944.499992370605,0,15.299999237060547,21.49999237060547,20951.0,False,2,1,False,accurate,0,0,False,False,10,False,True,,,,,,,,,,,
2991,20937.0,20944.499992370605,20960.499996185303,0,16.000003814697266,23.499996185302734,20965.0,False,2,1,False,accurate,0,0,False,False,8,False,True,,,,,,,,,,,
2992,20944.0,20960.499996185303,20978.0,0,17.500003814697266,34.0,20972.0,True,3,2,False,accurate,0,0,False,False,7,False,False,,,,,,,,,,,
2993,20951.0,20978.0,20999.39999771118,0,21.39999771118164,48.39999771118164,20979.0,True,3,2,False,accurate,0,0,False,False,6,False,False,,,,,,,,,,,
2994,20958.0,20999.39999771118,21018.099994659424,0,18.699996948242188,60.09999465942383,20986.0,True,4,3,False,accurate,0,0,False,False,5,False,False,,,,,,,,,,,
2995,20965.0,21018.099994659424,21031.099990844727,0,12.999996185302734,66.09999084472656,20993.0,True,4,3,False,accurate,0,0,False,False,4,False,False,,,,,,,,,,,
2998,20986.0,21031.099990844727,21054.49998855591,0,23.39999771118164,68.4999885559082,21014.0,True,4,3,False,accurate,1,1,False,False,1,True,False,,,,,,,,,,,
2999,20993.0,21054.49998855591,21064.699989318848,0,10.200000762939453,71.69998931884766,21021.0,True,5,4,False,accurate,0,0,False,True,0,True,False,,,,,,,,,,,
3003,21021.0,21064.699989318848,21079.599990844727,0,14.900001525878906,58.59999084472656,21049.0,True,4,3,False,accurate,1,1,False,False,96,False,False,,,,,,,,,,,
3004,21028.0,21079.599990844727,21094.199989318848,0,14.599998474121094,66.19998931884766,21056.0,True,5,4,False,accurate,0,0,False,False,95,False,False,,,,,,,,,,,
3005,21035.0,21094.199989318848,21108.49998855591,0,14.299999237060547,73.4999885559082,21063.0,True,5,4,False,accurate,0,0,False,False,94,False,False,,,,,,,,,,,
3009,21063.0,21108.49998855591,21123.199989318848,0,14.700000762939453,60.199989318847656,21091.0,True,5,4,False,accurate,0,0,False,False,90,False,False,,,,,,,,,,,
3012,21084.0,21123.199989318848,21136.299991607666,0,13.10000228881836,52.299991607666016,21112.0,True,4,3,False,accurate,0,0,False,False,87,False,False,,,,,,,,,,,
3019,21133.0,21136.299991607666,21152.799991607666,0,16.5,19.799991607666016,21161.0,False,2,1,False,accurate,0,0,False,False,80,False,True,,,,,,,,,,,
3023,21161.0,21161.0,21179.70000076294,0,18.700000762939453,18.700000762939453,21189.0,False,1,0,False,accurate,0,0,False,False,76,False,True,,,,,,,,,,,
3024,21168.0,21179.70000076294,21195.70000076294,0,16.0,27.700000762939453,21196.0,False,2,1,False,accurate,0,0,False,False,75,False,True,,,,,,,,,,,
3025,21175.0,21195.70000076294,21207.5,0,11.799999237060547,32.5,21203.0,True,3,2,False,accurate,0,0,False,False,74,False,False,,,,,,,,,,,
3026,21182.0,21207.5,21219.90000152588,0,12.400001525878906,37.900001525878906,21210.0,True,3,2,False,accurate,0,0,False,False,73,False,False,,,,,,,,,,,
3029,21203.0,21219.90000152588,21234.60000228882,0,14.700000762939453,31.60000228881836,21231.0,True,3,2,False,accurate,0,0,False,False,70,False,False,,,,,,,,,,,
3034,21238.0,21238.0,21249.299995422363,0,11.299995422363281,11.299995422363281,21266.0,False,1,0,False,accurate,1,1,False,False,65,False,True,,,,,,,,,,,
3038,21266.0,21266.0,21282.500003814697,0,16.500003814697266,16.500003814697266,21294.0,False,1,0,False,accurate,0,0,False,False,61,False,True,,,,,,,,,,,
3040,21280.0,21282.500003814697,21308.5100025177,0,26.00999870300293,28.51000251770165,21308.0,True,2,1,False,accurate,0,0,False,False,59,False,False,,,,,,,,,,,
3045,21315.0,21315.0,21336.758339456715,0,21.758339456717227,21.758339456715476,21343.0,False,1,0,False,accurate,0,0,False,False,54,False,True,,,,,,,,,,,
3046,21322.0,21336.758339456715,21356.278344110648,0,19.520004653930663,34.278344110647595,21350.0,True,2,1,False,accurate,0,0,False,False,53,False,False,,,,,,,,,,,
3049,21343.0,21356.278344110648,21377.840849594275,0,21.56250548362732,34.840849594274914,21371.0,True,2,1,False,accurate,0,0,False,False,50,False,False,,,,,,,,,,,
3051,21357.0,21377.840849594275,21399.217927882077,0,21.3770782878001,42.217927882076765,21385.0,True,2,1,False,accurate,1,1,False,False,48,False,False,,,,,,,,,,,
3053,21371.0,21399.217927882077,21422.332506298524,0,23.114578416446818,51.332506298524095,21399.0,True,3,2,False,accurate,1,1,False,False,46,False,False,,,,,,,,,,,
3059,21413.0,21422.332506298524,21457.853339524074,0,35.520833225548266,44.85333952407382,21441.0,True,2,1,False,accurate,0,1,True,False,40,False,False,,,,,,,,,,,
3064,21448.0,21457.853339524074,21474.753337235255,0,16.89999771118164,26.753337235255458,21476.0,False,2,1,False,accurate,1,1,False,False,35,False,True,,,,,,,,,,,
3070,21490.0,21490.0,21503.29999923706,0,13.299999237060547,13.299999237060547,21518.0,False,1,0,False,accurate,0,0,False,False,29,False,True,,,,,,,,,,,
3071,21497.0,21503.29999923706,21513.90000152588,0,10.60000228881836,16.900001525878906,21525.0,False,2,1,False,accurate,0,0,False,False,28,False,True,,,,,,,,,,,
3072,21504.0,21513.90000152588,21527.70000076294,0,13.799999237060547,23.700000762939453,21532.0,False,2,1,False,accurate,0,0,False,False,27,False,True,,,,,,,,,,,
3073,21511.0,21527.70000076294,21538.499996185303,0,10.799995422363281,27.499996185302734,21539.0,False,3,2,False,accurate,0,0,False,False,26,False,True,,,,,,,,,,,
3074,21518.0,21538.499996185303,21552.199993133545,0,13.699996948242188,34.19999313354492,21546.0,True,3,2,False,accurate,0,0,False,False,25,False,False,,,,,,,,,,,
3076,21532.0,21552.199993133545,21568.299995422363,0,16.10000228881836,36.29999542236328,21560.0,True,3,2,False,accurate,1,1,False,False,23,False,False,,,,,,,,,,,
3078,21546.0,21568.299995422363,21586.09999847412,0,17.800003051757812,40.099998474121094,21574.0,True,3,2,False,accurate,0,0,False,False,21,False,False,,,,,,,,,,,
3084,21588.0,21588.0,21604.70000076294,0,16.700000762939453,16.700000762939453,21616.0,False,1,0,False,accurate,0,0,False,False,15,False,True,,,,,,,,,,,
3086,21602.0,21604.70000076294,21623.70000076294,0,19.0,21.700000762939453,21630.0,False,2,1,False,accurate,1,1,False,False,13,False,True,,,,,,,,,,,
3088,21616.0,21623.70000076294,21637.29999923706,0,13.599998474121094,21.299999237060547,21644.0,False,2,1,False,accurate,0,0,False,False,11,False,True,,,,,,,,,,,
3089,21623.0,21637.29999923706,21650.5,0,13.200000762939453,27.5,21651.0,False,3,2,False,accurate,0,0,False,False,10,False,True,,,,,,,,,,,
3090,21630.0,21650.5,21664.39999771118,0,13.89999771118164,34.39999771118164,21658.0,True,3,2,False,accurate,1,1,False,False,9,False,False,,,,,,,,,,,
3094,21658.0,21664.39999771118,21694.199993133545,0,29.79999542236328,36.19999313354492,21686.0,True,2,1,False,accurate,0,0,False,False,5,False,False,,,,,,,,,,,
3098,21686.0,21694.199993133545,21705.999992370605,0,11.799999237060547,19.99999237060547,21714.0,False,2,1,False,accurate,0,0,False,False,1,True,True,,,,,,,,,,,
3101,21707.0,21707.0,21724.20000076294,0,17.200000762939453,17.200000762939453,21735.0,False,1,0,False,accurate,0,0,False,False,98,False,True,,,,,,,,,,,
3103,21721.0,21724.20000076294,21736.09999847412,0,11.89999771118164,15.099998474121094,21749.0,False,2,1,False,accurate,0,0,False,False,96,False,True,,,,,,,,,,,
3104,21728.0,21736.09999847412,21751.499996185303,0,15.39999771118164,23.499996185302734,21756.0,False,2,1,False,accurate,0,0,False,False,95,False,True,,,,,,,,,,,
3105,21735.0,21751.499996185303,21768.099994659424,0,16.599998474121094,33.09999465942383,21763.0,True,3,2,False,accurate,0,0,False,False,94,False,False,,,,,,,,,,,
3108,21756.0,21768.099994659424,21783.599994659424,0,15.5,27.599994659423828,21784.0,False,2,1,False,accurate,1,1,False,False,91,False,True,,,,,,,,,,,
3109,21763.0,21783.599994659424,21796.099994659424,0,12.5,33.09999465942383,21791.0,True,3,2,False,accurate,0,0,False,False,90,False,False,,,,,,,,,,,
3113,21791.0,21796.099994659424,21809.199996948242,0,13.10000228881836,18.199996948242188,21819.0,False,2,1,False,accurate,0,0,False,False,86,False,True,,,,,,,,,,,
3114,21798.0,21809.199996948242,21823.699996948242,0,14.5,25.699996948242188,21826.0,False,2,1,False,accurate,0,0,False,False,85,False,True,,,,,,,,,,,
3116,21812.0,21823.699996948242,21836.0,0,12.300003051757812,24.0,21840.0,False,2,1,False,accurate,0,0,False,False,83,False,True,,,,,,,,,,,
3117,21819.0,21836.0,21851.20000076294,0,15.200000762939453,32.20000076293945,21847.0,True,3,2,False,accurate,0,0,False,False,82,False,False,,,,,,,,,,,
3121,21847.0,21851.20000076294,21862.59999847412,0,11.39999771118164,15.599998474121094,21875.0,False,2,1,False,accurate,0,0,False,False,78,False,True,,,,,,,,,,,
3124,21868.0,21868.0,21879.90000152588,0,11.900001525878906,11.900001525878906,21896.0,False,1,0,False,accurate,0,0,False,False,75,False,True,,,,,,,,,,,
3125,21875.0,21879.90000152588,21899.400005340576,0,19.500003814697266,24.400005340576172,21903.0,False,2,1,False,accurate,1,1,False,False,74,False,True,,,,,,,,,,,
3129,21903.0,21903.0,21915.90000152588,0,12.900001525878906,12.900001525878906,21931.0,False,1,0,False,accurate,0,0,False,False,70,False,True,,,,,,,,,,,
3131,21917.0,21917.0,21928.90000152588,0,11.900001525878906,11.900001525878906,21945.0,False,1,0,False,accurate,0,0,False,False,68,False,True,,,,,,,,,,,
3133,21931.0,21931.0,21942.89999771118,0,11.89999771118164,11.89999771118164,21959.0,False,1,0,False,accurate,1,1,False,False,66,False,True,,,,,,,,,,,
3134,21938.0,21942.89999771118,21955.60000228882,0,12.700004577636719,17.60000228881836,21966.0,False,2,1,False,accurate,1,1,False,False,65,False,True,,,,,,,,,,,
3136,21952.0,21955.60000228882,21967.0,0,11.39999771118164,15.0,21980.0,False,2,1,False,accurate,0,0,False,False,63,False,True,,,,,,,,,,,
3137,21959.0,21967.0,21988.70000076294,0,21.700000762939453,29.700000762939453,21987.0,True,2,1,False,accurate,1,1,False,False,62,False,False,,,,,,,,,,,
3141,21987.0,21988.70000076294,22003.10000228882,0,14.400001525878906,16.10000228881836,22015.0,False,2,1,False,accurate,1,1,False,False,58,False,True,,,,,,,,,,,
3145,22015.0,22015.0,22028.5,0,13.5,13.5,22043.0,False,1,0,False,accurate,1,1,False,False,54,False,True,,,,,,,,,,,
3146,22022.0,22028.5,22039.10000228882,0,10.60000228881836,17.10000228881836,22050.0,False,2,1,False,accurate,0,0,False,False,53,False,True,,,,,,,,,,,
3152,22064.0,22064.0,22075.39999771118,0,11.39999771118164,11.39999771118164,22092.0,False,1,0,False,accurate,0,0,False,False,47,False,True,,,,,,,,,,,
3154,22078.0,22078.0,22094.999996185303,0,16.999996185302734,16.999996185302734,22106.0,False,1,0,False,accurate,0,0,False,False,45,False,True,,,,,,,,,,,
3157,22099.0,22099.0,22114.899993896484,0,15.899993896484375,15.899993896484375,22127.0,False,1,0,False,accurate,0,0,False,False,42,False,True,,,,,,,,,,,
3160,22120.0,22120.0,22131.60000228882,0,11.60000228881836,11.60000228881836,22148.0,False,1,0,False,accurate,0,0,False,False,39,False,True,,,,,,,,,,,
3165,22155.0,22155.0,22169.09999847412,0,14.099998474121094,14.099998474121094,22183.0,False,1,0,False,accurate,0,0,False,False,34,False,True,,,,,,,,,,,
3166,22162.0,22169.09999847412,22181.699996948242,0,12.599998474121094,19.699996948242188,22190.0,False,2,1,False,accurate,1,1,False,False,33,False,True,,,,,,,,,,,
3168,22176.0,22181.699996948242,22195.799995422363,0,14.099998474121094,19.79999542236328,22204.0,False,2,1,False,accurate,0,0,False,False,31,False,True,,,,,,,,,,,
3174,22218.0,22218.0,22229.5,0,11.5,11.5,22246.0,False,1,0,False,accurate,0,0,False,False,25,False,True,,,,,,,,,,,
3175,22225.0,22229.5,22242.90000152588,0,13.400001525878906,17.900001525878906,22253.0,False,2,1,False,accurate,0,0,False,False,24,False,True,,,,,,,,,,,
3179,22253.0,22253.0,22265.29999923706,0,12.299999237060547,12.299999237060547,22281.0,False,1,0,False,accurate,0,0,False,False,20,False,True,,,,,,,,,,,
3197,22379.0,22379.0,22395.5,0,16.5,16.5,22407.0,False,1,0,False,accurate,1,1,False,False,2,True,True,,,,,,,,,,,
3199,22393.0,22395.5,22407.5,0,12.0,14.5,22421.0,False,2,1,False,accurate,0,0,False,True,0,True,True,,,,,,,,,,,
3205,22435.0,22435.0,22465.77249908964,0,30.772499089638384,30.772499089638586,22463.0,True,1,0,False,accurate,0,0,False,False,94,False,False,,,,,,,,,,,
3209,22463.0,22465.77249908964,22486.903750186364,0,21.131251096725464,23.90375018636405,22491.0,False,2,1,False,accurate,0,0,False,False,90,False,True,,,,,,,,,,,
3215,22505.0,22505.0,22518.00374903679,0,13.00374903678894,13.003749036790396,22533.0,False,1,0,False,accurate,0,0,False,False,84,False,True,,,,,,,,,,,
3219,22533.0,22533.0,22549.84375082309,0,16.84375082309047,16.843750823089067,22561.0,False,1,0,False,accurate,0,0,False,False,80,False,True,,,,,,,,,,,
3221,22547.0,22549.84375082309,22566.047494185517,0,16.203743362426756,19.04749418551728,22575.0,False,2,1,False,accurate,0,0,False,False,78,False,True,,,,,,,,,,,
3228,22596.0,22596.0,22613.5,0,17.5,17.5,22624.0,False,1,0,False,accurate,0,0,False,False,71,False,True,,,,,,,,,,,
3229,22603.0,22613.5,22625.700004577637,0,12.200004577636719,22.70000457763672,22631.0,False,2,1,False,accurate,0,0,False,False,70,False,True,,,,,,,,,,,
3230,22610.0,22625.700004577637,22636.800003051758,0,11.099998474121094,26.800003051757812,22638.0,False,3,2,False,accurate,0,0,False,False,69,False,True,,,,,,,,,,,
3232,22624.0,22636.800003051758,22650.200004577637,0,13.400001525878906,26.20000457763672,22652.0,False,3,2,False,accurate,0,0,False,False,67,False,True,,,,,,,,,,,
3237,22659.0,22659.0,22676.000003814697,0,17.000003814697266,17.000003814697266,22687.0,False,1,0,False,accurate,0,0,False,False,62,False,True,,,,,,,,,,,
3240,22680.0,22680.0,22698.20000076294,0,18.200000762939453,18.200000762939453,22708.0,False,1,0,False,accurate,0,0,False,False,59,False,True,,,,,,,,,,,
3243,22701.0,22701.0,22718.59999847412,0,17.599998474121094,17.599998474121094,22729.0,False,1,0,False,accurate,0,0,False,False,56,False,True,,,,,,,,,,,
3244,22708.0,22718.59999847412,22739.59999847412,0,21.0,31.599998474121094,22736.0,True,2,1,False,accurate,0,0,False,False,55,False,False,,,,,,,,,,,
3246,22722.0,22739.59999847412,22760.199996948242,0,20.599998474121094,38.19999694824219,22750.0,True,2,1,False,accurate,0,0,False,False,53,False,False,,,,,,,,,,,
3247,22729.0,22760.199996948242,22771.499996185303,0,11.299999237060547,42.499996185302734,22757.0,True,3,2,False,accurate,0,0,False,False,52,False,False,,,,,,,,,,,
3249,22743.0,22771.499996185303,22785.499992370605,0,13.999996185302734,42.49999237060547,22771.0,True,3,2,False,accurate,0,0,False,False,50,False,False,,,,,,,,,,,
3250,22750.0,22785.499992370605,22799.099990844727,0,13.599998474121094,49.09999084472656,22778.0,True,4,3,False,accurate,0,0,False,False,49,False,False,,,,,,,,,,,
3255,22785.0,22799.099990844727,22811.49998855591,0,12.39999771118164,26.499988555908203,22813.0,False,3,2,False,accurate,0,0,False,False,44,False,True,,,,,,,,,,,
3256,22792.0,22811.49998855591,22827.699989318848,0,16.200000762939453,35.699989318847656,22820.0,True,3,2,False,accurate,0,0,False,False,43,False,False,,,,,,,,,,,
3257,22799.0,22827.699989318848,22840.699989318848,0,13.0,41.699989318847656,22827.0,True,4,3,False,accurate,1,1,False,False,42,False,False,,,,,,,,,,,
3258,22806.0,22840.699989318848,22852.299991607666,0,11.60000228881836,46.299991607666016,22834.0,True,4,3,False,accurate,0,0,False,False,41,False,False,,,,,,,,,,,
3261,22827.0,22852.299991607666,22869.899993896484,0,17.60000228881836,42.899993896484375,22855.0,True,4,3,False,accurate,0,0,False,False,38,False,False,,,,,,,,,,,
3262,22834.0,22869.899993896484,22882.999992370605,0,13.099998474121094,48.99999237060547,22862.0,True,4,3,False,accurate,0,0,False,False,37,False,False,,,,,,,,,,,
3263,22841.0,22882.999992370605,22895.299991607666,0,12.299999237060547,54.299991607666016,22869.0,True,4,3,False,accurate,0,0,False,False,36,False,False,,,,,,,,,,,
3264,22848.0,22895.299991607666,22909.29998779297,0,13.999996185302734,61.29998779296875,22876.0,True,5,4,False,accurate,0,0,False,False,35,False,False,,,,,,,,,,,
3267,22869.0,22909.29998779297,22924.89998626709,0,15.599998474121094,55.899986267089844,22897.0,True,5,4,False,accurate,0,0,False,False,32,False,False,,,,,,,,,,,
3272,22904.0,22924.89998626709,22941.09998703003,0,16.200000762939453,37.0999870300293,22932.0,True,3,2,False,accurate,1,1,False,False,27,False,False,,,,,,,,,,,
3276,22932.0,22941.09998703003,22956.79998397827,0,15.699996948242188,24.799983978271484,22960.0,False,2,1,False,accurate,1,1,False,False,23,False,True,,,,,,,,,,,
3281,22967.0,22967.0,22982.5,0,15.5,15.5,22995.0,False,1,0,False,accurate,0,0,False,False,18,False,True,,,,,,,,,,,
3283,22981.0,22982.5,22997.79999923706,0,15.299999237060547,16.799999237060547,23009.0,False,2,1,False,accurate,1,1,False,False,16,False,True,,,,,,,,,,,
3284,22988.0,22997.79999923706,23029.699996948242,0,31.89999771118164,41.69999694824219,23016.0,True,2,1,False,accurate,0,0,False,False,15,False,False,,,,,,,,,,,
3285,22995.0,23029.699996948242,23054.40000152588,0,24.70000457763672,59.400001525878906,23023.0,True,3,2,False,accurate,0,0,False,False,14,False,False,,,,,,,,,,,
3287,23009.0,23054.40000152588,23074.60000228882,0,20.200000762939453,65.60000228881836,23037.0,True,3,2,False,accurate,0,0,False,False,12,False,False,,,,,,,,,,,
3292,23044.0,23074.60000228882,23108.60000228882,0,34.0,64.60000228881836,23072.0,True,3,2,False,accurate,0,0,False,False,7,False,False,,,,,,,,,,,
3294,23058.0,23108.60000228882,23129.700004577637,0,21.10000228881836,71.70000457763672,23086.0,True,3,2,False,accurate,0,0,False,False,5,False,False,,,,,,,,,,,
3295,23065.0,23129.700004577637,23159.700004577637,0,30.0,94.70000457763672,23093.0,True,4,3,False,accurate,0,0,False,False,4,False,False,,,,,,,,,,,
3296,23072.0,23159.700004577637,23181.700004577637,0,22.0,109.70000457763672,23100.0,True,5,4,False,accurate,0,0,False,False,3,False,False,,,,,,,,,,,
3298,23086.0,23181.700004577637,23200.900005340576,0,19.200000762939453,114.90000534057617,23114.0,True,5,4,False,accurate,0,0,False,False,1,True,False,,,,,,,,,,,
3299,23093.0,23200.900005340576,23221.500007629395,0,20.60000228881836,128.50000762939453,23121.0,True,6,5,True,accurate,0,0,False,True,0,True,False,,,,,,,,,,,
3303,23121.0,23221.500007629395,23234.800006866455,0,13.299999237060547,113.80000686645508,23149.0,True,6,5,True,accurate,0,0,False,False,96,False,False,,,,,,,,,,,
3308,23156.0,23234.800006866455,23248.900009155273,0,14.10000228881836,92.90000915527344,23184.0,True,6,5,True,accurate,1,1,False,False,91,False,False,,,,,,,,,,,
3316,23212.0,23248.900009155273,23262.700008392334,0,13.799999237060547,50.700008392333984,23240.0,True,4,3,False,accurate,0,0,False,False,83,False,False,,,,,,,,,,,
3318,23226.0,23262.700008392334,23277.300006866455,0,14.599998474121094,51.30000686645508,23254.0,True,4,3,False,accurate,0,0,False,False,81,False,False,,,,,,,,,,,
3319,23233.0,23277.300006866455,23291.000003814697,0,13.699996948242188,58.000003814697266,23261.0,True,5,4,False,accurate,1,1,False,False,80,False,False,,,,,,,,,,,
3320,23240.0,23291.000003814697,23310.600006103516,0,19.60000228881836,70.60000610351562,23268.0,True,5,4,False,accurate,0,0,False,False,79,False,False,,,,,,,,,,,
3323,23261.0,23310.600006103516,23321.900005340576,0,11.299999237060547,60.90000534057617,23289.0,True,5,4,False,accurate,0,0,False,False,76,False,False,,,,,,,,,,,
3326,23282.0,23321.900005340576,23335.000007629395,0,13.10000228881836,53.00000762939453,23310.0,True,4,3,False,accurate,0,0,False,False,73,False,False,,,,,,,,,,,
3333,23331.0,23335.000007629395,23347.500007629395,0,12.5,16.50000762939453,23359.0,False,2,1,False,accurate,0,0,False,False,66,False,True,,,,,,,,,,,
3341,23387.0,23387.0,23400.5,0,13.5,13.5,23415.0,False,1,0,False,accurate,1,1,False,False,58,False,True,,,,,,,,,,,
3342,23394.0,23400.5,23412.60000228882,0,12.10000228881836,18.60000228881836,23422.0,False,2,1,False,accurate,0,0,False,False,57,False,True,,,,,,,,,,,
3346,23422.0,23422.0,23435.699996948242,0,13.699996948242188,13.699996948242188,23450.0,False,1,0,False,accurate,1,1,False,False,53,False,True,,,,,,,,,,,
3347,23429.0,23435.699996948242,23446.499996185303,0,10.799999237060547,17.499996185302734,23457.0,False,2,1,False,accurate,1,1,False,False,52,False,True,,,,,,,,,,,
3349,23443.0,23446.499996185303,23461.199996948242,0,14.700000762939453,18.199996948242188,23471.0,False,2,1,False,accurate,0,0,False,False,50,False,True,,,,,,,,,,,
3350,23450.0,23461.199996948242,23476.499996185303,0,15.299999237060547,26.499996185302734,23478.0,False,2,1,False,accurate,1,1,False,False,49,False,True,,,,,,,,,,,
3355,23485.0,23485.0,23497.39999771118,0,12.39999771118164,12.39999771118164,23513.0,False,1,0,False,accurate,0,0,False,False,44,False,True,,,,,,,,,,,
3356,23492.0,23497.39999771118,23513.79999923706,0,16.400001525878906,21.799999237060547,23520.0,False,2,1,False,accurate,1,1,False,False,43,False,True,,,,,,,,,,,
3360,23520.0,23520.0,23539.209998703,0,19.209998703002928,19.209998703001474,23548.0,False,1,0,False,accurate,0,0,False,False,39,False,True,,,,,,,,,,,
3364,23548.0,23548.0,23568.900001024405,0,20.900001024405153,20.900001024405356,23576.0,False,1,0,False,accurate,0,0,False,False,35,False,True,,,,,,,,,,,
3365,23555.0,23568.900001024405,23586.772923779685,0,17.872922755281184,31.77292377968479,23583.0,True,2,1,False,accurate,0,0,False,False,34,False,False,,,,,,,,,,,
3368,23576.0,23586.772923779685,23618.74626189212,0,31.973338112433794,42.746261892119946,23604.0,True,2,1,False,accurate,1,1,False,False,31,False,False,,,,,,,,,,,
3375,23625.0,23625.0,23645.704997110366,0,20.704997110366822,20.704997110366094,23653.0,False,1,0,False,accurate,0,0,False,False,24,False,True,,,,,,,,,,,
3377,23639.0,23645.704997110366,23659.432498868504,0,13.727501758138327,20.4324988685039,23667.0,False,2,1,False,accurate,0,0,False,False,22,False,True,,,,,,,,,,,
3380,23660.0,23660.0,23672.953331669767,0,12.953331669767692,12.953331669767067,23688.0,False,1,0,False,accurate,0,0,False,False,19,False,True,,,,,,,,,,,
3381,23667.0,23672.953331669767,23684.91583166977,0,11.962499999999999,17.915831669768522,23695.0,False,2,1,False,accurate,0,0,False,False,18,False,True,,,,,,,,,,,
3383,23681.0,23684.91583166977,23702.41166109192,0,17.495829422151044,21.411661091919086,23709.0,False,2,1,False,accurate,0,0,False,False,16,False,True,,,,,,,,,,,
3388,23716.0,23716.0,23726.79999923706,0,10.799999237060547,10.799999237060547,23744.0,False,1,0,False,accurate,0,0,False,False,11,False,True,,,,,,,,,,,
3390,23730.0,23730.0,23744.29999923706,0,14.299999237060547,14.299999237060547,23758.0,False,1,0,False,accurate,1,1,False,False,9,False,True,,,,,,,,,,,
3392,23744.0,23744.29999923706,23758.09999847412,0,13.799999237060547,14.099998474121094,23772.0,False,2,1,False,accurate,0,0,False,False,7,False,True,,,,,,,,,,,
3393,23751.0,23758.09999847412,23769.59999847412,0,11.5,18.599998474121094,23779.0,False,2,1,False,accurate,0,0,False,False,6,False,True,,,,,,,,,,,
3394,23758.0,23769.59999847412,23785.09999847412,0,15.5,27.099998474121094,23786.0,False,3,2,False,accurate,1,1,False,False,5,False,True,,,,,,,,,,,
3395,23765.0,23785.09999847412,23797.39999771118,0,12.299999237060547,32.39999771118164,23793.0,True,3,2,False,accurate,1,1,False,False,4,False,False,,,,,,,,,,,
3397,23779.0,23797.39999771118,23808.79999923706,0,11.400001525878906,29.799999237060547,23807.0,True,3,2,False,accurate,0,0,False,False,2,True,False,,,,,,,,,,,
3398,23786.0,23808.79999923706,23826.39999771118,0,17.599998474121094,40.39999771118164,23814.0,True,3,2,False,accurate,1,1,False,False,1,True,False,,,,,,,,,,,
3399,23793.0,23826.39999771118,23843.999996185303,0,17.599998474121094,50.999996185302734,23821.0,True,4,3,False,accurate,0,0,False,True,0,True,False,,,,,,,,,,,
3400,23800.0,23843.999996185303,23856.699993133545,0,12.699996948242188,56.69999313354492,23828.0,True,4,3,False,accurate,1,1,False,False,99,False,False,,,,,,,,,,,
3405,23835.0,23856.699993133545,23869.399993896484,0,12.700000762939453,34.399993896484375,23863.0,True,3,2,False,accurate,0,0,False,False,94,False,False,,,,,,,,,,,
3407,23849.0,23869.399993896484,23890.699993133545,0,21.299999237060547,41.69999313354492,23877.0,True,3,2,False,accurate,1,1,False,False,92,False,False,,,,,,,,,,,
3409,23863.0,23890.699993133545,23908.899993896484,0,18.200000762939453,45.899993896484375,23891.0,True,3,2,False,accurate,0,0,False,False,90,False,False,,,,,,,,,,,
3410,23870.0,23908.899993896484,23921.399993896484,0,12.5,51.399993896484375,23898.0,True,3,2,False,accurate,0,0,False,False,89,False,False,,,,,,,,,,,
3411,23877.0,23921.399993896484,23935.199993133545,0,13.799999237060547,58.19999313354492,23905.0,True,4,3,False,accurate,1,1,False,False,88,False,False,,,,,,,,,,,
3412,23884.0,23935.199993133545,23952.499992370605,0,17.299999237060547,68.49999237060547,23912.0,True,5,4,False,accurate,0,0,False,False,87,False,False,,,,,,,,,,,
3416,23912.0,23952.499992370605,23965.799995422363,0,13.300003051757812,53.79999542236328,23940.0,True,4,3,False,accurate,0,0,False,False,83,False,False,,,,,,,,,,,
3418,23926.0,23965.799995422363,23979.499996185303,0,13.700000762939453,53.499996185302734,23954.0,True,4,3,False,accurate,0,0,False,False,81,False,False,,,,,,,,,,,
3420,23940.0,23979.499996185303,23991.399993896484,0,11.89999771118164,51.399993896484375,23968.0,True,4,3,False,accurate,1,1,False,False,79,False,False,,,,,,,,,,,
3421,23947.0,23991.399993896484,24005.899993896484,0,14.5,58.899993896484375,23975.0,True,5,4,False,accurate,0,0,False,False,78,False,False,,,,,,,,,,,
3425,23975.0,24005.899993896484,24024.599990844727,0,18.699996948242188,49.59999084472656,24003.0,True,4,3,False,accurate,1,1,False,False,74,False,False,,,,,,,,,,,
3430,24010.0,24024.599990844727,24040.999992370605,0,16.400001525878906,30.99999237060547,24038.0,True,2,1,False,accurate,1,1,False,False,69,False,False,,,,,,,,,,,
3432,24024.0,24040.999992370605,24055.599994659424,0,14.60000228881836,31.599994659423828,24052.0,True,3,2,False,accurate,0,0,False,False,67,False,False,,,,,,,,,,,
3437,24059.0,24059.0,24070.70000076294,0,11.700000762939453,11.700000762939453,24087.0,False,1,0,False,accurate,1,1,False,False,62,False,True,,,,,,,,,,,
3439,24073.0,24073.0,24089.000003814697,0,16.000003814697266,16.000003814697266,24101.0,False,1,0,False,accurate,0,0,False,False,60,False,True,,,,,,,,,,,
3444,24108.0,24108.0,24127.70000076294,0,19.700000762939453,19.700000762939453,24136.0,False,1,0,False,accurate,0,0,False,False,55,False,True,,,,,,,,,,,
3445,24115.0,24127.70000076294,24143.5,0,15.799999237060547,28.5,24143.0,True,2,1,False,accurate,1,1,False,False,54,False,False,,,,,,,,,,,
3448,24136.0,24143.5,24155.5,0,12.0,19.5,24164.0,False,2,1,False,accurate,1,1,False,False,51,False,True,,,,,,,,,,,
3449,24143.0,24155.5,24166.10000228882,0,10.60000228881836,23.10000228881836,24171.0,False,3,2,False,accurate,0,0,False,False,50,False,True,,,,,,,,,,,
3453,24171.0,24171.0,24186.29999923706,0,15.299999237060547,15.299999237060547,24199.0,False,1,0,False,accurate,1,1,False,False,46,False,True,,,,,,,,,,,
3458,24206.0,24206.0,24218.29999923706,0,12.299999237060547,12.299999237060547,24234.0,False,1,0,False,accurate,1,1,False,False,41,False,True,,,,,,,,,,,
3462,24234.0,24234.0,24248.90000152588,0,14.900001525878906,14.900001525878906,24262.0,False,1,0,False,accurate,0,0,False,False,37,False,True,,,,,,,,,,,
3463,24241.0,24248.90000152588,24263.000003814697,0,14.10000228881836,22.000003814697266,24269.0,False,2,1,False,accurate,0,0,False,False,36,False,True,,,,,,,,,,,
3465,24255.0,24263.000003814697,24280.200004577637,0,17.200000762939453,25.20000457763672,24283.0,False,2,1,False,accurate,0,0,False,False,34,False,True,,,,,,,,,,,
3466,24262.0,24280.200004577637,24293.20000076294,0,12.999996185302734,31.200000762939453,24290.0,True,3,2,False,accurate,0,0,False,False,33,False,False,,,,,,,,,,,
3467,24269.0,24293.20000076294,24311.5,0,18.299999237060547,42.5,24297.0,True,3,2,False,accurate,0,0,False,False,32,False,False,,,,,,,,,,,
3469,24283.0,24311.5,24325.5,0,14.0,42.5,24311.0,True,3,2,False,accurate,0,0,False,False,30,False,False,,,,,,,,,,,
3471,24297.0,24325.5,24339.29999923706,0,13.799999237060547,42.29999923706055,24325.0,True,3,2,False,accurate,0,0,False,False,28,False,False,,,,,,,,,,,
3477,24339.0,24339.29999923706,24352.29999923706,0,13.0,13.299999237060547,24367.0,False,2,1,False,accurate,0,0,False,False,22,False,True,,,,,,,,,,,
3480,24360.0,24360.0,24372.800003051758,0,12.800003051757812,12.800003051757812,24388.0,False,1,0,False,accurate,0,0,False,False,19,False,True,,,,,,,,,,,
3482,24374.0,24374.0,24391.09999847412,0,17.099998474121094,17.099998474121094,24402.0,False,1,0,False,accurate,0,0,False,False,17,False,True,,,,,,,,,,,
3484,24388.0,24391.09999847412,24404.799995422363,0,13.699996948242188,16.79999542236328,24416.0,False,2,1,False,accurate,0,0,False,False,15,False,True,,,,,,,,,,,
3486,24402.0,24404.799995422363,24416.999996185303,0,12.200000762939453,14.999996185302734,24430.0,False,2,1,False,accurate,0,0,False,False,13,False,True,,,,,,,,,,,
3488,24416.0,24416.999996185303,24429.299995422363,0,12.299999237060547,13.299995422363281,24444.0,False,2,1,False,accurate,0,0,False,False,11,False,True,,,,,,,,,,,
3491,24437.0,24437.0,24451.199996948242,0,14.199996948242188,14.199996948242188,24465.0,False,1,0,False,accurate,0,0,False,False,8,False,True,,,,,,,,,,,
3492,24444.0,24451.199996948242,24465.29999923706,0,14.10000228881836,21.299999237060547,24472.0,False,2,1,False,accurate,0,0,False,False,7,False,True,,,,,,,,,,,
3493,24451.0,24465.29999923706,24482.09999847412,0,16.799999237060547,31.099998474121094,24479.0,True,3,2,False,accurate,0,0,False,False,6,False,False,,,,,,,,,,,
3494,24458.0,24482.09999847412,24494.999996185303,0,12.89999771118164,36.999996185302734,24486.0,True,3,2,False,accurate,0,0,False,False,5,False,False,,,,,,,,,,,
3495,24465.0,24494.999996185303,24509.499996185303,0,14.5,44.499996185302734,24493.0,True,4,3,False,accurate,0,0,False,False,4,False,False,,,,,,,,,,,
3498,24486.0,24509.499996185303,24527.199993133545,0,17.699996948242188,41.19999313354492,24514.0,True,3,2,False,accurate,1,1,False,False,1,True,False,,,,,,,,,,,
3500,24500.0,24527.199993133545,24541.799991607666,0,14.599998474121094,41.799991607666016,24528.0,True,3,2,False,accurate,0,0,False,False,99,False,False,,,,,,,,,,,
3501,24507.0,24541.799991607666,24555.399993896484,0,13.60000228881836,48.399993896484375,24535.0,True,4,3,False,accurate,0,0,False,False,98,False,False,,,,,,,,,,,
3502,24514.0,24555.399993896484,24567.899993896484,0,12.5,53.899993896484375,24542.0,True,4,3,False,accurate,0,0,False,False,97,False,False,,,,,,,,,,,
3503,24521.0,24567.899993896484,24580.399993896484,0,12.5,59.399993896484375,24549.0,True,5,4,False,accurate,0,0,False,False,96,False,False,,,,,,,,,,,
3506,24542.0,24580.399993896484,24593.999992370605,0,13.599998474121094,51.99999237060547,24570.0,True,4,3,False,accurate,0,0,False,False,93,False,False,,,,,,,,,,,
3509,24563.0,24593.999992370605,24610.299995422363,0,16.300003051757812,47.29999542236328,24591.0,True,4,3,False,accurate,0,0,False,False,90,False,False,,,,,,,,,,,
3510,24570.0,24610.299995422363,24624.89999771118,0,14.60000228881836,54.89999771118164,24598.0,True,4,3,False,accurate,0,0,False,False,89,False,False,,,,,,,,,,,
3513,24591.0,24624.89999771118,24638.699996948242,0,13.799999237060547,47.69999694824219,24619.0,True,4,3,False,accurate,0,0,False,False,86,False,False,,,,,,,,,,,
3515,24605.0,24638.699996948242,24649.799995422363,0,11.099998474121094,44.79999542236328,24633.0,True,4,3,False,accurate,0,0,False,False,84,False,False,,,,,,,,,,,
3517,24619.0,24649.799995422363,24666.299995422363,0,16.5,47.29999542236328,24647.0,True,4,3,False,accurate,0,0,False,False,82,False,False,,,,,,,,,,,
3519,24633.0,24666.299995422363,24679.099994659424,0,12.799999237060547,46.09999465942383,24661.0,True,4,3,False,accurate,0,0,False,False,80,False,False,,,,,,,,,,,
3522,24654.0,24679.099994659424,24696.50166523099,0,17.40167057156566,42.5016652309896,24682.0,True,3,2,False,accurate,0,0,False,False,77,False,False,,,,,,,,,,,
3530,24710.0,24710.0,24736.19499759237,0,26.194997592369738,26.194997592370783,24738.0,False,1,0,False,accurate,1,1,False,False,69,False,True,,,,,,,,,,,
3534,24738.0,24738.0,24756.987500883242,0,18.98750088324149,18.98750088324232,24766.0,False,1,0,False,accurate,0,0,False,False,65,False,True,,,,,,,,,,,
3537,24759.0,24759.0,24775.256249906124,0,16.256249906122683,16.25624990612414,24787.0,False,1,0,False,accurate,0,0,False,False,62,False,True,,,,,,,,,,,
3538,24766.0,24775.256249906124,24804.866250802577,0,29.610000896453858,38.86625080257727,24794.0,True,2,1,False,accurate,1,1,False,False,61,False,False,,,,,,,,,,,
3542,24794.0,24804.866250802577,24820.1062524425,0,15.240001639922461,26.10625244249968,24822.0,False,2,1,False,accurate,0,0,False,False,57,False,True,,,,,,,,,,,
3546,24822.0,24822.0,24842.20000076294,0,20.200000762939453,20.200000762939453,24850.0,False,1,0,False,accurate,1,1,False,False,53,False,True,,,,,,,,,,,
3550,24850.0,24850.0,24862.400005340576,0,12.400005340576172,12.400005340576172,24878.0,False,1,0,False,accurate,0,0,False,False,49,False,True,,,,,,,,,,,
3552,24864.0,24864.0,24875.79999923706,0,11.799999237060547,11.799999237060547,24892.0,False,1,0,False,accurate,0,0,False,False,47,False,True,,,,,,,,,,,
3553,24871.0,24875.79999923706,24889.79999923706,0,14.0,18.799999237060547,24899.0,False,2,1,False,accurate,0,0,False,False,46,False,True,,,,,,,,,,,
3556,24892.0,24892.0,24903.60000228882,0,11.60000228881836,11.60000228881836,24920.0,False,1,0,False,accurate,0,0,False,False,43,False,True,,,,,,,,,,,
3557,24899.0,24903.60000228882,24917.800003051758,0,14.200000762939453,18.800003051757812,24927.0,False,2,1,False,accurate,1,1,False,False,42,False,True,,,,,,,,,,,
3558,24906.0,24917.800003051758,24935.200004577637,0,17.400001525878906,29.20000457763672,24934.0,True,2,1,False,accurate,0,0,False,False,41,False,False,,,,,,,,,,,
3559,24913.0,24935.200004577637,24948.60000228882,0,13.39999771118164,35.60000228881836,24941.0,True,3,2,False,accurate,1,1,False,False,40,False,False,,,,,,,,,,,
3563,24941.0,24948.60000228882,24968.20000076294,0,19.599998474121094,27.200000762939453,24969.0,False,2,1,False,accurate,0,0,False,False,36,False,True,,,,,,,,,,,
3565,24955.0,24968.20000076294,24985.70000076294,0,17.5,30.700000762939453,24983.0,True,2,1,False,accurate,1,1,False,False,34,False,False,,,,,,,,,,,
3573,25011.0,25011.0,25024.70000076294,0,13.700000762939453,13.700000762939453,25039.0,False,1,0,False,accurate,1,1,False,False,26,False,True,,,,,,,,,,,
3574,25018.0,25024.70000076294,25040.79999923706,0,16.099998474121094,22.799999237060547,25046.0,False,2,1,False,accurate,1,1,False,False,25,False,True,,,,,,,,,,,
3576,25032.0,25040.79999923706,25054.0,0,13.200000762939453,22.0,25060.0,False,2,1,False,accurate,0,0,False,False,23,False,True,,,,,,,,,,,
3581,25067.0,25067.0,25078.39999771118,0,11.39999771118164,11.39999771118164,25095.0,False,1,0,False,accurate,0,0,False,False,18,False,True,,,,,,,,,,,
3584,25088.0,25088.0,25098.300003051758,0,10.300003051757812,10.300003051757812,25116.0,False,1,0,False,accurate,0,0,False,False,15,False,True,,,,,,,,,,,
3589,25123.0,25123.0,25141.0,0,18.0,18.0,25151.0,False,1,0,False,accurate,0,0,False,False,10,False,True,,,,,,,,,,,
3590,25130.0,25141.0,25153.60000228882,0,12.60000228881836,23.60000228881836,25158.0,False,2,1,False,accurate,0,0,False,False,9,False,True,,,,,,,,,,,
3591,25137.0,25153.60000228882,25168.600006103516,0,15.000003814697266,31.600006103515625,25165.0,True,3,2,False,accurate,1,1,False,False,8,False,False,,,,,,,,,,,
3598,25186.0,25186.0,25198.0,0,12.0,12.0,25214.0,False,1,0,False,accurate,0,0,False,False,1,True,True,,,,,,,,,,,
3600,25200.0,25200.0,25218.100006103516,0,18.100006103515625,18.100006103515625,25228.0,False,1,0,False,accurate,0,0,False,False,99,False,True,,,,,,,,,,,
3603,25221.0,25221.0,25236.899993896484,0,15.899993896484375,15.899993896484375,25249.0,False,1,0,False,accurate,0,0,False,False,96,False,True,,,,,,,,,,,
3607,25249.0,25249.0,25262.29999923706,0,13.299999237060547,13.299999237060547,25277.0,False,1,0,False,accurate,1,1,False,False,92,False,True,,,,,,,,,,,
3612,25284.0,25284.0,25296.59999847412,0,12.599998474121094,12.599998474121094,25312.0,False,1,0,False,accurate,0,0,False,False,87,False,True,,,,,,,,,,,
3614,25298.0,25298.0,25310.60000228882,0,12.60000228881836,12.60000228881836,25326.0,False,1,0,False,accurate,1,1,False,False,85,False,True,,,,,,,,,,,
3615,25305.0,25310.60000228882,25329.20000076294,0,18.599998474121094,24.200000762939453,25333.0,False,2,1,False,accurate,0,0,False,False,84,False,True,,,,,,,,,,,
3619,25333.0,25333.0,25346.40000152588,0,13.400001525878906,13.400001525878906,25361.0,False,1,0,False,accurate,0,0,False,False,80,False,True,,,,,,,,,,,
3621,25347.0,25347.0,25363.300003051758,0,16.300003051757812,16.300003051757812,25375.0,False,1,0,False,accurate,0,0,False,False,78,False,True,,,,,,,,,,,
3622,25354.0,25363.300003051758,25379.900005340576,0,16.60000228881836,25.900005340576172,25382.0,False,2,1,False,accurate,0,0,False,False,77,False,True,,,,,,,,,,,
3624,25368.0,25379.900005340576,25395.000007629395,0,15.10000228881836,27.00000762939453,25396.0,False,2,1,False,accurate,0,0,False,False,75,False,True,,,,,,,,,,,
3625,25375.0,25395.000007629395,25413.700008392334,0,18.700000762939453,38.700008392333984,25403.0,True,3,2,False,accurate,1,1,False,False,74,False,False,,,,,,,,,,,
3627,25389.0,25413.700008392334,25430.700008392334,0,17.0,41.700008392333984,25417.0,True,3,2,False,accurate,1,1,False,False,72,False,False,,,,,,,,,,,
3628,25396.0,25430.700008392334,25444.000007629395,0,13.299999237060547,48.00000762939453,25424.0,True,3,2,False,accurate,1,1,False,False,71,False,False,,,,,,,,,,,
3630,25410.0,25444.000007629395,25456.800006866455,0,12.799999237060547,46.80000686645508,25438.0,True,4,3,False,accurate,0,0,False,False,69,False,False,,,,,,,,,,,
3635,25445.0,25456.800006866455,25473.300003051758,0,16.499996185302734,28.300003051757812,25473.0,True,2,1,False,accurate,0,0,False,False,64,False,False,,,,,,,,,,,
3636,25452.0,25473.300003051758,25488.700004577637,0,15.400001525878906,36.70000457763672,25480.0,True,3,2,False,accurate,0,0,False,False,63,False,False,,,,,,,,,,,
3637,25459.0,25488.700004577637,25501.000003814697,0,12.299999237060547,42.000003814697266,25487.0,True,3,2,False,accurate,0,0,False,False,62,False,False,,,,,,,,,,,
3638,25466.0,25501.000003814697,25512.90000152588,0,11.89999771118164,46.900001525878906,25494.0,True,4,3,False,accurate,0,0,False,False,61,False,False,,,,,,,,,,,
3639,25473.0,25512.90000152588,25524.20000076294,0,11.299999237060547,51.20000076293945,25501.0,True,5,4,False,accurate,0,0,False,False,60,False,False,,,,,,,,,,,
3641,25487.0,25524.20000076294,25541.60000228882,0,17.400001525878906,54.60000228881836,25515.0,True,5,4,False,accurate,0,0,False,False,58,False,False,,,,,,,,,,,
3643,25501.0,25541.60000228882,25554.60000228882,0,13.0,53.60000228881836,25529.0,True,5,4,False,accurate,0,0,False,False,56,False,False,,,,,,,,,,,
3647,25529.0,25554.60000228882,25568.200004577637,0,13.60000228881836,39.20000457763672,25557.0,True,3,2,False,accurate,1,1,False,False,52,False,False,,,,,,,,,,,
3648,25536.0,25568.200004577637,25588.900005340576,0,20.700000762939453,52.90000534057617,25564.0,True,4,3,False,accurate,0,0,False,False,51,False,False,,,,,,,,,,,
3651,25557.0,25588.900005340576,25602.300003051758,0,13.39999771118164,45.30000305175781,25585.0,True,3,2,False,accurate,1,1,False,False,48,False,False,,,,,,,,,,,
3655,25585.0,25602.300003051758,25614.60000228882,0,12.299999237060547,29.60000228881836,25613.0,True,3,2,False,accurate,1,1,False,False,44,False,False,,,,,,,,,,,
3659,25613.0,25614.60000228882,25633.300003051758,0,18.700000762939453,20.300003051757812,25641.0,False,2,1,False,accurate,0,0,False,False,40,False,True,,,,,,,,,,,
3660,25620.0,25633.300003051758,25648.5,0,15.199996948242188,28.5,25648.0,True,2,1,False,accurate,1,1,False,False,39,False,False,,,,,,,,,,,
3662,25634.0,25648.5,25663.59999847412,0,15.099998474121094,29.599998474121094,25662.0,True,2,1,False,accurate,0,0,False,False,37,False,False,,,,,,,,,,,
3663,25641.0,25663.59999847412,25675.09999847412,0,11.5,34.099998474121094,25669.0,True,3,2,False,accurate,0,0,False,False,36,False,False,,,,,,,,,,,
3665,25655.0,25675.09999847412,25691.699996948242,0,16.599998474121094,36.69999694824219,25683.0,True,3,2,False,accurate,0,0,False,False,34,False,False,,,,,,,,,,,
3666,25662.0,25691.699996948242,25704.699996948242,0,13.0,42.69999694824219,25690.0,True,4,3,False,accurate,0,0,False,False,33,False,False,,,,,,,,,,,
3667,25669.0,25704.699996948242,25721.59999847412,0,16.900001525878906,52.599998474121094,25697.0,True,4,3,False,accurate,0,0,False,False,32,False,False,,,,,,,,,,,
3669,25683.0,25721.59999847412,25732.39999771118,0,10.799999237060547,49.39999771118164,25711.0,True,4,3,False,accurate,0,0,False,False,30,False,False,,,,,,,,,,,
3673,25711.0,25732.39999771118,25743.699996948242,0,11.299999237060547,32.69999694824219,25739.0,True,3,2,False,accurate,0,0,False,False,26,False,False,,,,,,,,,,,
3677,25739.0,25743.699996948242,25761.89999771118,0,18.200000762939453,22.89999771118164,25767.0,False,2,1,False,accurate,0,0,False,False,22,False,True,,,,,,,,,,,
3680,25760.0,25761.89999771118,25785.359996414183,0,23.459998703002928,25.359996414183115,25788.0,False,2,1,False,accurate,0,0,False,False,19,False,True,,,,,,,,,,,
3684,25788.0,25788.0,25815.391671258014,0,27.391671258012412,27.391671258013957,25816.0,False,1,0,False,accurate,0,0,False,False,15,False,True,,,,,,,,,,,
3685,25795.0,25815.391671258014,25836.83917619288,0,21.44750493486727,41.83917619287968,25823.0,True,2,1,False,accurate,0,0,False,False,14,False,False,,,,,,,,,,,
3691,25837.0,25837.0,25852.170833486318,0,15.170833486318589,15.17083348631786,25865.0,False,1,0,False,accurate,1,1,False,False,8,False,True,,,,,,,,,,,
3692,25844.0,25852.170833486318,25870.80083245635,0,18.62999897003174,26.80083245634887,25872.0,False,2,1,False,accurate,0,0,False,False,7,False,True,,,,,,,,,,,
3697,25879.0,25879.0,25895.73791381389,0,16.73791381388904,16.737913813889463,25907.0,False,1,0,False,accurate,1,1,False,False,2,True,True,,,,,,,,,,,
3698,25886.0,25895.73791381389,25916.30041381389,0,20.5625,30.300413813889463,25914.0,True,2,1,False,accurate,0,0,False,False,1,True,False,,,,,,,,,,,
3700,25900.0,25916.30041381389,25931.822082232782,0,15.521668418894217,31.822082232782122,25928.0,True,2,1,False,accurate,0,0,False,False,99,False,False,,,,,,,,,,,
3701,25907.0,25931.822082232782,25950.0920772546,0,18.269995021820066,43.09207725460146,25935.0,True,3,2,False,accurate,0,0,False,False,98,False,False,,,,,,,,,,,
3707,25949.0,25950.0920772546,25962.292074202844,0,12.199996948242188,13.29207420284365,25977.0,False,2,1,False,accurate,0,0,False,False,92,False,True,,,,,,,,,,,
3708,25956.0,25962.292074202844,25979.292074202844,0,17.0,23.29207420284365,25984.0,False,2,1,False,accurate,1,1,False,False,91,False,True,,,,,,,,,,,
3710,25970.0,25979.292074202844,25994.992071151086,0,15.699996948242188,24.992071151085838,25998.0,False,2,1,False,accurate,0,0,False,False,89,False,True,,,,,,,,,,,
3711,25977.0,25994.992071151086,26007.892068862267,0,12.89999771118164,30.89206886226748,26005.0,True,3,2,False,accurate,0,0,False,False,88,False,False,,,,,,,,,,,
3713,25991.0,26007.892068862267,26021.49206733639,0,13.599998474121094,30.492067336388573,26019.0,True,3,2,False,accurate,0,0,False,False,86,False,False,,,,,,,,,,,
3714,25998.0,26021.49206733639,26034.092069625207,0,12.60000228881836,36.09206962520693,26026.0,True,3,2,False,accurate,1,1,False,False,85,False,False,,,,,,,,,,,
3715,26005.0,26034.092069625207,26051.292070388146,0,17.200000762939453,46.292070388146385,26033.0,True,4,3,False,accurate,1,1,False,False,84,False,False,,,,,,,,,,,
3717,26019.0,26051.292070388146,26072.192071914025,0,20.900001525878906,53.19207191402529,26047.0,True,4,3,False,accurate,1,1,False,False,82,False,False,,,,,,,,,,,
3718,26026.0,26072.192071914025,26083.692071914025,0,11.5,57.69207191402529,26054.0,True,4,3,False,accurate,0,0,False,False,81,False,False,,,,,,,,,,,
3722,26054.0,26083.692071914025,26098.292070388146,0,14.599998474121094,44.292070388146385,26082.0,True,3,2,False,accurate,0,0,False,False,77,False,False,,,,,,,,,,,
3723,26061.0,26098.292070388146,26113.092073439904,0,14.800003051757812,52.0920734399042,26089.0,True,4,3,False,accurate,0,0,False,False,76,False,False,,,,,,,,,,,
3724,26068.0,26113.092073439904,26125.692075728723,0,12.60000228881836,57.69207572872256,26096.0,True,5,4,False,accurate,0,0,False,False,75,False,False,,,,,,,,,,,
3727,26089.0,26125.692075728723,26137.992074965783,0,12.299999237060547,48.992074965783104,26117.0,True,4,3,False,accurate,0,0,False,False,72,False,False,,,,,,,,,,,
3729,26103.0,26137.992074965783,26151.392076491662,0,13.400001525878906,48.39207649166201,26131.0,True,4,3,False,accurate,1,1,False,False,70,False,False,,,,,,,,,,,
3731,26117.0,26151.392076491662,26170.392076491662,0,19.0,53.39207649166201,26145.0,True,4,3,False,accurate,0,0,False,False,68,False,False,,,,,,,,,,,
3732,26124.0,26170.392076491662,26190.29207801754,0,19.900001525878906,66.29207801754092,26152.0,True,5,4,False,accurate,0,0,False,False,67,False,False,,,,,,,,,,,
3735,26145.0,26190.29207801754,26209.19207954342,0,18.900001525878906,64.19207954341982,26173.0,True,4,3,False,accurate,0,0,False,False,64,False,False,,,,,,,,,,,
3738,26166.0,26209.19207954342,26227.0920810693,0,17.900001525878906,61.09208106929873,26194.0,True,4,3,False,accurate,0,0,False,False,61,False,False,,,,,,,,,,,
3739,26173.0,26227.0920810693,26238.892084121057,0,11.800003051757812,65.89208412105654,26201.0,True,4,3,False,accurate,0,0,False,False,60,False,False,,,,,,,,,,,
3740,26180.0,26238.892084121057,26257.492086409875,0,18.60000228881836,77.4920864098749,26208.0,True,5,4,False,accurate,0,0,False,False,59,False,False,,,,,,,,,,,
3742,26194.0,26257.492086409875,26270.892087935754,0,13.400001525878906,76.8920879357538,26222.0,True,5,4,False,accurate,0,0,False,False,57,False,False,,,,,,,,,,,
3748,26236.0,26270.892087935754,26286.292089461633,0,15.400001525878906,50.29208946163271,26264.0,True,4,3,False,accurate,0,0,False,False,51,False,False,,,,,,,,,,,
3750,26250.0,26286.292089461633,26297.192087172814,0,10.89999771118164,47.192087172814354,26278.0,True,4,3,False,accurate,0,0,False,False,49,False,False,,,,,,,,,,,
3751,26257.0,26297.192087172814,26308.692087172814,0,11.5,51.692087172814354,26285.0,True,5,4,False,accurate,0,0,False,False,48,False,False,,,,,,,,,,,
3753,26271.0,26308.692087172814,26322.992086409875,0,14.299999237060547,51.9920864098749,26299.0,True,4,3,False,accurate,0,0,False,False,46,False,False,,,,,,,,,,,
3757,26299.0,26322.992086409875,26334.792089461633,0,11.800003051757812,35.79208946163271,26327.0,True,3,2,False,accurate,0,0,False,False,42,False,False,,,,,,,,,,,
3758,26306.0,26334.792089461633,26351.892087935754,0,17.099998474121094,45.89208793575381,26334.0,True,4,3,False,accurate,1,1,False,False,41,False,False,,,,,,,,,,,
3759,26313.0,26351.892087935754,26364.792085646935,0,12.89999771118164,51.79208564693545,26341.0,True,4,3,False,accurate,0,0,False,False,40,False,False,,,,,,,,,,,
3761,26327.0,26364.792085646935,26381.792085646935,0,17.0,54.79208564693545,26355.0,True,4,3,False,accurate,0,0,False,False,38,False,False,,,,,,,,,,,
3764,26348.0,26381.792085646935,26398.5920810693,0,16.79999542236328,50.59208106929873,26376.0,True,4,3,False,accurate,0,0,False,False,35,False,False,,,,,,,,,,,
3767,26369.0,26398.5920810693,26412.49207878048,0,13.89999771118164,43.49207878048037,26397.0,True,3,2,False,accurate,1,1,False,False,32,False,False,,,,,,,,,,,
3769,26383.0,26412.49207878048,26425.69207954342,0,13.200000762939453,42.69207954341982,26411.0,True,3,2,False,accurate,0,0,False,False,30,False,False,,,,,,,,,,,
3772,26404.0,26425.69207954342,26441.692083358117,0,16.000003814697266,37.69208335811709,26432.0,True,3,2,False,accurate,0,0,False,False,27,False,False,,,,,,,,,,,
3775,26425.0,26441.692083358117,26462.39208030636,0,20.699996948242188,37.392080306359276,26453.0,True,3,2,False,accurate,0,0,False,False,24,False,False,,,,,,,,,,,
3776,26432.0,26462.39208030636,26475.19207954342,0,12.799999237060547,43.19207954341982,26460.0,True,3,2,False,accurate,0,0,False,False,23,False,False,,,,,,,,,,,
3779,26453.0,26475.19207954342,26489.49207878048,0,14.299999237060547,36.49207878048037,26481.0,True,3,2,False,accurate,0,0,False,False,20,False,False,,,,,,,,,,,
3780,26460.0,26489.49207878048,26510.5920810693,0,21.10000228881836,50.59208106929873,26488.0,True,4,3,False,accurate,1,1,False,False,19,False,False,,,,,,,,,,,
3781,26467.0,26510.5920810693,26534.192083358117,0,23.60000228881836,67.19208335811709,26495.0,True,4,3,False,accurate,1,1,False,False,18,False,False,,,,,,,,,,,
3782,26474.0,26534.192083358117,26563.892084121057,0,29.700000762939453,89.89208412105654,26502.0,True,5,4,False,accurate,1,1,False,False,17,False,False,,,,,,,,,,,
3783,26481.0,26563.892084121057,26576.792085646935,0,12.900001525878906,95.79208564693545,26509.0,True,5,4,False,accurate,0,0,False,False,16,False,False,,,,,,,,,,,
3784,26488.0,26576.792085646935,26587.492086409875,0,10.700000762939453,99.4920864098749,26516.0,True,6,5,True,accurate,0,0,False,False,15,False,False,,,,,,,,,,,
3789,26523.0,26587.492086409875,26601.992086409875,0,14.5,78.9920864098749,26551.0,True,5,4,False,accurate,0,0,False,False,10,False,False,,,,,,,,,,,
3793,26551.0,26601.992086409875,26614.792085646935,0,12.799999237060547,63.79208564693545,26579.0,True,5,4,False,accurate,0,0,False,False,6,False,False,,,,,,,,,,,
3794,26558.0,26614.792085646935,26629.992082595178,0,15.199996948242188,71.99208259517764,26586.0,True,6,5,True,accurate,0,0,False,False,5,False,False,,,,,,,,,,,
3795,26565.0,26629.992082595178,26642.892084121057,0,12.900001525878906,77.89208412105654,26593.0,True,6,5,True,accurate,1,1,False,False,4,False,False,,,,,,,,,,,
3799,26593.0,26642.892084121057,26658.792085646935,0,15.900001525878906,65.79208564693545,26621.0,True,5,4,False,accurate,0,0,False,True,0,True,False,,,,,,,,,,,
3801,26607.0,26658.792085646935,26670.592084883996,0,11.799999237060547,63.592084883995994,26635.0,True,5,4,False,accurate,0,0,False,False,98,False,False,,,,,,,,,,,
3803,26621.0,26670.592084883996,26681.092084883996,0,10.5,60.092084883995994,26649.0,True,5,4,False,accurate,0,0,False,False,96,False,False,,,,,,,,,,,
3804,26628.0,26681.092084883996,26696.192083358117,0,15.099998474121094,68.19208335811709,26656.0,True,6,5,True,accurate,1,1,False,False,95,False,False,,,,,,,,,,,
3811,26677.0,26696.192083358117,26708.89208030636,0,12.699996948242188,31.892080306359276,26705.0,True,3,2,False,accurate,0,0,False,False,88,False,False,,,,,,,,,,,
3812,26684.0,26708.89208030636,26725.992082595178,0,17.10000228881836,41.992082595177635,26712.0,True,3,2,False,accurate,1,1,False,False,87,False,False,,,,,,,,,,,
3815,26705.0,26725.992082595178,26739.5920810693,0,13.599998474121094,34.59208106929873,26733.0,True,3,2,False,accurate,0,0,False,False,84,False,False,,,,,,,,,,,
3817,26719.0,26739.5920810693,26756.692083358117,0,17.10000228881836,37.69208335811709,26747.0,True,3,2,False,accurate,0,0,False,False,82,False,False,,,,,,,,,,,
3820,26740.0,26756.692083358117,26771.592084883996,0,14.900001525878906,31.592084883995994,26768.0,True,2,1,False,accurate,0,0,False,False,79,False,False,,,,,,,,,,,
3825,26775.0,26775.0,26788.70000076294,0,13.700000762939453,13.700000762939453,26803.0,False,1,0,False,accurate,0,0,False,False,74,False,True,,,,,,,,,,,
3833,26831.0,26831.0,26846.300003051758,0,15.300003051757812,15.300003051757812,26859.0,False,1,0,False,accurate,0,0,False,False,66,False,True,,,,,,,,,,,
3843,26901.0,26901.0,26923.41375246048,0,22.413752460479735,22.41375246048119,26929.0,False,1,0,False,accurate,0,0,False,False,56,False,True,,,,,,,,,,,
3848,26936.0,26936.0,26962.54667587022,0,26.54667587021995,26.546675870220497,26964.0,False,1,0,False,accurate,1,1,False,False,51,False,True,,,,,,,,,,,
3856,26992.0,26992.0,27006.67666392654,0,14.67666392654179,14.676663926540641,27020.0,False,1,0,False,accurate,0,0,False,False,43,False,True,,,,,,,,,,,
3859,27013.0,27013.0,27027.43749383678,0,14.437493836780407,14.43749383678005,27041.0,False,1,0,False,accurate,1,1,False,False,40,False,True,,,,,,,,,,,
3861,27027.0,27027.43749383678,27040.922495496172,0,13.48500165939331,13.922495496171905,27055.0,False,2,1,False,accurate,0,0,False,False,38,False,True,,,,,,,,,,,
3862,27034.0,27040.922495496172,27052.77582965642,0,11.853334160248439,18.775829656420683,27062.0,False,2,1,False,accurate,0,0,False,False,37,False,True,,,,,,,,,,,
3863,27041.0,27052.77582965642,27073.05040986611,0,20.274580209689834,32.050409866111295,27069.0,True,2,1,False,accurate,0,0,False,False,36,False,False,,,,,,,,,,,
3864,27048.0,27073.05040986611,27091.55040986611,0,18.5,43.550409866111295,27076.0,True,3,2,False,accurate,1,1,False,False,35,False,False,,,,,,,,,,,
3870,27090.0,27091.55040986611,27104.650408340232,0,13.099998474121094,14.650408340232389,27118.0,False,2,1,False,accurate,1,1,False,False,29,False,True,,,,,,,,,,,
3871,27097.0,27104.650408340232,27117.95041139199,0,13.300003051757812,20.9504113919902,27125.0,False,2,1,False,accurate,0,0,False,False,28,False,True,,,,,,,,,,,
3876,27132.0,27132.0,27144.90000152588,0,12.900001525878906,12.900001525878906,27160.0,False,1,0,False,accurate,0,0,False,False,23,False,True,,,,,,,,,,,
3889,27223.0,27223.0,27240.29999923706,0,17.299999237060547,17.299999237060547,27251.0,False,1,0,False,accurate,0,0,False,False,10,False,True,,,,,,,,,,,
3891,27237.0,27240.29999923706,27256.39999771118,0,16.099998474121094,19.39999771118164,27265.0,False,2,1,False,accurate,0,0,False,False,8,False,True,,,,,,,,,,,
3901,27307.0,27307.0,27320.20000076294,0,13.200000762939453,13.200000762939453,27335.0,False,1,0,False,accurate,1,1,False,False,98,False,True,,,,,,,,,,,
3908,27356.0,27356.0,27368.29999923706,0,12.299999237060547,12.299999237060547,27384.0,False,1,0,False,accurate,0,0,False,False,91,False,True,,,,,,,,,,,
3912,27384.0,27384.0,27405.79999923706,0,21.799999237060547,21.799999237060547,27412.0,False,1,0,False,accurate,0,0,False,False,87,False,True,,,,,,,,,,,
3914,27398.0,27405.79999923706,27432.09999847412,0,26.299999237060547,34.099998474121094,27426.0,True,2,1,False,accurate,0,0,False,False,85,False,False,,,,,,,,,,,
3917,27419.0,27432.09999847412,27448.599994659424,0,16.499996185302734,29.599994659423828,27447.0,True,2,1,False,accurate,1,1,False,False,82,False,False,,,,,,,,,,,
3919,27433.0,27448.599994659424,27461.899993896484,0,13.299999237060547,28.899993896484375,27461.0,True,2,1,False,accurate,0,0,False,False,80,False,False,,,,,,,,,,,
3920,27440.0,27461.899993896484,27475.399990081787,0,13.499996185302734,35.39999008178711,27468.0,True,3,2,False,accurate,1,1,False,False,79,False,False,,,,,,,,,,,
3922,27454.0,27475.399990081787,27489.29998779297,0,13.89999771118164,35.29998779296875,27482.0,True,3,2,False,accurate,0,0,False,False,77,False,False,,,,,,,,,,,
3924,27468.0,27489.29998779297,27502.59998703003,0,13.299999237060547,34.5999870300293,27496.0,True,3,2,False,accurate,0,0,False,False,75,False,False,,,,,,,,,,,
3933,27531.0,27531.0,27548.999996185303,0,17.999996185302734,17.999996185302734,27559.0,False,1,0,False,accurate,0,0,False,False,66,False,True,,,,,,,,,,,
3936,27552.0,27552.0,27566.5,0,14.5,14.5,27580.0,False,1,0,False,accurate,1,1,False,False,63,False,True,,,,,,,,,,,
3939,27573.0,27573.0,27587.199996948242,0,14.199996948242188,14.199996948242188,27601.0,False,1,0,False,accurate,1,1,False,False,60,False,True,,,,,,,,,,,
3941,27587.0,27587.199996948242,27599.59999847412,0,12.400001525878906,12.599998474121094,27615.0,False,2,1,False,accurate,0,0,False,False,58,False,True,,,,,,,,,,,
3944,27608.0,27608.0,27619.5,0,11.5,11.5,27636.0,False,1,0,False,accurate,0,0,False,False,55,False,True,,,,,,,,,,,
3945,27615.0,27619.5,27632.79999923706,0,13.299999237060547,17.799999237060547,27643.0,False,2,1,False,accurate,0,0,False,False,54,False,True,,,,,,,,,,,
3947,27629.0,27632.79999923706,27647.199996948242,0,14.39999771118164,18.199996948242188,27657.0,False,2,1,False,accurate,0,0,False,False,52,False,True,,,,,,,,,,,
3948,27636.0,27647.199996948242,27660.79999923706,0,13.60000228881836,24.799999237060547,27664.0,False,2,1,False,accurate,0,0,False,False,51,False,True,,,,,,,,,,,
3951,27657.0,27660.79999923706,27680.70000076294,0,19.900001525878906,23.700000762939453,27685.0,False,2,1,False,accurate,1,1,False,False,48,False,True,,,,,,,,,,,
3954,27678.0,27680.70000076294,27697.500003814697,0,16.800003051757812,19.500003814697266,27706.0,False,2,1,False,accurate,0,0,False,False,45,False,True,,,,,,,,,,,
3956,27692.0,27697.500003814697,27710.400005340576,0,12.900001525878906,18.400005340576172,27720.0,False,2,1,False,accurate,0,0,False,False,43,False,True,,,,,,,,,,,
3959,27713.0,27713.0,27723.5,0,10.5,10.5,27741.0,False,1,0,False,accurate,0,0,False,False,40,False,True,,,,,,,,,,,
3960,27720.0,27723.5,27737.5,0,14.0,17.5,27748.0,False,2,1,False,accurate,0,0,False,False,39,False,True,,,,,,,,,,,
3962,27734.0,27737.5,27749.29999923706,0,11.799999237060547,15.299999237060547,27762.0,False,2,1,False,accurate,0,0,False,False,37,False,True,,,,,,,,,,,
3964,27748.0,27749.29999923706,27763.999996185303,0,14.699996948242188,15.999996185302734,27776.0,False,2,1,False,accurate,0,0,False,False,35,False,True,,,,,,,,,,,
3965,27755.0,27763.999996185303,27778.89999771118,0,14.900001525878906,23.89999771118164,27783.0,False,2,1,False,accurate,1,1,False,False,34,False,True,,,,,,,,,,,
3966,27762.0,27778.89999771118,27789.89999771118,0,11.0,27.89999771118164,27790.0,False,3,2,False,accurate,0,0,False,False,33,False,True,,,,,,,,,,,
3969,27783.0,27789.89999771118,27803.199996948242,0,13.299999237060547,20.199996948242188,27811.0,False,2,1,False,accurate,0,0,False,False,30,False,True,,,,,,,,,,,
3970,27790.0,27803.199996948242,27818.0,0,14.800003051757812,28.0,27818.0,False,2,1,False,accurate,0,0,False,False,29,False,True,,,,,,,,,,,
3973,27811.0,27818.0,27832.90000152588,0,14.900001525878906,21.900001525878906,27839.0,False,2,1,False,accurate,1,1,False,False,26,False,True,,,,,,,,,,,
3976,27832.0,27832.90000152588,27848.200004577637,0,15.300003051757812,16.20000457763672,27860.0,False,2,1,False,accurate,0,0,False,False,23,False,True,,,,,,,,,,,
3978,27846.0,27848.200004577637,27865.000003814697,0,16.799999237060547,19.000003814697266,27874.0,False,2,1,False,accurate,1,1,False,False,21,False,True,,,,,,,,,,,
3981,27867.0,27867.0,27879.40000152588,0,12.400001525878906,12.400001525878906,27895.0,False,1,0,False,accurate,0,0,False,False,18,False,True,,,,,,,,,,,
3983,27881.0,27881.0,27892.29999923706,0,11.299999237060547,11.299999237060547,27909.0,False,1,0,False,accurate,0,0,False,False,16,False,True,,,,,,,,,,,
3985,27895.0,27895.0,27907.59999847412,0,12.599998474121094,12.599998474121094,27923.0,False,1,0,False,accurate,0,0,False,False,14,False,True,,,,,,,,,,,
3987,27909.0,27909.0,27925.29999923706,0,16.299999237060547,16.299999237060547,27937.0,False,1,0,False,accurate,0,0,False,False,12,False,True,,,,,,,,,,,
3989,27923.0,27925.29999923706,27936.60000228882,0,11.300003051757812,13.60000228881836,27951.0,False,2,1,False,accurate,1,1,False,False,10,False,True,,,,,,,,,,,
3994,27958.0,27958.0,27971.70000076294,0,13.700000762939453,13.700000762939453,27986.0,False,1,0,False,accurate,0,0,False,False,5,False,True,,,,,,,,,,,
3996,27972.0,27972.0,27987.500003814697,0,15.500003814697266,15.500003814697266,28000.0,False,1,0,False,accurate,1,1,False,False,3,False,True,,,,,,,,,,,
3998,27986.0,27987.500003814697,28003.200004577637,0,15.700000762939453,17.20000457763672,28014.0,False,2,1,False,accurate,0,0,False,False,1,True,True,,,,,,,,,,,
4000,28000.0,28003.200004577637,28030.06000328064,0,26.85999870300293,30.06000328063965,28028.0,True,2,1,False,accurate,0,0,False,False,99,False,False,,,,,,,,,,,
4002,28014.0,28030.06000328064,28055.013338077864,0,24.95333479722342,41.01333807786432,28042.0,True,2,1,False,accurate,0,0,False,False,97,False,False,,,,,,,,,,,
4003,28021.0,28055.013338077864,28077.588338077865,0,22.574999999999996,56.588338077865046,28049.0,True,3,2,False,accurate,1,1,False,False,96,False,False,,,,,,,,,,,
4008,28056.0,28077.588338077865,28112.201675096356,0,34.613337018489865,56.20167509635576,28084.0,True,2,1,False,accurate,0,0,False,False,91,False,False,,,,,,,,,,,
4010,28070.0,28112.201675096356,28135.29834368388,0,23.096668587525667,65.29834368388038,28098.0,True,3,2,False,accurate,0,0,False,False,89,False,False,,,,,,,,,,,
4011,28077.0,28135.29834368388,28162.467923082313,0,27.169579398433324,85.46792308231306,28105.0,True,4,3,False,accurate,0,0,False,False,88,False,False,,,,,,,,,,,
4013,28091.0,28162.467923082313,28180.563335813385,0,18.095412731071292,89.56333581338549,28119.0,True,4,3,False,accurate,0,0,False,False,86,False,False,,,,,,,,,,,
4014,28098.0,28180.563335813385,28197.22583769461,0,16.66250188122192,99.22583769460834,28126.0,True,5,4,False,accurate,0,0,False,False,85,False,False,,,,,,,,,,,
4015,28105.0,28197.22583769461,28214.900842510662,0,17.675004816055296,109.90084251066219,28133.0,True,6,5,True,accurate,0,0,False,False,84,False,False,,,,,,,,,,,
4017,28119.0,28214.900842510662,28229.712096099953,0,14.811253589292345,110.71209609995276,28147.0,True,6,5,True,accurate,0,0,False,False,82,False,False,,,,,,,,,,,
4018,28126.0,28229.712096099953,28246.867094307047,0,17.154998207092287,120.8670943070465,28154.0,True,7,6,True,accurate,1,1,False,False,81,False,False,,,,,,,,,,,
4022,28154.0,28246.867094307047,28261.57792524221,0,14.710830935165282,107.57792524221077,28182.0,True,7,6,True,accurate,1,1,False,False,77,False,False,,,,,,,,,,,
4023,28161.0,28261.57792524221,28276.192092706413,0,14.61416746420165,115.19209270641295,28189.0,True,8,7,True,accurate,0,0,False,False,76,False,False,,,,,,,,,,,
4025,28175.0,28276.192092706413,28287.592094232292,0,11.400001525878906,112.59209423229186,28203.0,True,8,7,True,accurate,0,0,False,False,74,False,False,,,,,,,,,,,
4026,28182.0,28287.592094232292,28302.392093469352,0,14.799999237060547,120.3920934693524,28210.0,True,8,7,True,accurate,0,0,False,False,73,False,False,,,,,,,,,,,
4027,28189.0,28302.392093469352,28315.592094232292,0,13.200000762939453,126.59209423229186,28217.0,True,9,8,True,accurate,0,0,False,False,72,False,False,,,,,,,,,,,
4030,28210.0,28315.592094232292,28327.392093469352,0,11.799999237060547,117.3920934693524,28238.0,True,9,8,True,accurate,0,0,False,False,69,False,False,,,,,,,,,,,
4032,28224.0,28327.392093469352,28341.292091180534,0,13.89999771118164,117.29209118053404,28252.0,True,9,8,True,accurate,0,0,False,False,67,False,False,,,,,,,,,,,
4035,28245.0,28341.292091180534,28353.092094232292,0,11.800003051757812,108.09209423229186,28273.0,True,9,8,True,accurate,0,0,False,False,64,False,False,,,,,,,,,,,
4037,28259.0,28353.092094232292,28366.99209575817,0,13.900001525878906,107.99209575817076,28287.0,True,9,8,True,accurate,1,1,False,False,62,False,False,,,,,,,,,,,
4039,28273.0,28366.99209575817,28381.99209575817,0,15.0,108.99209575817076,28301.0,True,9,8,True,accurate,0,0,False,False,60,False,False,,,,,,,,,,,
4044,28308.0,28381.99209575817,28396.39209728405,0,14.400001525878906,88.39209728404967,28336.0,True,7,6,True,accurate,0,0,False,False,55,False,False,,,,,,,,,,,
4046,28322.0,28396.39209728405,28464.092094232292,0,67.69999694824219,142.09209423229186,28350.0,True,7,6,True,accurate,0,0,False,False,53,False,False,,,,,,,,,,,
4047,28329.0,28464.092094232292,28478.59209804699,0,14.500003814697266,149.59209804698912,28357.0,True,7,6,True,accurate,1,1,False,False,52,False,False,,,,,,,,,,,
4051,28357.0,28478.59209804699,28489.89209728405,0,11.299999237060547,132.89209728404967,28385.0,True,6,5,True,accurate,0,0,False,False,48,False,False,,,,,,,,,,,
4059,28413.0,28489.89209728405,28501.59209804699,0,11.700000762939453,88.59209804698912,28441.0,True,4,3,False,accurate,0,0,False,False,40,False,False,,,,,,,,,,,
4064,28448.0,28501.59209804699,28515.892101098747,0,14.300003051757812,67.89210109874693,28476.0,True,5,4,False,accurate,0,0,False,False,35,False,False,,,,,,,,,,,
4065,28455.0,28515.892101098747,28529.892104913444,0,14.000003814697266,74.8921049134442,28483.0,True,6,5,True,accurate,1,1,False,False,34,False,False,,,,,,,,,,,
4067,28469.0,28529.892104913444,28543.092105676384,0,13.200000762939453,74.09210567638365,28497.0,True,6,5,True,accurate,0,0,False,False,32,False,False,,,,,,,,,,,
4068,28476.0,28543.092105676384,28554.49211101696,0,11.400005340576172,78.49211101695983,28504.0,True,7,6,True,accurate,0,0,False,False,31,False,False,,,,,,,,,,,
4072,28504.0,28554.49211101696,28568.292114068718,0,13.800003051757812,64.29211406871764,28532.0,True,5,4,False,accurate,0,0,False,False,27,False,False,,,,,,,,,,,
4075,28525.0,28568.292114068718,28603.09211330578,0,34.79999923706055,78.09211330577818,28553.0,True,5,4,False,accurate,0,0,False,False,24,False,False,,,,,,,,,,,
4077,28539.0,28603.09211330578,28616.89211254284,0,13.799999237060547,77.89211254283873,28567.0,True,5,4,False,accurate,0,0,False,False,22,False,False,,,,,,,,,,,
4083,28581.0,28616.89211254284,28630.59211330578,0,13.700000762939453,49.592113305778184,28609.0,True,3,2,False,accurate,1,1,False,False,16,False,False,,,,,,,,,,,
4084,28588.0,28630.59211330578,28645.89211254284,0,15.299999237060547,57.89211254283873,28616.0,True,4,3,False,accurate,0,0,False,False,15,False,False,,,,,,,,,,,
4087,28609.0,28645.89211254284,28659.792114068718,0,13.900001525878906,50.79211406871764,28637.0,True,4,3,False,accurate,1,1,False,False,12,False,False,,,,,,,,,,,
4091,28637.0,28659.792114068718,28672.992114831657,0,13.200000762939453,35.99211483165709,28665.0,True,3,2,False,accurate,0,0,False,False,8,False,False,,,,,,,,,,,
4094,28658.0,28672.992114831657,28698.192115594597,0,25.200000762939453,40.192115594596544,28686.0,True,3,2,False,accurate,0,0,False,False,5,False,False,,,,,,,,,,,
4096,28672.0,28698.192115594597,28710.492114831657,0,12.299999237060547,38.49211483165709,28700.0,True,3,2,False,accurate,0,0,False,False,3,False,False,,,,,,,,,,,
4098,28686.0,28710.492114831657,28726.392116357536,0,15.900001525878906,40.392116357536,28714.0,True,3,2,False,accurate,0,0,False,False,1,True,False,,,,,,,,,,,
4099,28693.0,28726.392116357536,28738.292114068718,0,11.89999771118164,45.29211406871764,28721.0,True,4,3,False,accurate,0,0,False,True,0,True,False,,,,,,,,,,,
4101,28707.0,28738.292114068718,28750.49211101696,0,12.199996948242188,43.492111016959825,28735.0,True,4,3,False,accurate,0,0,False,False,98,False,False,,,,,,,,,,,
4103,28721.0,28750.49211101696,28766.492107202263,0,15.999996185302734,45.49210720226256,28749.0,True,4,3,False,accurate,0,0,False,False,96,False,False,,,,,,,,,,,
4106,28742.0,28766.492107202263,28780.09210949108,0,13.60000228881836,38.09210949108092,28770.0,True,3,2,False,accurate,0,0,False,False,93,False,False,,,,,,,,,,,
4114,28798.0,28798.0,28810.29999923706,0,12.299999237060547,12.299999237060547,28826.0,False,1,0,False,accurate,0,0,False,False,85,False,True,,,,,,,,,,,
4115,28805.0,28810.29999923706,28822.500003814697,0,12.200004577636719,17.500003814697266,28833.0,False,2,1,False,accurate,0,0,False,False,84,False,True,,,,,,,,,,,
4116,28812.0,28822.500003814697,28835.800003051758,0,13.299999237060547,23.800003051757812,28840.0,False,2,1,False,accurate,1,1,False,False,83,False,True,,,,,,,,,,,
4118,28826.0,28835.800003051758,28849.20000076294,0,13.39999771118164,23.200000762939453,28854.0,False,2,1,False,accurate,0,0,False,False,81,False,True,,,,,,,,,,,
4121,28847.0,28849.20000076294,28862.10000228882,0,12.900001525878906,15.10000228881836,28875.0,False,2,1,False,accurate,0,0,False,False,78,False,True,,,,,,,,,,,
4122,28854.0,28862.10000228882,28874.29999923706,0,12.199996948242188,20.299999237060547,28882.0,False,2,1,False,accurate,0,0,False,False,77,False,True,,,,,,,,,,,
4123,28861.0,28874.29999923706,28889.299995422363,0,14.999996185302734,28.29999542236328,28889.0,True,3,2,False,accurate,0,0,False,False,76,False,False,,,,,,,,,,,
4124,28868.0,28889.299995422363,28901.79999923706,0,12.500003814697266,33.79999923706055,28896.0,True,3,2,False,accurate,1,1,False,False,75,False,False,,,,,,,,,,,
4125,28875.0,28901.79999923706,28913.999996185303,0,12.199996948242188,38.999996185302734,28903.0,True,3,2,False,accurate,0,0,False,False,74,False,False,,,,,,,,,,,
4126,28882.0,28913.999996185303,28927.89999771118,0,13.900001525878906,45.89999771118164,28910.0,True,4,3,False,accurate,0,0,False,False,73,False,False,,,,,,,,,,,
4128,28896.0,28927.89999771118,28942.999996185303,0,15.099998474121094,46.999996185302734,28924.0,True,4,3,False,accurate,0,0,False,False,71,False,False,,,,,,,,,,,
4129,28903.0,28942.999996185303,28957.09999847412,0,14.10000228881836,54.099998474121094,28931.0,True,4,3,False,accurate,1,1,False,False,70,False,False,,,,,,,,,,,
4130,28910.0,28957.09999847412,28970.099994659424,0,12.999996185302734,60.09999465942383,28938.0,True,5,4,False,accurate,0,0,False,False,69,False,False,,,,,,,,,,,
4133,28931.0,28970.099994659424,28985.299995422363,0,15.200000762939453,54.29999542236328,28959.0,True,4,3,False,accurate,1,1,False,False,66,False,False,,,,,,,,,,,
4134,28938.0,28985.299995422363,28998.599994659424,0,13.299999237060547,60.59999465942383,28966.0,True,5,4,False,accurate,1,1,False,False,65,False,False,,,,,,,,,,,
4136,28952.0,28998.599994659424,29012.499992370605,0,13.89999771118164,60.49999237060547,28980.0,True,5,4,False,accurate,0,0,False,False,63,False,False,,,,,,,,,,,
4138,28966.0,29012.499992370605,29023.899993896484,0,11.400001525878906,57.899993896484375,28994.0,True,5,4,False,accurate,1,1,False,False,61,False,False,,,,,,,,,,,
4139,28973.0,29023.899993896484,29037.299995422363,0,13.400001525878906,64.29999542236328,29001.0,True,5,4,False,accurate,0,0,False,False,60,False,False,,,,,,,,,,,
4143,29001.0,29037.299995422363,29050.399993896484,0,13.099998474121094,49.399993896484375,29029.0,True,4,3,False,accurate,1,1,False,False,56,False,False,,,,,,,,,,,
4145,29015.0,29050.399993896484,29069.399993896484,0,19.0,54.399993896484375,29043.0,True,4,3,False,accurate,1,1,False,False,54,False,False,,,,,,,,,,,
4147,29029.0,29069.399993896484,29083.199993133545,0,13.799999237060547,54.19999313354492,29057.0,True,4,3,False,accurate,0,0,False,False,52,False,False,,,,,,,,,,,
4148,29036.0,29083.199993133545,29094.199993133545,0,11.0,58.19999313354492,29064.0,True,5,4,False,accurate,0,0,False,False,51,False,False,,,,,,,,,,,
4152,29064.0,29094.199993133545,29107.099994659424,0,12.900001525878906,43.09999465942383,29092.0,True,4,3,False,accurate,1,1,False,False,47,False,False,,,,,,,,,,,
4153,29071.0,29107.099994659424,29124.999996185303,0,17.900001525878906,53.999996185302734,29099.0,True,4,3,False,accurate,1,1,False,False,46,False,False,,,,,,,,,,,
4158,29106.0,29124.999996185303,29138.09999847412,0,13.10000228881836,32.099998474121094,29134.0,True,3,2,False,accurate,0,0,False,False,41,False,False,,,,,,,,,,,
4160,29120.0,29138.09999847412,29169.71999588013,0,31.619997406005858,49.71999588012841,29148.0,True,3,2,False,accurate,0,0,False,False,39,False,False,,,,,,,,,,,
4162,29134.0,29169.71999588013,29193.852491074602,0,24.132495194474814,59.85249107460186,29162.0,True,3,2,False,accurate,0,0,False,False,37,False,False,,,,,,,,,,,
4167,29169.0,29193.852491074602,29213.298324227133,0,19.445833152532575,44.29832422713298,29197.0,True,3,2,False,accurate,0,0,False,False,32,False,False,,,,,,,,,,,
4168,29176.0,29213.298324227133,29231.778316569525,0,18.479992342392528,55.77831656952549,29204.0,True,3,2,False,accurate,0,0,False,False,31,False,False,,,,,,,,,,,
4170,29190.0,29231.778316569525,29251.494988413848,0,19.716671844323425,61.49498841384775,29218.0,True,4,3,False,accurate,1,1,False,False,29,False,False,,,,,,,,,,,
4171,29197.0,29251.494988413848,29275.354570935564,0,23.859582521716742,78.35457093556397,29225.0,True,4,3,False,accurate,0,0,False,False,28,False,False,,,,,,,,,,,
4172,29204.0,29275.354570935564,29295.19957196553,0,19.845001029968262,91.1995719655315,29232.0,True,5,4,False,accurate,1,1,False,False,27,False,False,,,,,,,,,,,
4173,29211.0,29295.19957196553,29321.616238771276,0,26.41666680574417,110.61623877127568,29239.0,True,6,5,True,accurate,0,0,False,False,26,False,False,,,,,,,,,,,
4175,29225.0,29321.616238771276,29338.786236844855,0,17.16999807357788,113.78623684485501,29253.0,True,6,5,True,accurate,0,0,False,False,24,False,False,,,,,,,,,,,
4180,29260.0,29338.786236844855,29354.307905263748,0,15.521668418894217,94.30790526374767,29288.0,True,5,4,False,accurate,0,0,False,False,19,False,False,,,,,,,,,,,
4183,29281.0,29354.307905263748,29368.510404490553,0,14.20249922680358,87.5104044905529,29309.0,True,5,4,False,accurate,0,0,False,False,16,False,False,,,,,,,,,,,
4184,29288.0,29368.510404490553,29386.61040677937,0,18.10000228881836,98.61040677937126,29316.0,True,6,5,True,accurate,0,0,False,False,15,False,False,,,,,,,,,,,
4190,29330.0,29386.61040677937,29400.010404490553,0,13.39999771118164,70.0104044905529,29358.0,True,5,4,False,accurate,0,0,False,False,9,False,False,,,,,,,,,,,
4192,29344.0,29400.010404490553,29417.310399912916,0,17.29999542236328,73.31039991291618,29372.0,True,5,4,False,accurate,0,0,False,False,7,False,False,,,,,,,,,,,
4193,29351.0,29417.310399912916,29432.010400675856,0,14.700000762939453,81.01040067585564,29379.0,True,6,5,True,accurate,0,0,False,False,6,False,False,,,,,,,,,,,
4196,29372.0,29432.010400675856,29445.010400675856,0,13.0,73.01040067585564,29400.0,True,5,4,False,accurate,1,1,False,False,3,False,False,,,,,,,,,,,
4199,29393.0,29445.010400675856,29461.210401438795,0,16.200000762939453,68.21040143879509,29421.0,True,5,4,False,accurate,1,1,False,True,0,True,False,,,,,,,,,,,
4203,29421.0,29461.210401438795,29474.910402201735,0,13.700000762939453,53.91040220173454,29449.0,True,4,3,False,accurate,0,0,False,False,96,False,False,,,,,,,,,,,
4212,29484.0,29484.0,29500.09999847412,0,16.099998474121094,16.099998474121094,29512.0,False,1,0,False,accurate,0,0,False,False,87,False,True,,,,,,,,,,,
4214,29498.0,29500.09999847412,29511.39999771118,0,11.299999237060547,13.39999771118164,29526.0,False,2,1,False,accurate,0,0,False,False,85,False,True,,,,,,,,,,,
4215,29505.0,29511.39999771118,29525.199996948242,0,13.799999237060547,20.199996948242188,29533.0,False,2,1,False,accurate,0,0,False,False,84,False,True,,,,,,,,,,,
4217,29519.0,29525.199996948242,29541.59999847412,0,16.400001525878906,22.599998474121094,29547.0,False,2,1,False,accurate,0,0,False,False,82,False,True,,,,,,,,,,,
4223,29561.0,29561.0,29572.300003051758,0,11.300003051757812,11.300003051757812,29589.0,False,1,0,False,accurate,0,0,False,False,76,False,True,,,,,,,,,,,
4226,29582.0,29582.0,29594.700004577637,0,12.700004577636719,12.700004577636719,29610.0,False,1,0,False,accurate,0,0,False,False,73,False,True,,,,,,,,,,,
4227,29589.0,29594.700004577637,29610.500003814697,0,15.799999237060547,21.500003814697266,29617.0,False,2,1,False,accurate,0,0,False,False,72,False,True,,,,,,,,,,,
4229,29603.0,29610.500003814697,29624.000003814697,0,13.5,21.000003814697266,29631.0,False,2,1,False,accurate,0,0,False,False,70,False,True,,,,,,,,,,,
4232,29624.0,29624.000003814697,29652.200004577637,0,28.200000762939453,28.20000457763672,29652.0,True,2,1,False,accurate,0,0,False,False,67,False,False,,,,,,,,,,,
4235,29645.0,29652.200004577637,29670.700008392334,0,18.500003814697266,25.700008392333984,29673.0,False,2,1,False,accurate,1,1,False,False,64,False,True,,,,,,,,,,,
4236,29652.0,29670.700008392334,29682.400009155273,0,11.700000762939453,30.400009155273438,29680.0,True,3,2,False,accurate,1,1,False,False,63,False,False,,,,,,,,,,,
4238,29666.0,29682.400009155273,29693.50001144409,0,11.10000228881836,27.500011444091797,29694.0,False,3,2,False,accurate,0,0,False,False,61,False,True,,,,,,,,,,,
4240,29680.0,29693.50001144409,29714.00001144409,0,20.5,34.0000114440918,29708.0,True,3,2,False,accurate,0,0,False,False,59,False,False,,,,,,,,,,,
4244,29708.0,29714.00001144409,29737.000007629395,0,22.999996185302734,29.00000762939453,29736.0,True,2,1,False,accurate,1,1,False,False,55,False,False,,,,,,,,,,,
4245,29715.0,29737.000007629395,29755.300006866455,0,18.299999237060547,40.30000686645508,29743.0,True,2,1,False,accurate,0,0,False,False,54,False,False,,,,,,,,,,,
4246,29722.0,29755.300006866455,29769.900009155273,0,14.60000228881836,47.90000915527344,29750.0,True,3,2,False,accurate,1,1,False,False,53,False,False,,,,,,,,,,,
4248,29736.0,29769.900009155273,29784.800010681152,0,14.900001525878906,48.800010681152344,29764.0,True,4,3,False,accurate,0,0,False,False,51,False,False,,,,,,,,,,,
4249,29743.0,29784.800010681152,29801.50001525879,0,16.70000457763672,58.50001525878906,29771.0,True,4,3,False,accurate,0,0,False,False,50,False,False,,,,,,,,,,,
4252,29764.0,29801.50001525879,29813.300018310547,0,11.800003051757812,49.300018310546875,29792.0,True,4,3,False,accurate,0,0,False,False,47,False,False,,,,,,,,,,,
4254,29778.0,29813.300018310547,29830.100021362305,0,16.800003051757812,52.10002136230469,29806.0,True,4,3,False,accurate,1,1,False,False,45,False,False,,,,,,,,,,,
4255,29785.0,29830.100021362305,29842.400020599365,0,12.299999237060547,57.400020599365234,29813.0,True,4,3,False,accurate,0,0,False,False,44,False,False,,,,,,,,,,,
4257,29799.0,29842.400020599365,29857.800018310547,0,15.39999771118164,58.800018310546875,29827.0,True,5,4,False,accurate,0,0,False,False,42,False,False,,,,,,,,,,,
4260,29820.0,29857.800018310547,29878.100017547607,0,20.299999237060547,58.10001754760742,29848.0,True,4,3,False,accurate,1,1,False,False,39,False,False,,,,,,,,,,,
4263,29841.0,29878.100017547607,29899.600017547607,0,21.5,58.60001754760742,29869.0,True,4,3,False,accurate,0,0,False,False,36,False,False,,,,,,,,,,,
4264,29848.0,29899.600017547607,29916.300018310547,0,16.700000762939453,68.30001831054688,29876.0,True,4,3,False,accurate,1,1,False,False,35,False,False,,,,,,,,,,,
4266,29862.0,29916.300018310547,29927.400020599365,0,11.10000228881836,65.40002059936523,29890.0,True,4,3,False,accurate,0,0,False,False,33,False,False,,,,,,,,,,,
4267,29869.0,29927.400020599365,29941.300022125244,0,13.900001525878906,72.30002212524414,29897.0,True,5,4,False,accurate,0,0,False,False,32,False,False,,,,,,,,,,,
4268,29876.0,29941.300022125244,29956.50002670288,0,15.200004577636719,80.50002670288086,29904.0,True,6,5,True,accurate,0,0,False,False,31,False,False,,,,,,,,,,,
4269,29883.0,29956.50002670288,29979.30002593994,0,22.799999237060547,96.3000259399414,29911.0,True,6,5,True,accurate,1,1,False,False,30,False,False,,,,,,,,,,,
4277,29939.0,29979.30002593994,29991.20002746582,0,11.900001525878906,52.20002746582031,29967.0,True,4,3,False,accurate,0,0,False,False,22,False,False,,,,,,,,,,,
4279,29953.0,29991.20002746582,30005.80002975464,0,14.60000228881836,52.80002975463867,29981.0,True,4,3,False,accurate,0,0,False,False,20,False,False,,,,,,,,,,,
4280,29960.0,30005.80002975464,30019.80002593994,0,13.999996185302734,59.800025939941406,29988.0,True,4,3,False,accurate,0,0,False,False,19,False,False,,,,,,,,,,,
4281,29967.0,30019.80002593994,30032.70002746582,0,12.900001525878906,65.70002746582031,29995.0,True,5,4,False,accurate,1,1,False,False,18,False,False,,,,,,,,,,,
4282,29974.0,30032.70002746582,30044.80002593994,0,12.099998474121094,70.8000259399414,30002.0,True,6,5,True,accurate,0,0,False,False,17,False,False,,,,,,,,,,,
4289,30023.0,30044.80002593994,30057.300022125244,0,12.499996185302734,34.30002212524414,30051.0,True,3,2,False,accurate,0,0,False,False,10,False,False,,,,,,,,,,,
4290,30030.0,30057.300022125244,30069.400016784668,0,12.099994659423828,39.40001678466797,30058.0,True,4,3,False,accurate,0,0,False,False,9,False,False,,,,,,,,,,,
4295,30065.0,30069.400016784668,30082.80001449585,0,13.39999771118164,17.80001449584961,30093.0,False,2,1,False,accurate,1,1,False,False,4,False,True,,,,,,,,,,,
4297,30079.0,30082.80001449585,30098.00001525879,0,15.200000762939453,19.000015258789062,30107.0,False,2,1,False,accurate,0,0,False,False,2,True,True,,,,,,,,,,,
4298,30086.0,30098.00001525879,30108.900016784668,0,10.900001525878906,22.90001678466797,30114.0,False,2,1,False,accurate,0,0,False,False,1,True,True,,,,,,,,,,,
4300,30100.0,30108.900016784668,30122.000019073486,0,13.10000228881836,22.000019073486328,30128.0,False,2,1,False,accurate,0,0,False,False,99,False,True,,,,,,,,,,,
4306,30142.0,30142.0,30152.0,0,10.0,10.0,30170.0,False,1,0,False,accurate,0,0,False,False,93,False,True,,,,,,,,,,,
4308,30156.0,30156.0,30173.0,0,17.0,17.0,30184.0,False,1,0,False,accurate,0,0,False,False,91,False,True,,,,,,,,,,,
4310,30170.0,30173.0,30186.300003051758,0,13.300003051757812,16.300003051757812,30198.0,False,2,1,False,accurate,1,1,False,False,89,False,True,,,,,,,,,,,
4312,30184.0,30186.300003051758,30198.400005340576,0,12.10000228881836,14.400005340576172,30212.0,False,2,1,False,accurate,0,0,False,False,87,False,True,,,,,,,,,,,
4313,30191.0,30198.400005340576,30210.600009918213,0,12.200004577636719,19.60000991821289,30219.0,False,2,1,False,accurate,0,0,False,False,86,False,True,,,,,,,,,,,
4318,30226.0,30226.0,30246.5,0,20.5,20.5,30254.0,False,1,0,False,accurate,0,0,False,False,81,False,True,,,,,,,,,,,
4326,30282.0,30282.0,30305.027497673036,0,23.027497673034667,23.027497673036123,30310.0,False,1,0,False,accurate,0,0,False,False,73,False,True,,,,,,,,,,,
4328,30296.0,30305.027497673036,30325.414166770977,0,20.386669097940146,29.414166770977317,30324.0,True,2,1,False,accurate,0,0,False,False,71,False,False,,,,,,,,,,,
4330,30310.0,30325.414166770977,30345.130833242936,0,19.71666647195816,35.130833242936205,30338.0,True,2,1,False,accurate,0,0,False,False,69,False,False,,,,,,,,,,,
4333,30331.0,30345.130833242936,30365.735831335984,0,20.60499809304872,34.735831335983676,30359.0,True,2,1,False,accurate,0,0,False,False,66,False,False,,,,,,,,,,,
4335,30345.0,30365.735831335984,30382.400832299194,0,16.66500096321106,37.40083229919401,30373.0,True,3,2,False,accurate,0,0,False,False,64,False,False,,,,,,,,,,,
4340,30380.0,30382.400832299194,30396.805829788198,0,14.40499748900532,16.805829788198025,30408.0,False,2,1,False,accurate,0,0,False,False,59,False,True,,,,,,,,,,,
4341,30387.0,30396.805829788198,30412.683328128805,0,15.877498340606689,25.683328128805442,30415.0,False,2,1,False,accurate,0,0,False,False,58,False,True,,,,,,,,,,,
4345,30415.0,30415.0,30427.90000152588,0,12.900001525878906,12.900001525878906,30443.0,False,1,0,False,accurate,1,1,False,False,54,False,True,,,,,,,,,,,
4351,30457.0,30457.0,30478.0,0,21.0,21.0,30485.0,False,1,0,False,accurate,0,0,False,False,48,False,True,,,,,,,,,,,
4352,30464.0,30478.0,30491.5,0,13.5,27.5,30492.0,False,2,1,False,accurate,0,0,False,False,47,False,True,,,,,,,,,,,
4354,30478.0,30491.5,30503.10000228882,0,11.60000228881836,25.10000228881836,30506.0,False,2,1,False,accurate,0,0,False,False,45,False,True,,,,,,,,,,,
4355,30485.0,30503.10000228882,30513.29999923706,0,10.199996948242188,28.299999237060547,30513.0,True,3,2,False,accurate,0,0,False,False,44,False,False,,,,,,,,,,,
4360,30520.0,30520.0,30531.199996948242,0,11.199996948242188,11.199996948242188,30548.0,False,1,0,False,accurate,0,0,False,False,39,False,True,,,,,,,,,,,
4362,30534.0,30534.0,30547.500003814697,0,13.500003814697266,13.500003814697266,30562.0,False,1,0,False,accurate,0,0,False,False,37,False,True,,,,,,,,,,,
4363,30541.0,30547.500003814697,30561.600006103516,0,14.10000228881836,20.600006103515625,30569.0,False,2,1,False,accurate,0,0,False,False,36,False,True,,,,,,,,,,,
4364,30548.0,30561.600006103516,30574.500003814697,0,12.89999771118164,26.500003814697266,30576.0,False,2,1,False,accurate,0,0,False,False,35,False,True,,,,,,,,,,,
4365,30555.0,30574.500003814697,30587.20000076294,0,12.699996948242188,32.20000076293945,30583.0,True,3,2,False,accurate,1,1,False,False,34,False,False,,,,,,,,,,,
4367,30569.0,30587.20000076294,30603.500003814697,0,16.300003051757812,34.500003814697266,30597.0,True,3,2,False,accurate,0,0,False,False,32,False,False,,,,,,,,,,,
4368,30576.0,30603.500003814697,30615.500003814697,0,12.0,39.500003814697266,30604.0,True,3,2,False,accurate,1,1,False,False,31,False,False,,,,,,,,,,,
4370,30590.0,30615.500003814697,30628.700004577637,0,13.200000762939453,38.70000457763672,30618.0,True,3,2,False,accurate,0,0,False,False,29,False,False,,,,,,,,,,,
4371,30597.0,30628.700004577637,30640.600006103516,0,11.900001525878906,43.600006103515625,30625.0,True,4,3,False,accurate,0,0,False,False,28,False,False,,,,,,,,,,,
4374,30618.0,30640.600006103516,30656.300006866455,0,15.700000762939453,38.30000686645508,30646.0,True,3,2,False,accurate,0,0,False,False,25,False,False,,,,,,,,,,,
4377,30639.0,30656.300006866455,30668.000007629395,0,11.700000762939453,29.00000762939453,30667.0,True,3,2,False,accurate,0,0,False,False,22,False,False,,,,,,,,,,,
4383,30681.0,30681.0,30696.09999847412,0,15.099998474121094,15.099998474121094,30709.0,False,1,0,False,accurate,1,1,False,False,16,False,True,,,,,,,,,,,
4384,30688.0,30696.09999847412,30709.799995422363,0,13.699996948242188,21.79999542236328,30716.0,False,2,1,False,accurate,0,0,False,False,15,False,True,,,,,,,,,,,
4386,30702.0,30709.799995422363,30725.599994659424,0,15.799999237060547,23.599994659423828,30730.0,False,2,1,False,accurate,0,0,False,False,13,False,True,,,,,,,,,,,
4391,30737.0,30737.0,30750.10000228882,0,13.10000228881836,13.10000228881836,30765.0,False,1,0,False,accurate,0,0,False,False,8,False,True,,,,,,,,,,,
4397,30779.0,30779.0,30789.79999923706,0,10.799999237060547,10.799999237060547,30807.0,False,1,0,False,accurate,0,0,False,False,2,True,True,,,,,,,,,,,
4400,30800.0,30800.0,30814.90000152588,0,14.900001525878906,14.900001525878906,30828.0,False,1,0,False,accurate,0,0,False,False,99,False,True,,,,,,,,,,,
4406,30842.0,30842.0,30854.79999923706,0,12.799999237060547,12.799999237060547,30870.0,False,1,0,False,accurate,0,0,False,False,93,False,True,,,,,,,,,,,
4408,30856.0,30856.0,30870.89999771118,0,14.89999771118164,14.89999771118164,30884.0,False,1,0,False,accurate,0,0,False,False,91,False,True,,,,,,,,,,,
4410,30870.0,30870.89999771118,30883.999996185303,0,13.099998474121094,13.999996185302734,30898.0,False,2,1,False,accurate,1,1,False,False,89,False,True,,,,,,,,,,,
4411,30877.0,30883.999996185303,30895.29999923706,0,11.300003051757812,18.299999237060547,30905.0,False,2,1,False,accurate,0,0,False,False,88,False,True,,,,,,,,,,,
4413,30891.0,30895.29999923706,30909.10000228882,0,13.800003051757812,18.10000228881836,30919.0,False,2,1,False,accurate,0,0,False,False,86,False,True,,,,,,,,,,,
4416,30912.0,30912.0,30925.20000076294,0,13.200000762939453,13.200000762939453,30940.0,False,1,0,False,accurate,0,0,False,False,83,False,True,,,,,,,,,,,
4417,30919.0,30925.20000076294,30940.5,0,15.299999237060547,21.5,30947.0,False,2,1,False,accurate,0,0,False,False,82,False,True,,,,,,,,,,,
4419,30933.0,30940.5,30950.09999847412,0,9.599998474121094,17.099998474121094,30961.0,False,2,1,False,accurate,0,0,False,False,80,False,True,,,,,,,,,,,
4420,30940.0,30950.09999847412,30965.0,0,14.900001525878906,25.0,30968.0,False,3,2,False,accurate,0,0,False,False,79,False,True,,,,,,,,,,,
4423,30961.0,30965.0,30977.79999923706,0,12.799999237060547,16.799999237060547,30989.0,False,2,1,False,accurate,0,0,False,False,76,False,True,,,,,,,,,,,
4424,30968.0,30977.79999923706,30990.39999771118,0,12.599998474121094,22.39999771118164,30996.0,False,2,1,False,accurate,0,0,False,False,75,False,True,,,,,,,,,,,
4426,30982.0,30990.39999771118,31013.199996948242,0,22.799999237060547,31.199996948242188,31010.0,True,2,1,False,accurate,0,0,False,False,73,False,False,,,,,,,,,,,
4428,30996.0,31013.199996948242,31027.199996948242,0,14.0,31.199996948242188,31024.0,True,2,1,False,accurate,0,0,False,False,71,False,False,,,,,,,,,,,
4429,31003.0,31027.199996948242,31039.999996185303,0,12.799999237060547,36.999996185302734,31031.0,True,3,2,False,accurate,1,1,False,False,70,False,False,,,,,,,,,,,
4435,31045.0,31045.0,31058.5,0,13.5,13.5,31073.0,False,1,0,False,accurate,0,0,False,False,64,False,True,,,,,,,,,,,
4436,31052.0,31058.5,31076.29999923706,0,17.799999237060547,24.299999237060547,31080.0,False,2,1,False,accurate,0,0,False,False,63,False,True,,,,,,,,,,,
4437,31059.0,31076.29999923706,31088.5,0,12.200000762939453,29.5,31087.0,True,2,1,False,accurate,0,0,False,False,62,False,False,,,,,,,,,,,
4438,31066.0,31088.5,31102.5,0,14.0,36.5,31094.0,True,3,2,False,accurate,1,1,False,False,61,False,False,,,,,,,,,,,
4439,31073.0,31102.5,31115.199996948242,0,12.699996948242188,42.19999694824219,31101.0,True,4,3,False,accurate,0,0,False,False,60,False,False,,,,,,,,,,,
4440,31080.0,31115.199996948242,31137.899993896484,0,22.699996948242188,57.899993896484375,31108.0,True,4,3,False,accurate,0,0,False,False,59,False,False,,,,,,,,,,,
4443,31101.0,31137.899993896484,31150.399993896484,0,12.5,49.399993896484375,31129.0,True,4,3,False,accurate,0,0,False,False,56,False,False,,,,,,,,,,,
4444,31108.0,31150.399993896484,31162.999996185303,0,12.60000228881836,54.999996185302734,31136.0,True,4,3,False,accurate,0,0,False,False,55,False,False,,,,,,,,,,,
4445,31115.0,31162.999996185303,31178.099994659424,0,15.099998474121094,63.09999465942383,31143.0,True,5,4,False,accurate,1,1,False,False,54,False,False,,,,,,,,,,,
4449,31143.0,31178.099994659424,31190.599994659424,0,12.5,47.59999465942383,31171.0,True,4,3,False,accurate,0,0,False,False,50,False,False,,,,,,,,,,,
4453,31171.0,31190.599994659424,31208.199996948242,0,17.60000228881836,37.19999694824219,31199.0,True,3,2,False,accurate,0,0,False,False,46,False,False,,,,,,,,,,,
4454,31178.0,31208.199996948242,31219.699996948242,0,11.5,41.69999694824219,31206.0,True,4,3,False,accurate,1,1,False,False,45,False,False,,,,,,,,,,,
4462,31234.0,31234.0,31252.10000228882,0,18.10000228881836,18.10000228881836,31262.0,False,1,0,False,accurate,0,0,False,False,37,False,True,,,,,,,,,,,
4466,31262.0,31262.0,31279.800003051758,0,17.800003051757812,17.800003051757812,31290.0,False,1,0,False,accurate,0,0,False,False,33,False,True,,,,,,,,,,,
4471,31297.0,31297.0,31311.89999771118,0,14.89999771118164,14.89999771118164,31325.0,False,1,0,False,accurate,0,0,False,False,28,False,True,,,,,,,,,,,
4475,31325.0,31325.0,31340.70000076294,0,15.700000762939453,15.700000762939453,31353.0,False,1,0,False,accurate,0,0,False,False,24,False,True,,,,,,,,,,,
4476,31332.0,31340.70000076294,31352.300003051758,0,11.60000228881836,20.300003051757812,31360.0,False,2,1,False,accurate,0,0,False,False,23,False,True,,,,,,,,,,,
4477,31339.0,31352.300003051758,31373.20000076294,0,20.89999771118164,34.20000076293945,31367.0,True,3,2,False,accurate,0,0,False,False,22,False,False,,,,,,,,,,,
4480,31360.0,31373.20000076294,31399.039995574953,0,25.839994812011717,39.03999557495263,31388.0,True,2,1,False,accurate,1,1,False,False,19,False,False,,,,,,,,,,,
4481,31367.0,31399.039995574953,31416.750826211373,0,17.71083063642186,49.75082621137335,31395.0,True,3,2,False,accurate,0,0,False,False,18,False,False,,,,,,,,,,,
4484,31388.0,31416.750826211373,31437.967495107652,0,21.216668896277724,49.96749510765221,31416.0,True,3,2,False,accurate,0,0,False,False,15,False,False,,,,,,,,,,,
4486,31402.0,31437.967495107652,31456.877491617204,0,18.909996509552002,54.877491617204214,31430.0,True,3,2,False,accurate,0,0,False,False,13,False,False,,,,,,,,,,,
4487,31409.0,31456.877491617204,31482.605825852555,0,25.728334235350278,73.60582585255543,31437.0,True,4,3,False,accurate,0,0,False,False,12,False,False,,,,,,,,,,,
4488,31416.0,31482.605825852555,31508.125828332508,0,25.52000247995061,92.12582833250781,31444.0,True,5,4,False,accurate,1,1,False,False,11,False,False,,,,,,,,,,,
4489,31423.0,31508.125828332508,31524.369577235782,0,16.243748903274536,101.36957723578234,31451.0,True,5,4,False,accurate,0,0,False,False,10,False,False,,,,,,,,,,,
4490,31430.0,31524.369577235782,31543.100414682034,0,18.730837446252462,113.10041468203417,31458.0,True,6,5,True,accurate,0,0,False,False,9,False,False,,,,,,,,,,,
4491,31437.0,31543.100414682034,31559.78832415144,0,16.687909469405735,122.78832415143916,31465.0,True,7,6,True,accurate,1,1,False,False,8,False,False,,,,,,,,,,,
4496,31472.0,31559.78832415144,31584.08498719126,0,24.296663039823354,112.08498719126146,31500.0,True,6,5,True,accurate,1,1,False,False,3,False,False,,,,,,,,,,,
4497,31479.0,31584.08498719126,31611.780820364656,0,27.695833173394202,132.7808203646564,31507.0,True,7,6,True,accurate,0,0,False,False,2,True,False,,,,,,,,,,,
4498,31486.0,31611.780820364656,31645.855820364657,0,34.075,159.85582036465712,31514.0,True,7,6,True,accurate,0,0,False,False,1,True,False,,,,,,,,,,,
4500,31500.0,31645.855820364657,31664.950818720215,0,19.094998355557518,164.95081872021547,31528.0,True,8,7,True,accurate,0,0,False,False,99,False,False,,,,,,,,,,,
4503,31521.0,31664.950818720215,31679.564986184418,0,14.61416746420165,158.56498618441765,31549.0,True,8,7,True,accurate,0,0,False,False,96,False,False,,,,,,,,,,,
4505,31535.0,31679.564986184418,31696.9649838956,0,17.39999771118164,161.9649838955993,31563.0,True,8,7,True,accurate,1,1,False,False,94,False,False,,,,,,,,,,,
4508,31556.0,31696.9649838956,31711.464980080902,0,14.499996185302734,155.46498008090202,31584.0,True,8,7,True,accurate,0,0,False,False,91,False,False,,,,,,,,,,,
4509,31563.0,31711.464980080902,31722.66498084384,0,11.200000762939453,159.66498084384148,31591.0,True,8,7,True,accurate,0,0,False,False,90,False,False,,,,,,,,,,,
4511,31577.0,31722.66498084384,31744.064978555023,0,21.39999771118164,167.06497855502312,31605.0,True,9,8,True,accurate,0,0,False,False,88,False,False,,,,,,,,,,,
4512,31584.0,31744.064978555023,31760.464980080902,0,16.400001525878906,176.46498008090202,31612.0,True,10,9,True,accurate,0,0,False,False,87,False,False,,,,,,,,,,,
4515,31605.0,31760.464980080902,31777.764979317963,0,17.299999237060547,172.76497931796257,31633.0,True,10,9,True,accurate,0,0,False,False,84,False,False,,,,,,,,,,,
4516,31612.0,31777.764979317963,31789.364977792084,0,11.599998474121094,177.36497779208366,31640.0,True,10,9,True,accurate,0,0,False,False,83,False,False,,,,,,,,,,,
4518,31626.0,31789.364977792084,31802.664977029144,0,13.299999237060547,176.6649770291442,31654.0,True,11,10,True,accurate,0,0,False,False,81,False,False,,,,,,,,,,,
4520,31640.0,31802.664977029144,31814.464980080902,0,11.800003051757812,174.46498008090202,31668.0,True,12,11,True,accurate,0,0,False,False,79,False,False,,,,,,,,,,,
4521,31647.0,31814.464980080902,31830.26498313266,0,15.800003051757812,183.26498313265984,31675.0,True,12,11,True,accurate,1,1,False,False,78,False,False,,,,,,,,,,,
4524,31668.0,31830.26498313266,31844.26498313266,0,14.0,176.26498313265984,31696.0,True,12,11,True,accurate,0,0,False,False,75,False,False,,,,,,,,,,,
4526,31682.0,31844.26498313266,31856.56498236972,0,12.299999237060547,174.56498236972038,31710.0,True,12,11,True,accurate,0,0,False,False,73,False,False,,,,,,,,,,,
4527,31689.0,31856.56498236972,31884.36498160678,0,27.799999237060547,195.36498160678093,31717.0,True,13,12,True,accurate,0,0,False,False,72,False,False,,,,,,,,,,,
4531,31717.0,31884.36498160678,31896.36498160678,0,12.0,179.36498160678093,31745.0,True,12,11,True,accurate,0,0,False,False,68,False,False,,,,,,,,,,,
4534,31738.0,31896.36498160678,31909.264979317963,0,12.89999771118164,171.26497931796257,31766.0,True,12,11,True,accurate,0,0,False,False,65,False,False,,,,,,,,,,,
4539,31773.0,31909.264979317963,31920.36498160678,0,11.10000228881836,147.36498160678093,31801.0,True,11,10,True,accurate,0,0,False,False,60,False,False,,,,,,,,,,,
4540,31780.0,31920.36498160678,31932.86498160678,0,12.5,152.86498160678093,31808.0,True,11,10,True,accurate,0,0,False,False,59,False,False,,,,,,,,,,,
4543,31801.0,31932.86498160678,31945.26498313266,0,12.400001525878906,144.26498313265984,31829.0,True,11,10,True,accurate,0,0,False,False,56,False,False,,,,,,,,,,,
4544,31808.0,31945.26498313266,31958.364977792084,0,13.099994659423828,150.36497779208366,31836.0,True,11,10,True,accurate,0,0,False,False,55,False,False,,,,,,,,,,,
4545,31815.0,31958.364977792084,31970.064974740326,0,11.699996948242188,155.06497474032585,31843.0,True,11,10,True,accurate,0,0,False,False,54,False,False,,,,,,,,,,,
4548,31836.0,31970.064974740326,31983.664973214447,0,13.599998474121094,147.66497321444695,31864.0,True,11,10,True,accurate,0,0,False,False,51,False,False,,,,,,,,,,,
4554,31878.0,31983.664973214447,31998.464976266205,0,14.800003051757812,120.46497626620476,31906.0,True,10,9,True,accurate,1,1,False,False,45,False,False,,,,,,,,,,,
4555,31885.0,31998.464976266205,32008.86498160678,0,10.400005340576172,123.86498160678093,31913.0,True,10,9,True,accurate,0,0,False,False,44,False,False,,,,,,,,,,,
4560,31920.0,32008.86498160678,32020.56498236972,0,11.700000762939453,100.56498236972038,31948.0,True,9,8,True,accurate,0,0,False,False,39,False,False,,,,,,,,,,,
4564,31948.0,32020.56498236972,32033.4649838956,0,12.900001525878906,85.46498389559929,31976.0,True,7,6,True,accurate,0,0,False,False,35,False,False,,,,,,,,,,,
4567,31969.0,32033.4649838956,32050.76498313266,0,17.299999237060547,81.76498313265984,31997.0,True,7,6,True,accurate,0,0,False,False,32,False,False,,,,,,,,,,,
4570,31990.0,32050.76498313266,32065.36498160678,0,14.599998474121094,75.36498160678093,32018.0,True,6,5,True,accurate,0,0,False,False,29,False,False,,,,,,,,,,,
4573,32011.0,32065.36498160678,32081.9649838956,0,16.60000228881836,70.96498389559929,32039.0,True,5,4,False,accurate,1,1,False,False,26,False,False,,,,,,,,,,,
4574,32018.0,32081.9649838956,32095.964980080902,0,13.999996185302734,77.96498008090202,32046.0,True,6,5,True,accurate,0,0,False,False,25,False,False,,,,,,,,,,,
4575,32025.0,32095.964980080902,32108.464980080902,0,12.5,83.46498008090202,32053.0,True,6,5,True,accurate,0,0,False,False,24,False,False,,,,,,,,,,,
4576,32032.0,32108.464980080902,32122.964980080902,0,14.5,90.96498008090202,32060.0,True,7,6,True,accurate,0,0,False,False,23,False,False,,,,,,,,,,,
4580,32060.0,32122.964980080902,32136.06498236972,0,13.10000228881836,76.06498236972038,32088.0,True,6,5,True,accurate,1,1,False,False,19,False,False,,,,,,,,,,,
4582,32074.0,32136.06498236972,32149.76498313266,0,13.700000762939453,75.76498313265984,32102.0,True,6,5,True,accurate,1,1,False,False,17,False,False,,,,,,,,,,,
4583,32081.0,32149.76498313266,32164.764979317963,0,14.999996185302734,83.76497931796257,32109.0,True,7,6,True,accurate,0,0,False,False,16,False,False,,,,,,,,,,,
4584,32088.0,32164.764979317963,32177.464980080902,0,12.700000762939453,89.46498008090202,32116.0,True,7,6,True,accurate,1,1,False,False,15,False,False,,,,,,,,,,,
4588,32116.0,32177.464980080902,32190.164977029144,0,12.699996948242188,74.16497702914421,32144.0,True,6,5,True,accurate,0,0,False,False,11,False,False,,,,,,,,,,,
4593,32151.0,32190.164977029144,32202.964980080902,0,12.800003051757812,51.96498008090202,32179.0,True,4,3,False,accurate,0,0,False,False,6,False,False,,,,,,,,,,,
4597,32179.0,32202.964980080902,32215.564978555023,0,12.599998474121094,36.56497855502312,32207.0,True,3,2,False,accurate,0,0,False,False,2,True,False,,,,,,,,,,,
4602,32214.0,32215.564978555023,32228.764979317963,0,13.200000762939453,14.76497931796257,32242.0,False,2,1,False,accurate,0,0,False,False,97,False,True,,,,,,,,,,,
4604,32228.0,32228.764979317963,32242.564978555023,0,13.799999237060547,14.564978555023117,32256.0,False,2,1,False,accurate,0,0,False,False,95,False,True,,,,,,,,,,,
4605,32235.0,32242.564978555023,32254.76498313266,0,12.200004577636719,19.764983132659836,32263.0,False,2,1,False,accurate,1,1,False,False,94,False,True,,,,,,,,,,,
4607,32249.0,32254.76498313266,32274.964987710297,0,20.20000457763672,25.964987710296555,32277.0,False,2,1,False,accurate,0,0,False,False,92,False,True,,,,,,,,,,,
4610,32270.0,32274.964987710297,32289.564986184418,0,14.599998474121094,19.56498618441765,32298.0,False,2,1,False,accurate,0,0,False,False,89,False,True,,,,,,,,,,,
4614,32298.0,32298.0,32309.39999771118,0,11.39999771118164,11.39999771118164,32326.0,False,1,0,False,accurate,0,0,False,False,85,False,True,,,,,,,,,,,
4616,32312.0,32312.0,32332.20000076294,0,20.200000762939453,20.200000762939453,32340.0,False,1,0,False,accurate,0,0,False,False,83,False,True,,,,,,,,,,,
4621,32347.0,32347.0,32360.29999923706,0,13.299999237060547,13.299999237060547,32375.0,False,1,0,False,accurate,0,0,False,False,78,False,True,,,,,,,,,,,
4624,32368.0,32368.0,32381.39999771118,0,13.39999771118164,13.39999771118164,32396.0,False,1,0,False,accurate,0,0,False,False,75,False,True,,,,,,,,,,,
4627,32389.0,32389.0,32414.999996185303,0,25.999996185302734,25.999996185302734,32417.0,False,1,0,False,accurate,0,0,False,False,72,False,True,,,,,,,,,,,
4628,32396.0,32414.999996185303,32427.099994659424,0,12.099998474121094,31.099994659423828,32424.0,True,2,1,False,accurate,0,0,False,False,71,False,False,,,,,,,,,,,
4629,32403.0,32427.099994659424,32440.499992370605,0,13.39999771118164,37.49999237060547,32431.0,True,3,2,False,accurate,0,0,False,False,70,False,False,,,,,,,,,,,
4630,32410.0,32440.499992370605,32452.799991607666,0,12.299999237060547,42.799991607666016,32438.0,True,4,3,False,accurate,0,0,False,False,69,False,False,,,,,,,,,,,
4631,32417.0,32452.799991607666,32466.49998855591,0,13.699996948242188,49.4999885559082,32445.0,True,4,3,False,accurate,0,0,False,False,68,False,False,,,,,,,,,,,
4633,32431.0,32466.49998855591,32479.99998855591,0,13.5,48.9999885559082,32459.0,True,4,3,False,accurate,1,1,False,False,66,False,False,,,,,,,,,,,
4634,32438.0,32479.99998855591,32496.69998550415,0,16.699996948242188,58.69998550415039,32466.0,True,5,4,False,accurate,0,0,False,False,65,False,False,,,,,,,,,,,
4635,32445.0,32496.69998550415,32508.99998474121,0,12.299999237060547,63.99998474121094,32473.0,True,5,4,False,accurate,0,0,False,False,64,False,False,,,,,,,,,,,
4636,32452.0,32508.99998474121,32523.29998397827,0,14.299999237060547,71.29998397827148,32480.0,True,6,5,True,accurate,1,1,False,False,63,False,False,,,,,,,,,,,
4638,32466.0,32523.29998397827,32537.099983215332,0,13.799999237060547,71.09998321533203,32494.0,True,6,5,True,accurate,0,0,False,False,61,False,False,,,,,,,,,,,
4639,32473.0,32537.099983215332,32549.29998397827,0,12.200000762939453,76.29998397827148,32501.0,True,6,5,True,accurate,0,0,False,False,60,False,False,,,,,,,,,,,
4642,32494.0,32549.29998397827,32574.90998795271,0,25.610003974437745,80.90998795270934,32522.0,True,6,5,True,accurate,1,1,False,False,57,False,False,,,,,,,,,,,
4648,32536.0,32574.90998795271,32593.683320345084,0,18.773332392374662,57.68332034508421,32564.0,True,4,3,False,accurate,0,0,False,False,51,False,False,,,,,,,,,,,
4654,32578.0,32593.683320345084,32611.24998987357,0,17.56666952848433,33.249989873569575,32606.0,True,2,1,False,accurate,1,1,False,False,45,False,False,,,,,,,,,,,
4657,32599.0,32611.24998987357,32633.406653656166,0,22.156663782596603,34.40665365616587,32627.0,True,2,1,False,accurate,0,0,False,False,42,False,False,,,,,,,,,,,
4661,32627.0,32633.406653656166,32646.565401996773,0,13.158748340606689,19.56540199677329,32655.0,False,2,1,False,accurate,0,0,False,False,38,False,True,,,,,,,,,,,
4665,32655.0,32655.0,32668.60000228882,0,13.60000228881836,13.60000228881836,32683.0,False,1,0,False,accurate,0,0,False,False,34,False,True,,,,,,,,,,,
4666,32662.0,32668.60000228882,32682.0,0,13.39999771118164,20.0,32690.0,False,2,1,False,accurate,0,0,False,False,33,False,True,,,,,,,,,,,
4667,32669.0,32682.0,32698.60000228882,0,16.60000228881836,29.60000228881836,32697.0,True,2,1,False,accurate,0,0,False,False,32,False,False,,,,,,,,,,,
4668,32676.0,32698.60000228882,32712.60000228882,0,14.0,36.60000228881836,32704.0,True,3,2,False,accurate,0,0,False,False,31,False,False,,,,,,,,,,,
4670,32690.0,32712.60000228882,32727.0,0,14.39999771118164,37.0,32718.0,True,3,2,False,accurate,1,1,False,False,29,False,False,,,,,,,,,,,
4672,32704.0,32727.0,32740.0,0,13.0,36.0,32732.0,True,3,2,False,accurate,0,0,False,False,27,False,False,,,,,,,,,,,
4674,32718.0,32740.0,32752.0,0,12.0,34.0,32746.0,True,3,2,False,accurate,0,0,False,False,25,False,False,,,,,,,,,,,
4676,32732.0,32752.0,32767.60000228882,0,15.60000228881836,35.60000228881836,32760.0,True,3,2,False,accurate,1,1,False,False,23,False,False,,,,,,,,,,,
4678,32746.0,32767.60000228882,32781.0000038147,0,13.400001525878906,35.000003814697266,32774.0,True,3,2,False,accurate,1,1,False,False,21,False,False,,,,,,,,,,,
4683,32781.0,32781.0000038147,32792.80000305176,0,11.799999237060547,11.800003051757812,32809.0,False,2,1,False,accurate,0,0,False,False,16,False,True,,,,,,,,,,,
4684,32788.0,32792.80000305176,32814.90000152588,0,22.099998474121094,26.900001525878906,32816.0,False,2,1,False,accurate,1,1,False,False,15,False,True,,,,,,,,,,,
4685,32795.0,32814.90000152588,32825.800006866455,0,10.900005340576172,30.800006866455078,32823.0,True,2,1,False,accurate,1,1,False,False,14,False,False,,,,,,,,,,,
4688,32816.0,32825.800006866455,32849.10000991821,0,23.300003051757812,33.10000991821289,32844.0,True,2,1,False,accurate,0,0,False,False,11,False,False,,,,,,,,,,,
4689,32823.0,32849.10000991821,32903.700008392334,0,54.599998474121094,80.70000839233398,32851.0,True,3,2,False,accurate,1,1,False,False,10,False,False,,,,,,,,,,,
4690,32830.0,32903.700008392334,32921.400005340576,0,17.699996948242188,91.40000534057617,32858.0,True,3,2,False,accurate,0,0,False,False,9,False,False,,,,,,,,,,,
4691,32837.0,32921.400005340576,32956.200008392334,0,34.80000305175781,119.20000839233398,32865.0,True,4,3,False,accurate,1,1,False,False,8,False,False,,,,,,,,,,,
4693,32851.0,32956.200008392334,32971.80001068115,0,15.60000228881836,120.80001068115234,32879.0,True,4,3,False,accurate,0,0,False,False,6,False,False,,,,,,,,,,,
4694,32858.0,32971.80001068115,32986.70001220703,0,14.900001525878906,128.70001220703125,32886.0,True,5,4,False,accurate,1,1,False,False,5,False,False,,,,,,,,,,,
4700,32900.0,32986.70001220703,33002.80001449585,0,16.10000228881836,102.80001449584961,32928.0,True,6,5,True,accurate,1,1,False,False,99,False,False,,,,,,,,,,,
4702,32914.0,33002.80001449585,33017.30001449585,0,14.5,103.30001449584961,32942.0,True,6,5,True,accurate,0,0,False,False,97,False,False,,,,,,,,,,,
4704,32928.0,33017.30001449585,33031.70001602173,0,14.400001525878906,103.70001602172852,32956.0,True,6,5,True,accurate,0,0,False,False,95,False,False,,,,,,,,,,,
4706,32942.0,33031.70001602173,33042.00001525879,0,10.299999237060547,100.00001525878906,32970.0,True,7,6,True,accurate,0,0,False,False,93,False,False,,,,,,,,,,,
4707,32949.0,33042.00001525879,33056.000019073486,0,14.000003814697266,107.00001907348633,32977.0,True,8,7,True,accurate,0,0,False,False,92,False,False,,,,,,,,,,,
4710,32970.0,33056.000019073486,33070.000019073486,0,14.0,100.00001907348633,32998.0,True,8,7,True,accurate,0,0,False,False,89,False,False,,,,,,,,,,,
4711,32977.0,33070.000019073486,33082.40001678467,0,12.39999771118164,105.40001678466797,33005.0,True,8,7,True,accurate,0,0,False,False,88,False,False,,,,,,,,,,,
4712,32984.0,33082.40001678467,33115.90001678467,0,33.5,131.90001678466797,33012.0,True,9,8,True,accurate,1,1,False,False,87,False,False,,,,,,,,,,,
4717,33019.0,33115.90001678467,33129.500019073486,0,13.60000228881836,110.50001907348633,33047.0,True,7,6,True,accurate,0,0,False,False,82,False,False,,,,,,,,,,,
4718,33026.0,33129.500019073486,33143.600021362305,0,14.10000228881836,117.60002136230469,33054.0,True,8,7,True,accurate,0,0,False,False,81,False,False,,,,,,,,,,,
4721,33047.0,33143.600021362305,33163.80002593994,0,20.20000457763672,116.8000259399414,33075.0,True,7,6,True,accurate,0,0,False,False,78,False,False,,,,,,,,,,,
4722,33054.0,33163.80002593994,33175.600025177,0,11.799999237060547,121.60002517700195,33082.0,True,8,7,True,accurate,0,0,False,False,77,False,False,,,,,,,,,,,
4730,33110.0,33175.600025177,33193.50002670288,0,17.900001525878906,83.50002670288086,33138.0,True,6,5,True,accurate,0,0,False,False,69,False,False,,,,,,,,,,,
4732,33124.0,33193.50002670288,33208.80002975464,0,15.300003051757812,84.80002975463867,33152.0,True,6,5,True,accurate,0,0,False,False,67,False,False,,,,,,,,,,,
4737,33159.0,33208.80002975464,33221.20002746582,0,12.39999771118164,62.20002746582031,33187.0,True,5,4,False,accurate,0,0,False,False,62,False,False,,,,,,,,,,,
4742,33194.0,33221.20002746582,33234.80002593994,0,13.599998474121094,40.800025939941406,33222.0,True,3,2,False,accurate,0,0,False,False,57,False,False,,,,,,,,,,,
4743,33201.0,33234.80002593994,33250.70002365112,0,15.89999771118164,49.70002365112305,33229.0,True,4,3,False,accurate,0,0,False,False,56,False,False,,,,,,,,,,,
4745,33215.0,33250.70002365112,33265.50002288818,0,14.799999237060547,50.500022888183594,33243.0,True,4,3,False,accurate,0,0,False,False,54,False,False,,,,,,,,,,,
4749,33243.0,33265.50002288818,33279.50002288818,0,14.0,36.500022888183594,33271.0,True,3,2,False,accurate,0,0,False,False,50,False,False,,,,,,,,,,,
4751,33257.0,33279.50002288818,33294.40002441406,0,14.900001525878906,37.4000244140625,33285.0,True,3,2,False,accurate,0,0,False,False,48,False,False,,,,,,,,,,,
4752,33264.0,33294.40002441406,33311.70002365112,0,17.299999237060547,47.70002365112305,33292.0,True,4,3,False,accurate,0,0,False,False,47,False,False,,,,,,,,,,,
4755,33285.0,33311.70002365112,33327.50002288818,0,15.799999237060547,42.500022888183594,33313.0,True,3,2,False,accurate,0,0,False,False,44,False,False,,,,,,,,,,,
4756,33292.0,33327.50002288818,33340.80002593994,0,13.300003051757812,48.800025939941406,33320.0,True,4,3,False,accurate,0,0,False,False,43,False,False,,,,,,,,,,,
4762,33334.0,33340.80002593994,33354.00002288818,0,13.199996948242188,20.000022888183594,33362.0,False,2,1,False,accurate,1,1,False,False,37,False,True,,,,,,,,,,,
4763,33341.0,33354.00002288818,33376.300022125244,0,22.299999237060547,35.30002212524414,33369.0,True,2,1,False,accurate,1,1,False,False,36,False,False,,,,,,,,,,,
4765,33355.0,33376.300022125244,33388.200019836426,0,11.89999771118164,33.20001983642578,33383.0,True,2,1,False,accurate,0,0,False,False,34,False,False,,,,,,,,,,,
4768,33376.0,33388.200019836426,33400.400020599365,0,12.200000762939453,24.400020599365234,33404.0,False,3,2,False,accurate,0,0,False,False,31,False,True,,,,,,,,,,,
4771,33397.0,33400.400020599365,33413.200019836426,0,12.799999237060547,16.20001983642578,33425.0,False,2,1,False,accurate,0,0,False,False,28,False,True,,,,,,,,,,,
4772,33404.0,33413.200019836426,33429.600021362305,0,16.400001525878906,25.600021362304688,33432.0,False,2,1,False,accurate,0,0,False,False,27,False,True,,,,,,,,,,,
4774,33418.0,33429.600021362305,33449.40002441406,0,19.800003051757812,31.4000244140625,33446.0,True,2,1,False,accurate,0,0,False,False,25,False,False,,,,,,,,,,,
4775,33425.0,33449.40002441406,33461.30002593994,0,11.900001525878906,36.300025939941406,33453.0,True,3,2,False,accurate,0,0,False,False,24,False,False,,,,,,,,,,,
4777,33439.0,33461.30002593994,33473.00002670288,0,11.700000762939453,34.00002670288086,33467.0,True,3,2,False,accurate,0,0,False,False,22,False,False,,,,,,,,,,,
4778,33446.0,33473.00002670288,33487.100025177,0,14.099998474121094,41.10002517700195,33474.0,True,4,3,False,accurate,1,1,False,False,21,False,False,,,,,,,,,,,
4779,33453.0,33487.100025177,33500.50002670288,0,13.400001525878906,47.50002670288086,33481.0,True,4,3,False,accurate,0,0,False,False,20,False,False,,,,,,,,,,,
4781,33467.0,33500.50002670288,33513.30002593994,0,12.799999237060547,46.300025939941406,33495.0,True,4,3,False,accurate,0,0,False,False,18,False,False,,,,,,,,,,,
4782,33474.0,33513.30002593994,33536.70002746582,0,23.400001525878906,62.70002746582031,33502.0,True,4,3,False,accurate,0,0,False,False,17,False,False,,,,,,,,,,,
4784,33488.0,33536.70002746582,33559.20002746582,0,22.5,71.20002746582031,33516.0,True,4,3,False,accurate,1,1,False,False,15,False,False,,,,,,,,,,,
4786,33502.0,33559.20002746582,33571.70002746582,0,12.5,69.70002746582031,33530.0,True,4,3,False,accurate,0,0,False,False,13,False,False,,,,,,,,,,,
4787,33509.0,33571.70002746582,33586.70003128052,0,15.000003814697266,77.70003128051758,33537.0,True,5,4,False,accurate,0,0,False,False,12,False,False,,,,,,,,,,,
4788,33516.0,33586.70003128052,33599.6000289917,0,12.89999771118164,83.60002899169922,33544.0,True,5,4,False,accurate,0,0,False,False,11,False,False,,,,,,,,,,,
4789,33523.0,33599.6000289917,33614.00002670288,0,14.39999771118164,91.00002670288086,33551.0,True,6,5,True,accurate,0,0,False,False,10,False,False,,,,,,,,,,,
4792,33544.0,33614.00002670288,33629.00002670288,0,15.0,85.00002670288086,33572.0,True,6,5,True,accurate,1,1,False,False,7,False,False,,,,,,,,,,,
4795,33565.0,33629.00002670288,33643.900020599365,0,14.899993896484375,78.90002059936523,33593.0,True,6,5,True,accurate,0,0,False,False,4,False,False,,,,,,,,,,,
4796,33572.0,33643.900020599365,33661.20002365112,0,17.300003051757812,89.20002365112305,33600.0,True,6,5,True,accurate,1,1,False,False,3,False,False,,,,,,,,,,,
4799,33593.0,33661.20002365112,33675.30002593994,0,14.10000228881836,82.3000259399414,33621.0,True,6,5,True,accurate,0,0,False,True,0,True,False,,,,,,,,,,,
4801,33607.0,33675.30002593994,33699.69418985407,0,24.394163914124192,92.6941898540681,33635.0,True,6,5,True,accurate,0,0,False,False,98,False,False,,,,,,,,,,,
4802,33614.0,33699.69418985407,33720.54335794986,0,20.849168095787377,106.54335794985673,33642.0,True,7,6,True,accurate,0,0,False,False,97,False,False,,,,,,,,,,,
4803,33621.0,33720.54335794986,33747.31086164057,0,26.7675036907196,126.31086164057342,33649.0,True,7,6,True,accurate,0,0,False,False,96,False,False,,,,,,,,,,,
4805,33635.0,33747.31086164057,33765.805441582204,0,18.49457994163033,130.80544158220437,33663.0,True,7,6,True,accurate,0,0,False,False,94,False,False,,,,,,,,,,,
4807,33649.0,33765.805441582204,33787.49502471388,0,21.68958313167095,138.49502471387677,33677.0,True,7,6,True,accurate,0,0,False,False,92,False,False,,,,,,,,,,,
4813,33691.0,33787.49502471388,33816.15710920582,0,28.662084491948292,125.15710920582205,33719.0,True,6,5,True,accurate,1,1,False,False,86,False,False,,,,,,,,,,,
4814,33698.0,33816.15710920582,33831.14044541488,0,14.983336209058747,133.14044541487965,33726.0,True,7,6,True,accurate,0,0,False,False,85,False,False,,,,,,,,,,,
4818,33726.0,33831.14044541488,33847.82544631133,0,16.685000896453857,121.82544631133351,33754.0,True,6,5,True,accurate,0,0,False,False,81,False,False,,,,,,,,,,,
4820,33740.0,33847.82544631133,33869.71211134225,0,21.88666503091653,129.71211134224723,33768.0,True,7,6,True,accurate,0,0,False,False,79,False,False,,,,,,,,,,,
4821,33747.0,33869.71211134225,33883.95835553437,0,14.246244192123411,136.95835553437064,33775.0,True,8,7,True,accurate,0,0,False,False,78,False,False,,,,,,,,,,,
4823,33761.0,33883.95835553437,33894.9704396622,0,11.012084127825995,133.97043966219644,33789.0,True,8,7,True,accurate,1,1,False,False,76,False,False,,,,,,,,,,,
4825,33775.0,33894.9704396622,33906.77043889926,0,11.799999237060547,131.770438899257,33803.0,True,8,7,True,accurate,0,0,False,False,74,False,False,,,,,,,,,,,
4827,33789.0,33906.77043889926,33921.77043889926,0,15.0,132.770438899257,33817.0,True,8,7,True,accurate,0,0,False,False,72,False,False,,,,,,,,,,,
4828,33796.0,33921.77043889926,33937.27043889926,0,15.5,141.270438899257,33824.0,True,9,8,True,accurate,0,0,False,False,71,False,False,,,,,,,,,,,
4834,33838.0,33937.27043889926,33957.870441188075,0,20.60000228881836,119.87044118807535,33866.0,True,8,7,True,accurate,0,0,False,False,65,False,False,,,,,,,,,,,
4835,33845.0,33957.870441188075,33969.570441951015,0,11.700000762939453,124.5704419510148,33873.0,True,9,8,True,accurate,0,0,False,False,64,False,False,,,,,,,,,,,
4836,33852.0,33969.570441951015,33984.070441951015,0,14.5,132.0704419510148,33880.0,True,9,8,True,accurate,0,0,False,False,63,False,False,,,,,,,,,,,
4837,33859.0,33984.070441951015,33994.870441188075,0,10.799999237060547,135.87044118807535,33887.0,True,10,9,True,accurate,0,0,False,False,62,False,False,,,,,,,,,,,
4838,33866.0,33994.870441188075,34009.17044423983,0,14.300003051757812,143.17044423983316,33894.0,True,11,10,True,accurate,1,1,False,False,61,False,False,,,,,,,,,,,
4844,33908.0,34009.17044423983,34020.870441188075,0,11.699996948242188,112.87044118807535,33936.0,True,8,7,True,accurate,0,0,False,False,55,False,False,,,,,,,,,,,
4845,33915.0,34020.870441188075,34037.070441951015,0,16.200000762939453,122.0704419510148,33943.0,True,9,8,True,accurate,0,0,False,False,54,False,False,,,,,,,,,,,
4846,33922.0,34037.070441951015,34052.670440425136,0,15.599998474121094,130.6704404251359,33950.0,True,9,8,True,accurate,0,0,False,False,53,False,False,,,,,,,,,,,
4848,33936.0,34052.670440425136,34065.9704396622,0,13.299999237060547,129.97043966219644,33964.0,True,10,9,True,accurate,0,0,False,False,51,False,False,,,,,,,,,,,
4849,33943.0,34065.9704396622,34086.9704396622,0,21.0,143.97043966219644,33971.0,True,10,9,True,accurate,1,1,False,False,50,False,False,,,,,,,,,,,
4855,33985.0,34086.9704396622,34100.4704396622,0,13.5,115.47043966219644,34013.0,True,8,7,True,accurate,0,0,False,False,44,False,False,,,,,,,,,,,
4856,33992.0,34100.4704396622,34113.67044423983,0,13.200004577636719,121.67044423983316,34020.0,True,9,8,True,accurate,0,0,False,False,43,False,False,,,,,,,,,,,
4857,33999.0,34113.67044423983,34129.4704396622,0,15.799995422363281,130.47043966219644,34027.0,True,9,8,True,accurate,0,0,False,False,42,False,False,,,,,,,,,,,
4860,34020.0,34129.4704396622,34146.07043813632,0,16.599998474121094,126.07043813631753,34048.0,True,9,8,True,accurate,0,0,False,False,39,False,False,,,,,,,,,,,
4862,34034.0,34146.07043813632,34163.070441951015,0,17.000003814697266,129.0704419510148,34062.0,True,9,8,True,accurate,0,0,False,False,37,False,False,,,,,,,,,,,
4864,34048.0,34163.070441951015,34176.170440425136,0,13.099998474121094,128.1704404251359,34076.0,True,9,8,True,accurate,1,1,False,False,35,False,False,,,,,,,,,,,
4866,34062.0,34176.170440425136,34188.9704396622,0,12.799999237060547,126.97043966219644,34090.0,True,9,8,True,accurate,0,0,False,False,33,False,False,,,,,,,,,,,
4867,34069.0,34188.9704396622,34204.07043813632,0,15.099998474121094,135.07043813631753,34097.0,True,9,8,True,accurate,1,1,False,False,32,False,False,,,,,,,,,,,
4868,34076.0,34204.07043813632,34217.170440425136,0,13.10000228881836,141.1704404251359,34104.0,True,10,9,True,accurate,0,0,False,False,31,False,False,,,,,,,,,,,
4870,34090.0,34217.170440425136,34228.670440425136,0,11.5,138.6704404251359,34118.0,True,10,9,True,accurate,0,0,False,False,29,False,False,,,,,,,,,,,
4874,34118.0,34228.670440425136,34242.57043813632,0,13.89999771118164,124.57043813631753,34146.0,True,9,8,True,accurate,0,0,False,False,25,False,False,,,,,,,,,,,
4879,34153.0,34242.57043813632,34254.77043889926,0,12.200000762939453,101.77043889925699,34181.0,True,8,7,True,accurate,1,1,False,False,20,False,False,,,,,,,,,,,
4882,34174.0,34254.77043889926,34269.07043813632,0,14.299999237060547,95.07043813631753,34202.0,True,8,7,True,accurate,0,0,False,False,17,False,False,,,,,,,,,,,
4884,34188.0,34269.07043813632,34281.07043813632,0,12.0,93.07043813631753,34216.0,True,8,7,True,accurate,0,0,False,False,15,False,False,,,,,,,,,,,
4885,34195.0,34281.07043813632,34318.37043737338,0,37.29999923706055,123.37043737337808,34223.0,True,8,7,True,accurate,0,0,False,False,14,False,False,,,,,,,,,,,
4898,34286.0,34318.37043737338,34332.67043661044,0,14.299999237060547,46.67043661043863,34314.0,True,2,1,False,accurate,1,1,False,False,1,True,False,,,,,,,,,,,
4899,34293.0,34332.67043661044,34345.87043737338,0,13.200000762939453,52.87043737337808,34321.0,True,3,2,False,accurate,0,0,False,True,0,True,False,,,,,,,,,,,
4903,34321.0,34345.87043737338,34361.37043355868,0,15.499996185302734,40.370433558680816,34349.0,True,3,2,False,accurate,0,0,False,False,96,False,False,,,,,,,,,,,
4904,34328.0,34361.37043355868,34371.4704358475,0,10.10000228881836,43.470435847499175,34356.0,True,4,3,False,accurate,0,0,False,False,95,False,False,,,,,,,,,,,
4907,34349.0,34371.4704358475,34404.07043813632,0,32.60000228881836,55.070438136317534,34377.0,True,3,2,False,accurate,1,1,False,False,92,False,False,,,,,,,,,,,
4908,34356.0,34404.07043813632,34426.770442713954,0,22.70000457763672,70.77044271395425,34384.0,True,4,3,False,accurate,1,1,False,False,91,False,False,,,,,,,,,,,
4909,34363.0,34426.770442713954,34447.57043813632,0,20.79999542236328,84.57043813631753,34391.0,True,4,3,False,accurate,0,0,False,False,90,False,False,,,,,,,,,,,
4912,34384.0,34447.57043813632,34460.9704358475,0,13.39999771118164,76.97043584749917,34412.0,True,4,3,False,accurate,0,0,False,False,87,False,False,,,,,,,,,,,
4914,34398.0,34460.9704358475,34479.57043432162,0,18.599998474121094,81.57043432162027,34426.0,True,5,4,False,accurate,1,1,False,False,85,False,False,,,,,,,,,,,
4920,34440.0,34479.57043432162,34501.27043508456,0,21.700000762939453,61.27043508455972,34468.0,True,4,3,False,accurate,0,0,False,False,79,False,False,,,,,,,,,,,
4925,34475.0,34501.27043508456,34515.9704396622,0,14.700004577636719,40.97043966219644,34503.0,True,3,2,False,accurate,1,1,False,False,74,False,False,,,,,,,,,,,
4927,34489.0,34515.9704396622,34531.270442713954,0,15.300003051757812,42.27044271395425,34517.0,True,3,2,False,accurate,0,0,False,False,72,False,False,,,,,,,,,,,
4931,34517.0,34531.270442713954,34563.17044423983,0,31.900001525878906,46.17044423983316,34545.0,True,2,1,False,accurate,0,0,False,False,68,False,False,,,,,,,,,,,
4932,34524.0,34563.17044423983,34579.67044805453,0,16.500003814697266,55.670448054530425,34552.0,True,3,2,False,accurate,0,0,False,False,67,False,False,,,,,,,,,,,
4933,34531.0,34579.67044805453,34597.770454158046,0,18.100006103515625,66.77045415804605,34559.0,True,4,3,False,accurate,0,0,False,False,66,False,False,,,,,,,,,,,
4936,34552.0,34597.770454158046,34610.97045873568,0,13.200004577636719,58.97045873568277,34580.0,True,4,3,False,accurate,0,0,False,False,63,False,False,,,,,,,,,,,
4938,34566.0,34610.97045873568,34625.370456446864,0,14.39999771118164,59.37045644686441,34594.0,True,4,3,False,accurate,1,1,False,False,61,False,False,,,,,,,,,,,
4939,34573.0,34625.370456446864,34639.070457209804,0,13.700000762939453,66.07045720980386,34601.0,True,5,4,False,accurate,0,0,False,False,60,False,False,,,,,,,,,,,
4946,34622.0,34639.070457209804,34650.170455683925,0,11.099998474121094,28.170455683924956,34650.0,True,3,2,False,accurate,1,1,False,False,53,False,False,,,,,,,,,,,
4947,34629.0,34650.170455683925,34662.170455683925,0,12.0,33.170455683924956,34657.0,True,3,2,False,accurate,0,0,False,False,52,False,False,,,,,,,,,,,
4949,34643.0,34662.170455683925,34675.77045797274,0,13.60000228881836,32.770457972743316,34671.0,True,3,2,False,accurate,0,0,False,False,50,False,False,,,,,,,,,,,
4952,34664.0,34675.77045797274,34689.47045873568,0,13.700000762939453,25.47045873568277,34692.0,False,2,1,False,accurate,0,0,False,False,47,False,True,,,,,,,,,,,
4960,34720.0,34720.0,34739.37999610901,0,19.37999610900879,19.3799961090117,34748.0,False,1,0,False,accurate,0,0,False,False,39,False,True,,,,,,,,,,,
4962,34734.0,34739.37999610901,34772.2133297205,0,32.83333361148834,38.21332972050004,34762.0,True,2,1,False,accurate,0,0,False,False,37,False,False,,,,,,,,,,,
4963,34741.0,34772.2133297205,34792.53082726002,0,20.31749753952026,51.530827260023216,34769.0,True,2,1,False,accurate,0,0,False,False,36,False,False,,,,,,,,,,,
4966,34762.0,34792.53082726002,34820.743327260025,0,28.2125,58.74332726002467,34790.0,True,3,2,False,accurate,0,0,False,False,33,False,False,,,,,,,,,,,
4967,34769.0,34820.743327260025,34839.590824802326,0,18.847497542301834,70.5908248023261,34797.0,True,4,3,False,accurate,0,0,False,False,32,False,False,,,,,,,,,,,
4968,34776.0,34839.590824802326,34858.070828334494,0,18.48000353217128,82.07082833449385,34804.0,True,4,3,False,accurate,1,1,False,False,31,False,False,,,,,,,,,,,
4971,34797.0,34858.070828334494,34881.37874734064,0,23.307919006148996,84.37874734064098,34825.0,True,4,3,False,accurate,0,0,False,False,28,False,False,,,,,,,,,,,
4977,34839.0,34881.37874734064,34904.378333297274,0,22.999585956633073,65.37833329727437,34867.0,True,4,3,False,accurate,1,1,False,False,22,False,False,,,,,,,,,,,
4980,34860.0,34904.378333297274,34920.56999575461,0,16.19166245733697,60.56999575460941,34888.0,True,3,2,False,accurate,0,0,False,False,19,False,False,,,,,,,,,,,
4982,34874.0,34920.56999575461,34934.539996585,0,13.970000830392044,60.53999658500106,34902.0,True,4,3,False,accurate,0,0,False,False,17,False,False,,,,,,,,,,,
4985,34895.0,34934.539996585,34948.93999811088,0,14.400001525878906,53.93999811087997,34923.0,True,4,3,False,accurate,0,0,False,False,14,False,False,,,,,,,,,,,
4986,34902.0,34948.93999811088,34965.73999734794,0,16.799999237060547,63.739997347940516,34930.0,True,5,4,False,accurate,0,0,False,False,13,False,False,,,,,,,,,,,
4988,34916.0,34965.73999734794,34978.33999963676,0,12.60000228881836,62.339999636758876,34944.0,True,5,4,False,accurate,0,0,False,False,11,False,False,,,,,,,,,,,
4989,34923.0,34978.33999963676,34988.83999963676,0,10.5,65.83999963675888,34951.0,True,5,4,False,accurate,0,0,False,False,10,False,False,,,,,,,,,,,
4990,34930.0,34988.83999963676,34999.93999811088,0,11.099998474121094,69.93999811087997,34958.0,True,6,5,True,accurate,0,0,False,False,9,False,False,,,,,,,,,,,
4994,34958.0,34999.93999811088,35013.0400003997,0,13.10000228881836,55.04000039969833,34986.0,True,5,4,False,accurate,0,0,False,False,5,False,False,,,,,,,,,,,
5000,35000.0,35013.0400003997,35030.74000116264,0,17.700000762939453,30.740001162637782,35028.0,True,2,1,False,accurate,1,1,False,False,99,False,False,,,,,,,,,,,
5001,35007.0,35030.74000116264,35047.240004977335,0,16.500003814697266,40.24000497733505,35035.0,True,3,2,False,accurate,0,0,False,False,98,False,False,,,,,,,,,,,
5003,35021.0,35047.240004977335,35061.540004214396,0,14.299999237060547,40.540004214395594,35049.0,True,3,2,False,accurate,0,0,False,False,96,False,False,,,,,,,,,,,
5008,35056.0,35061.540004214396,35079.64000268852,0,18.099998474121094,23.640002688516688,35084.0,False,2,1,False,accurate,0,0,False,False,91,False,True,,,,,,,,,,,
5014,35098.0,35098.0,35115.29999542236,0,17.29999542236328,17.29999542236328,35126.0,False,1,0,False,accurate,0,0,False,False,85,False,True,,,,,,,,,,,
5018,35126.0,35126.0,35140.60000228882,0,14.60000228881836,14.60000228881836,35154.0,False,1,0,False,accurate,0,0,False,False,81,False,True,,,,,,,,,,,
5019,35133.0,35140.60000228882,35153.80000305176,0,13.200000762939453,20.800003051757812,35161.0,False,2,1,False,accurate,0,0,False,False,80,False,True,,,,,,,,,,,
5025,35175.0,35175.0,35187.60000228882,0,12.60000228881836,12.60000228881836,35203.0,False,1,0,False,accurate,0,0,False,False,74,False,True,,,,,,,,,,,
5026,35182.0,35187.60000228882,35214.30000305176,0,26.700000762939453,32.30000305175781,35210.0,True,2,1,False,accurate,0,0,False,False,73,False,False,,,,,,,,,,,
5027,35189.0,35214.30000305176,35228.300006866455,0,14.000003814697266,39.30000686645508,35217.0,True,2,1,False,accurate,0,0,False,False,72,False,False,,,,,,,,,,,
5030,35210.0,35228.300006866455,35240.0000038147,0,11.699996948242188,30.000003814697266,35238.0,True,3,2,False,accurate,0,0,False,False,69,False,False,,,,,,,,,,,
5035,35245.0,35245.0,35257.0,0,12.0,12.0,35273.0,False,1,0,False,accurate,0,0,False,False,64,False,True,,,,,,,,,,,
5043,35301.0,35301.0,35313.5,0,12.5,12.5,35329.0,False,1,0,False,accurate,0,0,False,False,56,False,True,,,,,,,,,,,
5044,35308.0,35313.5,35328.09999847412,0,14.599998474121094,20.099998474121094,35336.0,False,2,1,False,accurate,0,0,False,False,55,False,True,,,,,,,,,,,
5048,35336.0,35336.0,35355.89999771118,0,19.89999771118164,19.89999771118164,35364.0,False,1,0,False,accurate,0,0,False,False,51,False,True,,,,,,,,,,,
5052,35364.0,35364.0,35379.69999694824,0,15.699996948242188,15.699996948242188,35392.0,False,1,0,False,accurate,0,0,False,False,47,False,True,,,,,,,,,,,
5055,35385.0,35385.0,35398.20000076294,0,13.200000762939453,13.200000762939453,35413.0,False,1,0,False,accurate,1,1,False,False,44,False,True,,,,,,,,,,,
5056,35392.0,35398.20000076294,35415.20000457764,0,17.000003814697266,23.20000457763672,35420.0,False,2,1,False,accurate,0,0,False,False,43,False,True,,,,,,,,,,,
5059,35413.0,35415.20000457764,35429.000007629395,0,13.800003051757812,16.00000762939453,35441.0,False,2,1,False,accurate,0,0,False,False,40,False,True,,,,,,,,,,,
5063,35441.0,35441.0,35454.09999847412,0,13.099998474121094,13.099998474121094,35469.0,False,1,0,False,accurate,0,0,False,False,36,False,True,,,,,,,,,,,
5068,35476.0,35476.0,35486.0,0,10.0,10.0,35504.0,False,1,0,False,accurate,0,0,False,False,31,False,True,,,,,,,,,,,
5070,35490.0,35490.0,35507.19999694824,0,17.199996948242188,17.199996948242188,35518.0,False,1,0,False,accurate,1,1,False,False,29,False,True,,,,,,,,,,,
5071,35497.0,35507.19999694824,35519.5,0,12.300003051757812,22.5,35525.0,False,2,1,False,accurate,0,0,False,False,28,False,True,,,,,,,,,,,
5073,35511.0,35519.5,35532.29999923706,0,12.799999237060547,21.299999237060547,35539.0,False,2,1,False,accurate,1,1,False,False,26,False,True,,,,,,,,,,,
5077,35539.0,35539.0,35555.20000076294,0,16.200000762939453,16.200000762939453,35567.0,False,1,0,False,accurate,0,0,False,False,22,False,True,,,,,,,,,,,
5079,35553.0,35555.20000076294,35567.90000152588,0,12.700000762939453,14.900001525878906,35581.0,False,2,1,False,accurate,0,0,False,False,20,False,True,,,,,,,,,,,
5081,35567.0,35567.90000152588,35585.30000305176,0,17.400001525878906,18.300003051757812,35595.0,False,2,1,False,accurate,1,1,False,False,18,False,True,,,,,,,,,,,
5082,35574.0,35585.30000305176,35596.90000152588,0,11.599998474121094,22.900001525878906,35602.0,False,2,1,False,accurate,0,0,False,False,17,False,True,,,,,,,,,,,
5086,35602.0,35602.0,35613.60000228882,0,11.60000228881836,11.60000228881836,35630.0,False,1,0,False,accurate,1,1,False,False,13,False,True,,,,,,,,,,,
5088,35616.0,35616.0,35628.79999923706,0,12.799999237060547,12.799999237060547,35644.0,False,1,0,False,accurate,0,0,False,False,11,False,True,,,,,,,,,,,
5092,35644.0,35644.0,35679.39999771118,0,35.39999771118164,35.39999771118164,35672.0,True,1,0,False,accurate,0,0,False,False,7,False,False,,,,,,,,,,,
5095,35665.0,35679.39999771118,35690.599994659424,0,11.199996948242188,25.599994659423828,35693.0,False,2,1,False,accurate,0,0,False,False,4,False,True,,,,,,,,,,,
5096,35672.0,35690.599994659424,35705.59999847412,0,15.000003814697266,33.599998474121094,35700.0,True,3,2,False,accurate,0,0,False,False,3,False,False,,,,,,,,,,,
5097,35679.0,35705.59999847412,35731.60000228882,0,26.000003814697266,52.60000228881836,35707.0,True,4,3,False,accurate,0,0,False,False,2,True,False,,,,,,,,,,,
5100,35700.0,35731.60000228882,35746.0,0,14.39999771118164,46.0,35728.0,True,3,2,False,accurate,1,1,False,False,99,False,False,,,,,,,,,,,
5102,35714.0,35746.0,35761.29999923706,0,15.299999237060547,47.29999923706055,35742.0,True,3,2,False,accurate,0,0,False,False,97,False,False,,,,,,,,,,,
5103,35721.0,35761.29999923706,35780.19999694824,0,18.89999771118164,59.19999694824219,35749.0,True,4,3,False,accurate,1,1,False,False,96,False,False,,,,,,,,,,,
5104,35728.0,35780.19999694824,35793.4999961853,0,13.299999237060547,65.49999618530273,35756.0,True,5,4,False,accurate,0,0,False,False,95,False,False,,,,,,,,,,,
5109,35763.0,35793.4999961853,35807.4999961853,0,14.0,44.499996185302734,35791.0,True,3,2,False,accurate,1,1,False,False,90,False,False,,,,,,,,,,,
5114,35798.0,35807.4999961853,35818.299991607666,0,10.799995422363281,20.299991607666016,35826.0,False,2,1,False,accurate,0,0,False,False,85,False,True,,,,,,,,,,,
5116,35812.0,35818.299991607666,35830.79998779297,0,12.499996185302734,18.79998779296875,35840.0,False,2,1,False,accurate,0,0,False,False,83,False,True,,,,,,,,,,,
5123,35861.0,35861.0,35884.22000246048,0,23.220002460479733,23.220002460482647,35889.0,False,1,0,False,accurate,0,0,False,False,76,False,True,,,,,,,,,,,
5125,35875.0,35884.22000246048,35906.289170510376,0,22.0691680498918,31.289170510375698,35903.0,True,2,1,False,accurate,1,1,False,False,74,False,False,,,,,,,,,,,
5127,35889.0,35906.289170510376,35969.562918780844,0,63.2737482704719,80.56291878084448,35917.0,True,2,1,False,accurate,0,0,False,False,72,False,False,,,,,,,,,,,
5131,35917.0,35969.562918780844,35987.35416580359,0,17.791247022747964,70.35416580359015,35945.0,True,2,1,False,accurate,0,0,False,False,68,False,False,,,,,,,,,,,
5136,35952.0,35987.35416580359,36005.73083445579,0,18.376668652196738,53.73083445578959,35980.0,True,3,2,False,accurate,0,0,False,False,63,False,False,,,,,,,,,,,
5137,35959.0,36005.73083445579,36025.72000376314,0,19.989169307351094,66.720003763141,35987.0,True,4,3,False,accurate,0,0,False,False,62,False,False,,,,,,,,,,,
5139,35973.0,36025.72000376314,36042.33458704606,0,16.614583282917735,69.33458704606164,36001.0,True,4,3,False,accurate,0,0,False,False,60,False,False,,,,,,,,,,,
5141,35987.0,36042.33458704606,36056.798336216365,0,14.463749170303343,69.79833621636499,36015.0,True,5,4,False,accurate,0,0,False,False,58,False,False,,,,,,,,,,,
5142,35994.0,36056.798336216365,36071.826666344605,0,15.028330128242565,77.82666634460475,36022.0,True,5,4,False,accurate,1,1,False,False,57,False,False,,,,,,,,,,,
5143,36001.0,36071.826666344605,36082.94166949476,0,11.115003150155149,81.94166949475766,36029.0,True,6,5,True,accurate,0,0,False,False,56,False,False,,,,,,,,,,,
5148,36036.0,36082.94166949476,36093.1416702577,0,10.200000762939453,57.141670257697115,36064.0,True,5,4,False,accurate,0,0,False,False,51,False,False,,,,,,,,,,,
5151,36057.0,36093.1416702577,36104.94166949476,0,11.799999237060547,47.94166949475766,36085.0,True,4,3,False,accurate,0,0,False,False,48,False,False,,,,,,,,,,,
5152,36064.0,36104.94166949476,36123.6416702577,0,18.700000762939453,59.641670257697115,36092.0,True,5,4,False,accurate,0,0,False,False,47,False,False,,,,,,,,,,,
5156,36092.0,36123.6416702577,36140.141666443,0,16.499996185302734,48.14166644299985,36120.0,True,4,3,False,accurate,0,0,False,False,43,False,False,,,,,,,,,,,
5158,36106.0,36140.141666443,36152.44166186536,0,12.299995422363281,46.44166186536313,36134.0,True,3,2,False,accurate,0,0,False,False,41,False,False,,,,,,,,,,,
5159,36113.0,36152.44166186536,36166.94166186536,0,14.5,53.94166186536313,36141.0,True,4,3,False,accurate,0,0,False,False,40,False,False,,,,,,,,,,,
5163,36141.0,36166.94166186536,36183.04166415418,0,16.10000228881836,42.04166415418149,36169.0,True,3,2,False,accurate,0,0,False,False,36,False,False,,,,,,,,,,,
5171,36197.0,36197.0,36214.0000038147,0,17.000003814697266,17.000003814697266,36225.0,False,1,0,False,accurate,0,0,False,False,28,False,True,,,,,,,,,,,
5173,36211.0,36214.0000038147,36228.0,0,13.999996185302734,17.0,36239.0,False,2,1,False,accurate,0,0,False,False,26,False,True,,,,,,,,,,,
5184,36288.0,36288.0,36302.0,0,14.0,14.0,36316.0,False,1,0,False,accurate,0,0,False,False,15,False,True,,,,,,,,,,,
5186,36302.0,36302.0,36319.39999771118,0,17.39999771118164,17.39999771118164,36330.0,False,1,0,False,accurate,1,0,True,False,13,False,True,,,,,,,,,,,
5187,36309.0,36319.39999771118,36332.10000228882,0,12.700004577636719,23.10000228881836,36337.0,False,2,1,False,accurate,0,0,False,False,12,False,True,,,,,,,,,,,
5188,36316.0,36332.10000228882,36343.90000152588,0,11.799999237060547,27.900001525878906,36344.0,False,3,2,False,accurate,0,0,False,False,11,False,True,,,,,,,,,,,
5193,36351.0,36351.0,36365.0,0,14.0,14.0,36379.0,False,1,0,False,accurate,0,0,False,False,6,False,True,,,,,,,,,,,
5194,36358.0,36365.0,36380.0,0,15.0,22.0,36386.0,False,2,1,False,accurate,1,1,False,False,5,False,True,,,,,,,,,,,
5196,36372.0,36380.0,36394.60000228882,0,14.60000228881836,22.60000228881836,36400.0,False,2,1,False,accurate,0,0,False,False,3,False,True,,,,,,,,,,,
5197,36379.0,36394.60000228882,36407.600006103516,0,13.000003814697266,28.600006103515625,36407.0,True,3,2,False,accurate,0,0,False,False,2,True,False,,,,,,,,,,,
5205,36435.0,36435.0,36448.09999847412,0,13.099998474121094,13.099998474121094,36463.0,False,1,0,False,accurate,0,0,False,False,94,False,True,,,,,,,,,,,
5206,36442.0,36448.09999847412,36459.09999847412,0,11.0,17.099998474121094,36470.0,False,2,1,False,accurate,0,0,False,False,93,False,True,,,,,,,,,,,
5207,36449.0,36459.09999847412,36473.89999771118,0,14.799999237060547,24.89999771118164,36477.0,False,2,1,False,accurate,0,0,False,False,92,False,True,,,,,,,,,,,
5208,36456.0,36473.89999771118,36489.69999694824,0,15.799999237060547,33.69999694824219,36484.0,True,3,2,False,accurate,0,0,False,False,91,False,False,,,,,,,,,,,
5211,36477.0,36489.69999694824,36505.4999961853,0,15.799999237060547,28.499996185302734,36505.0,True,2,1,False,accurate,1,1,False,False,88,False,False,,,,,,,,,,,
5214,36498.0,36505.4999961853,36520.69999694824,0,15.200000762939453,22.699996948242188,36526.0,False,2,1,False,accurate,0,0,False,False,85,False,True,,,,,,,,,,,
5218,36526.0,36526.0,36539.0,0,13.0,13.0,36554.0,False,1,0,False,accurate,0,0,False,False,81,False,True,,,,,,,,,,,
5219,36533.0,36539.0,36551.59999847412,0,12.599998474121094,18.599998474121094,36561.0,False,2,1,False,accurate,0,0,False,False,80,False,True,,,,,,,,,,,
5221,36547.0,36551.59999847412,36563.0,0,11.400001525878906,16.0,36575.0,False,2,1,False,accurate,1,1,False,False,78,False,True,,,,,,,,,,,
5223,36561.0,36563.0,36578.80000305176,0,15.800003051757812,17.800003051757812,36589.0,False,2,1,False,accurate,0,0,False,False,76,False,True,,,,,,,,,,,
5224,36568.0,36578.80000305176,36597.20000076294,0,18.39999771118164,29.200000762939453,36596.0,True,2,1,False,accurate,0,0,False,False,75,False,False,,,,,,,,,,,
5225,36575.0,36597.20000076294,36611.5,0,14.299999237060547,36.5,36603.0,True,3,2,False,accurate,1,1,False,False,74,False,False,,,,,,,,,,,
5226,36582.0,36611.5,36624.29999923706,0,12.799999237060547,42.29999923706055,36610.0,True,3,2,False,accurate,0,0,False,False,73,False,False,,,,,,,,,,,
5228,36596.0,36624.29999923706,36640.09999847412,0,15.799999237060547,44.099998474121094,36624.0,True,4,3,False,accurate,0,0,False,False,71,False,False,,,,,,,,,,,
5230,36610.0,36640.09999847412,36653.69999694824,0,13.599998474121094,43.69999694824219,36638.0,True,4,3,False,accurate,0,0,False,False,69,False,False,,,,,,,,,,,
5234,36638.0,36653.69999694824,36665.19999694824,0,11.5,27.199996948242188,36666.0,False,3,2,False,accurate,0,0,False,False,65,False,True,,,,,,,,,,,
5236,36652.0,36665.19999694824,36680.59999847412,0,15.400001525878906,28.599998474121094,36680.0,True,3,2,False,accurate,1,1,False,False,63,False,False,,,,,,,,,,,
5237,36659.0,36680.59999847412,36698.59999847412,0,18.0,39.599998474121094,36687.0,True,3,2,False,accurate,0,0,False,False,62,False,False,,,,,,,,,,,
5239,36673.0,36698.59999847412,36710.19999694824,0,11.599998474121094,37.19999694824219,36701.0,True,3,2,False,accurate,0,0,False,False,60,False,False,,,,,,,,,,,
5241,36687.0,36710.19999694824,36724.09999847412,0,13.900001525878906,37.099998474121094,36715.0,True,3,2,False,accurate,0,0,False,False,58,False,False,,,,,,,,,,,
5244,36708.0,36724.09999847412,36737.79999542236,0,13.699996948242188,29.79999542236328,36736.0,True,3,2,False,accurate,0,0,False,False,55,False,False,,,,,,,,,,,
5245,36715.0,36737.79999542236,36751.099994659424,0,13.299999237060547,36.09999465942383,36743.0,True,3,2,False,accurate,0,0,False,False,54,False,False,,,,,,,,,,,
5250,36750.0,36751.099994659424,36764.299991607666,0,13.199996948242188,14.299991607666016,36778.0,False,2,1,False,accurate,0,0,False,False,49,False,True,,,,,,,,,,,
5257,36799.0,36799.0,36811.29999923706,0,12.299999237060547,12.299999237060547,36827.0,False,1,0,False,accurate,0,0,False,False,42,False,True,,,,,,,,,,,
5263,36841.0,36841.0,36852.5,0,11.5,11.5,36869.0,False,1,0,False,accurate,0,0,False,False,36,False,True,,,,,,,,,,,
5266,36862.0,36862.0,36882.29999923706,0,20.299999237060547,20.299999237060547,36890.0,False,1,0,False,accurate,0,0,False,False,33,False,True,,,,,,,,,,,
5268,36876.0,36882.29999923706,36899.40000152588,0,17.10000228881836,23.400001525878906,36904.0,False,2,1,False,accurate,0,0,False,False,31,False,True,,,,,,,,,,,
5269,36883.0,36899.40000152588,36916.0,0,16.599998474121094,33.0,36911.0,True,2,1,False,accurate,0,0,False,False,30,False,False,,,,,,,,,,,
5270,36890.0,36916.0,36931.29999923706,0,15.299999237060547,41.29999923706055,36918.0,True,3,2,False,accurate,0,0,False,False,29,False,False,,,,,,,,,,,
5272,36904.0,36931.29999923706,36944.60000228882,0,13.300003051757812,40.60000228881836,36932.0,True,3,2,False,accurate,0,0,False,False,27,False,False,,,,,,,,,,,
5273,36911.0,36944.60000228882,36959.20000076294,0,14.599998474121094,48.20000076293945,36939.0,True,4,3,False,accurate,0,0,False,False,26,False,False,,,,,,,,,,,
5278,36946.0,36959.20000076294,36973.20000076294,0,14.0,27.200000762939453,36974.0,False,2,1,False,accurate,1,1,False,False,21,False,True,,,,,,,,,,,
5281,36967.0,36973.20000076294,37001.269999254546,0,28.069998491605133,34.26999925454584,36995.0,True,2,1,False,accurate,0,0,False,False,18,False,False,,,,,,,,,,,
5284,36988.0,37001.269999254546,37019.47833242794,0,18.208333173394205,31.478332427941496,37016.0,True,2,1,False,accurate,0,0,False,False,15,False,False,,,,,,,,,,,
5287,37009.0,37019.47833242794,37038.77458453099,0,19.296252103050527,29.77458453099098,37037.0,True,2,1,False,accurate,0,0,False,False,12,False,False,,,,,,,,,,,
5289,37023.0,37038.77458453099,37058.18083453099,0,19.40625,35.18083453099098,37051.0,True,2,1,False,accurate,1,1,False,False,10,False,False,,,,,,,,,,,
5291,37037.0,37058.18083453099,37076.11000137846,0,17.929166847467425,39.110001378459856,37065.0,True,3,2,False,accurate,0,0,False,False,8,False,False,,,,,,,,,,,
5294,37058.0,37076.11000137846,37096.3891639941,0,20.279162615637006,38.38916399409936,37086.0,True,3,2,False,accurate,0,0,False,False,5,False,False,,,,,,,,,,,
5295,37065.0,37096.3891639941,37113.4329139941,0,17.04375,48.43291399409645,37093.0,True,3,2,False,accurate,0,0,False,False,4,False,False,,,,,,,,,,,
5296,37072.0,37113.4329139941,37129.09625306149,0,15.663339067399535,57.09625306149246,37100.0,True,4,3,False,accurate,0,0,False,False,3,False,False,,,,,,,,,,,
5299,37093.0,37129.09625306149,37145.825417928994,0,16.72916486750047,52.825417928994284,37121.0,True,4,3,False,accurate,0,0,False,True,0,True,False,,,,,,,,,,,
5300,37100.0,37145.825417928994,37161.7937504601,0,15.968332531104483,61.793750460099545,37128.0,True,4,3,False,accurate,0,0,False,False,99,False,False,,,,,,,,,,,
5301,37107.0,37161.7937504601,37174.62624548192,0,12.832495021820067,67.62624548192252,37135.0,True,5,4,False,accurate,0,0,False,False,98,False,False,,,,,,,,,,,
5302,37114.0,37174.62624548192,37189.760411366005,0,15.134165884082513,75.76041136600543,37142.0,True,5,4,False,accurate,0,0,False,False,97,False,False,,,,,,,,,,,
5303,37121.0,37189.760411366005,37204.78624314164,0,15.025831775640446,83.78624314164335,37149.0,True,6,5,True,accurate,0,0,False,False,96,False,False,,,,,,,,,,,
5305,37135.0,37204.78624314164,37217.586242378704,0,12.799999237060547,82.5862423787039,37163.0,True,6,5,True,accurate,0,0,False,False,94,False,False,,,,,,,,,,,
5306,37142.0,37217.586242378704,37230.086242378704,0,12.5,88.0862423787039,37170.0,True,7,6,True,accurate,0,0,False,False,93,False,False,,,,,,,,,,,
5307,37149.0,37230.086242378704,37243.286239326946,0,13.199996948242188,94.28623932694609,37177.0,True,7,6,True,accurate,0,0,False,False,92,False,False,,,,,,,,,,,
5312,37184.0,37243.286239326946,37257.88623780107,0,14.599998474121094,73.88623780106718,37212.0,True,6,5,True,accurate,0,0,False,False,87,False,False,,,,,,,,,,,
5313,37191.0,37257.88623780107,37275.18623703813,0,17.299999237060547,84.18623703812773,37219.0,True,6,5,True,accurate,0,0,False,False,86,False,False,,,,,,,,,,,
5318,37226.0,37275.18623703813,37288.48623627519,0,13.299999237060547,62.486236275188276,37254.0,True,5,4,False,accurate,1,1,False,False,81,False,False,,,,,,,,,,,
5320,37240.0,37288.48623627519,37300.18623322343,0,11.699996948242188,60.18623322343046,37268.0,True,5,4,False,accurate,0,0,False,False,79,False,False,,,,,,,,,,,
5321,37247.0,37300.18623322343,37311.48623627519,0,11.300003051757812,64.48623627518828,37275.0,True,5,4,False,accurate,1,1,False,False,78,False,False,,,,,,,,,,,
5322,37254.0,37311.48623627519,37323.686240852825,0,12.200004577636719,69.686240852825,37282.0,True,6,5,True,accurate,0,0,False,False,77,False,False,,,,,,,,,,,
5327,37289.0,37323.686240852825,37344.286239326946,0,20.599998474121094,55.28623932694609,37317.0,True,4,3,False,accurate,0,0,False,False,72,False,False,,,,,,,,,,,
5328,37296.0,37344.286239326946,37360.18623703813,0,15.89999771118164,64.18623703812773,37324.0,True,5,4,False,accurate,0,0,False,False,71,False,False,,,,,,,,,,,
5333,37331.0,37360.18623703813,37373.78623551225,0,13.599998474121094,42.78623551224882,37359.0,True,3,2,False,accurate,0,0,False,False,66,False,False,,,,,,,,,,,
5334,37338.0,37373.78623551225,37385.48623627519,0,11.700000762939453,47.486236275188276,37366.0,True,4,3,False,accurate,0,0,False,False,65,False,False,,,,,,,,,,,
5335,37345.0,37385.48623627519,37401.18623322343,0,15.699996948242188,56.18623322343046,37373.0,True,4,3,False,accurate,0,0,False,False,64,False,False,,,,,,,,,,,
5337,37359.0,37401.18623322343,37416.08623093461,0,14.89999771118164,57.086230934612104,37387.0,True,5,4,False,accurate,0,0,False,False,62,False,False,,,,,,,,,,,
5348,37436.0,37436.0,37452.20000076294,0,16.200000762939453,16.200000762939453,37464.0,False,1,0,False,accurate,0,0,False,False,51,False,True,,,,,,,,,,,
5352,37464.0,37464.0,37477.5,0,13.5,13.5,37492.0,False,1,0,False,accurate,1,1,False,False,47,False,True,,,,,,,,,,,
5353,37471.0,37477.5,37495.90000152588,0,18.400001525878906,24.900001525878906,37499.0,False,2,1,False,accurate,0,0,False,False,46,False,True,,,,,,,,,,,
5354,37478.0,37495.90000152588,37511.39999771118,0,15.499996185302734,33.39999771118164,37506.0,True,2,1,False,accurate,1,1,False,False,45,False,False,,,,,,,,,,,
5355,37485.0,37511.39999771118,37533.30000305176,0,21.900005340576172,48.30000305175781,37513.0,True,3,2,False,accurate,0,0,False,False,44,False,False,,,,,,,,,,,
5357,37499.0,37533.30000305176,37546.30000305176,0,13.0,47.30000305175781,37527.0,True,3,2,False,accurate,0,0,False,False,42,False,False,,,,,,,,,,,
5358,37506.0,37546.30000305176,37560.90000152588,0,14.599998474121094,54.900001525878906,37534.0,True,4,3,False,accurate,1,1,False,False,41,False,False,,,,,,,,,,,
5360,37520.0,37560.90000152588,37599.900005340576,0,39.000003814697266,79.90000534057617,37548.0,True,4,3,False,accurate,1,1,False,False,39,False,False,,,,,,,,,,,
5363,37541.0,37599.900005340576,37614.90000152588,0,14.999996185302734,73.9000015258789,37569.0,True,4,3,False,accurate,1,1,False,False,36,False,False,,,,,,,,,,,
5364,37548.0,37614.90000152588,37631.20000457764,0,16.300003051757812,83.20000457763672,37576.0,True,4,3,False,accurate,0,0,False,False,35,False,False,,,,,,,,,,,
5367,37569.0,37631.20000457764,37644.0000038147,0,12.799999237060547,75.00000381469727,37597.0,True,4,3,False,accurate,0,0,False,False,32,False,False,,,,,,,,,,,
5368,37576.0,37644.0000038147,37663.000007629395,0,19.000003814697266,87.00000762939453,37604.0,True,5,4,False,accurate,0,0,False,False,31,False,False,,,,,,,,,,,
5371,37597.0,37663.000007629395,37677.200008392334,0,14.200000762939453,80.20000839233398,37625.0,True,6,5,True,accurate,0,0,False,False,28,False,False,,,,,,,,,,,
5373,37611.0,37677.200008392334,37690.500007629395,0,13.299999237060547,79.50000762939453,37639.0,True,6,5,True,accurate,0,0,False,False,26,False,False,,,,,,,,,,,
5374,37618.0,37690.500007629395,37704.800006866455,0,14.299999237060547,86.80000686645508,37646.0,True,6,5,True,accurate,0,0,False,False,25,False,False,,,,,,,,,,,
5375,37625.0,37704.800006866455,37726.500007629395,0,21.700000762939453,101.50000762939453,37653.0,True,7,6,True,accurate,1,1,False,False,24,False,False,,,,,,,,,,,
5378,37646.0,37726.500007629395,37743.5000038147,0,16.999996185302734,97.50000381469727,37674.0,True,6,5,True,accurate,0,0,False,False,21,False,False,,,,,,,,,,,
5379,37653.0,37743.5000038147,37760.70000457764,0,17.200000762939453,107.70000457763672,37681.0,True,7,6,True,accurate,1,1,False,False,20,False,False,,,,,,,,,,,
5380,37660.0,37760.70000457764,37772.800006866455,0,12.10000228881836,112.80000686645508,37688.0,True,8,7,True,accurate,0,0,False,False,19,False,False,,,,,,,,,,,
5381,37667.0,37772.800006866455,37791.500007629395,0,18.700000762939453,124.50000762939453,37695.0,True,8,7,True,accurate,0,0,False,False,18,False,False,,,,,,,,,,,
5383,37681.0,37791.500007629395,37809.100006103516,0,17.599998474121094,128.10000610351562,37709.0,True,8,7,True,accurate,1,1,False,False,16,False,False,,,,,,,,,,,
5384,37688.0,37809.100006103516,37824.100006103516,0,15.0,136.10000610351562,37716.0,True,9,8,True,accurate,0,0,False,False,15,False,False,,,,,,,,,,,
5387,37709.0,37824.100006103516,37837.900005340576,0,13.799999237060547,128.90000534057617,37737.0,True,8,7,True,accurate,1,1,False,False,12,False,False,,,,,,,,,,,
5388,37716.0,37837.900005340576,37851.70000457764,0,13.799999237060547,135.70000457763672,37744.0,True,9,8,True,accurate,0,0,False,False,11,False,False,,,,,,,,,,,
5390,37730.0,37851.70000457764,37864.900005340576,0,13.200000762939453,134.90000534057617,37758.0,True,9,8,True,accurate,1,1,False,False,9,False,False,,,,,,,,,,,
5391,37737.0,37864.900005340576,37879.300006866455,0,14.400001525878906,142.30000686645508,37765.0,True,10,9,True,accurate,1,1,False,False,8,False,False,,,,,,,,,,,
5392,37744.0,37879.300006866455,37892.400005340576,0,13.099998474121094,148.40000534057617,37772.0,True,10,9,True,accurate,0,0,False,False,7,False,False,,,,,,,,,,,
5395,37765.0,37892.400005340576,37905.900005340576,0,13.5,140.90000534057617,37793.0,True,10,9,True,accurate,0,0,False,False,4,False,False,,,,,,,,,,,
5404,37828.0,37905.900005340576,37920.100006103516,0,14.200000762939453,92.10000610351562,37856.0,True,7,6,True,accurate,0,0,False,False,95,False,False,,,,,,,,,,,
5410,37870.0,37920.100006103516,37933.500007629395,0,13.400001525878906,63.50000762939453,37898.0,True,5,4,False,accurate,0,0,False,False,89,False,False,,,,,,,,,,,
5412,37884.0,37933.500007629395,37950.60000991821,0,17.10000228881836,66.60000991821289,37912.0,True,5,4,False,accurate,0,0,False,False,87,False,False,,,,,,,,,,,
5413,37891.0,37950.60000991821,37969.30001068115,0,18.700000762939453,78.30001068115234,37919.0,True,6,5,True,accurate,0,0,False,False,86,False,False,,,,,,,,,,,
5415,37905.0,37969.30001068115,37983.50001144409,0,14.200000762939453,78.5000114440918,37933.0,True,6,5,True,accurate,0,0,False,False,84,False,False,,,,,,,,,,,
5416,37912.0,37983.50001144409,38002.50001144409,0,19.0,90.5000114440918,37940.0,True,6,5,True,accurate,0,0,False,False,83,False,False,,,,,,,,,,,
5420,37940.0,38002.50001144409,38023.30001068115,0,20.799999237060547,83.30001068115234,37968.0,True,5,4,False,accurate,1,1,False,False,79,False,False,,,,,,,,,,,
5425,37975.0,38023.30001068115,38039.000007629395,0,15.699996948242188,64.00000762939453,38003.0,True,4,3,False,accurate,0,0,False,False,74,False,False,,,,,,,,,,,
5430,38010.0,38039.000007629395,38052.000007629395,0,13.0,42.00000762939453,38038.0,True,3,2,False,accurate,0,0,False,False,69,False,False,,,,,,,,,,,
5432,38024.0,38052.000007629395,38062.30001068115,0,10.300003051757812,38.300010681152344,38052.0,True,3,2,False,accurate,0,0,False,False,67,False,False,,,,,,,,,,,
5438,38066.0,38066.0,38079.5,0,13.5,13.5,38094.0,False,1,0,False,accurate,0,0,False,False,61,False,True,,,,,,,,,,,
5439,38073.0,38079.5,38093.5,0,14.0,20.5,38101.0,False,2,1,False,accurate,0,0,False,False,60,False,True,,,,,,,,,,,
5440,38080.0,38093.5,38124.780002593994,0,31.28000259399414,44.78000259399414,38108.0,True,2,1,False,accurate,0,0,False,False,59,False,False,,,,,,,,,,,
5442,38094.0,38124.780002593994,38150.882499057654,0,26.102496463656394,56.88249905765406,38122.0,True,2,1,False,accurate,1,1,False,False,57,False,False,,,,,,,,,,,
5443,38101.0,38150.882499057654,38169.90999782742,0,19.02749876976013,68.9099978274171,38129.0,True,3,2,False,accurate,0,0,False,False,56,False,False,,,,,,,,,,,
5445,38115.0,38169.90999782742,38187.62749442876,0,17.717496601343125,72.62749442875793,38143.0,True,4,3,False,accurate,0,0,False,False,54,False,False,,,,,,,,,,,
5446,38122.0,38187.62749442876,38221.48249559224,0,33.85500116348266,99.48249559223768,38150.0,True,5,4,False,accurate,1,1,False,False,53,False,False,,,,,,,,,,,
5450,38150.0,38221.48249559224,38239.50916100641,0,18.02666541417441,89.50916100641189,38178.0,True,5,4,False,accurate,0,0,False,False,49,False,False,,,,,,,,,,,
5451,38157.0,38239.50916100641,38257.85207680583,0,18.342915799419075,100.85207680582971,38185.0,True,5,4,False,accurate,1,1,False,False,48,False,False,,,,,,,,,,,
5452,38164.0,38257.85207680583,38283.50207680583,0,25.650000000000002,119.50207680583117,38192.0,True,6,5,True,accurate,1,1,False,False,47,False,False,,,,,,,,,,,
5453,38171.0,38283.50207680583,38306.220411266484,0,22.718334460655853,135.220411266484,38199.0,True,6,5,True,accurate,0,0,False,False,46,False,False,,,,,,,,,,,
5457,38199.0,38306.220411266484,38327.29332781146,0,21.07291654497385,128.29332781145786,38227.0,True,6,5,True,accurate,1,1,False,False,42,False,False,,,,,,,,,,,
5459,38213.0,38327.29332781146,38344.02249704996,0,16.729169238507737,131.0224970499621,38241.0,True,7,6,True,accurate,0,0,False,False,40,False,False,,,,,,,,,,,
5462,38234.0,38344.02249704996,38356.61666535221,0,12.594168302242956,122.61666535220866,38262.0,True,7,6,True,accurate,0,0,False,False,37,False,False,,,,,,,,,,,
5463,38241.0,38356.61666535221,38375.24458046423,0,18.6279151120161,134.2445804642266,38269.0,True,7,6,True,accurate,0,0,False,False,36,False,False,,,,,,,,,,,
5464,38248.0,38375.24458046423,38390.54457970129,0,15.299999237060547,142.54457970128715,38276.0,True,8,7,True,accurate,0,0,False,False,35,False,False,,,,,,,,,,,
5465,38255.0,38390.54457970129,38403.144581990106,0,12.60000228881836,148.1445819901055,38283.0,True,9,8,True,accurate,0,0,False,False,34,False,False,,,,,,,,,,,
5466,38262.0,38403.144581990106,38414.44458504186,0,11.300003051757812,152.44458504186332,38290.0,True,9,8,True,accurate,0,0,False,False,33,False,False,,,,,,,,,,,
5467,38269.0,38414.44458504186,38432.44458504186,0,18.0,163.44458504186332,38297.0,True,10,9,True,accurate,0,0,False,False,32,False,False,,,,,,,,,,,
5469,38283.0,38432.44458504186,38451.54458733068,0,19.10000228881836,168.54458733068168,38311.0,True,11,10,True,accurate,1,1,False,False,30,False,False,,,,,,,,,,,
5471,38297.0,38451.54458733068,38468.84458656774,0,17.299999237060547,171.84458656774223,38325.0,True,11,10,True,accurate,0,0,False,False,28,False,False,,,,,,,,,,,
5476,38332.0,38468.84458656774,38480.54458733068,0,11.700000762939453,148.54458733068168,38360.0,True,10,9,True,accurate,0,0,False,False,23,False,False,,,,,,,,,,,
5477,38339.0,38480.54458733068,38494.34459038244,0,13.800003051757812,155.3445903824395,38367.0,True,11,10,True,accurate,1,1,False,False,22,False,False,,,,,,,,,,,
5479,38353.0,38494.34459038244,38507.54458733068,0,13.199996948242188,154.54458733068168,38381.0,True,11,10,True,accurate,0,0,False,False,20,False,False,,,,,,,,,,,
5485,38395.0,38507.54458733068,38523.24458809362,0,15.700000762939453,128.24458809362113,38423.0,True,9,8,True,accurate,1,1,False,False,14,False,False,,,,,,,,,,,
5487,38409.0,38523.24458809362,38539.94458885656,0,16.700000762939453,130.94458885656059,38437.0,True,9,8,True,accurate,1,1,False,False,12,False,False,,,,,,,,,,,
5491,38437.0,38539.94458885656,38552.34458656774,0,12.39999771118164,115.34458656774223,38465.0,True,8,7,True,accurate,1,1,False,False,8,False,False,,,,,,,,,,,
5492,38444.0,38552.34458656774,38565.544583515984,0,13.199996948242188,121.54458351598441,38472.0,True,9,8,True,accurate,1,1,False,False,7,False,False,,,,,,,,,,,
5501,38507.0,38565.544583515984,38578.044583515984,0,12.5,71.04458351598441,38535.0,True,6,5,True,accurate,0,0,False,False,98,False,False,,,,,,,,,,,
5503,38521.0,38578.044583515984,38591.444581227166,0,13.39999771118164,70.44458122716605,38549.0,True,6,5,True,accurate,0,0,False,False,96,False,False,,,,,,,,,,,
5512,38584.0,38591.444581227166,38606.344582753045,0,14.900001525878906,22.34458275304496,38612.0,False,2,1,False,accurate,0,0,False,False,87,False,True,,,,,,,,,,,
5513,38591.0,38606.344582753045,38620.544583515984,0,14.200000762939453,29.544583515984414,38619.0,True,3,2,False,accurate,0,0,False,False,86,False,False,,,,,,,,,,,
5515,38605.0,38620.544583515984,38631.344582753045,0,10.799999237060547,26.34458275304496,38633.0,False,3,2,False,accurate,0,0,False,False,84,False,True,,,,,,,,,,,
5516,38612.0,38631.344582753045,38650.54457970129,0,19.199996948242188,38.54457970128715,38640.0,True,3,2,False,accurate,0,0,False,False,83,False,False,,,,,,,,,,,
5518,38626.0,38650.54457970129,38664.84457893835,0,14.299999237060547,38.844578938347695,38654.0,True,3,2,False,accurate,1,1,False,False,81,False,False,,,,,,,,,,,
5519,38633.0,38664.84457893835,38679.14457817541,0,14.299999237060547,46.14457817540824,38661.0,True,3,2,False,accurate,0,0,False,False,80,False,False,,,,,,,,,,,
5524,38668.0,38679.14457817541,38690.74457664953,0,11.599998474121094,22.744576649529336,38696.0,False,2,1,False,accurate,0,0,False,False,75,False,True,,,,,,,,,,,
5531,38717.0,38717.0,38732.30000305176,0,15.300003051757812,15.300003051757812,38745.0,False,1,0,False,accurate,1,1,False,False,68,False,True,,,,,,,,,,,
5532,38724.0,38732.30000305176,38747.20000076294,0,14.89999771118164,23.200000762939453,38752.0,False,2,1,False,accurate,1,1,False,False,67,False,True,,,,,,,,,,,
5534,38738.0,38747.20000076294,38767.10000228882,0,19.900001525878906,29.10000228881836,38766.0,True,2,1,False,accurate,1,1,False,False,65,False,False,,,,,,,,,,,
5539,38773.0,38773.0,38785.30000305176,0,12.300003051757812,12.300003051757812,38801.0,False,1,0,False,accurate,0,0,False,False,60,False,True,,,,,,,,,,,
5540,38780.0,38785.30000305176,38799.000007629395,0,13.700004577636719,19.00000762939453,38808.0,False,2,1,False,accurate,0,0,False,False,59,False,True,,,,,,,,,,,
5541,38787.0,38799.000007629395,38823.300006866455,0,24.299999237060547,36.30000686645508,38815.0,True,2,1,False,accurate,0,0,False,False,58,False,False,,,,,,,,,,,
5542,38794.0,38823.300006866455,38836.40000915527,0,13.10000228881836,42.40000915527344,38822.0,True,3,2,False,accurate,0,0,False,False,57,False,False,,,,,,,,,,,
5543,38801.0,38836.40000915527,38850.50001144409,0,14.10000228881836,49.5000114440918,38829.0,True,3,2,False,accurate,1,1,False,False,56,False,False,,,,,,,,,,,
5544,38808.0,38850.50001144409,38865.70001220703,0,15.200000762939453,57.70001220703125,38836.0,True,4,3,False,accurate,0,0,False,False,55,False,False,,,,,,,,,,,
5550,38850.0,38865.70001220703,38878.90000915527,0,13.199996948242188,28.900009155273438,38878.0,True,3,2,False,accurate,0,0,False,False,49,False,False,,,,,,,,,,,
5554,38878.0,38878.90000915527,38897.300006866455,0,18.39999771118164,19.300006866455078,38906.0,False,2,1,False,accurate,1,1,False,False,45,False,True,,,,,,,,,,,
5555,38885.0,38897.300006866455,38910.30000305176,0,12.999996185302734,25.300003051757812,38913.0,False,2,1,False,accurate,0,0,False,False,44,False,True,,,,,,,,,,,
5556,38892.0,38910.30000305176,38923.40000152588,0,13.099998474121094,31.400001525878906,38920.0,True,3,2,False,accurate,0,0,False,False,43,False,False,,,,,,,,,,,
5558,38906.0,38923.40000152588,38937.40000152588,0,14.0,31.400001525878906,38934.0,True,3,2,False,accurate,1,1,False,False,41,False,False,,,,,,,,,,,
5563,38941.0,38941.0,38956.90000152588,0,15.900001525878906,15.900001525878906,38969.0,False,1,0,False,accurate,0,0,False,False,36,False,True,,,,,,,,,,,
5564,38948.0,38956.90000152588,38970.30000305176,0,13.400001525878906,22.300003051757812,38976.0,False,2,1,False,accurate,0,0,False,False,35,False,True,,,,,,,,,,,
5565,38955.0,38970.30000305176,38981.40000152588,0,11.099998474121094,26.400001525878906,38983.0,False,3,2,False,accurate,0,0,False,False,34,False,True,,,,,,,,,,,
5566,38962.0,38981.40000152588,38993.5000038147,0,12.10000228881836,31.500003814697266,38990.0,True,3,2,False,accurate,0,0,False,False,33,False,False,,,,,,,,,,,
5568,38976.0,38993.5000038147,39006.0000038147,0,12.5,30.000003814697266,39004.0,True,3,2,False,accurate,1,1,False,False,31,False,False,,,,,,,,,,,
5569,38983.0,39006.0000038147,39021.60000228882,0,15.599998474121094,38.60000228881836,39011.0,True,3,2,False,accurate,0,0,False,False,30,False,False,,,,,,,,,,,
5570,38990.0,39021.60000228882,39038.80000305176,0,17.200000762939453,48.80000305175781,39018.0,True,4,3,False,accurate,0,0,False,False,29,False,False,,,,,,,,,,,
5572,39004.0,39038.80000305176,39055.09999847412,0,16.29999542236328,51.099998474121094,39032.0,True,4,3,False,accurate,0,0,False,False,27,False,False,,,,,,,,,,,
5577,39039.0,39055.09999847412,39074.4999961853,0,19.39999771118164,35.499996185302734,39067.0,True,2,1,False,accurate,0,0,False,False,22,False,False,,,,,,,,,,,
5578,39046.0,39074.4999961853,39090.999992370605,0,16.499996185302734,44.99999237060547,39074.0,True,3,2,False,accurate,0,0,False,False,21,False,False,,,,,,,,,,,
5579,39053.0,39090.999992370605,39111.09999084473,0,20.099998474121094,58.09999084472656,39081.0,True,4,3,False,accurate,1,1,False,False,20,False,False,,,,,,,,,,,
5584,39088.0,39111.09999084473,39123.69998931885,0,12.599998474121094,35.699989318847656,39116.0,True,3,2,False,accurate,0,0,False,False,15,False,False,,,,,,,,,,,
5585,39095.0,39123.69998931885,39140.39999008179,0,16.700000762939453,45.39999008178711,39123.0,True,3,2,False,accurate,0,0,False,False,14,False,False,,,,,,,,,,,
5586,39102.0,39140.39999008179,39154.49998855591,0,14.099998474121094,52.4999885559082,39130.0,True,4,3,False,accurate,0,0,False,False,13,False,False,,,,,,,,,,,
5587,39109.0,39154.49998855591,39181.19998931885,0,26.700000762939453,72.19998931884766,39137.0,True,5,4,False,accurate,0,0,False,False,12,False,False,,,,,,,,,,,
5590,39130.0,39181.19998931885,39193.99998855591,0,12.799999237060547,63.9999885559082,39158.0,True,4,3,False,accurate,0,0,False,False,9,False,False,,,,,,,,,,,
5591,39137.0,39193.99998855591,39204.99998855591,0,11.0,67.9999885559082,39165.0,True,5,4,False,accurate,0,0,False,False,8,False,False,,,,,,,,,,,
5595,39165.0,39204.99998855591,39217.89998626709,0,12.89999771118164,52.899986267089844,39193.0,True,4,3,False,accurate,0,0,False,False,4,False,False,,,,,,,,,,,
5597,39179.0,39217.89998626709,39232.09998703003,0,14.200000762939453,53.0999870300293,39207.0,True,5,4,False,accurate,1,1,False,False,2,True,False,,,,,,,,,,,
5603,39221.0,39232.09998703003,39257.416238260266,0,25.316251230239864,36.416238260266255,39249.0,True,2,1,False,accurate,1,1,False,False,96,False,False,,,,,,,,,,,
5606,39242.0,39257.416238260266,39275.86874175072,0,18.452503490447995,33.86874175071716,39270.0,True,2,1,False,accurate,1,1,False,False,93,False,False,,,,,,,,,,,
5607,39249.0,39275.86874175072,39293.220411679744,0,17.351669929027526,44.22041167974385,39277.0,True,3,2,False,accurate,0,0,False,False,92,False,False,,,,,,,,,,,
5608,39256.0,39293.220411679744,39313.1670762976,0,19.94666461785632,57.167076297599124,39284.0,True,4,3,False,accurate,0,0,False,False,91,False,False,,,,,,,,,,,
5611,39277.0,39313.1670762976,39330.958323320345,0,17.791247022747964,53.95832332034479,39305.0,True,3,2,False,accurate,0,0,False,False,88,False,False,,,,,,,,,,,
5614,39298.0,39330.958323320345,39358.470827114084,0,27.51250379373628,60.470827114084386,39326.0,True,3,2,False,accurate,0,0,False,False,85,False,False,,,,,,,,,,,
5616,39312.0,39358.470827114084,39374.87415959895,0,16.40333248486121,62.87415959894861,39340.0,True,4,3,False,accurate,0,0,False,False,83,False,False,,,,,,,,,,,
5617,39319.0,39374.87415959895,39388.842491014206,0,13.968331415255873,69.84249101420573,39347.0,True,4,3,False,accurate,0,0,False,False,82,False,False,,,,,,,,,,,
5618,39326.0,39388.842491014206,39403.412488324844,0,14.569997310638428,77.41248832484416,39354.0,True,5,4,False,accurate,0,0,False,False,81,False,False,,,,,,,,,,,
5619,39333.0,39403.412488324844,39418.53748915315,0,15.125000828305877,85.53748915314645,39361.0,True,5,4,False,accurate,0,0,False,False,80,False,False,,,,,,,,,,,
5620,39340.0,39418.53748915315,39432.71915671592,0,14.181667562772834,92.71915671591705,39368.0,True,6,5,True,accurate,0,0,False,False,79,False,False,,,,,,,,,,,
5625,39375.0,39432.71915671592,39450.119158241796,0,17.400001525878906,75.11915824179596,39403.0,True,5,4,False,accurate,0,0,False,False,74,False,False,,,,,,,,,,,
5634,39438.0,39450.119158241796,39472.51915595298,0,22.39999771118164,34.5191559529776,39466.0,True,2,1,False,accurate,0,0,False,False,65,False,False,,,,,,,,,,,
5635,39445.0,39472.51915595298,39488.21915671592,0,15.700000762939453,43.21915671591705,39473.0,True,3,2,False,accurate,0,0,False,False,64,False,False,,,,,,,,,,,
5636,39452.0,39488.21915671592,39504.41915747886,0,16.200000762939453,52.419157478856505,39480.0,True,3,2,False,accurate,1,1,False,False,63,False,False,,,,,,,,,,,
5638,39466.0,39504.41915747886,39519.91915747886,0,15.5,53.919157478856505,39494.0,True,4,3,False,accurate,0,0,False,False,61,False,False,,,,,,,,,,,
5639,39473.0,39519.91915747886,39535.71915671592,0,15.799999237060547,62.71915671591705,39501.0,True,4,3,False,accurate,0,0,False,False,60,False,False,,,,,,,,,,,
5642,39494.0,39535.71915671592,39546.71915671592,0,11.0,52.71915671591705,39522.0,True,4,3,False,accurate,0,0,False,False,57,False,False,,,,,,,,,,,
5643,39501.0,39546.71915671592,39558.71915671592,0,12.0,57.71915671591705,39529.0,True,5,4,False,accurate,0,0,False,False,56,False,False,,,,,,,,,,,
5644,39508.0,39558.71915671592,39573.1191544271,0,14.39999771118164,65.11915442709869,39536.0,True,5,4,False,accurate,0,0,False,False,55,False,False,,,,,,,,,,,
5648,39536.0,39573.1191544271,39587.91915366416,0,14.799999237060547,51.91915366415924,39564.0,True,4,3,False,accurate,0,0,False,False,51,False,False,,,,,,,,,,,
5649,39543.0,39587.91915366416,39601.51915595298,0,13.60000228881836,58.5191559529776,39571.0,True,5,4,False,accurate,0,0,False,False,50,False,False,,,,,,,,,,,
5651,39557.0,39601.51915595298,39617.91915747886,0,16.400001525878906,60.919157478856505,39585.0,True,5,4,False,accurate,0,0,False,False,48,False,False,,,,,,,,,,,
5658,39606.0,39617.91915747886,39637.419161293554,0,19.500003814697266,31.41916129355377,39634.0,True,2,1,False,accurate,1,1,False,False,41,False,False,,,,,,,,,,,
5659,39613.0,39637.419161293554,39658.11916205649,0,20.700000762939453,45.119162056493224,39641.0,True,3,2,False,accurate,1,1,False,False,40,False,False,,,,,,,,,,,
5660,39620.0,39658.11916205649,39672.01916358237,0,13.900001525878906,52.01916358237213,39648.0,True,3,2,False,accurate,0,0,False,False,39,False,False,,,,,,,,,,,
5661,39627.0,39672.01916358237,39683.21916434531,0,11.200000762939453,56.21916434531158,39655.0,True,4,3,False,accurate,0,0,False,False,38,False,False,,,,,,,,,,,
5662,39634.0,39683.21916434531,39695.41916510825,0,12.200000762939453,61.419165108251036,39662.0,True,5,4,False,accurate,1,1,False,False,37,False,False,,,,,,,,,,,
5663,39641.0,39695.41916510825,39711.31916663413,0,15.900001525878906,70.31916663412994,39669.0,True,5,4,False,accurate,0,0,False,False,36,False,False,,,,,,,,,,,
5665,39655.0,39711.31916663413,39724.21916816001,0,12.900001525878906,69.21916816000885,39683.0,True,6,5,True,accurate,0,0,False,False,34,False,False,,,,,,,,,,,
5666,39662.0,39724.21916816001,39739.719171974706,0,15.500003814697266,77.71917197470611,39690.0,True,6,5,True,accurate,0,0,False,False,33,False,False,,,,,,,,,,,
5667,39669.0,39739.719171974706,39761.719171974706,0,22.0,92.71917197470611,39697.0,True,7,6,True,accurate,0,0,False,False,32,False,False,,,,,,,,,,,
5668,39676.0,39761.719171974706,39776.119173500585,0,14.400001525878906,100.11917350058502,39704.0,True,7,6,True,accurate,0,0,False,False,31,False,False,,,,,,,,,,,
5672,39704.0,39776.119173500585,39798.319174263524,0,22.200000762939453,94.31917426352447,39732.0,True,6,5,True,accurate,1,1,False,False,27,False,False,,,,,,,,,,,
5673,39711.0,39798.319174263524,39814.619173500585,0,16.299999237060547,103.61917350058502,39739.0,True,7,6,True,accurate,0,0,False,False,26,False,False,,,,,,,,,,,
5676,39732.0,39814.619173500585,39826.61916968589,0,11.999996185302734,94.61916968588775,39760.0,True,6,5,True,accurate,1,1,False,False,23,False,False,,,,,,,,,,,
5677,39739.0,39826.61916968589,39842.31916663413,0,15.699996948242188,103.31916663412994,39767.0,True,7,6,True,accurate,0,0,False,False,22,False,False,,,,,,,,,,,
5680,39760.0,39842.31916663413,39856.61916587119,0,14.299999237060547,96.61916587119049,39788.0,True,7,6,True,accurate,0,0,False,False,19,False,False,,,,,,,,,,,
5682,39774.0,39856.61916587119,39866.81916663413,0,10.200000762939453,92.81916663412994,39802.0,True,7,6,True,accurate,0,0,False,False,17,False,False,,,,,,,,,,,
5683,39781.0,39866.81916663413,39882.41916510825,0,15.599998474121094,101.41916510825104,39809.0,True,7,6,True,accurate,0,0,False,False,16,False,False,,,,,,,,,,,
5684,39788.0,39882.41916510825,39896.21916434531,0,13.799999237060547,108.21916434531158,39816.0,True,8,7,True,accurate,0,0,False,False,15,False,False,,,,,,,,,,,
5685,39795.0,39896.21916434531,39911.31916663413,0,15.10000228881836,116.31916663412994,39823.0,True,9,8,True,accurate,0,0,False,False,14,False,False,,,,,,,,,,,
5689,39823.0,39911.31916663413,39923.11916587119,0,11.799999237060547,100.11916587119049,39851.0,True,8,7,True,accurate,0,0,False,False,10,False,False,,,,,,,,,,,
5697,39879.0,39923.11916587119,39936.11916587119,0,13.0,57.11916587119049,39907.0,True,5,4,False,accurate,1,1,False,False,2,True,False,,,,,,,,,,,
5699,39893.0,39936.11916587119,39947.81916663413,0,11.700000762939453,54.81916663412994,39921.0,True,5,4,False,accurate,0,0,False,True,0,True,False,,,,,,,,,,,
5700,39900.0,39947.81916663413,39961.31916281943,0,13.499996185302734,61.31916281943268,39928.0,True,5,4,False,accurate,0,0,False,False,99,False,False,,,,,,,,,,,
5702,39914.0,39961.31916281943,39973.71916434531,0,12.400001525878906,59.71916434531158,39942.0,True,5,4,False,accurate,0,0,False,False,97,False,False,,,,,,,,,,,
5703,39921.0,39973.71916434531,39989.61916587119,0,15.900001525878906,68.61916587119049,39949.0,True,6,5,True,accurate,0,0,False,False,96,False,False,,,,,,,,,,,
5704,39928.0,39989.61916587119,40008.51916358237,0,18.89999771118164,80.51916358237213,39956.0,True,6,5,True,accurate,0,0,False,False,95,False,False,,,,,,,,,,,
5708,39956.0,40008.51916358237,40034.91916510825,0,26.400001525878906,78.91916510825104,39984.0,True,5,4,False,accurate,0,0,False,False,91,False,False,,,,,,,,,,,
5709,39963.0,40034.91916510825,40051.61916205649,0,16.699996948242188,88.61916205649322,39991.0,True,5,4,False,accurate,1,1,False,False,90,False,False,,,,,,,,,,,
5710,39970.0,40051.61916205649,40080.719160530614,0,29.099998474121094,110.71916053061432,39998.0,True,6,5,True,accurate,0,0,False,False,89,False,False,,,,,,,,,,,
5714,39998.0,40080.719160530614,40095.21915671592,0,14.499996185302734,97.21915671591705,40026.0,True,5,4,False,accurate,1,1,False,False,85,False,False,,,,,,,,,,,
5716,40012.0,40095.21915671592,40113.619158241796,0,18.400001525878906,101.61915824179596,40040.0,True,5,4,False,accurate,1,1,False,False,83,False,False,,,,,,,,,,,
5719,40033.0,40113.619158241796,40125.919161293554,0,12.300003051757812,92.91916129355377,40061.0,True,6,5,True,accurate,1,1,False,False,80,False,False,,,,,,,,,,,
5720,40040.0,40125.919161293554,40141.019159767675,0,15.099998474121094,101.01915976767486,40068.0,True,6,5,True,accurate,0,0,False,False,79,False,False,,,,,,,,,,,
5721,40047.0,40141.019159767675,40155.31916281943,0,14.300003051757812,108.31916281943268,40075.0,True,7,6,True,accurate,0,0,False,False,78,False,False,,,,,,,,,,,
5722,40054.0,40155.31916281943,40168.51916358237,0,13.200000762939453,114.51916358237213,40082.0,True,7,6,True,accurate,1,1,False,False,77,False,False,,,,,,,,,,,
5725,40075.0,40168.51916358237,40181.21916816001,0,12.700004577636719,106.21916816000885,40103.0,True,8,7,True,accurate,0,0,False,False,74,False,False,,,,,,,,,,,
5727,40089.0,40181.21916816001,40194.31917044883,0,13.10000228881836,105.31917044882721,40117.0,True,8,7,True,accurate,0,0,False,False,72,False,False,,,,,,,,,,,
5728,40096.0,40194.31917044883,40207.01917121177,0,12.700000762939453,111.01917121176666,40124.0,True,8,7,True,accurate,0,0,False,False,71,False,False,,,,,,,,,,,
5732,40124.0,40207.01917121177,40218.119173500585,0,11.10000228881836,94.11917350058502,40152.0,True,8,7,True,accurate,1,1,False,False,67,False,False,,,,,,,,,,,
5733,40131.0,40218.119173500585,40231.219171974706,0,13.099998474121094,100.21917197470611,40159.0,True,8,7,True,accurate,0,0,False,False,66,False,False,,,,,,,,,,,
5734,40138.0,40231.219171974706,40245.51917121177,0,14.299999237060547,107.51917121176666,40166.0,True,9,8,True,accurate,1,1,False,False,65,False,False,,,,,,,,,,,
5736,40152.0,40245.51917121177,40255.51917121177,0,10.0,103.51917121176666,40180.0,True,9,8,True,accurate,0,0,False,False,63,False,False,,,,,,,,,,,
5737,40159.0,40255.51917121177,40266.61916968589,0,11.099998474121094,107.61916968588775,40187.0,True,9,8,True,accurate,0,0,False,False,62,False,False,,,,,,,,,,,
5738,40166.0,40266.61916968589,40282.919172737646,0,16.300003051757812,116.91917273764557,40194.0,True,10,9,True,accurate,1,1,False,False,61,False,False,,,,,,,,,,,
5739,40173.0,40282.919172737646,40297.119173500585,0,14.200000762939453,124.11917350058502,40201.0,True,10,9,True,accurate,0,0,False,False,60,False,False,,,,,,,,,,,
5743,40201.0,40297.119173500585,40308.91917655234,0,11.800003051757812,107.91917655234283,40229.0,True,9,8,True,accurate,0,0,False,False,56,False,False,,,,,,,,,,,
5744,40208.0,40308.91917655234,40324.519175026464,0,15.599998474121094,116.51917502646393,40236.0,True,9,8,True,accurate,0,0,False,False,55,False,False,,,,,,,,,,,
5745,40215.0,40324.519175026464,40338.61917731528,0,14.10000228881836,123.61917731528229,40243.0,True,10,9,True,accurate,0,0,False,False,54,False,False,,,,,,,,,,,
5754,40278.0,40338.61917731528,40352.61917731528,0,14.0,74.61917731528229,40306.0,True,6,5,True,accurate,0,0,False,False,45,False,False,,,,,,,,,,,
5756,40292.0,40352.61917731528,40362.91918036704,0,10.300003051757812,70.9191803670401,40320.0,True,6,5,True,accurate,0,0,False,False,43,False,False,,,,,,,,,,,
5759,40313.0,40362.91918036704,40379.11918112998,0,16.200000762939453,66.11918112997955,40341.0,True,5,4,False,accurate,0,0,False,False,40,False,False,,,,,,,,,,,
5761,40327.0,40379.11918112998,40402.67792838439,0,23.5587472544114,75.67792838439345,40355.0,True,5,4,False,accurate,0,0,False,False,38,False,False,,,,,,,,,,,
5773,40411.0,40411.0,40428.831255132456,0,17.831255132456647,17.831255132456135,40439.0,False,1,0,False,accurate,1,1,False,False,26,False,True,,,,,,,,,,,
5776,40432.0,40432.0,40453.3366705508,0,21.336670550803365,21.3366705508015,40460.0,False,1,0,False,accurate,0,0,False,False,23,False,True,,,,,,,,,,,
5777,40439.0,40453.3366705508,40468.75000287642,0,15.413332325617477,29.750002876418876,40467.0,True,2,1,False,accurate,0,0,False,False,22,False,False,,,,,,,,,,,
5780,40460.0,40468.75000287642,40493.20500465646,0,24.45500178004305,33.205004656461824,40488.0,True,2,1,False,accurate,1,1,False,False,19,False,False,,,,,,,,,,,
5781,40467.0,40493.20500465646,40505.71125465646,0,12.50625,38.71125465646037,40495.0,True,3,2,False,accurate,0,0,False,False,18,False,False,,,,,,,,,,,
5783,40481.0,40505.71125465646,40520.94292447676,0,15.231669820298753,39.9429244767598,40509.0,True,3,2,False,accurate,0,0,False,False,16,False,False,,,,,,,,,,,
5784,40488.0,40520.94292447676,40534.94292447676,0,14.0,46.9429244767598,40516.0,True,4,3,False,accurate,1,1,False,False,15,False,False,,,,,,,,,,,
5787,40509.0,40534.94292447676,40552.54292295088,0,17.599998474121094,43.54292295088089,40537.0,True,3,2,False,accurate,0,0,False,False,12,False,False,,,,,,,,,,,
5788,40516.0,40552.54292295088,40563.1429252397,0,10.60000228881836,47.14292523969925,40544.0,True,4,3,False,accurate,0,0,False,False,11,False,False,,,,,,,,,,,
5795,40565.0,40565.0,40581.70000076294,0,16.700000762939453,16.700000762939453,40593.0,False,1,0,False,accurate,1,1,False,False,4,False,True,,,,,,,,,,,
5803,40621.0,40621.0,40645.29999923706,0,24.299999237060547,24.299999237060547,40649.0,False,1,0,False,accurate,0,0,False,False,96,False,True,,,,,,,,,,,
5806,40642.0,40645.29999923706,40660.4999961853,0,15.199996948242188,18.499996185302734,40670.0,False,2,1,False,accurate,1,1,False,False,93,False,True,,,,,,,,,,,
5807,40649.0,40660.4999961853,40677.29999923706,0,16.800003051757812,28.299999237060547,40677.0,True,2,1,False,accurate,0,0,False,False,92,False,False,,,,,,,,,,,
5808,40656.0,40677.29999923706,40691.40000152588,0,14.10000228881836,35.400001525878906,40684.0,True,3,2,False,accurate,0,0,False,False,91,False,False,,,,,,,,,,,
5810,40670.0,40691.40000152588,40703.0000038147,0,11.60000228881836,33.000003814697266,40698.0,True,3,2,False,accurate,0,0,False,False,89,False,False,,,,,,,,,,,
5812,40684.0,40703.0000038147,40720.400005340576,0,17.400001525878906,36.40000534057617,40712.0,True,3,2,False,accurate,0,0,False,False,87,False,False,,,,,,,,,,,
5813,40691.0,40720.400005340576,40732.600006103516,0,12.200000762939453,41.600006103515625,40719.0,True,4,3,False,accurate,1,1,False,False,86,False,False,,,,,,,,,,,
5814,40698.0,40732.600006103516,40744.500007629395,0,11.900001525878906,46.50000762939453,40726.0,True,4,3,False,accurate,0,0,False,False,85,False,False,,,,,,,,,,,
5817,40719.0,40744.500007629395,40760.80001068115,0,16.300003051757812,41.800010681152344,40747.0,True,4,3,False,accurate,1,1,False,False,82,False,False,,,,,,,,,,,
5818,40726.0,40760.80001068115,40774.200008392334,0,13.39999771118164,48.200008392333984,40754.0,True,4,3,False,accurate,1,1,False,False,81,False,False,,,,,,,,,,,
5819,40733.0,40774.200008392334,40788.500007629395,0,14.299999237060547,55.50000762939453,40761.0,True,4,3,False,accurate,0,0,False,False,80,False,False,,,,,,,,,,,
5821,40747.0,40788.500007629395,40805.800006866455,0,17.299999237060547,58.80000686645508,40775.0,True,4,3,False,accurate,1,1,False,False,78,False,False,,,,,,,,,,,
5827,40789.0,40805.800006866455,40817.600006103516,0,11.799999237060547,28.600006103515625,40817.0,True,2,1,False,accurate,0,0,False,False,72,False,False,,,,,,,,,,,
5828,40796.0,40817.600006103516,40842.30000305176,0,24.699996948242188,46.30000305175781,40824.0,True,3,2,False,accurate,0,0,False,False,71,False,False,,,,,,,,,,,
5829,40803.0,40842.30000305176,40859.30000305176,0,17.0,56.30000305175781,40831.0,True,4,3,False,accurate,0,0,False,False,70,False,False,,,,,,,,,,,
5830,40810.0,40859.30000305176,40876.80000305176,0,17.5,66.80000305175781,40838.0,True,4,3,False,accurate,0,0,False,False,69,False,False,,,,,,,,,,,
5832,40824.0,40876.80000305176,40891.600006103516,0,14.800003051757812,67.60000610351562,40852.0,True,4,3,False,accurate,0,0,False,False,67,False,False,,,,,,,,,,,
5835,40845.0,40891.600006103516,40906.80000305176,0,15.199996948242188,61.80000305175781,40873.0,True,4,3,False,accurate,0,0,False,False,64,False,False,,,,,,,,,,,
5836,40852.0,40906.80000305176,40921.0,0,14.199996948242188,69.0,40880.0,True,5,4,False,accurate,1,1,False,False,63,False,False,,,,,,,,,,,
5837,40859.0,40921.0,40932.60000228882,0,11.60000228881836,73.60000228881836,40887.0,True,6,5,True,accurate,0,0,False,False,62,False,False,,,,,,,,,,,
5839,40873.0,40932.60000228882,40946.0,0,13.39999771118164,73.0,40901.0,True,6,5,True,accurate,0,0,False,False,60,False,False,,,,,,,,,,,
5840,40880.0,40946.0,40961.89999771118,0,15.89999771118164,81.89999771118164,40908.0,True,6,5,True,accurate,0,0,False,False,59,False,False,,,,,,,,,,,
5842,40894.0,40961.89999771118,40977.29999923706,0,15.400001525878906,83.29999923706055,40922.0,True,6,5,True,accurate,0,0,False,False,57,False,False,,,,,,,,,,,
5843,40901.0,40977.29999923706,40991.89999771118,0,14.599998474121094,90.89999771118164,40929.0,True,7,6,True,accurate,0,0,False,False,56,False,False,,,,,,,,,,,
5844,40908.0,40991.89999771118,41008.9999961853,0,17.099998474121094,100.99999618530273,40936.0,True,7,6,True,accurate,1,1,False,False,55,False,False,,,,,,,,,,,
5846,40922.0,41008.9999961853,41024.29999542236,0,15.299999237060547,102.29999542236328,40950.0,True,7,6,True,accurate,0,0,False,False,53,False,False,,,,,,,,,,,
5852,40964.0,41024.29999542236,41044.4999961853,0,20.200000762939453,80.49999618530273,40992.0,True,5,4,False,accurate,0,0,False,False,47,False,False,,,,,,,,,,,
5855,40985.0,41044.4999961853,41069.19999694824,0,24.700000762939453,84.19999694824219,41013.0,True,5,4,False,accurate,0,0,False,False,44,False,False,,,,,,,,,,,
5861,41027.0,41069.19999694824,41082.9999961853,0,13.799999237060547,55.999996185302734,41055.0,True,3,2,False,accurate,1,1,False,False,38,False,False,,,,,,,,,,,
5863,41041.0,41082.9999961853,41095.899993896484,0,12.89999771118164,54.899993896484375,41069.0,True,4,3,False,accurate,0,0,False,False,36,False,False,,,,,,,,,,,
5868,41076.0,41095.899993896484,41109.9999961853,0,14.10000228881836,33.999996185302734,41104.0,True,3,2,False,accurate,0,0,False,False,31,False,False,,,,,,,,,,,
5870,41090.0,41109.9999961853,41121.39999771118,0,11.400001525878906,31.39999771118164,41118.0,True,3,2,False,accurate,1,1,False,False,29,False,False,,,,,,,,,,,
5871,41097.0,41121.39999771118,41134.19999694824,0,12.799999237060547,37.19999694824219,41125.0,True,3,2,False,accurate,1,1,False,False,28,False,False,,,,,,,,,,,
5874,41118.0,41134.19999694824,41147.09999847412,0,12.900001525878906,29.099998474121094,41146.0,True,3,2,False,accurate,0,0,False,False,25,False,False,,,,,,,,,,,
5877,41139.0,41147.09999847412,41162.19999694824,0,15.099998474121094,23.199996948242188,41167.0,False,2,1,False,accurate,1,1,False,False,22,False,True,,,,,,,,,,,
5880,41160.0,41162.19999694824,41175.59999847412,0,13.400001525878906,15.599998474121094,41188.0,False,2,1,False,accurate,0,0,False,False,19,False,True,,,,,,,,,,,
5881,41167.0,41175.59999847412,41189.20000076294,0,13.60000228881836,22.200000762939453,41195.0,False,2,1,False,accurate,1,1,False,False,18,False,True,,,,,,,,,,,
5884,41188.0,41189.20000076294,41212.20000076294,0,23.0,24.200000762939453,41216.0,False,2,1,False,accurate,0,0,False,False,15,False,True,,,,,,,,,,,
5887,41209.0,41212.20000076294,41224.89999771118,0,12.699996948242188,15.89999771118164,41237.0,False,2,1,False,accurate,1,1,False,False,12,False,True,,,,,,,,,,,
5888,41216.0,41224.89999771118,41239.89999771118,0,15.0,23.89999771118164,41244.0,False,2,1,False,accurate,0,0,False,False,11,False,True,,,,,,,,,,,
5892,41244.0,41244.0,41263.40000152588,0,19.400001525878906,19.400001525878906,41272.0,False,1,0,False,accurate,1,1,False,False,7,False,True,,,,,,,,,,,
5895,41265.0,41265.0,41278.20000457764,0,13.200004577636719,13.200004577636719,41293.0,False,1,0,False,accurate,0,0,False,False,4,False,True,,,,,,,,,,,
5897,41279.0,41279.0,41293.29999923706,0,14.299999237060547,14.299999237060547,41307.0,False,1,0,False,accurate,0,0,False,False,2,True,True,,,,,,,,,,,
5899,41293.0,41293.29999923706,41305.0,0,11.700000762939453,12.0,41321.0,False,2,1,False,accurate,1,1,False,True,0,True,True,,,,,,,,,,,
5900,41300.0,41305.0,41321.70000076294,0,16.700000762939453,21.700000762939453,41328.0,False,2,1,False,accurate,0,0,False,False,99,False,True,,,,,,,,,,,
5902,41314.0,41321.70000076294,41335.5,0,13.799999237060547,21.5,41342.0,False,2,1,False,accurate,1,1,False,False,97,False,True,,,,,,,,,,,
5908,41356.0,41356.0,41373.70000076294,0,17.700000762939453,17.700000762939453,41384.0,False,1,0,False,accurate,0,0,False,False,91,False,True,,,,,,,,,,,
5909,41363.0,41373.70000076294,41390.40000152588,0,16.700000762939453,27.400001525878906,41391.0,False,2,1,False,accurate,0,0,False,False,90,False,True,,,,,,,,,,,
5910,41370.0,41390.40000152588,41406.89999771118,0,16.499996185302734,36.89999771118164,41398.0,True,3,2,False,accurate,0,0,False,False,89,False,False,,,,,,,,,,,
5914,41398.0,41406.89999771118,41420.59999847412,0,13.700000762939453,22.599998474121094,41426.0,False,2,1,False,accurate,1,1,False,False,85,False,True,,,,,,,,,,,
5916,41412.0,41420.59999847412,41434.60000228882,0,14.000003814697266,22.60000228881836,41440.0,False,2,1,False,accurate,0,0,False,False,83,False,True,,,,,,,,,,,
5919,41433.0,41434.60000228882,41457.900005340576,0,23.300003051757812,24.900005340576172,41461.0,False,2,1,False,accurate,0,0,False,False,80,False,True,,,,,,,,,,,
5920,41440.0,41457.900005340576,41482.89000015259,0,24.98999481201172,42.8900001525908,41468.0,True,2,1,False,accurate,0,0,False,False,79,False,False,,,,,,,,,,,
5921,41447.0,41482.89000015259,41500.76791157146,0,17.8779114188751,53.76791157146363,41475.0,True,3,2,False,accurate,0,0,False,False,78,False,False,,,,,,,,,,,
5924,41468.0,41500.76791157146,41524.35958044688,0,23.5916688754161,56.35958044687868,41496.0,True,3,2,False,accurate,0,0,False,False,75,False,False,,,,,,,,,,,
5925,41475.0,41524.35958044688,41545.340824705956,0,20.981244259079247,70.34082470595604,41503.0,True,4,3,False,accurate,0,0,False,False,74,False,False,,,,,,,,,,,
5927,41489.0,41545.340824705956,41564.038741198776,0,18.697916492819786,75.03874119877582,41517.0,True,4,3,False,accurate,0,0,False,False,72,False,False,,,,,,,,,,,
5931,41517.0,41564.038741198776,41581.554164355395,0,17.515423156619136,64.55416435539519,41545.0,True,4,3,False,accurate,0,0,False,False,68,False,False,,,,,,,,,,,
5934,41538.0,41581.554164355395,41599.37916327397,0,17.82499891857307,61.3791632739667,41566.0,True,4,3,False,accurate,0,0,False,False,65,False,False,,,,,,,,,,,
5937,41559.0,41599.37916327397,41613.94957801908,0,14.57041474511227,54.94957801907731,41587.0,True,4,3,False,accurate,0,0,False,False,62,False,False,,,,,,,,,,,
5941,41587.0,41613.94957801908,41629.50082718938,0,15.551249170303343,42.50082718938211,41615.0,True,3,2,False,accurate,0,0,False,False,58,False,False,,,,,,,,,,,
5953,41671.0,41671.0,41688.19999694824,0,17.199996948242188,17.199996948242188,41699.0,False,1,0,False,accurate,1,1,False,False,46,False,True,,,,,,,,,,,
5955,41685.0,41688.19999694824,41699.40000152588,0,11.200004577636719,14.400001525878906,41713.0,False,2,1,False,accurate,0,0,False,False,44,False,True,,,,,,,,,,,
5960,41720.0,41720.0,41736.10000228882,0,16.10000228881836,16.10000228881836,41748.0,False,1,0,False,accurate,1,1,False,False,39,False,True,,,,,,,,,,,
5962,41734.0,41736.10000228882,41749.29999923706,0,13.199996948242188,15.299999237060547,41762.0,False,2,1,False,accurate,1,1,False,False,37,False,True,,,,,,,,,,,
5964,41748.0,41749.29999923706,41767.69999694824,0,18.39999771118164,19.699996948242188,41776.0,False,2,1,False,accurate,1,1,False,False,35,False,True,,,,,,,,,,,
5967,41769.0,41769.0,41779.80000305176,0,10.800003051757812,10.800003051757812,41797.0,False,1,0,False,accurate,0,0,False,False,32,False,True,,,,,,,,,,,
5970,41790.0,41790.0,41804.0000038147,0,14.000003814697266,14.000003814697266,41818.0,False,1,0,False,accurate,1,1,False,False,29,False,True,,,,,,,,,,,
5971,41797.0,41804.0000038147,41815.400005340576,0,11.400001525878906,18.400005340576172,41825.0,False,2,1,False,accurate,0,0,False,False,28,False,True,,,,,,,,,,,
5972,41804.0,41815.400005340576,41832.100006103516,0,16.700000762939453,28.100006103515625,41832.0,True,3,2,False,accurate,0,0,False,False,27,False,False,,,,,,,,,,,
5975,41825.0,41832.100006103516,41844.900005340576,0,12.799999237060547,19.900005340576172,41853.0,False,2,1,False,accurate,0,0,False,False,24,False,True,,,,,,,,,,,
5976,41832.0,41844.900005340576,41857.500007629395,0,12.60000228881836,25.50000762939453,41860.0,False,3,2,False,accurate,0,0,False,False,23,False,True,,,,,,,,,,,
5978,41846.0,41857.500007629395,41872.400005340576,0,14.89999771118164,26.400005340576172,41874.0,False,2,1,False,accurate,0,0,False,False,21,False,True,,,,,,,,,,,
5979,41853.0,41872.400005340576,41886.300006866455,0,13.900001525878906,33.30000686645508,41881.0,True,3,2,False,accurate,0,0,False,False,20,False,False,,,,,,,,,,,
5980,41860.0,41886.300006866455,41905.200008392334,0,18.900001525878906,45.200008392333984,41888.0,True,3,2,False,accurate,0,0,False,False,19,False,False,,,,,,,,,,,
5981,41867.0,41905.200008392334,41920.40000915527,0,15.200000762939453,53.40000915527344,41895.0,True,4,3,False,accurate,0,0,False,False,18,False,False,,,,,,,,,,,
5982,41874.0,41920.40000915527,41934.60000991821,0,14.200000762939453,60.60000991821289,41902.0,True,4,3,False,accurate,0,0,False,False,17,False,False,,,,,,,,,,,
5983,41881.0,41934.60000991821,41951.70001220703,0,17.10000228881836,70.70001220703125,41909.0,True,5,4,False,accurate,0,0,False,False,16,False,False,,,,,,,,,,,
5984,41888.0,41951.70001220703,41966.10001373291,0,14.400001525878906,78.10001373291016,41916.0,True,5,4,False,accurate,0,0,False,False,15,False,False,,,,,,,,,,,
5986,41902.0,41966.10001373291,41982.00001144409,0,15.89999771118164,80.0000114440918,41930.0,True,6,5,True,accurate,1,1,False,False,13,False,False,,,,,,,,,,,
5987,41909.0,41982.00001144409,41995.40001296997,0,13.400001525878906,86.4000129699707,41937.0,True,6,5,True,accurate,1,1,False,False,12,False,False,,,,,,,,,,,
5991,41937.0,41995.40001296997,42010.50001525879,0,15.10000228881836,73.50001525878906,41965.0,True,5,4,False,accurate,1,1,False,False,8,False,False,,,,,,,,,,,
5992,41944.0,42010.50001525879,42022.80001449585,0,12.299999237060547,78.80001449584961,41972.0,True,6,5,True,accurate,0,0,False,False,7,False,False,,,,,,,,,,,
5993,41951.0,42022.80001449585,42035.50001525879,0,12.700000762939453,84.50001525878906,41979.0,True,7,6,True,accurate,1,1,False,False,6,False,False,,,,,,,,,,,
5998,41986.0,42035.50001525879,42048.60001373291,0,13.099998474121094,62.600013732910156,42014.0,True,5,4,False,accurate,0,0,False,False,1,True,False,,,,,,,,,,,
6002,42014.0,42048.60001373291,42064.10001373291,0,15.5,50.100013732910156,42042.0,True,4,3,False,accurate,0,0,False,False,97,False,False,,,,,,,,,,,
6003,42021.0,42064.10001373291,42079.40001296997,0,15.299999237060547,58.4000129699707,42049.0,True,5,4,False,accurate,0,0,False,False,96,False,False,,,,,,,,,,,
6005,42035.0,42079.40001296997,42093.10001373291,0,13.700000762939453,58.100013732910156,42063.0,True,5,4,False,accurate,0,0,False,False,94,False,False,,,,,,,,,,,
6006,42042.0,42093.10001373291,42109.40001678467,0,16.300003051757812,67.40001678466797,42070.0,True,5,4,False,accurate,0,0,False,False,93,False,False,,,,,,,,,,,
6011,42077.0,42109.40001678467,42124.400020599365,0,15.000003814697266,47.400020599365234,42105.0,True,4,3,False,accurate,0,0,False,False,88,False,False,,,,,,,,,,,
6013,42091.0,42124.400020599365,42138.400020599365,0,14.0,47.400020599365234,42119.0,True,4,3,False,accurate,1,1,False,False,86,False,False,,,,,,,,,,,
6015,42105.0,42138.400020599365,42151.600021362305,0,13.200000762939453,46.60002136230469,42133.0,True,4,3,False,accurate,0,0,False,False,84,False,False,,,,,,,,,,,
6022,42154.0,42154.0,42169.90000152588,0,15.900001525878906,15.900001525878906,42182.0,False,1,0,False,accurate,0,0,False,False,77,False,True,,,,,,,,,,,
6023,42161.0,42169.90000152588,42183.5,0,13.599998474121094,22.5,42189.0,False,2,1,False,accurate,0,0,False,False,76,False,True,,,,,,,,,,,
6025,42175.0,42183.5,42202.0000038147,0,18.500003814697266,27.000003814697266,42203.0,False,2,1,False,accurate,0,0,False,False,74,False,True,,,,,,,,,,,
6028,42196.0,42202.0000038147,42218.90000152588,0,16.89999771118164,22.900001525878906,42224.0,False,2,1,False,accurate,0,0,False,False,71,False,True,,,,,,,,,,,
6030,42210.0,42218.90000152588,42244.10000228882,0,25.200000762939453,34.10000228881836,42238.0,True,2,1,False,accurate,0,0,False,False,69,False,False,,,,,,,,,,,
6033,42231.0,42244.10000228882,42260.10000228882,0,16.0,29.10000228881836,42259.0,True,2,1,False,accurate,0,0,False,False,66,False,False,,,,,,,,,,,
6034,42238.0,42260.10000228882,42272.70000457764,0,12.60000228881836,34.70000457763672,42266.0,True,3,2,False,accurate,0,0,False,False,65,False,False,,,,,,,,,,,
6035,42245.0,42272.70000457764,42286.90000915527,0,14.200004577636719,41.90000915527344,42273.0,True,3,2,False,accurate,0,0,False,False,64,False,False,,,,,,,,,,,
6036,42252.0,42286.90000915527,42303.50001144409,0,16.60000228881836,51.5000114440918,42280.0,True,4,3,False,accurate,1,1,False,False,63,False,False,,,,,,,,,,,
6037,42259.0,42303.50001144409,42317.90001296997,0,14.400001525878906,58.9000129699707,42287.0,True,5,4,False,accurate,0,0,False,False,62,False,False,,,,,,,,,,,
6039,42273.0,42317.90001296997,42337.20001602173,0,19.300003051757812,64.20001602172852,42301.0,True,4,3,False,accurate,1,1,False,False,60,False,False,,,,,,,,,,,
6042,42294.0,42337.20001602173,42351.80001449585,0,14.599998474121094,57.80001449584961,42322.0,True,4,3,False,accurate,0,0,False,False,57,False,False,,,,,,,,,,,
6047,42329.0,42351.80001449585,42363.60001373291,0,11.799999237060547,34.600013732910156,42357.0,True,3,2,False,accurate,0,0,False,False,52,False,False,,,,,,,,,,,
6048,42336.0,42363.60001373291,42376.60001373291,0,13.0,40.600013732910156,42364.0,True,4,3,False,accurate,0,0,False,False,51,False,False,,,,,,,,,,,
6056,42392.0,42392.0,42404.5,0,12.5,12.5,42420.0,False,1,0,False,accurate,0,0,False,False,43,False,True,,,,,,,,,,,
6060,42420.0,42420.0,42433.90000152588,0,13.900001525878906,13.900001525878906,42448.0,False,1,0,False,accurate,0,0,False,False,39,False,True,,,,,,,,,,,
6061,42427.0,42433.90000152588,42446.90000152588,0,13.0,19.900001525878906,42455.0,False,2,1,False,accurate,0,0,False,False,38,False,True,,,,,,,,,,,
6063,42441.0,42446.90000152588,42463.30000305176,0,16.400001525878906,22.300003051757812,42469.0,False,2,1,False,accurate,0,0,False,False,36,False,True,,,,,,,,,,,
6069,42483.0,42483.0,42508.90000152588,0,25.900001525878906,25.900001525878906,42511.0,False,1,0,False,accurate,1,1,False,False,30,False,True,,,,,,,,,,,
6070,42490.0,42508.90000152588,42523.400005340576,0,14.500003814697266,33.40000534057617,42518.0,True,2,1,False,accurate,1,1,False,False,29,False,False,,,,,,,,,,,
6074,42518.0,42523.400005340576,42536.500007629395,0,13.10000228881836,18.50000762939453,42546.0,False,2,1,False,accurate,1,1,False,False,25,False,True,,,,,,,,,,,
6083,42581.0,42581.0,42605.50999507904,0,24.509995079040525,24.509995079039072,42609.0,False,1,0,False,accurate,0,0,False,False,16,False,True,,,,,,,,,,,
6084,42588.0,42605.50999507904,42627.676661551,0,22.166666471958163,39.67666155099869,42616.0,True,2,1,False,accurate,0,0,False,False,15,False,False,,,,,,,,,,,
6085,42595.0,42627.676661551,42652.07708555043,0,24.400423999428813,57.07708555043064,42623.0,True,3,2,False,accurate,0,0,False,False,14,False,False,,,,,,,,,,,
6087,42609.0,42652.07708555043,42682.891249648135,0,30.8141640977065,73.89124964813527,42637.0,True,3,2,False,accurate,1,1,False,False,12,False,False,,,,,,,,,,,
6090,42630.0,42682.891249648135,42702.88958385845,0,19.99833421031633,72.88958385845035,42658.0,True,3,2,False,accurate,0,0,False,False,9,False,False,,,,,,,,,,,
6091,42637.0,42702.88958385845,42724.40458197097,0,21.51499811251956,87.40458197097178,42665.0,True,4,3,False,accurate,0,0,False,False,8,False,False,,,,,,,,,,,
6093,42651.0,42724.40458197097,42745.141666421194,0,20.73708445022504,94.1416664211938,42679.0,True,5,4,False,accurate,1,1,False,False,6,False,False,,,,,,,,,,,
6095,42665.0,42745.141666421194,42760.16541834761,0,15.023751926422118,95.16541834761301,42693.0,True,5,4,False,accurate,0,0,False,False,4,False,False,,,,,,,,,,,
6097,42679.0,42760.16541834761,42775.337916422584,0,15.172498074968665,96.33791642258439,42707.0,True,6,5,True,accurate,0,0,False,False,2,True,False,,,,,,,,,,,
6098,42686.0,42775.337916422584,42788.73291821549,0,13.395001792907715,102.73291821549356,42714.0,True,6,5,True,accurate,1,1,False,False,1,True,False,,,,,,,,,,,
6099,42693.0,42788.73291821549,42801.91000150884,0,13.17708329334855,108.91000150884065,42721.0,True,7,6,True,accurate,0,0,False,True,0,True,False,,,,,,,,,,,
6107,42749.0,42801.91000150884,42822.11000227178,0,20.200000762939453,73.1100022717801,42777.0,True,5,4,False,accurate,0,0,False,False,92,False,False,,,,,,,,,,,
6108,42756.0,42822.11000227178,42834.61000227178,0,12.5,78.6100022717801,42784.0,True,6,5,True,accurate,0,0,False,False,91,False,False,,,,,,,,,,,
6111,42777.0,42834.61000227178,42849.41000150884,0,14.799999237060547,72.41000150884065,42805.0,True,5,4,False,accurate,0,0,False,False,88,False,False,,,,,,,,,,,
6114,42798.0,42849.41000150884,42864.2100007459,0,14.799999237060547,66.2100007459012,42826.0,True,5,4,False,accurate,0,0,False,False,85,False,False,,,,,,,,,,,
6115,42805.0,42864.2100007459,42874.61000227178,0,10.400001525878906,69.6100022717801,42833.0,True,5,4,False,accurate,0,0,False,False,84,False,False,,,,,,,,,,,
6120,42840.0,42874.61000227178,42892.7100007459,0,18.099998474121094,52.7100007459012,42868.0,True,4,3,False,accurate,0,0,False,False,79,False,False,,,,,,,,,,,
6121,42847.0,42892.7100007459,42907.80999922002,0,15.099998474121094,60.80999922002229,42875.0,True,5,4,False,accurate,0,0,False,False,78,False,False,,,,,,,,,,,
6123,42861.0,42907.80999922002,42918.10999845708,0,10.299999237060547,57.10999845708284,42889.0,True,5,4,False,accurate,0,0,False,False,76,False,False,,,,,,,,,,,
6130,42910.0,42918.10999845708,42930.7100007459,0,12.60000228881836,20.710000745901198,42938.0,False,2,1,False,accurate,0,0,False,False,69,False,True,,,,,,,,,,,
6132,42924.0,42930.7100007459,42944.41000150884,0,13.700000762939453,20.41000150884065,42952.0,False,2,1,False,accurate,0,0,False,False,67,False,True,,,,,,,,,,,
6134,42938.0,42944.41000150884,42960.61000227178,0,16.200000762939453,22.610002271780104,42966.0,False,2,1,False,accurate,1,1,False,False,65,False,True,,,,,,,,,,,
6141,42987.0,42987.0,43000.09999847412,0,13.099998474121094,13.099998474121094,43015.0,False,1,0,False,accurate,0,0,False,False,58,False,True,,,,,,,,,,,
6142,42994.0,43000.09999847412,43012.29999923706,0,12.200000762939453,18.299999237060547,43022.0,False,2,1,False,accurate,0,0,False,False,57,False,True,,,,,,,,,,,
6143,43001.0,43012.29999923706,43026.59999847412,0,14.299999237060547,25.599998474121094,43029.0,False,2,1,False,accurate,1,1,False,False,56,False,True,,,,,,,,,,,
6144,43008.0,43026.59999847412,43042.59999847412,0,16.0,34.599998474121094,43036.0,True,3,2,False,accurate,1,1,False,False,55,False,False,,,,,,,,,,,
6149,43043.0,43043.0,43054.70000457764,0,11.700004577636719,11.700004577636719,43071.0,False,1,0,False,accurate,0,0,False,False,50,False,True,,,,,,,,,,,
6154,43078.0,43078.0,43093.59999847412,0,15.599998474121094,15.599998474121094,43106.0,False,1,0,False,accurate,0,0,False,False,45,False,True,,,,,,,,,,,
6155,43085.0,43093.59999847412,43104.5,0,10.900001525878906,19.5,43113.0,False,2,1,False,accurate,0,0,False,False,44,False,True,,,,,,,,,,,
6158,43106.0,43106.0,43119.0000038147,0,13.000003814697266,13.000003814697266,43134.0,False,1,0,False,accurate,0,0,False,False,41,False,True,,,,,,,,,,,
6159,43113.0,43119.0000038147,43131.400005340576,0,12.400001525878906,18.400005340576172,43141.0,False,2,1,False,accurate,0,0,False,False,40,False,True,,,,,,,,,,,
6162,43134.0,43134.0,43146.39999771118,0,12.39999771118164,12.39999771118164,43162.0,False,1,0,False,accurate,1,1,False,False,37,False,True,,,,,,,,,,,
6163,43141.0,43146.39999771118,43165.69999694824,0,19.299999237060547,24.699996948242188,43169.0,False,2,1,False,accurate,0,0,False,False,36,False,True,,,,,,,,,,,
6164,43148.0,43165.69999694824,43180.59999847412,0,14.900001525878906,32.599998474121094,43176.0,True,2,1,False,accurate,0,0,False,False,35,False,False,,,,,,,,,,,
6167,43169.0,43180.59999847412,43200.59999847412,0,20.0,31.599998474121094,43197.0,True,2,1,False,accurate,0,0,False,False,32,False,False,,,,,,,,,,,
6168,43176.0,43200.59999847412,43216.19999694824,0,15.599998474121094,40.19999694824219,43204.0,True,3,2,False,accurate,0,0,False,False,31,False,False,,,,,,,,,,,
6173,43211.0,43216.19999694824,43232.39999771118,0,16.200000762939453,21.39999771118164,43239.0,False,2,1,False,accurate,0,0,False,False,26,False,True,,,,,,,,,,,
6175,43225.0,43232.39999771118,43244.70000076294,0,12.300003051757812,19.700000762939453,43253.0,False,2,1,False,accurate,0,0,False,False,24,False,True,,,,,,,,,,,
6178,43246.0,43246.0,43260.5,0,14.5,14.5,43274.0,False,1,0,False,accurate,0,0,False,False,21,False,True,,,,,,,,,,,
6180,43260.0,43260.5,43275.09999847412,0,14.599998474121094,15.099998474121094,43288.0,False,2,1,False,accurate,0,0,False,False,19,False,True,,,,,,,,,,,
6181,43267.0,43275.09999847412,43289.0,0,13.900001525878906,22.0,43295.0,False,2,1,False,accurate,1,1,False,False,18,False,True,,,,,,,,,,,
6182,43274.0,43289.0,43302.29999923706,0,13.299999237060547,28.299999237060547,43302.0,True,3,2,False,accurate,1,1,False,False,17,False,False,,,,,,,,,,,
6184,43288.0,43302.29999923706,43314.39999771118,0,12.099998474121094,26.39999771118164,43316.0,False,3,2,False,accurate,0,0,False,False,15,False,True,,,,,,,,,,,
6186,43302.0,43314.39999771118,43327.099994659424,0,12.699996948242188,25.099994659423828,43330.0,False,3,2,False,accurate,1,1,False,False,13,False,True,,,,,,,,,,,
6189,43323.0,43327.099994659424,43338.899993896484,0,11.799999237060547,15.899993896484375,43351.0,False,2,1,False,accurate,0,0,False,False,10,False,True,,,,,,,,,,,
6201,43407.0,43407.0,43422.29999923706,0,15.299999237060547,15.299999237060547,43435.0,False,1,0,False,accurate,0,0,False,False,98,False,True,,,,,,,,,,,
6203,43421.0,43422.29999923706,43435.09999847412,0,12.799999237060547,14.099998474121094,43449.0,False,2,1,False,accurate,0,0,False,False,96,False,True,,,,,,,,,,,
6208,43456.0,43456.0,43469.80000305176,0,13.800003051757812,13.800003051757812,43484.0,False,1,0,False,accurate,0,0,False,False,91,False,True,,,,,,,,,,,
6210,43470.0,43470.0,43484.29999923706,0,14.299999237060547,14.299999237060547,43498.0,False,1,0,False,accurate,1,1,False,False,89,False,True,,,,,,,,,,,
6212,43484.0,43484.29999923706,43498.9999961853,0,14.699996948242188,14.999996185302734,43512.0,False,2,1,False,accurate,0,0,False,False,87,False,True,,,,,,,,,,,
6213,43491.0,43498.9999961853,43511.59999847412,0,12.60000228881836,20.599998474121094,43519.0,False,2,1,False,accurate,0,0,False,False,86,False,True,,,,,,,,,,,
6214,43498.0,43511.59999847412,43526.19999694824,0,14.599998474121094,28.199996948242188,43526.0,True,3,2,False,accurate,1,1,False,False,85,False,False,,,,,,,,,,,
6215,43505.0,43526.19999694824,43538.4999961853,0,12.299999237060547,33.499996185302734,43533.0,True,3,2,False,accurate,0,0,False,False,84,False,False,,,,,,,,,,,
6216,43512.0,43538.4999961853,43550.59999084473,0,12.099994659423828,38.59999084472656,43540.0,True,3,2,False,accurate,0,0,False,False,83,False,False,,,,,,,,,,,
6217,43519.0,43550.59999084473,43566.59999084473,0,16.0,47.59999084472656,43547.0,True,4,3,False,accurate,0,0,False,False,82,False,False,,,,,,,,,,,
6218,43526.0,43566.59999084473,43580.59999084473,0,14.0,54.59999084472656,43554.0,True,5,4,False,accurate,1,1,False,False,81,False,False,,,,,,,,,,,
6219,43533.0,43580.59999084473,43595.89999008179,0,15.299999237060547,62.89999008178711,43561.0,True,5,4,False,accurate,0,0,False,False,80,False,False,,,,,,,,,,,
6221,43547.0,43595.89999008179,43607.59998703003,0,11.699996948242188,60.5999870300293,43575.0,True,5,4,False,accurate,0,0,False,False,78,False,False,,,,,,,,,,,
6222,43554.0,43607.59998703003,43622.09998321533,0,14.499996185302734,68.09998321533203,43582.0,True,5,4,False,accurate,0,0,False,False,77,False,False,,,,,,,,,,,
6228,43596.0,43622.09998321533,43637.09998703003,0,15.000003814697266,41.0999870300293,43624.0,True,3,2,False,accurate,0,0,False,False,71,False,False,,,,,,,,,,,
6233,43631.0,43637.09998703003,43649.39998626709,0,12.299999237060547,18.399986267089844,43659.0,False,2,1,False,accurate,0,0,False,False,66,False,True,,,,,,,,,,,
6238,43666.0,43666.0,43680.29999923706,0,14.299999237060547,14.299999237060547,43694.0,False,1,0,False,accurate,0,0,False,False,61,False,True,,,,,,,,,,,
6240,43680.0,43680.29999923706,43712.09000053406,0,31.79000129699707,32.09000053405907,43708.0,True,2,1,False,accurate,1,1,False,False,59,False,False,,,,,,,,,,,
6241,43687.0,43712.09000053406,43731.80583880226,0,19.715838268200514,44.80583880226186,43715.0,True,2,1,False,accurate,0,0,False,False,58,False,False,,,,,,,,,,,
6242,43694.0,43731.80583880226,43758.07250569145,0,26.266666889190674,64.07250569145253,43722.0,True,3,2,False,accurate,0,0,False,False,57,False,False,,,,,,,,,,,
6243,43701.0,43758.07250569145,43778.71250446121,0,20.63999876976013,77.71250446121121,43729.0,True,4,3,False,accurate,1,1,False,False,56,False,False,,,,,,,,,,,
6246,43722.0,43778.71250446121,43799.2999986438,0,20.587494182586667,77.29999864380079,43750.0,True,4,3,False,accurate,1,1,False,False,53,False,False,,,,,,,,,,,
6250,43750.0,43799.2999986438,43820.42499306282,0,21.12499441901848,70.42499306282116,43778.0,True,4,3,False,accurate,0,0,False,False,49,False,False,,,,,,,,,,,
6251,43757.0,43820.42499306282,43838.62999429862,0,18.20500123580298,81.62999429862248,43785.0,True,5,4,False,accurate,0,0,False,False,48,False,False,,,,,,,,,,,
6261,43827.0,43838.62999429862,43852.114995958014,0,13.48500165939331,25.114995958014333,43855.0,False,2,1,False,accurate,0,0,False,False,38,False,True,,,,,,,,,,,
6265,43855.0,43855.0,43868.0,0,13.0,13.0,43883.0,False,1,0,False,accurate,0,0,False,False,34,False,True,,,,,,,,,,,
6266,43862.0,43868.0,43880.89999771118,0,12.89999771118164,18.89999771118164,43890.0,False,2,1,False,accurate,1,1,False,False,33,False,True,,,,,,,,,,,
6271,43897.0,43897.0,43908.89999771118,0,11.89999771118164,11.89999771118164,43925.0,False,1,0,False,accurate,0,0,False,False,28,False,True,,,,,,,,,,,
6272,43904.0,43908.89999771118,43919.19999694824,0,10.299999237060547,15.199996948242188,43932.0,False,2,1,False,accurate,1,1,False,False,27,False,True,,,,,,,,,,,
6273,43911.0,43919.19999694824,43934.79999542236,0,15.599998474121094,23.79999542236328,43939.0,False,2,1,False,accurate,1,1,False,False,26,False,True,,,,,,,,,,,
6274,43918.0,43934.79999542236,43946.70000076294,0,11.900005340576172,28.700000762939453,43946.0,True,3,2,False,accurate,1,1,False,False,25,False,False,,,,,,,,,,,
6276,43932.0,43946.70000076294,43959.39999771118,0,12.699996948242188,27.39999771118164,43960.0,False,3,2,False,accurate,0,0,False,False,23,False,True,,,,,,,,,,,
6278,43946.0,43959.39999771118,43972.09999847412,0,12.700000762939453,26.099998474121094,43974.0,False,3,2,False,accurate,1,1,False,False,21,False,True,,,,,,,,,,,
6280,43960.0,43972.09999847412,43985.29999923706,0,13.200000762939453,25.299999237060547,43988.0,False,2,1,False,accurate,0,0,False,False,19,False,True,,,,,,,,,,,
6281,43967.0,43985.29999923706,43998.40000152588,0,13.10000228881836,31.400001525878906,43995.0,True,3,2,False,accurate,0,0,False,False,18,False,False,,,,,,,,,,,
6282,43974.0,43998.40000152588,44010.0000038147,0,11.60000228881836,36.000003814697266,44002.0,True,3,2,False,accurate,0,0,False,False,17,False,False,,,,,,,,,,,
6285,43995.0,44010.0000038147,44022.800006866455,0,12.800003051757812,27.800006866455078,44023.0,False,3,2,False,accurate,0,0,False,False,14,False,True,,,,,,,,,,,
6286,44002.0,44022.800006866455,44035.000007629395,0,12.200000762939453,33.00000762939453,44030.0,True,3,2,False,accurate,1,1,False,False,13,False,False,,,,,,,,,,,
6290,44030.0,44035.000007629395,44052.800006866455,0,17.799999237060547,22.800006866455078,44058.0,False,2,1,False,accurate,1,1,False,False,9,False,True,,,,,,,,,,,
6291,44037.0,44052.800006866455,44066.900005340576,0,14.099998474121094,29.900005340576172,44065.0,True,2,1,False,accurate,1,1,False,False,8,False,False,,,,,,,,,,,
6292,44044.0,44066.900005340576,44079.5000038147,0,12.599998474121094,35.500003814697266,44072.0,True,3,2,False,accurate,0,0,False,False,7,False,False,,,,,,,,,,,
6293,44051.0,44079.5000038147,44089.90000152588,0,10.39999771118164,38.900001525878906,44079.0,True,4,3,False,accurate,1,1,False,False,6,False,False,,,,,,,,,,,
6294,44058.0,44089.90000152588,44102.20000076294,0,12.299999237060547,44.20000076293945,44086.0,True,4,3,False,accurate,0,0,False,False,5,False,False,,,,,,,,,,,
6295,44065.0,44102.20000076294,44117.09999847412,0,14.89999771118164,52.099998474121094,44093.0,True,5,4,False,accurate,0,0,False,False,4,False,False,,,,,,,,,,,
6297,44079.0,44117.09999847412,44134.5,0,17.400001525878906,55.5,44107.0,True,5,4,False,accurate,1,1,False,False,2,True,False,,,,,,,,,,,
6298,44086.0,44134.5,44149.09999847412,0,14.599998474121094,63.099998474121094,44114.0,True,5,4,False,accurate,0,0,False,False,1,True,False,,,,,,,,,,,
6302,44114.0,44149.09999847412,44160.5000038147,0,11.400005340576172,46.500003814697266,44142.0,True,4,3,False,accurate,0,0,False,False,97,False,False,,,,,,,,,,,
6303,44121.0,44160.5000038147,44173.0000038147,0,12.5,52.000003814697266,44149.0,True,4,3,False,accurate,0,0,False,False,96,False,False,,,,,,,,,,,
6304,44128.0,44173.0000038147,44191.5000038147,0,18.5,63.500003814697266,44156.0,True,5,4,False,accurate,1,1,False,False,95,False,False,,,,,,,,,,,
6305,44135.0,44191.5000038147,44207.30000305176,0,15.799999237060547,72.30000305175781,44163.0,True,5,4,False,accurate,0,0,False,False,94,False,False,,,,,,,,,,,
6309,44163.0,44207.30000305176,44220.20000076294,0,12.89999771118164,57.20000076293945,44191.0,True,4,3,False,accurate,0,0,False,False,90,False,False,,,,,,,,,,,
6310,44170.0,44220.20000076294,44232.60000228882,0,12.400001525878906,62.60000228881836,44198.0,True,5,4,False,accurate,0,0,False,False,89,False,False,,,,,,,,,,,
6311,44177.0,44232.60000228882,44244.69999694824,0,12.099994659423828,67.69999694824219,44205.0,True,5,4,False,accurate,0,0,False,False,88,False,False,,,,,,,,,,,
6314,44198.0,44244.69999694824,44262.9999961853,0,18.299999237060547,64.99999618530273,44226.0,True,5,4,False,accurate,0,0,False,False,85,False,False,,,,,,,,,,,
6315,44205.0,44262.9999961853,44275.59999847412,0,12.60000228881836,70.5999984741211,44233.0,True,6,5,True,accurate,0,0,False,False,84,False,False,,,,,,,,,,,
6318,44226.0,44275.59999847412,44301.59999847412,0,26.0,75.5999984741211,44254.0,True,5,4,False,accurate,0,0,False,False,81,False,False,,,,,,,,,,,
6320,44240.0,44301.59999847412,44314.89999771118,0,13.299999237060547,74.89999771118164,44268.0,True,5,4,False,accurate,1,1,False,False,79,False,False,,,,,,,,,,,
6321,44247.0,44314.89999771118,44327.39999771118,0,12.5,80.39999771118164,44275.0,True,5,4,False,accurate,0,0,False,False,78,False,False,,,,,,,,,,,
6325,44275.0,44327.39999771118,44339.599994659424,0,12.199996948242188,64.59999465942383,44303.0,True,5,4,False,accurate,0,0,False,False,74,False,False,,,,,,,,,,,
6327,44289.0,44339.599994659424,44356.09999847412,0,16.500003814697266,67.0999984741211,44317.0,True,5,4,False,accurate,1,1,False,False,72,False,False,,,,,,,,,,,
6328,44296.0,44356.09999847412,44369.0,0,12.900001525878906,73.0,44324.0,True,6,5,True,accurate,0,0,False,False,71,False,False,,,,,,,,,,,
6329,44303.0,44369.0,44383.0,0,14.0,80.0,44331.0,True,6,5,True,accurate,0,0,False,False,70,False,False,,,,,,,,,,,
6331,44317.0,44383.0,44395.90000152588,0,12.900001525878906,78.9000015258789,44345.0,True,6,5,True,accurate,1,1,False,False,68,False,False,,,,,,,,,,,
6332,44324.0,44395.90000152588,44407.79999923706,0,11.89999771118164,83.79999923706055,44352.0,True,7,6,True,accurate,1,1,False,False,67,False,False,,,,,,,,,,,
6333,44331.0,44407.79999923706,44418.29999923706,0,10.5,87.29999923706055,44359.0,True,7,6,True,accurate,1,1,False,False,66,False,False,,,,,,,,,,,
6336,44352.0,44418.29999923706,44439.5,0,21.200000762939453,87.5,44380.0,True,7,6,True,accurate,0,0,False,False,63,False,False,,,,,,,,,,,
6338,44366.0,44439.5,44453.9999961853,0,14.499996185302734,87.99999618530273,44394.0,True,7,6,True,accurate,0,0,False,False,61,False,False,,,,,,,,,,,
6341,44387.0,44453.9999961853,44472.79999542236,0,18.799999237060547,85.79999542236328,44415.0,True,6,5,True,accurate,0,0,False,False,58,False,False,,,,,,,,,,,
6344,44408.0,44472.79999542236,44488.09999084473,0,15.299995422363281,80.09999084472656,44436.0,True,5,4,False,accurate,0,0,False,False,55,False,False,,,,,,,,,,,
6351,44457.0,44488.09999084473,44498.699993133545,0,10.60000228881836,41.69999313354492,44485.0,True,3,2,False,accurate,0,0,False,False,48,False,False,,,,,,,,,,,
6353,44471.0,44498.699993133545,44514.399993896484,0,15.700000762939453,43.399993896484375,44499.0,True,4,3,False,accurate,0,0,False,False,46,False,False,,,,,,,,,,,
6354,44478.0,44514.399993896484,44531.599994659424,0,17.200000762939453,53.59999465942383,44506.0,True,4,3,False,accurate,0,0,False,False,45,False,False,,,,,,,,,,,
6357,44499.0,44531.599994659424,44542.199993133545,0,10.599998474121094,43.19999313354492,44527.0,True,3,2,False,accurate,0,0,False,False,42,False,False,,,,,,,,,,,
6359,44513.0,44542.199993133545,44558.4999961853,0,16.300003051757812,45.499996185302734,44541.0,True,4,3,False,accurate,1,1,False,False,40,False,False,,,,,,,,,,,
6365,44555.0,44558.4999961853,44569.899993896484,0,11.39999771118164,14.899993896484375,44583.0,False,2,1,False,accurate,0,0,False,False,34,False,True,,,,,,,,,,,
6369,44583.0,44583.0,44595.59999847412,0,12.599998474121094,12.599998474121094,44611.0,False,1,0,False,accurate,0,0,False,False,30,False,True,,,,,,,,,,,
6370,44590.0,44595.59999847412,44609.19999694824,0,13.599998474121094,19.199996948242188,44618.0,False,2,1,False,accurate,0,0,False,False,29,False,True,,,,,,,,,,,
6372,44604.0,44609.19999694824,44638.19999694824,0,29.0,34.19999694824219,44632.0,True,2,1,False,accurate,0,0,False,False,27,False,False,,,,,,,,,,,
6375,44625.0,44638.19999694824,44649.599994659424,0,11.39999771118164,24.599994659423828,44653.0,False,2,1,False,accurate,1,1,False,False,24,False,True,,,,,,,,,,,
6379,44653.0,44653.0,44665.39999771118,0,12.39999771118164,12.39999771118164,44681.0,False,1,0,False,accurate,0,0,False,False,20,False,True,,,,,,,,,,,
6381,44667.0,44667.0,44680.90000152588,0,13.900001525878906,13.900001525878906,44695.0,False,1,0,False,accurate,0,0,False,False,18,False,True,,,,,,,,,,,
6388,44716.0,44716.0,44732.60000228882,0,16.60000228881836,16.60000228881836,44744.0,False,1,0,False,accurate,0,0,False,False,11,False,True,,,,,,,,,,,
6391,44737.0,44737.0,44761.09999847412,0,24.099998474121094,24.099998474121094,44765.0,False,1,0,False,accurate,0,0,False,False,8,False,True,,,,,,,,,,,
6395,44765.0,44765.0,44777.60000228882,0,12.60000228881836,12.60000228881836,44793.0,False,1,0,False,accurate,0,0,False,False,4,False,True,,,,,,,,,,,
6396,44772.0,44777.60000228882,44796.80000305176,0,19.200000762939453,24.800003051757812,44800.0,False,2,1,False,accurate,1,1,False,False,3,False,True,,,,,,,,,,,
6397,44779.0,44796.80000305176,44814.5000038147,0,17.700000762939453,35.500003814697266,44807.0,True,2,1,False,accurate,1,1,False,False,2,True,False,,,,,,,,,,,
6399,44793.0,44814.5000038147,44826.10000228882,0,11.599998474121094,33.10000228881836,44821.0,True,3,2,False,accurate,0,0,False,True,0,True,False,,,,,,,,,,,
6410,44870.0,44870.0,44895.20916856667,0,25.20916856666404,25.20916856666736,44898.0,False,1,0,False,accurate,1,1,False,False,89,False,True,,,,,,,,,,,
6412,44884.0,44895.20916856667,44911.27416547676,0,16.064996910095214,27.274165476759663,44912.0,False,2,1,False,accurate,0,0,False,False,87,False,True,,,,,,,,,,,
6415,44905.0,44911.27416547676,44925.79291547676,0,14.518749999999999,20.792915476762573,44933.0,False,2,1,False,accurate,0,0,False,False,84,False,True,,,,,,,,,,,
6419,44933.0,44933.0,44951.21875169312,0,18.2187516931196,18.218751693122613,44961.0,False,1,0,False,accurate,0,0,False,False,80,False,True,,,,,,,,,,,
6421,44947.0,44951.21875169312,44965.46500003373,0,14.246248340606689,18.465000033727847,44975.0,False,2,1,False,accurate,0,0,False,False,78,False,True,,,,,,,,,,,
6422,44954.0,44965.46500003373,44978.16500005459,0,12.700000020861625,24.165000054592383,44982.0,False,2,1,False,accurate,0,0,False,False,77,False,True,,,,,,,,,,,
6423,44961.0,44978.16500005459,44996.48416595154,0,18.319165896947183,35.48416595153685,44989.0,True,3,2,False,accurate,1,1,False,False,76,False,False,,,,,,,,,,,
6426,44982.0,44996.48416595154,45009.584168240355,0,13.10000228881836,27.58416824035521,45010.0,False,2,1,False,accurate,0,0,False,False,73,False,True,,,,,,,,,,,
6427,44989.0,45009.584168240355,45021.484169766234,0,11.900001525878906,32.48416976623412,45017.0,True,3,2,False,accurate,0,0,False,False,72,False,False,,,,,,,,,,,
6430,45010.0,45021.484169766234,45035.784169003295,0,14.299999237060547,25.784169003294664,45038.0,False,2,1,False,accurate,1,1,False,False,69,False,True,,,,,,,,,,,
6431,45017.0,45035.784169003295,45047.88417129211,0,12.10000228881836,30.884171292113024,45045.0,True,3,2,False,accurate,0,0,False,False,68,False,False,,,,,,,,,,,
6432,45024.0,45047.88417129211,45057.984169766234,0,10.099998474121094,33.98416976623412,45052.0,True,3,2,False,accurate,0,0,False,False,67,False,False,,,,,,,,,,,
6433,45031.0,45057.984169766234,45071.684166714476,0,13.699996948242188,40.684166714476305,45059.0,True,4,3,False,accurate,1,1,False,False,66,False,False,,,,,,,,,,,
6435,45045.0,45071.684166714476,45085.2841651886,0,13.599998474121094,40.2841651885974,45073.0,True,4,3,False,accurate,1,1,False,False,64,False,False,,,,,,,,,,,
6438,45066.0,45085.2841651886,45098.7841651886,0,13.5,32.7841651885974,45094.0,True,3,2,False,accurate,0,0,False,False,61,False,False,,,,,,,,,,,
6441,45087.0,45098.7841651886,45113.58416442566,0,14.799999237060547,26.584164425657946,45115.0,False,2,1,False,accurate,0,0,False,False,58,False,True,,,,,,,,,,,
6443,45101.0,45113.58416442566,45129.184166714476,0,15.60000228881836,28.184166714476305,45129.0,True,2,1,False,accurate,0,0,False,False,56,False,False,,,,,,,,,,,
6444,45108.0,45129.184166714476,45139.584168240355,0,10.400001525878906,31.58416824035521,45136.0,True,3,2,False,accurate,0,0,False,False,55,False,False,,,,,,,,,,,
6447,45129.0,45139.584168240355,45157.684166714476,0,18.099998474121094,28.684166714476305,45157.0,True,3,2,False,accurate,0,0,False,False,52,False,False,,,,,,,,,,,
6448,45136.0,45157.684166714476,45177.884167477416,0,20.200000762939453,41.88416747741576,45164.0,True,3,2,False,accurate,0,0,False,False,51,False,False,,,,,,,,,,,
6451,45157.0,45177.884167477416,45190.08416442566,0,12.199996948242188,33.084164425657946,45185.0,True,3,2,False,accurate,1,1,False,False,48,False,False,,,,,,,,,,,
6452,45164.0,45190.08416442566,45202.2841651886,0,12.200000762939453,38.2841651885974,45192.0,True,3,2,False,accurate,0,0,False,False,47,False,False,,,,,,,,,,,
6453,45171.0,45202.2841651886,45213.88415984802,0,11.599994659423828,42.88415984802123,45199.0,True,4,3,False,accurate,0,0,False,False,46,False,False,,,,,,,,,,,
6455,45185.0,45213.88415984802,45224.48416213684,0,10.60000228881836,39.484162136839586,45213.0,True,4,3,False,accurate,0,0,False,False,44,False,False,,,,,,,,,,,
6458,45206.0,45224.48416213684,45236.38416366272,0,11.900001525878906,30.384163662718493,45234.0,True,3,2,False,accurate,0,0,False,False,41,False,False,,,,,,,,,,,
6459,45213.0,45236.38416366272,45247.68416289978,0,11.299999237060547,34.68416289977904,45241.0,True,4,3,False,accurate,0,0,False,False,40,False,False,,,,,,,,,,,
6461,45227.0,45247.68416289978,45257.7841575592,0,10.099994659423828,30.784157559202868,45255.0,True,3,2,False,accurate,1,1,False,False,38,False,False,,,,,,,,,,,
6462,45234.0,45257.7841575592,45269.2841575592,0,11.5,35.28415755920287,45262.0,True,4,3,False,accurate,0,0,False,False,37,False,False,,,,,,,,,,,
6468,45276.0,45276.0,45288.39999771118,0,12.39999771118164,12.39999771118164,45304.0,False,1,0,False,accurate,0,0,False,False,31,False,True,,,,,,,,,,,
6469,45283.0,45288.39999771118,45304.099994659424,0,15.699996948242188,21.099994659423828,45311.0,False,2,1,False,accurate,0,0,False,False,30,False,True,,,,,,,,,,,
6470,45290.0,45304.099994659424,45315.19999694824,0,11.10000228881836,25.199996948242188,45318.0,False,2,1,False,accurate,0,0,False,False,29,False,True,,,,,,,,,,,
6471,45297.0,45315.19999694824,45327.9999961853,0,12.799999237060547,30.999996185302734,45325.0,True,3,2,False,accurate,1,1,False,False,28,False,False,,,,,,,,,,,
6478,45346.0,45346.0,45360.69999694824,0,14.699996948242188,14.699996948242188,45374.0,False,1,0,False,accurate,1,1,False,False,21,False,True,,,,,,,,,,,
6479,45353.0,45360.69999694824,45374.09999847412,0,13.400001525878906,21.099998474121094,45381.0,False,2,1,False,accurate,0,0,False,False,20,False,True,,,,,,,,,,,
6481,45367.0,45374.09999847412,45385.19999694824,0,11.099998474121094,18.199996948242188,45395.0,False,2,1,False,accurate,0,0,False,False,18,False,True,,,,,,,,,,,
6482,45374.0,45385.19999694824,45397.10000228882,0,11.900005340576172,23.10000228881836,45402.0,False,3,2,False,accurate,0,0,False,False,17,False,True,,,,,,,,,,,
6483,45381.0,45397.10000228882,45414.5,0,17.39999771118164,33.5,45409.0,True,3,2,False,accurate,1,1,False,False,16,False,False,,,,,,,,,,,
6484,45388.0,45414.5,45439.79999923706,0,25.299999237060547,51.79999923706055,45416.0,True,3,2,False,accurate,0,0,False,False,15,False,False,,,,,,,,,,,
6488,45416.0,45439.79999923706,45452.29999923706,0,12.5,36.29999923706055,45444.0,True,2,1,False,accurate,0,0,False,False,11,False,False,,,,,,,,,,,
6492,45444.0,45452.29999923706,45472.40000152588,0,20.10000228881836,28.400001525878906,45472.0,True,2,1,False,accurate,0,0,False,False,7,False,False,,,,,,,,,,,
6494,45458.0,45472.40000152588,45488.900005340576,0,16.500003814697266,30.900005340576172,45486.0,True,2,1,False,accurate,0,0,False,False,5,False,False,,,,,,,,,,,
6495,45465.0,45488.900005340576,45504.60000228882,0,15.699996948242188,39.60000228881836,45493.0,True,3,2,False,accurate,0,0,False,False,4,False,False,,,,,,,,,,,
6497,45479.0,45504.60000228882,45533.5,0,28.89999771118164,54.5,45507.0,True,3,2,False,accurate,0,0,False,False,2,True,False,,,,,,,,,,,
6498,45486.0,45533.5,45565.09999847412,0,31.599998474121094,79.0999984741211,45514.0,True,4,3,False,accurate,0,0,False,False,1,True,False,,,,,,,,,,,
6499,45493.0,45565.09999847412,45575.89999771118,0,10.799999237060547,82.89999771118164,45521.0,True,4,3,False,accurate,1,1,False,True,0,True,False,,,,,,,,,,,
6501,45507.0,45575.89999771118,45591.0,0,15.10000228881836,84.0,45535.0,True,4,3,False,accurate,0,0,False,False,98,False,False,,,,,,,,,,,
6505,45535.0,45591.0,45605.40000152588,0,14.400001525878906,70.4000015258789,45563.0,True,4,3,False,accurate,1,1,False,False,94,False,False,,,,,,,,,,,
6506,45542.0,45605.40000152588,45619.90000152588,0,14.5,77.9000015258789,45570.0,True,5,4,False,accurate,0,0,False,False,93,False,False,,,,,,,,,,,
6512,45584.0,45619.90000152588,45630.90000152588,0,11.0,46.900001525878906,45612.0,True,4,3,False,accurate,0,0,False,False,87,False,False,,,,,,,,,,,
6514,45598.0,45630.90000152588,45643.10000228882,0,12.200000762939453,45.10000228881836,45626.0,True,4,3,False,accurate,1,1,False,False,85,False,False,,,,,,,,,,,
6518,45626.0,45643.10000228882,45664.70000076294,0,21.599998474121094,38.70000076293945,45654.0,True,3,2,False,accurate,1,1,False,False,81,False,False,,,,,,,,,,,
6519,45633.0,45664.70000076294,45676.70000457764,0,12.000003814697266,43.70000457763672,45661.0,True,3,2,False,accurate,0,0,False,False,80,False,False,,,,,,,,,,,
6522,45654.0,45676.70000457764,45689.80000305176,0,13.099998474121094,35.80000305175781,45682.0,True,3,2,False,accurate,0,0,False,False,77,False,False,,,,,,,,,,,
6523,45661.0,45689.80000305176,45699.70000076294,0,9.89999771118164,38.70000076293945,45689.0,True,4,3,False,accurate,0,0,False,False,76,False,False,,,,,,,,,,,
6531,45717.0,45717.0,45730.10000228882,0,13.10000228881836,13.10000228881836,45745.0,False,1,0,False,accurate,0,0,False,False,68,False,True,,,,,,,,,,,
6533,45731.0,45731.0,45742.70000076294,0,11.700000762939453,11.700000762939453,45759.0,False,1,0,False,accurate,0,0,False,False,66,False,True,,,,,,,,,,,
6542,45794.0,45794.0,45807.10000228882,0,13.10000228881836,13.10000228881836,45822.0,False,1,0,False,accurate,0,0,False,False,57,False,True,,,,,,,,,,,
6543,45801.0,45807.10000228882,45823.20000076294,0,16.099998474121094,22.200000762939453,45829.0,False,2,1,False,accurate,1,1,False,False,56,False,True,,,,,,,,,,,
6545,45815.0,45823.20000076294,45836.60000228882,0,13.400001525878906,21.60000228881836,45843.0,False,2,1,False,accurate,1,1,False,False,54,False,True,,,,,,,,,,,
6552,45864.0,45864.0,45878.09999847412,0,14.099998474121094,14.099998474121094,45892.0,False,1,0,False,accurate,0,0,False,False,47,False,True,,,,,,,,,,,
6553,45871.0,45878.09999847412,45895.39999771118,0,17.299999237060547,24.39999771118164,45899.0,False,2,1,False,accurate,1,1,False,False,46,False,True,,,,,,,,,,,
6554,45878.0,45895.39999771118,45908.29999923706,0,12.900001525878906,30.299999237060547,45906.0,True,3,2,False,accurate,0,0,False,False,45,False,False,,,,,,,,,,,
6559,45913.0,45913.0,45925.5,0,12.5,12.5,45941.0,False,1,0,False,accurate,0,0,False,False,40,False,True,,,,,,,,,,,
6567,45969.0,45969.0,45990.68958883782,0,21.689588837822225,21.689588837820338,45997.0,False,1,0,False,accurate,0,0,False,False,32,False,True,,,,,,,,,,,
6568,45976.0,45990.68958883782,46016.94291906317,0,26.25333022534844,40.94291906317085,46004.0,True,2,1,False,accurate,0,0,False,False,31,False,False,,,,,,,,,,,
6571,45997.0,46016.94291906317,46042.18166826546,0,25.23874920229116,45.18166826546076,46025.0,True,2,1,False,accurate,0,0,False,False,28,False,False,,,,,,,,,,,
6572,46004.0,46042.18166826546,46063.646665175555,0,21.464996910095216,59.64666517555452,46032.0,True,3,2,False,accurate,1,1,False,False,27,False,False,,,,,,,,,,,
6573,46011.0,46063.646665175555,46086.49708599339,0,22.850420817832173,75.49708599338919,46039.0,True,4,3,False,accurate,1,1,False,False,26,False,False,,,,,,,,,,,
6575,46025.0,46086.49708599339,46111.11583599339,0,24.61875,86.11583599339065,46053.0,True,4,3,False,accurate,0,0,False,False,24,False,False,,,,,,,,,,,
6576,46032.0,46111.11583599339,46130.60250182897,0,19.48666583557923,98.60250182897289,46060.0,True,5,4,False,accurate,0,0,False,False,23,False,False,,,,,,,,,,,
6577,46039.0,46130.60250182897,46155.408337775174,0,24.80583594620226,116.408337775174,46067.0,True,6,5,True,accurate,1,1,False,False,22,False,False,,,,,,,,,,,
6583,46081.0,46155.408337775174,46170.125420335746,0,14.71708256057153,89.12542033574573,46109.0,True,5,4,False,accurate,0,0,False,False,16,False,False,,,,,,,,,,,
6584,46088.0,46170.125420335746,46181.82541728399,0,11.699996948242188,93.82541728398792,46116.0,True,5,4,False,accurate,1,1,False,False,15,False,False,,,,,,,,,,,
6587,46109.0,46181.82541728399,46193.72541499517,0,11.89999771118164,84.72541499516956,46137.0,True,6,5,True,accurate,0,0,False,False,12,False,False,,,,,,,,,,,
6589,46123.0,46193.72541499517,46205.22541499517,0,11.5,82.22541499516956,46151.0,True,6,5,True,accurate,0,0,False,False,10,False,False,,,,,,,,,,,
6591,46137.0,46205.22541499517,46217.52541804693,0,12.300003051757812,80.52541804692737,46165.0,True,6,5,True,accurate,0,0,False,False,8,False,False,,,,,,,,,,,
6592,46144.0,46217.52541804693,46230.52541804693,0,13.0,86.52541804692737,46172.0,True,7,6,True,accurate,0,0,False,False,7,False,False,,,,,,,,,,,
6595,46165.0,46230.52541804693,46243.92541575811,0,13.39999771118164,78.92541575810901,46193.0,True,7,6,True,accurate,0,0,False,False,4,False,False,,,,,,,,,,,
6596,46172.0,46243.92541575811,46256.62541652105,0,12.700000762939453,84.62541652104846,46200.0,True,7,6,True,accurate,0,0,False,False,3,False,False,,,,,,,,,,,
6597,46179.0,46256.62541652105,46274.02541804693,0,17.400001525878906,95.02541804692737,46207.0,True,8,7,True,accurate,0,0,False,False,2,True,False,,,,,,,,,,,
6599,46193.0,46274.02541804693,46290.32541728399,0,16.299999237060547,97.32541728398792,46221.0,True,8,7,True,accurate,0,0,False,True,0,True,False,,,,,,,,,,,
6603,46221.0,46290.32541728399,46304.42541575811,0,14.099998474121094,83.42541575810901,46249.0,True,6,5,True,accurate,1,1,False,False,96,False,False,,,,,,,,,,,
6605,46235.0,46304.42541575811,46320.425419572806,0,16.000003814697266,85.42541957280628,46263.0,True,6,5,True,accurate,0,0,False,False,94,False,False,,,,,,,,,,,
6608,46256.0,46320.425419572806,46332.72541880987,0,12.299999237060547,76.72541880986682,46284.0,True,6,5,True,accurate,0,0,False,False,91,False,False,,,,,,,,,,,
6609,46263.0,46332.72541880987,46346.425419572806,0,13.700000762939453,83.42541957280628,46291.0,True,6,5,True,accurate,0,0,False,False,90,False,False,,,,,,,,,,,
6613,46291.0,46346.425419572806,46359.525421861625,0,13.10000228881836,68.52542186162464,46319.0,True,5,4,False,accurate,0,0,False,False,86,False,False,,,,,,,,,,,
6616,46312.0,46359.525421861625,46375.52541804693,0,15.999996185302734,63.52541804692737,46340.0,True,5,4,False,accurate,0,0,False,False,83,False,False,,,,,,,,,,,
6620,46340.0,46375.52541804693,46387.52541804693,0,12.0,47.52541804692737,46368.0,True,4,3,False,accurate,0,0,False,False,79,False,False,,,,,,,,,,,
6621,46347.0,46387.52541804693,46402.52541804693,0,15.0,55.52541804692737,46375.0,True,4,3,False,accurate,0,0,False,False,78,False,False,,,,,,,,,,,
6624,46368.0,46402.52541804693,46416.425419572806,0,13.900001525878906,48.42541957280628,46396.0,True,4,3,False,accurate,1,1,False,False,75,False,False,,,,,,,,,,,
6628,46396.0,46416.425419572806,46436.02541804693,0,19.599998474121094,40.02541804692737,46424.0,True,3,2,False,accurate,0,0,False,False,71,False,False,,,,,,,,,,,
6630,46410.0,46436.02541804693,46448.12541652105,0,12.099998474121094,38.125416521048464,46438.0,True,3,2,False,accurate,0,0,False,False,69,False,False,,,,,,,,,,,
6631,46417.0,46448.12541652105,46459.22541499517,0,11.099998474121094,42.22541499516956,46445.0,True,3,2,False,accurate,0,0,False,False,68,False,False,,,,,,,,,,,
6632,46424.0,46459.22541499517,46472.32540965459,0,13.099994659423828,48.325409654593386,46452.0,True,4,3,False,accurate,0,0,False,False,67,False,False,,,,,,,,,,,
6633,46431.0,46472.32540965459,46483.42541194341,0,11.10000228881836,52.425411943411746,46459.0,True,5,4,False,accurate,0,0,False,False,66,False,False,,,,,,,,,,,
6635,46445.0,46483.42541194341,46510.72541118047,0,27.299999237060547,65.72541118047229,46473.0,True,5,4,False,accurate,0,0,False,False,64,False,False,,,,,,,,,,,
6636,46452.0,46510.72541118047,46532.525406602836,0,21.79999542236328,80.52540660283557,46480.0,True,5,4,False,accurate,0,0,False,False,63,False,False,,,,,,,,,,,
6645,46515.0,46532.525406602836,46547.825405839896,0,15.299999237060547,32.82540583989612,46543.0,True,2,1,False,accurate,0,0,False,False,54,False,False,,,,,,,,,,,
6646,46522.0,46547.825405839896,46560.725407365775,0,12.900001525878906,38.72540736577503,46550.0,True,3,2,False,accurate,0,0,False,False,53,False,False,,,,,,,,,,,
6650,46550.0,46560.725407365775,46572.625408891654,0,11.900001525878906,22.625408891653933,46578.0,False,2,1,False,accurate,0,0,False,False,49,False,True,,,,,,,,,,,
6651,46557.0,46572.625408891654,46587.92540431402,0,15.299995422363281,30.925404314017214,46585.0,True,3,2,False,accurate,1,1,False,False,48,False,False,,,,,,,,,,,
6658,46606.0,46606.0,46618.70000076294,0,12.700000762939453,12.700000762939453,46634.0,False,1,0,False,accurate,1,1,False,False,41,False,True,,,,,,,,,,,
6659,46613.0,46618.70000076294,46632.09999847412,0,13.39999771118164,19.099998474121094,46641.0,False,2,1,False,accurate,0,0,False,False,40,False,True,,,,,,,,,,,
6660,46620.0,46632.09999847412,46644.39999771118,0,12.299999237060547,24.39999771118164,46648.0,False,2,1,False,accurate,0,0,False,False,39,False,True,,,,,,,,,,,
6663,46641.0,46644.39999771118,46658.5,0,14.10000228881836,17.5,46669.0,False,2,1,False,accurate,0,0,False,False,36,False,True,,,,,,,,,,,
6664,46648.0,46658.5,46672.59999847412,0,14.099998474121094,24.599998474121094,46676.0,False,2,1,False,accurate,0,0,False,False,35,False,True,,,,,,,,,,,
6666,46662.0,46672.59999847412,46685.999992370605,0,13.399993896484375,23.99999237060547,46690.0,False,2,1,False,accurate,0,0,False,False,33,False,True,,,,,,,,,,,
6670,46690.0,46690.0,46704.90000152588,0,14.900001525878906,14.900001525878906,46718.0,False,1,0,False,accurate,0,0,False,False,29,False,True,,,,,,,,,,,
6673,46711.0,46711.0,46726.09999847412,0,15.099998474121094,15.099998474121094,46739.0,False,1,0,False,accurate,0,0,False,False,26,False,True,,,,,,,,,,,
6674,46718.0,46726.09999847412,46740.20000076294,0,14.10000228881836,22.200000762939453,46746.0,False,2,1,False,accurate,1,1,False,False,25,False,True,,,,,,,,,,,
6678,46746.0,46746.0,46761.90000152588,0,15.900001525878906,15.900001525878906,46774.0,False,1,0,False,accurate,0,0,False,False,21,False,True,,,,,,,,,,,
6679,46753.0,46761.90000152588,46788.79999923706,0,26.89999771118164,35.79999923706055,46781.0,True,2,1,False,accurate,1,1,False,False,20,False,False,,,,,,,,,,,
6685,46795.0,46795.0,46810.29999923706,0,15.299999237060547,15.299999237060547,46823.0,False,1,0,False,accurate,1,1,False,False,14,False,True,,,,,,,,,,,
6687,46809.0,46810.29999923706,46823.29999923706,0,13.0,14.299999237060547,46837.0,False,2,1,False,accurate,0,0,False,False,12,False,True,,,,,,,,,,,
6691,46837.0,46837.0,46848.90000152588,0,11.900001525878906,11.900001525878906,46865.0,False,1,0,False,accurate,0,0,False,False,8,False,True,,,,,,,,,,,
6692,46844.0,46848.90000152588,46863.10000228882,0,14.200000762939453,19.10000228881836,46872.0,False,2,1,False,accurate,0,0,False,False,7,False,True,,,,,,,,,,,
6694,46858.0,46863.10000228882,46874.20000457764,0,11.10000228881836,16.20000457763672,46886.0,False,2,1,False,accurate,0,0,False,False,5,False,True,,,,,,,,,,,
6701,46907.0,46907.0,46921.20000076294,0,14.200000762939453,14.200000762939453,46935.0,False,1,0,False,accurate,1,1,False,False,98,False,True,,,,,,,,,,,
6707,46949.0,46949.0,46964.79999923706,0,15.799999237060547,15.799999237060547,46977.0,False,1,0,False,accurate,1,1,False,False,92,False,True,,,,,,,,,,,
6708,46956.0,46964.79999923706,46977.40000152588,0,12.60000228881836,21.400001525878906,46984.0,False,2,1,False,accurate,1,1,False,False,91,False,True,,,,,,,,,,,
6709,46963.0,46977.40000152588,46989.60000228882,0,12.200000762939453,26.60000228881836,46991.0,False,3,2,False,accurate,0,0,False,False,90,False,True,,,,,,,,,,,
6710,46970.0,46989.60000228882,47002.5000038147,0,12.900001525878906,32.500003814697266,46998.0,True,3,2,False,accurate,1,1,False,False,89,False,False,,,,,,,,,,,
6711,46977.0,47002.5000038147,47012.600006103516,0,10.10000228881836,35.600006103515625,47005.0,True,4,3,False,accurate,0,0,False,False,88,False,False,,,,,,,,,,,
6714,46998.0,47012.600006103516,47024.200008392334,0,11.60000228881836,26.200008392333984,47026.0,False,3,2,False,accurate,0,0,False,False,85,False,True,,,,,,,,,,,
6715,47005.0,47024.200008392334,47038.80001068115,0,14.60000228881836,33.800010681152344,47033.0,True,3,2,False,accurate,1,1,False,False,84,False,False,,,,,,,,,,,
6716,47012.0,47038.80001068115,47051.30001068115,0,12.5,39.300010681152344,47040.0,True,4,3,False,accurate,0,0,False,False,83,False,False,,,,,,,,,,,
6719,47033.0,47051.30001068115,47062.90000915527,0,11.599998474121094,29.900009155273438,47061.0,True,3,2,False,accurate,0,0,False,False,80,False,False,,,,,,,,,,,
6720,47040.0,47062.90000915527,47106.42000656128,0,43.51999740600586,66.42000656128221,47068.0,True,3,2,False,accurate,0,0,False,False,79,False,False,,,,,,,,,,,
6723,47061.0,47106.42000656128,47133.510005331045,0,27.08999876976013,72.51000533104525,47089.0,True,3,2,False,accurate,0,0,False,False,76,False,False,,,,,,,,,,,
6724,47068.0,47133.510005331045,47154.88500514329,0,21.37499981224537,86.88500514328916,47096.0,True,3,2,False,accurate,0,0,False,False,75,False,False,,,,,,,,,,,
6725,47075.0,47154.88500514329,47172.13624699752,0,17.25124185423049,97.13624699752108,47103.0,True,4,3,False,accurate,0,0,False,False,74,False,False,,,,,,,,,,,
6729,47103.0,47172.13624699752,47203.473745900796,0,31.337498903274536,100.47374590079562,47131.0,True,5,4,False,accurate,0,0,False,False,70,False,False,,,,,,,,,,,
6731,47117.0,47203.473745900796,47225.54041278999,0,22.066666889190675,108.5404127899892,47145.0,True,5,4,False,accurate,1,1,False,False,68,False,False,,,,,,,,,,,
6732,47124.0,47225.54041278999,47242.28041484993,0,16.740002059936526,118.28041484992718,47152.0,True,6,5,True,accurate,0,0,False,False,67,False,False,,,,,,,,,,,
6733,47131.0,47242.28041484993,47262.22499627283,0,19.944581422905117,131.22499627283105,47159.0,True,7,6,True,accurate,0,0,False,False,66,False,False,,,,,,,,,,,
6734,47138.0,47262.22499627283,47277.079162859525,0,14.854166586697103,139.07916285952524,47166.0,True,7,6,True,accurate,1,1,False,False,65,False,False,,,,,,,,,,,
6736,47152.0,47277.079162859525,47305.93916019937,0,28.85999733984469,153.93916019937024,47180.0,True,8,7,True,accurate,0,0,False,False,63,False,False,,,,,,,,,,,
6737,47159.0,47305.93916019937,47322.91790826391,0,16.978748064537854,163.91790826390934,47187.0,True,8,7,True,accurate,0,0,False,False,62,False,False,,,,,,,,,,,
6739,47173.0,47322.91790826391,47334.37624156247,0,11.458333298563957,161.3762415624733,47201.0,True,8,7,True,accurate,1,1,False,False,60,False,False,,,,,,,,,,,
6741,47187.0,47334.37624156247,47348.62249405156,0,14.246252489089965,161.62249405156035,47215.0,True,9,8,True,accurate,0,0,False,False,58,False,False,,,,,,,,,,,
6742,47194.0,47348.62249405156,47361.21666235381,0,12.594168302242956,167.2166623538069,47222.0,True,10,9,True,accurate,0,0,False,False,57,False,False,,,,,,,,,,,
6743,47201.0,47361.21666235381,47378.30083139048,0,17.084169036671522,177.3008313904793,47229.0,True,11,10,True,accurate,1,1,False,False,56,False,False,,,,,,,,,,,
6745,47215.0,47378.30083139048,47391.4008298646,0,13.099998474121094,176.40082986460038,47243.0,True,11,10,True,accurate,0,0,False,False,54,False,False,,,,,,,,,,,
6746,47222.0,47391.4008298646,47404.20082910166,0,12.799999237060547,182.20082910166093,47250.0,True,12,11,True,accurate,1,1,False,False,53,False,False,,,,,,,,,,,
6747,47229.0,47404.20082910166,47419.00082833872,0,14.799999237060547,190.00082833872148,47257.0,True,12,11,True,accurate,0,0,False,False,52,False,False,,,,,,,,,,,
6749,47243.0,47419.00082833872,47431.80082757578,0,12.799999237060547,188.80082757578202,47271.0,True,12,11,True,accurate,0,0,False,False,50,False,False,,,,,,,,,,,
6750,47250.0,47431.80082757578,47443.10082681284,0,11.299999237060547,193.10082681284257,47278.0,True,13,12,True,accurate,0,0,False,False,49,False,False,,,,,,,,,,,
6756,47292.0,47443.10082681284,47456.4008260499,0,13.299999237060547,164.40082604990312,47320.0,True,12,11,True,accurate,0,0,False,False,43,False,False,,,,,,,,,,,
6759,47313.0,47456.4008260499,47470.9008260499,0,14.5,157.90082604990312,47341.0,True,12,11,True,accurate,0,0,False,False,40,False,False,,,,,,,,,,,
6762,47334.0,47470.9008260499,47482.60082681284,0,11.700000762939453,148.60082681284257,47362.0,True,12,11,True,accurate,1,1,False,False,37,False,False,,,,,,,,,,,
6764,47348.0,47482.60082681284,47496.200825286964,0,13.599998474121094,148.20082528696366,47376.0,True,12,11,True,accurate,0,0,False,False,35,False,False,,,,,,,,,,,
6765,47355.0,47496.200825286964,47509.000824524024,0,12.799999237060547,154.0008245240242,47383.0,True,12,11,True,accurate,0,0,False,False,34,False,False,,,,,,,,,,,
6766,47362.0,47509.000824524024,47522.70082910166,0,13.700004577636719,160.70082910166093,47390.0,True,12,11,True,accurate,0,0,False,False,33,False,False,,,,,,,,,,,
6767,47369.0,47522.70082910166,47537.4008298646,0,14.700000762939453,168.40082986460038,47397.0,True,13,12,True,accurate,1,1,False,False,32,False,False,,,,,,,,,,,
6771,47397.0,47537.4008298646,47551.80083139048,0,14.400001525878906,154.8008313904793,47425.0,True,12,11,True,accurate,1,1,False,False,28,False,False,,,,,,,,,,,
6773,47411.0,47551.80083139048,47571.30083139048,0,19.5,160.3008313904793,47439.0,True,12,11,True,accurate,0,0,False,False,26,False,False,,,,,,,,,,,
6775,47425.0,47571.30083139048,47590.9008298646,0,19.599998474121094,165.90082986460038,47453.0,True,12,11,True,accurate,1,1,False,False,24,False,False,,,,,,,,,,,
6776,47432.0,47590.9008298646,47605.50082833872,0,14.599998474121094,173.50082833872148,47460.0,True,12,11,True,accurate,0,0,False,False,23,False,False,,,,,,,,,,,
6778,47446.0,47605.50082833872,47618.9008298646,0,13.400001525878906,172.90082986460038,47474.0,True,12,11,True,accurate,0,0,False,False,21,False,False,,,,,,,,,,,
6781,47467.0,47618.9008298646,47632.10083062754,0,13.200000762939453,165.10083062753984,47495.0,True,12,11,True,accurate,0,0,False,False,18,False,False,,,,,,,,,,,
6782,47474.0,47632.10083062754,47645.10083062754,0,13.0,171.10083062753984,47502.0,True,12,11,True,accurate,0,0,False,False,17,False,False,,,,,,,,,,,
6783,47481.0,47645.10083062754,47659.80082757578,0,14.699996948242188,178.80082757578202,47509.0,True,13,12,True,accurate,0,0,False,False,16,False,False,,,,,,,,,,,
6784,47488.0,47659.80082757578,47672.70082910166,0,12.900001525878906,184.70082910166093,47516.0,True,13,12,True,accurate,0,0,False,False,15,False,False,,,,,,,,,,,
6785,47495.0,47672.70082910166,47684.10082681284,0,11.39999771118164,189.10082681284257,47523.0,True,14,13,True,accurate,1,1,False,False,14,False,False,,,,,,,,,,,
6786,47502.0,47684.10082681284,47699.100822998145,0,14.999996185302734,197.1008229981453,47530.0,True,14,13,True,accurate,0,0,False,False,13,False,False,,,,,,,,,,,
6788,47516.0,47699.100822998145,47711.400822235206,0,12.299999237060547,195.40082223520585,47544.0,True,14,13,True,accurate,0,0,False,False,11,False,False,,,,,,,,,,,
6789,47523.0,47711.400822235206,47723.700825286964,0,12.300003051757812,200.70082528696366,47551.0,True,14,13,True,accurate,0,0,False,False,10,False,False,,,,,,,,,,,
6790,47530.0,47723.700825286964,47739.80082757578,0,16.10000228881836,209.80082757578202,47558.0,True,15,14,True,accurate,0,0,False,False,9,False,False,,,,,,,,,,,
6795,47565.0,47739.80082757578,47757.20082910166,0,17.400001525878906,192.20082910166093,47593.0,True,14,13,True,accurate,1,1,False,False,4,False,False,,,,,,,,,,,
6799,47593.0,47757.20082910166,47769.50082833872,0,12.299999237060547,176.50082833872148,47621.0,True,13,12,True,accurate,0,0,False,True,0,True,False,,,,,,,,,,,
6801,47607.0,47769.50082833872,47780.00082833872,0,10.5,173.00082833872148,47635.0,True,13,12,True,accurate,0,0,False,False,98,False,False,,,,,,,,,,,
6803,47621.0,47780.00082833872,47794.60082681284,0,14.599998474121094,173.60082681284257,47649.0,True,13,12,True,accurate,1,1,False,False,96,False,False,,,,,,,,,,,
6805,47635.0,47794.60082681284,47809.10083062754,0,14.500003814697266,174.10083062753984,47663.0,True,13,12,True,accurate,0,0,False,False,94,False,False,,,,,,,,,,,
6806,47642.0,47809.10083062754,47824.30083139048,0,15.200000762939453,182.3008313904793,47670.0,True,14,13,True,accurate,0,0,False,False,93,False,False,,,,,,,,,,,
6809,47663.0,47824.30083139048,47836.20083291636,0,11.900001525878906,173.2008329163582,47691.0,True,13,12,True,accurate,0,0,False,False,90,False,False,,,,,,,,,,,
6811,47677.0,47836.20083291636,47850.9008336793,0,14.700000762939453,173.90083367929765,47705.0,True,13,12,True,accurate,0,0,False,False,88,False,False,,,,,,,,,,,
6813,47691.0,47850.9008336793,47864.30083139048,0,13.39999771118164,173.3008313904793,47719.0,True,13,12,True,accurate,1,1,False,False,86,False,False,,,,,,,,,,,
6814,47698.0,47864.30083139048,47877.80082757578,0,13.499996185302734,179.80082757578202,47726.0,True,14,13,True,accurate,0,0,False,False,85,False,False,,,,,,,,,,,
6815,47705.0,47877.80082757578,47889.4008260499,0,11.599998474121094,184.40082604990312,47733.0,True,14,13,True,accurate,0,0,False,False,84,False,False,,,,,,,,,,,
6817,47719.0,47889.4008260499,47902.4008260499,0,13.0,183.40082604990312,47747.0,True,14,13,True,accurate,1,1,False,False,82,False,False,,,,,,,,,,,
6823,47761.0,47902.4008260499,47919.600822998145,0,17.199996948242188,158.6008229981453,47789.0,True,12,11,True,accurate,1,1,False,False,76,False,False,,,,,,,,,,,
6828,47796.0,47919.600822998145,47931.300823761085,0,11.700000762939453,135.30082376108476,47824.0,True,10,9,True,accurate,0,0,False,False,71,False,False,,,,,,,,,,,
6832,47824.0,47931.300823761085,47944.600822998145,0,13.299999237060547,120.6008229981453,47852.0,True,10,9,True,accurate,1,1,False,False,67,False,False,,,,,,,,,,,
6834,47838.0,47944.600822998145,47958.500824524024,0,13.900001525878906,120.50082452402421,47866.0,True,9,8,True,accurate,0,0,False,False,65,False,False,,,,,,,,,,,
6836,47852.0,47958.500824524024,47971.60082681284,0,13.10000228881836,119.60082681284257,47880.0,True,9,8,True,accurate,0,0,False,False,63,False,False,,,,,,,,,,,
6841,47887.0,47971.60082681284,47985.60082681284,0,14.0,98.60082681284257,47915.0,True,8,7,True,accurate,0,0,False,False,58,False,False,,,,,,,,,,,
6846,47922.0,47985.60082681284,47997.20082910166,0,11.60000228881836,75.20082910166093,47950.0,True,6,5,True,accurate,0,0,False,False,53,False,False,,,,,,,,,,,
6849,47943.0,47997.20082910166,48014.10083062754,0,16.900001525878906,71.10083062753984,47971.0,True,6,5,True,accurate,1,1,False,False,50,False,False,,,,,,,,,,,
6853,47971.0,48014.10083062754,48028.80082757578,0,14.699996948242188,57.80082757578202,47999.0,True,5,4,False,accurate,1,1,False,False,46,False,False,,,,,,,,,,,
6854,47978.0,48028.80082757578,48041.30082757578,0,12.5,63.30082757578202,48006.0,True,5,4,False,accurate,0,0,False,False,45,False,False,,,,,,,,,,,
6864,48048.0,48048.0,48062.79999923706,0,14.799999237060547,14.799999237060547,48076.0,False,1,0,False,accurate,0,0,False,False,35,False,True,,,,,,,,,,,
6865,48055.0,48062.79999923706,48073.599994659424,0,10.799995422363281,18.599994659423828,48083.0,False,2,1,False,accurate,1,1,False,False,34,False,True,,,,,,,,,,,
6866,48062.0,48073.599994659424,48098.399993896484,0,24.799999237060547,36.399993896484375,48090.0,True,3,2,False,accurate,1,1,False,False,33,False,False,,,,,,,,,,,
6869,48083.0,48098.399993896484,48112.4999961853,0,14.10000228881836,29.499996185302734,48111.0,True,2,1,False,accurate,0,0,False,False,30,False,False,,,,,,,,,,,
6870,48090.0,48112.4999961853,48127.599994659424,0,15.099998474121094,37.59999465942383,48118.0,True,3,2,False,accurate,0,0,False,False,29,False,False,,,,,,,,,,,
6875,48125.0,48127.599994659424,48141.899993896484,0,14.299999237060547,16.899993896484375,48153.0,False,2,1,False,accurate,0,0,False,False,24,False,True,,,,,,,,,,,
6877,48139.0,48141.899993896484,48153.29999542236,0,11.400001525878906,14.299995422363281,48167.0,False,2,1,False,accurate,0,0,False,False,22,False,True,,,,,,,,,,,
6878,48146.0,48153.29999542236,48166.39999771118,0,13.10000228881836,20.39999771118164,48174.0,False,2,1,False,accurate,0,0,False,False,21,False,True,,,,,,,,,,,
6879,48153.0,48166.39999771118,48180.29999923706,0,13.900001525878906,27.299999237060547,48181.0,False,3,2,False,accurate,0,0,False,False,20,False,True,,,,,,,,,,,
6880,48160.0,48180.29999923706,48203.92999534607,0,23.62999610900879,43.929995346072246,48188.0,True,3,2,False,accurate,0,0,False,False,19,False,False,,,,,,,,,,,
6884,48188.0,48203.92999534607,48232.429989055796,0,28.49999370972321,44.429989055795886,48216.0,True,2,1,False,accurate,0,0,False,False,15,False,False,,,,,,,,,,,
6889,48223.0,48232.429989055796,48252.41124124925,0,19.981252193450928,29.411241249246814,48251.0,True,2,1,False,accurate,1,1,False,False,10,False,False,,,,,,,,,,,
6890,48230.0,48252.41124124925,48270.578743218786,0,18.167501969536126,40.57874321878626,48258.0,True,3,2,False,accurate,0,0,False,False,9,False,False,,,,,,,,,,,
6893,48251.0,48270.578743218786,48284.18332561603,0,13.604582397242382,33.18332561603165,48279.0,True,3,2,False,accurate,0,0,False,False,6,False,False,,,,,,,,,,,
6896,48272.0,48284.18332561603,48300.83332570991,0,16.650000093877317,28.833325709907513,48300.0,True,2,1,False,accurate,0,0,False,False,3,False,False,,,,,,,,,,,
6897,48279.0,48300.83332570991,48318.173327447184,0,17.3400017372767,39.17332744718442,48307.0,True,3,2,False,accurate,0,0,False,False,2,True,False,,,,,,,,,,,
6900,48300.0,48318.173327447184,48333.69499160633,0,15.521664159148925,33.694991606331314,48328.0,True,3,2,False,accurate,0,0,False,False,99,False,False,,,,,,,,,,,
6908,48356.0,48356.0,48368.70000076294,0,12.700000762939453,12.700000762939453,48384.0,False,1,0,False,accurate,0,0,False,False,91,False,True,,,,,,,,,,,
6917,48419.0,48419.0,48435.5,0,16.5,16.5,48447.0,False,1,0,False,accurate,0,0,False,False,82,False,True,,,,,,,,,,,
6918,48426.0,48435.5,48449.399993896484,0,13.899993896484375,23.399993896484375,48454.0,False,2,1,False,accurate,0,0,False,False,81,False,True,,,,,,,,,,,
6919,48433.0,48449.399993896484,48461.399993896484,0,12.0,28.399993896484375,48461.0,True,3,2,False,accurate,0,0,False,False,80,False,False,,,,,,,,,,,
6920,48440.0,48461.399993896484,48474.499992370605,0,13.099998474121094,34.49999237060547,48468.0,True,3,2,False,accurate,0,0,False,False,79,False,False,,,,,,,,,,,
6924,48468.0,48474.499992370605,48486.999992370605,0,12.5,18.99999237060547,48496.0,False,2,1,False,accurate,0,0,False,False,75,False,True,,,,,,,,,,,
6928,48496.0,48496.0,48508.59999847412,0,12.599998474121094,12.599998474121094,48524.0,False,1,0,False,accurate,0,0,False,False,71,False,True,,,,,,,,,,,
6936,48552.0,48552.0,48564.19999694824,0,12.199996948242188,12.199996948242188,48580.0,False,1,0,False,accurate,1,1,False,False,63,False,True,,,,,,,,,,,
6938,48566.0,48566.0,48586.60000228882,0,20.60000228881836,20.60000228881836,48594.0,False,1,0,False,accurate,1,1,False,False,61,False,True,,,,,,,,,,,
6940,48580.0,48586.60000228882,48608.400005340576,0,21.800003051757812,28.400005340576172,48608.0,True,2,1,False,accurate,0,0,False,False,59,False,False,,,,,,,,,,,
6941,48587.0,48608.400005340576,48620.70000457764,0,12.299999237060547,33.70000457763672,48615.0,True,2,1,False,accurate,0,0,False,False,58,False,False,,,,,,,,,,,
6942,48594.0,48620.70000457764,48633.30000305176,0,12.599998474121094,39.30000305175781,48622.0,True,3,2,False,accurate,0,0,False,False,57,False,False,,,,,,,,,,,
6946,48622.0,48633.30000305176,48647.20000076294,0,13.89999771118164,25.200000762939453,48650.0,False,2,1,False,accurate,0,0,False,False,53,False,True,,,,,,,,,,,
6947,48629.0,48647.20000076294,48658.79999923706,0,11.599998474121094,29.799999237060547,48657.0,True,3,2,False,accurate,0,0,False,False,52,False,False,,,,,,,,,,,
6948,48636.0,48658.79999923706,48674.20000076294,0,15.400001525878906,38.20000076293945,48664.0,True,3,2,False,accurate,0,0,False,False,51,False,False,,,,,,,,,,,
6950,48650.0,48674.20000076294,48688.09999847412,0,13.89999771118164,38.099998474121094,48678.0,True,3,2,False,accurate,0,0,False,False,49,False,False,,,,,,,,,,,
6952,48664.0,48688.09999847412,48701.69999694824,0,13.599998474121094,37.69999694824219,48692.0,True,3,2,False,accurate,0,0,False,False,47,False,False,,,,,,,,,,,
6954,48678.0,48701.69999694824,48719.89999771118,0,18.200000762939453,41.89999771118164,48706.0,True,3,2,False,accurate,0,0,False,False,45,False,False,,,,,,,,,,,
6955,48685.0,48719.89999771118,48733.099994659424,0,13.199996948242188,48.09999465942383,48713.0,True,4,3,False,accurate,1,1,False,False,44,False,False,,,,,,,,,,,
6956,48692.0,48733.099994659424,48750.199993133545,0,17.099998474121094,58.19999313354492,48720.0,True,4,3,False,accurate,0,0,False,False,43,False,False,,,,,,,,,,,
6959,48713.0,48750.199993133545,48762.999992370605,0,12.799999237060547,49.99999237060547,48741.0,True,4,3,False,accurate,1,1,False,False,40,False,False,,,,,,,,,,,
6961,48727.0,48762.999992370605,48778.09999084473,0,15.099998474121094,51.09999084472656,48755.0,True,4,3,False,accurate,1,1,False,False,38,False,False,,,,,,,,,,,
6965,48755.0,48778.09999084473,48791.59999084473,0,13.5,36.59999084472656,48783.0,True,3,2,False,accurate,1,1,False,False,34,False,False,,,,,,,,,,,
6966,48762.0,48791.59999084473,48805.19998550415,0,13.599994659423828,43.19998550415039,48790.0,True,4,3,False,accurate,0,0,False,False,33,False,False,,,,,,,,,,,
6968,48776.0,48805.19998550415,48817.09998321533,0,11.89999771118164,41.09998321533203,48804.0,True,4,3,False,accurate,0,0,False,False,31,False,False,,,,,,,,,,,
6971,48797.0,48817.09998321533,48830.099979400635,0,12.999996185302734,33.099979400634766,48825.0,True,3,2,False,accurate,1,1,False,False,28,False,False,,,,,,,,,,,
6983,48881.0,48881.0,48894.69999694824,0,13.699996948242188,13.699996948242188,48909.0,False,1,0,False,accurate,0,0,False,False,16,False,True,,,,,,,,,,,
6984,48888.0,48894.69999694824,48907.09999847412,0,12.400001525878906,19.099998474121094,48916.0,False,2,1,False,accurate,0,0,False,False,15,False,True,,,,,,,,,,,
6986,48902.0,48907.09999847412,48918.29999923706,0,11.200000762939453,16.299999237060547,48930.0,False,2,1,False,accurate,0,0,False,False,13,False,True,,,,,,,,,,,
6989,48923.0,48923.0,48935.69999694824,0,12.699996948242188,12.699996948242188,48951.0,False,1,0,False,accurate,0,0,False,False,10,False,True,,,,,,,,,,,
6993,48951.0,48951.0,48962.29999923706,0,11.299999237060547,11.299999237060547,48979.0,False,1,0,False,accurate,0,0,False,False,6,False,True,,,,,,,,,,,
6994,48958.0,48962.29999923706,48977.70000076294,0,15.400001525878906,19.700000762939453,48986.0,False,2,1,False,accurate,0,0,False,False,5,False,True,,,,,,,,,,,
6998,48986.0,48986.0,48997.20000076294,0,11.200000762939453,11.200000762939453,49014.0,False,1,0,False,accurate,0,0,False,False,1,True,True,,,,,,,,,,,
6999,48993.0,48997.20000076294,49016.30000305176,0,19.10000228881836,23.300003051757812,49021.0,False,2,1,False,accurate,0,0,False,True,0,True,True,,,,,,,,,,,
7000,49000.0,49016.30000305176,49037.60000228882,0,21.299999237060547,37.60000228881836,49028.0,True,2,1,False,accurate,1,1,False,False,99,False,False,,,,,,,,,,,
7002,49014.0,49037.60000228882,49050.100006103516,0,12.500003814697266,36.100006103515625,49042.0,True,3,2,False,accurate,1,1,False,False,97,False,False,,,,,,,,,,,
7003,49021.0,49050.100006103516,49062.40000915527,0,12.300003051757812,41.40000915527344,49049.0,True,3,2,False,accurate,0,0,False,False,96,False,False,,,,,,,,,,,
7006,49042.0,49062.40000915527,49076.30001068115,0,13.900001525878906,34.300010681152344,49070.0,True,3,2,False,accurate,0,0,False,False,93,False,False,,,,,,,,,,,
7008,49056.0,49076.30001068115,49088.40000915527,0,12.099998474121094,32.40000915527344,49084.0,True,3,2,False,accurate,0,0,False,False,91,False,False,,,,,,,,,,,
7012,49084.0,49088.40000915527,49102.10000991821,0,13.700000762939453,18.10000991821289,49112.0,False,2,1,False,accurate,0,0,False,False,87,False,True,,,,,,,,,,,
7013,49091.0,49102.10000991821,49117.30001068115,0,15.200000762939453,26.300010681152344,49119.0,False,2,1,False,accurate,0,0,False,False,86,False,True,,,,,,,,,,,
7016,49112.0,49117.30001068115,49136.00001144409,0,18.700000762939453,24.000011444091797,49140.0,False,2,1,False,accurate,0,0,False,False,83,False,True,,,,,,,,,,,
7019,49133.0,49136.00001144409,49148.20001220703,0,12.200000762939453,15.20001220703125,49161.0,False,2,1,False,accurate,0,0,False,False,80,False,True,,,,,,,,,,,
7022,49154.0,49154.0,49167.09999847412,0,13.099998474121094,13.099998474121094,49182.0,False,1,0,False,accurate,0,0,False,False,77,False,True,,,,,,,,,,,
7028,49196.0,49196.0,49207.90000152588,0,11.900001525878906,11.900001525878906,49224.0,False,1,0,False,accurate,1,1,False,False,71,False,True,,,,,,,,,,,
7029,49203.0,49207.90000152588,49221.70000076294,0,13.799999237060547,18.700000762939453,49231.0,False,2,1,False,accurate,0,0,False,False,70,False,True,,,,,,,,,,,
7031,49217.0,49221.70000076294,49235.5,0,13.799999237060547,18.5,49245.0,False,2,1,False,accurate,1,1,False,False,68,False,True,,,,,,,,,,,
7032,49224.0,49235.5,49247.5,0,12.0,23.5,49252.0,False,2,1,False,accurate,0,0,False,False,67,False,True,,,,,,,,,,,
7038,49266.0,49266.0,49277.40000152588,0,11.400001525878906,11.400001525878906,49294.0,False,1,0,False,accurate,0,0,False,False,61,False,True,,,,,,,,,,,
7040,49280.0,49280.0,49302.27000389099,0,22.27000389099121,22.270003890989756,49308.0,False,1,0,False,accurate,1,1,False,False,59,False,True,,,,,,,,,,,
7041,49287.0,49302.27000389099,49328.502088280715,0,26.23208438972631,41.502088280714815,49315.0,True,2,1,False,accurate,1,1,False,False,58,False,False,,,,,,,,,,,
7042,49294.0,49328.502088280715,49351.813750134905,0,23.311661854187605,57.813750134904694,49322.0,True,3,2,False,accurate,0,0,False,False,57,False,False,,,,,,,,,,,
7046,49322.0,49351.813750134905,49370.72374664446,0,18.909996509552002,48.723746644456696,49350.0,True,3,2,False,accurate,0,0,False,False,53,False,False,,,,,,,,,,,
7047,49329.0,49370.72374664446,49387.177913158135,0,16.45416651368141,58.1779131581352,49357.0,True,3,2,False,accurate,0,0,False,False,52,False,False,,,,,,,,,,,
7050,49350.0,49387.177913158135,49407.317083923816,0,20.139170765678045,57.31708392381552,49378.0,True,4,3,False,accurate,1,1,False,False,49,False,False,,,,,,,,,,,
7052,49364.0,49407.317083923816,49430.53708495379,0,23.220001029968262,66.53708495378669,49392.0,True,4,3,False,accurate,1,1,False,False,47,False,False,,,,,,,,,,,
7054,49378.0,49430.53708495379,49445.132917223076,0,14.595832269291089,67.13291722307622,49406.0,True,4,3,False,accurate,0,0,False,False,45,False,False,,,,,,,,,,,
7057,49399.0,49445.132917223076,49459.82374679675,0,14.690829573671044,60.82374679674831,49427.0,True,4,3,False,accurate,0,0,False,False,42,False,False,,,,,,,,,,,
7060,49420.0,49459.82374679675,49475.122081029665,0,15.298334232916439,55.122081029665424,49448.0,True,4,3,False,accurate,0,0,False,False,39,False,False,,,,,,,,,,,
7062,49434.0,49475.122081029665,49486.86958347129,0,11.74750244162977,52.86958347129257,49462.0,True,4,3,False,accurate,0,0,False,False,37,False,False,,,,,,,,,,,
7066,49462.0,49486.86958347129,49498.769581182474,0,11.89999771118164,36.76958118247421,49490.0,True,3,2,False,accurate,0,0,False,False,33,False,False,,,,,,,,,,,
7070,49490.0,49498.769581182474,49512.66958270835,0,13.900001525878906,22.66958270835312,49518.0,False,2,1,False,accurate,0,0,False,False,29,False,True,,,,,,,,,,,
7071,49497.0,49512.66958270835,49526.36958347129,0,13.700000762939453,29.36958347129257,49525.0,True,3,2,False,accurate,1,1,False,False,28,False,False,,,,,,,,,,,
7072,49504.0,49526.36958347129,49543.369579656595,0,16.999996185302734,39.369579656595306,49532.0,True,3,2,False,accurate,0,0,False,False,27,False,False,,,,,,,,,,,
7073,49511.0,49543.369579656595,49554.96957813072,0,11.599998474121094,43.9695781307164,49539.0,True,4,3,False,accurate,0,0,False,False,26,False,False,,,,,,,,,,,
7076,49532.0,49554.96957813072,49573.16957507896,0,18.199996948242188,41.16957507895859,49560.0,True,3,2,False,accurate,0,0,False,False,23,False,False,,,,,,,,,,,
7079,49553.0,49573.16957507896,49586.96957431602,0,13.799999237060547,33.969574316019134,49581.0,True,3,2,False,accurate,1,1,False,False,20,False,False,,,,,,,,,,,
7080,49560.0,49586.96957431602,49604.56957660484,0,17.60000228881836,44.56957660483749,49588.0,True,3,2,False,accurate,1,1,False,False,19,False,False,,,,,,,,,,,
7082,49574.0,49604.56957660484,49623.3695758419,0,18.799999237060547,49.36957584189804,49602.0,True,3,2,False,accurate,1,0,True,False,17,False,False,,,,,,,,,,,
7083,49581.0,49623.3695758419,49635.16957507896,0,11.799999237060547,54.16957507895859,49609.0,True,4,3,False,accurate,0,0,False,False,16,False,False,,,,,,,,,,,
7084,49588.0,49635.16957507896,49648.26957736778,0,13.10000228881836,60.26957736777695,49616.0,True,4,3,False,accurate,1,1,False,False,15,False,False,,,,,,,,,,,
7085,49595.0,49648.26957736778,49659.969581945414,0,11.700004577636719,64.96958194541367,49623.0,True,5,4,False,accurate,0,0,False,False,14,False,False,,,,,,,,,,,
7086,49602.0,49659.969581945414,49671.36958347129,0,11.400001525878906,69.36958347129257,49630.0,True,6,5,True,accurate,0,0,False,False,13,False,False,,,,,,,,,,,
7089,49623.0,49671.36958347129,49684.56958423423,0,13.200000762939453,61.569584234232025,49651.0,True,6,5,True,accurate,1,1,False,False,10,False,False,,,,,,,,,,,
7090,49630.0,49684.56958423423,49701.76958499717,0,17.200000762939453,71.76958499717148,49658.0,True,6,5,True,accurate,0,0,False,False,9,False,False,,,,,,,,,,,
7091,49637.0,49701.76958499717,49713.46958576011,0,11.700000762939453,76.46958576011093,49665.0,True,6,5,True,accurate,0,0,False,False,8,False,False,,,,,,,,,,,
7094,49658.0,49713.46958576011,49726.86958728599,0,13.400001525878906,68.86958728598984,49686.0,True,6,5,True,accurate,1,1,False,False,5,False,False,,,,,,,,,,,
7095,49665.0,49726.86958728599,49737.96958576011,0,11.099998474121094,72.96958576011093,49693.0,True,6,5,True,accurate,0,0,False,False,4,False,False,,,,,,,,,,,
7096,49672.0,49737.96958576011,49750.069580419535,0,12.099994659423828,78.06958041953476,49700.0,True,6,5,True,accurate,0,0,False,False,3,False,False,,,,,,,,,,,
7097,49679.0,49750.069580419535,49761.569580419535,0,11.5,82.56958041953476,49707.0,True,7,6,True,accurate,0,0,False,False,2,True,False,,,,,,,,,,,
7098,49686.0,49761.569580419535,49773.46957813072,0,11.89999771118164,87.4695781307164,49714.0,True,7,6,True,accurate,0,0,False,False,1,True,False,,,,,,,,,,,
7100,49700.0,49773.46957813072,49788.369579656595,0,14.900001525878906,88.3695796565953,49728.0,True,8,7,True,accurate,0,0,False,False,99,False,False,,,,,,,,,,,
7102,49714.0,49788.369579656595,49804.66958270835,0,16.300003051757812,90.66958270835312,49742.0,True,7,6,True,accurate,0,0,False,False,97,False,False,,,,,,,,,,,
7104,49728.0,49804.66958270835,49822.369579656595,0,17.699996948242188,94.3695796565953,49756.0,True,7,6,True,accurate,0,0,False,False,95,False,False,,,,,,,,,,,
7106,49742.0,49822.369579656595,49835.569580419535,0,13.200000762939453,93.56958041953476,49770.0,True,7,6,True,accurate,0,0,False,False,93,False,False,,,,,,,,,,,
7112,49784.0,49835.569580419535,49850.969581945414,0,15.400001525878906,66.96958194541367,49812.0,True,5,4,False,accurate,0,0,False,False,87,False,False,,,,,,,,,,,
7113,49791.0,49850.969581945414,49863.569580419535,0,12.599998474121094,72.56958041953476,49819.0,True,5,4,False,accurate,0,0,False,False,86,False,False,,,,,,,,,,,
7114,49798.0,49863.569580419535,49883.569580419535,0,20.0,85.56958041953476,49826.0,True,6,5,True,accurate,1,1,False,False,85,False,False,,,,,,,,,,,
7117,49819.0,49883.569580419535,49895.169578893656,0,11.599998474121094,76.16957889365585,49847.0,True,6,5,True,accurate,0,0,False,False,82,False,False,,,,,,,,,,,
7119,49833.0,49895.169578893656,49906.469581945414,0,11.300003051757812,73.46958194541367,49861.0,True,6,5,True,accurate,0,0,False,False,80,False,False,,,,,,,,,,,
7122,49854.0,49906.469581945414,49919.36958347129,0,12.900001525878906,65.36958347129257,49882.0,True,5,4,False,accurate,1,1,False,False,77,False,False,,,,,,,,,,,
7127,49889.0,49919.36958347129,49932.86958347129,0,13.5,43.86958347129257,49917.0,True,4,3,False,accurate,1,1,False,False,72,False,False,,,,,,,,,,,
7130,49910.0,49932.86958347129,49946.469581945414,0,13.599998474121094,36.469581945413665,49938.0,True,3,2,False,accurate,0,0,False,False,69,False,False,,,,,,,,,,,
7132,49924.0,49946.469581945414,49965.569580419535,0,19.099998474121094,41.56958041953476,49952.0,True,3,2,False,accurate,1,1,False,False,67,False,False,,,,,,,,,,,
7133,49931.0,49965.569580419535,49980.869579656595,0,15.299999237060547,49.869579656595306,49959.0,True,4,3,False,accurate,0,0,False,False,66,False,False,,,,,,,,,,,
7135,49945.0,49980.869579656595,49994.369579656595,0,13.5,49.369579656595306,49973.0,True,4,3,False,accurate,0,0,False,False,64,False,False,,,,,,,,,,,
7139,49973.0,49994.369579656595,50008.76957736778,0,14.39999771118164,35.76957736777695,50001.0,True,3,2,False,accurate,0,0,False,False,60,False,False,,,,,,,,,,,
7140,49980.0,50008.76957736778,50021.169578893656,0,12.400001525878906,41.16957889365585,50008.0,True,4,3,False,accurate,0,0,False,False,59,False,False,,,,,,,,,,,
7141,49987.0,50021.169578893656,50036.06957279014,0,14.899993896484375,49.06957279014023,50015.0,True,4,3,False,accurate,0,0,False,False,58,False,False,,,,,,,,,,,
7143,50001.0,50036.06957279014,50052.46957431602,0,16.400001525878906,51.469574316019134,50029.0,True,4,3,False,accurate,1,1,False,False,56,False,False,,,,,,,,,,,
7144,50008.0,50052.46957431602,50066.26957355308,0,13.799999237060547,58.26957355307968,50036.0,True,5,4,False,accurate,0,0,False,False,55,False,False,,,,,,,,,,,
7145,50015.0,50066.26957355308,50081.3695720272,0,15.099998474121094,66.36957202720077,50043.0,True,5,4,False,accurate,0,0,False,False,54,False,False,,,,,,,,,,,
7149,50043.0,50081.3695720272,50093.46957431602,0,12.10000228881836,50.469574316019134,50071.0,True,4,3,False,accurate,0,0,False,False,50,False,False,,,,,,,,,,,
7153,50071.0,50093.46957431602,50106.66957126426,0,13.199996948242188,35.66957126426132,50099.0,True,3,2,False,accurate,0,0,False,False,46,False,False,,,,,,,,,,,
7155,50085.0,50106.66957126426,50125.669567449564,0,18.999996185302734,40.669567449564056,50113.0,True,3,2,False,accurate,0,0,False,False,44,False,False,,,,,,,,,,,
7156,50092.0,50125.669567449564,50137.76956973838,0,12.10000228881836,45.769569738382415,50120.0,True,4,3,False,accurate,0,0,False,False,43,False,False,,,,,,,,,,,
7157,50099.0,50137.76956973838,50149.8695682125,0,12.099998474121094,50.86956821250351,50127.0,True,4,3,False,accurate,0,0,False,False,42,False,False,,,,,,,,,,,
7158,50106.0,50149.8695682125,50161.969566686625,0,12.099998474121094,55.9695666866246,50134.0,True,5,4,False,accurate,1,1,False,False,41,False,False,,,,,,,,,,,
7165,50155.0,50161.969566686625,50177.469566686625,0,15.5,22.469566686624603,50183.0,False,2,1,False,accurate,0,0,False,False,34,False,True,,,,,,,,,,,
7166,50162.0,50177.469566686625,50194.869564397806,0,17.39999771118164,32.86956439780624,50190.0,True,2,1,False,accurate,0,0,False,False,33,False,False,,,,,,,,,,,
7167,50169.0,50194.869564397806,50209.46956287193,0,14.599998474121094,40.46956287192734,50197.0,True,3,2,False,accurate,0,0,False,False,32,False,False,,,,,,,,,,,
7171,50197.0,50209.46956287193,50226.76956210899,0,17.299999237060547,29.769562108987884,50225.0,True,2,1,False,accurate,0,0,False,False,28,False,False,,,,,,,,,,,
7172,50204.0,50226.76956210899,50239.86955676841,0,13.099994659423828,35.86955676841171,50232.0,True,3,2,False,accurate,1,1,False,False,27,False,False,,,,,,,,,,,
7173,50211.0,50239.86955676841,50254.66955600547,0,14.799999237060547,43.66955600547226,50239.0,True,3,2,False,accurate,0,0,False,False,26,False,False,,,,,,,,,,,
7174,50218.0,50254.66955600547,50269.86956058311,0,15.200004577636719,51.86956058310898,50246.0,True,4,3,False,accurate,1,1,False,False,25,False,False,,,,,,,,,,,
7175,50225.0,50269.86956058311,50282.56955753135,0,12.699996948242188,57.569557531351165,50253.0,True,5,4,False,accurate,1,1,False,False,24,False,False,,,,,,,,,,,
7177,50239.0,50282.56955753135,50296.86955676841,0,14.299999237060547,57.86955676841171,50267.0,True,5,4,False,accurate,0,0,False,False,22,False,False,,,,,,,,,,,
7178,50246.0,50296.86955676841,50310.86955676841,0,14.0,64.86955676841171,50274.0,True,5,4,False,accurate,0,0,False,False,21,False,False,,,,,,,,,,,
7179,50253.0,50310.86955676841,50321.26955447959,0,10.39999771118164,68.26955447959335,50281.0,True,6,5,True,accurate,0,0,False,False,20,False,False,,,,,,,,,,,
7180,50260.0,50321.26955447959,50333.469551427836,0,12.199996948242188,73.46955142783554,50288.0,True,6,5,True,accurate,0,0,False,False,19,False,False,,,,,,,,,,,
7182,50274.0,50333.469551427836,50353.46954761314,0,19.999996185302734,79.46954761313827,50302.0,True,6,5,True,accurate,0,0,False,False,17,False,False,,,,,,,,,,,
7183,50281.0,50353.46954761314,50365.7695468502,0,12.299999237060547,84.76954685019882,50309.0,True,7,6,True,accurate,0,0,False,False,16,False,False,,,,,,,,,,,
7186,50302.0,50365.7695468502,50381.36954532432,0,15.599998474121094,79.36954532431992,50330.0,True,6,5,True,accurate,0,0,False,False,13,False,False,,,,,,,,,,,
7187,50309.0,50381.36954532432,50398.86954532432,0,17.5,89.86954532431992,50337.0,True,7,6,True,accurate,0,0,False,False,12,False,False,,,,,,,,,,,
7189,50323.0,50398.86954532432,50414.16954837608,0,15.300003051757812,91.16954837607773,50351.0,True,6,5,True,accurate,0,0,False,False,10,False,False,,,,,,,,,,,
7193,50351.0,50414.16954837608,50424.36954532432,0,10.199996948242188,73.36954532431992,50379.0,True,6,5,True,accurate,0,0,False,False,6,False,False,,,,,,,,,,,
7194,50358.0,50424.36954532432,50438.86954150962,0,14.499996185302734,80.86954150962265,50386.0,True,6,5,True,accurate,0,0,False,False,5,False,False,,,,,,,,,,,
7195,50365.0,50438.86954150962,50450.96954379844,0,12.10000228881836,85.96954379844101,50393.0,True,7,6,True,accurate,0,0,False,False,4,False,False,,,,,,,,,,,
7197,50379.0,50450.96954379844,50480.86954150962,0,29.89999771118164,101.86954150962265,50407.0,True,7,6,True,accurate,1,1,False,False,2,True,False,,,,,,,,,,,
7200,50400.0,50480.86954150962,50506.87954021263,0,26.00999870300293,106.87954021262703,50428.0,True,6,5,True,accurate,0,0,False,False,99,False,False,,,,,,,,,,,
7201,50407.0,50506.87954021263,50528.099124644075,0,21.21958443144956,121.09912464407535,50435.0,True,7,6,True,accurate,0,0,False,False,98,False,False,,,,,,,,,,,
7202,50414.0,50528.099124644075,50553.54495193052,0,25.445827286442068,139.54495193051844,50442.0,True,8,7,True,accurate,0,0,False,False,97,False,False,,,,,,,,,,,
7204,50428.0,50553.54495193052,50576.50328506219,0,22.958333131670955,148.50328506218648,50456.0,True,7,6,True,accurate,0,0,False,False,95,False,False,,,,,,,,,,,
7210,50470.0,50576.50328506219,50592.980780601574,0,16.47749553938711,122.98078060157422,50498.0,True,6,5,True,accurate,0,0,False,False,89,False,False,,,,,,,,,,,
7211,50477.0,50592.980780601574,50613.530366246574,0,20.54958564500016,136.53036624657398,50505.0,True,7,6,True,accurate,1,1,False,False,88,False,False,,,,,,,,,,,
7213,50491.0,50613.530366246574,50631.36161634045,0,17.831250093877316,140.3616163404513,50519.0,True,7,6,True,accurate,0,0,False,False,86,False,False,,,,,,,,,,,
7220,50540.0,50631.36161634045,50645.54328390322,0,14.181667562772834,105.54328390322189,50568.0,True,6,5,True,accurate,1,1,False,False,79,False,False,,,,,,,,,,,
7222,50554.0,50645.54328390322,50658.56078311716,0,13.01749921393891,104.56078311715828,50582.0,True,6,5,True,accurate,0,0,False,False,77,False,False,,,,,,,,,,,
7233,50631.0,50658.56078311716,50672.96077701364,0,14.399993896484375,41.960777013642655,50659.0,True,4,3,False,accurate,0,0,False,False,66,False,False,,,,,,,,,,,
7236,50652.0,50672.96077701364,50688.760772436006,0,15.799995422363281,36.76077243600594,50680.0,True,3,2,False,accurate,0,0,False,False,63,False,False,,,,,,,,,,,
7237,50659.0,50688.760772436006,50700.86077091013,0,12.099998474121094,41.86077091012703,50687.0,True,3,2,False,accurate,0,0,False,False,62,False,False,,,,,,,,,,,
7238,50666.0,50700.86077091013,50715.96076938425,0,15.099998474121094,49.960769384248124,50694.0,True,4,3,False,accurate,0,0,False,False,61,False,False,,,,,,,,,,,
7245,50715.0,50715.96076938425,50731.16077014719,0,15.200000762939453,16.160770147187577,50743.0,False,2,1,False,accurate,0,0,False,False,54,False,True,,,,,,,,,,,
7247,50729.0,50731.16077014719,50743.36076709543,0,12.199996948242188,14.360767095429765,50757.0,False,2,1,False,accurate,0,0,False,False,52,False,True,,,,,,,,,,,
7251,50757.0,50757.0,50773.79999923706,0,16.799999237060547,16.799999237060547,50785.0,False,1,0,False,accurate,0,0,False,False,48,False,True,,,,,,,,,,,
7253,50771.0,50773.79999923706,50787.10000228882,0,13.300003051757812,16.10000228881836,50799.0,False,2,1,False,accurate,0,0,False,False,46,False,True,,,,,,,,,,,
7255,50785.0,50787.10000228882,50803.5000038147,0,16.400001525878906,18.500003814697266,50813.0,False,2,1,False,accurate,0,0,False,False,44,False,True,,,,,,,,,,,
7259,50813.0,50813.0,50827.59999847412,0,14.599998474121094,14.599998474121094,50841.0,False,1,0,False,accurate,0,0,False,False,40,False,True,,,,,,,,,,,
7263,50841.0,50841.0,50857.79999923706,0,16.799999237060547,16.799999237060547,50869.0,False,1,0,False,accurate,0,0,False,False,36,False,True,,,,,,,,,,,
7264,50848.0,50857.79999923706,50872.59999847412,0,14.799999237060547,24.599998474121094,50876.0,False,2,1,False,accurate,1,1,False,False,35,False,True,,,,,,,,,,,
7265,50855.0,50872.59999847412,50884.5,0,11.900001525878906,29.5,50883.0,True,3,2,False,accurate,0,0,False,False,34,False,False,,,,,,,,,,,
7269,50883.0,50884.5,50896.90000152588,0,12.400001525878906,13.900001525878906,50911.0,False,2,1,False,accurate,0,0,False,False,30,False,True,,,,,,,,,,,
7270,50890.0,50896.90000152588,50909.60000228882,0,12.700000762939453,19.60000228881836,50918.0,False,2,1,False,accurate,1,1,False,False,29,False,True,,,,,,,,,,,
7271,50897.0,50909.60000228882,50925.20000457764,0,15.60000228881836,28.20000457763672,50925.0,True,2,1,False,accurate,0,0,False,False,28,False,False,,,,,,,,,,,
7272,50904.0,50925.20000457764,50941.30000305176,0,16.099998474121094,37.30000305175781,50932.0,True,3,2,False,accurate,0,0,False,False,27,False,False,,,,,,,,,,,
7274,50918.0,50941.30000305176,50953.70000457764,0,12.400001525878906,35.70000457763672,50946.0,True,3,2,False,accurate,0,0,False,False,25,False,False,,,,,,,,,,,
7276,50932.0,50953.70000457764,50968.0000038147,0,14.299999237060547,36.000003814697266,50960.0,True,3,2,False,accurate,0,0,False,False,23,False,False,,,,,,,,,,,
7280,50960.0,50968.0000038147,50981.200008392334,0,13.200004577636719,21.200008392333984,50988.0,False,2,1,False,accurate,0,0,False,False,19,False,True,,,,,,,,,,,
7281,50967.0,50981.200008392334,50993.10000991821,0,11.900001525878906,26.10000991821289,50995.0,False,3,2,False,accurate,1,1,False,False,18,False,True,,,,,,,,,,,
7282,50974.0,50993.10000991821,51007.50001144409,0,14.400001525878906,33.5000114440918,51002.0,True,3,2,False,accurate,1,1,False,False,17,False,False,,,,,,,,,,,
7283,50981.0,51007.50001144409,51019.50001144409,0,12.0,38.5000114440918,51009.0,True,4,3,False,accurate,0,0,False,False,16,False,False,,,,,,,,,,,
7286,51002.0,51019.50001144409,51030.00001144409,0,10.5,28.000011444091797,51030.0,True,3,2,False,accurate,0,0,False,False,13,False,False,,,,,,,,,,,
7291,51037.0,51037.0,51049.70000076294,0,12.700000762939453,12.700000762939453,51065.0,False,1,0,False,accurate,0,0,False,False,8,False,True,,,,,,,,,,,
7292,51044.0,51049.70000076294,51069.20000457764,0,19.500003814697266,25.20000457763672,51072.0,False,2,1,False,accurate,0,0,False,False,7,False,True,,,,,,,,,,,
7293,51051.0,51069.20000457764,51086.200008392334,0,17.000003814697266,35.200008392333984,51079.0,True,2,1,False,accurate,0,0,False,False,6,False,False,,,,,,,,,,,
7298,51086.0,51086.200008392334,51104.100006103516,0,17.89999771118164,18.100006103515625,51114.0,False,2,1,False,accurate,1,1,False,False,1,True,True,,,,,,,,,,,
7301,51107.0,51107.0,51122.60000228882,0,15.60000228881836,15.60000228881836,51135.0,False,1,0,False,accurate,1,1,False,False,98,False,True,,,,,,,,,,,
7302,51114.0,51122.60000228882,51146.30000305176,0,23.700000762939453,32.30000305175781,51142.0,True,2,1,False,accurate,0,0,False,False,97,False,False,,,,,,,,,,,
7304,51128.0,51146.30000305176,51157.40000152588,0,11.099998474121094,29.400001525878906,51156.0,True,2,1,False,accurate,0,0,False,False,95,False,False,,,,,,,,,,,
7305,51135.0,51157.40000152588,51171.30000305176,0,13.900001525878906,36.30000305175781,51163.0,True,3,2,False,accurate,0,0,False,False,94,False,False,,,,,,,,,,,
7306,51142.0,51171.30000305176,51186.90000152588,0,15.599998474121094,44.900001525878906,51170.0,True,4,3,False,accurate,1,1,False,False,93,False,False,,,,,,,,,,,
7309,51163.0,51186.90000152588,51205.40000152588,0,18.5,42.400001525878906,51191.0,True,3,2,False,accurate,0,0,False,False,90,False,False,,,,,,,,,,,
7312,51184.0,51205.40000152588,51216.90000152588,0,11.5,32.900001525878906,51212.0,True,3,2,False,accurate,0,0,False,False,87,False,False,,,,,,,,,,,
7314,51198.0,51216.90000152588,51236.40000152588,0,19.5,38.400001525878906,51226.0,True,3,2,False,accurate,0,0,False,False,85,False,False,,,,,,,,,,,
7316,51212.0,51236.40000152588,51248.90000152588,0,12.5,36.900001525878906,51240.0,True,3,2,False,accurate,0,0,False,False,83,False,False,,,,,,,,,,,
7323,51261.0,51261.0,51275.0,0,14.0,14.0,51289.0,False,1,0,False,accurate,0,0,False,False,76,False,True,,,,,,,,,,,
7325,51275.0,51275.0,51288.40000152588,0,13.400001525878906,13.400001525878906,51303.0,False,1,0,False,accurate,0,0,False,False,74,False,True,,,,,,,,,,,
7328,51296.0,51296.0,51308.29999923706,0,12.299999237060547,12.299999237060547,51324.0,False,1,0,False,accurate,0,0,False,False,71,False,True,,,,,,,,,,,
7329,51303.0,51308.29999923706,51322.0,0,13.700000762939453,19.0,51331.0,False,2,1,False,accurate,0,0,False,False,70,False,True,,,,,,,,,,,
7330,51310.0,51322.0,51336.0,0,14.0,26.0,51338.0,False,2,1,False,accurate,0,0,False,False,69,False,True,,,,,,,,,,,
7332,51324.0,51336.0,51349.59999847412,0,13.599998474121094,25.599998474121094,51352.0,False,2,1,False,accurate,0,0,False,False,67,False,True,,,,,,,,,,,
7339,51373.0,51373.0,51388.40000152588,0,15.400001525878906,15.400001525878906,51401.0,False,1,0,False,accurate,0,0,False,False,60,False,True,,,,,,,,,,,
7340,51380.0,51388.40000152588,51399.0,0,10.599998474121094,19.0,51408.0,False,2,1,False,accurate,0,0,False,False,59,False,True,,,,,,,,,,,
7344,51408.0,51408.0,51421.79999923706,0,13.799999237060547,13.799999237060547,51436.0,False,1,0,False,accurate,0,0,False,False,55,False,True,,,,,,,,,,,
7347,51429.0,51429.0,51443.4999961853,0,14.499996185302734,14.499996185302734,51457.0,False,1,0,False,accurate,0,0,False,False,52,False,True,,,,,,,,,,,
7349,51443.0,51443.4999961853,51457.29999542236,0,13.799999237060547,14.299995422363281,51471.0,False,2,1,False,accurate,0,0,False,False,50,False,True,,,,,,,,,,,
7350,51450.0,51457.29999542236,51476.199993133545,0,18.89999771118164,26.199993133544922,51478.0,False,2,1,False,accurate,1,1,False,False,49,False,True,,,,,,,,,,,
7352,51464.0,51476.199993133545,51489.699993133545,0,13.5,25.699993133544922,51492.0,False,2,1,False,accurate,0,0,False,False,47,False,True,,,,,,,,,,,
7354,51478.0,51489.699993133545,51502.79999542236,0,13.10000228881836,24.79999542236328,51506.0,False,2,1,False,accurate,1,1,False,False,45,False,True,,,,,,,,,,,
7355,51485.0,51502.79999542236,51519.59999084473,0,16.79999542236328,34.59999084472656,51513.0,True,3,2,False,accurate,0,0,False,False,44,False,False,,,,,,,,,,,
7361,51527.0,51527.0,51548.21958443145,0,21.21958443144956,21.21958443144831,51555.0,False,1,0,False,accurate,0,0,False,False,38,False,True,,,,,,,,,,,
7362,51534.0,51548.21958443145,51569.06875252724,0,20.849168095787377,35.06875252723694,51562.0,True,2,1,False,accurate,0,0,False,False,37,False,False,,,,,,,,,,,
7364,51548.0,51569.06875252724,51592.50208444675,0,23.433331919511172,44.502084446750814,51576.0,True,3,2,False,accurate,0,0,False,False,35,False,False,,,,,,,,,,,
7367,51569.0,51592.50208444675,51622.568331884744,0,30.066247437993706,53.56833188474411,51597.0,True,3,2,False,accurate,0,0,False,False,32,False,False,,,,,,,,,,,
7369,51583.0,51622.568331884744,51639.38708298147,0,16.818751096725464,56.387082981469575,51611.0,True,3,2,False,accurate,1,1,False,False,30,False,False,,,,,,,,,,,
7371,51597.0,51639.38708298147,51658.00583316923,0,18.61875018775463,61.00583316922712,51625.0,True,3,2,False,accurate,0,0,False,False,28,False,False,,,,,,,,,,,
7374,51618.0,51658.00583316923,51675.83083701512,0,17.825003845890343,57.83083701512078,51646.0,True,4,3,False,accurate,1,1,False,False,25,False,False,,,,,,,,,,,
7382,51674.0,51675.83083701512,51689.906673601356,0,14.075836586231992,15.906673601355578,51702.0,False,2,1,False,accurate,0,0,False,False,17,False,True,,,,,,,,,,,
7383,51681.0,51689.906673601356,51703.388755375694,0,13.482081774336594,22.388755375694018,51709.0,False,2,1,False,accurate,0,0,False,False,16,False,True,,,,,,,,,,,
7384,51688.0,51703.388755375694,51721.388755375694,0,18.0,33.38875537569402,51716.0,True,3,2,False,accurate,1,1,False,False,15,False,False,,,,,,,,,,,
7385,51695.0,51721.388755375694,51734.188754612755,0,12.799999237060547,39.188754612754565,51723.0,True,3,2,False,accurate,0,0,False,False,14,False,False,,,,,,,,,,,
7390,51730.0,51734.188754612755,51749.588752323936,0,15.39999771118164,19.588752323936205,51758.0,False,2,1,False,accurate,0,0,False,False,9,False,True,,,,,,,,,,,
7395,51765.0,51765.0,51779.09999847412,0,14.099998474121094,14.099998474121094,51793.0,False,1,0,False,accurate,1,1,False,False,4,False,True,,,,,,,,,,,
7398,51786.0,51786.0,51798.0,0,12.0,12.0,51814.0,False,1,0,False,accurate,0,0,False,False,1,True,True,,,,,,,,,,,
7399,51793.0,51798.0,51812.40000152588,0,14.400001525878906,19.400001525878906,51821.0,False,2,1,False,accurate,0,0,False,True,0,True,True,,,,,,,,,,,
7405,51835.0,51835.0,51852.0000038147,0,17.000003814697266,17.000003814697266,51863.0,False,1,0,False,accurate,1,1,False,False,94,False,True,,,,,,,,,,,
7407,51849.0,51852.0000038147,51863.90000152588,0,11.89999771118164,14.900001525878906,51877.0,False,2,1,False,accurate,0,0,False,False,92,False,True,,,,,,,,,,,
7410,51870.0,51870.0,51881.10000228882,0,11.10000228881836,11.10000228881836,51898.0,False,1,0,False,accurate,0,0,False,False,89,False,True,,,,,,,,,,,
7416,51912.0,51912.0,51923.69999694824,0,11.699996948242188,11.699996948242188,51940.0,False,1,0,False,accurate,0,0,False,False,83,False,True,,,,,,,,,,,
7418,51926.0,51926.0,51945.29999923706,0,19.299999237060547,19.299999237060547,51954.0,False,1,0,False,accurate,0,0,False,False,81,False,True,,,,,,,,,,,
7419,51933.0,51945.29999923706,51969.40000152588,0,24.10000228881836,36.400001525878906,51961.0,True,2,1,False,accurate,0,0,False,False,80,False,False,,,,,,,,,,,
7420,51940.0,51969.40000152588,52006.59999847412,0,37.19999694824219,66.5999984741211,51968.0,True,3,2,False,accurate,0,0,False,False,79,False,False,,,,,,,,,,,
7422,51954.0,52006.59999847412,52028.79999542236,0,22.199996948242188,74.79999542236328,51982.0,True,3,2,False,accurate,0,0,False,False,77,False,False,,,,,,,,,,,
7426,51982.0,52028.79999542236,52040.89999771118,0,12.10000228881836,58.89999771118164,52010.0,True,3,2,False,accurate,1,1,False,False,73,False,False,,,,,,,,,,,
7428,51996.0,52040.89999771118,52054.39999771118,0,13.5,58.39999771118164,52024.0,True,4,3,False,accurate,1,1,False,False,71,False,False,,,,,,,,,,,
7433,52031.0,52054.39999771118,52065.59999847412,0,11.200000762939453,34.599998474121094,52059.0,True,3,2,False,accurate,0,0,False,False,66,False,False,,,,,,,,,,,
7436,52052.0,52065.59999847412,52076.90000152588,0,11.300003051757812,24.900001525878906,52080.0,False,3,2,False,accurate,0,0,False,False,63,False,True,,,,,,,,,,,
7442,52094.0,52094.0,52108.0,0,14.0,14.0,52122.0,False,1,0,False,accurate,1,1,False,False,57,False,True,,,,,,,,,,,
7443,52101.0,52108.0,52120.60000228882,0,12.60000228881836,19.60000228881836,52129.0,False,2,1,False,accurate,1,1,False,False,56,False,True,,,,,,,,,,,
7444,52108.0,52120.60000228882,52133.79999923706,0,13.199996948242188,25.799999237060547,52136.0,False,2,1,False,accurate,0,0,False,False,55,False,True,,,,,,,,,,,
7445,52115.0,52133.79999923706,52148.69999694824,0,14.89999771118164,33.69999694824219,52143.0,True,3,2,False,accurate,0,0,False,False,54,False,False,,,,,,,,,,,
7446,52122.0,52148.69999694824,52167.599994659424,0,18.89999771118164,45.59999465942383,52150.0,True,3,2,False,accurate,0,0,False,False,53,False,False,,,,,,,,,,,
7447,52129.0,52167.599994659424,52179.69999694824,0,12.10000228881836,50.69999694824219,52157.0,True,4,3,False,accurate,0,0,False,False,52,False,False,,,,,,,,,,,
7448,52136.0,52179.69999694824,52192.5,0,12.800003051757812,56.5,52164.0,True,4,3,False,accurate,0,0,False,False,51,False,False,,,,,,,,,,,
7450,52150.0,52192.5,52209.70000076294,0,17.200000762939453,59.70000076293945,52178.0,True,4,3,False,accurate,0,0,False,False,49,False,False,,,,,,,,,,,
7451,52157.0,52209.70000076294,52222.30000305176,0,12.60000228881836,65.30000305175781,52185.0,True,5,4,False,accurate,0,0,False,False,48,False,False,,,,,,,,,,,
7453,52171.0,52222.30000305176,52233.20000076294,0,10.89999771118164,62.20000076293945,52199.0,True,5,4,False,accurate,0,0,False,False,46,False,False,,,,,,,,,,,
7456,52192.0,52233.20000076294,52245.90000152588,0,12.700000762939453,53.900001525878906,52220.0,True,5,4,False,accurate,0,0,False,False,43,False,False,,,,,,,,,,,
7460,52220.0,52245.90000152588,52258.60000228882,0,12.700000762939453,38.60000228881836,52248.0,True,4,3,False,accurate,0,0,False,False,39,False,False,,,,,,,,,,,
7461,52227.0,52258.60000228882,52273.0000038147,0,14.400001525878906,46.000003814697266,52255.0,True,4,3,False,accurate,0,0,False,False,38,False,False,,,,,,,,,,,
7462,52234.0,52273.0000038147,52285.20000457764,0,12.200000762939453,51.20000457763672,52262.0,True,4,3,False,accurate,0,0,False,False,37,False,False,,,,,,,,,,,
7463,52241.0,52285.20000457764,52297.100006103516,0,11.900001525878906,56.100006103515625,52269.0,True,5,4,False,accurate,0,0,False,False,36,False,False,,,,,,,,,,,
7464,52248.0,52297.100006103516,52312.10000991821,0,15.000003814697266,64.10000991821289,52276.0,True,5,4,False,accurate,0,0,False,False,35,False,False,,,,,,,,,,,
7468,52276.0,52312.10000991821,52326.30001449585,0,14.200004577636719,50.30001449584961,52304.0,True,4,3,False,accurate,0,0,False,False,31,False,False,,,,,,,,,,,
7470,52290.0,52326.30001449585,52340.40001678467,0,14.10000228881836,50.40001678466797,52318.0,True,4,3,False,accurate,0,0,False,False,29,False,False,,,,,,,,,,,
7474,52318.0,52340.40001678467,52354.80001831055,0,14.400001525878906,36.800018310546875,52346.0,True,3,2,False,accurate,0,0,False,False,25,False,False,,,,,,,,,,,
7478,52346.0,52354.80001831055,52377.00001525879,0,22.199996948242188,31.000015258789062,52374.0,True,2,1,False,accurate,1,1,False,False,21,False,False,,,,,,,,,,,
7480,52360.0,52377.00001525879,52388.80001449585,0,11.799999237060547,28.80001449584961,52388.0,True,2,1,False,accurate,0,0,False,False,19,False,False,,,,,,,,,,,
7482,52374.0,52388.80001449585,52402.80001449585,0,14.0,28.80001449584961,52402.0,True,3,2,False,accurate,0,0,False,False,17,False,False,,,,,,,,,,,
7484,52388.0,52402.80001449585,52414.70001602173,0,11.900001525878906,26.700016021728516,52416.0,False,3,2,False,accurate,1,1,False,False,15,False,True,,,,,,,,,,,
7489,52423.0,52423.0,52441.89999771118,0,18.89999771118164,18.89999771118164,52451.0,False,1,0,False,accurate,0,0,False,False,10,False,True,,,,,,,,,,,
7495,52465.0,52465.0,52480.39999771118,0,15.39999771118164,15.39999771118164,52493.0,False,1,0,False,accurate,1,1,False,False,4,False,True,,,,,,,,,,,
7496,52472.0,52480.39999771118,52495.4999961853,0,15.099998474121094,23.499996185302734,52500.0,False,2,1,False,accurate,0,0,False,False,3,False,True,,,,,,,,,,,
7497,52479.0,52495.4999961853,52510.5,0,15.000003814697266,31.5,52507.0,True,3,2,False,accurate,0,0,False,False,2,True,False,,,,,,,,,,,
7498,52486.0,52510.5,52520.79999542236,0,10.299995422363281,34.79999542236328,52514.0,True,3,2,False,accurate,0,0,False,False,1,True,False,,,,,,,,,,,
7499,52493.0,52520.79999542236,52535.999992370605,0,15.199996948242188,42.99999237060547,52521.0,True,4,3,False,accurate,0,0,False,True,0,True,False,,,,,,,,,,,
7500,52500.0,52535.999992370605,52551.699993133545,0,15.700000762939453,51.69999313354492,52528.0,True,4,3,False,accurate,1,1,False,False,99,False,False,,,,,,,,,,,
7506,52542.0,52551.699993133545,52563.499992370605,0,11.799999237060547,21.49999237060547,52570.0,False,2,1,False,accurate,0,0,False,False,93,False,True,,,,,,,,,,,
7508,52556.0,52563.499992370605,52575.799991607666,0,12.299999237060547,19.799991607666016,52584.0,False,2,1,False,accurate,0,0,False,False,91,False,True,,,,,,,,,,,
7509,52563.0,52575.799991607666,52587.699993133545,0,11.900001525878906,24.699993133544922,52591.0,False,3,2,False,accurate,0,0,False,False,90,False,True,,,,,,,,,,,
7511,52577.0,52587.699993133545,52598.899993896484,0,11.200000762939453,21.899993896484375,52605.0,False,2,1,False,accurate,0,0,False,False,88,False,True,,,,,,,,,,,
7512,52584.0,52598.899993896484,52611.999992370605,0,13.099998474121094,27.99999237060547,52612.0,False,3,2,False,accurate,1,1,False,False,87,False,True,,,,,,,,,,,
7513,52591.0,52611.999992370605,52627.799991607666,0,15.799999237060547,36.799991607666016,52619.0,True,3,2,False,accurate,1,1,False,False,86,False,False,,,,,,,,,,,
7518,52626.0,52627.799991607666,52640.09999084473,0,12.299999237060547,14.099990844726562,52654.0,False,2,1,False,accurate,0,0,False,False,81,False,True,,,,,,,,,,,
7520,52640.0,52640.09999084473,52665.08998565674,0,24.98999481201172,25.08998565674119,52668.0,False,2,1,False,accurate,1,1,False,False,79,False,True,,,,,,,,,,,
7521,52647.0,52665.08998565674,52684.638736768764,0,19.54875111202398,37.63873676876392,52675.0,True,2,1,False,accurate,0,0,False,False,78,False,False,,,,,,,,,,,
7527,52689.0,52689.0,52718.1687497288,0,29.168749728798865,29.16874972880032,52717.0,True,1,0,False,accurate,0,0,False,False,72,False,False,,,,,,,,,,,
7530,52710.0,52718.1687497288,52735.913752776985,0,17.745003048181502,25.913752776985348,52738.0,False,2,1,False,accurate,0,0,False,False,69,False,True,,,,,,,,,,,
7532,52724.0,52735.913752776985,52750.763752776984,0,14.850000000000001,26.763752776983893,52752.0,False,2,1,False,accurate,0,0,False,False,67,False,True,,,,,,,,,,,
7534,52738.0,52750.763752776984,52768.588751695555,0,17.82499891857307,30.588751695555402,52766.0,True,2,1,False,accurate,0,0,False,False,65,False,False,,,,,,,,,,,
7535,52745.0,52768.588751695555,52785.50624880592,0,16.91749711036682,40.50624880591931,52773.0,True,3,2,False,accurate,0,0,False,False,64,False,False,,,,,,,,,,,
7537,52759.0,52785.50624880592,52807.30166810284,0,21.795419296920283,48.30166810283845,52787.0,True,3,2,False,accurate,1,1,False,False,62,False,False,,,,,,,,,,,
7539,52773.0,52807.30166810284,52825.1766663002,0,17.874998197356863,52.17666630019812,52801.0,True,3,2,False,accurate,0,0,False,False,60,False,False,,,,,,,,,,,
7542,52794.0,52825.1766663002,52847.08416714363,0,21.907500843430558,53.08416714362829,52822.0,True,3,2,False,accurate,0,0,False,False,57,False,False,,,,,,,,,,,
7544,52808.0,52847.08416714363,52860.18416561775,0,13.099998474121094,52.184165617749386,52836.0,True,3,2,False,accurate,0,0,False,False,55,False,False,,,,,,,,,,,
7546,52822.0,52860.18416561775,52877.18416561775,0,17.0,55.184165617749386,52850.0,True,4,3,False,accurate,1,1,False,False,53,False,False,,,,,,,,,,,
7547,52829.0,52877.18416561775,52887.884170195386,0,10.700004577636719,58.884170195386105,52857.0,True,4,3,False,accurate,1,1,False,False,52,False,False,,,,,,,,,,,
7553,52871.0,52887.884170195386,52901.08417477302,0,13.200004577636719,30.084174773022824,52899.0,True,3,2,False,accurate,0,0,False,False,46,False,False,,,,,,,,,,,
7558,52906.0,52906.0,52917.60000228882,0,11.60000228881836,11.60000228881836,52934.0,False,1,0,False,accurate,0,0,False,False,41,False,True,,,,,,,,,,,
7560,52920.0,52920.0,52938.20000076294,0,18.200000762939453,18.200000762939453,52948.0,False,1,0,False,accurate,0,0,False,False,39,False,True,,,,,,,,,,,
7568,52976.0,52976.0,52992.20000076294,0,16.200000762939453,16.200000762939453,53004.0,False,1,0,False,accurate,1,1,False,False,31,False,True,,,,,,,,,,,
7572,53004.0,53004.0,53019.70000457764,0,15.700004577636719,15.700004577636719,53032.0,False,1,0,False,accurate,0,0,False,False,27,False,True,,,,,,,,,,,
7574,53018.0,53019.70000457764,53032.70000457764,0,13.0,14.700004577636719,53046.0,False,2,1,False,accurate,1,1,False,False,25,False,True,,,,,,,,,,,
7575,53025.0,53032.70000457764,53046.100006103516,0,13.400001525878906,21.100006103515625,53053.0,False,2,1,False,accurate,0,0,False,False,24,False,True,,,,,,,,,,,
7578,53046.0,53046.100006103516,53057.900005340576,0,11.799999237060547,11.900005340576172,53074.0,False,2,1,False,accurate,0,0,False,False,21,False,True,,,,,,,,,,,
7580,53060.0,53060.0,53073.59999847412,0,13.599998474121094,13.599998474121094,53088.0,False,1,0,False,accurate,1,1,False,False,19,False,True,,,,,,,,,,,
7581,53067.0,53073.59999847412,53086.29999542236,0,12.699996948242188,19.29999542236328,53095.0,False,2,1,False,accurate,1,1,False,False,18,False,True,,,,,,,,,,,
7584,53088.0,53088.0,53102.5,0,14.5,14.5,53116.0,False,1,0,False,accurate,0,0,False,False,15,False,True,,,,,,,,,,,
7585,53095.0,53102.5,53124.60000228882,0,22.10000228881836,29.60000228881836,53123.0,True,2,1,False,accurate,0,0,False,False,14,False,False,,,,,,,,,,,
7590,53130.0,53130.0,53143.59999847412,0,13.599998474121094,13.599998474121094,53158.0,False,1,0,False,accurate,1,1,False,False,9,False,True,,,,,,,,,,,
7592,53144.0,53144.0,53160.79999923706,0,16.799999237060547,16.799999237060547,53172.0,False,1,0,False,accurate,0,0,False,False,7,False,True,,,,,,,,,,,
7594,53158.0,53160.79999923706,53174.29999923706,0,13.5,16.299999237060547,53186.0,False,2,1,False,accurate,0,0,False,False,5,False,True,,,,,,,,,,,
7601,53207.0,53207.0,53220.69999694824,0,13.699996948242188,13.699996948242188,53235.0,False,1,0,False,accurate,1,1,False,False,98,False,True,,,,,,,,,,,
7602,53214.0,53220.69999694824,53232.40000152588,0,11.700004577636719,18.400001525878906,53242.0,False,2,1,False,accurate,0,0,False,False,97,False,True,,,,,,,,,,,
7603,53221.0,53232.40000152588,53246.30000305176,0,13.900001525878906,25.300003051757812,53249.0,False,2,1,False,accurate,1,1,False,False,96,False,True,,,,,,,,,,,
7604,53228.0,53246.30000305176,53261.20000457764,0,14.900001525878906,33.20000457763672,53256.0,True,3,2,False,accurate,1,1,False,False,95,False,False,,,,,,,,,,,
7607,53249.0,53261.20000457764,53274.70000076294,0,13.499996185302734,25.700000762939453,53277.0,False,2,1,False,accurate,0,0,False,False,92,False,True,,,,,,,,,,,
7610,53270.0,53274.70000076294,53294.0000038147,0,19.300003051757812,24.000003814697266,53298.0,False,2,1,False,accurate,1,1,False,False,89,False,True,,,,,,,,,,,
7612,53284.0,53294.0000038147,53307.30000305176,0,13.299999237060547,23.300003051757812,53312.0,False,2,1,False,accurate,1,1,False,False,87,False,True,,,,,,,,,,,
7613,53291.0,53307.30000305176,53339.70000076294,0,32.39999771118164,48.70000076293945,53319.0,True,3,2,False,accurate,1,1,False,False,86,False,False,,,,,,,,,,,
7617,53319.0,53339.70000076294,53351.90000152588,0,12.200000762939453,32.900001525878906,53347.0,True,2,1,False,accurate,1,1,False,False,82,False,False,,,,,,,,,,,
7618,53326.0,53351.90000152588,53366.0,0,14.099998474121094,40.0,53354.0,True,3,2,False,accurate,0,0,False,False,81,False,False,,,,,,,,,,,
7619,53333.0,53366.0,53382.20000076294,0,16.200000762939453,49.20000076293945,53361.0,True,4,3,False,accurate,0,0,False,False,80,False,False,,,,,,,,,,,
7620,53340.0,53382.20000076294,53395.79999923706,0,13.599998474121094,55.79999923706055,53368.0,True,4,3,False,accurate,0,0,False,False,79,False,False,,,,,,,,,,,
7623,53361.0,53395.79999923706,53411.09999847412,0,15.299999237060547,50.099998474121094,53389.0,True,4,3,False,accurate,0,0,False,False,76,False,False,,,,,,,,,,,
7624,53368.0,53411.09999847412,53423.29999923706,0,12.200000762939453,55.29999923706055,53396.0,True,4,3,False,accurate,0,0,False,False,75,False,False,,,,,,,,,,,
7625,53375.0,53423.29999923706,53437.29999542236,0,13.999996185302734,62.29999542236328,53403.0,True,5,4,False,accurate,0,0,False,False,74,False,False,,,,,,,,,,,
7632,53424.0,53437.29999542236,53452.89999771118,0,15.60000228881836,28.89999771118164,53452.0,True,2,1,False,accurate,0,0,False,False,67,False,False,,,,,,,,,,,
7633,53431.0,53452.89999771118,53467.899993896484,0,14.999996185302734,36.899993896484375,53459.0,True,3,2,False,accurate,1,1,False,False,66,False,False,,,,,,,,,,,
7634,53438.0,53467.899993896484,53482.899993896484,0,15.0,44.899993896484375,53466.0,True,3,2,False,accurate,1,1,False,False,65,False,False,,,,,,,,,,,
7636,53452.0,53482.899993896484,53493.799991607666,0,10.89999771118164,41.799991607666016,53480.0,True,4,3,False,accurate,0,0,False,False,63,False,False,,,,,,,,,,,
7638,53466.0,53493.799991607666,53509.39999008179,0,15.599998474121094,43.39999008178711,53494.0,True,4,3,False,accurate,0,0,False,False,61,False,False,,,,,,,,,,,
7639,53473.0,53509.39999008179,53529.59999084473,0,20.200000762939453,56.59999084472656,53501.0,True,4,3,False,accurate,0,0,False,False,60,False,False,,,,,,,,,,,
7640,53480.0,53529.59999084473,53542.69998931885,0,13.099998474121094,62.699989318847656,53508.0,True,5,4,False,accurate,0,0,False,False,59,False,False,,,,,,,,,,,
7647,53529.0,53542.69998931885,53563.199993133545,0,20.500003814697266,34.19999313354492,53557.0,True,3,2,False,accurate,1,1,False,False,52,False,False,,,,,,,,,,,
7649,53543.0,53563.199993133545,53596.699993133545,0,33.5,53.69999313354492,53571.0,True,2,1,False,accurate,0,0,False,False,50,False,False,,,,,,,,,,,
7655,53585.0,53596.699993133545,53607.89999771118,0,11.200004577636719,22.89999771118164,53613.0,False,2,1,False,accurate,0,0,False,False,44,False,True,,,,,,,,,,,
7658,53606.0,53607.89999771118,53625.29999542236,0,17.39999771118164,19.29999542236328,53634.0,False,2,1,False,accurate,0,0,False,False,41,False,True,,,,,,,,,,,
7659,53613.0,53625.29999542236,53639.19999694824,0,13.900001525878906,26.199996948242188,53641.0,False,2,1,False,accurate,1,1,False,False,40,False,True,,,,,,,,,,,
7660,53620.0,53639.19999694824,53652.29999542236,0,13.099998474121094,32.29999542236328,53648.0,True,3,2,False,accurate,0,0,False,False,39,False,False,,,,,,,,,,,
7664,53648.0,53652.29999542236,53666.39999771118,0,14.10000228881836,18.39999771118164,53676.0,False,2,1,False,accurate,0,0,False,False,35,False,True,,,,,,,,,,,
7665,53655.0,53666.39999771118,53679.9999961853,0,13.599998474121094,24.999996185302734,53683.0,False,2,1,False,accurate,0,0,False,False,34,False,True,,,,,,,,,,,
7667,53669.0,53679.9999961853,53693.29999542236,0,13.299999237060547,24.29999542236328,53697.0,False,2,1,False,accurate,1,1,False,False,32,False,True,,,,,,,,,,,
7670,53690.0,53693.29999542236,53708.39999771118,0,15.10000228881836,18.39999771118164,53718.0,False,2,1,False,accurate,0,0,False,False,29,False,True,,,,,,,,,,,
7674,53718.0,53718.0,53733.0,0,15.0,15.0,53746.0,False,1,0,False,accurate,1,1,False,False,25,False,True,,,,,,,,,,,
7676,53732.0,53733.0,53747.70000076294,0,14.700000762939453,15.700000762939453,53760.0,False,2,1,False,accurate,0,0,False,False,23,False,True,,,,,,,,,,,
7678,53746.0,53747.70000076294,53762.20000076294,0,14.5,16.200000762939453,53774.0,False,2,1,False,accurate,0,0,False,False,21,False,True,,,,,,,,,,,
7679,53753.0,53762.20000076294,53775.69999694824,0,13.499996185302734,22.699996948242188,53781.0,False,2,1,False,accurate,0,0,False,False,20,False,True,,,,,,,,,,,
7680,53760.0,53775.69999694824,53801.199990463254,0,25.499993515014648,41.199990463253926,53788.0,True,3,2,False,accurate,0,0,False,False,19,False,False,,,,,,,,,,,
7682,53774.0,53801.199990463254,53825.49665608326,0,24.296665620009094,51.49665608326177,53802.0,True,3,2,False,accurate,1,1,False,False,17,False,False,,,,,,,,,,,
7684,53788.0,53825.49665608326,53843.54665834069,0,18.05000225742656,55.54665834068874,53816.0,True,3,2,False,accurate,0,0,False,False,15,False,False,,,,,,,,,,,
7689,53823.0,53843.54665834069,53866.69040614724,0,23.143747806549072,43.69040614723781,53851.0,True,3,2,False,accurate,1,1,False,False,10,False,False,,,,,,,,,,,
7692,53844.0,53866.69040614724,53886.13040820717,0,19.440002059936525,42.13040820717288,53872.0,True,2,1,False,accurate,1,1,False,False,7,False,False,,,,,,,,,,,
7694,53858.0,53886.13040820717,53903.8262424307,0,17.6958342235287,45.82624243070313,53886.0,True,3,2,False,accurate,1,1,False,False,5,False,False,,,,,,,,,,,
7701,53907.0,53907.0,53920.3762491703,0,13.376249170303344,13.37624917030189,53935.0,False,1,0,False,accurate,1,1,False,False,98,False,True,,,,,,,,,,,
7703,53921.0,53921.0,53937.363751584206,0,16.363751584204536,16.363751584205602,53949.0,False,1,0,False,accurate,1,1,False,False,96,False,True,,,,,,,,,,,
7704,53928.0,53937.363751584206,53949.763753110085,0,12.400001525878906,21.763753110084508,53956.0,False,2,1,False,accurate,0,0,False,False,95,False,True,,,,,,,,,,,
7705,53935.0,53949.763753110085,53969.26374929539,0,19.499996185302734,34.26374929538724,53963.0,True,3,2,False,accurate,0,0,False,False,94,False,False,,,,,,,,,,,
7707,53949.0,53969.26374929539,53984.163750821266,0,14.900001525878906,35.16375082126615,53977.0,True,3,2,False,accurate,0,0,False,False,92,False,False,,,,,,,,,,,
7710,53970.0,53984.163750821266,53997.963753873024,0,13.800003051757812,27.96375387302396,53998.0,False,2,1,False,accurate,1,1,False,False,89,False,True,,,,,,,,,,,
7711,53977.0,53997.963753873024,54010.163750821266,0,12.199996948242188,33.16375082126615,54005.0,True,3,2,False,accurate,0,0,False,False,88,False,False,,,,,,,,,,,
7712,53984.0,54010.163750821266,54025.26374929539,0,15.099998474121094,41.26374929538724,54012.0,True,4,3,False,accurate,0,0,False,False,87,False,False,,,,,,,,,,,
7713,53991.0,54025.26374929539,54037.46375005833,0,12.200000762939453,46.463750058326696,54019.0,True,4,3,False,accurate,0,0,False,False,86,False,False,,,,,,,,,,,
7715,54005.0,54037.46375005833,54052.063752347145,0,14.60000228881836,47.063752347145055,54033.0,True,4,3,False,accurate,1,1,False,False,84,False,False,,,,,,,,,,,
7716,54012.0,54052.063752347145,54064.363751584206,0,12.299999237060547,52.3637515842056,54040.0,True,4,3,False,accurate,0,0,False,False,83,False,False,,,,,,,,,,,
7722,54054.0,54064.363751584206,54080.46375005833,0,16.099998474121094,26.463750058326696,54082.0,False,2,1,False,accurate,0,0,False,False,77,False,True,,,,,,,,,,,
7725,54075.0,54080.46375005833,54093.963753873024,0,13.500003814697266,18.96375387302396,54103.0,False,2,1,False,accurate,0,0,False,False,74,False,True,,,,,,,,,,,
7727,54089.0,54093.963753873024,54113.263753110085,0,19.299999237060547,24.263753110084508,54117.0,False,2,1,False,accurate,0,0,False,False,72,False,True,,,,,,,,,,,
7728,54096.0,54113.263753110085,54132.3637553989,0,19.10000228881836,36.36375539890287,54124.0,True,2,1,False,accurate,0,0,False,False,71,False,False,,,,,,,,,,,
7730,54110.0,54132.3637553989,54146.26375692478,0,13.900001525878906,36.263756924781774,54138.0,True,3,2,False,accurate,0,0,False,False,69,False,False,,,,,,,,,,,
7734,54138.0,54146.26375692478,54162.76375692478,0,16.5,24.763756924781774,54166.0,False,2,1,False,accurate,0,0,False,False,65,False,True,,,,,,,,,,,
7735,54145.0,54162.76375692478,54176.56375997654,0,13.800003051757812,31.563759976539586,54173.0,True,3,2,False,accurate,1,1,False,False,64,False,False,,,,,,,,,,,
7737,54159.0,54176.56375997654,54192.76376073948,0,16.200000762939453,33.76376073947904,54187.0,True,3,2,False,accurate,0,0,False,False,62,False,False,,,,,,,,,,,
7739,54173.0,54192.76376073948,54207.463765317116,0,14.700004577636719,34.46376531711576,54201.0,True,3,2,False,accurate,0,0,False,False,60,False,False,,,,,,,,,,,
7742,54194.0,54207.463765317116,54219.663766080055,0,12.200000762939453,25.66376608005521,54222.0,False,2,1,False,accurate,0,0,False,False,57,False,True,,,,,,,,,,,
7743,54201.0,54219.663766080055,54230.363766842995,0,10.700000762939453,29.363766842994664,54229.0,True,3,2,False,accurate,0,0,False,False,56,False,False,,,,,,,,,,,
7744,54208.0,54230.363766842995,54243.263764554176,0,12.89999771118164,35.263764554176305,54236.0,True,3,2,False,accurate,0,0,False,False,55,False,False,,,,,,,,,,,
7745,54215.0,54243.263764554176,54257.863766842995,0,14.60000228881836,42.863766842994664,54243.0,True,4,3,False,accurate,0,0,False,False,54,False,False,,,,,,,,,,,
7747,54229.0,54257.863766842995,54270.463765317116,0,12.599998474121094,41.46376531711576,54257.0,True,4,3,False,accurate,0,0,False,False,52,False,False,,,,,,,,,,,
7749,54243.0,54270.463765317116,54282.363766842995,0,11.900001525878906,39.363766842994664,54271.0,True,4,3,False,accurate,1,1,False,False,50,False,False,,,,,,,,,,,
7753,54271.0,54282.363766842995,54294.36377065769,0,12.000003814697266,23.36377065769193,54299.0,False,2,1,False,accurate,1,1,False,False,46,False,True,,,,,,,,,,,
7755,54285.0,54294.36377065769,54306.56377523533,0,12.200004577636719,21.56377523532865,54313.0,False,2,1,False,accurate,0,0,False,False,44,False,True,,,,,,,,,,,
7756,54292.0,54306.56377523533,54318.46377676121,0,11.900001525878906,26.463776761207555,54320.0,False,3,2,False,accurate,1,1,False,False,43,False,True,,,,,,,,,,,
7757,54299.0,54318.46377676121,54331.46377676121,0,13.0,32.463776761207555,54327.0,True,3,2,False,accurate,1,1,False,False,42,False,False,,,,,,,,,,,
7758,54306.0,54331.46377676121,54345.56377523533,0,14.099998474121094,39.56377523532865,54334.0,True,4,3,False,accurate,0,0,False,False,41,False,False,,,,,,,,,,,
7759,54313.0,54345.56377523533,54359.96377676121,0,14.400001525878906,46.963776761207555,54341.0,True,4,3,False,accurate,1,1,False,False,40,False,False,,,,,,,,,,,
7760,54320.0,54359.96377676121,54373.76377599827,0,13.799999237060547,53.7637759982681,54348.0,True,4,3,False,accurate,0,0,False,False,39,False,False,,,,,,,,,,,
7764,54348.0,54373.76377599827,54385.56377523533,0,11.799999237060547,37.56377523532865,54376.0,True,3,2,False,accurate,0,0,False,False,35,False,False,,,,,,,,,,,
7766,54362.0,54385.56377523533,54398.46377676121,0,12.900001525878906,36.463776761207555,54390.0,True,3,2,False,accurate,0,0,False,False,33,False,False,,,,,,,,,,,
7767,54369.0,54398.46377676121,54412.26377599827,0,13.799999237060547,43.2637759982681,54397.0,True,4,3,False,accurate,0,0,False,False,32,False,False,,,,,,,,,,,
7777,54439.0,54439.0,54452.599994659424,0,13.599994659423828,13.599994659423828,54467.0,False,1,0,False,accurate,1,1,False,False,22,False,True,,,,,,,,,,,
7780,54460.0,54460.0,54473.40000152588,0,13.400001525878906,13.400001525878906,54488.0,False,1,0,False,accurate,1,1,False,False,19,False,True,,,,,,,,,,,
7783,54481.0,54481.0,54498.09999847412,0,17.099998474121094,17.099998474121094,54509.0,False,1,0,False,accurate,1,1,False,False,16,False,True,,,,,,,,,,,
7784,54488.0,54498.09999847412,54511.30000305176,0,13.200004577636719,23.300003051757812,54516.0,False,2,1,False,accurate,0,0,False,False,15,False,True,,,,,,,,,,,
7786,54502.0,54511.30000305176,54529.80000305176,0,18.5,27.800003051757812,54530.0,False,2,1,False,accurate,0,0,False,False,13,False,True,,,,,,,,,,,
7792,54544.0,54544.0,54556.79999923706,0,12.799999237060547,12.799999237060547,54572.0,False,1,0,False,accurate,0,0,False,False,7,False,True,,,,,,,,,,,
7795,54565.0,54565.0,54581.29999923706,0,16.299999237060547,16.299999237060547,54593.0,False,1,0,False,accurate,1,1,False,False,4,False,True,,,,,,,,,,,
7797,54579.0,54581.29999923706,54593.40000152588,0,12.10000228881836,14.400001525878906,54607.0,False,2,1,False,accurate,0,0,False,False,2,True,True,,,,,,,,,,,
7800,54600.0,54600.0,54612.20000457764,0,12.200004577636719,12.200004577636719,54628.0,False,1,0,False,accurate,0,0,False,False,99,False,True,,,,,,,,,,,
7801,54607.0,54612.20000457764,54627.20000457764,0,15.0,20.20000457763672,54635.0,False,2,1,False,accurate,0,0,False,False,98,False,True,,,,,,,,,,,
7802,54614.0,54627.20000457764,54641.100006103516,0,13.900001525878906,27.100006103515625,54642.0,False,2,1,False,accurate,0,0,False,False,97,False,True,,,,,,,,,,,
7804,54628.0,54641.100006103516,54653.00001144409,0,11.900005340576172,25.000011444091797,54656.0,False,2,1,False,accurate,0,0,False,False,95,False,True,,,,,,,,,,,
7805,54635.0,54653.00001144409,54666.60000991821,0,13.599998474121094,31.60000991821289,54663.0,True,3,2,False,accurate,0,0,False,False,94,False,False,,,,,,,,,,,
7806,54642.0,54666.60000991821,54681.80001068115,0,15.200000762939453,39.800010681152344,54670.0,True,3,2,False,accurate,0,0,False,False,93,False,False,,,,,,,,,,,
7812,54684.0,54684.0,54695.59999847412,0,11.599998474121094,11.599998474121094,54712.0,False,1,0,False,accurate,0,0,False,False,87,False,True,,,,,,,,,,,
7816,54712.0,54712.0,54727.5,0,15.5,15.5,54740.0,False,1,0,False,accurate,1,1,False,False,83,False,True,,,,,,,,,,,
7818,54726.0,54727.5,54742.19999694824,0,14.699996948242188,16.199996948242188,54754.0,False,2,1,False,accurate,0,0,False,False,81,False,True,,,,,,,,,,,
7820,54740.0,54742.19999694824,54758.9999961853,0,16.799999237060547,18.999996185302734,54768.0,False,2,1,False,accurate,0,0,False,False,79,False,True,,,,,,,,,,,
7824,54768.0,54768.0,54781.5,0,13.5,13.5,54796.0,False,1,0,False,accurate,1,1,False,False,75,False,True,,,,,,,,,,,
7827,54789.0,54789.0,54821.0,0,32.0,32.0,54817.0,True,1,0,False,accurate,1,1,False,False,72,False,False,,,,,,,,,,,
7830,54810.0,54821.0,54835.40000152588,0,14.400001525878906,25.400001525878906,54838.0,False,2,1,False,accurate,1,1,False,False,69,False,True,,,,,,,,,,,
7834,54838.0,54838.0,54852.40000152588,0,14.400001525878906,14.400001525878906,54866.0,False,1,0,False,accurate,0,0,False,False,65,False,True,,,,,,,,,,,
7835,54845.0,54852.40000152588,54865.40000152588,0,13.0,20.400001525878906,54873.0,False,2,1,False,accurate,0,0,False,False,64,False,True,,,,,,,,,,,
7842,54894.0,54894.0,54920.92332980395,0,26.923329803943602,26.923329803947126,54922.0,False,1,0,False,accurate,1,1,False,False,57,False,True,,,,,,,,,,,
7847,54929.0,54929.0,54948.29625210305,0,19.296252103050527,19.296252103049483,54957.0,False,1,0,False,accurate,0,0,False,False,52,False,True,,,,,,,,,,,
7850,54950.0,54950.0,54971.12499441902,0,21.12499441901848,21.124994419020368,54978.0,False,1,0,False,accurate,0,0,False,False,49,False,True,,,,,,,,,,,
7856,54992.0,54992.0,55008.896667702895,0,16.896667702893424,16.896667702894774,55020.0,False,1,0,False,accurate,0,0,False,False,43,False,True,,,,,,,,,,,
7861,55027.0,55027.0,55043.20375165939,0,16.20375165939331,16.203751659391855,55055.0,False,1,0,False,accurate,0,0,False,False,38,False,True,,,,,,,,,,,
7862,55034.0,55043.20375165939,55058.020418350396,0,14.816666691005228,24.02041835039563,55062.0,False,2,1,False,accurate,0,0,False,False,37,False,True,,,,,,,,,,,
7864,55048.0,55058.020418350396,55072.92041606158,0,14.89999771118164,24.92041606157727,55076.0,False,2,1,False,accurate,0,0,False,False,35,False,True,,,,,,,,,,,
7865,55055.0,55072.92041606158,55086.22041529864,0,13.299999237060547,31.220415298637818,55083.0,True,3,2,False,accurate,0,0,False,False,34,False,False,,,,,,,,,,,
7868,55076.0,55086.22041529864,55101.72041529864,0,15.5,25.720415298637818,55104.0,False,2,1,False,accurate,1,1,False,False,31,False,True,,,,,,,,,,,
7869,55083.0,55101.72041529864,55113.62041682452,0,11.900001525878906,30.620416824516724,55111.0,True,3,2,False,accurate,0,0,False,False,30,False,False,,,,,,,,,,,
7872,55104.0,55113.62041682452,55125.720419113335,0,12.10000228881836,21.720419113335083,55132.0,False,2,1,False,accurate,0,0,False,False,27,False,True,,,,,,,,,,,
7873,55111.0,55125.720419113335,55140.22042292803,0,14.500003814697266,29.22042292803235,55139.0,True,3,2,False,accurate,1,1,False,False,26,False,False,,,,,,,,,,,
7874,55118.0,55140.22042292803,55154.22042674273,0,14.000003814697266,36.220426742729614,55146.0,True,3,2,False,accurate,0,0,False,False,25,False,False,,,,,,,,,,,
7875,55125.0,55154.22042674273,55166.12042445391,0,11.89999771118164,41.120424453911255,55153.0,True,4,3,False,accurate,1,1,False,False,24,False,False,,,,,,,,,,,
7876,55132.0,55166.12042445391,55179.52042597979,0,13.400001525878906,47.52042597979016,55160.0,True,4,3,False,accurate,1,1,False,False,23,False,False,,,,,,,,,,,
7880,55160.0,55179.52042597979,55255.02042597979,0,75.5,95.02042597979016,55188.0,True,3,2,False,accurate,0,0,False,False,19,False,False,,,,,,,,,,,
7881,55167.0,55255.02042597979,55271.12042445391,0,16.099998474121094,104.12042445391126,55195.0,True,3,2,False,accurate,0,0,False,False,18,False,False,,,,,,,,,,,
7886,55202.0,55271.12042445391,55291.22042674273,0,20.10000228881836,89.22042674272961,55230.0,True,3,2,False,accurate,0,0,False,False,13,False,False,,,,,,,,,,,
7888,55216.0,55291.22042674273,55314.32042521685,0,23.099998474121094,98.32042521685071,55244.0,True,4,3,False,accurate,0,0,False,False,11,False,False,,,,,,,,,,,
7891,55237.0,55314.32042521685,55326.02042216509,0,11.699996948242188,89.0204221650929,55265.0,True,5,4,False,accurate,0,0,False,False,8,False,False,,,,,,,,,,,
7893,55251.0,55326.02042216509,55339.72042292803,0,13.700000762939453,88.72042292803235,55279.0,True,6,5,True,accurate,0,0,False,False,6,False,False,,,,,,,,,,,
7902,55314.0,55339.72042292803,55362.92042750567,0,23.20000457763672,48.92042750566907,55342.0,True,4,3,False,accurate,1,1,False,False,97,False,False,,,,,,,,,,,
7905,55335.0,55362.92042750567,55377.32042903155,0,14.400001525878906,42.320429031547974,55363.0,True,3,2,False,accurate,0,0,False,False,94,False,False,,,,,,,,,,,
7906,55342.0,55377.32042903155,55395.62042826861,0,18.299999237060547,53.62042826860852,55370.0,True,3,2,False,accurate,0,0,False,False,93,False,False,,,,,,,,,,,
7907,55349.0,55395.62042826861,55407.62042826861,0,12.0,58.62042826860852,55377.0,True,4,3,False,accurate,1,1,False,False,92,False,False,,,,,,,,,,,
7911,55377.0,55407.62042826861,55421.42042750567,0,13.799999237060547,44.42042750566907,55405.0,True,4,3,False,accurate,1,1,False,False,88,False,False,,,,,,,,,,,
7912,55384.0,55421.42042750567,55432.82042521685,0,11.39999771118164,48.82042521685071,55412.0,True,4,3,False,accurate,0,0,False,False,87,False,False,,,,,,,,,,,
7913,55391.0,55432.82042521685,55443.92042750567,0,11.10000228881836,52.92042750566907,55419.0,True,5,4,False,accurate,0,0,False,False,86,False,False,,,,,,,,,,,
7914,55398.0,55443.92042750567,55455.52042979449,0,11.60000228881836,57.52042979448743,55426.0,True,5,4,False,accurate,0,0,False,False,85,False,False,,,,,,,,,,,
7917,55419.0,55455.52042979449,55469.120432083306,0,13.60000228881836,50.120432083305786,55447.0,True,5,4,False,accurate,1,1,False,False,82,False,False,,,,,,,,,,,
7925,55475.0,55475.0,55486.5,0,11.5,11.5,55503.0,False,1,0,False,accurate,0,0,False,False,74,False,True,,,,,,,,,,,
7929,55503.0,55503.0,55517.59999847412,0,14.599998474121094,14.599998474121094,55531.0,False,1,0,False,accurate,1,1,False,False,70,False,True,,,,,,,,,,,
7931,55517.0,55517.59999847412,55531.89999771118,0,14.299999237060547,14.89999771118164,55545.0,False,2,1,False,accurate,0,0,False,False,68,False,True,,,,,,,,,,,
7935,55545.0,55545.0,55558.19999694824,0,13.199996948242188,13.199996948242188,55573.0,False,1,0,False,accurate,0,0,False,False,64,False,True,,,,,,,,,,,
7939,55573.0,55573.0,55586.5,0,13.5,13.5,55601.0,False,1,0,False,accurate,1,1,False,False,60,False,True,,,,,,,,,,,
7940,55580.0,55586.5,55601.0000038147,0,14.500003814697266,21.000003814697266,55608.0,False,2,1,False,accurate,0,0,False,False,59,False,True,,,,,,,,,,,
7943,55601.0,55601.0000038147,55613.40000152588,0,12.39999771118164,12.400001525878906,55629.0,False,2,1,False,accurate,0,0,False,False,56,False,True,,,,,,,,,,,
7944,55608.0,55613.40000152588,55632.0000038147,0,18.60000228881836,24.000003814697266,55636.0,False,2,1,False,accurate,0,0,False,False,55,False,True,,,,,,,,,,,
7945,55615.0,55632.0000038147,55646.60000228882,0,14.599998474121094,31.60000228881836,55643.0,True,2,1,False,accurate,0,0,False,False,54,False,False,,,,,,,,,,,
7947,55629.0,55646.60000228882,55660.600006103516,0,14.000003814697266,31.600006103515625,55657.0,True,3,2,False,accurate,0,0,False,False,52,False,False,,,,,,,,,,,
7948,55636.0,55660.600006103516,55675.400005340576,0,14.799999237060547,39.40000534057617,55664.0,True,3,2,False,accurate,0,0,False,False,51,False,False,,,,,,,,,,,
7950,55650.0,55675.400005340576,55688.800006866455,0,13.400001525878906,38.80000686645508,55678.0,True,3,2,False,accurate,0,0,False,False,49,False,False,,,,,,,,,,,
7953,55671.0,55688.800006866455,55703.10000991821,0,14.300003051757812,32.10000991821289,55699.0,True,3,2,False,accurate,0,0,False,False,46,False,False,,,,,,,,,,,
7957,55699.0,55703.10000991821,55717.40000915527,0,14.299999237060547,18.400009155273438,55727.0,False,2,1,False,accurate,1,1,False,False,42,False,True,,,,,,,,,,,
7959,55713.0,55717.40000915527,55732.700008392334,0,15.299999237060547,19.700008392333984,55741.0,False,2,1,False,accurate,0,0,False,False,40,False,True,,,,,,,,,,,
7964,55748.0,55748.0,55761.79999923706,0,13.799999237060547,13.799999237060547,55776.0,False,1,0,False,accurate,0,0,False,False,35,False,True,,,,,,,,,,,
7967,55769.0,55769.0,55780.5,0,11.5,11.5,55797.0,False,1,0,False,accurate,0,0,False,False,32,False,True,,,,,,,,,,,
7969,55783.0,55783.0,55794.79999923706,0,11.799999237060547,11.799999237060547,55811.0,False,1,0,False,accurate,0,0,False,False,30,False,True,,,,,,,,,,,
7970,55790.0,55794.79999923706,55807.0,0,12.200000762939453,17.0,55818.0,False,2,1,False,accurate,0,0,False,False,29,False,True,,,,,,,,,,,
7971,55797.0,55807.0,55818.29999923706,0,11.299999237060547,21.299999237060547,55825.0,False,2,1,False,accurate,0,0,False,False,28,False,True,,,,,,,,,,,
7973,55811.0,55818.29999923706,55831.09999847412,0,12.799999237060547,20.099998474121094,55839.0,False,2,1,False,accurate,0,0,False,False,26,False,True,,,,,,,,,,,
7975,55825.0,55831.09999847412,55847.89999771118,0,16.799999237060547,22.89999771118164,55853.0,False,2,1,False,accurate,1,1,False,False,24,False,True,,,,,,,,,,,
7978,55846.0,55847.89999771118,55864.89999771118,0,17.0,18.89999771118164,55874.0,False,2,1,False,accurate,0,0,False,False,21,False,True,,,,,,,,,,,
7981,55867.0,55867.0,55880.39999771118,0,13.39999771118164,13.39999771118164,55895.0,False,1,0,False,accurate,0,0,False,False,18,False,True,,,,,,,,,,,
7982,55874.0,55880.39999771118,55892.899993896484,0,12.499996185302734,18.899993896484375,55902.0,False,2,1,False,accurate,0,0,False,False,17,False,True,,,,,,,,,,,
7984,55888.0,55892.899993896484,55912.099994659424,0,19.200000762939453,24.099994659423828,55916.0,False,2,1,False,accurate,0,0,False,False,15,False,True,,,,,,,,,,,
7986,55902.0,55912.099994659424,55925.199993133545,0,13.099998474121094,23.199993133544922,55930.0,False,2,1,False,accurate,0,0,False,False,13,False,True,,,,,,,,,,,
7988,55916.0,55925.199993133545,55936.699993133545,0,11.5,20.699993133544922,55944.0,False,2,1,False,accurate,0,0,False,False,11,False,True,,,,,,,,,,,
7989,55923.0,55936.699993133545,55955.39999008179,0,18.699996948242188,32.39999008178711,55951.0,True,3,2,False,accurate,0,0,False,False,10,False,False,,,,,,,,,,,
7991,55937.0,55955.39999008179,55966.39999008179,0,11.0,29.39999008178711,55965.0,True,2,1,False,accurate,0,0,False,False,8,False,False,,,,,,,,,,,
7992,55944.0,55966.39999008179,55978.59998703003,0,12.199996948242188,34.5999870300293,55972.0,True,3,2,False,accurate,1,1,False,False,7,False,False,,,,,,,,,,,
7994,55958.0,55978.59998703003,55990.89998626709,0,12.299999237060547,32.899986267089844,55986.0,True,3,2,False,accurate,1,1,False,False,5,False,False,,,,,,,,,,,
7997,55979.0,55990.89998626709,56003.19998550415,0,12.299999237060547,24.19998550415039,56007.0,False,2,1,False,accurate,0,0,False,False,2,True,True,,,,,,,,,,,
8000,56000.0,56003.19998550415,56027.50998420715,0,24.30999870300293,27.50998420715041,56028.0,False,2,1,False,accurate,0,0,False,False,99,False,True,,,,,,,,,,,
8003,56021.0,56027.50998420715,56052.50373420715,0,24.99375,31.503734207151865,56049.0,True,2,1,False,accurate,0,0,False,False,96,False,False,,,,,,,,,,,
8004,56028.0,56052.50373420715,56074.19540189127,0,21.691667684117945,46.19540189127292,56056.0,True,2,1,False,accurate,0,0,False,False,95,False,False,,,,,,,,,,,
8007,56049.0,56074.19540189127,56091.09831725955,0,16.90291536827883,42.09831725955155,56077.0,True,3,2,False,accurate,0,0,False,False,92,False,False,,,,,,,,,,,
8008,56056.0,56091.09831725955,56118.96497859558,0,27.86666133602455,62.96497859557712,56084.0,True,3,2,False,accurate,1,1,False,False,91,False,False,,,,,,,,,,,
8011,56077.0,56118.96497859558,56137.99747773528,0,19.032499139706285,60.99747773528361,56105.0,True,3,2,False,accurate,1,1,False,False,88,False,False,,,,,,,,,,,
8013,56091.0,56137.99747773528,56153.84747781873,0,15.850000083446503,62.84747781873011,56119.0,True,4,3,False,accurate,0,0,False,False,86,False,False,,,,,,,,,,,
8014,56098.0,56153.84747781873,56170.509974772634,0,16.662496953904647,72.50997477263445,56126.0,True,4,3,False,accurate,0,0,False,False,85,False,False,,,,,,,,,,,
8019,56133.0,56170.509974772634,56185.634971229934,0,15.124996457298606,52.63497122993431,56161.0,True,4,3,False,accurate,0,0,False,False,80,False,False,,,,,,,,,,,
8023,56161.0,56185.634971229934,56215.89246889992,0,30.257497669979927,54.89246889991773,56189.0,True,3,2,False,accurate,1,1,False,False,76,False,False,,,,,,,,,,,
8027,56189.0,56215.89246889992,56236.49246737404,0,20.599998474121094,47.492467374038824,56217.0,True,2,1,False,accurate,1,1,False,False,72,False,False,,,,,,,,,,,
8029,56203.0,56236.49246737404,56247.49246737404,0,11.0,44.492467374038824,56231.0,True,3,2,False,accurate,0,0,False,False,70,False,False,,,,,,,,,,,
8031,56217.0,56247.49246737404,56260.7924666111,0,13.299999237060547,43.79246661109937,56245.0,True,3,2,False,accurate,0,0,False,False,68,False,False,,,,,,,,,,,
8032,56224.0,56260.7924666111,56277.39246508522,0,16.599998474121094,53.392465085220465,56252.0,True,4,3,False,accurate,0,0,False,False,67,False,False,,,,,,,,,,,
8034,56238.0,56277.39246508522,56294.09246203346,0,16.699996948242188,56.09246203346265,56266.0,True,4,3,False,accurate,0,0,False,False,65,False,False,,,,,,,,,,,
8038,56266.0,56294.09246203346,56313.09246203346,0,19.0,47.09246203346265,56294.0,True,3,2,False,accurate,1,1,False,False,61,False,False,,,,,,,,,,,
8039,56273.0,56313.09246203346,56327.89246127052,0,14.799999237060547,54.8924612705232,56301.0,True,4,3,False,accurate,0,0,False,False,60,False,False,,,,,,,,,,,
8040,56280.0,56327.89246127052,56342.49246355934,0,14.60000228881836,62.49246355934156,56308.0,True,4,3,False,accurate,0,0,False,False,59,False,False,,,,,,,,,,,
8042,56294.0,56342.49246355934,56357.992459744644,0,15.499996185302734,63.99245974464429,56322.0,True,5,4,False,accurate,1,1,False,False,57,False,False,,,,,,,,,,,
8045,56315.0,56357.992459744644,56373.592458218765,0,15.599998474121094,58.59245821876539,56343.0,True,4,3,False,accurate,1,1,False,False,54,False,False,,,,,,,,,,,
8046,56322.0,56373.592458218765,56392.692460507584,0,19.10000228881836,70.69246050758375,56350.0,True,5,4,False,accurate,1,1,False,False,53,False,False,,,,,,,,,,,
8048,56336.0,56392.692460507584,56403.7924627964,0,11.10000228881836,67.7924627964021,56364.0,True,5,4,False,accurate,0,0,False,False,51,False,False,,,,,,,,,,,
8050,56350.0,56403.7924627964,56414.192460507584,0,10.39999771118164,64.19246050758375,56378.0,True,5,4,False,accurate,0,0,False,False,49,False,False,,,,,,,,,,,
8051,56357.0,56414.192460507584,56430.792458981705,0,16.599998474121094,73.79245898170484,56385.0,True,6,5,True,accurate,0,0,False,False,48,False,False,,,,,,,,,,,
8053,56371.0,56430.792458981705,56444.49245592995,0,13.699996948242188,73.49245592994703,56399.0,True,6,5,True,accurate,0,0,False,False,46,False,False,,,,,,,,,,,
8055,56385.0,56444.49245592995,56456.59245440407,0,12.099998474121094,71.59245440406812,56413.0,True,6,5,True,accurate,1,1,False,False,44,False,False,,,,,,,,,,,
8058,56406.0,56456.59245440407,56474.69245287819,0,18.099998474121094,68.69245287818921,56434.0,True,5,4,False,accurate,1,1,False,False,41,False,False,,,,,,,,,,,
8059,56413.0,56474.69245287819,56485.99245211525,0,11.299999237060547,72.99245211524976,56441.0,True,6,5,True,accurate,0,0,False,False,40,False,False,,,,,,,,,,,
8060,56420.0,56485.99245211525,56504.29245135231,0,18.299999237060547,84.29245135231031,56448.0,True,6,5,True,accurate,1,1,False,False,39,False,False,,,,,,,,,,,
8061,56427.0,56504.29245135231,56519.59245440407,0,15.300003051757812,92.59245440406812,56455.0,True,7,6,True,accurate,0,0,False,False,38,False,False,,,,,,,,,,,
8063,56441.0,56519.59245440407,56535.99245211525,0,16.39999771118164,94.99245211524976,56469.0,True,7,6,True,accurate,0,0,False,False,36,False,False,,,,,,,,,,,
8065,56455.0,56535.99245211525,56549.09245058937,0,13.099998474121094,94.09245058937086,56483.0,True,7,6,True,accurate,0,0,False,False,34,False,False,,,,,,,,,,,
8067,56469.0,56549.09245058937,56568.19244906349,0,19.099998474121094,99.19244906349195,56497.0,True,7,6,True,accurate,0,0,False,False,32,False,False,,,,,,,,,,,
8069,56483.0,56568.19244906349,56579.69244906349,0,11.5,96.69244906349195,56511.0,True,7,6,True,accurate,0,0,False,False,30,False,False,,,,,,,,,,,
8071,56497.0,56579.69244906349,56591.692445248795,0,11.999996185302734,94.69244524879468,56525.0,True,7,6,True,accurate,1,1,False,False,28,False,False,,,,,,,,,,,
8075,56525.0,56591.692445248795,56603.992444485855,0,12.299999237060547,78.99244448585523,56553.0,True,6,5,True,accurate,1,1,False,False,24,False,False,,,,,,,,,,,
8083,56581.0,56603.992444485855,56616.792443722916,0,12.799999237060547,35.79244372291578,56609.0,True,3,2,False,accurate,0,0,False,False,16,False,False,,,,,,,,,,,
8089,56623.0,56623.0,56642.20000076294,0,19.200000762939453,19.200000762939453,56651.0,False,1,0,False,accurate,0,0,False,False,10,False,True,,,,,,,,,,,
8090,56630.0,56642.20000076294,56656.69999694824,0,14.499996185302734,26.699996948242188,56658.0,False,2,1,False,accurate,0,0,False,False,9,False,True,,,,,,,,,,,
8091,56637.0,56656.69999694824,56670.9999961853,0,14.299999237060547,33.999996185302734,56665.0,True,3,2,False,accurate,0,0,False,False,8,False,False,,,,,,,,,,,
8093,56651.0,56670.9999961853,56684.0,0,13.000003814697266,33.0,56679.0,True,3,2,False,accurate,0,0,False,False,6,False,False,,,,,,,,,,,
8094,56658.0,56684.0,56697.90000152588,0,13.900001525878906,39.900001525878906,56686.0,True,3,2,False,accurate,1,1,False,False,5,False,False,,,,,,,,,,,
8099,56693.0,56697.90000152588,56711.0,0,13.099998474121094,18.0,56721.0,False,2,1,False,accurate,0,0,False,True,0,True,True,,,,,,,,,,,
8100,56700.0,56711.0,56733.20000076294,0,22.200000762939453,33.20000076293945,56728.0,True,2,1,False,accurate,1,1,False,False,99,False,False,,,,,,,,,,,
8102,56714.0,56733.20000076294,56753.79999923706,0,20.599998474121094,39.79999923706055,56742.0,True,2,1,False,accurate,0,0,False,False,97,False,False,,,,,,,,,,,
8104,56728.0,56753.79999923706,56766.0,0,12.200000762939453,38.0,56756.0,True,3,2,False,accurate,0,0,False,False,95,False,False,,,,,,,,,,,
8105,56735.0,56766.0,56781.40000152588,0,15.400001525878906,46.400001525878906,56763.0,True,3,2,False,accurate,0,0,False,False,94,False,False,,,,,,,,,,,
8112,56784.0,56784.0,56796.20000076294,0,12.200000762939453,12.200000762939453,56812.0,False,1,0,False,accurate,0,0,False,False,87,False,True,,,,,,,,,,,
8118,56826.0,56826.0,56849.69999694824,0,23.699996948242188,23.699996948242188,56854.0,False,1,0,False,accurate,0,0,False,False,81,False,True,,,,,,,,,,,
8120,56840.0,56849.69999694824,56863.5,0,13.800003051757812,23.5,56868.0,False,2,1,False,accurate,0,0,False,False,79,False,True,,,,,,,,,,,
8121,56847.0,56863.5,56877.5,0,14.0,30.5,56875.0,True,3,2,False,accurate,0,0,False,False,78,False,False,,,,,,,,,,,
8122,56854.0,56877.5,56893.40000152588,0,15.900001525878906,39.400001525878906,56882.0,True,3,2,False,accurate,1,1,False,False,77,False,False,,,,,,,,,,,
8123,56861.0,56893.40000152588,56909.79999923706,0,16.39999771118164,48.79999923706055,56889.0,True,4,3,False,accurate,0,0,False,False,76,False,False,,,,,,,,,,,
8124,56868.0,56909.79999923706,56932.099994659424,0,22.29999542236328,64.09999465942383,56896.0,True,4,3,False,accurate,1,1,False,False,75,False,False,,,,,,,,,,,
8126,56882.0,56932.099994659424,56944.79999542236,0,12.700000762939453,62.79999542236328,56910.0,True,4,3,False,accurate,0,0,False,False,73,False,False,,,,,,,,,,,
8129,56903.0,56944.79999542236,56956.9999961853,0,12.200000762939453,53.999996185302734,56931.0,True,4,3,False,accurate,0,0,False,False,70,False,False,,,,,,,,,,,
8131,56917.0,56956.9999961853,56974.9999961853,0,18.0,57.999996185302734,56945.0,True,4,3,False,accurate,1,1,False,False,68,False,False,,,,,,,,,,,
8134,56938.0,56974.9999961853,56988.09999847412,0,13.10000228881836,50.099998474121094,56966.0,True,4,3,False,accurate,0,0,False,False,65,False,False,,,,,,,,,,,
8136,56952.0,56988.09999847412,57001.5,0,13.400001525878906,49.5,56980.0,True,4,3,False,accurate,0,0,False,False,63,False,False,,,,,,,,,,,
8137,56959.0,57001.5,57013.900005340576,0,12.400005340576172,54.90000534057617,56987.0,True,4,3,False,accurate,0,0,False,False,62,False,False,,,,,,,,,,,
8142,56994.0,57013.900005340576,57025.800006866455,0,11.900001525878906,31.800006866455078,57022.0,True,3,2,False,accurate,0,0,False,False,57,False,False,,,,,,,,,,,
8145,57015.0,57025.800006866455,57040.900005340576,0,15.099998474121094,25.900005340576172,57043.0,False,2,1,False,accurate,0,0,False,False,54,False,True,,,,,,,,,,,
8146,57022.0,57040.900005340576,57057.400005340576,0,16.5,35.40000534057617,57050.0,True,3,2,False,accurate,1,1,False,False,53,False,False,,,,,,,,,,,
8148,57036.0,57057.400005340576,57069.30000305176,0,11.89999771118164,33.30000305175781,57064.0,True,3,2,False,accurate,0,0,False,False,51,False,False,,,,,,,,,,,
8152,57064.0,57069.30000305176,57081.0,0,11.699996948242188,17.0,57092.0,False,2,1,False,accurate,0,0,False,False,47,False,True,,,,,,,,,,,
8158,57106.0,57106.0,57123.29999542236,0,17.29999542236328,17.29999542236328,57134.0,False,1,0,False,accurate,0,0,False,False,41,False,True,,,,,,,,,,,
8159,57113.0,57123.29999542236,57150.39999771118,0,27.10000228881836,37.39999771118164,57141.0,True,2,1,False,accurate,1,1,False,False,40,False,False,,,,,,,,,,,
8160,57120.0,57150.39999771118,57174.87999382019,0,24.479996109008788,54.879993820191885,57148.0,True,3,2,False,accurate,0,0,False,False,39,False,False,,,,,,,,,,,
8161,57127.0,57174.87999382019,57199.9424999853,0,25.062506165107038,72.94249998529995,57155.0,True,3,2,False,accurate,0,0,False,False,38,False,False,,,,,,,,,,,
8166,57162.0,57199.9424999853,57221.444997658335,0,21.502497673034668,59.444997658334614,57190.0,True,3,2,False,accurate,0,0,False,False,33,False,False,,,,,,,,,,,
8167,57169.0,57221.444997658335,57240.591663005755,0,19.146665347417205,71.59166300575453,57197.0,True,4,3,False,accurate,0,0,False,False,32,False,False,,,,,,,,,,,
8170,57190.0,57240.591663005755,57257.4916574665,0,16.899994460741734,67.49165746649669,57218.0,True,4,3,False,accurate,0,0,False,False,29,False,False,,,,,,,,,,,
8173,57211.0,57257.4916574665,57273.86999290149,0,16.37833543499312,62.86999290149106,57239.0,True,4,3,False,accurate,1,1,False,False,26,False,False,,,,,,,,,,,
8174,57218.0,57273.86999290149,57294.66582415194,0,20.795831250449034,76.66582415193989,57246.0,True,5,4,False,accurate,1,1,False,False,25,False,False,,,,,,,,,,,
8177,57239.0,57294.66582415194,57308.63416016073,0,13.968336008787139,69.63416016072733,57267.0,True,5,4,False,accurate,0,0,False,False,22,False,False,,,,,,,,,,,
8181,57267.0,57308.63416016073,57323.64165933103,0,15.007499170303344,56.64165933102777,57295.0,True,4,3,False,accurate,0,0,False,False,18,False,False,,,,,,,,,,,
8183,57281.0,57323.64165933103,57336.917906986666,0,13.27624765563756,55.91790698666591,57309.0,True,4,3,False,accurate,0,0,False,False,16,False,False,,,,,,,,,,,
8184,57288.0,57336.917906986666,57350.117907749605,0,13.200000762939453,62.117907749605365,57316.0,True,5,4,False,accurate,0,0,False,False,15,False,False,,,,,,,,,,,
8185,57295.0,57350.117907749605,57362.81791232724,0,12.700004577636719,67.81791232724208,57323.0,True,5,4,False,accurate,1,1,False,False,14,False,False,,,,,,,,,,,
8190,57330.0,57362.81791232724,57375.1179115643,0,12.299999237060547,45.11791156430263,57358.0,True,4,3,False,accurate,0,0,False,False,9,False,False,,,,,,,,,,,
8193,57351.0,57375.1179115643,57389.01791309018,0,13.900001525878906,38.01791309018154,57379.0,True,3,2,False,accurate,0,0,False,False,6,False,False,,,,,,,,,,,
8195,57365.0,57389.01791309018,57401.31791232724,0,12.299999237060547,36.317912327242084,57393.0,True,3,2,False,accurate,1,1,False,False,4,False,False,,,,,,,,,,,
8196,57372.0,57401.31791232724,57414.51791309018,0,13.200000762939453,42.51791309018154,57400.0,True,4,3,False,accurate,0,0,False,False,3,False,False,,,,,,,,,,,
8199,57393.0,57414.51791309018,57428.1179115643,0,13.599998474121094,35.11791156430263,57421.0,True,3,2,False,accurate,1,1,False,True,0,True,False,,,,,,,,,,,
8200,57400.0,57428.1179115643,57449.01791690488,0,20.900005340576172,49.0179169048788,57428.0,True,4,3,False,accurate,0,0,False,False,99,False,False,,,,,,,,,,,
8201,57407.0,57449.01791690488,57463.41791843076,0,14.400001525878906,56.41791843075771,57435.0,True,4,3,False,accurate,0,0,False,False,98,False,False,,,,,,,,,,,
8203,57421.0,57463.41791843076,57476.21791766782,0,12.799999237060547,55.217917667818256,57449.0,True,4,3,False,accurate,0,0,False,False,96,False,False,,,,,,,,,,,
8205,57435.0,57476.21791766782,57490.91791843076,0,14.700000762939453,55.91791843075771,57463.0,True,4,3,False,accurate,0,0,False,False,94,False,False,,,,,,,,,,,
8207,57449.0,57490.91791843076,57504.81791614194,0,13.89999771118164,55.81791614193935,57477.0,True,5,4,False,accurate,0,0,False,False,92,False,False,,,,,,,,,,,
8208,57456.0,57504.81791614194,57517.01791309018,0,12.199996948242188,61.01791309018154,57484.0,True,5,4,False,accurate,0,0,False,False,91,False,False,,,,,,,,,,,
8211,57477.0,57517.01791309018,57529.91791080136,0,12.89999771118164,52.91791080136318,57505.0,True,4,3,False,accurate,0,0,False,False,88,False,False,,,,,,,,,,,
8218,57526.0,57529.91791080136,57542.41791080136,0,12.5,16.417910801363178,57554.0,False,2,1,False,accurate,0,0,False,False,81,False,True,,,,,,,,,,,
8220,57540.0,57542.41791080136,57555.31791232724,0,12.900001525878906,15.317912327242084,57568.0,False,2,1,False,accurate,0,0,False,False,79,False,True,,,,,,,,,,,
8223,57561.0,57561.0,57574.0,0,13.0,13.0,57589.0,False,1,0,False,accurate,0,0,False,False,76,False,True,,,,,,,,,,,
8224,57568.0,57574.0,57587.10000228882,0,13.10000228881836,19.10000228881836,57596.0,False,2,1,False,accurate,1,1,False,False,75,False,True,,,,,,,,,,,
8225,57575.0,57587.10000228882,57602.29999923706,0,15.199996948242188,27.299999237060547,57603.0,False,2,1,False,accurate,0,0,False,False,74,False,True,,,,,,,,,,,
8228,57596.0,57602.29999923706,57616.59999847412,0,14.299999237060547,20.599998474121094,57624.0,False,2,1,False,accurate,0,0,False,False,71,False,True,,,,,,,,,,,
8233,57631.0,57631.0,57644.39999771118,0,13.39999771118164,13.39999771118164,57659.0,False,1,0,False,accurate,1,1,False,False,66,False,True,,,,,,,,,,,
8235,57645.0,57645.0,57658.79999923706,0,13.799999237060547,13.799999237060547,57673.0,False,1,0,False,accurate,0,0,False,False,64,False,True,,,,,,,,,,,
8236,57652.0,57658.79999923706,57682.79999923706,0,24.0,30.799999237060547,57680.0,True,2,1,False,accurate,1,1,False,False,63,False,False,,,,,,,,,,,
8241,57687.0,57687.0,57703.29999923706,0,16.299999237060547,16.299999237060547,57715.0,False,1,0,False,accurate,0,0,False,False,58,False,True,,,,,,,,,,,
8244,57708.0,57708.0,57723.10000228882,0,15.10000228881836,15.10000228881836,57736.0,False,1,0,False,accurate,0,0,False,False,55,False,True,,,,,,,,,,,
8247,57729.0,57729.0,57741.30000305176,0,12.300003051757812,12.300003051757812,57757.0,False,1,0,False,accurate,1,1,False,False,52,False,True,,,,,,,,,,,
8248,57736.0,57741.30000305176,57752.900005340576,0,11.60000228881836,16.900005340576172,57764.0,False,2,1,False,accurate,0,0,False,False,51,False,True,,,,,,,,,,,
8249,57743.0,57752.900005340576,57767.5000038147,0,14.599998474121094,24.500003814697266,57771.0,False,2,1,False,accurate,0,0,False,False,50,False,True,,,,,,,,,,,
8251,57757.0,57767.5000038147,57782.80000305176,0,15.299999237060547,25.800003051757812,57785.0,False,2,1,False,accurate,0,0,False,False,48,False,True,,,,,,,,,,,
8253,57771.0,57782.80000305176,57794.29999923706,0,11.499996185302734,23.299999237060547,57799.0,False,2,1,False,accurate,0,0,False,False,46,False,True,,,,,,,,,,,
8254,57778.0,57794.29999923706,57810.0,0,15.700000762939453,32.0,57806.0,True,3,2,False,accurate,0,0,False,False,45,False,False,,,,,,,,,,,
8256,57792.0,57810.0,57823.79999923706,0,13.799999237060547,31.799999237060547,57820.0,True,3,2,False,accurate,1,1,False,False,43,False,False,,,,,,,,,,,
8259,57813.0,57823.79999923706,57834.69999694824,0,10.89999771118164,21.699996948242188,57841.0,False,2,1,False,accurate,0,0,False,False,40,False,True,,,,,,,,,,,
8260,57820.0,57834.69999694824,57848.79999542236,0,14.099998474121094,28.79999542236328,57848.0,True,3,2,False,accurate,1,1,False,False,39,False,False,,,,,,,,,,,
8262,57834.0,57848.79999542236,57864.099994659424,0,15.299999237060547,30.099994659423828,57862.0,True,3,2,False,accurate,0,0,False,False,37,False,False,,,,,,,,,,,
8263,57841.0,57864.099994659424,57874.9999961853,0,10.900001525878906,33.999996185302734,57869.0,True,3,2,False,accurate,0,0,False,False,36,False,False,,,,,,,,,,,
8264,57848.0,57874.9999961853,57888.999992370605,0,13.999996185302734,40.99999237060547,57876.0,True,4,3,False,accurate,1,1,False,False,35,False,False,,,,,,,,,,,
8267,57869.0,57888.999992370605,57911.39999008179,0,22.39999771118164,42.39999008178711,57897.0,True,3,2,False,accurate,1,0,True,False,32,False,False,,,,,,,,,,,
8269,57883.0,57911.39999008179,57931.89999008179,0,20.5,48.89999008178711,57911.0,True,3,2,False,accurate,1,1,False,False,30,False,False,,,,,,,,,,,
8270,57890.0,57931.89999008179,57951.09999084473,0,19.200000762939453,61.09999084472656,57918.0,True,3,2,False,accurate,1,1,False,False,29,False,False,,,,,,,,,,,
8272,57904.0,57951.09999084473,57964.69998931885,0,13.599998474121094,60.699989318847656,57932.0,True,4,3,False,accurate,1,1,False,False,27,False,False,,,,,,,,,,,
8274,57918.0,57964.69998931885,57985.299991607666,0,20.60000228881836,67.29999160766602,57946.0,True,4,3,False,accurate,1,1,False,False,25,False,False,,,,,,,,,,,
8276,57932.0,57985.299991607666,57997.399993896484,0,12.10000228881836,65.39999389648438,57960.0,True,4,3,False,accurate,0,0,False,False,23,False,False,,,,,,,,,,,
8279,57953.0,57997.399993896484,58025.699993133545,0,28.299999237060547,72.69999313354492,57981.0,True,4,3,False,accurate,0,0,False,False,20,False,False,,,,,,,,,,,
8282,57974.0,58025.699993133545,58041.699993133545,0,16.0,67.69999313354492,58002.0,True,4,3,False,accurate,0,0,False,False,17,False,False,,,,,,,,,,,
8286,58002.0,58041.699993133545,58054.999992370605,0,13.299999237060547,52.99999237060547,58030.0,True,3,2,False,accurate,0,0,False,False,13,False,False,,,,,,,,,,,
8287,58009.0,58054.999992370605,58068.299991607666,0,13.299999237060547,59.299991607666016,58037.0,True,4,3,False,accurate,0,0,False,False,12,False,False,,,,,,,,,,,
8291,58037.0,58068.299991607666,58082.19998931885,0,13.89999771118164,45.199989318847656,58065.0,True,4,3,False,accurate,1,1,False,False,8,False,False,,,,,,,,,,,
8294,58058.0,58082.19998931885,58101.39999008179,0,19.200000762939453,43.39999008178711,58086.0,True,3,2,False,accurate,0,0,False,False,5,False,False,,,,,,,,,,,
8299,58093.0,58101.39999008179,58114.69998931885,0,13.299999237060547,21.699989318847656,58121.0,False,2,1,False,accurate,0,0,False,True,0,True,True,,,,,,,,,,,
8300,58100.0,58114.69998931885,58128.89999008179,0,14.200000762939453,28.89999008178711,58128.0,True,3,2,False,accurate,0,0,False,False,99,False,False,,,,,,,,,,,
8304,58128.0,58128.89999008179,58142.299991607666,0,13.400001525878906,14.299991607666016,58156.0,False,2,1,False,accurate,1,1,False,False,95,False,True,,,,,,,,,,,
8305,58135.0,58142.299991607666,58167.89999008179,0,25.599998474121094,32.89999008178711,58163.0,True,2,1,False,accurate,0,1,True,False,94,False,False,,,,,,,,,,,
8306,58142.0,58167.89999008179,58179.49998855591,0,11.599998474121094,37.4999885559082,58170.0,True,3,2,False,accurate,0,0,False,False,93,False,False,,,,,,,,,,,
8309,58163.0,58179.49998855591,58192.29998779297,0,12.799999237060547,29.29998779296875,58191.0,True,3,2,False,accurate,1,1,False,False,90,False,False,,,,,,,,,,,
8311,58177.0,58192.29998779297,58204.79998779297,0,12.5,27.79998779296875,58205.0,False,3,2,False,accurate,0,0,False,False,88,False,True,,,,,,,,,,,
8315,58205.0,58205.0,58217.40000152588,0,12.400001525878906,12.400001525878906,58233.0,False,1,0,False,accurate,0,0,False,False,84,False,True,,,,,,,,,,,
8316,58212.0,58217.40000152588,58229.30000305176,0,11.900001525878906,17.300003051757812,58240.0,False,2,1,False,accurate,0,0,False,False,83,False,True,,,,,,,,,,,
8320,58240.0,58240.0,58262.26999740601,0,22.26999740600586,22.26999740600877,58268.0,False,1,0,False,accurate,1,1,False,False,79,False,True,,,,,,,,,,,
8321,58247.0,58262.26999740601,58287.16541641494,0,24.895419008930503,40.16541641493677,58275.0,True,2,1,False,accurate,1,1,False,False,78,False,False,,,,,,,,,,,
8323,58261.0,58287.16541641494,58310.06292379637,0,22.897507381439205,49.06292379637307,58289.0,True,3,2,False,accurate,0,0,False,False,76,False,False,,,,,,,,,,,
8325,58275.0,58310.06292379637,58349.53875392576,0,39.47583012938497,74.53875392575719,58303.0,True,3,2,False,accurate,0,0,False,False,74,False,False,,,,,,,,,,,
8326,58282.0,58349.53875392576,58371.95625508924,0,22.417501163482665,89.95625508923695,58310.0,True,4,3,False,accurate,0,0,False,False,73,False,False,,,,,,,,,,,
8330,58310.0,58371.95625508924,58412.09376006523,0,40.137504975994375,102.09376006523235,58338.0,True,4,3,False,accurate,1,1,False,False,69,False,False,,,,,,,,,,,
8333,58331.0,58412.09376006523,58447.88834157158,0,35.79458150635162,116.88834157158271,58359.0,True,4,3,False,accurate,1,1,False,False,66,False,False,,,,,,,,,,,
8337,58359.0,58447.88834157158,58462.097511831016,0,14.209170259435949,103.09751183101616,58387.0,True,4,3,False,accurate,0,0,False,False,62,False,False,,,,,,,,,,,
8338,58366.0,58462.097511831016,58475.84501272747,0,13.747500896453857,109.84501272747002,58394.0,True,5,4,False,accurate,1,1,False,False,61,False,False,,,,,,,,,,,
8339,58373.0,58475.84501272747,58491.19917672494,0,15.354163997471339,118.19917672494194,58401.0,True,5,4,False,accurate,1,1,False,False,60,False,False,,,,,,,,,,,
8341,58387.0,58491.19917672494,58506.96793087343,0,15.768754148483275,119.96793087342667,58415.0,True,6,5,True,accurate,1,1,False,False,58,False,False,,,,,,,,,,,
8342,58394.0,58506.96793087343,58519.879598368745,0,12.911667495320241,125.87959836874506,58422.0,True,7,6,True,accurate,0,0,False,False,57,False,False,,,,,,,,,,,
8343,58401.0,58519.879598368745,58531.81793406774,0,11.938335698992015,130.81793406773795,58429.0,True,8,7,True,accurate,0,0,False,False,56,False,False,,,,,,,,,,,
8351,58457.0,58531.81793406774,58549.51793483068,0,17.700000762939453,92.5179348306774,58485.0,True,7,6,True,accurate,0,0,False,False,48,False,False,,,,,,,,,,,
8353,58471.0,58549.51793483068,58563.217939408314,0,13.700004577636719,92.21793940831412,58499.0,True,7,6,True,accurate,0,0,False,False,46,False,False,,,,,,,,,,,
8354,58478.0,58563.217939408314,58576.117937119496,0,12.89999771118164,98.11793711949576,58506.0,True,7,6,True,accurate,0,0,False,False,45,False,False,,,,,,,,,,,
8356,58492.0,58576.117937119496,58589.417936356556,0,13.299999237060547,97.41793635655631,58520.0,True,7,6,True,accurate,0,0,False,False,43,False,False,,,,,,,,,,,
8357,58499.0,58589.417936356556,58607.117937119496,0,17.700000762939453,108.11793711949576,58527.0,True,8,7,True,accurate,0,0,False,False,42,False,False,,,,,,,,,,,
8362,58534.0,58607.117937119496,58621.51793483068,0,14.39999771118164,87.5179348306774,58562.0,True,6,5,True,accurate,1,1,False,False,37,False,False,,,,,,,,,,,
8364,58548.0,58621.51793483068,58633.51793101598,0,11.999996185302734,85.51793101598014,58576.0,True,7,6,True,accurate,0,0,False,False,35,False,False,,,,,,,,,,,
8370,58590.0,58633.51793101598,58648.6179333048,0,15.10000228881836,58.6179333047985,58618.0,True,4,3,False,accurate,1,1,False,False,29,False,False,,,,,,,,,,,
8373,58611.0,58648.6179333048,58660.81793406774,0,12.200000762939453,49.81793406773795,58639.0,True,4,3,False,accurate,0,0,False,False,26,False,False,,,,,,,,,,,
8374,58618.0,58660.81793406774,58679.917936356556,0,19.10000228881836,61.91793635655631,58646.0,True,5,4,False,accurate,0,0,False,False,25,False,False,,,,,,,,,,,
8375,58625.0,58679.917936356556,58691.91794017125,0,12.000003814697266,66.91794017125358,58653.0,True,5,4,False,accurate,0,0,False,False,24,False,False,,,,,,,,,,,
8379,58653.0,58691.91794017125,58704.11794093419,0,12.200000762939453,51.11794093419303,58681.0,True,4,3,False,accurate,0,0,False,False,20,False,False,,,,,,,,,,,
8381,58667.0,58704.11794093419,58720.417936356556,0,16.29999542236328,53.41793635655631,58695.0,True,4,3,False,accurate,1,1,False,False,18,False,False,,,,,,,,,,,
8383,58681.0,58720.417936356556,58732.91794017125,0,12.500003814697266,51.917940171253576,58709.0,True,4,3,False,accurate,1,1,False,False,16,False,False,,,,,,,,,,,
8385,58695.0,58732.91794017125,58745.717939408314,0,12.799999237060547,50.71793940831412,58723.0,True,4,3,False,accurate,0,0,False,False,14,False,False,,,,,,,,,,,
8386,58702.0,58745.717939408314,58760.117937119496,0,14.39999771118164,58.117937119495764,58730.0,True,5,4,False,accurate,1,1,False,False,13,False,False,,,,,,,,,,,
8387,58709.0,58760.117937119496,58771.41793254186,0,11.299995422363281,62.417932541859045,58737.0,True,5,4,False,accurate,1,1,False,False,12,False,False,,,,,,,,,,,
8388,58716.0,58771.41793254186,58784.91793254186,0,13.5,68.91793254185905,58744.0,True,6,5,True,accurate,0,0,False,False,11,False,False,,,,,,,,,,,
8389,58723.0,58784.91793254186,58799.6179294901,0,14.699996948242188,76.61792949010123,58751.0,True,6,5,True,accurate,0,0,False,False,10,False,False,,,,,,,,,,,
8392,58744.0,58799.6179294901,58812.51793101598,0,12.900001525878906,68.51793101598014,58772.0,True,6,5,True,accurate,0,0,False,False,7,False,False,,,,,,,,,,,
8395,58765.0,58812.51793101598,58826.91793254186,0,14.400001525878906,61.917932541859045,58793.0,True,5,4,False,accurate,0,0,False,False,4,False,False,,,,,,,,,,,
8399,58793.0,58826.91793254186,58839.71793559362,0,12.800003051757812,46.71793559361686,58821.0,True,4,3,False,accurate,0,0,False,True,0,True,False,,,,,,,,,,,
8400,58800.0,58839.71793559362,58858.31793406774,0,18.599998474121094,58.31793406773795,58828.0,True,4,3,False,accurate,0,0,False,False,99,False,False,,,,,,,,,,,
8402,58814.0,58858.31793406774,58872.21793177892,0,13.89999771118164,58.21793177891959,58842.0,True,4,3,False,accurate,0,0,False,False,97,False,False,,,,,,,,,,,
8404,58828.0,58872.21793177892,58888.01793101598,0,15.799999237060547,60.01793101598014,58856.0,True,4,3,False,accurate,1,1,False,False,95,False,False,,,,,,,,,,,
8406,58842.0,58888.01793101598,58904.41793254186,0,16.400001525878906,62.417932541859045,58870.0,True,4,3,False,accurate,0,0,False,False,93,False,False,,,,,,,,,,,
8408,58856.0,58904.41793254186,58916.31793406774,0,11.900001525878906,60.31793406773795,58884.0,True,5,4,False,accurate,0,0,False,False,91,False,False,,,,,,,,,,,
8410,58870.0,58916.31793406774,58931.01793483068,0,14.700000762939453,61.017934830677405,58898.0,True,5,4,False,accurate,0,0,False,False,89,False,False,,,,,,,,,,,
8414,58898.0,58931.01793483068,58944.01793483068,0,13.0,46.017934830677405,58926.0,True,4,3,False,accurate,1,1,False,False,85,False,False,,,,,,,,,,,
8415,58905.0,58944.01793483068,58961.21793177892,0,17.199996948242188,56.21793177891959,58933.0,True,4,3,False,accurate,0,0,False,False,84,False,False,,,,,,,,,,,
8416,58912.0,58961.21793177892,58975.21793177892,0,14.0,63.21793177891959,58940.0,True,5,4,False,accurate,0,0,False,False,83,False,False,,,,,,,,,,,
8420,58940.0,58975.21793177892,58987.1179333048,0,11.900001525878906,47.1179333047985,58968.0,True,4,3,False,accurate,1,1,False,False,79,False,False,,,,,,,,,,,
8421,58947.0,58987.1179333048,59000.31793025304,0,13.199996948242188,53.317930253040686,58975.0,True,4,3,False,accurate,0,0,False,False,78,False,False,,,,,,,,,,,
8426,58982.0,59000.31793025304,59014.6179294901,0,14.299999237060547,32.61792949010123,59010.0,True,3,2,False,accurate,0,0,False,False,73,False,False,,,,,,,,,,,
8434,59038.0,59038.0,59057.59999847412,0,19.599998474121094,19.599998474121094,59066.0,False,1,0,False,accurate,0,0,False,False,65,False,True,,,,,,,,,,,
8436,59052.0,59057.59999847412,59069.0,0,11.400001525878906,17.0,59080.0,False,2,1,False,accurate,0,0,False,False,63,False,True,,,,,,,,,,,
8438,59066.0,59069.0,59084.29999923706,0,15.299999237060547,18.299999237060547,59094.0,False,2,1,False,accurate,0,0,False,False,61,False,True,,,,,,,,,,,
8440,59080.0,59084.29999923706,59095.40000152588,0,11.10000228881836,15.400001525878906,59108.0,False,2,1,False,accurate,0,0,False,False,59,False,True,,,,,,,,,,,
8441,59087.0,59095.40000152588,59111.09999847412,0,15.699996948242188,24.099998474121094,59115.0,False,2,1,False,accurate,1,1,False,False,58,False,True,,,,,,,,,,,
8447,59129.0,59129.0,59147.20000076294,0,18.200000762939453,18.200000762939453,59157.0,False,1,0,False,accurate,0,0,False,False,52,False,True,,,,,,,,,,,
8452,59164.0,59164.0,59176.19999694824,0,12.199996948242188,12.199996948242188,59192.0,False,1,0,False,accurate,0,0,False,False,47,False,True,,,,,,,,,,,
8454,59178.0,59178.0,59188.5,0,10.5,10.5,59206.0,False,1,0,False,accurate,0,0,False,False,45,False,True,,,,,,,,,,,
8457,59199.0,59199.0,59213.4999961853,0,14.499996185302734,14.499996185302734,59227.0,False,1,0,False,accurate,0,0,False,False,42,False,True,,,,,,,,,,,
8459,59213.0,59213.4999961853,59223.9999961853,0,10.5,10.999996185302734,59241.0,False,2,1,False,accurate,0,0,False,False,40,False,True,,,,,,,,,,,
8464,59248.0,59248.0,59258.5,0,10.5,10.5,59276.0,False,1,0,False,accurate,0,0,False,False,35,False,True,,,,,,,,,,,
8467,59269.0,59269.0,59285.20000076294,0,16.200000762939453,16.200000762939453,59297.0,False,1,0,False,accurate,0,0,False,False,32,False,True,,,,,,,,,,,
8468,59276.0,59285.20000076294,59299.39999771118,0,14.199996948242188,23.39999771118164,59304.0,False,2,1,False,accurate,0,0,False,False,31,False,True,,,,,,,,,,,
8469,59283.0,59299.39999771118,59311.599994659424,0,12.199996948242188,28.599994659423828,59311.0,True,3,2,False,accurate,1,1,False,False,30,False,False,,,,,,,,,,,
8470,59290.0,59311.599994659424,59324.29999542236,0,12.700000762939453,34.29999542236328,59318.0,True,3,2,False,accurate,0,0,False,False,29,False,False,,,,,,,,,,,
8471,59297.0,59324.29999542236,59337.999992370605,0,13.699996948242188,40.99999237060547,59325.0,True,4,3,False,accurate,0,0,False,False,28,False,False,,,,,,,,,,,
8475,59325.0,59337.999992370605,59354.299991607666,0,16.299999237060547,29.299991607666016,59353.0,True,2,1,False,accurate,0,0,False,False,24,False,False,,,,,,,,,,,
8476,59332.0,59354.299991607666,59371.19998931885,0,16.89999771118164,39.199989318847656,59360.0,True,3,2,False,accurate,0,0,False,False,23,False,False,,,,,,,,,,,
8478,59346.0,59371.19998931885,59384.59999084473,0,13.400001525878906,38.59999084472656,59374.0,True,3,2,False,accurate,0,0,False,False,21,False,False,,,,,,,,,,,
8481,59367.0,59384.59999084473,59409.32832269748,0,24.728331852753968,42.32832269748178,59395.0,True,3,2,False,accurate,0,0,False,False,18,False,False,,,,,,,,,,,
8482,59374.0,59409.32832269748,59436.74415751557,0,27.415834818085045,62.74415751556808,59402.0,True,3,2,False,accurate,0,0,False,False,17,False,False,,,,,,,,,,,
8493,59451.0,59451.0,59470.02000211557,0,19.020002115567536,19.020002115568786,59479.0,False,1,0,False,accurate,0,0,False,False,6,False,True,,,,,,,,,,,
8494,59458.0,59470.02000211557,59489.5241667063,0,19.50416459073624,31.524166706301912,59486.0,True,2,1,False,accurate,0,0,False,False,5,False,False,,,,,,,,,,,
8495,59465.0,59489.5241667063,59504.92666766951,0,15.40250096321106,39.92666766951152,59493.0,True,3,2,False,accurate,0,0,False,False,4,False,False,,,,,,,,,,,
8502,59514.0,59514.0,59528.18166426763,0,14.18166426762938,14.181664267627639,59542.0,False,1,0,False,accurate,0,0,False,False,97,False,True,,,,,,,,,,,
8504,59528.0,59528.18166426763,59546.68166426763,0,18.5,18.68166426762764,59556.0,False,2,1,False,accurate,1,1,False,False,95,False,True,,,,,,,,,,,
8506,59542.0,59546.68166426763,59566.48166350469,0,19.799999237060547,24.481663504688186,59570.0,False,2,1,False,accurate,0,0,False,False,93,False,True,,,,,,,,,,,
8507,59549.0,59566.48166350469,59578.981667319385,0,12.500003814697266,29.98166731938545,59577.0,True,2,1,False,accurate,0,0,False,False,92,False,False,,,,,,,,,,,
8511,59577.0,59578.981667319385,59591.18166426763,0,12.199996948242188,14.181664267627639,59605.0,False,2,1,False,accurate,0,0,False,False,88,False,True,,,,,,,,,,,
8512,59584.0,59591.18166426763,59605.88166121587,0,14.699996948242188,21.881661215869826,59612.0,False,2,1,False,accurate,0,0,False,False,87,False,True,,,,,,,,,,,
8514,59598.0,59605.88166121587,59624.18166045293,0,18.299999237060547,26.181660452930373,59626.0,False,2,1,False,accurate,0,0,False,False,85,False,True,,,,,,,,,,,
8516,59612.0,59624.18166045293,59639.98165968999,0,15.799999237060547,27.98165968999092,59640.0,False,2,1,False,accurate,0,0,False,False,83,False,True,,,,,,,,,,,
8522,59654.0,59654.0,59664.10000228882,0,10.10000228881836,10.10000228881836,59682.0,False,1,0,False,accurate,0,0,False,False,77,False,True,,,,,,,,,,,
8524,59668.0,59668.0,59681.0,0,13.0,13.0,59696.0,False,1,0,False,accurate,0,0,False,False,75,False,True,,,,,,,,,,,
8526,59682.0,59682.0,59695.69999694824,0,13.699996948242188,13.699996948242188,59710.0,False,1,0,False,accurate,1,1,False,False,73,False,True,,,,,,,,,,,
8528,59696.0,59696.0,59708.79999923706,0,12.799999237060547,12.799999237060547,59724.0,False,1,0,False,accurate,0,0,False,False,71,False,True,,,,,,,,,,,
8529,59703.0,59708.79999923706,59722.59999847412,0,13.799999237060547,19.599998474121094,59731.0,False,2,1,False,accurate,0,0,False,False,70,False,True,,,,,,,,,,,
8532,59724.0,59724.0,59738.29999923706,0,14.299999237060547,14.299999237060547,59752.0,False,1,0,False,accurate,0,0,False,False,67,False,True,,,,,,,,,,,
8534,59738.0,59738.29999923706,59750.20000076294,0,11.900001525878906,12.200000762939453,59766.0,False,2,1,False,accurate,0,0,False,False,65,False,True,,,,,,,,,,,
8535,59745.0,59750.20000076294,59764.5000038147,0,14.300003051757812,19.500003814697266,59773.0,False,2,1,False,accurate,0,0,False,False,64,False,True,,,,,,,,,,,
8538,59766.0,59766.0,59779.90000152588,0,13.900001525878906,13.900001525878906,59794.0,False,1,0,False,accurate,1,1,False,False,61,False,True,,,,,,,,,,,
8547,59829.0,59829.0,59854.70000076294,0,25.700000762939453,25.700000762939453,59857.0,False,1,0,False,accurate,1,1,False,False,52,False,True,,,,,,,,,,,
8549,59843.0,59854.70000076294,59868.40000152588,0,13.700000762939453,25.400001525878906,59871.0,False,2,1,False,accurate,0,0,False,False,50,False,True,,,,,,,,,,,
8552,59864.0,59868.40000152588,59879.5000038147,0,11.10000228881836,15.500003814697266,59892.0,False,2,1,False,accurate,0,0,False,False,47,False,True,,,,,,,,,,,
8555,59885.0,59885.0,59900.29999923706,0,15.299999237060547,15.299999237060547,59913.0,False,1,0,False,accurate,0,0,False,False,44,False,True,,,,,,,,,,,
8556,59892.0,59900.29999923706,59911.29999923706,0,11.0,19.299999237060547,59920.0,False,2,1,False,accurate,0,0,False,False,43,False,True,,,,,,,,,,,
8558,59906.0,59911.29999923706,59929.39999771118,0,18.099998474121094,23.39999771118164,59934.0,False,2,1,False,accurate,0,0,False,False,41,False,True,,,,,,,,,,,
8566,59962.0,59962.0,59978.5,0,16.5,16.5,59990.0,False,1,0,False,accurate,0,0,False,False,33,False,True,,,,,,,,,,,
8569,59983.0,59983.0,59995.69999694824,0,12.699996948242188,12.699996948242188,60011.0,False,1,0,False,accurate,0,0,False,False,30,False,True,,,,,,,,,,,
8571,59997.0,59997.0,60009.5,0,12.5,12.5,60025.0,False,1,0,False,accurate,0,0,False,False,28,False,True,,,,,,,,,,,
8575,60025.0,60025.0,60036.20000076294,0,11.200000762939453,11.200000762939453,60053.0,False,1,0,False,accurate,1,1,False,False,24,False,True,,,,,,,,,,,
8577,60039.0,60039.0,60057.0,0,18.0,18.0,60067.0,False,1,0,False,accurate,0,0,False,False,22,False,True,,,,,,,,,,,
8579,60053.0,60057.0,60070.40000152588,0,13.400001525878906,17.400001525878906,60081.0,False,2,1,False,accurate,0,0,False,False,20,False,True,,,,,,,,,,,
8582,60074.0,60074.0,60088.79999923706,0,14.799999237060547,14.799999237060547,60102.0,False,1,0,False,accurate,0,0,False,False,17,False,True,,,,,,,,,,,
8588,60116.0,60116.0,60128.30000305176,0,12.300003051757812,12.300003051757812,60144.0,False,1,0,False,accurate,0,0,False,False,11,False,True,,,,,,,,,,,
8592,60144.0,60144.0,60158.40000152588,0,14.400001525878906,14.400001525878906,60172.0,False,1,0,False,accurate,0,0,False,False,7,False,True,,,,,,,,,,,
8594,60158.0,60158.40000152588,60172.5,0,14.099998474121094,14.5,60186.0,False,2,1,False,accurate,0,0,False,False,5,False,True,,,,,,,,,,,
8595,60165.0,60172.5,60185.5,0,13.0,20.5,60193.0,False,2,1,False,accurate,0,0,False,False,4,False,True,,,,,,,,,,,
8596,60172.0,60185.5,60197.20000076294,0,11.700000762939453,25.200000762939453,60200.0,False,3,2,False,accurate,0,0,False,False,3,False,True,,,,,,,,,,,
8599,60193.0,60197.20000076294,60208.79999923706,0,11.599998474121094,15.799999237060547,60221.0,False,2,1,False,accurate,0,0,False,True,0,True,True,,,,,,,,,,,
8603,60221.0,60221.0,60233.29999923706,0,12.299999237060547,12.299999237060547,60249.0,False,1,0,False,accurate,0,0,False,False,96,False,True,,,,,,,,,,,
8606,60242.0,60242.0,60256.60000228882,0,14.60000228881836,14.60000228881836,60270.0,False,1,0,False,accurate,1,1,False,False,93,False,True,,,,,,,,,,,
8607,60249.0,60256.60000228882,60274.400005340576,0,17.800003051757812,25.400005340576172,60277.0,False,2,1,False,accurate,1,1,False,False,92,False,True,,,,,,,,,,,
8608,60256.0,60274.400005340576,60292.70000457764,0,18.299999237060547,36.70000457763672,60284.0,True,3,2,False,accurate,0,0,False,False,91,False,False,,,,,,,,,,,
8609,60263.0,60292.70000457764,60305.20000457764,0,12.5,42.20000457763672,60291.0,True,3,2,False,accurate,0,0,False,False,90,False,False,,,,,,,,,,,
8611,60277.0,60305.20000457764,60319.0000038147,0,13.799999237060547,42.000003814697266,60305.0,True,3,2,False,accurate,0,0,False,False,88,False,False,,,,,,,,,,,
8612,60284.0,60319.0000038147,60333.000007629395,0,14.000003814697266,49.00000762939453,60312.0,True,4,3,False,accurate,1,1,False,False,87,False,False,,,,,,,,,,,
8614,60298.0,60333.000007629395,60345.500007629395,0,12.5,47.50000762939453,60326.0,True,4,3,False,accurate,0,0,False,False,85,False,False,,,,,,,,,,,
8617,60319.0,60345.500007629395,60361.20000457764,0,15.699996948242188,42.20000457763672,60347.0,True,4,3,False,accurate,0,0,False,False,82,False,False,,,,,,,,,,,
8619,60333.0,60361.20000457764,60378.400005340576,0,17.200000762939453,45.40000534057617,60361.0,True,4,3,False,accurate,0,0,False,False,80,False,False,,,,,,,,,,,
8621,60347.0,60378.400005340576,60394.800006866455,0,16.400001525878906,47.80000686645508,60375.0,True,3,2,False,accurate,0,0,False,False,78,False,False,,,,,,,,,,,
8623,60361.0,60394.800006866455,60409.20000457764,0,14.39999771118164,48.20000457763672,60389.0,True,4,3,False,accurate,0,0,False,False,76,False,False,,,,,,,,,,,
8624,60368.0,60409.20000457764,60420.90000152588,0,11.699996948242188,52.900001525878906,60396.0,True,4,3,False,accurate,0,0,False,False,75,False,False,,,,,,,,,,,
8629,60403.0,60420.90000152588,60436.90000152588,0,16.0,33.900001525878906,60431.0,True,3,2,False,accurate,1,1,False,False,70,False,False,,,,,,,,,,,
8631,60417.0,60436.90000152588,60453.40000152588,0,16.5,36.400001525878906,60445.0,True,3,2,False,accurate,0,0,False,False,68,False,False,,,,,,,,,,,
8632,60424.0,60453.40000152588,60472.0,0,18.599998474121094,48.0,60452.0,True,3,2,False,accurate,1,1,False,False,67,False,False,,,,,,,,,,,
8634,60438.0,60472.0,60485.90000152588,0,13.900001525878906,47.900001525878906,60466.0,True,3,2,False,accurate,0,0,False,False,65,False,False,,,,,,,,,,,
8640,60480.0,60485.90000152588,60504.429997634885,0,18.52999610900879,24.429997634884785,60508.0,False,2,1,False,accurate,0,0,False,False,59,False,True,,,,,,,,,,,
8643,60501.0,60504.429997634885,60525.06999640464,0,20.63999876976013,24.06999640464346,60529.0,False,2,1,False,accurate,0,0,False,False,56,False,True,,,,,,,,,,,
8644,60508.0,60525.06999640464,60547.39499379257,0,22.324997387925805,39.39499379257177,60536.0,True,2,1,False,accurate,0,0,False,False,55,False,False,,,,,,,,,,,
8645,60515.0,60547.39499379257,60567.132905892926,0,19.73791210035479,52.13290589292592,60543.0,True,3,2,False,accurate,0,0,False,False,54,False,False,,,,,,,,,,,
8646,60522.0,60567.132905892926,60586.805402402475,0,19.672496509552,64.80540240247501,60550.0,True,4,3,False,accurate,0,0,False,False,53,False,False,,,,,,,,,,,
8647,60529.0,60586.805402402475,60604.45624013662,0,17.650837734142897,75.45624013662018,60557.0,True,4,3,False,accurate,0,0,False,False,52,False,False,,,,,,,,,,,
8649,60543.0,60604.45624013662,60628.606239039895,0,24.149998903274536,85.60623903989472,60571.0,True,5,4,False,accurate,0,0,False,False,50,False,False,,,,,,,,,,,
8650,60550.0,60628.606239039895,60651.42123988906,0,22.815000849167497,101.4212398890595,60578.0,True,5,4,False,accurate,1,1,False,False,49,False,False,,,,,,,,,,,
8651,60557.0,60651.42123988906,60670.31582446515,0,18.89458457609019,113.31582446514949,60585.0,True,6,5,True,accurate,0,0,False,False,48,False,False,,,,,,,,,,,
8653,60571.0,60670.31582446515,60693.298321563,0,22.98249709784983,122.29832156300108,60599.0,True,6,5,True,accurate,0,0,False,False,46,False,False,,,,,,,,,,,
8655,60585.0,60693.298321563,60710.973321563004,0,17.675,125.97332156300399,60613.0,True,7,6,True,accurate,0,0,False,False,44,False,False,,,,,,,,,,,
8658,60606.0,60710.973321563004,60726.13082335591,0,15.157501792907716,120.13082335591025,60634.0,True,6,5,True,accurate,0,0,False,False,41,False,False,,,,,,,,,,,
8662,60634.0,60726.13082335591,60743.1699924729,0,17.03916911698878,109.16999247289641,60662.0,True,6,5,True,accurate,0,0,False,False,37,False,False,,,,,,,,,,,
8663,60641.0,60743.1699924729,60757.26957660333,0,14.099584130433698,116.26957660332846,60669.0,True,7,6,True,accurate,0,0,False,False,36,False,False,,,,,,,,,,,
8672,60704.0,60757.26957660333,60769.96957736627,0,12.700000762939453,65.96957736626791,60732.0,True,5,4,False,accurate,0,0,False,False,27,False,False,,,,,,,,,,,
8677,60739.0,60769.96957736627,60782.86957889215,0,12.900001525878906,43.86957889214682,60767.0,True,4,3,False,accurate,0,0,False,False,22,False,False,,,,,,,,,,,
8678,60746.0,60782.86957889215,60796.469581180965,0,13.60000228881836,50.46958118096518,60774.0,True,4,3,False,accurate,0,0,False,False,21,False,False,,,,,,,,,,,
8679,60753.0,60796.469581180965,60810.6695857586,0,14.200004577636719,57.6695857586019,60781.0,True,5,4,False,accurate,0,0,False,False,20,False,False,,,,,,,,,,,
8684,60788.0,60810.6695857586,60825.56958728448,0,14.900001525878906,37.569587284480804,60816.0,True,3,2,False,accurate,1,1,False,False,15,False,False,,,,,,,,,,,
8686,60802.0,60825.56958728448,60836.86959033624,0,11.300003051757812,34.869590336238616,60830.0,True,3,2,False,accurate,1,1,False,False,13,False,False,,,,,,,,,,,
8687,60809.0,60836.86959033624,60848.46958499566,0,11.599994659423828,39.469584995662444,60837.0,True,4,3,False,accurate,0,0,False,False,12,False,False,,,,,,,,,,,
8689,60823.0,60848.46958499566,60864.56958346978,0,16.099998474121094,41.56958346978354,60851.0,True,4,3,False,accurate,1,1,False,False,10,False,False,,,,,,,,,,,
8692,60844.0,60864.56958346978,60879.26958423272,0,14.700000762939453,35.26958423272299,60872.0,True,3,2,False,accurate,0,0,False,False,7,False,False,,,,,,,,,,,
8694,60858.0,60879.26958423272,60893.169581943905,0,13.89999771118164,35.16958194390463,60886.0,True,3,2,False,accurate,1,1,False,False,5,False,False,,,,,,,,,,,
8695,60865.0,60893.169581943905,60904.869582706844,0,11.700000762939453,39.869582706844085,60893.0,True,3,2,False,accurate,1,1,False,False,4,False,False,,,,,,,,,,,
8697,60879.0,60904.869582706844,60923.269580418026,0,18.39999771118164,44.269580418025726,60907.0,True,4,3,False,accurate,0,0,False,False,2,True,False,,,,,,,,,,,
8698,60886.0,60923.269580418026,60936.46958499566,0,13.200004577636719,50.469584995662444,60914.0,True,4,3,False,accurate,0,0,False,False,1,True,False,,,,,,,,,,,
8699,60893.0,60936.46958499566,60947.869582706844,0,11.39999771118164,54.869582706844085,60921.0,True,5,4,False,accurate,0,0,False,True,0,True,False,,,,,,,,,,,
8700,60900.0,60947.869582706844,60963.669581943905,0,15.799999237060547,63.66958194390463,60928.0,True,5,4,False,accurate,0,0,False,False,99,False,False,,,,,,,,,,,
8702,60914.0,60963.669581943905,60977.369582706844,0,13.700000762939453,63.369582706844085,60942.0,True,5,4,False,accurate,0,0,False,False,97,False,False,,,,,,,,,,,
8703,60921.0,60977.369582706844,60991.169581943905,0,13.799999237060547,70.16958194390463,60949.0,True,6,5,True,accurate,0,0,False,False,96,False,False,,,,,,,,,,,
8706,60942.0,60991.169581943905,61007.66957812921,0,16.499996185302734,65.66957812920737,60970.0,True,5,4,False,accurate,0,0,False,False,93,False,False,,,,,,,,,,,
8707,60949.0,61007.66957812921,61023.169581943905,0,15.500003814697266,74.16958194390463,60977.0,True,5,4,False,accurate,1,1,False,False,92,False,False,,,,,,,,,,,
8712,60984.0,61023.169581943905,61037.569579655086,0,14.39999771118164,53.56957965508627,61012.0,True,4,3,False,accurate,0,0,False,False,87,False,False,,,,,,,,,,,
8717,61019.0,61037.569579655086,61050.169581943905,0,12.60000228881836,31.16958194390463,61047.0,True,3,2,False,accurate,0,0,False,False,82,False,False,,,,,,,,,,,
8718,61026.0,61050.169581943905,61064.269580418026,0,14.099998474121094,38.269580418025726,61054.0,True,3,2,False,accurate,0,0,False,False,81,False,False,,,,,,,,,,,
8722,61054.0,61064.269580418026,61078.96957736627,0,14.699996948242188,24.969577366267913,61082.0,False,2,1,False,accurate,1,1,False,False,77,False,True,,,,,,,,,,,
8726,61082.0,61082.0,61101.60000228882,0,19.60000228881836,19.60000228881836,61110.0,False,1,0,False,accurate,0,0,False,False,73,False,True,,,,,,,,,,,
8728,61096.0,61101.60000228882,61114.79999923706,0,13.199996948242188,18.799999237060547,61124.0,False,2,1,False,accurate,1,1,False,False,71,False,True,,,,,,,,,,,
8731,61117.0,61117.0,61129.10000228882,0,12.10000228881836,12.10000228881836,61145.0,False,1,0,False,accurate,0,0,False,False,68,False,True,,,,,,,,,,,
8732,61124.0,61129.10000228882,61142.90000152588,0,13.799999237060547,18.900001525878906,61152.0,False,2,1,False,accurate,0,0,False,False,67,False,True,,,,,,,,,,,
8733,61131.0,61142.90000152588,61158.80000305176,0,15.900001525878906,27.800003051757812,61159.0,False,2,1,False,accurate,1,1,False,False,66,False,True,,,,,,,,,,,
8736,61152.0,61158.80000305176,61177.20000076294,0,18.39999771118164,25.200000762939453,61180.0,False,2,1,False,accurate,0,0,False,False,63,False,True,,,,,,,,,,,
8737,61159.0,61177.20000076294,61189.29999923706,0,12.099998474121094,30.299999237060547,61187.0,True,2,1,False,accurate,0,0,False,False,62,False,False,,,,,,,,,,,
8738,61166.0,61189.29999923706,61208.80000305176,0,19.500003814697266,42.80000305175781,61194.0,True,3,2,False,accurate,0,0,False,False,61,False,False,,,,,,,,,,,
8742,61194.0,61208.80000305176,61219.20000457764,0,10.400001525878906,25.20000457763672,61222.0,False,2,1,False,accurate,0,0,False,False,57,False,True,,,,,,,,,,,
8744,61208.0,61219.20000457764,61240.000007629395,0,20.800003051757812,32.00000762939453,61236.0,True,3,2,False,accurate,1,1,False,False,55,False,False,,,,,,,,,,,
8747,61229.0,61240.000007629395,61252.70001220703,0,12.700004577636719,23.70001220703125,61257.0,False,2,1,False,accurate,0,0,False,False,52,False,True,,,,,,,,,,,
8748,61236.0,61252.70001220703,61266.70001220703,0,14.0,30.70001220703125,61264.0,True,3,2,False,accurate,0,0,False,False,51,False,False,,,,,,,,,,,
8750,61250.0,61266.70001220703,61286.60001373291,0,19.900001525878906,36.600013732910156,61278.0,True,3,2,False,accurate,0,0,False,False,49,False,False,,,,,,,,,,,
8751,61257.0,61286.60001373291,61297.80001449585,0,11.200000762939453,40.80001449584961,61285.0,True,3,2,False,accurate,0,0,False,False,48,False,False,,,,,,,,,,,
8752,61264.0,61297.80001449585,61313.10001754761,0,15.300003051757812,49.10001754760742,61292.0,True,4,3,False,accurate,0,0,False,False,47,False,False,,,,,,,,,,,
8754,61278.0,61313.10001754761,61324.50001525879,0,11.39999771118164,46.50001525878906,61306.0,True,4,3,False,accurate,0,0,False,False,45,False,False,,,,,,,,,,,
8755,61285.0,61324.50001525879,61337.30001449585,0,12.799999237060547,52.30001449584961,61313.0,True,5,4,False,accurate,1,1,False,False,44,False,False,,,,,,,,,,,
8757,61299.0,61337.30001449585,61350.30001068115,0,12.999996185302734,51.300010681152344,61327.0,True,4,3,False,accurate,0,0,False,False,42,False,False,,,,,,,,,,,
8758,61306.0,61350.30001068115,61362.80001068115,0,12.5,56.800010681152344,61334.0,True,5,4,False,accurate,0,0,False,False,41,False,False,,,,,,,,,,,
8760,61320.0,61362.80001068115,61378.70001220703,0,15.900001525878906,58.70001220703125,61348.0,True,5,4,False,accurate,0,0,False,False,39,False,False,,,,,,,,,,,
8762,61334.0,61378.70001220703,61391.00001144409,0,12.299999237060547,57.0000114440918,61362.0,True,5,4,False,accurate,0,0,False,False,37,False,False,,,,,,,,,,,
8764,61348.0,61391.00001144409,61404.40001296997,0,13.400001525878906,56.4000129699707,61376.0,True,5,4,False,accurate,0,0,False,False,35,False,False,,,,,,,,,,,
8768,61376.0,61404.40001296997,61419.70001220703,0,15.299999237060547,43.70001220703125,61404.0,True,4,3,False,accurate,0,0,False,False,31,False,False,,,,,,,,,,,
8777,61439.0,61439.0,61455.80000305176,0,16.800003051757812,16.800003051757812,61467.0,False,1,0,False,accurate,0,0,False,False,22,False,True,,,,,,,,,,,
8779,61453.0,61455.80000305176,61473.29999923706,0,17.499996185302734,20.299999237060547,61481.0,False,2,1,False,accurate,0,0,False,False,20,False,True,,,,,,,,,,,
8780,61460.0,61473.29999923706,61494.40000152588,0,21.10000228881836,34.400001525878906,61488.0,True,2,1,False,accurate,0,0,False,False,19,False,False,,,,,,,,,,,
8783,61481.0,61494.40000152588,61521.400005340576,0,27.000003814697266,40.40000534057617,61509.0,True,2,1,False,accurate,0,0,False,False,16,False,False,,,,,,,,,,,
8784,61488.0,61521.400005340576,61571.0000038147,0,49.599998474121094,83.00000381469727,61516.0,True,3,2,False,accurate,1,1,False,False,15,False,False,,,,,,,,,,,
8786,61502.0,61571.0000038147,61584.5000038147,0,13.5,82.50000381469727,61530.0,True,3,2,False,accurate,0,0,False,False,13,False,False,,,,,,,,,,,
8787,61509.0,61584.5000038147,61597.0000038147,0,12.5,88.00000381469727,61537.0,True,4,3,False,accurate,0,0,False,False,12,False,False,,,,,,,,,,,
8791,61537.0,61597.0000038147,61610.30000305176,0,13.299999237060547,73.30000305175781,61565.0,True,4,3,False,accurate,0,0,False,False,8,False,False,,,,,,,,,,,
8793,61551.0,61610.30000305176,61623.300006866455,0,13.000003814697266,72.30000686645508,61579.0,True,5,4,False,accurate,1,1,False,False,6,False,False,,,,,,,,,,,
8794,61558.0,61623.300006866455,61640.0000038147,0,16.699996948242188,82.00000381469727,61586.0,True,6,5,True,accurate,0,0,False,False,5,False,False,,,,,,,,,,,
8797,61579.0,61640.0000038147,61653.400005340576,0,13.400001525878906,74.40000534057617,61607.0,True,6,5,True,accurate,1,1,False,False,2,True,False,,,,,,,,,,,
8801,61607.0,61653.400005340576,61678.963753853044,0,25.56374851246676,71.96375385304418,61635.0,True,5,4,False,accurate,0,0,False,False,98,False,False,,,,,,,,,,,
8803,61621.0,61678.963753853044,61699.120003853044,0,20.156249999999996,78.12000385304418,61649.0,True,5,4,False,accurate,1,1,False,False,96,False,False,,,,,,,,,,,
8806,61642.0,61699.120003853044,61721.69000850697,0,22.570004653930663,79.69000850697194,61670.0,True,4,3,False,accurate,1,1,False,False,93,False,False,,,,,,,,,,,
8807,61649.0,61721.69000850697,61744.87542495807,0,23.185416451096533,95.87542495806701,61677.0,True,5,4,False,accurate,0,0,False,False,92,False,False,,,,,,,,,,,
8809,61663.0,61744.87542495807,61764.71292386134,0,19.837498903274536,101.71292386134155,61691.0,True,5,4,False,accurate,0,0,False,False,90,False,False,,,,,,,,,,,
8811,61677.0,61764.71292386134,61784.02125738938,0,19.30833352804184,107.02125738938048,61705.0,True,6,5,True,accurate,1,1,False,False,88,False,False,,,,,,,,,,,
8814,61698.0,61784.02125738938,61801.07125828305,0,17.0500008936723,103.07125828305288,61726.0,True,6,5,True,accurate,0,0,False,False,85,False,False,,,,,,,,,,,
8815,61705.0,61801.07125828305,61817.86250731984,0,16.79124903678894,112.86250731984182,61733.0,True,6,5,True,accurate,0,0,False,False,84,False,False,,,,,,,,,,,
8820,61740.0,61817.86250731984,61835.28250992993,0,17.420002610087405,95.2825099299298,61768.0,True,6,5,True,accurate,0,0,False,False,79,False,False,,,,,,,,,,,
8821,61747.0,61835.28250992993,61850.833759100235,0,15.551249170303343,103.8337591002346,61775.0,True,6,5,True,accurate,1,1,False,False,78,False,False,,,,,,,,,,,
8822,61754.0,61850.833759100235,61863.85125831417,0,13.01749921393891,109.85125831417099,61782.0,True,7,6,True,accurate,1,1,False,False,77,False,False,,,,,,,,,,,
8823,61761.0,61863.85125831417,61877.230421066175,0,13.37916275200744,116.23042106617504,61789.0,True,8,7,True,accurate,0,0,False,False,76,False,False,,,,,,,,,,,
8829,61803.0,61877.230421066175,61889.83042335499,0,12.60000228881836,86.8304233549934,61831.0,True,6,5,True,accurate,0,0,False,False,70,False,False,,,,,,,,,,,
8830,61810.0,61889.83042335499,61905.130422592054,0,15.299999237060547,95.13042259205395,61838.0,True,7,6,True,accurate,1,1,False,False,69,False,False,,,,,,,,,,,
8831,61817.0,61905.130422592054,61922.43041801442,0,17.29999542236328,105.43041801441723,61845.0,True,8,7,True,accurate,1,1,False,False,68,False,False,,,,,,,,,,,
8833,61831.0,61922.43041801442,61933.63041877736,0,11.200000762939453,102.63041877735668,61859.0,True,8,7,True,accurate,0,0,False,False,66,False,False,,,,,,,,,,,
8835,61845.0,61933.63041877736,61947.73041725148,0,14.099998474121094,102.73041725147777,61873.0,True,8,7,True,accurate,0,0,False,False,64,False,False,,,,,,,,,,,
8837,61859.0,61947.73041725148,61963.73041725148,0,16.0,104.73041725147777,61887.0,True,8,7,True,accurate,1,1,False,False,62,False,False,,,,,,,,,,,
8840,61880.0,61963.73041725148,61981.43041801442,0,17.700000762939453,101.43041801441723,61908.0,True,7,6,True,accurate,1,1,False,False,59,False,False,,,,,,,,,,,
8842,61894.0,61981.43041801442,61997.030420303236,0,15.60000228881836,103.03042030323559,61922.0,True,7,6,True,accurate,0,0,False,False,57,False,False,,,,,,,,,,,
8843,61901.0,61997.030420303236,62011.830419540296,0,14.799999237060547,110.83041954029613,61929.0,True,8,7,True,accurate,0,0,False,False,56,False,False,,,,,,,,,,,
8845,61915.0,62011.830419540296,62027.8304157256,0,15.999996185302734,112.83041572559887,61943.0,True,8,7,True,accurate,0,0,False,False,54,False,False,,,,,,,,,,,
8846,61922.0,62027.8304157256,62040.23041725148,0,12.400001525878906,118.23041725147777,61950.0,True,9,8,True,accurate,0,0,False,False,53,False,False,,,,,,,,,,,
8847,61929.0,62040.23041725148,62055.730421066175,0,15.500003814697266,126.73042106617504,61957.0,True,9,8,True,accurate,0,0,False,False,52,False,False,,,,,,,,,,,
8848,61936.0,62055.730421066175,62076.330419540296,0,20.599998474121094,140.33041954029613,61964.0,True,9,8,True,accurate,0,0,False,False,51,False,False,,,,,,,,,,,
8849,61943.0,62076.330419540296,62087.630422592054,0,11.300003051757812,144.63042259205395,61971.0,True,10,9,True,accurate,0,0,False,False,50,False,False,,,,,,,,,,,
8852,61964.0,62087.630422592054,62099.730421066175,0,12.099998474121094,135.73042106617504,61992.0,True,9,8,True,accurate,0,0,False,False,47,False,False,,,,,,,,,,,
8855,61985.0,62099.730421066175,62110.730421066175,0,11.0,125.73042106617504,62013.0,True,9,8,True,accurate,0,0,False,False,44,False,False,,,,,,,,,,,
8856,61992.0,62110.730421066175,62125.230421066175,0,14.5,133.23042106617504,62020.0,True,10,9,True,accurate,1,1,False,False,43,False,False,,,,,,,,,,,
8857,61999.0,62125.230421066175,62138.13041877736,0,12.89999771118164,139.13041877735668,62027.0,True,10,9,True,accurate,0,0,False,False,42,False,False,,,,,,,,,,,
8860,62020.0,62138.13041877736,62150.030420303236,0,11.900001525878906,130.0304203032356,62048.0,True,10,9,True,accurate,0,0,False,False,39,False,False,,,,,,,,,,,
8861,62027.0,62150.030420303236,62163.830419540296,0,13.799999237060547,136.83041954029613,62055.0,True,11,10,True,accurate,1,1,False,False,38,False,False,,,,,,,,,,,
8863,62041.0,62163.830419540296,62176.830419540296,0,13.0,135.83041954029613,62069.0,True,10,9,True,accurate,0,0,False,False,36,False,False,,,,,,,,,,,
8864,62048.0,62176.830419540296,62188.43041801442,0,11.599998474121094,140.43041801441723,62076.0,True,11,10,True,accurate,0,0,False,False,35,False,False,,,,,,,,,,,
8865,62055.0,62188.43041801442,62201.03041648854,0,12.599998474121094,146.03041648853832,62083.0,True,12,11,True,accurate,0,0,False,False,34,False,False,,,,,,,,,,,
8869,62083.0,62201.03041648854,62216.3304157256,0,15.299999237060547,133.33041572559887,62111.0,True,11,10,True,accurate,0,0,False,False,30,False,False,,,,,,,,,,,
8876,62132.0,62216.3304157256,62228.03041648854,0,11.700000762939453,96.03041648853832,62160.0,True,8,7,True,accurate,0,0,False,False,23,False,False,,,,,,,,,,,
8880,62160.0,62228.03041648854,62242.3304157256,0,14.299999237060547,82.33041572559887,62188.0,True,7,6,True,accurate,1,1,False,False,19,False,False,,,,,,,,,,,
8883,62181.0,62242.3304157256,62255.23041725148,0,12.900001525878906,74.23041725147777,62209.0,True,6,5,True,accurate,0,0,False,False,16,False,False,,,,,,,,,,,
8884,62188.0,62255.23041725148,62270.43041801442,0,15.200000762939453,82.43041801441723,62216.0,True,7,6,True,accurate,0,0,False,False,15,False,False,,,,,,,,,,,
8886,62202.0,62270.43041801442,62284.130422592054,0,13.700004577636719,82.13042259205395,62230.0,True,6,5,True,accurate,0,0,False,False,13,False,False,,,,,,,,,,,
8887,62209.0,62284.130422592054,62296.630422592054,0,12.5,87.63042259205395,62237.0,True,7,6,True,accurate,0,0,False,False,12,False,False,,,,,,,,,,,
8889,62223.0,62296.630422592054,62308.930421829114,0,12.299999237060547,85.9304218291145,62251.0,True,7,6,True,accurate,1,1,False,False,10,False,False,,,,,,,,,,,
8890,62230.0,62308.930421829114,62321.530420303236,0,12.599998474121094,91.53042030323559,62258.0,True,7,6,True,accurate,0,0,False,False,9,False,False,,,,,,,,,,,
8891,62237.0,62321.530420303236,62333.830419540296,0,12.299999237060547,96.83041954029613,62265.0,True,8,7,True,accurate,0,0,False,False,8,False,False,,,,,,,,,,,
8893,62251.0,62333.830419540296,62347.13041877736,0,13.299999237060547,96.13041877735668,62279.0,True,8,7,True,accurate,0,0,False,False,6,False,False,,,,,,,,,,,
8894,62258.0,62347.13041877736,62360.73041725148,0,13.599998474121094,102.73041725147777,62286.0,True,8,7,True,accurate,0,0,False,False,5,False,False,,,,,,,,,,,
8896,62272.0,62360.73041725148,62372.43041419972,0,11.699996948242188,100.43041419971996,62300.0,True,8,7,True,accurate,0,0,False,False,3,False,False,,,,,,,,,,,
8898,62286.0,62372.43041419972,62385.8304157256,0,13.400001525878906,99.83041572559887,62314.0,True,8,7,True,accurate,0,0,False,False,1,True,False,,,,,,,,,,,
8901,62307.0,62385.8304157256,62402.93041801442,0,17.10000228881836,95.93041801441723,62335.0,True,8,7,True,accurate,1,1,False,False,98,False,False,,,,,,,,,,,
8902,62314.0,62402.93041801442,62415.230421066175,0,12.300003051757812,101.23042106617504,62342.0,True,8,7,True,accurate,0,0,False,False,97,False,False,,,,,,,,,,,
8903,62321.0,62415.230421066175,62430.73042488087,0,15.500003814697266,109.7304248808723,62349.0,True,9,8,True,accurate,0,0,False,False,96,False,False,,,,,,,,,,,
8904,62328.0,62430.73042488087,62444.23042488087,0,13.5,116.2304248808723,62356.0,True,9,8,True,accurate,0,0,False,False,95,False,False,,,,,,,,,,,
8905,62335.0,62444.23042488087,62460.23042488087,0,16.0,125.2304248808723,62363.0,True,9,8,True,accurate,0,0,False,False,94,False,False,,,,,,,,,,,
8906,62342.0,62460.23042488087,62474.03042411793,0,13.799999237060547,132.03042411793285,62370.0,True,10,9,True,accurate,1,1,False,False,93,False,False,,,,,,,,,,,
8908,62356.0,62474.03042411793,62490.630422592054,0,16.599998474121094,134.63042259205395,62384.0,True,10,9,True,accurate,0,0,False,False,91,False,False,,,,,,,,,,,
8912,62384.0,62490.630422592054,62501.93041801442,0,11.299995422363281,117.93041801441723,62412.0,True,9,8,True,accurate,0,0,False,False,87,False,False,,,,,,,,,,,
8915,62405.0,62501.93041801442,62515.530420303236,0,13.60000228881836,110.53042030323559,62433.0,True,8,7,True,accurate,0,0,False,False,84,False,False,,,,,,,,,,,
8916,62412.0,62515.530420303236,62531.030420303236,0,15.5,119.03042030323559,62440.0,True,9,8,True,accurate,1,1,False,False,83,False,False,,,,,,,,,,,
8917,62419.0,62531.030420303236,62544.330419540296,0,13.299999237060547,125.33041954029613,62447.0,True,9,8,True,accurate,0,0,False,False,82,False,False,,,,,,,,,,,
8920,62440.0,62544.330419540296,62559.93041801442,0,15.599998474121094,119.93041801441723,62468.0,True,9,8,True,accurate,1,1,False,False,79,False,False,,,,,,,,,,,
8923,62461.0,62559.93041801442,62575.03041648854,0,15.099998474121094,114.03041648853832,62489.0,True,8,7,True,accurate,0,0,False,False,76,False,False,,,,,,,,,,,
8925,62475.0,62575.03041648854,62587.93041801442,0,12.900001525878906,112.93041801441723,62503.0,True,8,7,True,accurate,0,0,False,False,74,False,False,,,,,,,,,,,
8926,62482.0,62587.93041801442,62603.43041801442,0,15.5,121.43041801441723,62510.0,True,9,8,True,accurate,0,0,False,False,73,False,False,,,,,,,,,,,
8931,62517.0,62603.43041801442,62626.03041648854,0,22.599998474121094,109.03041648853832,62545.0,True,7,6,True,accurate,0,0,False,False,68,False,False,,,,,,,,,,,
8937,62559.0,62626.03041648854,62641.93041419972,0,15.89999771118164,82.93041419971996,62587.0,True,6,5,True,accurate,0,0,False,False,62,False,False,,,,,,,,,,,
8938,62566.0,62641.93041419972,62659.63041114796,0,17.699996948242188,93.63041114796215,62594.0,True,6,5,True,accurate,1,1,False,False,61,False,False,,,,,,,,,,,
8942,62594.0,62659.63041114796,62672.830408096204,0,13.199996948242188,78.83040809620434,62622.0,True,5,4,False,accurate,0,0,False,False,57,False,False,,,,,,,,,,,
8944,62608.0,62672.830408096204,62685.63041114796,0,12.800003051757812,77.63041114796215,62636.0,True,5,4,False,accurate,0,0,False,False,55,False,False,,,,,,,,,,,
8945,62615.0,62685.63041114796,62699.93041419972,0,14.300003051757812,84.93041419971996,62643.0,True,6,5,True,accurate,0,0,False,False,54,False,False,,,,,,,,,,,
8946,62622.0,62699.93041419972,62713.43041419972,0,13.5,91.43041419971996,62650.0,True,7,6,True,accurate,0,0,False,False,53,False,False,,,,,,,,,,,
8948,62636.0,62713.43041419972,62727.3304157256,0,13.900001525878906,91.33041572559887,62664.0,True,7,6,True,accurate,1,1,False,False,51,False,False,,,,,,,,,,,
8949,62643.0,62727.3304157256,62739.63041496266,0,12.299999237060547,96.63041496265942,62671.0,True,7,6,True,accurate,0,0,False,False,50,False,False,,,,,,,,,,,
8951,62657.0,62739.63041496266,62757.53041648854,0,17.900001525878906,100.53041648853832,62685.0,True,8,7,True,accurate,1,1,False,False,48,False,False,,,,,,,,,,,
8952,62664.0,62757.53041648854,62769.73041725148,0,12.200000762939453,105.73041725147777,62692.0,True,8,7,True,accurate,0,0,False,False,47,False,False,,,,,,,,,,,
8953,62671.0,62769.73041725148,62782.8304157256,0,13.099998474121094,111.83041572559887,62699.0,True,9,8,True,accurate,0,0,False,False,46,False,False,,,,,,,,,,,
8954,62678.0,62782.8304157256,62796.3304119109,0,13.499996185302734,118.3304119109016,62706.0,True,9,8,True,accurate,0,0,False,False,45,False,False,,,,,,,,,,,
8955,62685.0,62796.3304119109,62811.8304119109,0,15.5,126.8304119109016,62713.0,True,10,9,True,accurate,0,0,False,False,44,False,False,,,,,,,,,,,
8959,62713.0,62811.8304119109,62828.030408859144,0,16.199996948242188,115.03040885914379,62741.0,True,9,8,True,accurate,0,0,False,False,40,False,False,,,,,,,,,,,
8962,62734.0,62828.030408859144,62852.49124490469,0,24.460836045543374,118.49124490468967,62762.0,True,8,7,True,accurate,1,1,False,False,37,False,False,,,,,,,,,,,
8967,62769.0,62852.49124490469,62878.518746945156,0,26.027502040465652,109.51874694515573,62797.0,True,7,6,True,accurate,0,0,False,False,32,False,False,,,,,,,,,,,
8970,62790.0,62878.518746945156,62907.10791225502,0,28.58916530986628,117.1079122550218,62818.0,True,6,5,True,accurate,1,1,False,False,29,False,False,,,,,,,,,,,
8971,62797.0,62907.10791225502,62924.623330150534,0,17.51541789551577,127.62333015053446,62825.0,True,6,5,True,accurate,1,1,False,False,28,False,False,,,,,,,,,,,
8972,62804.0,62924.623330150534,62954.32333015053,0,29.700000000000003,150.32333015053155,62832.0,True,7,6,True,accurate,0,0,False,False,27,False,False,,,,,,,,,,,
8973,62811.0,62954.32333015053,62972.15458024441,0,17.831250093877316,161.15458024440886,62839.0,True,8,7,True,accurate,0,0,False,False,26,False,False,,,,,,,,,,,
8976,62832.0,62972.15458024441,62990.03791367857,0,17.883333434164527,158.03791367857048,62860.0,True,7,6,True,accurate,0,0,False,False,23,False,False,,,,,,,,,,,
8981,62867.0,62990.03791367857,63001.89166118948,0,11.853747510910033,134.89166118948197,62895.0,True,7,6,True,accurate,0,0,False,False,18,False,False,,,,,,,,,,,
8986,62902.0,63001.89166118948,63018.79165890066,0,16.89999771118164,116.7916589006636,62930.0,True,7,6,True,accurate,0,0,False,False,13,False,False,,,,,,,,,,,
8988,62916.0,63018.79165890066,63029.39166118948,0,10.60000228881836,113.39166118948197,62944.0,True,7,6,True,accurate,0,0,False,False,11,False,False,,,,,,,,,,,
8990,62930.0,63029.39166118948,63043.29165890066,0,13.89999771118164,113.2916589006636,62958.0,True,7,6,True,accurate,0,0,False,False,9,False,False,,,,,,,,,,,
8998,62986.0,63043.29165890066,63059.191656611845,0,15.89999771118164,73.19165661184525,63014.0,True,6,5,True,accurate,0,0,False,False,1,True,False,,,,,,,,,,,
9001,63007.0,63059.191656611845,63070.491655848906,0,11.299999237060547,63.49165584890579,63035.0,True,5,4,False,accurate,0,0,False,False,98,False,False,,,,,,,,,,,
9002,63014.0,63070.491655848906,63084.89165356009,0,14.39999771118164,70.89165356008743,63042.0,True,6,5,True,accurate,0,0,False,False,97,False,False,,,,,,,,,,,
9003,63021.0,63084.89165356009,63099.09165432303,0,14.200000762939453,78.09165432302689,63049.0,True,6,5,True,accurate,0,0,False,False,96,False,False,,,,,,,,,,,
9005,63035.0,63099.09165432303,63121.291655085966,0,22.200000762939453,86.29165508596634,63063.0,True,6,5,True,accurate,0,0,False,False,94,False,False,,,,,,,,,,,
9013,63091.0,63121.291655085966,63134.291655085966,0,13.0,43.29165508596634,63119.0,True,3,2,False,accurate,0,0,False,False,86,False,False,,,,,,,,,,,
9018,63126.0,63134.291655085966,63147.29165890066,0,13.000003814697266,21.291658900663606,63154.0,False,2,1,False,accurate,1,1,False,False,81,False,True,,,,,,,,,,,
9019,63133.0,63147.29165890066,63163.39166118948,0,16.10000228881836,30.391661189481965,63161.0,True,3,2,False,accurate,1,1,False,False,80,False,False,,,,,,,,,,,
9021,63147.0,63163.39166118948,63173.89166118948,0,10.5,26.891661189481965,63175.0,False,3,2,False,accurate,0,0,False,False,78,False,True,,,,,,,,,,,
9023,63161.0,63173.89166118948,63189.09166195242,0,15.200000762939453,28.09166195242142,63189.0,True,3,2,False,accurate,0,0,False,False,76,False,False,,,,,,,,,,,
9024,63168.0,63189.09166195242,63204.19166042654,0,15.099998474121094,36.19166042654251,63196.0,True,3,2,False,accurate,1,1,False,False,75,False,False,,,,,,,,,,,
9026,63182.0,63204.19166042654,63216.69166424124,0,12.500003814697266,34.69166424123978,63210.0,True,3,2,False,accurate,0,0,False,False,73,False,False,,,,,,,,,,,
9027,63189.0,63216.69166424124,63227.89166500418,0,11.200000762939453,38.89166500417923,63217.0,True,4,3,False,accurate,0,0,False,False,72,False,False,,,,,,,,,,,
9028,63196.0,63227.89166500418,63241.09166576712,0,13.200000762939453,45.091665767118684,63224.0,True,4,3,False,accurate,0,0,False,False,71,False,False,,,,,,,,,,,
9030,63210.0,63241.09166576712,63253.991667293,0,12.900001525878906,43.99166729299759,63238.0,True,4,3,False,accurate,0,0,False,False,69,False,False,,,,,,,,,,,
9033,63231.0,63253.991667293,63264.991667293,0,11.0,33.99166729299759,63259.0,True,3,2,False,accurate,0,0,False,False,66,False,False,,,,,,,,,,,
9034,63238.0,63264.991667293,63276.491667293,0,11.5,38.49166729299759,63266.0,True,4,3,False,accurate,1,1,False,False,65,False,False,,,,,,,,,,,
9039,63273.0,63276.491667293,63290.29166653006,0,13.799999237060547,17.291666530058137,63301.0,False,2,1,False,accurate,1,1,False,False,60,False,True,,,,,,,,,,,
9040,63280.0,63290.29166653006,63303.39166500418,0,13.099998474121094,23.39166500417923,63308.0,False,2,1,False,accurate,0,0,False,False,59,False,True,,,,,,,,,,,
9041,63287.0,63303.39166500418,63316.09166576712,0,12.700000762939453,29.091665767118684,63315.0,True,3,2,False,accurate,1,1,False,False,58,False,False,,,,,,,,,,,
9048,63336.0,63336.0,63348.90000152588,0,12.900001525878906,12.900001525878906,63364.0,False,1,0,False,accurate,0,0,False,False,51,False,True,,,,,,,,,,,
9050,63350.0,63350.0,63365.4999961853,0,15.499996185302734,15.499996185302734,63378.0,False,1,0,False,accurate,1,1,False,False,49,False,True,,,,,,,,,,,
9057,63399.0,63399.0,63414.59999847412,0,15.599998474121094,15.599998474121094,63427.0,False,1,0,False,accurate,1,1,False,False,42,False,True,,,,,,,,,,,
9059,63413.0,63414.59999847412,63427.39999771118,0,12.799999237060547,14.39999771118164,63441.0,False,2,1,False,accurate,0,0,False,False,40,False,True,,,,,,,,,,,
9063,63441.0,63441.0,63458.5,0,17.5,17.5,63469.0,False,1,0,False,accurate,0,0,False,False,36,False,True,,,,,,,,,,,
9067,63469.0,63469.0,63482.79999923706,0,13.799999237060547,13.799999237060547,63497.0,False,1,0,False,accurate,0,0,False,False,32,False,True,,,,,,,,,,,
9069,63483.0,63483.0,63496.70000076294,0,13.700000762939453,13.700000762939453,63511.0,False,1,0,False,accurate,1,1,False,False,30,False,True,,,,,,,,,,,
9073,63511.0,63511.0,63525.40000152588,0,14.400001525878906,14.400001525878906,63539.0,False,1,0,False,accurate,1,1,False,False,26,False,True,,,,,,,,,,,
9074,63518.0,63525.40000152588,63540.5000038147,0,15.10000228881836,22.500003814697266,63546.0,False,2,1,False,accurate,0,0,False,False,25,False,True,,,,,,,,,,,
9077,63539.0,63540.5000038147,63554.600006103516,0,14.10000228881836,15.600006103515625,63567.0,False,2,1,False,accurate,0,0,False,False,22,False,True,,,,,,,,,,,
9078,63546.0,63554.600006103516,63566.10000228882,0,11.499996185302734,20.10000228881836,63574.0,False,2,1,False,accurate,0,0,False,False,21,False,True,,,,,,,,,,,
9087,63609.0,63609.0,63621.90000152588,0,12.900001525878906,12.900001525878906,63637.0,False,1,0,False,accurate,0,0,False,False,12,False,True,,,,,,,,,,,
9088,63616.0,63621.90000152588,63635.600006103516,0,13.700004577636719,19.600006103515625,63644.0,False,2,1,False,accurate,0,0,False,False,11,False,True,,,,,,,,,,,
9092,63644.0,63644.0,63655.29999923706,0,11.299999237060547,11.299999237060547,63672.0,False,1,0,False,accurate,0,0,False,False,7,False,True,,,,,,,,,,,
9093,63651.0,63655.29999923706,63671.29999923706,0,16.0,20.299999237060547,63679.0,False,2,1,False,accurate,0,0,False,False,6,False,True,,,,,,,,,,,
9094,63658.0,63671.29999923706,63683.5,0,12.200000762939453,25.5,63686.0,False,2,1,False,accurate,0,0,False,False,5,False,True,,,,,,,,,,,
9095,63665.0,63683.5,63696.29999923706,0,12.799999237060547,31.299999237060547,63693.0,True,3,2,False,accurate,0,0,False,False,4,False,False,,,,,,,,,,,
9096,63672.0,63696.29999923706,63708.79999923706,0,12.5,36.79999923706055,63700.0,True,3,2,False,accurate,0,0,False,False,3,False,False,,,,,,,,,,,
9098,63686.0,63708.79999923706,63724.09999847412,0,15.299999237060547,38.099998474121094,63714.0,True,3,2,False,accurate,1,1,False,False,1,True,False,,,,,,,,,,,
9099,63693.0,63724.09999847412,63736.69999694824,0,12.599998474121094,43.69999694824219,63721.0,True,4,3,False,accurate,0,0,False,True,0,True,False,,,,,,,,,,,
9103,63721.0,63736.69999694824,63749.9999961853,0,13.299999237060547,28.999996185302734,63749.0,True,3,2,False,accurate,0,0,False,False,96,False,False,,,,,,,,,,,
9104,63728.0,63749.9999961853,63761.69999694824,0,11.700000762939453,33.69999694824219,63756.0,True,3,2,False,accurate,0,0,False,False,95,False,False,,,,,,,,,,,
9106,63742.0,63761.69999694824,63775.5,0,13.800003051757812,33.5,63770.0,True,3,2,False,accurate,0,0,False,False,93,False,False,,,,,,,,,,,
9108,63756.0,63775.5,63787.79999923706,0,12.299999237060547,31.799999237060547,63784.0,True,3,2,False,accurate,0,0,False,False,91,False,False,,,,,,,,,,,
9111,63777.0,63787.79999923706,63801.20000076294,0,13.400001525878906,24.200000762939453,63805.0,False,2,1,False,accurate,0,0,False,False,88,False,True,,,,,,,,,,,
9112,63784.0,63801.20000076294,63813.70000076294,0,12.5,29.700000762939453,63812.0,True,3,2,False,accurate,0,0,False,False,87,False,False,,,,,,,,,,,
9113,63791.0,63813.70000076294,63826.70000076294,0,13.0,35.70000076293945,63819.0,True,3,2,False,accurate,0,0,False,False,86,False,False,,,,,,,,,,,
9114,63798.0,63826.70000076294,63840.09999847412,0,13.39999771118164,42.099998474121094,63826.0,True,4,3,False,accurate,0,0,False,False,85,False,False,,,,,,,,,,,
9116,63812.0,63840.09999847412,63851.9999961853,0,11.89999771118164,39.999996185302734,63840.0,True,4,3,False,accurate,0,0,False,False,83,False,False,,,,,,,,,,,
9121,63847.0,63851.9999961853,63876.72833441178,0,24.728338226477263,29.72833441178227,63875.0,True,2,1,False,accurate,0,0,False,False,78,False,False,,,,,,,,,,,
9123,63861.0,63876.72833441178,63894.94958933274,0,18.22125492095947,33.94958933274029,63889.0,True,2,1,False,accurate,1,1,False,False,76,False,False,,,,,,,,,,,
9126,63882.0,63894.94958933274,63914.62208584229,0,19.672496509552,32.62208584228938,63910.0,True,2,1,False,accurate,0,0,False,False,73,False,False,,,,,,,,,,,
9131,63917.0,63917.0,63935.89458457609,0,18.89458457609019,18.894584576089983,63945.0,False,1,0,False,accurate,0,0,False,False,68,False,True,,,,,,,,,,,
9134,63938.0,63938.0,63962.154167522094,0,24.154167522092656,24.154167522094212,63966.0,False,1,0,False,accurate,0,0,False,False,65,False,True,,,,,,,,,,,
9142,63994.0,63994.0,64009.980831744695,0,15.9808317446957,15.980831744695024,64022.0,False,1,0,False,accurate,0,0,False,False,57,False,True,,,,,,,,,,,
9145,64015.0,64015.0,64026.60000228882,0,11.60000228881836,11.60000228881836,64043.0,False,1,0,False,accurate,0,0,False,False,54,False,True,,,,,,,,,,,
9146,64022.0,64026.60000228882,64040.80000305176,0,14.200000762939453,18.800003051757812,64050.0,False,2,1,False,accurate,0,0,False,False,53,False,True,,,,,,,,,,,
9147,64029.0,64040.80000305176,64054.0000038147,0,13.200000762939453,25.000003814697266,64057.0,False,2,1,False,accurate,0,0,False,False,52,False,True,,,,,,,,,,,
9148,64036.0,64054.0000038147,64072.10000228882,0,18.099998474121094,36.10000228881836,64064.0,True,3,2,False,accurate,0,0,False,False,51,False,False,,,,,,,,,,,
9150,64050.0,64072.10000228882,64084.60000228882,0,12.5,34.60000228881836,64078.0,True,3,2,False,accurate,1,1,False,False,49,False,False,,,,,,,,,,,
9152,64064.0,64084.60000228882,64098.10000228882,0,13.5,34.10000228881836,64092.0,True,3,2,False,accurate,1,1,False,False,47,False,False,,,,,,,,,,,
9154,64078.0,64098.10000228882,64116.39999771118,0,18.29999542236328,38.39999771118164,64106.0,True,3,2,False,accurate,0,0,False,False,45,False,False,,,,,,,,,,,
9155,64085.0,64116.39999771118,64130.59999847412,0,14.200000762939453,45.599998474121094,64113.0,True,3,2,False,accurate,0,0,False,False,44,False,False,,,,,,,,,,,
9156,64092.0,64130.59999847412,64160.29999542236,0,29.699996948242188,68.29999542236328,64120.0,True,4,3,False,accurate,1,1,False,False,43,False,False,,,,,,,,,,,
9164,64148.0,64160.29999542236,64176.399993896484,0,16.099998474121094,28.399993896484375,64176.0,True,2,1,False,accurate,0,0,False,False,35,False,False,,,,,,,,,,,
9166,64162.0,64176.399993896484,64190.599994659424,0,14.200000762939453,28.599994659423828,64190.0,True,2,1,False,accurate,0,0,False,False,33,False,False,,,,,,,,,,,
9173,64211.0,64211.0,64224.10000228882,0,13.10000228881836,13.10000228881836,64239.0,False,1,0,False,accurate,0,0,False,False,26,False,True,,,,,,,,,,,
9177,64239.0,64239.0,64254.29999923706,0,15.299999237060547,15.299999237060547,64267.0,False,1,0,False,accurate,0,0,False,False,22,False,True,,,,,,,,,,,
9180,64260.0,64260.0,64279.5,0,19.5,19.5,64288.0,False,1,0,False,accurate,0,0,False,False,19,False,True,,,,,,,,,,,
9181,64267.0,64279.5,64291.19999694824,0,11.699996948242188,24.199996948242188,64295.0,False,2,1,False,accurate,0,0,False,False,18,False,True,,,,,,,,,,,
9182,64274.0,64291.19999694824,64303.9999961853,0,12.799999237060547,29.999996185302734,64302.0,True,3,2,False,accurate,1,1,False,False,17,False,False,,,,,,,,,,,
9185,64295.0,64303.9999961853,64315.79999542236,0,11.799999237060547,20.79999542236328,64323.0,False,2,1,False,accurate,0,0,False,False,14,False,True,,,,,,,,,,,
9187,64309.0,64315.79999542236,64329.69999694824,0,13.900001525878906,20.699996948242188,64337.0,False,2,1,False,accurate,0,0,False,False,12,False,True,,,,,,,,,,,
9189,64323.0,64329.69999694824,64342.29999542236,0,12.599998474121094,19.29999542236328,64351.0,False,2,1,False,accurate,0,0,False,False,10,False,True,,,,,,,,,,,
9192,64344.0,64344.0,64360.29999923706,0,16.299999237060547,16.299999237060547,64372.0,False,1,0,False,accurate,0,0,False,False,7,False,True,,,,,,,,,,,
9199,64393.0,64393.0,64406.19999694824,0,13.199996948242188,13.199996948242188,64421.0,False,1,0,False,accurate,0,0,False,True,0,True,True,,,,,,,,,,,
9205,64435.0,64435.0,64455.20000076294,0,20.200000762939453,20.200000762939453,64463.0,False,1,0,False,accurate,1,1,False,False,94,False,True,,,,,,,,,,,
9206,64442.0,64455.20000076294,64467.30000305176,0,12.10000228881836,25.300003051757812,64470.0,False,2,1,False,accurate,0,0,False,False,93,False,True,,,,,,,,,,,
9208,64456.0,64467.30000305176,64480.5,0,13.199996948242188,24.5,64484.0,False,2,1,False,accurate,0,0,False,False,91,False,True,,,,,,,,,,,
9212,64484.0,64484.0,64498.0000038147,0,14.000003814697266,14.000003814697266,64512.0,False,1,0,False,accurate,0,0,False,False,87,False,True,,,,,,,,,,,
9214,64498.0,64498.0000038147,64514.300006866455,0,16.300003051757812,16.300006866455078,64526.0,False,2,1,False,accurate,1,1,False,False,85,False,True,,,,,,,,,,,
9218,64526.0,64526.0,64539.29999923706,0,13.299999237060547,13.299999237060547,64554.0,False,1,0,False,accurate,0,0,False,False,81,False,True,,,,,,,,,,,
9220,64540.0,64540.0,64552.9999961853,0,12.999996185302734,12.999996185302734,64568.0,False,1,0,False,accurate,0,0,False,False,79,False,True,,,,,,,,,,,
9221,64547.0,64552.9999961853,64566.399993896484,0,13.39999771118164,19.399993896484375,64575.0,False,2,1,False,accurate,0,0,False,False,78,False,True,,,,,,,,,,,
9223,64561.0,64566.399993896484,64580.499992370605,0,14.099998474121094,19.49999237060547,64589.0,False,2,1,False,accurate,0,0,False,False,76,False,True,,,,,,,,,,,
9227,64589.0,64589.0,64600.5,0,11.5,11.5,64617.0,False,1,0,False,accurate,0,0,False,False,72,False,True,,,,,,,,,,,
9228,64596.0,64600.5,64613.30000305176,0,12.800003051757812,17.300003051757812,64624.0,False,2,1,False,accurate,0,0,False,False,71,False,True,,,,,,,,,,,
9229,64603.0,64613.30000305176,64626.20000457764,0,12.900001525878906,23.20000457763672,64631.0,False,2,1,False,accurate,0,0,False,False,70,False,True,,,,,,,,,,,
9230,64610.0,64626.20000457764,64637.40000152588,0,11.199996948242188,27.400001525878906,64638.0,False,3,2,False,accurate,0,0,False,False,69,False,True,,,,,,,,,,,
9231,64617.0,64637.40000152588,64650.09999847412,0,12.699996948242188,33.099998474121094,64645.0,True,3,2,False,accurate,0,0,False,False,68,False,False,,,,,,,,,,,
9232,64624.0,64650.09999847412,64662.29999923706,0,12.200000762939453,38.29999923706055,64652.0,True,4,3,False,accurate,1,1,False,False,67,False,False,,,,,,,,,,,
9236,64652.0,64662.29999923706,64674.29999923706,0,12.0,22.299999237060547,64680.0,False,2,1,False,accurate,0,0,False,False,63,False,True,,,,,,,,,,,
9241,64687.0,64687.0,64698.90000152588,0,11.900001525878906,11.900001525878906,64715.0,False,1,0,False,accurate,1,1,False,False,58,False,True,,,,,,,,,,,
9242,64694.0,64698.90000152588,64712.79999923706,0,13.89999771118164,18.799999237060547,64722.0,False,2,1,False,accurate,0,0,False,False,57,False,True,,,,,,,,,,,
9243,64701.0,64712.79999923706,64724.79999542236,0,11.999996185302734,23.79999542236328,64729.0,False,2,1,False,accurate,0,0,False,False,56,False,True,,,,,,,,,,,
9244,64708.0,64724.79999542236,64740.9999961853,0,16.200000762939453,32.999996185302734,64736.0,True,3,2,False,accurate,0,0,False,False,55,False,False,,,,,,,,,,,
9249,64743.0,64743.0,64756.40000152588,0,13.400001525878906,13.400001525878906,64771.0,False,1,0,False,accurate,0,0,False,False,50,False,True,,,,,,,,,,,
9250,64750.0,64756.40000152588,64768.10000228882,0,11.700000762939453,18.10000228881836,64778.0,False,2,1,False,accurate,0,0,False,False,49,False,True,,,,,,,,,,,
9252,64764.0,64768.10000228882,64784.29999923706,0,16.199996948242188,20.299999237060547,64792.0,False,2,1,False,accurate,0,0,False,False,47,False,True,,,,,,,,,,,
9253,64771.0,64784.29999923706,64797.79999923706,0,13.5,26.799999237060547,64799.0,False,2,1,False,accurate,0,0,False,False,46,False,True,,,,,,,,,,,
9255,64785.0,64797.79999923706,64812.59999847412,0,14.799999237060547,27.599998474121094,64813.0,False,2,1,False,accurate,1,1,False,False,44,False,True,,,,,,,,,,,
9256,64792.0,64812.59999847412,64832.39999771118,0,19.799999237060547,40.39999771118164,64820.0,True,3,2,False,accurate,0,0,False,False,43,False,False,,,,,,,,,,,
9262,64834.0,64834.0,64850.600006103516,0,16.600006103515625,16.600006103515625,64862.0,False,1,0,False,accurate,0,0,False,False,37,False,True,,,,,,,,,,,
9263,64841.0,64850.600006103516,64867.20000457764,0,16.599998474121094,26.20000457763672,64869.0,False,2,1,False,accurate,1,1,False,False,36,False,True,,,,,,,,,,,
9266,64862.0,64867.20000457764,64878.70000457764,0,11.5,16.70000457763672,64890.0,False,2,1,False,accurate,0,0,False,False,33,False,True,,,,,,,,,,,
9267,64869.0,64878.70000457764,64893.70000457764,0,15.0,24.70000457763672,64897.0,False,2,1,False,accurate,0,0,False,False,32,False,True,,,,,,,,,,,
9268,64876.0,64893.70000457764,64914.20000457764,0,20.5,38.20000457763672,64904.0,True,3,2,False,accurate,0,0,False,False,31,False,False,,,,,,,,,,,
9269,64883.0,64914.20000457764,64928.0000038147,0,13.799999237060547,45.000003814697266,64911.0,True,3,2,False,accurate,0,0,False,False,30,False,False,,,,,,,,,,,
9275,64925.0,64928.0000038147,64939.90000152588,0,11.89999771118164,14.900001525878906,64953.0,False,2,1,False,accurate,0,0,False,False,24,False,True,,,,,,,,,,,
9276,64932.0,64939.90000152588,64951.60000228882,0,11.700000762939453,19.60000228881836,64960.0,False,2,1,False,accurate,1,1,False,False,23,False,True,,,,,,,,,,,
9278,64946.0,64951.60000228882,64966.29999923706,0,14.699996948242188,20.299999237060547,64974.0,False,2,1,False,accurate,0,0,False,False,21,False,True,,,,,,,,,,,
9281,64967.0,64967.0,64996.07249593377,0,29.072495933771165,29.07249593376764,64995.0,True,1,0,False,accurate,0,0,False,False,18,False,False,,,,,,,,,,,
9282,64974.0,64996.07249593377,65018.39916028459,0,22.326664350827514,44.399160284592654,65002.0,True,2,1,False,accurate,0,0,False,False,17,False,False,,,,,,,,,,,
9285,64995.0,65018.39916028459,65039.53583069761,0,21.136670413017306,44.535830697612255,65023.0,True,3,2,False,accurate,1,1,False,False,14,False,False,,,,,,,,,,,
9287,65009.0,65039.53583069761,65058.53291499555,0,18.997084297935157,49.53291499555053,65037.0,True,3,2,False,accurate,0,0,False,False,12,False,False,,,,,,,,,,,
9290,65030.0,65058.53291499555,65081.62957821071,0,23.0966632151604,51.62957821071177,65058.0,True,3,2,False,accurate,0,0,False,False,9,False,False,,,,,,,,,,,
9292,65044.0,65081.62957821071,65104.57957821071,0,22.950000000000003,60.57957821070886,65072.0,True,3,2,False,accurate,0,0,False,False,7,False,False,,,,,,,,,,,
9293,65051.0,65104.57957821071,65120.9579136457,0,16.37833543499312,69.95791364570323,65079.0,True,4,3,False,accurate,0,0,False,False,6,False,False,,,,,,,,,,,
9296,65072.0,65120.9579136457,65136.86791091253,0,15.909997266828999,64.86791091252962,65100.0,True,4,3,False,accurate,0,0,False,False,3,False,False,,,,,,,,,,,
9302,65114.0,65136.86791091253,65150.626248305685,0,13.758337393154706,36.626248305685294,65142.0,True,3,2,False,accurate,0,0,False,False,97,False,False,,,,,,,,,,,
9305,65135.0,65150.626248305685,65177.12625212038,0,26.500003814697266,42.12625212038256,65163.0,True,3,2,False,accurate,0,0,False,False,94,False,False,,,,,,,,,,,
9309,65163.0,65177.12625212038,65191.52625364626,0,14.400001525878906,28.526253646261466,65191.0,True,2,1,False,accurate,1,1,False,False,90,False,False,,,,,,,,,,,
9313,65191.0,65191.52625364626,65203.7262544092,0,12.200000762939453,12.72625440920092,65219.0,False,2,1,False,accurate,0,0,False,False,86,False,True,,,,,,,,,,,
9319,65233.0,65233.0,65247.5,0,14.5,14.5,65261.0,False,1,0,False,accurate,0,0,False,False,80,False,True,,,,,,,,,,,
9320,65240.0,65247.5,65263.5,0,16.0,23.5,65268.0,False,2,1,False,accurate,0,0,False,False,79,False,True,,,,,,,,,,,
9322,65254.0,65263.5,65278.19999694824,0,14.699996948242188,24.199996948242188,65282.0,False,2,1,False,accurate,1,1,False,False,77,False,True,,,,,,,,,,,
9323,65261.0,65278.19999694824,65292.899993896484,0,14.699996948242188,31.899993896484375,65289.0,True,3,2,False,accurate,0,0,False,False,76,False,False,,,,,,,,,,,
9329,65303.0,65303.0,65317.40000152588,0,14.400001525878906,14.400001525878906,65331.0,False,1,0,False,accurate,1,1,False,False,70,False,True,,,,,,,,,,,
9338,65366.0,65366.0,65380.0,0,14.0,14.0,65394.0,False,1,0,False,accurate,0,0,False,False,61,False,True,,,,,,,,,,,
9341,65387.0,65387.0,65411.79999923706,0,24.799999237060547,24.799999237060547,65415.0,False,1,0,False,accurate,0,1,True,False,58,False,True,,,,,,,,,,,
9345,65415.0,65415.0,65427.20000076294,0,12.200000762939453,12.200000762939453,65443.0,False,1,0,False,accurate,0,0,False,False,54,False,True,,,,,,,,,,,
9347,65429.0,65429.0,65446.09999847412,0,17.099998474121094,17.099998474121094,65457.0,False,1,0,False,accurate,0,0,False,False,52,False,True,,,,,,,,,,,
9348,65436.0,65446.09999847412,65458.9999961853,0,12.89999771118164,22.999996185302734,65464.0,False,2,1,False,accurate,0,0,False,False,51,False,True,,,,,,,,,,,
9350,65450.0,65458.9999961853,65471.199993133545,0,12.199996948242188,21.199993133544922,65478.0,False,2,1,False,accurate,0,0,False,False,49,False,True,,,,,,,,,,,
9351,65457.0,65471.199993133545,65488.599994659424,0,17.400001525878906,31.599994659423828,65485.0,True,3,2,False,accurate,1,1,False,False,48,False,False,,,,,,,,,,,
9352,65464.0,65488.599994659424,65501.69999694824,0,13.10000228881836,37.69999694824219,65492.0,True,3,2,False,accurate,0,0,False,False,47,False,False,,,,,,,,,,,
9355,65485.0,65501.69999694824,65517.89999771118,0,16.200000762939453,32.89999771118164,65513.0,True,3,2,False,accurate,1,1,False,False,44,False,False,,,,,,,,,,,
9357,65499.0,65517.89999771118,65529.9999961853,0,12.099998474121094,30.999996185302734,65527.0,True,3,2,False,accurate,0,0,False,False,42,False,False,,,,,,,,,,,
9360,65520.0,65529.9999961853,65554.89999771118,0,24.900001525878906,34.89999771118164,65548.0,True,2,1,False,accurate,0,0,False,False,39,False,False,,,,,,,,,,,
9365,65555.0,65555.0,65568.39999771118,0,13.39999771118164,13.39999771118164,65583.0,False,1,0,False,accurate,1,1,False,False,34,False,True,,,,,,,,,,,
9366,65562.0,65568.39999771118,65588.5,0,20.10000228881836,26.5,65590.0,False,2,1,False,accurate,0,0,False,False,33,False,True,,,,,,,,,,,
9367,65569.0,65588.5,65605.09999847412,0,16.599998474121094,36.099998474121094,65597.0,True,2,1,False,accurate,0,0,False,False,32,False,False,,,,,,,,,,,
9376,65632.0,65632.0,65646.09999847412,0,14.099998474121094,14.099998474121094,65660.0,False,1,0,False,accurate,0,0,False,False,23,False,True,,,,,,,,,,,
9378,65646.0,65646.09999847412,65666.09999465942,0,19.999996185302734,20.099994659423828,65674.0,False,2,1,False,accurate,1,1,False,False,21,False,True,,,,,,,,,,,
9380,65660.0,65666.09999465942,65679.39999389648,0,13.299999237060547,19.399993896484375,65688.0,False,2,1,False,accurate,0,0,False,False,19,False,True,,,,,,,,,,,
9383,65681.0,65681.0,65692.79999923706,0,11.799999237060547,11.799999237060547,65709.0,False,1,0,False,accurate,1,1,False,False,16,False,True,,,,,,,,,,,
9385,65695.0,65695.0,65706.20000076294,0,11.200000762939453,11.200000762939453,65723.0,False,1,0,False,accurate,0,0,False,False,14,False,True,,,,,,,,,,,
9387,65709.0,65709.0,65722.0,0,13.0,13.0,65737.0,False,1,0,False,accurate,0,0,False,False,12,False,True,,,,,,,,,,,
9390,65730.0,65730.0,65743.29999923706,0,13.299999237060547,13.299999237060547,65758.0,False,1,0,False,accurate,1,1,False,False,9,False,True,,,,,,,,,,,
9391,65737.0,65743.29999923706,65757.70000076294,0,14.400001525878906,20.700000762939453,65765.0,False,2,1,False,accurate,1,1,False,False,8,False,True,,,,,,,,,,,
9394,65758.0,65758.0,65787.20000076294,0,29.200000762939453,29.200000762939453,65786.0,True,1,0,False,accurate,1,1,False,False,5,False,False,,,,,,,,,,,
9398,65786.0,65787.20000076294,65812.10000228882,0,24.900001525878906,26.10000228881836,65814.0,False,2,1,False,accurate,0,0,False,False,1,True,True,,,,,,,,,,,
9400,65800.0,65812.10000228882,65829.30000305176,0,17.200000762939453,29.300003051757812,65828.0,True,2,1,False,accurate,1,1,False,False,99,False,False,,,,,,,,,,,
9401,65807.0,65829.30000305176,65843.10000228882,0,13.799999237060547,36.10000228881836,65835.0,True,3,2,False,accurate,0,0,False,False,98,False,False,,,,,,,,,,,
9402,65814.0,65843.10000228882,65857.0000038147,0,13.900001525878906,43.000003814697266,65842.0,True,3,2,False,accurate,1,1,False,False,97,False,False,,,,,,,,,,,
9403,65821.0,65857.0000038147,65868.10000610352,0,11.10000228881836,47.100006103515625,65849.0,True,4,3,False,accurate,1,1,False,False,96,False,False,,,,,,,,,,,
9404,65828.0,65868.10000610352,65882.20000457764,0,14.099998474121094,54.20000457763672,65856.0,True,5,4,False,accurate,0,0,False,False,95,False,False,,,,,,,,,,,
9407,65849.0,65882.20000457764,65896.5000038147,0,14.299999237060547,47.500003814697266,65877.0,True,4,3,False,accurate,1,1,False,False,92,False,False,,,,,,,,,,,
9408,65856.0,65896.5000038147,65905.40000534058,0,8.900001525878906,49.40000534057617,65884.0,True,5,4,False,accurate,0,0,False,False,91,False,False,,,,,,,,,,,
9409,65863.0,65905.40000534058,65922.90000534058,0,17.5,59.90000534057617,65891.0,True,5,4,False,accurate,0,0,False,False,90,False,False,,,,,,,,,,,
9410,65870.0,65922.90000534058,65934.20000839233,0,11.300003051757812,64.20000839233398,65898.0,True,5,4,False,accurate,0,0,False,False,89,False,False,,,,,,,,,,,
9418,65926.0,65934.20000839233,65946.70000839233,0,12.5,20.700008392333984,65954.0,False,2,1,False,accurate,0,0,False,False,81,False,True,,,,,,,,,,,
9420,65940.0,65946.70000839233,65961.0000076294,0,14.299999237060547,21.00000762939453,65968.0,False,2,1,False,accurate,1,1,False,False,79,False,True,,,,,,,,,,,
9422,65954.0,65961.0000076294,65974.0000076294,0,13.0,20.00000762939453,65982.0,False,2,1,False,accurate,0,0,False,False,77,False,True,,,,,,,,,,,
9423,65961.0,65974.0000076294,65988.20000839233,0,14.200000762939453,27.200008392333984,65989.0,False,3,2,False,accurate,1,1,False,False,76,False,True,,,,,,,,,,,
9424,65968.0,65988.20000839233,66004.20001220703,0,16.000003814697266,36.20001220703125,65996.0,True,3,2,False,accurate,0,0,False,False,75,False,False,,,,,,,,,,,
9427,65989.0,66004.20001220703,66016.90001296997,0,12.700000762939453,27.900012969970703,66017.0,False,2,1,False,accurate,0,0,False,False,72,False,True,,,,,,,,,,,
9429,66003.0,66016.90001296997,66032.30001068115,0,15.39999771118164,29.300010681152344,66031.0,True,3,2,False,accurate,1,1,False,False,70,False,False,,,,,,,,,,,
9432,66024.0,66032.30001068115,66048.90000915527,0,16.599998474121094,24.900009155273438,66052.0,False,2,1,False,accurate,0,0,False,False,67,False,True,,,,,,,,,,,
9433,66031.0,66048.90000915527,66072.80000686646,0,23.89999771118164,41.80000686645508,66059.0,True,3,2,False,accurate,0,0,False,False,66,False,False,,,,,,,,,,,
9437,66059.0,66072.80000686646,66084.30000686646,0,11.5,25.300006866455078,66087.0,False,2,1,False,accurate,1,1,False,False,62,False,True,,,,,,,,,,,
9439,66073.0,66084.30000686646,66096.30000686646,0,12.0,23.300006866455078,66101.0,False,2,1,False,accurate,1,1,False,False,60,False,True,,,,,,,,,,,
9440,66080.0,66096.30000686646,66119.08000297546,0,22.77999610900879,39.08000297546096,66108.0,True,3,2,False,accurate,0,0,False,False,59,False,False,,,,,,,,,,,
9441,66087.0,66119.08000297546,66140.800836128,0,21.720833152532578,53.800836127993534,66115.0,True,3,2,False,accurate,0,0,False,False,58,False,False,,,,,,,,,,,
9442,66094.0,66140.800836128,66170.84334139248,0,30.04250526448095,76.84334139247949,66122.0,True,4,3,False,accurate,0,0,False,False,57,False,False,,,,,,,,,,,
9445,66115.0,66170.84334139248,66189.95959037781,0,19.116248985330255,74.95959037780995,66143.0,True,4,3,False,accurate,1,1,False,False,54,False,False,,,,,,,,,,,
9446,66122.0,66189.95959037781,66211.30959037782,0,21.349999999999998,89.30959037781577,66150.0,True,4,3,False,accurate,0,0,False,False,53,False,False,,,,,,,,,,,
9452,66164.0,66211.30959037782,66228.58958934784,0,17.27999897003174,64.5895893478446,66192.0,True,4,3,False,accurate,1,1,False,False,47,False,False,,,,,,,,,,,
9454,66178.0,66228.58958934784,66249.77292453806,0,21.18333519021669,71.77292453806149,66206.0,True,4,3,False,accurate,0,0,False,False,45,False,False,,,,,,,,,,,
9458,66206.0,66249.77292453806,66264.93042633098,0,15.157501792907716,58.930426330975024,66234.0,True,4,3,False,accurate,0,0,False,False,41,False,False,,,,,,,,,,,
9459,66213.0,66264.93042633098,66278.79500350283,0,13.86457717185221,65.79500350283342,66241.0,True,4,3,False,accurate,1,1,False,False,40,False,False,,,,,,,,,,,
9460,66220.0,66278.79500350283,66296.8850044111,0,18.09000090827545,76.88500441110227,66248.0,True,5,4,False,accurate,1,1,False,False,39,False,False,,,,,,,,,,,
9461,66227.0,66296.8850044111,66313.6325060705,0,16.747501659393308,86.6325060704985,66255.0,True,6,5,True,accurate,0,0,False,False,38,False,False,,,,,,,,,,,
9464,66248.0,66313.6325060705,66326.43250530756,0,12.799999237060547,78.43250530755904,66276.0,True,6,5,True,accurate,0,0,False,False,35,False,False,,,,,,,,,,,
9465,66255.0,66326.43250530756,66342.33250301874,0,15.89999771118164,87.33250301874068,66283.0,True,6,5,True,accurate,0,0,False,False,34,False,False,,,,,,,,,,,
9466,66262.0,66342.33250301874,66357.03249996698,0,14.699996948242188,95.03249996698287,66290.0,True,7,6,True,accurate,0,0,False,False,33,False,False,,,,,,,,,,,
9468,66276.0,66357.03249996698,66369.23250072992,0,12.200000762939453,93.23250072992232,66304.0,True,7,6,True,accurate,0,0,False,False,31,False,False,,,,,,,,,,,
9476,66332.0,66369.23250072992,66380.53249996698,0,11.299999237060547,48.53249996698287,66360.0,True,4,3,False,accurate,0,0,False,False,23,False,False,,,,,,,,,,,
9478,66346.0,66380.53249996698,66391.53249996698,0,11.0,45.53249996698287,66374.0,True,4,3,False,accurate,0,0,False,False,21,False,False,,,,,,,,,,,
9479,66353.0,66391.53249996698,66404.53249615229,0,12.999996185302734,51.5324961522856,66381.0,True,5,4,False,accurate,0,0,False,False,20,False,False,,,,,,,,,,,
9480,66360.0,66404.53249615229,66420.83249538935,0,16.299999237060547,60.83249538934615,66388.0,True,5,4,False,accurate,0,0,False,False,19,False,False,,,,,,,,,,,
9482,66374.0,66420.83249538935,66436.03249615229,0,15.200000762939453,62.0324961522856,66402.0,True,5,4,False,accurate,0,0,False,False,17,False,False,,,,,,,,,,,
9483,66381.0,66436.03249615229,66449.6324946264,0,13.599998474121094,68.6324946264067,66409.0,True,5,4,False,accurate,1,1,False,False,16,False,False,,,,,,,,,,,
9484,66388.0,66449.6324946264,66466.1324946264,0,16.5,78.1324946264067,66416.0,True,6,5,True,accurate,1,1,False,False,15,False,False,,,,,,,,,,,
9485,66395.0,66466.1324946264,66484.43249386347,0,18.299999237060547,89.43249386346724,66423.0,True,6,5,True,accurate,0,0,False,False,14,False,False,,,,,,,,,,,
9486,66402.0,66484.43249386347,66497.6324946264,0,13.200000762939453,95.6324946264067,66430.0,True,7,6,True,accurate,0,0,False,False,13,False,False,,,,,,,,,,,
9487,66409.0,66497.6324946264,66511.73249691523,0,14.10000228881836,102.73249691522506,66437.0,True,7,6,True,accurate,0,0,False,False,12,False,False,,,,,,,,,,,
9488,66416.0,66511.73249691523,66525.33249920404,0,13.60000228881836,109.33249920404342,66444.0,True,8,7,True,accurate,0,0,False,False,11,False,False,,,,,,,,,,,
9490,66430.0,66525.33249920404,66538.1324984411,0,12.799999237060547,108.13249844110396,66458.0,True,8,7,True,accurate,1,1,False,False,9,False,False,,,,,,,,,,,
9492,66444.0,66538.1324984411,66552.03249996698,0,13.900001525878906,108.03249996698287,66472.0,True,8,7,True,accurate,1,1,False,False,7,False,False,,,,,,,,,,,
9494,66458.0,66552.03249996698,66573.6324984411,0,21.599998474121094,115.63249844110396,66486.0,True,8,7,True,accurate,1,1,False,False,5,False,False,,,,,,,,,,,
9495,66465.0,66573.6324984411,66587.33249920404,0,13.700000762939453,122.33249920404342,66493.0,True,9,8,True,accurate,1,1,False,False,4,False,False,,,,,,,,,,,
9496,66472.0,66587.33249920404,66602.53249996698,0,15.200000762939453,130.53249996698287,66500.0,True,9,8,True,accurate,0,0,False,False,3,False,False,,,,,,,,,,,
9498,66486.0,66602.53249996698,66616.43249767816,0,13.89999771118164,130.4324976781645,66514.0,True,9,8,True,accurate,0,0,False,False,1,True,False,,,,,,,,,,,
9501,66507.0,66616.43249767816,66631.03249615229,0,14.599998474121094,124.0324961522856,66535.0,True,9,8,True,accurate,0,0,False,False,98,False,False,,,,,,,,,,,
9507,66549.0,66631.03249615229,66643.23250072992,0,12.200004577636719,94.23250072992232,66577.0,True,7,6,True,accurate,0,0,False,False,92,False,False,,,,,,,,,,,
9512,66584.0,66643.23250072992,66656.73250072992,0,13.5,72.73250072992232,66612.0,True,6,5,True,accurate,0,0,False,False,87,False,False,,,,,,,,,,,
9524,66668.0,66668.0,66681.5000038147,0,13.500003814697266,13.500003814697266,66696.0,False,1,0,False,accurate,0,0,False,False,75,False,True,,,,,,,,,,,
9525,66675.0,66681.5000038147,66693.40000915527,0,11.900005340576172,18.400009155273438,66703.0,False,2,1,False,accurate,0,0,False,False,74,False,True,,,,,,,,,,,
9527,66689.0,66693.40000915527,66704.30001449585,0,10.900005340576172,15.30001449584961,66717.0,False,2,1,False,accurate,0,0,False,False,72,False,True,,,,,,,,,,,
9530,66710.0,66710.0,66725.29999923706,0,15.299999237060547,15.299999237060547,66738.0,False,1,0,False,accurate,0,0,False,False,69,False,True,,,,,,,,,,,
9531,66717.0,66725.29999923706,66737.19999694824,0,11.89999771118164,20.199996948242188,66745.0,False,2,1,False,accurate,0,0,False,False,68,False,True,,,,,,,,,,,
9534,66738.0,66738.0,66750.0,0,12.0,12.0,66766.0,False,1,0,False,accurate,1,1,False,False,65,False,True,,,,,,,,,,,
9536,66752.0,66752.0,66764.90000152588,0,12.900001525878906,12.900001525878906,66780.0,False,1,0,False,accurate,0,0,False,False,63,False,True,,,,,,,,,,,
9537,66759.0,66764.90000152588,66778.0000038147,0,13.10000228881836,19.000003814697266,66787.0,False,2,1,False,accurate,0,0,False,False,62,False,True,,,,,,,,,,,
9539,66773.0,66778.0000038147,66790.40000534058,0,12.400001525878906,17.400005340576172,66801.0,False,2,1,False,accurate,0,0,False,False,60,False,True,,,,,,,,,,,
9541,66787.0,66790.40000534058,66802.30000686646,0,11.900001525878906,15.300006866455078,66815.0,False,2,1,False,accurate,0,0,False,False,58,False,True,,,,,,,,,,,
9544,66808.0,66808.0,66820.29999923706,0,12.299999237060547,12.299999237060547,66836.0,False,1,0,False,accurate,0,0,False,False,55,False,True,,,,,,,,,,,
9546,66822.0,66822.0,66836.10000228882,0,14.10000228881836,14.10000228881836,66850.0,False,1,0,False,accurate,0,0,False,False,53,False,True,,,,,,,,,,,
9547,66829.0,66836.10000228882,66849.0,0,12.89999771118164,20.0,66857.0,False,2,1,False,accurate,0,0,False,False,52,False,True,,,,,,,,,,,
9557,66899.0,66899.0,66912.09999465942,0,13.099994659423828,13.099994659423828,66927.0,False,1,0,False,accurate,0,0,False,False,42,False,True,,,,,,,,,,,
9559,66913.0,66913.0,66926.0000038147,0,13.000003814697266,13.000003814697266,66941.0,False,1,0,False,accurate,0,0,False,False,40,False,True,,,,,,,,,,,
9563,66941.0,66941.0,66952.5,0,11.5,11.5,66969.0,False,1,0,False,accurate,0,0,False,False,36,False,True,,,,,,,,,,,
9564,66948.0,66952.5,66965.10000228882,0,12.60000228881836,17.10000228881836,66976.0,False,2,1,False,accurate,0,0,False,False,35,False,True,,,,,,,,,,,
9566,66962.0,66965.10000228882,66978.70000457764,0,13.60000228881836,16.70000457763672,66990.0,False,2,1,False,accurate,0,0,False,False,33,False,True,,,,,,,,,,,
9567,66969.0,66978.70000457764,66999.40000152588,0,20.699996948242188,30.400001525878906,66997.0,True,2,1,False,accurate,0,0,False,False,32,False,False,,,,,,,,,,,
9569,66983.0,66999.40000152588,67011.90000534058,0,12.500003814697266,28.900005340576172,67011.0,True,2,1,False,accurate,0,0,False,False,30,False,False,,,,,,,,,,,
9572,67004.0,67011.90000534058,67024.90000534058,0,13.0,20.900005340576172,67032.0,False,2,1,False,accurate,0,0,False,False,27,False,True,,,,,,,,,,,
9573,67011.0,67024.90000534058,67036.40000534058,0,11.5,25.400005340576172,67039.0,False,3,2,False,accurate,1,1,False,False,26,False,True,,,,,,,,,,,
9574,67018.0,67036.40000534058,67049.70000457764,0,13.299999237060547,31.70000457763672,67046.0,True,3,2,False,accurate,0,0,False,False,25,False,False,,,,,,,,,,,
9578,67046.0,67049.70000457764,67062.70000457764,0,13.0,16.70000457763672,67074.0,False,2,1,False,accurate,0,0,False,False,21,False,True,,,,,,,,,,,
9579,67053.0,67062.70000457764,67073.80000305176,0,11.099998474121094,20.800003051757812,67081.0,False,2,1,False,accurate,0,0,False,False,20,False,True,,,,,,,,,,,
9581,67067.0,67073.80000305176,67087.29999923706,0,13.499996185302734,20.299999237060547,67095.0,False,2,1,False,accurate,0,0,False,False,18,False,True,,,,,,,,,,,
9582,67074.0,67087.29999923706,67102.10000228882,0,14.800003051757812,28.10000228881836,67102.0,True,2,1,False,accurate,0,0,False,False,17,False,False,,,,,,,,,,,
9583,67081.0,67102.10000228882,67115.5,0,13.39999771118164,34.5,67109.0,True,3,2,False,accurate,0,0,False,False,16,False,False,,,,,,,,,,,
9591,67137.0,67137.0,67148.5,0,11.5,11.5,67165.0,False,1,0,False,accurate,0,0,False,False,8,False,True,,,,,,,,,,,
9592,67144.0,67148.5,67162.59999465942,0,14.099994659423828,18.599994659423828,67172.0,False,2,1,False,accurate,0,0,False,False,7,False,True,,,,,,,,,,,
9594,67158.0,67162.59999465942,67173.9999923706,0,11.39999771118164,15.999992370605469,67186.0,False,2,1,False,accurate,0,0,False,False,5,False,True,,,,,,,,,,,
9598,67186.0,67186.0,67206.30000305176,0,20.300003051757812,20.300003051757812,67214.0,False,1,0,False,accurate,1,1,False,False,1,True,True,,,,,,,,,,,
9600,67200.0,67206.30000305176,67226.02000045776,0,19.71999740600586,26.020000457763672,67228.0,False,2,1,False,accurate,0,0,False,False,99,False,True,,,,,,,,,,,
9601,67207.0,67226.02000045776,67245.90291313469,0,19.88291267693046,38.90291313469061,67235.0,True,2,1,False,accurate,0,0,False,False,98,False,False,,,,,,,,,,,
9606,67242.0,67245.90291313469,67269.08290848076,0,23.179995346069333,27.082908480762853,67270.0,False,2,1,False,accurate,0,0,False,False,93,False,True,,,,,,,,,,,
9608,67256.0,67269.08290848076,67286.97624310275,0,17.893334621985762,30.976243102748413,67284.0,True,2,1,False,accurate,0,0,False,False,91,False,False,,,,,,,,,,,
9609,67263.0,67286.97624310275,67305.08874639292,0,18.11250329017639,42.088746392924804,67291.0,True,3,2,False,accurate,1,1,False,False,90,False,False,,,,,,,,,,,
9611,67277.0,67305.08874639292,67323.70749658068,0,18.61875018775463,46.707496580682346,67305.0,True,3,2,False,accurate,0,0,False,False,88,False,False,,,,,,,,,,,
9612,67284.0,67323.70749658068,67339.23249658068,0,15.525,55.232496580676525,67312.0,True,4,3,False,accurate,0,0,False,False,87,False,False,,,,,,,,,,,
9613,67291.0,67339.23249658068,67357.98832598189,0,18.755829401214896,66.98832598188892,67319.0,True,4,3,False,accurate,1,1,False,False,86,False,False,,,,,,,,,,,
9622,67354.0,67357.98832598189,67371.11165691445,0,13.123330932557577,17.111656914450577,67382.0,False,2,1,False,accurate,0,0,False,False,77,False,True,,,,,,,,,,,
9626,67382.0,67382.0,67393.5,0,11.5,11.5,67410.0,False,1,0,False,accurate,0,0,False,False,73,False,True,,,,,,,,,,,
9629,67403.0,67403.0,67414.5,0,11.5,11.5,67431.0,False,1,0,False,accurate,1,1,False,False,70,False,True,,,,,,,,,,,
9631,67417.0,67417.0,67429.20000076294,0,12.200000762939453,12.200000762939453,67445.0,False,1,0,False,accurate,0,0,False,False,68,False,True,,,,,,,,,,,
9632,67424.0,67429.20000076294,67441.79999923706,0,12.599998474121094,17.799999237060547,67452.0,False,2,1,False,accurate,0,0,False,False,67,False,True,,,,,,,,,,,
9635,67445.0,67445.0,67456.5,0,11.5,11.5,67473.0,False,1,0,False,accurate,1,1,False,False,64,False,True,,,,,,,,,,,
9636,67452.0,67456.5,67469.4999961853,0,12.999996185302734,17.499996185302734,67480.0,False,2,1,False,accurate,0,0,False,False,63,False,True,,,,,,,,,,,
9638,67466.0,67469.4999961853,67481.9999961853,0,12.5,15.999996185302734,67494.0,False,2,1,False,accurate,0,0,False,False,61,False,True,,,,,,,,,,,
9640,67480.0,67481.9999961853,67493.39999771118,0,11.400001525878906,13.39999771118164,67508.0,False,2,1,False,accurate,0,0,False,False,59,False,True,,,,,,,,,,,
9646,67522.0,67522.0,67536.09999847412,0,14.099998474121094,14.099998474121094,67550.0,False,1,0,False,accurate,1,1,False,False,53,False,True,,,,,,,,,,,
9647,67529.0,67536.09999847412,67551.59999847412,0,15.5,22.599998474121094,67557.0,False,2,1,False,accurate,0,0,False,False,52,False,True,,,,,,,,,,,
9648,67536.0,67551.59999847412,67569.89999771118,0,18.299999237060547,33.89999771118164,67564.0,True,3,2,False,accurate,0,0,False,False,51,False,False,,,,,,,,,,,
9649,67543.0,67569.89999771118,67582.19999694824,0,12.299999237060547,39.19999694824219,67571.0,True,3,2,False,accurate,0,0,False,False,50,False,False,,,,,,,,,,,
9652,67564.0,67582.19999694824,67596.4999961853,0,14.299999237060547,32.499996185302734,67592.0,True,3,2,False,accurate,1,1,False,False,47,False,False,,,,,,,,,,,
9654,67578.0,67596.4999961853,67609.09999847412,0,12.60000228881836,31.099998474121094,67606.0,True,3,2,False,accurate,0,0,False,False,45,False,False,,,,,,,,,,,
9655,67585.0,67609.09999847412,67622.29999923706,0,13.200000762939453,37.29999923706055,67613.0,True,3,2,False,accurate,1,1,False,False,44,False,False,,,,,,,,,,,
9657,67599.0,67622.29999923706,67640.59999847412,0,18.299999237060547,41.599998474121094,67627.0,True,3,2,False,accurate,1,1,False,False,42,False,False,,,,,,,,,,,
9658,67606.0,67640.59999847412,67655.4999923706,0,14.899993896484375,49.49999237060547,67634.0,True,4,3,False,accurate,0,0,False,False,41,False,False,,,,,,,,,,,
9659,67613.0,67655.4999923706,67675.09999465942,0,19.60000228881836,62.09999465942383,67641.0,True,4,3,False,accurate,0,0,False,False,40,False,False,,,,,,,,,,,
9666,67662.0,67675.09999465942,67690.9999961853,0,15.900001525878906,28.999996185302734,67690.0,True,2,1,False,accurate,0,0,False,False,33,False,False,,,,,,,,,,,
9669,67683.0,67690.9999961853,67704.4999961853,0,13.5,21.499996185302734,67711.0,False,2,1,False,accurate,0,0,False,False,30,False,True,,,,,,,,,,,
9672,67704.0,67704.4999961853,67718.29999542236,0,13.799999237060547,14.299995422363281,67732.0,False,2,1,False,accurate,0,0,False,False,27,False,True,,,,,,,,,,,
9676,67732.0,67732.0,67742.80000305176,0,10.800003051757812,10.800003051757812,67760.0,False,1,0,False,accurate,0,0,False,False,23,False,True,,,,,,,,,,,
9677,67739.0,67742.80000305176,67753.60000228882,0,10.799999237060547,14.60000228881836,67767.0,False,2,1,False,accurate,0,0,False,False,22,False,True,,,,,,,,,,,
9679,67753.0,67753.60000228882,67770.09999847412,0,16.499996185302734,17.099998474121094,67781.0,False,2,1,False,accurate,0,0,False,False,20,False,True,,,,,,,,,,,
9680,67760.0,67770.09999847412,67781.69999694824,0,11.599998474121094,21.699996948242188,67788.0,False,2,1,False,accurate,0,0,False,False,19,False,True,,,,,,,,,,,
9681,67767.0,67781.69999694824,67793.19999694824,0,11.5,26.199996948242188,67795.0,False,3,2,False,accurate,1,1,False,False,18,False,True,,,,,,,,,,,
9686,67802.0,67802.0,67814.0000038147,0,12.000003814697266,12.000003814697266,67830.0,False,1,0,False,accurate,0,0,False,False,13,False,True,,,,,,,,,,,
9688,67816.0,67816.0,67833.5000038147,0,17.500003814697266,17.500003814697266,67844.0,False,1,0,False,accurate,0,0,False,False,11,False,True,,,,,,,,,,,
9693,67851.0,67851.0,67864.20000076294,0,13.200000762939453,13.200000762939453,67879.0,False,1,0,False,accurate,0,0,False,False,6,False,True,,,,,,,,,,,
9698,67886.0,67886.0,67898.90000152588,0,12.900001525878906,12.900001525878906,67914.0,False,1,0,False,accurate,0,0,False,False,1,True,True,,,,,,,,,,,
9700,67900.0,67900.0,67915.0,0,15.0,15.0,67928.0,False,1,0,False,accurate,1,1,False,False,99,False,True,,,,,,,,,,,
9702,67914.0,67915.0,67928.0,0,13.0,14.0,67942.0,False,2,1,False,accurate,0,0,False,False,97,False,True,,,,,,,,,,,
9704,67928.0,67928.0,67941.5000038147,0,13.500003814697266,13.500003814697266,67956.0,False,1,0,False,accurate,1,1,False,False,95,False,True,,,,,,,,,,,
9705,67935.0,67941.5000038147,67954.40000534058,0,12.900001525878906,19.400005340576172,67963.0,False,2,1,False,accurate,1,1,False,False,94,False,True,,,,,,,,,,,
9708,67956.0,67956.0,67970.29999923706,0,14.299999237060547,14.299999237060547,67984.0,False,1,0,False,accurate,1,1,False,False,91,False,True,,,,,,,,,,,
9709,67963.0,67970.29999923706,67983.80000305176,0,13.500003814697266,20.800003051757812,67991.0,False,2,1,False,accurate,1,1,False,False,90,False,True,,,,,,,,,,,
9710,67970.0,67983.80000305176,68001.70000076294,0,17.89999771118164,31.700000762939453,67998.0,True,3,2,False,accurate,0,0,False,False,89,False,False,,,,,,,,,,,
9711,67977.0,68001.70000076294,68030.79999923706,0,29.099998474121094,53.79999923706055,68005.0,True,3,2,False,accurate,0,0,False,False,88,False,False,,,,,,,,,,,
9712,67984.0,68030.79999923706,68051.70000076294,0,20.900001525878906,67.70000076293945,68012.0,True,3,2,False,accurate,0,0,False,False,87,False,False,,,,,,,,,,,
9714,67998.0,68051.70000076294,68064.59999847412,0,12.89999771118164,66.5999984741211,68026.0,True,4,3,False,accurate,0,0,False,False,85,False,False,,,,,,,,,,,
9715,68005.0,68064.59999847412,68079.69999694824,0,15.099998474121094,74.69999694824219,68033.0,True,4,3,False,accurate,1,1,False,False,84,False,False,,,,,,,,,,,
9716,68012.0,68079.69999694824,68093.59999465942,0,13.89999771118164,81.59999465942383,68040.0,True,5,4,False,accurate,0,0,False,False,83,False,False,,,,,,,,,,,
9719,68033.0,68093.59999465942,68108.9999961853,0,15.400001525878906,75.99999618530273,68061.0,True,5,4,False,accurate,0,0,False,False,80,False,False,,,,,,,,,,,
9723,68061.0,68108.9999961853,68125.9999961853,0,17.0,64.99999618530273,68089.0,True,5,4,False,accurate,1,1,False,False,76,False,False,,,,,,,,,,,
9724,68068.0,68125.9999961853,68138.69999313354,0,12.699996948242188,70.69999313354492,68096.0,True,5,4,False,accurate,0,0,False,False,75,False,False,,,,,,,,,,,
9727,68089.0,68138.69999313354,68151.29998779297,0,12.599994659423828,62.29998779296875,68117.0,True,5,4,False,accurate,1,1,False,False,72,False,False,,,,,,,,,,,
9732,68124.0,68151.29998779297,68164.19998931885,0,12.900001525878906,40.199989318847656,68152.0,True,4,3,False,accurate,0,0,False,False,67,False,False,,,,,,,,,,,
9736,68152.0,68164.19998931885,68178.39998626709,0,14.199996948242188,26.399986267089844,68180.0,False,2,1,False,accurate,1,1,False,False,63,False,True,,,,,,,,,,,
9740,68180.0,68180.0,68192.29999923706,0,12.299999237060547,12.299999237060547,68208.0,False,1,0,False,accurate,0,0,False,False,59,False,True,,,,,,,,,,,
9745,68215.0,68215.0,68236.60000228882,0,21.60000228881836,21.60000228881836,68243.0,False,1,0,False,accurate,0,0,False,False,54,False,True,,,,,,,,,,,
9746,68222.0,68236.60000228882,68247.60000228882,0,11.0,25.60000228881836,68250.0,False,2,1,False,accurate,0,0,False,False,53,False,True,,,,,,,,,,,
9747,68229.0,68247.60000228882,68258.10000228882,0,10.5,29.10000228881836,68257.0,True,3,2,False,accurate,0,0,False,False,52,False,False,,,,,,,,,,,
9748,68236.0,68258.10000228882,68271.40000152588,0,13.299999237060547,35.400001525878906,68264.0,True,4,3,False,accurate,0,0,False,False,51,False,False,,,,,,,,,,,
9751,68257.0,68271.40000152588,68300.20000457764,0,28.800003051757812,43.20000457763672,68285.0,True,3,2,False,accurate,1,1,False,False,48,False,False,,,,,,,,,,,
9752,68264.0,68300.20000457764,68324.20000457764,0,24.0,60.20000457763672,68292.0,True,3,2,False,accurate,1,1,False,False,47,False,False,,,,,,,,,,,
9754,68278.0,68324.20000457764,68339.0000038147,0,14.799999237060547,61.000003814697266,68306.0,True,3,2,False,accurate,0,0,False,False,45,False,False,,,,,,,,,,,
9756,68292.0,68339.0000038147,68353.60000610352,0,14.60000228881836,61.600006103515625,68320.0,True,4,3,False,accurate,0,0,False,False,43,False,False,,,,,,,,,,,
9758,68306.0,68353.60000610352,68364.80000686646,0,11.200000762939453,58.80000686645508,68334.0,True,4,3,False,accurate,0,0,False,False,41,False,False,,,,,,,,,,,
9763,68341.0,68364.80000686646,68390.76125440598,0,25.96124753952026,49.76125440598116,68369.0,True,3,2,False,accurate,0,0,False,False,36,False,False,,,,,,,,,,,
9766,68362.0,68390.76125440598,68409.97625789643,0,19.215003490447998,47.97625789642916,68390.0,True,3,2,False,accurate,0,0,False,False,33,False,False,,,,,,,,,,,
9768,68376.0,68409.97625789643,68431.53625921985,0,21.560001323421805,55.53625921985076,68404.0,True,3,2,False,accurate,0,0,False,False,31,False,False,,,,,,,,,,,
9770,68390.0,68431.53625921985,68449.14042571267,0,17.604166492819786,59.14042571267055,68418.0,True,4,3,False,accurate,0,0,False,False,29,False,False,,,,,,,,,,,
9772,68404.0,68449.14042571267,68464.2604215928,0,15.119995880126954,60.26042159280041,68432.0,True,4,3,False,accurate,0,0,False,False,27,False,False,,,,,,,,,,,
9773,68411.0,68464.2604215928,68486.05416666895,0,21.79374507615961,75.05416666895326,68439.0,True,4,3,False,accurate,0,0,False,False,26,False,False,,,,,,,,,,,
9774,68418.0,68486.05416666895,68501.81250090292,0,15.758334233959511,83.81250090291724,68446.0,True,5,4,False,accurate,0,0,False,False,25,False,False,,,,,,,,,,,
9775,68425.0,68501.81250090292,68517.84625186613,0,16.03375096321106,92.84625186612539,68453.0,True,6,5,True,accurate,0,0,False,False,24,False,False,,,,,,,,,,,
9777,68439.0,68517.84625186613,68535.54750727615,0,17.70125541001555,96.54750727614737,68467.0,True,6,5,True,accurate,1,1,False,False,22,False,False,,,,,,,,,,,
9780,68460.0,68535.54750727615,68558.104174865,0,22.556667588849866,98.10417486500228,68488.0,True,6,5,True,accurate,0,0,False,False,19,False,False,,,,,,,,,,,
9786,68502.0,68558.104174865,68572.00417639088,0,13.900001525878906,70.00417639088118,68530.0,True,4,3,False,accurate,1,1,False,False,13,False,False,,,,,,,,,,,
9789,68523.0,68572.00417639088,68584.80417562794,0,12.799999237060547,61.80417562794173,68551.0,True,4,3,False,accurate,0,0,False,False,10,False,False,,,,,,,,,,,
9798,68586.0,68586.0,68605.0,0,19.0,19.0,68614.0,False,1,0,False,accurate,0,0,False,False,1,True,True,,,,,,,,,,,
9800,68600.0,68605.0,68619.80000305176,0,14.800003051757812,19.800003051757812,68628.0,False,2,1,False,accurate,0,0,False,False,99,False,True,,,,,,,,,,,
9803,68621.0,68621.0,68634.79999923706,0,13.799999237060547,13.799999237060547,68649.0,False,1,0,False,accurate,0,0,False,False,96,False,True,,,,,,,,,,,
9805,68635.0,68635.0,68650.10000228882,0,15.10000228881836,15.10000228881836,68663.0,False,1,0,False,accurate,1,1,False,False,94,False,True,,,,,,,,,,,
9806,68642.0,68650.10000228882,68664.40000152588,0,14.299999237060547,22.400001525878906,68670.0,False,2,1,False,accurate,0,0,False,False,93,False,True,,,,,,,,,,,
9813,68691.0,68691.0,68705.90000152588,0,14.900001525878906,14.900001525878906,68719.0,False,1,0,False,accurate,1,1,False,False,86,False,True,,,,,,,,,,,
9817,68719.0,68719.0,68737.09999847412,0,18.099998474121094,18.099998474121094,68747.0,False,1,0,False,accurate,1,1,False,False,82,False,True,,,,,,,,,,,
9818,68726.0,68737.09999847412,68747.19999694824,0,10.099998474121094,21.199996948242188,68754.0,False,2,1,False,accurate,0,0,False,False,81,False,True,,,,,,,,,,,
9821,68747.0,68747.19999694824,68763.69999694824,0,16.5,16.699996948242188,68775.0,False,2,1,False,accurate,1,1,False,False,78,False,True,,,,,,,,,,,
9822,68754.0,68763.69999694824,68775.59999847412,0,11.900001525878906,21.599998474121094,68782.0,False,2,1,False,accurate,0,0,False,False,77,False,True,,,,,,,,,,,
9823,68761.0,68775.59999847412,68794.79999923706,0,19.200000762939453,33.79999923706055,68789.0,True,3,2,False,accurate,1,1,False,False,76,False,False,,,,,,,,,,,
9825,68775.0,68794.79999923706,68808.79999542236,0,13.999996185302734,33.79999542236328,68803.0,True,3,2,False,accurate,1,1,False,False,74,False,False,,,,,,,,,,,
9828,68796.0,68808.79999542236,68820.69999694824,0,11.900001525878906,24.699996948242188,68824.0,False,2,1,False,accurate,0,0,False,False,71,False,True,,,,,,,,,,,
9831,68817.0,68820.69999694824,68833.09999465942,0,12.39999771118164,16.099994659423828,68845.0,False,2,1,False,accurate,0,0,False,False,68,False,True,,,,,,,,,,,
9832,68824.0,68833.09999465942,68850.69999694824,0,17.60000228881836,26.699996948242188,68852.0,False,2,1,False,accurate,0,0,False,False,67,False,True,,,,,,,,,,,
9835,68845.0,68850.69999694824,68863.39999389648,0,12.699996948242188,18.399993896484375,68873.0,False,2,1,False,accurate,1,1,False,False,64,False,True,,,,,,,,,,,
9836,68852.0,68863.39999389648,68876.59999847412,0,13.200004577636719,24.599998474121094,68880.0,False,2,1,False,accurate,1,1,False,False,63,False,True,,,,,,,,,,,
9837,68859.0,68876.59999847412,68889.5,0,12.900001525878906,30.5,68887.0,True,3,2,False,accurate,0,0,False,False,62,False,False,,,,,,,,,,,
9838,68866.0,68889.5,68906.80000305176,0,17.300003051757812,40.80000305175781,68894.0,True,3,2,False,accurate,0,0,False,False,61,False,False,,,,,,,,,,,
9841,68887.0,68906.80000305176,68921.5000038147,0,14.700000762939453,34.500003814697266,68915.0,True,3,2,False,accurate,1,1,False,False,58,False,False,,,,,,,,,,,
9843,68901.0,68921.5000038147,68935.70000457764,0,14.200000762939453,34.70000457763672,68929.0,True,3,2,False,accurate,0,0,False,False,56,False,False,,,,,,,,,,,
9849,68943.0,68943.0,68956.0000038147,0,13.000003814697266,13.000003814697266,68971.0,False,1,0,False,accurate,1,1,False,False,50,False,True,,,,,,,,,,,
9850,68950.0,68956.0000038147,68970.0000076294,0,14.000003814697266,20.00000762939453,68978.0,False,2,1,False,accurate,1,1,False,False,49,False,True,,,,,,,,,,,
9853,68971.0,68971.0,68983.59999847412,0,12.599998474121094,12.599998474121094,68999.0,False,1,0,False,accurate,0,0,False,False,46,False,True,,,,,,,,,,,
9855,68985.0,68985.0,68998.0,0,13.0,13.0,69013.0,False,1,0,False,accurate,0,0,False,False,44,False,True,,,,,,,,,,,
9856,68992.0,68998.0,69016.0000038147,0,18.000003814697266,24.000003814697266,69020.0,False,2,1,False,accurate,0,0,False,False,43,False,True,,,,,,,,,,,
9857,68999.0,69016.0000038147,69031.60000228882,0,15.599998474121094,32.60000228881836,69027.0,True,2,1,False,accurate,0,0,False,False,42,False,False,,,,,,,,,,,
9861,69027.0,69031.60000228882,69044.60000228882,0,13.0,17.60000228881836,69055.0,False,2,1,False,accurate,0,0,False,False,38,False,True,,,,,,,,,,,
9865,69055.0,69055.0,69067.40000152588,0,12.400001525878906,12.400001525878906,69083.0,False,1,0,False,accurate,0,0,False,False,34,False,True,,,,,,,,,,,
9868,69076.0,69076.0,69088.79999923706,0,12.799999237060547,12.799999237060547,69104.0,False,1,0,False,accurate,0,0,False,False,31,False,True,,,,,,,,,,,
9870,69090.0,69090.0,69103.09999847412,0,13.099998474121094,13.099998474121094,69118.0,False,1,0,False,accurate,0,0,False,False,29,False,True,,,,,,,,,,,
9871,69097.0,69103.09999847412,69117.19999694824,0,14.099998474121094,20.199996948242188,69125.0,False,2,1,False,accurate,0,0,False,False,28,False,True,,,,,,,,,,,
9874,69118.0,69118.0,69136.40000152588,0,18.400001525878906,18.400001525878906,69146.0,False,1,0,False,accurate,1,1,False,False,25,False,True,,,,,,,,,,,
9875,69125.0,69136.40000152588,69151.70000076294,0,15.299999237060547,26.700000762939453,69153.0,False,2,1,False,accurate,1,1,False,False,24,False,True,,,,,,,,,,,
9877,69139.0,69151.70000076294,69163.60000228882,0,11.900001525878906,24.60000228881836,69167.0,False,2,1,False,accurate,0,0,False,False,22,False,True,,,,,,,,,,,
9887,69209.0,69209.0,69225.70000076294,0,16.700000762939453,16.700000762939453,69237.0,False,1,0,False,accurate,0,0,False,False,12,False,True,,,,,,,,,,,
9889,69223.0,69225.70000076294,69239.70000076294,0,14.0,16.700000762939453,69251.0,False,2,1,False,accurate,0,0,False,False,10,False,True,,,,,,,,,,,
9890,69230.0,69239.70000076294,69254.40000152588,0,14.700000762939453,24.400001525878906,69258.0,False,2,1,False,accurate,0,0,False,False,9,False,True,,,,,,,,,,,
9892,69244.0,69254.40000152588,69270.40000152588,0,16.0,26.400001525878906,69272.0,False,2,1,False,accurate,0,0,False,False,7,False,True,,,,,,,,,,,
9897,69279.0,69279.0,69293.80000305176,0,14.800003051757812,14.800003051757812,69307.0,False,1,0,False,accurate,1,1,False,False,2,True,True,,,,,,,,,,,
9898,69286.0,69293.80000305176,69308.40000152588,0,14.599998474121094,22.400001525878906,69314.0,False,2,1,False,accurate,0,0,False,False,1,True,True,,,,,,,,,,,
9899,69293.0,69308.40000152588,69319.70000076294,0,11.299999237060547,26.700000762939453,69321.0,False,3,2,False,accurate,0,0,False,True,0,True,True,,,,,,,,,,,
9900,69300.0,69319.70000076294,69335.0,0,15.299999237060547,35.0,69328.0,True,3,2,False,accurate,1,1,False,False,99,False,False,,,,,,,,,,,
9901,69307.0,69335.0,69351.29999542236,0,16.29999542236328,44.29999542236328,69335.0,True,4,3,False,accurate,0,0,False,False,98,False,False,,,,,,,,,,,
9902,69314.0,69351.29999542236,69366.79999542236,0,15.5,52.79999542236328,69342.0,True,4,3,False,accurate,0,0,False,False,97,False,False,,,,,,,,,,,
9903,69321.0,69366.79999542236,69379.29999542236,0,12.5,58.29999542236328,69349.0,True,4,3,False,accurate,1,1,False,False,96,False,False,,,,,,,,,,,
9905,69335.0,69379.29999542236,69391.39999771118,0,12.10000228881836,56.39999771118164,69363.0,True,4,3,False,accurate,0,0,False,False,94,False,False,,,,,,,,,,,
9906,69342.0,69391.39999771118,69410.69999313354,0,19.29999542236328,68.69999313354492,69370.0,True,5,4,False,accurate,0,0,False,False,93,False,False,,,,,,,,,,,
9913,69391.0,69410.69999313354,69422.59999084473,0,11.89999771118164,31.599990844726562,69419.0,True,3,2,False,accurate,0,0,False,False,86,False,False,,,,,,,,,,,
9915,69405.0,69422.59999084473,69435.99998855591,0,13.39999771118164,30.999988555908203,69433.0,True,3,2,False,accurate,0,0,False,False,84,False,False,,,,,,,,,,,
9922,69454.0,69454.0,69479.4458335489,0,25.445833548903465,25.445833548903465,69482.0,False,1,0,False,accurate,1,1,False,False,77,False,True,,,,,,,,,,,
9923,69461.0,69479.4458335489,69499.27958231866,0,19.83374876976013,38.27958231866069,69489.0,True,2,1,False,accurate,0,0,False,False,76,False,False,,,,,,,,,,,
9926,69482.0,69499.27958231866,69520.17208348215,0,20.892501163482663,38.17208348214626,69510.0,True,2,1,False,accurate,0,0,False,False,73,False,False,,,,,,,,,,,
9929,69503.0,69520.17208348215,69539.7220812887,0,19.549997806549072,36.722081288695335,69531.0,True,2,1,False,accurate,1,1,False,False,70,False,False,,,,,,,,,,,
9932,69524.0,69539.7220812887,69558.21707716883,0,18.494995880126954,34.2170771688252,69552.0,True,2,1,False,accurate,1,1,False,False,67,False,False,,,,,,,,,,,
9936,69552.0,69558.21707716883,69573.14041340917,0,14.923336240351217,21.140413409171742,69580.0,False,2,1,False,accurate,1,1,False,False,63,False,True,,,,,,,,,,,
9940,69580.0,69580.0,69593.17667011548,0,13.176670115490765,13.17667011548474,69608.0,False,1,0,False,accurate,0,0,False,False,59,False,True,,,,,,,,,,,
9941,69587.0,69593.17667011548,69607.31417426397,0,14.137504148483275,20.314174263970926,69615.0,False,2,1,False,accurate,0,0,False,False,58,False,True,,,,,,,,,,,
9942,69594.0,69607.31417426397,69636.20667350398,0,28.89249924001594,42.20667350398435,69622.0,True,2,1,False,accurate,1,1,False,False,57,False,False,,,,,,,,,,,
9943,69601.0,69636.20667350398,69662.65625764485,0,26.44958414086451,61.656257644848665,69629.0,True,3,2,False,accurate,0,0,False,False,56,False,False,,,,,,,,,,,
9944,69608.0,69662.65625764485,69681.75625993367,0,19.10000228881836,73.75625993366702,69636.0,True,3,2,False,accurate,0,0,False,False,55,False,False,,,,,,,,,,,
9945,69615.0,69681.75625993367,69705.35625840779,0,23.599998474121094,90.35625840778812,69643.0,True,4,3,False,accurate,0,0,False,False,54,False,False,,,,,,,,,,,
9947,69629.0,69705.35625840779,69721.05625535603,0,15.699996948242188,92.0562553560303,69657.0,True,5,4,False,accurate,0,0,False,False,52,False,False,,,,,,,,,,,
9950,69650.0,69721.05625535603,69736.25625611897,0,15.200000762939453,86.25625611896976,69678.0,True,5,4,False,accurate,0,0,False,False,49,False,False,,,,,,,,,,,
9951,69657.0,69736.25625611897,69748.05625535603,0,11.799999237060547,91.0562553560303,69685.0,True,6,5,True,accurate,0,0,False,False,48,False,False,,,,,,,,,,,
9954,69678.0,69748.05625535603,69760.55625535603,0,12.5,82.5562553560303,69706.0,True,6,5,True,accurate,0,0,False,False,45,False,False,,,,,,,,,,,
9955,69685.0,69760.55625535603,69773.35625459309,0,12.799999237060547,88.35625459309085,69713.0,True,6,5,True,accurate,0,0,False,False,44,False,False,,,,,,,,,,,
9957,69699.0,69773.35625459309,69786.55625535603,0,13.200000762939453,87.5562553560303,69727.0,True,7,6,True,accurate,0,0,False,False,42,False,False,,,,,,,,,,,
9958,69706.0,69786.55625535603,69817.25625611897,0,30.700000762939453,111.25625611896976,69734.0,True,7,6,True,accurate,1,0,True,False,41,False,False,,,,,,,,,,,
9960,69720.0,69817.25625611897,69835.85625459309,0,18.599998474121094,115.85625459309085,69748.0,True,8,7,True,accurate,0,0,False,False,39,False,False,,,,,,,,,,,
9962,69734.0,69835.85625459309,69850.8562507784,0,14.999996185302734,116.85625077839359,69762.0,True,8,7,True,accurate,0,0,False,False,37,False,False,,,,,,,,,,,
9969,69783.0,69850.8562507784,69862.75625230427,0,11.900001525878906,79.7562523042725,69811.0,True,5,4,False,accurate,0,0,False,False,30,False,False,,,,,,,,,,,
9972,69804.0,69862.75625230427,69877.95625306721,0,15.200000762939453,73.95625306721195,69832.0,True,5,4,False,accurate,0,0,False,False,27,False,False,,,,,,,,,,,
9974,69818.0,69877.95625306721,69893.95624925251,0,15.999996185302734,75.95624925251468,69846.0,True,5,4,False,accurate,0,0,False,False,25,False,False,,,,,,,,,,,
9975,69825.0,69893.95624925251,69910.05624772664,0,16.099998474121094,85.05624772663577,69853.0,True,6,5,True,accurate,0,0,False,False,24,False,False,,,,,,,,,,,
9977,69839.0,69910.05624772664,69924.3562469637,0,14.299999237060547,85.35624696369632,69867.0,True,6,5,True,accurate,0,0,False,False,22,False,False,,,,,,,,,,,
9979,69853.0,69924.3562469637,69937.65624620076,0,13.299999237060547,84.65624620075687,69881.0,True,6,5,True,accurate,0,0,False,False,20,False,False,,,,,,,,,,,
9982,69874.0,69937.65624620076,69963.75624848958,0,26.10000228881836,89.75624848957523,69902.0,True,6,5,True,accurate,0,0,False,False,17,False,False,,,,,,,,,,,
9985,69895.0,69963.75624848958,69983.05624772664,0,19.299999237060547,88.05624772663577,69923.0,True,5,4,False,accurate,0,0,False,False,14,False,False,,,,,,,,,,,
9986,69902.0,69983.05624772664,70007.8562469637,0,24.799999237060547,105.85624696369632,69930.0,True,6,5,True,accurate,1,1,False,False,13,False,False,,,,,,,,,,,
9988,69916.0,70007.8562469637,70026.8562469637,0,19.0,110.85624696369632,69944.0,True,6,5,True,accurate,0,0,False,False,11,False,False,,,,,,,,,,,
9990,69930.0,70026.8562469637,70048.45624543782,0,21.599998474121094,118.45624543781742,69958.0,True,6,5,True,accurate,0,0,False,False,9,False,False,,,,,,,,,,,
9991,69937.0,70048.45624543782,70070.75624467488,0,22.299999237060547,133.75624467487796,69965.0,True,7,6,True,accurate,0,0,False,False,8,False,False,,,,,,,,,,,
9992,69944.0,70070.75624467488,70090.95624162312,0,20.199996948242188,146.95624162312015,69972.0,True,7,6,True,accurate,0,0,False,False,7,False,False,,,,,,,,,,,
9997,69979.0,70090.95624162312,70117.75624086018,0,26.799999237060547,138.7562408601807,70007.0,True,7,6,True,accurate,0,0,False,False,2,True,False,,,,,,,,,,,
