shot_id,arrival_time_us,start_time_us,finish_time_us,worker_id,latency_us,response_time_us,deadline_us,deadline_miss,backlog,pauli_frame_lag,pauli_frame_lag_violation,selected_decoder,prediction,observable,logical_error,logical_boundary,rounds_until_boundary,boundary_drain,boundary_commit_success,ai_model_type,ai_history_length,ai_risk_score,ai_hard_runtime_score,ai_runtime_pred,ai_confidence,fast_wrong_prob,fast_logical_fail_prob,hard_runtime_prob,safe_fast_prob,combined_fast_risk
12,84.0,84.0,87.1900016784668,0,3.190001678466797,3.1900016784667997,112.0,False,1,0,False,fast,0,0,False,False,87,False,True,,,,,,,,,,,
13,91.0,91.0,93.94750500261785,1,2.947505002617845,2.947505002617845,119.0,False,1,0,False,fast,0,0,False,False,86,False,True,,,,,,,,,,,
16,112.0,112.0,114.9866699274381,0,2.9866699274381063,2.9866699274381006,140.0,False,1,0,False,fast,0,0,False,False,83,False,True,,,,,,,,,,,
17,119.0,119.0,137.06249989569187,1,18.06249989569187,18.06249989569187,147.0,False,1,0,False,accurate,1,1,False,False,82,False,True,,,,,,,,,,,
25,175.0,175.0,177.8000030517578,0,2.8000030517578125,2.8000030517578125,203.0,False,1,0,False,fast,0,0,False,False,74,False,True,,,,,,,,,,,
27,189.0,189.0,191.9000015258789,1,2.9000015258789062,2.9000015258789062,217.0,False,1,0,False,fast,0,0,False,False,72,False,True,,,,,,,,,,,
29,203.0,203.0,205.79999923706055,0,2.799999237060547,2.799999237060547,231.0,False,1,0,False,fast,0,0,False,False,70,False,True,,,,,,,,,,,
31,217.0,217.0,219.79999923706055,1,2.799999237060547,2.799999237060547,245.0,False,1,0,False,fast,0,0,False,False,68,False,True,,,,,,,,,,,
32,224.0,224.0,226.70000076293945,0,2.700000762939453,2.700000762939453,252.0,False,1,0,False,fast,0,0,False,False,67,False,True,,,,,,,,,,,
34,238.0,238.0,262.6999969482422,1,24.699996948242188,24.699996948242188,266.0,False,1,0,False,accurate,1,1,False,False,65,False,True,,,,,,,,,,,
35,245.0,245.0,247.70000457763672,0,2.7000045776367188,2.7000045776367188,273.0,False,2,1,False,fast,0,0,False,False,64,False,True,,,,,,,,,,,
36,252.0,252.0,254.79999923706055,0,2.799999237060547,2.799999237060547,280.0,False,2,1,False,fast,0,0,False,False,63,False,True,,,,,,,,,,,
38,266.0,266.0,278.5999984741211,0,12.599998474121094,12.599998474121094,294.0,False,1,0,False,accurate,1,1,False,False,61,False,True,,,,,,,,,,,
41,287.0,287.0,299.70000076293945,1,12.700000762939453,12.700000762939453,315.0,False,1,0,False,accurate,1,1,False,False,58,False,True,,,,,,,,,,,
42,294.0,294.0,305.79999923706055,0,11.799999237060547,11.799999237060547,322.0,False,2,1,False,accurate,1,1,False,False,57,False,True,,,,,,,,,,,
44,308.0,308.0,323.60000228881836,1,15.60000228881836,15.60000228881836,336.0,False,1,0,False,accurate,1,1,False,False,55,False,True,,,,,,,,,,,
46,322.0,322.0,324.79999923706055,0,2.799999237060547,2.799999237060547,350.0,False,2,1,False,fast,0,0,False,False,53,False,True,,,,,,,,,,,
47,329.0,329.0,331.79999923706055,1,2.799999237060547,2.799999237060547,357.0,False,1,0,False,fast,0,0,False,False,52,False,True,,,,,,,,,,,
49,343.0,343.0,345.70000076293945,0,2.700000762939453,2.700000762939453,371.0,False,1,0,False,fast,0,0,False,False,50,False,True,,,,,,,,,,,
50,350.0,350.0,362.49999618530273,1,12.499996185302734,12.499996185302734,378.0,False,1,0,False,accurate,1,1,False,False,49,False,True,,,,,,,,,,,
51,357.0,357.0,359.6999969482422,0,2.6999969482421875,2.6999969482421875,385.0,False,2,1,False,fast,0,0,False,False,48,False,True,,,,,,,,,,,
52,364.0,364.0,386.0,0,22.0,22.0,392.0,False,1,0,False,accurate,1,1,False,False,47,False,True,,,,,,,,,,,
55,385.0,385.0,402.10000228881836,1,17.10000228881836,17.10000228881836,413.0,False,2,1,False,accurate,1,1,False,False,44,False,True,,,,,,,,,,,
58,406.0,406.0,408.7000045776367,0,2.7000045776367188,2.7000045776367188,434.0,False,1,0,False,fast,0,0,False,False,41,False,True,,,,,,,,,,,
60,420.0,420.0,422.70000076293945,1,2.700000762939453,2.700000762939453,448.0,False,1,0,False,fast,0,0,False,False,39,False,True,,,,,,,,,,,
62,434.0,434.0,436.70000076293945,0,2.700000762939453,2.700000762939453,462.0,False,1,0,False,fast,0,0,False,False,37,False,True,,,,,,,,,,,
64,448.0,448.0,450.79999923706055,1,2.799999237060547,2.799999237060547,476.0,False,1,0,False,fast,0,0,False,False,35,False,True,,,,,,,,,,,
65,455.0,455.0,457.79999923706055,0,2.799999237060547,2.799999237060547,483.0,False,1,0,False,fast,0,0,False,False,34,False,True,,,,,,,,,,,
72,504.0,504.0,506.79999923706055,1,2.799999237060547,2.799999237060547,532.0,False,1,0,False,fast,0,0,False,False,27,False,True,,,,,,,,,,,
76,532.0,532.0,548.2000007629395,0,16.200000762939453,16.200000762939453,560.0,False,1,0,False,accurate,1,1,False,False,23,False,True,,,,,,,,,,,
78,546.0,546.0,548.9000015258789,1,2.9000015258789062,2.9000015258789062,574.0,False,2,1,False,fast,0,0,False,False,21,False,True,,,,,,,,,,,
79,553.0,553.0,555.7999992370605,0,2.799999237060547,2.799999237060547,581.0,False,1,0,False,fast,0,0,False,False,20,False,True,,,,,,,,,,,
80,560.0,560.0,572.9999961853027,1,12.999996185302734,12.999996185302734,588.0,False,1,0,False,accurate,1,1,False,False,19,False,True,,,,,,,,,,,
83,581.0,581.0,583.7000007629395,0,2.700000762939453,2.700000762939453,609.0,False,1,0,False,fast,0,0,False,False,16,False,True,,,,,,,,,,,
84,588.0,588.0,609.5999946594238,1,21.599994659423828,21.599994659423828,616.0,False,1,0,False,accurate,0,0,False,False,15,False,True,,,,,,,,,,,
92,644.0,644.0,646.7999992370605,0,2.799999237060547,2.799999237060547,672.0,False,1,0,False,fast,0,0,False,False,7,False,True,,,,,,,,,,,
93,651.0,651.0,663.1999969482422,1,12.199996948242188,12.199996948242188,679.0,False,1,0,False,accurate,1,1,False,False,6,False,True,,,,,,,,,,,
95,665.0,665.0,667.7000007629395,0,2.700000762939453,2.700000762939453,693.0,False,1,0,False,fast,0,0,False,False,4,False,True,,,,,,,,,,,
97,679.0,679.0,681.6000022888184,1,2.6000022888183594,2.6000022888183594,707.0,False,1,0,False,fast,0,0,False,False,2,True,True,,,,,,,,,,,
98,686.0,686.0,688.7999992370605,0,2.799999237060547,2.799999237060547,714.0,False,1,0,False,fast,0,0,False,False,1,True,True,,,,,,,,,,,
100,700.0,700.0,719.7000007629395,1,19.700000762939453,19.700000762939453,728.0,False,1,0,False,accurate,0,0,False,False,99,False,True,,,,,,,,,,,
101,707.0,707.0,720.5000038146973,0,13.500003814697266,13.500003814697266,735.0,False,2,1,False,accurate,1,1,False,False,98,False,True,,,,,,,,,,,
103,721.0,721.0,733.9000015258789,1,12.900001525878906,12.900001525878906,749.0,False,1,0,False,accurate,1,1,False,False,96,False,True,,,,,,,,,,,
109,763.0,763.0,765.6999969482422,0,2.6999969482421875,2.6999969482421875,791.0,False,1,0,False,fast,0,0,False,False,90,False,True,,,,,,,,,,,
111,777.0,777.0,779.7000007629395,1,2.700000762939453,2.700000762939453,805.0,False,1,0,False,fast,0,0,False,False,88,False,True,,,,,,,,,,,
112,784.0,784.0,786.7000045776367,0,2.7000045776367188,2.7000045776367188,812.0,False,1,0,False,fast,0,0,False,False,87,False,True,,,,,,,,,,,
114,798.0,798.0,800.7999992370605,1,2.799999237060547,2.799999237060547,826.0,False,1,0,False,fast,0,0,False,False,85,False,True,,,,,,,,,,,
117,819.0,819.0,841.7999992370605,0,22.799999237060547,22.799999237060547,847.0,False,1,0,False,accurate,0,0,False,False,82,False,True,,,,,,,,,,,
119,833.0,833.0,835.9000015258789,1,2.9000015258789062,2.9000015258789062,861.0,False,2,1,False,fast,0,0,False,False,80,False,True,,,,,,,,,,,
125,875.0,875.0,877.6999969482422,1,2.6999969482421875,2.6999969482421875,903.0,False,1,0,False,fast,0,0,False,False,74,False,True,,,,,,,,,,,
128,896.0,896.0,913.7000007629395,0,17.700000762939453,17.700000762939453,924.0,False,1,0,False,accurate,1,1,False,False,71,False,True,,,,,,,,,,,
136,952.0,952.0,969.2999992370605,1,17.299999237060547,17.299999237060547,980.0,False,1,0,False,accurate,1,1,False,False,63,False,True,,,,,,,,,,,
138,966.0,966.0,968.7999992370605,0,2.799999237060547,2.799999237060547,994.0,False,2,1,False,fast,0,0,False,False,61,False,True,,,,,,,,,,,
139,973.0,973.0,975.7999992370605,0,2.799999237060547,2.799999237060547,1001.0,False,1,0,False,fast,0,0,False,False,60,False,True,,,,,,,,,,,
141,987.0,987.0,989.6999969482422,1,2.6999969482421875,2.6999969482421875,1015.0,False,1,0,False,fast,0,0,False,False,58,False,True,,,,,,,,,,,
142,994.0,994.0,996.6999969482422,0,2.6999969482421875,2.6999969482421875,1022.0,False,1,0,False,fast,0,0,False,False,57,False,True,,,,,,,,,,,
144,1008.0,1008.0,1010.7000007629395,1,2.700000762939453,2.700000762939453,1036.0,False,1,0,False,fast,0,0,False,False,55,False,True,,,,,,,,,,,
146,1022.0,1022.0,1024.6999969482422,0,2.6999969482421875,2.6999969482421875,1050.0,False,1,0,False,fast,0,0,False,False,53,False,True,,,,,,,,,,,
152,1064.0,1064.0,1084.3000030517578,1,20.300003051757812,20.300003051757812,1092.0,False,1,0,False,accurate,0,0,False,False,47,False,True,,,,,,,,,,,
153,1071.0,1071.0,1093.0999946594238,0,22.099994659423828,22.099994659423828,1099.0,False,2,1,False,accurate,1,1,False,False,46,False,True,,,,,,,,,,,
154,1078.0,1084.3000030517578,1108.1000022888184,1,23.799999237060547,30.10000228881836,1106.0,True,3,2,False,accurate,0,0,False,False,45,False,False,,,,,,,,,,,
156,1092.0,1093.0999946594238,1115.8999938964844,0,22.799999237060547,23.899993896484375,1120.0,False,3,2,False,accurate,1,1,False,False,43,False,True,,,,,,,,,,,
158,1106.0,1108.1000022888184,1130.7000045776367,1,22.60000228881836,24.70000457763672,1134.0,False,3,2,False,accurate,0,0,False,False,41,False,True,,,,,,,,,,,
159,1113.0,1115.8999938964844,1129.2999954223633,0,13.400001525878906,16.29999542236328,1141.0,False,3,2,False,accurate,1,1,False,False,40,False,True,,,,,,,,,,,
161,1127.0,1129.2999954223633,1154.1954144312938,0,24.895419008930503,27.195414431293784,1155.0,False,3,2,False,accurate,1,1,False,False,38,False,True,,,,,,,,,,,
163,1141.0,1141.0,1161.9624938488007,1,20.96249384880066,20.962493848800705,1169.0,False,2,1,False,accurate,0,0,False,False,36,False,True,,,,,,,,,,,
168,1176.0,1176.0,1202.1066657952467,0,26.106665795246748,26.106665795246727,1204.0,False,1,0,False,accurate,0,0,False,False,31,False,True,,,,,,,,,,,
171,1197.0,1197.0,1214.791247022748,1,17.791247022747964,17.79124702274794,1225.0,False,2,1,False,accurate,1,1,False,False,28,False,True,,,,,,,,,,,
173,1211.0,1211.0,1231.4729117358725,0,20.4729117358724,20.472911735872458,1239.0,False,2,1,False,accurate,0,0,False,False,26,False,True,,,,,,,,,,,
175,1225.0,1225.0,1246.4625,1,21.4625,21.46250000000009,1253.0,False,2,1,False,accurate,0,0,False,False,24,False,True,,,,,,,,,,,
177,1239.0,1239.0,1241.7516650466125,0,2.7516650466124246,2.7516650466125157,1267.0,False,2,1,False,fast,0,0,False,False,22,False,True,,,,,,,,,,,
179,1253.0,1253.0,1255.8125007920464,0,2.812500792046387,2.8125007920464213,1281.0,False,1,0,False,fast,0,0,False,False,20,False,True,,,,,,,,,,,
180,1260.0,1260.0,1273.4000000417232,1,13.400000041723253,13.40000004172316,1288.0,False,1,0,False,accurate,1,1,False,False,19,False,True,,,,,,,,,,,
186,1302.0,1302.0,1316.7000007629395,0,14.700000762939453,14.700000762939453,1330.0,False,1,0,False,accurate,1,1,False,False,13,False,True,,,,,,,,,,,
187,1309.0,1309.0,1311.6999969482422,1,2.6999969482421875,2.6999969482421875,1337.0,False,2,1,False,fast,0,0,False,False,12,False,True,,,,,,,,,,,
188,1316.0,1316.0,1318.6999969482422,1,2.6999969482421875,2.6999969482421875,1344.0,False,2,1,False,fast,0,0,False,False,11,False,True,,,,,,,,,,,
189,1323.0,1323.0,1334.8999977111816,0,11.89999771118164,11.89999771118164,1351.0,False,1,0,False,accurate,1,1,False,False,10,False,True,,,,,,,,,,,
190,1330.0,1330.0,1332.7999992370605,1,2.799999237060547,2.799999237060547,1358.0,False,2,1,False,fast,0,0,False,False,9,False,True,,,,,,,,,,,
195,1365.0,1365.0,1381.900001525879,1,16.900001525878906,16.900001525878906,1393.0,False,1,0,False,accurate,1,1,False,False,4,False,True,,,,,,,,,,,
196,1372.0,1372.0,1375.2999992370605,0,3.299999237060547,3.299999237060547,1400.0,False,2,1,False,fast,0,0,False,False,3,False,True,,,,,,,,,,,
197,1379.0,1379.0,1412.2000007629395,0,33.20000076293945,33.20000076293945,1407.0,True,2,1,False,accurate,1,1,False,False,2,True,False,,,,,,,,,,,
199,1393.0,1393.0,1395.900001525879,1,2.9000015258789062,2.9000015258789062,1421.0,False,2,1,False,fast,0,0,False,True,0,True,True,,,,,,,,,,,
201,1407.0,1407.0,1409.6999969482422,1,2.6999969482421875,2.6999969482421875,1435.0,False,2,1,False,fast,0,0,False,False,98,False,True,,,,,,,,,,,
202,1414.0,1414.0,1416.6999969482422,1,2.6999969482421875,2.6999969482421875,1442.0,False,1,0,False,fast,0,0,False,False,97,False,True,,,,,,,,,,,
207,1449.0,1449.0,1451.7000007629395,0,2.700000762939453,2.700000762939453,1477.0,False,1,0,False,fast,0,0,False,False,92,False,True,,,,,,,,,,,
209,1463.0,1463.0,1465.7000007629395,1,2.700000762939453,2.700000762939453,1491.0,False,1,0,False,fast,0,0,False,False,90,False,True,,,,,,,,,,,
210,1470.0,1470.0,1472.8999977111816,0,2.8999977111816406,2.8999977111816406,1498.0,False,1,0,False,fast,0,0,False,False,89,False,True,,,,,,,,,,,
214,1498.0,1498.0,1514.0000038146973,1,16.000003814697266,16.000003814697266,1526.0,False,1,0,False,accurate,1,1,False,False,85,False,True,,,,,,,,,,,
216,1512.0,1512.0,1514.7999992370605,0,2.799999237060547,2.799999237060547,1540.0,False,2,1,False,fast,0,0,False,False,83,False,True,,,,,,,,,,,
218,1526.0,1526.0,1528.7999992370605,1,2.799999237060547,2.799999237060547,1554.0,False,1,0,False,fast,0,0,False,False,81,False,True,,,,,,,,,,,
221,1547.0,1547.0,1549.8000030517578,0,2.8000030517578125,2.8000030517578125,1575.0,False,1,0,False,fast,0,0,False,False,78,False,True,,,,,,,,,,,
222,1554.0,1554.0,1571.900001525879,1,17.900001525878906,17.900001525878906,1582.0,False,1,0,False,accurate,1,1,False,False,77,False,True,,,,,,,,,,,
224,1568.0,1568.0,1570.7000007629395,0,2.700000762939453,2.700000762939453,1596.0,False,2,1,False,fast,0,0,False,False,75,False,True,,,,,,,,,,,
225,1575.0,1575.0,1577.7000007629395,0,2.700000762939453,2.700000762939453,1603.0,False,1,0,False,fast,0,0,False,False,74,False,True,,,,,,,,,,,
226,1582.0,1582.0,1584.7999992370605,1,2.799999237060547,2.799999237060547,1610.0,False,1,0,False,fast,0,0,False,False,73,False,True,,,,,,,,,,,
231,1617.0,1617.0,1619.6999969482422,0,2.6999969482421875,2.6999969482421875,1645.0,False,1,0,False,fast,0,0,False,False,68,False,True,,,,,,,,,,,
232,1624.0,1624.0,1626.900001525879,1,2.9000015258789062,2.9000015258789062,1652.0,False,1,0,False,fast,0,0,False,False,67,False,True,,,,,,,,,,,
239,1673.0,1673.0,1694.8999977111816,0,21.89999771118164,21.89999771118164,1701.0,False,1,0,False,accurate,0,0,False,False,60,False,True,,,,,,,,,,,
243,1701.0,1701.0,1712.7999992370605,1,11.799999237060547,11.799999237060547,1729.0,False,1,0,False,accurate,1,1,False,False,56,False,True,,,,,,,,,,,
244,1708.0,1708.0,1710.8000030517578,0,2.8000030517578125,2.8000030517578125,1736.0,False,2,1,False,fast,0,0,False,False,55,False,True,,,,,,,,,,,
245,1715.0,1715.0,1717.7000007629395,0,2.700000762939453,2.700000762939453,1743.0,False,1,0,False,fast,0,0,False,False,54,False,True,,,,,,,,,,,
246,1722.0,1722.0,1743.3000030517578,1,21.300003051757812,21.300003051757812,1750.0,False,1,0,False,accurate,1,1,False,False,53,False,True,,,,,,,,,,,
247,1729.0,1729.0,1731.7000007629395,0,2.700000762939453,2.700000762939453,1757.0,False,2,1,False,fast,0,0,False,False,52,False,True,,,,,,,,,,,
248,1736.0,1736.0,1752.7000007629395,0,16.700000762939453,16.700000762939453,1764.0,False,2,1,False,accurate,1,1,False,False,51,False,True,,,,,,,,,,,
251,1757.0,1757.0,1759.7000045776367,1,2.7000045776367188,2.7000045776367188,1785.0,False,1,0,False,fast,0,0,False,False,48,False,True,,,,,,,,,,,
252,1764.0,1764.0,1781.400001525879,0,17.400001525878906,17.400001525878906,1792.0,False,1,0,False,accurate,1,1,False,False,47,False,True,,,,,,,,,,,
253,1771.0,1771.0,1790.1000022888184,1,19.10000228881836,19.10000228881836,1799.0,False,2,1,False,accurate,1,1,False,False,46,False,True,,,,,,,,,,,
255,1785.0,1785.0,1787.7000007629395,0,2.700000762939453,2.700000762939453,1813.0,False,2,1,False,fast,0,0,False,False,44,False,True,,,,,,,,,,,
256,1792.0,1792.0,1804.8999977111816,0,12.89999771118164,12.89999771118164,1820.0,False,1,0,False,accurate,1,1,False,False,43,False,True,,,,,,,,,,,
257,1799.0,1799.0,1801.7999992370605,1,2.799999237060547,2.799999237060547,1827.0,False,2,1,False,fast,0,0,False,False,42,False,True,,,,,,,,,,,
259,1813.0,1813.0,1815.7000007629395,1,2.700000762939453,2.700000762939453,1841.0,False,1,0,False,fast,0,0,False,False,40,False,True,,,,,,,,,,,
266,1862.0,1862.0,1875.6000022888184,0,13.60000228881836,13.60000228881836,1890.0,False,1,0,False,accurate,1,1,False,False,33,False,True,,,,,,,,,,,
267,1869.0,1869.0,1889.2999992370605,1,20.299999237060547,20.299999237060547,1897.0,False,2,1,False,accurate,0,0,False,False,32,False,True,,,,,,,,,,,
268,1876.0,1876.0,1878.7000007629395,0,2.700000762939453,2.700000762939453,1904.0,False,2,1,False,fast,0,0,False,False,31,False,True,,,,,,,,,,,
272,1904.0,1904.0,1918.400001525879,0,14.400001525878906,14.400001525878906,1932.0,False,1,0,False,accurate,1,1,False,False,27,False,True,,,,,,,,,,,
274,1918.0,1918.0,1920.6999969482422,1,2.6999969482421875,2.6999969482421875,1946.0,False,2,1,False,fast,0,0,False,False,25,False,True,,,,,,,,,,,
275,1925.0,1925.0,1927.7999992370605,0,2.799999237060547,2.799999237060547,1953.0,False,1,0,False,fast,0,0,False,False,24,False,True,,,,,,,,,,,
276,1932.0,1932.0,1934.6999969482422,1,2.6999969482421875,2.6999969482421875,1960.0,False,1,0,False,fast,0,0,False,False,23,False,True,,,,,,,,,,,
278,1946.0,1946.0,1948.7999992370605,0,2.799999237060547,2.799999237060547,1974.0,False,1,0,False,fast,0,0,False,False,21,False,True,,,,,,,,,,,
279,1953.0,1953.0,1955.8000030517578,1,2.8000030517578125,2.8000030517578125,1981.0,False,1,0,False,fast,0,0,False,False,20,False,True,,,,,,,,,,,
282,1974.0,1974.0,1987.1000022888184,0,13.10000228881836,13.10000228881836,2002.0,False,1,0,False,accurate,1,1,False,False,17,False,True,,,,,,,,,,,
283,1981.0,1981.0,1983.6999969482422,1,2.6999969482421875,2.6999969482421875,2009.0,False,2,1,False,fast,0,0,False,False,16,False,True,,,,,,,,,,,
287,2009.0,2009.0,2024.0000038146973,1,15.000003814697266,15.000003814697266,2037.0,False,1,0,False,accurate,1,1,False,False,12,False,True,,,,,,,,,,,
290,2030.0,2030.0,2032.6999969482422,0,2.6999969482421875,2.6999969482421875,2058.0,False,1,0,False,fast,0,0,False,False,9,False,True,,,,,,,,,,,
291,2037.0,2037.0,2039.7999992370605,1,2.799999237060547,2.799999237060547,2065.0,False,1,0,False,fast,0,0,False,False,8,False,True,,,,,,,,,,,
295,2065.0,2065.0,2067.7999992370605,0,2.799999237060547,2.799999237060547,2093.0,False,1,0,False,fast,0,0,False,False,4,False,True,,,,,,,,,,,
298,2086.0,2086.0,2101.6000022888184,1,15.60000228881836,15.60000228881836,2114.0,False,1,0,False,accurate,1,1,False,False,1,True,True,,,,,,,,,,,
303,2121.0,2121.0,2123.8999977111816,0,2.8999977111816406,2.8999977111816406,2149.0,False,1,0,False,fast,0,0,False,False,96,False,True,,,,,,,,,,,
304,2128.0,2128.0,2130.900001525879,1,2.9000015258789062,2.9000015258789062,2156.0,False,1,0,False,fast,0,0,False,False,95,False,True,,,,,,,,,,,
306,2142.0,2142.0,2144.7999992370605,0,2.799999237060547,2.799999237060547,2170.0,False,1,0,False,fast,0,0,False,False,93,False,True,,,,,,,,,,,
307,2149.0,2149.0,2162.3999977111816,1,13.39999771118164,13.39999771118164,2177.0,False,1,0,False,accurate,1,1,False,False,92,False,True,,,,,,,,,,,
309,2163.0,2163.0,2176.199996948242,0,13.199996948242188,13.199996948242188,2191.0,False,1,0,False,accurate,1,1,False,False,90,False,True,,,,,,,,,,,
310,2170.0,2170.0,2172.900001525879,1,2.9000015258789062,2.9000015258789062,2198.0,False,2,1,False,fast,0,0,False,False,89,False,True,,,,,,,,,,,
312,2184.0,2184.0,2201.7000007629395,1,17.700000762939453,17.700000762939453,2212.0,False,1,0,False,accurate,1,1,False,False,87,False,True,,,,,,,,,,,
313,2191.0,2191.0,2203.2000045776367,0,12.200004577636719,12.200004577636719,2219.0,False,2,1,False,accurate,1,1,False,False,86,False,True,,,,,,,,,,,
316,2212.0,2212.0,2214.699996948242,1,2.6999969482421875,2.6999969482421875,2240.0,False,1,0,False,fast,0,0,False,False,83,False,True,,,,,,,,,,,
319,2233.0,2233.0,2235.7999992370605,0,2.799999237060547,2.799999237060547,2261.0,False,1,0,False,fast,0,0,False,False,80,False,True,,,,,,,,,,,
322,2254.0,2254.0,2274.52083350718,1,20.520833507180214,20.520833507180214,2282.0,False,1,0,False,accurate,0,0,False,False,77,False,True,,,,,,,,,,,
323,2261.0,2261.0,2291.3150049209594,0,30.31500492095947,30.31500492095938,2289.0,True,2,1,False,accurate,0,0,False,False,76,False,False,,,,,,,,,,,
325,2275.0,2275.0,2299.555838296016,1,24.555838296016102,24.55583829601619,2303.0,False,2,1,False,accurate,1,1,False,False,74,False,True,,,,,,,,,,,
327,2289.0,2291.3150049209594,2294.397505781253,0,3.082500860293703,5.39750578125313,2317.0,False,3,2,False,fast,0,0,False,False,72,False,True,,,,,,,,,,,
328,2296.0,2296.0,2318.586663523912,0,22.586663523912396,22.586663523912193,2324.0,False,2,1,False,accurate,1,1,False,False,71,False,True,,,,,,,,,,,
329,2303.0,2303.0,2306.0375051498413,1,3.0375051498413086,3.0375051498413086,2331.0,False,2,1,False,fast,0,0,False,False,70,False,True,,,,,,,,,,,
330,2310.0,2310.0,2313.1266658035915,1,3.1266658035914134,3.1266658035915498,2338.0,False,2,1,False,fast,0,0,False,False,69,False,True,,,,,,,,,,,
331,2317.0,2317.0,2339.066672150294,1,22.06667215029404,22.066672150293925,2345.0,False,2,1,False,accurate,0,0,False,False,68,False,True,,,,,,,,,,,
333,2331.0,2331.0,2350.9445814229052,0,19.944581422905117,19.94458142290523,2359.0,False,2,1,False,accurate,1,1,False,False,66,False,True,,,,,,,,,,,
337,2359.0,2359.0,2379.952497122884,1,20.952497122883813,20.95249712288387,2387.0,False,1,0,False,accurate,0,0,False,False,62,False,True,,,,,,,,,,,
339,2373.0,2373.0,2375.8125047656895,0,2.812504765689368,2.812504765689482,2401.0,False,2,1,False,fast,0,0,False,False,60,False,True,,,,,,,,,,,
340,2380.0,2380.0,2382.893332547744,0,2.8933325477441145,2.893332547744194,2408.0,False,1,0,False,fast,0,0,False,False,59,False,True,,,,,,,,,,,
342,2394.0,2394.0,2407.970000830392,1,13.970000830392044,13.97000083039211,2422.0,False,1,0,False,accurate,1,1,False,False,57,False,True,,,,,,,,,,,
343,2401.0,2401.0,2425.700000020862,0,24.700000020861623,24.700000020861808,2429.0,False,2,1,False,accurate,0,0,False,False,56,False,True,,,,,,,,,,,
346,2422.0,2422.0,2424.7000007629395,1,2.700000762939453,2.700000762939453,2450.0,False,2,1,False,fast,0,0,False,False,53,False,True,,,,,,,,,,,
348,2436.0,2436.0,2447.2000007629395,1,11.200000762939453,11.200000762939453,2464.0,False,1,0,False,accurate,1,1,False,False,51,False,True,,,,,,,,,,,
350,2450.0,2450.0,2462.5,0,12.5,12.5,2478.0,False,1,0,False,accurate,1,1,False,False,49,False,True,,,,,,,,,,,
351,2457.0,2457.0,2459.7000045776367,1,2.7000045776367188,2.7000045776367188,2485.0,False,2,1,False,fast,0,0,False,False,48,False,True,,,,,,,,,,,
353,2471.0,2471.0,2486.7000007629395,1,15.700000762939453,15.700000762939453,2499.0,False,1,0,False,accurate,1,1,False,False,46,False,True,,,,,,,,,,,
354,2478.0,2478.0,2480.699996948242,0,2.6999969482421875,2.6999969482421875,2506.0,False,2,1,False,fast,0,0,False,False,45,False,True,,,,,,,,,,,
356,2492.0,2492.0,2494.7999992370605,0,2.799999237060547,2.799999237060547,2520.0,False,1,0,False,fast,0,0,False,False,43,False,True,,,,,,,,,,,
357,2499.0,2499.0,2501.599998474121,1,2.5999984741210938,2.5999984741210938,2527.0,False,1,0,False,fast,0,0,False,False,42,False,True,,,,,,,,,,,
358,2506.0,2506.0,2517.400001525879,0,11.400001525878906,11.400001525878906,2534.0,False,1,0,False,accurate,1,1,False,False,41,False,True,,,,,,,,,,,
362,2534.0,2534.0,2536.7999992370605,1,2.799999237060547,2.799999237060547,2562.0,False,1,0,False,fast,0,0,False,False,37,False,True,,,,,,,,,,,
368,2576.0,2576.0,2578.7999992370605,0,2.799999237060547,2.799999237060547,2604.0,False,1,0,False,fast,0,0,False,False,31,False,True,,,,,,,,,,,
370,2590.0,2590.0,2622.5,1,32.5,32.5,2618.0,True,1,0,False,accurate,1,1,False,False,29,False,False,,,,,,,,,,,
371,2597.0,2597.0,2609.2000045776367,0,12.200004577636719,12.200004577636719,2625.0,False,2,1,False,accurate,1,1,False,False,28,False,True,,,,,,,,,,,
372,2604.0,2609.2000045776367,2626.400005340576,0,17.200000762939453,22.400005340576172,2632.0,False,3,2,False,accurate,1,1,False,False,27,False,True,,,,,,,,,,,
373,2611.0,2622.5,2636.8999977111816,1,14.39999771118164,25.89999771118164,2639.0,False,3,2,False,accurate,1,1,False,False,26,False,True,,,,,,,,,,,
375,2625.0,2626.400005340576,2643.200008392334,0,16.800003051757812,18.200008392333984,2653.0,False,3,2,False,accurate,1,1,False,False,24,False,True,,,,,,,,,,,
379,2653.0,2653.0,2655.7000007629395,1,2.700000762939453,2.700000762939453,2681.0,False,1,0,False,fast,0,0,False,False,20,False,True,,,,,,,,,,,
382,2674.0,2674.0,2685.5,0,11.5,11.5,2702.0,False,1,0,False,accurate,1,1,False,False,17,False,True,,,,,,,,,,,
383,2681.0,2681.0,2683.7000007629395,1,2.700000762939453,2.700000762939453,2709.0,False,2,1,False,fast,0,0,False,False,16,False,True,,,,,,,,,,,
384,2688.0,2688.0,2691.300003051758,1,3.3000030517578125,3.3000030517578125,2716.0,False,1,0,False,fast,0,0,False,False,15,False,True,,,,,,,,,,,
393,2751.0,2751.0,2765.1000022888184,0,14.10000228881836,14.10000228881836,2779.0,False,1,0,False,accurate,1,1,False,False,6,False,True,,,,,,,,,,,
395,2765.0,2765.0,2767.7999992370605,1,2.799999237060547,2.799999237060547,2793.0,False,2,1,False,fast,0,0,False,False,4,False,True,,,,,,,,,,,
396,2772.0,2772.0,2774.7000007629395,0,2.700000762939453,2.700000762939453,2800.0,False,1,0,False,fast,0,0,False,False,3,False,True,,,,,,,,,,,
397,2779.0,2779.0,2781.7000007629395,1,2.700000762939453,2.700000762939453,2807.0,False,1,0,False,fast,0,0,False,False,2,True,True,,,,,,,,,,,
400,2800.0,2800.0,2802.7999992370605,0,2.799999237060547,2.799999237060547,2828.0,False,1,0,False,fast,0,0,False,False,99,False,True,,,,,,,,,,,
404,2828.0,2828.0,2830.800003051758,1,2.8000030517578125,2.8000030517578125,2856.0,False,1,0,False,fast,0,0,False,False,95,False,True,,,,,,,,,,,
405,2835.0,2835.0,2837.7000007629395,0,2.700000762939453,2.700000762939453,2863.0,False,1,0,False,fast,0,0,False,False,94,False,True,,,,,,,,,,,
410,2870.0,2870.0,2872.699996948242,1,2.6999969482421875,2.6999969482421875,2898.0,False,1,0,False,fast,0,0,False,False,89,False,True,,,,,,,,,,,
411,2877.0,2877.0,2890.3999977111816,0,13.39999771118164,13.39999771118164,2905.0,False,1,0,False,accurate,1,1,False,False,88,False,True,,,,,,,,,,,
415,2905.0,2905.0,2907.7000007629395,1,2.700000762939453,2.700000762939453,2933.0,False,1,0,False,fast,0,0,False,False,84,False,True,,,,,,,,,,,
418,2926.0,2926.0,2938.099998474121,0,12.099998474121094,12.099998474121094,2954.0,False,1,0,False,accurate,1,1,False,False,81,False,True,,,,,,,,,,,
421,2947.0,2947.0,2949.7999992370605,1,2.799999237060547,2.799999237060547,2975.0,False,1,0,False,fast,0,0,False,False,78,False,True,,,,,,,,,,,
426,2982.0,2982.0,2986.900001525879,0,4.900001525878906,4.900001525878906,3010.0,False,1,0,False,fast,0,0,False,False,73,False,True,,,,,,,,,,,
428,2996.0,2996.0,2998.7999992370605,1,2.799999237060547,2.799999237060547,3024.0,False,1,0,False,fast,0,0,False,False,71,False,True,,,,,,,,,,,
430,3010.0,3010.0,3012.7999992370605,0,2.799999237060547,2.799999237060547,3038.0,False,1,0,False,fast,0,0,False,False,69,False,True,,,,,,,,,,,
432,3024.0,3024.0,3026.800003051758,1,2.8000030517578125,2.8000030517578125,3052.0,False,1,0,False,fast,0,0,False,False,67,False,True,,,,,,,,,,,
433,3031.0,3031.0,3033.7999992370605,0,2.799999237060547,2.799999237060547,3059.0,False,1,0,False,fast,0,0,False,False,66,False,True,,,,,,,,,,,
434,3038.0,3038.0,3050.900001525879,1,12.900001525878906,12.900001525878906,3066.0,False,1,0,False,accurate,1,1,False,False,65,False,True,,,,,,,,,,,
435,3045.0,3045.0,3065.7999992370605,0,20.799999237060547,20.799999237060547,3073.0,False,2,1,False,accurate,0,0,False,False,64,False,True,,,,,,,,,,,
436,3052.0,3052.0,3054.900001525879,1,2.9000015258789062,2.9000015258789062,3080.0,False,2,1,False,fast,0,0,False,False,63,False,True,,,,,,,,,,,
439,3073.0,3073.0,3077.099998474121,1,4.099998474121094,4.099998474121094,3101.0,False,1,0,False,fast,0,0,False,False,60,False,True,,,,,,,,,,,
441,3087.0,3087.0,3089.699996948242,0,2.6999969482421875,2.6999969482421875,3115.0,False,1,0,False,fast,0,0,False,False,58,False,True,,,,,,,,,,,
444,3108.0,3108.0,3110.7999992370605,1,2.799999237060547,2.799999237060547,3136.0,False,1,0,False,fast,0,0,False,False,55,False,True,,,,,,,,,,,
445,3115.0,3115.0,3132.7000007629395,0,17.700000762939453,17.700000762939453,3143.0,False,1,0,False,accurate,1,1,False,False,54,False,True,,,,,,,,,,,
446,3122.0,3122.0,3124.699996948242,1,2.6999969482421875,2.6999969482421875,3150.0,False,2,1,False,fast,0,0,False,False,53,False,True,,,,,,,,,,,
447,3129.0,3129.0,3132.2999992370605,1,3.299999237060547,3.299999237060547,3157.0,False,2,1,False,fast,0,0,False,False,52,False,True,,,,,,,,,,,
450,3150.0,3150.0,3152.7000007629395,1,2.700000762939453,2.700000762939453,3178.0,False,1,0,False,fast,0,0,False,False,49,False,True,,,,,,,,,,,
453,3171.0,3171.0,3173.699996948242,0,2.6999969482421875,2.6999969482421875,3199.0,False,1,0,False,fast,0,0,False,False,46,False,True,,,,,,,,,,,
456,3192.0,3192.0,3194.7999992370605,1,2.799999237060547,2.799999237060547,3220.0,False,1,0,False,fast,0,0,False,False,43,False,True,,,,,,,,,,,
457,3199.0,3199.0,3201.7999992370605,0,2.799999237060547,2.799999237060547,3227.0,False,1,0,False,fast,0,0,False,False,42,False,True,,,,,,,,,,,
459,3213.0,3213.0,3215.7000007629395,1,2.700000762939453,2.700000762939453,3241.0,False,1,0,False,fast,0,0,False,False,40,False,True,,,,,,,,,,,
461,3227.0,3227.0,3229.7999992370605,0,2.799999237060547,2.799999237060547,3255.0,False,1,0,False,fast,0,0,False,False,38,False,True,,,,,,,,,,,
464,3248.0,3248.0,3262.7000007629395,1,14.700000762939453,14.700000762939453,3276.0,False,1,0,False,accurate,1,1,False,False,35,False,True,,,,,,,,,,,
465,3255.0,3255.0,3257.7000007629395,0,2.700000762939453,2.700000762939453,3283.0,False,2,1,False,fast,0,0,False,False,34,False,True,,,,,,,,,,,
468,3276.0,3276.0,3278.7000045776367,0,2.7000045776367188,2.7000045776367188,3304.0,False,1,0,False,fast,0,0,False,False,31,False,True,,,,,,,,,,,
471,3297.0,3297.0,3299.7999992370605,1,2.799999237060547,2.799999237060547,3325.0,False,1,0,False,fast,0,0,False,False,28,False,True,,,,,,,,,,,
473,3311.0,3311.0,3313.800003051758,0,2.8000030517578125,2.8000030517578125,3339.0,False,1,0,False,fast,0,0,False,False,26,False,True,,,,,,,,,,,
475,3325.0,3325.0,3342.2999992370605,1,17.299999237060547,17.299999237060547,3353.0,False,1,0,False,accurate,1,1,False,False,24,False,True,,,,,,,,,,,
477,3339.0,3339.0,3341.7000045776367,0,2.7000045776367188,2.7000045776367188,3367.0,False,2,1,False,fast,0,0,False,False,22,False,True,,,,,,,,,,,
478,3346.0,3346.0,3348.7000045776367,0,2.7000045776367188,2.7000045776367188,3374.0,False,1,0,False,fast,0,0,False,False,21,False,True,,,,,,,,,,,
480,3360.0,3360.0,3380.909998703003,1,20.90999870300293,20.90999870300311,3388.0,False,1,0,False,accurate,0,0,False,False,19,False,True,,,,,,,,,,,
482,3374.0,3374.0,3377.3133324416476,0,3.3133324416478445,3.313332441647617,3402.0,False,2,1,False,fast,0,0,False,False,17,False,True,,,,,,,,,,,
485,3395.0,3395.0,3422.5087455032267,0,27.508745503226876,27.50874550322669,3423.0,False,1,0,False,accurate,0,0,False,False,14,False,True,,,,,,,,,,,
487,3409.0,3409.0,3429.0441687627635,1,20.04416876276332,20.044168762763547,3437.0,False,2,1,False,accurate,0,0,False,False,12,False,True,,,,,,,,,,,
488,3416.0,3422.5087455032267,3442.1620756659904,0,19.653330162763563,26.162075665990415,3444.0,False,3,2,False,accurate,1,1,False,False,11,False,True,,,,,,,,,,,
489,3423.0,3429.0441687627635,3432.0816696210704,1,3.0375008583068848,9.081669621070432,3451.0,False,3,2,False,fast,0,0,False,False,10,False,True,,,,,,,,,,,
491,3437.0,3437.0,3462.3766637659073,1,25.376663765907256,25.376663765907324,3465.0,False,2,1,False,accurate,0,0,False,False,8,False,True,,,,,,,,,,,
494,3458.0,3458.0,3494.9416644968587,0,36.94166449685893,36.94166449685872,3486.0,True,2,1,False,accurate,0,0,False,False,5,False,False,,,,,,,,,,,
498,3486.0,3486.0,3509.970006275177,1,23.970006275177003,23.970006275177184,3514.0,False,2,1,False,accurate,1,1,False,False,1,True,True,,,,,,,,,,,
506,3542.0,3542.0,3544.7000007629395,0,2.700000762939453,2.700000762939453,3570.0,False,1,0,False,fast,0,0,False,False,93,False,True,,,,,,,,,,,
508,3556.0,3556.0,3558.7000045776367,1,2.7000045776367188,2.7000045776367188,3584.0,False,1,0,False,fast,0,0,False,False,91,False,True,,,,,,,,,,,
509,3563.0,3563.0,3593.3999977111816,0,30.39999771118164,30.39999771118164,3591.0,True,1,0,False,accurate,0,0,False,False,90,False,False,,,,,,,,,,,
511,3577.0,3577.0,3579.7000007629395,1,2.700000762939453,2.700000762939453,3605.0,False,2,1,False,fast,0,0,False,False,88,False,True,,,,,,,,,,,
512,3584.0,3584.0,3598.2000045776367,1,14.200004577636719,14.200004577636719,3612.0,False,2,1,False,accurate,1,1,False,False,87,False,True,,,,,,,,,,,
516,3612.0,3612.0,3625.599994659424,0,13.599994659423828,13.599994659423828,3640.0,False,1,0,False,accurate,1,1,False,False,83,False,True,,,,,,,,,,,
518,3626.0,3626.0,3628.699996948242,1,2.6999969482421875,2.6999969482421875,3654.0,False,1,0,False,fast,0,0,False,False,81,False,True,,,,,,,,,,,
523,3661.0,3661.0,3663.7000007629395,0,2.700000762939453,2.700000762939453,3689.0,False,1,0,False,fast,0,0,False,False,76,False,True,,,,,,,,,,,
525,3675.0,3675.0,3692.7999992370605,1,17.799999237060547,17.799999237060547,3703.0,False,1,0,False,accurate,1,1,False,False,74,False,True,,,,,,,,,,,
526,3682.0,3682.0,3684.699996948242,0,2.6999969482421875,2.6999969482421875,3710.0,False,2,1,False,fast,0,0,False,False,73,False,True,,,,,,,,,,,
530,3710.0,3710.0,3712.7000007629395,0,2.700000762939453,2.700000762939453,3738.0,False,1,0,False,fast,0,0,False,False,69,False,True,,,,,,,,,,,
531,3717.0,3717.0,3719.7000007629395,1,2.700000762939453,2.700000762939453,3745.0,False,1,0,False,fast,0,0,False,False,68,False,True,,,,,,,,,,,
532,3724.0,3724.0,3726.7000007629395,0,2.700000762939453,2.700000762939453,3752.0,False,1,0,False,fast,0,0,False,False,67,False,True,,,,,,,,,,,
536,3752.0,3752.0,3754.6000022888184,1,2.6000022888183594,2.6000022888183594,3780.0,False,1,0,False,fast,0,0,False,False,63,False,True,,,,,,,,,,,
542,3794.0,3794.0,3796.699996948242,0,2.6999969482421875,2.6999969482421875,3822.0,False,1,0,False,fast,0,0,False,False,57,False,True,,,,,,,,,,,
543,3801.0,3801.0,3803.7000007629395,1,2.700000762939453,2.700000762939453,3829.0,False,1,0,False,fast,0,0,False,False,56,False,True,,,,,,,,,,,
544,3808.0,3808.0,3810.6000022888184,0,2.6000022888183594,2.6000022888183594,3836.0,False,1,0,False,fast,0,0,False,False,55,False,True,,,,,,,,,,,
546,3822.0,3822.0,3824.7000007629395,1,2.700000762939453,2.700000762939453,3850.0,False,1,0,False,fast,0,0,False,False,53,False,True,,,,,,,,,,,
550,3850.0,3850.0,3852.699996948242,0,2.6999969482421875,2.6999969482421875,3878.0,False,1,0,False,fast,0,0,False,False,49,False,True,,,,,,,,,,,
551,3857.0,3857.0,3878.3999977111816,1,21.39999771118164,21.39999771118164,3885.0,False,1,0,False,accurate,1,1,False,False,48,False,True,,,,,,,,,,,
552,3864.0,3864.0,3866.7000007629395,0,2.700000762939453,2.700000762939453,3892.0,False,2,1,False,fast,0,0,False,False,47,False,True,,,,,,,,,,,
553,3871.0,3871.0,3873.6000022888184,0,2.6000022888183594,2.6000022888183594,3899.0,False,2,1,False,fast,0,0,False,False,46,False,True,,,,,,,,,,,
554,3878.0,3878.0,3890.2999992370605,0,12.299999237060547,12.299999237060547,3906.0,False,2,1,False,accurate,1,1,False,False,45,False,True,,,,,,,,,,,
556,3892.0,3892.0,3894.7000007629395,1,2.700000762939453,2.700000762939453,3920.0,False,1,0,False,fast,0,0,False,False,43,False,True,,,,,,,,,,,
563,3941.0,3941.0,3952.699996948242,0,11.699996948242188,11.699996948242188,3969.0,False,1,0,False,accurate,1,1,False,False,36,False,True,,,,,,,,,,,
569,3983.0,3983.0,3995.7999992370605,1,12.799999237060547,12.799999237060547,4011.0,False,1,0,False,accurate,1,1,False,False,30,False,True,,,,,,,,,,,
571,3997.0,3997.0,4011.099998474121,0,14.099998474121094,14.099998474121094,4025.0,False,1,0,False,accurate,1,1,False,False,28,False,True,,,,,,,,,,,
572,4004.0,4004.0,4006.7999992370605,1,2.799999237060547,2.799999237060547,4032.0,False,2,1,False,fast,0,0,False,False,27,False,True,,,,,,,,,,,
573,4011.0,4011.0,4013.8999977111816,1,2.8999977111816406,2.8999977111816406,4039.0,False,2,1,False,fast,0,0,False,False,26,False,True,,,,,,,,,,,
575,4025.0,4025.0,4038.0000038146973,0,13.000003814697266,13.000003814697266,4053.0,False,1,0,False,accurate,1,1,False,False,24,False,True,,,,,,,,,,,
578,4046.0,4046.0,4059.400001525879,1,13.400001525878906,13.400001525878906,4074.0,False,1,0,False,accurate,1,1,False,False,21,False,True,,,,,,,,,,,
579,4053.0,4053.0,4055.7999992370605,0,2.799999237060547,2.799999237060547,4081.0,False,2,1,False,fast,0,0,False,False,20,False,True,,,,,,,,,,,
581,4067.0,4067.0,4069.7000007629395,0,2.700000762939453,2.700000762939453,4095.0,False,1,0,False,fast,0,0,False,False,18,False,True,,,,,,,,,,,
582,4074.0,4074.0,4076.7000007629395,1,2.700000762939453,2.700000762939453,4102.0,False,1,0,False,fast,0,0,False,False,17,False,True,,,,,,,,,,,
587,4109.0,4109.0,4111.700000762939,0,2.700000762939453,2.700000762939453,4137.0,False,1,0,False,fast,0,0,False,False,12,False,True,,,,,,,,,,,
591,4137.0,4137.0,4141.799999237061,1,4.799999237060547,4.799999237060547,4165.0,False,1,0,False,fast,0,0,False,False,8,False,True,,,,,,,,,,,
594,4158.0,4158.0,4160.700004577637,0,2.7000045776367188,2.7000045776367188,4186.0,False,1,0,False,fast,0,0,False,False,5,False,True,,,,,,,,,,,
598,4186.0,4186.0,4188.799999237061,1,2.799999237060547,2.799999237060547,4214.0,False,1,0,False,fast,0,0,False,False,1,True,True,,,,,,,,,,,
599,4193.0,4193.0,4195.799999237061,0,2.799999237060547,2.799999237060547,4221.0,False,1,0,False,fast,0,0,False,True,0,True,True,,,,,,,,,,,
601,4207.0,4207.0,4209.699996948242,1,2.6999969482421875,2.6999969482421875,4235.0,False,1,0,False,fast,0,0,False,False,98,False,True,,,,,,,,,,,
603,4221.0,4221.0,4223.699996948242,0,2.6999969482421875,2.6999969482421875,4249.0,False,1,0,False,fast,0,0,False,False,96,False,True,,,,,,,,,,,
604,4228.0,4228.0,4230.799999237061,1,2.799999237060547,2.799999237060547,4256.0,False,1,0,False,fast,0,0,False,False,95,False,True,,,,,,,,,,,
606,4242.0,4242.0,4255.200000762939,0,13.200000762939453,13.200000762939453,4270.0,False,1,0,False,accurate,1,1,False,False,93,False,True,,,,,,,,,,,
614,4298.0,4298.0,4300.700000762939,1,2.700000762939453,2.700000762939453,4326.0,False,1,0,False,fast,0,0,False,False,85,False,True,,,,,,,,,,,
621,4347.0,4347.0,4349.699996948242,0,2.6999969482421875,2.6999969482421875,4375.0,False,1,0,False,fast,0,0,False,False,78,False,True,,,,,,,,,,,
625,4375.0,4375.0,4377.800003051758,1,2.8000030517578125,2.8000030517578125,4403.0,False,1,0,False,fast,0,0,False,False,74,False,True,,,,,,,,,,,
628,4396.0,4396.0,4398.800003051758,0,2.8000030517578125,2.8000030517578125,4424.0,False,1,0,False,fast,0,0,False,False,71,False,True,,,,,,,,,,,
633,4431.0,4431.0,4433.700000762939,1,2.700000762939453,2.700000762939453,4459.0,False,1,0,False,fast,0,0,False,False,66,False,True,,,,,,,,,,,
635,4445.0,4445.0,4447.799999237061,0,2.799999237060547,2.799999237060547,4473.0,False,1,0,False,fast,0,0,False,False,64,False,True,,,,,,,,,,,
637,4459.0,4459.0,4462.300003051758,1,3.3000030517578125,3.3000030517578125,4487.0,False,1,0,False,fast,0,0,False,False,62,False,True,,,,,,,,,,,
640,4480.0,4480.0,4503.459998703003,0,23.459998703002928,23.459998703003293,4508.0,False,1,0,False,accurate,0,0,False,False,59,False,True,,,,,,,,,,,
641,4487.0,4487.0,4508.887913934986,1,21.887913934985818,21.88791393498559,4515.0,False,2,1,False,accurate,1,1,False,False,58,False,True,,,,,,,,,,,
645,4515.0,4515.0,4551.833745586673,0,36.83374558667338,36.8337455866731,4543.0,True,1,0,False,accurate,0,0,False,False,54,False,False,,,,,,,,,,,
649,4543.0,4543.0,4546.0374965667725,1,3.037496566772461,3.037496566772461,4571.0,False,2,1,False,fast,0,0,False,False,50,False,True,,,,,,,,,,,
652,4564.0,4564.0,4566.9700050354,1,2.970005035400391,2.9700050354003906,4592.0,False,1,0,False,fast,0,0,False,False,47,False,True,,,,,,,,,,,
654,4578.0,4578.0,4580.9249966885645,0,2.9249966885646246,2.9249966885645335,4606.0,False,1,0,False,fast,0,0,False,False,45,False,True,,,,,,,,,,,
658,4606.0,4606.0,4608.940003204346,1,2.9400032043457034,2.940003204345885,4634.0,False,1,0,False,fast,0,0,False,False,41,False,True,,,,,,,,,,,
659,4613.0,4613.0,4615.812496818404,0,2.812496818403406,2.8124968184038153,4641.0,False,1,0,False,fast,0,0,False,False,40,False,True,,,,,,,,,,,
660,4620.0,4620.0,4622.789996849199,1,2.789996849199133,2.7899968491992695,4648.0,False,1,0,False,fast,0,0,False,False,39,False,True,,,,,,,,,,,
686,4802.0,4802.0,4804.699996948242,0,2.6999969482421875,2.6999969482421875,4830.0,False,1,0,False,fast,0,0,False,False,13,False,True,,,,,,,,,,,
687,4809.0,4809.0,4811.799999237061,1,2.799999237060547,2.799999237060547,4837.0,False,1,0,False,fast,0,0,False,False,12,False,True,,,,,,,,,,,
691,4837.0,4837.0,4839.699996948242,0,2.6999969482421875,2.6999969482421875,4865.0,False,1,0,False,fast,0,0,False,False,8,False,True,,,,,,,,,,,
693,4851.0,4851.0,4857.400001525879,1,6.400001525878906,6.400001525878906,4879.0,False,1,0,False,fast,0,0,False,False,6,False,True,,,,,,,,,,,
695,4865.0,4865.0,4867.800003051758,0,2.8000030517578125,2.8000030517578125,4893.0,False,1,0,False,fast,0,0,False,False,4,False,True,,,,,,,,,,,
700,4900.0,4900.0,4903.300003051758,1,3.3000030517578125,3.3000030517578125,4928.0,False,1,0,False,fast,0,0,False,False,99,False,True,,,,,,,,,,,
704,4928.0,4928.0,4952.200004577637,0,24.20000457763672,24.20000457763672,4956.0,False,1,0,False,accurate,0,1,True,False,95,False,True,,,,,,,,,,,
705,4935.0,4935.0,4937.799999237061,1,2.799999237060547,2.799999237060547,4963.0,False,2,1,False,fast,0,0,False,False,94,False,True,,,,,,,,,,,
708,4956.0,4956.0,4958.800003051758,1,2.8000030517578125,2.8000030517578125,4984.0,False,1,0,False,fast,0,0,False,False,91,False,True,,,,,,,,,,,
715,5005.0,5005.0,5007.699996948242,0,2.6999969482421875,2.6999969482421875,5033.0,False,1,0,False,fast,0,0,False,False,84,False,True,,,,,,,,,,,
718,5026.0,5026.0,5047.5,1,21.5,21.5,5054.0,False,1,0,False,accurate,0,0,False,False,81,False,True,,,,,,,,,,,
720,5040.0,5040.0,5063.099998474121,0,23.099998474121094,23.099998474121094,5068.0,False,2,1,False,accurate,0,0,False,False,79,False,True,,,,,,,,,,,
724,5068.0,5068.0,5082.900001525879,1,14.900001525878906,14.900001525878906,5096.0,False,1,0,False,accurate,1,1,False,False,75,False,True,,,,,,,,,,,
725,5075.0,5075.0,5101.300003051758,0,26.300003051757812,26.300003051757812,5103.0,False,2,1,False,accurate,0,0,False,False,74,False,True,,,,,,,,,,,
727,5089.0,5089.0,5108.800003051758,1,19.800003051757812,19.800003051757812,5117.0,False,2,1,False,accurate,1,1,False,False,72,False,True,,,,,,,,,,,
738,5166.0,5166.0,5187.200000762939,0,21.200000762939453,21.200000762939453,5194.0,False,1,0,False,accurate,1,1,False,False,61,False,True,,,,,,,,,,,
739,5173.0,5173.0,5175.700000762939,1,2.700000762939453,2.700000762939453,5201.0,False,2,1,False,fast,0,0,False,False,60,False,True,,,,,,,,,,,
741,5187.0,5187.0,5209.200000762939,1,22.200000762939453,22.200000762939453,5215.0,False,2,1,False,accurate,0,0,False,False,58,False,True,,,,,,,,,,,
747,5229.0,5229.0,5231.700004577637,0,2.7000045776367188,2.7000045776367188,5257.0,False,1,0,False,fast,0,0,False,False,52,False,True,,,,,,,,,,,
752,5264.0,5264.0,5276.099998474121,1,12.099998474121094,12.099998474121094,5292.0,False,1,0,False,accurate,1,1,False,False,47,False,True,,,,,,,,,,,
753,5271.0,5271.0,5273.599998474121,0,2.5999984741210938,2.5999984741210938,5299.0,False,2,1,False,fast,0,0,False,False,46,False,True,,,,,,,,,,,
755,5285.0,5285.0,5287.700004577637,0,2.7000045776367188,2.7000045776367188,5313.0,False,1,0,False,fast,0,0,False,False,44,False,True,,,,,,,,,,,
756,5292.0,5292.0,5294.799999237061,1,2.799999237060547,2.799999237060547,5320.0,False,1,0,False,fast,0,0,False,False,43,False,True,,,,,,,,,,,
760,5320.0,5320.0,5323.100002288818,0,3.1000022888183594,3.1000022888183594,5348.0,False,1,0,False,fast,0,0,False,False,39,False,True,,,,,,,,,,,
763,5341.0,5341.0,5343.699996948242,1,2.6999969482421875,2.6999969482421875,5369.0,False,1,0,False,fast,0,0,False,False,36,False,True,,,,,,,,,,,
764,5348.0,5348.0,5350.699996948242,0,2.6999969482421875,2.6999969482421875,5376.0,False,1,0,False,fast,0,0,False,False,35,False,True,,,,,,,,,,,
769,5383.0,5383.0,5385.599998474121,1,2.5999984741210938,2.5999984741210938,5411.0,False,1,0,False,fast,0,0,False,False,30,False,True,,,,,,,,,,,
770,5390.0,5390.0,5392.799999237061,0,2.799999237060547,2.799999237060547,5418.0,False,1,0,False,fast,0,0,False,False,29,False,True,,,,,,,,,,,
774,5418.0,5418.0,5432.299999237061,1,14.299999237060547,14.299999237060547,5446.0,False,1,0,False,accurate,1,1,False,False,25,False,True,,,,,,,,,,,
776,5432.0,5432.0,5435.099998474121,0,3.0999984741210938,3.0999984741210938,5460.0,False,2,1,False,fast,0,0,False,False,23,False,True,,,,,,,,,,,
778,5446.0,5446.0,5459.200000762939,1,13.200000762939453,13.200000762939453,5474.0,False,1,0,False,accurate,1,1,False,False,21,False,True,,,,,,,,,,,
779,5453.0,5453.0,5455.700000762939,0,2.700000762939453,2.700000762939453,5481.0,False,2,1,False,fast,0,0,False,False,20,False,True,,,,,,,,,,,
780,5460.0,5460.0,5480.299999237061,0,20.299999237060547,20.299999237060547,5488.0,False,1,0,False,accurate,0,0,False,False,19,False,True,,,,,,,,,,,
784,5488.0,5488.0,5490.799999237061,1,2.799999237060547,2.799999237060547,5516.0,False,1,0,False,fast,0,0,False,False,15,False,True,,,,,,,,,,,
791,5537.0,5537.0,5549.200000762939,0,12.200000762939453,12.200000762939453,5565.0,False,1,0,False,accurate,1,1,False,False,8,False,True,,,,,,,,,,,
793,5551.0,5551.0,5554.299999237061,1,3.299999237060547,3.299999237060547,5579.0,False,1,0,False,fast,0,0,False,False,6,False,True,,,,,,,,,,,
794,5558.0,5558.0,5560.799999237061,0,2.799999237060547,2.799999237060547,5586.0,False,1,0,False,fast,0,0,False,False,5,False,True,,,,,,,,,,,
796,5572.0,5572.0,5574.799999237061,1,2.799999237060547,2.799999237060547,5600.0,False,1,0,False,fast,0,0,False,False,3,False,True,,,,,,,,,,,
797,5579.0,5579.0,5591.900001525879,0,12.900001525878906,12.900001525878906,5607.0,False,1,0,False,accurate,1,1,False,False,2,True,True,,,,,,,,,,,
798,5586.0,5586.0,5588.700000762939,1,2.700000762939453,2.700000762939453,5614.0,False,2,1,False,fast,0,0,False,False,1,True,True,,,,,,,,,,,
801,5607.0,5607.0,5626.882912676931,1,19.88291267693046,19.882912676930573,5635.0,False,1,0,False,accurate,1,1,False,False,98,False,True,,,,,,,,,,,
805,5635.0,5635.0,5662.97500025034,0,27.97500025033951,27.97500025033969,5663.0,False,1,0,False,accurate,0,0,False,False,94,False,True,,,,,,,,,,,
808,5656.0,5656.0,5659.060000875394,1,3.0600008753935524,3.060000875393598,5684.0,False,2,1,False,fast,0,0,False,False,91,False,True,,,,,,,,,,,
810,5670.0,5670.0,5673.014996581475,1,3.014996581474952,3.014996581475316,5698.0,False,1,0,False,fast,0,0,False,False,89,False,True,,,,,,,,,,,
811,5677.0,5677.0,5680.103332498868,0,3.1033324988683035,3.10333249886844,5705.0,False,1,0,False,fast,0,0,False,False,88,False,True,,,,,,,,,,,
812,5684.0,5684.0,5686.9700050354,1,2.970005035400391,2.9700050354003906,5712.0,False,1,0,False,fast,0,0,False,False,87,False,True,,,,,,,,,,,
814,5698.0,5698.0,5716.987500883241,0,18.98750088324149,18.98750088324141,5726.0,False,1,0,False,accurate,1,1,False,False,85,False,True,,,,,,,,,,,
815,5705.0,5705.0,5707.90249671936,1,2.9024967193603515,2.9024967193599878,5733.0,False,2,1,False,fast,0,0,False,False,84,False,True,,,,,,,,,,,
818,5726.0,5726.0,5744.2124955177305,1,18.212495517730712,18.21249551773053,5754.0,False,1,0,False,accurate,1,1,False,False,81,False,True,,,,,,,,,,,
819,5733.0,5733.0,5752.822915732314,0,19.82291573231419,19.82291573231396,5761.0,False,2,1,False,accurate,1,1,False,False,80,False,True,,,,,,,,,,,
820,5740.0,5744.2124955177305,5761.632493868073,1,17.41999835034211,21.632493868072743,5768.0,False,3,2,False,accurate,1,1,False,False,79,False,True,,,,,,,,,,,
827,5789.0,5789.0,5808.199996948242,0,19.199996948242188,19.199996948242188,5817.0,False,1,0,False,accurate,1,1,False,False,72,False,True,,,,,,,,,,,
828,5796.0,5796.0,5798.700000762939,1,2.700000762939453,2.700000762939453,5824.0,False,2,1,False,fast,0,0,False,False,71,False,True,,,,,,,,,,,
829,5803.0,5803.0,5817.999996185303,1,14.999996185302734,14.999996185302734,5831.0,False,2,1,False,accurate,1,1,False,False,70,False,True,,,,,,,,,,,
830,5810.0,5810.0,5813.299999237061,0,3.299999237060547,3.299999237060547,5838.0,False,2,1,False,fast,0,0,False,False,69,False,True,,,,,,,,,,,
833,5831.0,5831.0,5833.699996948242,0,2.6999969482421875,2.6999969482421875,5859.0,False,1,0,False,fast,0,0,False,False,66,False,True,,,,,,,,,,,
834,5838.0,5838.0,5851.5,1,13.5,13.5,5866.0,False,1,0,False,accurate,1,1,False,False,65,False,True,,,,,,,,,,,
836,5852.0,5852.0,5855.200000762939,0,3.200000762939453,3.200000762939453,5880.0,False,1,0,False,fast,0,0,False,False,63,False,True,,,,,,,,,,,
837,5859.0,5859.0,5861.699996948242,1,2.6999969482421875,2.6999969482421875,5887.0,False,1,0,False,fast,0,0,False,False,62,False,True,,,,,,,,,,,
839,5873.0,5873.0,5887.799999237061,0,14.799999237060547,14.799999237060547,5901.0,False,1,0,False,accurate,1,1,False,False,60,False,True,,,,,,,,,,,
842,5894.0,5894.0,5907.600002288818,1,13.60000228881836,13.60000228881836,5922.0,False,1,0,False,accurate,1,1,False,False,57,False,True,,,,,,,,,,,
843,5901.0,5901.0,5917.999996185303,0,16.999996185302734,16.999996185302734,5929.0,False,2,1,False,accurate,1,1,False,False,56,False,True,,,,,,,,,,,
845,5915.0,5915.0,5934.5,1,19.5,19.5,5943.0,False,2,1,False,accurate,1,1,False,False,54,False,True,,,,,,,,,,,
846,5922.0,5922.0,5925.200000762939,0,3.200000762939453,3.200000762939453,5950.0,False,2,1,False,fast,0,0,False,False,53,False,True,,,,,,,,,,,
849,5943.0,5943.0,5945.700000762939,0,2.700000762939453,2.700000762939453,5971.0,False,1,0,False,fast,0,0,False,False,50,False,True,,,,,,,,,,,
850,5950.0,5950.0,5952.700000762939,1,2.700000762939453,2.700000762939453,5978.0,False,1,0,False,fast,0,0,False,False,49,False,True,,,,,,,,,,,
854,5978.0,5978.0,5990.900001525879,0,12.900001525878906,12.900001525878906,6006.0,False,1,0,False,accurate,1,1,False,False,45,False,True,,,,,,,,,,,
857,5999.0,5999.0,6019.599998474121,1,20.599998474121094,20.599998474121094,6027.0,False,1,0,False,accurate,0,1,True,False,42,False,True,,,,,,,,,,,
864,6048.0,6048.0,6050.700004577637,0,2.7000045776367188,2.7000045776367188,6076.0,False,1,0,False,fast,0,0,False,False,35,False,True,,,,,,,,,,,
867,6069.0,6069.0,6071.799999237061,1,2.799999237060547,2.799999237060547,6097.0,False,1,0,False,fast,0,0,False,False,32,False,True,,,,,,,,,,,
868,6076.0,6076.0,6093.399997711182,0,17.39999771118164,17.39999771118164,6104.0,False,1,0,False,accurate,1,1,False,False,31,False,True,,,,,,,,,,,
870,6090.0,6090.0,6094.900001525879,1,4.900001525878906,4.900001525878906,6118.0,False,2,1,False,fast,0,0,False,False,29,False,True,,,,,,,,,,,
872,6104.0,6104.0,6109.299999237061,0,5.299999237060547,5.299999237060547,6132.0,False,1,0,False,fast,0,0,False,False,27,False,True,,,,,,,,,,,
874,6118.0,6118.0,6120.799999237061,1,2.799999237060547,2.799999237060547,6146.0,False,1,0,False,fast,0,0,False,False,25,False,True,,,,,,,,,,,
878,6146.0,6146.0,6162.0,0,16.0,16.0,6174.0,False,1,0,False,accurate,1,1,False,False,21,False,True,,,,,,,,,,,
880,6160.0,6160.0,6162.700004577637,1,2.7000045776367188,2.7000045776367188,6188.0,False,2,1,False,fast,0,0,False,False,19,False,True,,,,,,,,,,,
881,6167.0,6167.0,6169.900001525879,0,2.9000015258789062,2.9000015258789062,6195.0,False,1,0,False,fast,0,0,False,False,18,False,True,,,,,,,,,,,
884,6188.0,6188.0,6194.100002288818,1,6.100002288818359,6.100002288818359,6216.0,False,1,0,False,fast,0,0,False,False,15,False,True,,,,,,,,,,,
887,6209.0,6209.0,6211.800003051758,0,2.8000030517578125,2.8000030517578125,6237.0,False,1,0,False,fast,0,0,False,False,12,False,True,,,,,,,,,,,
890,6230.0,6230.0,6232.699996948242,1,2.6999969482421875,2.6999969482421875,6258.0,False,1,0,False,fast,0,0,False,False,9,False,True,,,,,,,,,,,
891,6237.0,6237.0,6239.700000762939,0,2.700000762939453,2.700000762939453,6265.0,False,1,0,False,fast,0,0,False,False,8,False,True,,,,,,,,,,,
893,6251.0,6251.0,6253.800003051758,1,2.8000030517578125,2.8000030517578125,6279.0,False,1,0,False,fast,0,0,False,False,6,False,True,,,,,,,,,,,
895,6265.0,6265.0,6267.699996948242,0,2.6999969482421875,2.6999969482421875,6293.0,False,1,0,False,fast,0,0,False,False,4,False,True,,,,,,,,,,,
896,6272.0,6272.0,6285.000003814697,1,13.000003814697266,13.000003814697266,6300.0,False,1,0,False,accurate,1,1,False,False,3,False,True,,,,,,,,,,,
899,6293.0,6293.0,6315.5,0,22.5,22.5,6321.0,False,1,0,False,accurate,1,1,False,True,0,True,True,,,,,,,,,,,
903,6321.0,6321.0,6340.600002288818,1,19.60000228881836,19.60000228881836,6349.0,False,1,0,False,accurate,0,0,False,False,96,False,True,,,,,,,,,,,
906,6342.0,6342.0,6344.800003051758,0,2.8000030517578125,2.8000030517578125,6370.0,False,1,0,False,fast,0,0,False,False,93,False,True,,,,,,,,,,,
909,6363.0,6363.0,6365.799999237061,1,2.799999237060547,2.799999237060547,6391.0,False,1,0,False,fast,0,0,False,False,90,False,True,,,,,,,,,,,
911,6377.0,6377.0,6391.400001525879,0,14.400001525878906,14.400001525878906,6405.0,False,1,0,False,accurate,1,1,False,False,88,False,True,,,,,,,,,,,
912,6384.0,6384.0,6386.800003051758,1,2.8000030517578125,2.8000030517578125,6412.0,False,2,1,False,fast,0,0,False,False,87,False,True,,,,,,,,,,,
914,6398.0,6398.0,6400.799999237061,1,2.799999237060547,2.799999237060547,6426.0,False,1,0,False,fast,0,0,False,False,85,False,True,,,,,,,,,,,
925,6475.0,6475.0,6489.200004577637,0,14.200004577636719,14.200004577636719,6503.0,False,1,0,False,accurate,1,1,False,False,74,False,True,,,,,,,,,,,
929,6503.0,6503.0,6506.299999237061,1,3.299999237060547,3.299999237060547,6531.0,False,1,0,False,fast,0,0,False,False,70,False,True,,,,,,,,,,,
930,6510.0,6510.0,6522.600002288818,0,12.60000228881836,12.60000228881836,6538.0,False,1,0,False,accurate,1,1,False,False,69,False,True,,,,,,,,,,,
932,6524.0,6524.0,6556.199996948242,1,32.19999694824219,32.19999694824219,6552.0,True,1,0,False,accurate,0,0,False,False,67,False,False,,,,,,,,,,,
936,6552.0,6552.0,6554.799999237061,0,2.799999237060547,2.799999237060547,6580.0,False,2,1,False,fast,0,0,False,False,63,False,True,,,,,,,,,,,
937,6559.0,6559.0,6561.799999237061,0,2.799999237060547,2.799999237060547,6587.0,False,1,0,False,fast,0,0,False,False,62,False,True,,,,,,,,,,,
938,6566.0,6566.0,6568.799999237061,1,2.799999237060547,2.799999237060547,6594.0,False,1,0,False,fast,0,0,False,False,61,False,True,,,,,,,,,,,
942,6594.0,6594.0,6621.900001525879,0,27.900001525878906,27.900001525878906,6622.0,False,1,0,False,accurate,0,0,False,False,57,False,True,,,,,,,,,,,
943,6601.0,6601.0,6603.799999237061,1,2.799999237060547,2.799999237060547,6629.0,False,2,1,False,fast,0,0,False,False,56,False,True,,,,,,,,,,,
949,6643.0,6643.0,6663.899997711182,1,20.89999771118164,20.89999771118164,6671.0,False,1,0,False,accurate,0,0,False,False,50,False,True,,,,,,,,,,,
950,6650.0,6650.0,6652.699996948242,0,2.6999969482421875,2.6999969482421875,6678.0,False,2,1,False,fast,0,0,False,False,49,False,True,,,,,,,,,,,
951,6657.0,6657.0,6659.800003051758,0,2.8000030517578125,2.8000030517578125,6685.0,False,2,1,False,fast,0,0,False,False,48,False,True,,,,,,,,,,,
955,6685.0,6685.0,6701.399997711182,0,16.39999771118164,16.39999771118164,6713.0,False,1,0,False,accurate,1,1,False,False,44,False,True,,,,,,,,,,,
956,6692.0,6692.0,6694.799999237061,1,2.799999237060547,2.799999237060547,6720.0,False,2,1,False,fast,0,0,False,False,43,False,True,,,,,,,,,,,
957,6699.0,6699.0,6701.900001525879,1,2.9000015258789062,2.9000015258789062,6727.0,False,2,1,False,fast,0,0,False,False,42,False,True,,,,,,,,,,,
958,6706.0,6706.0,6729.599998474121,0,23.599998474121094,23.599998474121094,6734.0,False,1,0,False,accurate,0,0,False,False,41,False,True,,,,,,,,,,,
962,6734.0,6734.0,6754.356663081646,1,20.356663081645934,20.35666308164582,6762.0,False,1,0,False,accurate,0,0,False,False,37,False,True,,,,,,,,,,,
964,6748.0,6748.0,6770.3250034278635,0,22.32500342786309,22.32500342786352,6776.0,False,2,1,False,accurate,1,1,False,False,35,False,True,,,,,,,,,,,
965,6755.0,6755.0,6779.55583236734,1,24.555832367340713,24.555832367340372,6783.0,False,2,1,False,accurate,1,1,False,False,34,False,True,,,,,,,,,,,
967,6769.0,6770.3250034278635,6791.26666419367,0,20.941660765806887,22.266664193670294,6797.0,False,3,2,False,accurate,0,0,False,False,32,False,True,,,,,,,,,,,
971,6797.0,6797.0,6813.687914730509,1,16.687914730509103,16.687914730508965,6825.0,False,1,0,False,accurate,1,1,False,False,28,False,True,,,,,,,,,,,
974,6818.0,6818.0,6821.0333325012525,0,3.033332501252494,3.0333325012525165,6846.0,False,1,0,False,fast,0,0,False,False,25,False,True,,,,,,,,,,,
975,6825.0,6825.0,6844.189996147155,1,19.18999614715576,19.189996147155398,6853.0,False,1,0,False,accurate,1,1,False,False,24,False,True,,,,,,,,,,,
976,6832.0,6832.0,6853.090002941787,0,21.09000294178726,21.090002941787134,6860.0,False,2,1,False,accurate,0,0,False,False,23,False,True,,,,,,,,,,,
977,6839.0,6844.189996147155,6847.470831896662,1,3.2808357495069456,8.470831896662276,6867.0,False,3,2,False,fast,0,0,False,False,22,False,True,,,,,,,,,,,
978,6846.0,6847.470831896662,6851.985831095576,1,4.514999198913574,5.985831095576032,6874.0,False,3,2,False,fast,0,0,False,False,21,False,True,,,,,,,,,,,
980,6860.0,6860.0,6865.063334914943,1,5.063334914942584,5.0633349149429705,6888.0,False,1,0,False,fast,0,0,False,False,19,False,True,,,,,,,,,,,
981,6867.0,6867.0,6902.670003318786,0,35.67000331878662,35.67000331878626,6895.0,True,1,0,False,accurate,0,0,False,False,18,False,False,,,,,,,,,,,
985,6895.0,6895.0,6899.200000762939,1,4.200000762939453,4.200000762939453,6923.0,False,2,1,False,fast,0,0,False,False,14,False,True,,,,,,,,,,,
986,6902.0,6902.0,6921.799999237061,1,19.799999237060547,19.799999237060547,6930.0,False,2,1,False,accurate,1,1,False,False,13,False,True,,,,,,,,,,,
989,6923.0,6923.0,6925.800003051758,0,2.8000030517578125,2.8000030517578125,6951.0,False,1,0,False,fast,0,0,False,False,10,False,True,,,,,,,,,,,
994,6958.0,6958.0,6960.799999237061,1,2.799999237060547,2.799999237060547,6986.0,False,1,0,False,fast,0,0,False,False,5,False,True,,,,,,,,,,,
996,6972.0,6972.0,6974.700000762939,0,2.700000762939453,2.700000762939453,7000.0,False,1,0,False,fast,0,0,False,False,3,False,True,,,,,,,,,,,
997,6979.0,6979.0,6981.799999237061,1,2.799999237060547,2.799999237060547,7007.0,False,1,0,False,fast,0,0,False,False,2,True,True,,,,,,,,,,,
998,6986.0,6986.0,6999.999996185303,0,13.999996185302734,13.999996185302734,7014.0,False,1,0,False,accurate,1,1,False,False,1,True,True,,,,,,,,,,,
999,6993.0,6993.0,6995.799999237061,1,2.799999237060547,2.799999237060547,7021.0,False,2,1,False,fast,0,0,False,True,0,True,True,,,,,,,,,,,
1003,7021.0,7021.0,7023.799999237061,1,2.799999237060547,2.799999237060547,7049.0,False,1,0,False,fast,0,0,False,False,96,False,True,,,,,,,,,,,
1004,7028.0,7028.0,7030.800003051758,0,2.8000030517578125,2.8000030517578125,7056.0,False,1,0,False,fast,0,0,False,False,95,False,True,,,,,,,,,,,
1005,7035.0,7035.0,7037.699996948242,1,2.6999969482421875,2.6999969482421875,7063.0,False,1,0,False,fast,0,0,False,False,94,False,True,,,,,,,,,,,
1006,7042.0,7042.0,7044.899997711182,0,2.8999977111816406,2.8999977111816406,7070.0,False,1,0,False,fast,0,0,False,False,93,False,True,,,,,,,,,,,
1008,7056.0,7056.0,7074.599998474121,1,18.599998474121094,18.599998474121094,7084.0,False,1,0,False,accurate,1,1,False,False,91,False,True,,,,,,,,,,,
1009,7063.0,7063.0,7065.799999237061,0,2.799999237060547,2.799999237060547,7091.0,False,2,1,False,fast,0,0,False,False,90,False,True,,,,,,,,,,,
1010,7070.0,7070.0,7072.700000762939,0,2.700000762939453,2.700000762939453,7098.0,False,2,1,False,fast,0,0,False,False,89,False,True,,,,,,,,,,,
1014,7098.0,7098.0,7100.700004577637,0,2.7000045776367188,2.7000045776367188,7126.0,False,1,0,False,fast,0,0,False,False,85,False,True,,,,,,,,,,,
1015,7105.0,7105.0,7107.700004577637,1,2.7000045776367188,2.7000045776367188,7133.0,False,1,0,False,fast,0,0,False,False,84,False,True,,,,,,,,,,,
1016,7112.0,7112.0,7114.700004577637,0,2.7000045776367188,2.7000045776367188,7140.0,False,1,0,False,fast,0,0,False,False,83,False,True,,,,,,,,,,,
1017,7119.0,7119.0,7121.600002288818,1,2.6000022888183594,2.6000022888183594,7147.0,False,1,0,False,fast,0,0,False,False,82,False,True,,,,,,,,,,,
1018,7126.0,7126.0,7129.299999237061,0,3.299999237060547,3.299999237060547,7154.0,False,1,0,False,fast,0,0,False,False,81,False,True,,,,,,,,,,,
1019,7133.0,7133.0,7148.0,1,15.0,15.0,7161.0,False,1,0,False,accurate,1,1,False,False,80,False,True,,,,,,,,,,,
1021,7147.0,7147.0,7165.499996185303,0,18.499996185302734,18.499996185302734,7175.0,False,2,1,False,accurate,1,1,False,False,78,False,True,,,,,,,,,,,
1022,7154.0,7154.0,7180.600002288818,1,26.60000228881836,26.60000228881836,7182.0,False,2,1,False,accurate,0,0,False,False,77,False,True,,,,,,,,,,,
1024,7168.0,7168.0,7171.400001525879,0,3.4000015258789062,3.4000015258789062,7196.0,False,2,1,False,fast,0,0,False,False,75,False,True,,,,,,,,,,,
1035,7245.0,7245.0,7269.5,0,24.5,24.5,7273.0,False,1,0,False,accurate,0,0,False,False,64,False,True,,,,,,,,,,,
1037,7259.0,7259.0,7261.700000762939,1,2.700000762939453,2.700000762939453,7287.0,False,2,1,False,fast,0,0,False,False,62,False,True,,,,,,,,,,,
1038,7266.0,7266.0,7279.299999237061,1,13.299999237060547,13.299999237060547,7294.0,False,2,1,False,accurate,1,1,False,False,61,False,True,,,,,,,,,,,
1040,7280.0,7280.0,7282.900001525879,0,2.9000015258789062,2.9000015258789062,7308.0,False,1,0,False,fast,0,0,False,False,59,False,True,,,,,,,,,,,
1042,7294.0,7294.0,7305.799995422363,1,11.799995422363281,11.799995422363281,7322.0,False,1,0,False,accurate,1,1,False,False,57,False,True,,,,,,,,,,,
1046,7322.0,7322.0,7324.899997711182,0,2.8999977111816406,2.8999977111816406,7350.0,False,1,0,False,fast,0,0,False,False,53,False,True,,,,,,,,,,,
1048,7336.0,7336.0,7353.5,1,17.5,17.5,7364.0,False,1,0,False,accurate,1,1,False,False,51,False,True,,,,,,,,,,,
1049,7343.0,7343.0,7356.0,0,13.0,13.0,7371.0,False,2,1,False,accurate,1,1,False,False,50,False,True,,,,,,,,,,,
1050,7350.0,7353.5,7356.399997711182,1,2.8999977111816406,6.399997711181641,7378.0,False,3,2,False,fast,0,0,False,False,49,False,True,,,,,,,,,,,
1051,7357.0,7357.0,7359.799999237061,0,2.799999237060547,2.799999237060547,7385.0,False,1,0,False,fast,0,0,False,False,48,False,True,,,,,,,,,,,
1052,7364.0,7364.0,7366.800003051758,1,2.8000030517578125,2.8000030517578125,7392.0,False,1,0,False,fast,0,0,False,False,47,False,True,,,,,,,,,,,
1061,7427.0,7427.0,7429.700000762939,0,2.700000762939453,2.700000762939453,7455.0,False,1,0,False,fast,0,0,False,False,38,False,True,,,,,,,,,,,
1064,7448.0,7448.0,7450.899997711182,1,2.8999977111816406,2.8999977111816406,7476.0,False,1,0,False,fast,0,0,False,False,35,False,True,,,,,,,,,,,
1065,7455.0,7455.0,7457.799999237061,0,2.799999237060547,2.799999237060547,7483.0,False,1,0,False,fast,0,0,False,False,34,False,True,,,,,,,,,,,
1066,7462.0,7462.0,7464.700004577637,1,2.7000045776367188,2.7000045776367188,7490.0,False,1,0,False,fast,0,0,False,False,33,False,True,,,,,,,,,,,
1067,7469.0,7469.0,7471.799999237061,0,2.799999237060547,2.799999237060547,7497.0,False,1,0,False,fast,0,0,False,False,32,False,True,,,,,,,,,,,
1068,7476.0,7476.0,7478.699996948242,1,2.6999969482421875,2.6999969482421875,7504.0,False,1,0,False,fast,0,0,False,False,31,False,True,,,,,,,,,,,
1069,7483.0,7483.0,7485.799999237061,0,2.799999237060547,2.799999237060547,7511.0,False,1,0,False,fast,0,0,False,False,30,False,True,,,,,,,,,,,
1070,7490.0,7490.0,7492.900001525879,1,2.9000015258789062,2.9000015258789062,7518.0,False,1,0,False,fast,0,0,False,False,29,False,True,,,,,,,,,,,
1076,7532.0,7532.0,7534.700000762939,0,2.700000762939453,2.700000762939453,7560.0,False,1,0,False,fast,0,0,False,False,23,False,True,,,,,,,,,,,
1077,7539.0,7539.0,7552.600002288818,1,13.60000228881836,13.60000228881836,7567.0,False,1,0,False,accurate,1,1,False,False,22,False,True,,,,,,,,,,,
1078,7546.0,7546.0,7548.799999237061,0,2.799999237060547,2.799999237060547,7574.0,False,2,1,False,fast,0,0,False,False,21,False,True,,,,,,,,,,,
1080,7560.0,7560.0,7562.799999237061,0,2.799999237060547,2.799999237060547,7588.0,False,1,0,False,fast,0,0,False,False,19,False,True,,,,,,,,,,,
1084,7588.0,7588.0,7599.799999237061,1,11.799999237060547,11.799999237060547,7616.0,False,1,0,False,accurate,1,1,False,False,15,False,True,,,,,,,,,,,
1088,7616.0,7616.0,7632.099998474121,0,16.099998474121094,16.099998474121094,7644.0,False,1,0,False,accurate,1,1,False,False,11,False,True,,,,,,,,,,,
1089,7623.0,7623.0,7635.099998474121,1,12.099998474121094,12.099998474121094,7651.0,False,2,1,False,accurate,1,1,False,False,10,False,True,,,,,,,,,,,
1090,7630.0,7632.099998474121,7634.799999237061,0,2.700000762939453,4.799999237060547,7658.0,False,3,2,False,fast,0,0,False,False,9,False,True,,,,,,,,,,,
1096,7672.0,7672.0,7692.099998474121,0,20.099998474121094,20.099998474121094,7700.0,False,1,0,False,accurate,0,0,False,False,3,False,True,,,,,,,,,,,
1098,7686.0,7686.0,7688.799999237061,1,2.799999237060547,2.799999237060547,7714.0,False,2,1,False,fast,0,0,False,False,1,True,True,,,,,,,,,,,
1099,7693.0,7693.0,7695.899997711182,1,2.8999977111816406,2.8999977111816406,7721.0,False,1,0,False,fast,0,0,False,True,0,True,True,,,,,,,,,,,
1103,7721.0,7721.0,7723.800003051758,0,2.8000030517578125,2.8000030517578125,7749.0,False,1,0,False,fast,0,0,False,False,96,False,True,,,,,,,,,,,
1108,7756.0,7756.0,7758.899997711182,1,2.8999977111816406,2.8999977111816406,7784.0,False,1,0,False,fast,0,0,False,False,91,False,True,,,,,,,,,,,
1109,7763.0,7763.0,7765.799999237061,0,2.799999237060547,2.799999237060547,7791.0,False,1,0,False,fast,0,0,False,False,90,False,True,,,,,,,,,,,
1110,7770.0,7770.0,7772.899997711182,1,2.8999977111816406,2.8999977111816406,7798.0,False,1,0,False,fast,0,0,False,False,89,False,True,,,,,,,,,,,
1114,7798.0,7798.0,7800.799999237061,0,2.799999237060547,2.799999237060547,7826.0,False,1,0,False,fast,0,0,False,False,85,False,True,,,,,,,,,,,
1115,7805.0,7805.0,7807.799999237061,1,2.799999237060547,2.799999237060547,7833.0,False,1,0,False,fast,0,0,False,False,84,False,True,,,,,,,,,,,
1116,7812.0,7812.0,7814.799999237061,0,2.799999237060547,2.799999237060547,7840.0,False,1,0,False,fast,0,0,False,False,83,False,True,,,,,,,,,,,
1126,7882.0,7882.0,7900.452503490448,1,18.452503490447995,18.45250349044818,7910.0,False,1,0,False,accurate,1,1,False,False,73,False,True,,,,,,,,,,,
1128,7896.0,7896.0,7917.8533357785145,0,21.853335778514566,21.85333577851452,7924.0,False,2,1,False,accurate,0,0,False,False,71,False,True,,,,,,,,,,,
1131,7917.0,7917.0,7942.928327281475,1,25.928327281475003,25.928327281474594,7945.0,False,2,1,False,accurate,0,0,False,False,68,False,True,,,,,,,,,,,
1135,7945.0,7945.0,7948.00999917984,0,3.009999179840088,3.009999179839724,7973.0,False,1,0,False,fast,0,0,False,False,64,False,True,,,,,,,,,,,
1138,7966.0,7966.0,7980.09999551773,1,14.099995517730713,14.099995517730349,7994.0,False,1,0,False,accurate,1,1,False,False,61,False,True,,,,,,,,,,,
1141,7987.0,7987.0,8002.65999751091,0,15.659997510910033,15.659997510910216,8015.0,False,1,0,False,accurate,1,1,False,False,58,False,True,,,,,,,,,,,
1142,7994.0,7994.0,8014.002497610524,1,20.00249761052429,20.002497610524188,8022.0,False,2,1,False,accurate,0,0,False,False,57,False,True,,,,,,,,,,,
1143,8001.0,8002.65999751091,8022.934581646559,0,20.274584135649103,21.93458164655931,8029.0,False,3,2,False,accurate,0,0,False,False,56,False,True,,,,,,,,,,,
1145,8015.0,8015.0,8036.399997711182,1,21.39999771118164,21.39999771118164,8043.0,False,2,1,False,accurate,0,0,False,False,54,False,True,,,,,,,,,,,
1148,8036.0,8036.0,8071.100002288818,0,35.10000228881836,35.10000228881836,8064.0,True,2,1,False,accurate,0,0,False,False,51,False,False,,,,,,,,,,,
1149,8043.0,8043.0,8075.0,1,32.0,32.0,8071.0,True,2,1,False,accurate,0,0,False,False,50,False,False,,,,,,,,,,,
1151,8057.0,8071.100002288818,8105.100002288818,0,34.0,48.10000228881836,8085.0,True,3,2,False,accurate,0,0,False,False,48,False,False,,,,,,,,,,,
1152,8064.0,8075.0,8096.400001525879,1,21.400001525878906,32.400001525878906,8092.0,True,4,3,False,accurate,1,1,False,False,47,False,False,,,,,,,,,,,
1154,8078.0,8096.400001525879,8133.299999237061,1,36.89999771118164,55.29999923706055,8106.0,True,3,2,False,accurate,1,1,False,False,45,False,False,,,,,,,,,,,
1158,8106.0,8106.0,8109.000003814697,0,3.0000038146972656,3.0000038146972656,8134.0,False,2,1,False,fast,0,0,False,False,41,False,True,,,,,,,,,,,
1165,8155.0,8155.0,8157.700000762939,0,2.700000762939453,2.700000762939453,8183.0,False,1,0,False,fast,0,0,False,False,34,False,True,,,,,,,,,,,
1167,8169.0,8169.0,8171.799999237061,1,2.799999237060547,2.799999237060547,8197.0,False,1,0,False,fast,0,0,False,False,32,False,True,,,,,,,,,,,
1169,8183.0,8183.0,8212.29999923706,0,29.299999237060547,29.299999237060547,8211.0,True,1,0,False,accurate,0,0,False,False,30,False,False,,,,,,,,,,,
1173,8211.0,8211.0,8225.099998474121,1,14.099998474121094,14.099998474121094,8239.0,False,2,1,False,accurate,1,1,False,False,26,False,True,,,,,,,,,,,
1175,8225.0,8225.0,8235.5,0,10.5,10.5,8253.0,False,2,1,False,accurate,1,1,False,False,24,False,True,,,,,,,,,,,
1177,8239.0,8239.0,8256.399997711182,1,17.39999771118164,17.39999771118164,8267.0,False,1,0,False,accurate,1,1,False,False,22,False,True,,,,,,,,,,,
1179,8253.0,8253.0,8255.900001525879,0,2.9000015258789062,2.9000015258789062,8281.0,False,2,1,False,fast,0,0,False,False,20,False,True,,,,,,,,,,,
1185,8295.0,8295.0,8297.999996185303,0,2.9999961853027344,2.9999961853027344,8323.0,False,1,0,False,fast,0,0,False,False,14,False,True,,,,,,,,,,,
1190,8330.0,8330.0,8332.900001525879,1,2.9000015258789062,2.9000015258789062,8358.0,False,1,0,False,fast,0,0,False,False,9,False,True,,,,,,,,,,,
1193,8351.0,8351.0,8353.899993896484,0,2.899993896484375,2.899993896484375,8379.0,False,1,0,False,fast,0,0,False,False,6,False,True,,,,,,,,,,,
1195,8365.0,8365.0,8378.0,1,13.0,13.0,8393.0,False,1,0,False,accurate,1,1,False,False,4,False,True,,,,,,,,,,,
1199,8393.0,8393.0,8395.899997711182,0,2.8999977111816406,2.8999977111816406,8421.0,False,1,0,False,fast,0,0,False,True,0,True,True,,,,,,,,,,,
1201,8407.0,8407.0,8410.0,1,3.0,3.0,8435.0,False,1,0,False,fast,0,0,False,False,98,False,True,,,,,,,,,,,
1206,8442.0,8442.0,8444.899997711182,0,2.8999977111816406,2.8999977111816406,8470.0,False,1,0,False,fast,0,0,False,False,93,False,True,,,,,,,,,,,
1207,8449.0,8449.0,8451.70000076294,1,2.700000762939453,2.700000762939453,8477.0,False,1,0,False,fast,0,0,False,False,92,False,True,,,,,,,,,,,
1210,8470.0,8470.0,8472.79999923706,0,2.799999237060547,2.799999237060547,8498.0,False,1,0,False,fast,0,0,False,False,89,False,True,,,,,,,,,,,
1213,8491.0,8491.0,8494.0,1,3.0,3.0,8519.0,False,1,0,False,fast,0,0,False,False,86,False,True,,,,,,,,,,,
1215,8505.0,8505.0,8507.79999923706,0,2.799999237060547,2.799999237060547,8533.0,False,1,0,False,fast,0,0,False,False,84,False,True,,,,,,,,,,,
1220,8540.0,8540.0,8543.099994659424,1,3.099994659423828,3.099994659423828,8568.0,False,1,0,False,fast,0,0,False,False,79,False,True,,,,,,,,,,,
1221,8547.0,8547.0,8561.5,0,14.5,14.5,8575.0,False,1,0,False,accurate,1,1,False,False,78,False,True,,,,,,,,,,,
1222,8554.0,8554.0,8556.79999923706,1,2.799999237060547,2.799999237060547,8582.0,False,2,1,False,fast,0,0,False,False,77,False,True,,,,,,,,,,,
1223,8561.0,8561.0,8563.70000076294,1,2.700000762939453,2.700000762939453,8589.0,False,2,1,False,fast,0,0,False,False,76,False,True,,,,,,,,,,,
1228,8596.0,8596.0,8609.5,0,13.5,13.5,8624.0,False,1,0,False,accurate,1,1,False,False,71,False,True,,,,,,,,,,,
1229,8603.0,8603.0,8618.899997711182,1,15.89999771118164,15.89999771118164,8631.0,False,2,1,False,accurate,1,1,False,False,70,False,True,,,,,,,,,,,
1231,8617.0,8617.0,8619.999996185303,0,2.9999961853027344,2.9999961853027344,8645.0,False,2,1,False,fast,0,0,False,False,68,False,True,,,,,,,,,,,
1238,8666.0,8666.0,8669.5,1,3.5,3.5,8694.0,False,1,0,False,fast,0,0,False,False,61,False,True,,,,,,,,,,,
1239,8673.0,8673.0,8676.100002288818,0,3.1000022888183594,3.1000022888183594,8701.0,False,1,0,False,fast,0,0,False,False,60,False,True,,,,,,,,,,,
1240,8680.0,8680.0,8693.599998474121,1,13.599998474121094,13.599998474121094,8708.0,False,1,0,False,accurate,1,1,False,False,59,False,True,,,,,,,,,,,
1253,8771.0,8771.0,8786.099998474121,0,15.099998474121094,15.099998474121094,8799.0,False,1,0,False,accurate,1,1,False,False,46,False,True,,,,,,,,,,,
1260,8820.0,8820.0,8830.79999923706,1,10.799999237060547,10.799999237060547,8848.0,False,1,0,False,accurate,1,1,False,False,39,False,True,,,,,,,,,,,
1262,8834.0,8834.0,8836.79999923706,0,2.799999237060547,2.799999237060547,8862.0,False,1,0,False,fast,0,0,False,False,37,False,True,,,,,,,,,,,
1263,8841.0,8841.0,8843.899997711182,1,2.8999977111816406,2.8999977111816406,8869.0,False,1,0,False,fast,0,0,False,False,36,False,True,,,,,,,,,,,
1264,8848.0,8848.0,8850.899993896484,0,2.899993896484375,2.899993896484375,8876.0,False,1,0,False,fast,0,0,False,False,35,False,True,,,,,,,,,,,
1266,8862.0,8862.0,8865.0,1,3.0,3.0,8890.0,False,1,0,False,fast,0,0,False,False,33,False,True,,,,,,,,,,,
1274,8918.0,8918.0,8920.79999923706,0,2.799999237060547,2.799999237060547,8946.0,False,1,0,False,fast,0,0,False,False,25,False,True,,,,,,,,,,,
1275,8925.0,8925.0,8941.0,1,16.0,16.0,8953.0,False,1,0,False,accurate,1,1,False,False,24,False,True,,,,,,,,,,,
1276,8932.0,8932.0,8947.399997711182,0,15.39999771118164,15.39999771118164,8960.0,False,2,1,False,accurate,1,1,False,False,23,False,True,,,,,,,,,,,
1279,8953.0,8953.0,8955.79999923706,1,2.799999237060547,2.799999237060547,8981.0,False,1,0,False,fast,0,0,False,False,20,False,True,,,,,,,,,,,
1283,8981.0,8981.0,9010.992503690719,0,29.9925036907196,29.992503690718877,9009.0,True,1,0,False,accurate,0,0,False,False,16,False,False,,,,,,,,,,,
1285,8995.0,8995.0,9016.136664484342,1,21.13666448434192,21.136664484341964,9023.0,False,2,1,False,accurate,0,0,False,False,14,False,True,,,,,,,,,,,
1286,9002.0,9010.992503690719,9037.832501363753,0,26.839997673034667,35.83250136375318,9030.0,True,3,2,False,accurate,0,0,False,False,13,False,False,,,,,,,,,,,
1289,9023.0,9023.0,9050.3125,1,27.3125,27.3125,9051.0,False,2,1,False,accurate,1,1,False,False,10,False,True,,,,,,,,,,,
1291,9037.0,9037.832501363753,9059.485419300992,0,21.65291793723902,22.485419300992362,9065.0,False,3,2,False,accurate,1,1,False,False,8,False,True,,,,,,,,,,,
1295,9065.0,9065.0,9080.907498073579,1,15.90749807357788,15.907498073578608,9093.0,False,1,0,False,accurate,1,1,False,False,4,False,True,,,,,,,,,,,
1296,9072.0,9072.0,9093.953332516154,0,21.95333251615365,21.95333251615375,9100.0,False,2,1,False,accurate,0,0,False,False,3,False,True,,,,,,,,,,,
1298,9086.0,9086.0,9089.045001602173,1,3.0450016021728517,3.0450016021732154,9114.0,False,2,1,False,fast,0,0,False,False,1,True,True,,,,,,,,,,,
1302,9114.0,9114.0,9129.557504870221,1,15.557504870221026,15.557504870221237,9142.0,False,1,0,False,accurate,1,1,False,False,97,False,True,,,,,,,,,,,
1303,9121.0,9121.0,9123.722504616455,0,2.722504616454245,2.7225046164548985,9149.0,False,2,1,False,fast,0,0,False,False,96,False,True,,,,,,,,,,,
1305,9135.0,9135.0,9137.899997711182,0,2.8999977111816406,2.8999977111816406,9163.0,False,1,0,False,fast,0,0,False,False,94,False,True,,,,,,,,,,,
1307,9149.0,9149.0,9151.700004577637,1,2.7000045776367188,2.7000045776367188,9177.0,False,1,0,False,fast,0,0,False,False,92,False,True,,,,,,,,,,,
1308,9156.0,9156.0,9158.70000076294,0,2.700000762939453,2.700000762939453,9184.0,False,1,0,False,fast,0,0,False,False,91,False,True,,,,,,,,,,,
1311,9177.0,9177.0,9191.400001525879,1,14.400001525878906,14.400001525878906,9205.0,False,1,0,False,accurate,1,1,False,False,88,False,True,,,,,,,,,,,
1313,9191.0,9191.0,9193.79999923706,0,2.799999237060547,2.799999237060547,9219.0,False,2,1,False,fast,0,0,False,False,86,False,True,,,,,,,,,,,
1314,9198.0,9198.0,9200.79999923706,1,2.799999237060547,2.799999237060547,9226.0,False,1,0,False,fast,0,0,False,False,85,False,True,,,,,,,,,,,
1317,9219.0,9219.0,9233.20000076294,0,14.200000762939453,14.200000762939453,9247.0,False,1,0,False,accurate,1,1,False,False,82,False,True,,,,,,,,,,,
1320,9240.0,9240.0,9242.70000076294,1,2.700000762939453,2.700000762939453,9268.0,False,1,0,False,fast,0,0,False,False,79,False,True,,,,,,,,,,,
1322,9254.0,9254.0,9256.600002288818,0,2.6000022888183594,2.6000022888183594,9282.0,False,1,0,False,fast,0,0,False,False,77,False,True,,,,,,,,,,,
1324,9268.0,9268.0,9270.79999923706,1,2.799999237060547,2.799999237060547,9296.0,False,1,0,False,fast,0,0,False,False,75,False,True,,,,,,,,,,,
1328,9296.0,9296.0,9298.700004577637,0,2.7000045776367188,2.7000045776367188,9324.0,False,1,0,False,fast,0,0,False,False,71,False,True,,,,,,,,,,,
1329,9303.0,9303.0,9305.70000076294,1,2.700000762939453,2.700000762939453,9331.0,False,1,0,False,fast,0,0,False,False,70,False,True,,,,,,,,,,,
1331,9317.0,9317.0,9330.400001525879,0,13.400001525878906,13.400001525878906,9345.0,False,1,0,False,accurate,1,1,False,False,68,False,True,,,,,,,,,,,
1333,9331.0,9331.0,9342.0,1,11.0,11.0,9359.0,False,1,0,False,accurate,1,1,False,False,66,False,True,,,,,,,,,,,
1335,9345.0,9345.0,9347.899997711182,0,2.8999977111816406,2.8999977111816406,9373.0,False,1,0,False,fast,0,0,False,False,64,False,True,,,,,,,,,,,
1336,9352.0,9352.0,9354.899997711182,1,2.8999977111816406,2.8999977111816406,9380.0,False,1,0,False,fast,0,0,False,False,63,False,True,,,,,,,,,,,
1339,9373.0,9373.0,9375.699996948242,0,2.6999969482421875,2.6999969482421875,9401.0,False,1,0,False,fast,0,0,False,False,60,False,True,,,,,,,,,,,
1344,9408.0,9408.0,9421.79999923706,1,13.799999237060547,13.799999237060547,9436.0,False,1,0,False,accurate,1,1,False,False,55,False,True,,,,,,,,,,,
1347,9429.0,9429.0,9443.099998474121,0,14.099998474121094,14.099998474121094,9457.0,False,1,0,False,accurate,1,1,False,False,52,False,True,,,,,,,,,,,
1349,9443.0,9443.0,9445.79999923706,1,2.799999237060547,2.799999237060547,9471.0,False,2,1,False,fast,0,0,False,False,50,False,True,,,,,,,,,,,
1351,9457.0,9457.0,9470.5,0,13.5,13.5,9485.0,False,1,0,False,accurate,1,1,False,False,48,False,True,,,,,,,,,,,
1352,9464.0,9464.0,9478.79999923706,1,14.799999237060547,14.799999237060547,9492.0,False,2,1,False,accurate,1,1,False,False,47,False,True,,,,,,,,,,,
1357,9499.0,9499.0,9501.70000076294,0,2.700000762939453,2.700000762939453,9527.0,False,1,0,False,fast,0,0,False,False,42,False,True,,,,,,,,,,,
1362,9534.0,9534.0,9547.199996948242,1,13.199996948242188,13.199996948242188,9562.0,False,1,0,False,accurate,1,1,False,False,37,False,True,,,,,,,,,,,
1368,9576.0,9576.0,9578.699996948242,0,2.6999969482421875,2.6999969482421875,9604.0,False,1,0,False,fast,0,0,False,False,31,False,True,,,,,,,,,,,
1371,9597.0,9597.0,9599.899997711182,1,2.8999977111816406,2.8999977111816406,9625.0,False,1,0,False,fast,0,0,False,False,28,False,True,,,,,,,,,,,
1372,9604.0,9604.0,9626.79999923706,0,22.799999237060547,22.799999237060547,9632.0,False,1,0,False,accurate,0,0,False,False,27,False,True,,,,,,,,,,,
1377,9639.0,9639.0,9656.5,1,17.5,17.5,9667.0,False,1,0,False,accurate,1,1,False,False,22,False,True,,,,,,,,,,,
1379,9653.0,9653.0,9655.79999923706,0,2.799999237060547,2.799999237060547,9681.0,False,2,1,False,fast,0,0,False,False,20,False,True,,,,,,,,,,,
1382,9674.0,9674.0,9688.199996948242,0,14.199996948242188,14.199996948242188,9702.0,False,1,0,False,accurate,1,1,False,False,17,False,True,,,,,,,,,,,
1383,9681.0,9681.0,9683.800003051758,1,2.8000030517578125,2.8000030517578125,9709.0,False,2,1,False,fast,0,0,False,False,16,False,True,,,,,,,,,,,
1385,9695.0,9695.0,9699.099998474121,1,4.099998474121094,4.099998474121094,9723.0,False,1,0,False,fast,0,0,False,False,14,False,True,,,,,,,,,,,
1386,9702.0,9702.0,9704.900001525879,0,2.9000015258789062,2.9000015258789062,9730.0,False,1,0,False,fast,0,0,False,False,13,False,True,,,,,,,,,,,
1395,9765.0,9765.0,9767.900001525879,1,2.9000015258789062,2.9000015258789062,9793.0,False,1,0,False,fast,0,0,False,False,4,False,True,,,,,,,,,,,
1396,9772.0,9772.0,9776.20000076294,0,4.200000762939453,4.200000762939453,9800.0,False,1,0,False,fast,0,0,False,False,3,False,True,,,,,,,,,,,
1406,9842.0,9842.0,9844.79999923706,1,2.799999237060547,2.799999237060547,9870.0,False,1,0,False,fast,0,0,False,False,93,False,True,,,,,,,,,,,
1408,9856.0,9856.0,9859.000003814697,0,3.0000038146972656,3.0000038146972656,9884.0,False,1,0,False,fast,0,0,False,False,91,False,True,,,,,,,,,,,
1411,9877.0,9877.0,9888.300003051758,1,11.300003051757812,11.300003051757812,9905.0,False,1,0,False,accurate,1,1,False,False,88,False,True,,,,,,,,,,,
1413,9891.0,9891.0,9893.700004577637,0,2.7000045776367188,2.7000045776367188,9919.0,False,1,0,False,fast,0,0,False,False,86,False,True,,,,,,,,,,,
1415,9905.0,9905.0,9907.79999923706,1,2.799999237060547,2.799999237060547,9933.0,False,1,0,False,fast,0,0,False,False,84,False,True,,,,,,,,,,,
1417,9919.0,9919.0,9932.70000076294,0,13.700000762939453,13.700000762939453,9947.0,False,1,0,False,accurate,1,1,False,False,82,False,True,,,,,,,,,,,
1419,9933.0,9933.0,9935.800003051758,1,2.8000030517578125,2.8000030517578125,9961.0,False,1,0,False,fast,0,0,False,False,80,False,True,,,,,,,,,,,
1426,9982.0,9982.0,9984.699996948242,0,2.6999969482421875,2.6999969482421875,10010.0,False,1,0,False,fast,0,0,False,False,73,False,True,,,,,,,,,,,
1427,9989.0,9989.0,9991.599998474121,1,2.5999984741210938,2.5999984741210938,10017.0,False,1,0,False,fast,0,0,False,False,72,False,True,,,,,,,,,,,
1429,10003.0,10003.0,10005.599998474121,0,2.5999984741210938,2.5999984741210938,10031.0,False,1,0,False,fast,0,0,False,False,70,False,True,,,,,,,,,,,
1431,10017.0,10017.0,10032.400001525879,1,15.400001525878906,15.400001525878906,10045.0,False,1,0,False,accurate,1,1,False,False,68,False,True,,,,,,,,,,,
1432,10024.0,10024.0,10026.70000076294,0,2.700000762939453,2.700000762939453,10052.0,False,2,1,False,fast,0,0,False,False,67,False,True,,,,,,,,,,,
1433,10031.0,10031.0,10045.70000076294,0,14.700000762939453,14.700000762939453,10059.0,False,2,1,False,accurate,1,1,False,False,66,False,True,,,,,,,,,,,
1439,10073.0,10073.0,10086.599998474121,1,13.599998474121094,13.599998474121094,10101.0,False,1,0,False,accurate,1,1,False,False,60,False,True,,,,,,,,,,,
1440,10080.0,10080.0,10103.969997406006,0,23.96999740600586,23.96999740600586,10108.0,False,2,1,False,accurate,0,0,False,False,59,False,True,,,,,,,,,,,
1441,10087.0,10087.0,10111.561251070301,1,24.561251070300727,24.561251070301296,10115.0,False,2,1,False,accurate,0,0,False,False,58,False,True,,,,,,,,,,,
1442,10094.0,10103.969997406006,10128.923325940768,0,24.953328534762022,34.923325940768336,10122.0,True,3,2,False,accurate,0,0,False,False,57,False,False,,,,,,,,,,,
1443,10101.0,10111.561251070301,10132.201249840062,1,20.63999876976013,31.20124984006179,10129.0,True,4,3,False,accurate,0,0,False,False,56,False,False,,,,,,,,,,,
1446,10122.0,10128.923325940768,10152.560825940769,0,23.6375,30.560825940769064,10150.0,True,3,2,False,accurate,0,0,False,False,53,False,False,,,,,,,,,,,
1447,10129.0,10132.201249840062,10152.993335262538,1,20.79208542247611,23.993335262537585,10157.0,False,3,2,False,accurate,0,0,False,False,52,False,True,,,,,,,,,,,
1448,10136.0,10152.560825940769,10155.620826816163,0,3.0600008753935524,19.620826816162662,10164.0,False,3,2,False,fast,0,0,False,False,51,False,True,,,,,,,,,,,
1451,10157.0,10157.0,10180.445833569765,1,23.445833569765092,23.445833569765455,10185.0,False,1,0,False,accurate,0,0,False,False,48,False,True,,,,,,,,,,,
1453,10171.0,10171.0,10189.491666764021,0,18.49166676402092,18.49166676402092,10199.0,False,2,1,False,accurate,1,1,False,False,46,False,True,,,,,,,,,,,
1454,10178.0,10180.445833569765,10183.37083025833,1,2.9249966885646246,5.370830258330898,10206.0,False,3,2,False,fast,0,0,False,False,45,False,True,,,,,,,,,,,
1456,10192.0,10192.0,10212.350004819533,1,20.350004819532263,20.350004819532842,10220.0,False,1,0,False,accurate,1,1,False,False,43,False,True,,,,,,,,,,,
1457,10199.0,10199.0,10201.85750080208,0,2.857500802079835,2.8575008020798123,10227.0,False,2,1,False,fast,0,0,False,False,42,False,True,,,,,,,,,,,
1459,10213.0,10213.0,10215.812496818404,0,2.812496818403406,2.8124968184038153,10241.0,False,1,0,False,fast,0,0,False,False,40,False,True,,,,,,,,,,,
1464,10248.0,10248.0,10250.70000076294,1,2.700000762939453,2.700000762939453,10276.0,False,1,0,False,fast,0,0,False,False,35,False,True,,,,,,,,,,,
1466,10262.0,10262.0,10264.79999923706,0,2.799999237060547,2.799999237060547,10290.0,False,1,0,False,fast,0,0,False,False,33,False,True,,,,,,,,,,,
1471,10297.0,10297.0,10309.29999923706,1,12.299999237060547,12.299999237060547,10325.0,False,1,0,False,accurate,1,1,False,False,28,False,True,,,,,,,,,,,
1474,10318.0,10318.0,10320.70000076294,0,2.700000762939453,2.700000762939453,10346.0,False,1,0,False,fast,0,0,False,False,25,False,True,,,,,,,,,,,
1476,10332.0,10332.0,10334.699996948242,1,2.6999969482421875,2.6999969482421875,10360.0,False,1,0,False,fast,0,0,False,False,23,False,True,,,,,,,,,,,
1479,10353.0,10353.0,10367.400001525879,0,14.400001525878906,14.400001525878906,10381.0,False,1,0,False,accurate,1,1,False,False,20,False,True,,,,,,,,,,,
1487,10409.0,10409.0,10411.800003051758,1,2.8000030517578125,2.8000030517578125,10437.0,False,1,0,False,fast,0,0,False,False,12,False,True,,,,,,,,,,,
1491,10437.0,10437.0,10439.699996948242,0,2.6999969482421875,2.6999969482421875,10465.0,False,1,0,False,fast,0,0,False,False,8,False,True,,,,,,,,,,,
1492,10444.0,10444.0,10463.500003814697,1,19.500003814697266,19.500003814697266,10472.0,False,1,0,False,accurate,0,0,False,False,7,False,True,,,,,,,,,,,
1496,10472.0,10472.0,10486.0,0,14.0,14.0,10500.0,False,1,0,False,accurate,1,1,False,False,3,False,True,,,,,,,,,,,
1497,10479.0,10479.0,10481.700004577637,1,2.7000045776367188,2.7000045776367188,10507.0,False,2,1,False,fast,0,0,False,False,2,True,True,,,,,,,,,,,
1499,10493.0,10493.0,10495.599994659424,1,2.599994659423828,2.599994659423828,10521.0,False,1,0,False,fast,0,0,False,True,0,True,True,,,,,,,,,,,
1501,10507.0,10507.0,10509.700004577637,0,2.7000045776367188,2.7000045776367188,10535.0,False,1,0,False,fast,0,0,False,False,98,False,True,,,,,,,,,,,
1503,10521.0,10521.0,10523.599998474121,1,2.5999984741210938,2.5999984741210938,10549.0,False,1,0,False,fast,0,0,False,False,96,False,True,,,,,,,,,,,
1505,10535.0,10535.0,10549.29999923706,0,14.299999237060547,14.299999237060547,10563.0,False,1,0,False,accurate,1,1,False,False,94,False,True,,,,,,,,,,,
1509,10563.0,10563.0,10583.899997711182,1,20.89999771118164,20.89999771118164,10591.0,False,1,0,False,accurate,1,1,False,False,90,False,True,,,,,,,,,,,
1510,10570.0,10570.0,10572.70000076294,0,2.700000762939453,2.700000762939453,10598.0,False,2,1,False,fast,0,0,False,False,89,False,True,,,,,,,,,,,
1513,10591.0,10591.0,10593.70000076294,0,2.700000762939453,2.700000762939453,10619.0,False,1,0,False,fast,0,0,False,False,86,False,True,,,,,,,,,,,
1519,10633.0,10633.0,10636.200004577637,1,3.2000045776367188,3.2000045776367188,10661.0,False,1,0,False,fast,0,0,False,False,80,False,True,,,,,,,,,,,
1522,10654.0,10654.0,10656.699996948242,0,2.6999969482421875,2.6999969482421875,10682.0,False,1,0,False,fast,0,0,False,False,77,False,True,,,,,,,,,,,
1525,10675.0,10675.0,10677.599998474121,1,2.5999984741210938,2.5999984741210938,10703.0,False,1,0,False,fast,0,0,False,False,74,False,True,,,,,,,,,,,
1530,10710.0,10710.0,10712.599998474121,0,2.5999984741210938,2.5999984741210938,10738.0,False,1,0,False,fast,0,0,False,False,69,False,True,,,,,,,,,,,
1531,10717.0,10717.0,10729.099998474121,1,12.099998474121094,12.099998474121094,10745.0,False,1,0,False,accurate,1,1,False,False,68,False,True,,,,,,,,,,,
1537,10759.0,10759.0,10761.600002288818,0,2.6000022888183594,2.6000022888183594,10787.0,False,1,0,False,fast,0,0,False,False,62,False,True,,,,,,,,,,,
1540,10780.0,10780.0,10782.700004577637,1,2.7000045776367188,2.7000045776367188,10808.0,False,1,0,False,fast,0,0,False,False,59,False,True,,,,,,,,,,,
1541,10787.0,10787.0,10803.599998474121,0,16.599998474121094,16.599998474121094,10815.0,False,1,0,False,accurate,1,1,False,False,58,False,True,,,,,,,,,,,
1547,10829.0,10829.0,10831.600002288818,1,2.6000022888183594,2.6000022888183594,10857.0,False,1,0,False,fast,0,0,False,False,52,False,True,,,,,,,,,,,
1550,10850.0,10850.0,10852.600002288818,0,2.6000022888183594,2.6000022888183594,10878.0,False,1,0,False,fast,0,0,False,False,49,False,True,,,,,,,,,,,
1554,10878.0,10878.0,10893.699996948242,1,15.699996948242188,15.699996948242188,10906.0,False,1,0,False,accurate,1,1,False,False,45,False,True,,,,,,,,,,,
1555,10885.0,10885.0,10887.699996948242,0,2.6999969482421875,2.6999969482421875,10913.0,False,2,1,False,fast,0,0,False,False,44,False,True,,,,,,,,,,,
1556,10892.0,10892.0,10894.70000076294,0,2.700000762939453,2.700000762939453,10920.0,False,2,1,False,fast,0,0,False,False,43,False,True,,,,,,,,,,,
1560,10920.0,10920.0,10922.70000076294,1,2.700000762939453,2.700000762939453,10948.0,False,1,0,False,fast,0,0,False,False,39,False,True,,,,,,,,,,,
1562,10934.0,10934.0,10936.70000076294,0,2.700000762939453,2.700000762939453,10962.0,False,1,0,False,fast,0,0,False,False,37,False,True,,,,,,,,,,,
1565,10955.0,10955.0,10957.700004577637,1,2.7000045776367188,2.7000045776367188,10983.0,False,1,0,False,fast,0,0,False,False,34,False,True,,,,,,,,,,,
1566,10962.0,10962.0,10978.5,0,16.5,16.5,10990.0,False,1,0,False,accurate,1,1,False,False,33,False,True,,,,,,,,,,,
1569,10983.0,10983.0,10985.699996948242,1,2.6999969482421875,2.6999969482421875,11011.0,False,1,0,False,fast,0,0,False,False,30,False,True,,,,,,,,,,,
1575,11025.0,11025.0,11027.600002288818,0,2.6000022888183594,2.6000022888183594,11053.0,False,1,0,False,fast,0,0,False,False,24,False,True,,,,,,,,,,,
1577,11039.0,11039.0,11041.70000076294,1,2.700000762939453,2.700000762939453,11067.0,False,1,0,False,fast,0,0,False,False,22,False,True,,,,,,,,,,,
1578,11046.0,11046.0,11048.699996948242,0,2.6999969482421875,2.6999969482421875,11074.0,False,1,0,False,fast,0,0,False,False,21,False,True,,,,,,,,,,,
1582,11074.0,11074.0,11076.700004577637,1,2.7000045776367188,2.7000045776367188,11102.0,False,1,0,False,fast,0,0,False,False,17,False,True,,,,,,,,,,,
1583,11081.0,11081.0,11083.700004577637,0,2.7000045776367188,2.7000045776367188,11109.0,False,1,0,False,fast,0,0,False,False,16,False,True,,,,,,,,,,,
1587,11109.0,11109.0,11129.300003051758,1,20.300003051757812,20.300003051757812,11137.0,False,1,0,False,accurate,0,0,False,False,12,False,True,,,,,,,,,,,
1588,11116.0,11116.0,11132.400001525879,0,16.400001525878906,16.400001525878906,11144.0,False,2,1,False,accurate,1,1,False,False,11,False,True,,,,,,,,,,,
1590,11130.0,11130.0,11196.199996948242,1,66.19999694824219,66.19999694824219,11158.0,True,2,1,False,accurate,1,1,False,False,9,False,False,,,,,,,,,,,
1596,11172.0,11172.0,11193.100002288818,0,21.10000228881836,21.10000228881836,11200.0,False,2,1,False,accurate,0,0,False,False,3,False,True,,,,,,,,,,,
1598,11186.0,11193.100002288818,11206.099998474121,0,12.999996185302734,20.099998474121094,11214.0,False,3,2,False,accurate,1,1,False,False,1,True,True,,,,,,,,,,,
1599,11193.0,11196.199996948242,11198.999996185303,1,2.799999237060547,5.999996185302734,11221.0,False,4,3,False,fast,0,0,False,True,0,True,True,,,,,,,,,,,
1602,11214.0,11214.0,11217.195005427599,1,3.1950054275989714,3.1950054275985167,11242.0,False,1,0,False,fast,0,0,False,False,97,False,True,,,,,,,,,,,
1608,11256.0,11256.0,11274.479997937282,0,18.479997937281905,18.47999793728195,11284.0,False,1,0,False,accurate,1,1,False,False,91,False,True,,,,,,,,,,,
1610,11270.0,11270.0,11291.547504085103,1,21.54750408510363,21.547504085103355,11298.0,False,2,1,False,accurate,0,0,False,False,89,False,True,,,,,,,,,,,
1611,11277.0,11277.0,11279.99250085632,0,2.9925008563200666,2.9925008563204756,11305.0,False,2,1,False,fast,0,0,False,False,88,False,True,,,,,,,,,,,
1612,11284.0,11284.0,11286.969996643067,0,2.9699966430664064,2.969996643067134,11312.0,False,2,1,False,fast,0,0,False,False,87,False,True,,,,,,,,,,,
1617,11319.0,11319.0,11321.963336557546,0,2.9633365575472452,2.9633365575464268,11347.0,False,1,0,False,fast,0,0,False,False,82,False,True,,,,,,,,,,,
1619,11333.0,11333.0,11355.114586763035,1,22.114586763034254,22.114586763034822,11361.0,False,1,0,False,accurate,1,1,False,False,80,False,True,,,,,,,,,,,
1620,11340.0,11340.0,11342.790000791052,0,2.7900007910529783,2.79000079105208,11368.0,False,2,1,False,fast,0,0,False,False,79,False,True,,,,,,,,,,,
1626,11382.0,11382.0,11410.0,0,28.0,28.0,11410.0,False,1,0,False,accurate,1,1,False,False,73,False,True,,,,,,,,,,,
1631,11417.0,11417.0,11419.800003051758,1,2.8000030517578125,2.8000030517578125,11445.0,False,1,0,False,fast,0,0,False,False,68,False,True,,,,,,,,,,,
1633,11431.0,11431.0,11433.699996948242,0,2.6999969482421875,2.6999969482421875,11459.0,False,1,0,False,fast,0,0,False,False,66,False,True,,,,,,,,,,,
1634,11438.0,11438.0,11440.70000076294,1,2.700000762939453,2.700000762939453,11466.0,False,1,0,False,fast,0,0,False,False,65,False,True,,,,,,,,,,,
1636,11452.0,11452.0,11463.0,0,11.0,11.0,11480.0,False,1,0,False,accurate,1,1,False,False,63,False,True,,,,,,,,,,,
1639,11473.0,11473.0,11487.29999923706,1,14.299999237060547,14.299999237060547,11501.0,False,1,0,False,accurate,1,1,False,False,60,False,True,,,,,,,,,,,
1643,11501.0,11501.0,11503.699996948242,0,2.6999969482421875,2.6999969482421875,11529.0,False,1,0,False,fast,0,0,False,False,56,False,True,,,,,,,,,,,
1649,11543.0,11543.0,11545.699996948242,1,2.6999969482421875,2.6999969482421875,11571.0,False,1,0,False,fast,0,0,False,False,50,False,True,,,,,,,,,,,
1652,11564.0,11564.0,11566.700004577637,0,2.7000045776367188,2.7000045776367188,11592.0,False,1,0,False,fast,0,0,False,False,47,False,True,,,,,,,,,,,
1653,11571.0,11571.0,11573.699996948242,1,2.6999969482421875,2.6999969482421875,11599.0,False,1,0,False,fast,0,0,False,False,46,False,True,,,,,,,,,,,
1656,11592.0,11592.0,11594.70000076294,0,2.700000762939453,2.700000762939453,11620.0,False,1,0,False,fast,0,0,False,False,43,False,True,,,,,,,,,,,
1657,11599.0,11599.0,11601.79999923706,1,2.799999237060547,2.799999237060547,11627.0,False,1,0,False,fast,0,0,False,False,42,False,True,,,,,,,,,,,
1658,11606.0,11606.0,11618.900001525879,0,12.900001525878906,12.900001525878906,11634.0,False,1,0,False,accurate,1,1,False,False,41,False,True,,,,,,,,,,,
1659,11613.0,11613.0,11629.300003051758,1,16.300003051757812,16.300003051757812,11641.0,False,2,1,False,accurate,1,1,False,False,40,False,True,,,,,,,,,,,
1661,11627.0,11627.0,11650.29999923706,0,23.299999237060547,23.299999237060547,11655.0,False,2,1,False,accurate,0,0,False,False,38,False,True,,,,,,,,,,,
1662,11634.0,11634.0,11636.79999923706,1,2.799999237060547,2.799999237060547,11662.0,False,2,1,False,fast,0,0,False,False,37,False,True,,,,,,,,,,,
1663,11641.0,11641.0,11656.29999923706,1,15.299999237060547,15.299999237060547,11669.0,False,2,1,False,accurate,1,1,False,False,36,False,True,,,,,,,,,,,
1670,11690.0,11690.0,11692.70000076294,0,2.700000762939453,2.700000762939453,11718.0,False,1,0,False,fast,0,0,False,False,29,False,True,,,,,,,,,,,
1673,11711.0,11711.0,11727.400001525879,1,16.400001525878906,16.400001525878906,11739.0,False,1,0,False,accurate,1,1,False,False,26,False,True,,,,,,,,,,,
1675,11725.0,11725.0,11727.79999923706,0,2.799999237060547,2.799999237060547,11753.0,False,2,1,False,fast,0,0,False,False,24,False,True,,,,,,,,,,,
1680,11760.0,11760.0,11783.100002288818,1,23.10000228881836,23.10000228881836,11788.0,False,1,0,False,accurate,1,1,False,False,19,False,True,,,,,,,,,,,
1681,11767.0,11767.0,11769.79999923706,0,2.799999237060547,2.799999237060547,11795.0,False,2,1,False,fast,0,0,False,False,18,False,True,,,,,,,,,,,
1682,11774.0,11774.0,11793.5,0,19.5,19.5,11802.0,False,2,1,False,accurate,0,0,False,False,17,False,True,,,,,,,,,,,
1683,11781.0,11783.100002288818,11785.800003051758,1,2.700000762939453,4.8000030517578125,11809.0,False,3,2,False,fast,0,0,False,False,16,False,True,,,,,,,,,,,
1686,11802.0,11802.0,11804.700004577637,1,2.7000045776367188,2.7000045776367188,11830.0,False,1,0,False,fast,0,0,False,False,13,False,True,,,,,,,,,,,
1690,11830.0,11830.0,11832.70000076294,0,2.700000762939453,2.700000762939453,11858.0,False,1,0,False,fast,0,0,False,False,9,False,True,,,,,,,,,,,
1693,11851.0,11851.0,11853.70000076294,1,2.700000762939453,2.700000762939453,11879.0,False,1,0,False,fast,0,0,False,False,6,False,True,,,,,,,,,,,
1694,11858.0,11858.0,11870.20000076294,0,12.200000762939453,12.200000762939453,11886.0,False,1,0,False,accurate,1,1,False,False,5,False,True,,,,,,,,,,,
1696,11872.0,11872.0,11874.79999923706,1,2.799999237060547,2.799999237060547,11900.0,False,1,0,False,fast,0,0,False,False,3,False,True,,,,,,,,,,,
1697,11879.0,11879.0,11888.5,0,9.5,9.5,11907.0,False,1,0,False,accurate,1,1,False,False,2,True,True,,,,,,,,,,,
1701,11907.0,11907.0,11909.70000076294,1,2.700000762939453,2.700000762939453,11935.0,False,1,0,False,fast,0,0,False,False,98,False,True,,,,,,,,,,,
1702,11914.0,11914.0,11934.100002288818,0,20.10000228881836,20.10000228881836,11942.0,False,1,0,False,accurate,0,0,False,False,97,False,True,,,,,,,,,,,
1703,11921.0,11921.0,11934.900001525879,1,13.900001525878906,13.900001525878906,11949.0,False,2,1,False,accurate,1,1,False,False,96,False,True,,,,,,,,,,,
1704,11928.0,11934.100002288818,11947.20000076294,0,13.099998474121094,19.200000762939453,11956.0,False,3,2,False,accurate,1,1,False,False,95,False,True,,,,,,,,,,,
1710,11970.0,11970.0,11990.899997711182,1,20.89999771118164,20.89999771118164,11998.0,False,1,0,False,accurate,0,0,False,False,89,False,True,,,,,,,,,,,
1711,11977.0,11977.0,11979.700004577637,0,2.7000045776367188,2.7000045776367188,12005.0,False,2,1,False,fast,0,0,False,False,88,False,True,,,,,,,,,,,
1713,11991.0,11991.0,12014.400001525879,0,23.400001525878906,23.400001525878906,12019.0,False,1,0,False,accurate,0,0,False,False,86,False,True,,,,,,,,,,,
1714,11998.0,11998.0,12013.499996185303,1,15.499996185302734,15.499996185302734,12026.0,False,2,1,False,accurate,1,1,False,False,85,False,True,,,,,,,,,,,
1719,12033.0,12033.0,12036.29999923706,1,3.299999237060547,3.299999237060547,12061.0,False,1,0,False,fast,0,0,False,False,80,False,True,,,,,,,,,,,
1721,12047.0,12047.0,12049.700004577637,0,2.7000045776367188,2.7000045776367188,12075.0,False,1,0,False,fast,0,0,False,False,78,False,True,,,,,,,,,,,
1722,12054.0,12054.0,12066.399997711182,1,12.39999771118164,12.39999771118164,12082.0,False,1,0,False,accurate,1,1,False,False,77,False,True,,,,,,,,,,,
1724,12068.0,12068.0,12070.700004577637,0,2.7000045776367188,2.7000045776367188,12096.0,False,1,0,False,fast,0,0,False,False,75,False,True,,,,,,,,,,,
1729,12103.0,12103.0,12105.900001525879,1,2.9000015258789062,2.9000015258789062,12131.0,False,1,0,False,fast,0,0,False,False,70,False,True,,,,,,,,,,,
1730,12110.0,12110.0,12112.79999923706,0,2.799999237060547,2.799999237060547,12138.0,False,1,0,False,fast,0,0,False,False,69,False,True,,,,,,,,,,,
1732,12124.0,12124.0,12126.800003051758,1,2.8000030517578125,2.8000030517578125,12152.0,False,1,0,False,fast,0,0,False,False,67,False,True,,,,,,,,,,,
1734,12138.0,12138.0,12140.800003051758,0,2.8000030517578125,2.8000030517578125,12166.0,False,1,0,False,fast,0,0,False,False,65,False,True,,,,,,,,,,,
1735,12145.0,12145.0,12148.0,1,3.0,3.0,12173.0,False,1,0,False,fast,0,0,False,False,64,False,True,,,,,,,,,,,
1737,12159.0,12159.0,12161.79999923706,0,2.799999237060547,2.799999237060547,12187.0,False,1,0,False,fast,0,0,False,False,62,False,True,,,,,,,,,,,
1740,12180.0,12180.0,12190.299995422363,1,10.299995422363281,10.299995422363281,12208.0,False,1,0,False,accurate,1,1,False,False,59,False,True,,,,,,,,,,,
1742,12194.0,12194.0,12196.70000076294,0,2.700000762939453,2.700000762939453,12222.0,False,1,0,False,fast,0,0,False,False,57,False,True,,,,,,,,,,,
1749,12243.0,12243.0,12246.0,1,3.0,3.0,12271.0,False,1,0,False,fast,0,0,False,False,50,False,True,,,,,,,,,,,
1750,12250.0,12250.0,12263.300003051758,0,13.300003051757812,13.300003051757812,12278.0,False,1,0,False,accurate,1,1,False,False,49,False,True,,,,,,,,,,,
1753,12271.0,12271.0,12273.70000076294,1,2.700000762939453,2.700000762939453,12299.0,False,1,0,False,fast,0,0,False,False,46,False,True,,,,,,,,,,,
1754,12278.0,12278.0,12280.79999923706,0,2.799999237060547,2.799999237060547,12306.0,False,1,0,False,fast,0,0,False,False,45,False,True,,,,,,,,,,,
1759,12313.0,12313.0,12315.79999923706,1,2.799999237060547,2.799999237060547,12341.0,False,1,0,False,fast,0,0,False,False,40,False,True,,,,,,,,,,,
1760,12320.0,12320.0,12323.36000366211,0,3.3600036621093747,3.3600036621101026,12348.0,False,1,0,False,fast,0,0,False,False,39,False,True,,,,,,,,,,,
1761,12327.0,12327.0,12330.098331504663,1,3.0983315046628377,3.0983315046632924,12355.0,False,1,0,False,fast,0,0,False,False,38,False,True,,,,,,,,,,,
1771,12397.0,12397.0,12417.963334596952,0,20.963334596951814,20.963334596952336,12425.0,False,1,0,False,accurate,0,0,False,False,28,False,True,,,,,,,,,,,
1772,12404.0,12404.0,12407.079999160767,1,3.0799991607666017,3.079999160767329,12432.0,False,2,1,False,fast,0,0,False,False,27,False,True,,,,,,,,,,,
1774,12418.0,12418.0,12421.14166831394,1,3.141668313940363,3.14166831393959,12446.0,False,1,0,False,fast,0,0,False,False,25,False,True,,,,,,,,,,,
1775,12425.0,12425.0,12443.558750963211,0,18.558750963211057,18.558750963211423,12453.0,False,1,0,False,accurate,1,1,False,False,24,False,True,,,,,,,,,,,
1776,12432.0,12432.0,12434.986669927439,1,2.9866699274381063,2.986669927438925,12460.0,False,2,1,False,fast,0,0,False,False,23,False,True,,,,,,,,,,,
1779,12453.0,12453.0,12456.020830946267,1,3.020830946266653,3.0208309462668694,12481.0,False,1,0,False,fast,0,0,False,False,20,False,True,,,,,,,,,,,
1780,12460.0,12460.0,12462.893332547745,0,2.8933325477441145,2.8933325477446488,12488.0,False,1,0,False,fast,0,0,False,False,19,False,True,,,,,,,,,,,
1782,12474.0,12474.0,12495.378330138674,1,21.378330138673377,21.378330138673846,12502.0,False,1,0,False,accurate,0,0,False,False,17,False,True,,,,,,,,,,,
1783,12481.0,12481.0,12495.717082560572,0,14.71708256057153,14.717082560571725,12509.0,False,2,1,False,accurate,1,1,False,False,16,False,True,,,,,,,,,,,
1785,12495.0,12495.378330138674,12515.478332427492,1,20.10000228881836,20.478332427492205,12523.0,False,3,2,False,accurate,1,1,False,False,14,False,True,,,,,,,,,,,
1786,12502.0,12502.0,12505.0,0,3.0,3.0,12530.0,False,2,1,False,fast,0,0,False,False,13,False,True,,,,,,,,,,,
1790,12530.0,12530.0,12532.900001525879,0,2.9000015258789062,2.9000015258789062,12558.0,False,1,0,False,fast,0,0,False,False,9,False,True,,,,,,,,,,,
1792,12544.0,12544.0,12546.79999923706,1,2.799999237060547,2.799999237060547,12572.0,False,1,0,False,fast,0,0,False,False,7,False,True,,,,,,,,,,,
1794,12558.0,12558.0,12560.900001525879,0,2.9000015258789062,2.9000015258789062,12586.0,False,1,0,False,fast,0,0,False,False,5,False,True,,,,,,,,,,,
1798,12586.0,12586.0,12605.70000076294,1,19.700000762939453,19.700000762939453,12614.0,False,1,0,False,accurate,0,0,False,False,1,True,True,,,,,,,,,,,
1799,12593.0,12593.0,12620.999996185303,0,27.999996185302734,27.999996185302734,12621.0,False,2,1,False,accurate,1,1,False,True,0,True,True,,,,,,,,,,,
1803,12621.0,12621.0,12634.29999923706,1,13.299999237060547,13.299999237060547,12649.0,False,1,0,False,accurate,1,1,False,False,96,False,True,,,,,,,,,,,
1805,12635.0,12635.0,12637.700004577637,0,2.7000045776367188,2.7000045776367188,12663.0,False,1,0,False,fast,0,0,False,False,94,False,True,,,,,,,,,,,
1812,12684.0,12684.0,12696.399997711182,1,12.39999771118164,12.39999771118164,12712.0,False,1,0,False,accurate,1,1,False,False,87,False,True,,,,,,,,,,,
1815,12705.0,12705.0,12719.29999923706,0,14.299999237060547,14.299999237060547,12733.0,False,1,0,False,accurate,1,1,False,False,84,False,True,,,,,,,,,,,
1816,12712.0,12712.0,12714.699996948242,1,2.6999969482421875,2.6999969482421875,12740.0,False,2,1,False,fast,0,0,False,False,83,False,True,,,,,,,,,,,
1817,12719.0,12719.0,12721.70000076294,1,2.700000762939453,2.700000762939453,12747.0,False,2,1,False,fast,0,0,False,False,82,False,True,,,,,,,,,,,
1820,12740.0,12740.0,12742.70000076294,0,2.700000762939453,2.700000762939453,12768.0,False,1,0,False,fast,0,0,False,False,79,False,True,,,,,,,,,,,
1821,12747.0,12747.0,12749.700004577637,1,2.7000045776367188,2.7000045776367188,12775.0,False,1,0,False,fast,0,0,False,False,78,False,True,,,,,,,,,,,
1825,12775.0,12775.0,12795.900001525879,0,20.900001525878906,20.900001525878906,12803.0,False,1,0,False,accurate,0,0,False,False,74,False,True,,,,,,,,,,,
1826,12782.0,12782.0,12801.399997711182,1,19.39999771118164,19.39999771118164,12810.0,False,2,1,False,accurate,0,0,False,False,73,False,True,,,,,,,,,,,
1828,12796.0,12796.0,12819.70000076294,0,23.700000762939453,23.700000762939453,12824.0,False,2,1,False,accurate,0,0,False,False,71,False,True,,,,,,,,,,,
1831,12817.0,12817.0,12828.399997711182,1,11.39999771118164,11.39999771118164,12845.0,False,2,1,False,accurate,1,1,False,False,68,False,True,,,,,,,,,,,
1833,12831.0,12831.0,12833.79999923706,0,2.799999237060547,2.799999237060547,12859.0,False,1,0,False,fast,0,0,False,False,66,False,True,,,,,,,,,,,
1834,12838.0,12838.0,12840.79999923706,1,2.799999237060547,2.799999237060547,12866.0,False,1,0,False,fast,0,0,False,False,65,False,True,,,,,,,,,,,
1836,12852.0,12852.0,12873.0,0,21.0,21.0,12880.0,False,1,0,False,accurate,0,0,False,False,63,False,True,,,,,,,,,,,
1837,12859.0,12859.0,12861.70000076294,1,2.700000762939453,2.700000762939453,12887.0,False,2,1,False,fast,0,0,False,False,62,False,True,,,,,,,,,,,
1838,12866.0,12866.0,12871.79999923706,1,5.799999237060547,5.799999237060547,12894.0,False,2,1,False,fast,0,0,False,False,61,False,True,,,,,,,,,,,
1840,12880.0,12880.0,12882.900001525879,1,2.9000015258789062,2.9000015258789062,12908.0,False,1,0,False,fast,0,0,False,False,59,False,True,,,,,,,,,,,
1842,12894.0,12894.0,12909.600002288818,0,15.60000228881836,15.60000228881836,12922.0,False,1,0,False,accurate,1,1,False,False,57,False,True,,,,,,,,,,,
1844,12908.0,12908.0,12910.70000076294,1,2.700000762939453,2.700000762939453,12936.0,False,2,1,False,fast,0,0,False,False,55,False,True,,,,,,,,,,,
1849,12943.0,12943.0,12945.79999923706,0,2.799999237060547,2.799999237060547,12971.0,False,1,0,False,fast,0,0,False,False,50,False,True,,,,,,,,,,,
1850,12950.0,12950.0,12952.79999923706,1,2.799999237060547,2.799999237060547,12978.0,False,1,0,False,fast,0,0,False,False,49,False,True,,,,,,,,,,,
1852,12964.0,12964.0,12976.0,0,12.0,12.0,12992.0,False,1,0,False,accurate,1,1,False,False,47,False,True,,,,,,,,,,,
1854,12978.0,12978.0,12981.099998474121,1,3.0999984741210938,3.0999984741210938,13006.0,False,1,0,False,fast,0,0,False,False,45,False,True,,,,,,,,,,,
1857,12999.0,12999.0,13001.900001525879,0,2.9000015258789062,2.9000015258789062,13027.0,False,1,0,False,fast,0,0,False,False,42,False,True,,,,,,,,,,,
1868,13076.0,13076.0,13078.900001525879,1,2.9000015258789062,2.9000015258789062,13104.0,False,1,0,False,fast,0,0,False,False,31,False,True,,,,,,,,,,,
1872,13104.0,13104.0,13119.300003051758,0,15.300003051757812,15.300003051757812,13132.0,False,1,0,False,accurate,1,1,False,False,27,False,True,,,,,,,,,,,
1875,13125.0,13125.0,13127.79999923706,1,2.799999237060547,2.799999237060547,13153.0,False,1,0,False,fast,0,0,False,False,24,False,True,,,,,,,,,,,
1882,13174.0,13174.0,13189.499996185303,0,15.499996185302734,15.499996185302734,13202.0,False,1,0,False,accurate,1,1,False,False,17,False,True,,,,,,,,,,,
1885,13195.0,13195.0,13217.699996948242,1,22.699996948242188,22.699996948242188,13223.0,False,1,0,False,accurate,0,0,False,False,14,False,True,,,,,,,,,,,
1887,13209.0,13209.0,13211.899997711182,0,2.8999977111816406,2.8999977111816406,13237.0,False,2,1,False,fast,0,0,False,False,12,False,True,,,,,,,,,,,
1890,13230.0,13230.0,13232.699996948242,0,2.6999969482421875,2.6999969482421875,13258.0,False,1,0,False,fast,0,0,False,False,9,False,True,,,,,,,,,,,
1894,13258.0,13258.0,13273.0,1,15.0,15.0,13286.0,False,1,0,False,accurate,1,1,False,False,5,False,True,,,,,,,,,,,
1901,13307.0,13307.0,13309.79999923706,0,2.799999237060547,2.799999237060547,13335.0,False,1,0,False,fast,0,0,False,False,98,False,True,,,,,,,,,,,
1902,13314.0,13314.0,13317.199996948242,1,3.1999969482421875,3.1999969482421875,13342.0,False,1,0,False,fast,0,0,False,False,97,False,True,,,,,,,,,,,
1903,13321.0,13321.0,13337.599998474121,0,16.599998474121094,16.599998474121094,13349.0,False,1,0,False,accurate,1,1,False,False,96,False,True,,,,,,,,,,,
1904,13328.0,13328.0,13340.399997711182,1,12.39999771118164,12.39999771118164,13356.0,False,2,1,False,accurate,1,1,False,False,95,False,True,,,,,,,,,,,
1906,13342.0,13342.0,13344.79999923706,0,2.799999237060547,2.799999237060547,13370.0,False,1,0,False,fast,0,0,False,False,93,False,True,,,,,,,,,,,
1908,13356.0,13356.0,13373.300003051758,1,17.300003051757812,17.300003051757812,13384.0,False,1,0,False,accurate,1,1,False,False,91,False,True,,,,,,,,,,,
1909,13363.0,13363.0,13375.29999923706,0,12.299999237060547,12.299999237060547,13391.0,False,2,1,False,accurate,1,1,False,False,90,False,True,,,,,,,,,,,
1910,13370.0,13373.300003051758,13376.79999923706,1,3.4999961853027344,6.799999237060547,13398.0,False,3,2,False,fast,0,0,False,False,89,False,True,,,,,,,,,,,
1911,13377.0,13377.0,13380.099998474121,0,3.0999984741210938,3.0999984741210938,13405.0,False,1,0,False,fast,0,0,False,False,88,False,True,,,,,,,,,,,
1912,13384.0,13384.0,13406.400001525879,1,22.400001525878906,22.400001525878906,13412.0,False,1,0,False,accurate,0,0,False,False,87,False,True,,,,,,,,,,,
1913,13391.0,13391.0,13396.0,0,5.0,5.0,13419.0,False,2,1,False,fast,0,0,False,False,86,False,True,,,,,,,,,,,
1916,13412.0,13412.0,13414.900001525879,0,2.9000015258789062,2.9000015258789062,13440.0,False,1,0,False,fast,0,0,False,False,83,False,True,,,,,,,,,,,
1918,13426.0,13426.0,13428.79999923706,1,2.799999237060547,2.799999237060547,13454.0,False,1,0,False,fast,0,0,False,False,81,False,True,,,,,,,,,,,
1923,13461.0,13461.0,13487.44500246048,0,26.445002460479735,26.445002460479373,13489.0,False,1,0,False,accurate,0,0,False,False,76,False,True,,,,,,,,,,,
1925,13475.0,13475.0,13478.127500894467,1,3.127500894467039,3.1275008944667206,13503.0,False,2,1,False,fast,0,0,False,False,74,False,True,,,,,,,,,,,
1927,13489.0,13489.0,13510.240828570923,1,21.240828570922258,21.24082857092253,13517.0,False,1,0,False,accurate,0,0,False,False,72,False,True,,,,,,,,,,,
1931,13517.0,13517.0,13538.51499811252,0,21.51499811251956,21.514998112519606,13545.0,False,1,0,False,accurate,0,0,False,False,68,False,True,,,,,,,,,,,
1932,13524.0,13524.0,13542.225,1,18.225,18.225000000000364,13552.0,False,2,1,False,accurate,1,1,False,False,67,False,True,,,,,,,,,,,
1933,13531.0,13538.51499811252,13559.648336595694,0,21.13333848317467,28.648336595693763,13559.0,True,3,2,False,accurate,1,1,False,False,66,False,False,,,,,,,,,,,
1939,13573.0,13573.0,13575.916665869156,1,2.91666586915652,2.916665869155622,13601.0,False,1,0,False,fast,0,0,False,False,60,False,True,,,,,,,,,,,
1940,13580.0,13580.0,13582.790000791052,0,2.7900007910529783,2.79000079105208,13608.0,False,1,0,False,fast,0,0,False,False,59,False,True,,,,,,,,,,,
1944,13608.0,13608.0,13610.899997711182,1,2.8999977111816406,2.8999977111816406,13636.0,False,1,0,False,fast,0,0,False,False,55,False,True,,,,,,,,,,,
1945,13615.0,13615.0,13628.699996948242,0,13.699996948242188,13.699996948242188,13643.0,False,1,0,False,accurate,1,1,False,False,54,False,True,,,,,,,,,,,
1947,13629.0,13629.0,13631.899997711182,1,2.8999977111816406,2.8999977111816406,13657.0,False,1,0,False,fast,0,0,False,False,52,False,True,,,,,,,,,,,
1948,13636.0,13636.0,13638.700004577637,0,2.7000045776367188,2.7000045776367188,13664.0,False,1,0,False,fast,0,0,False,False,51,False,True,,,,,,,,,,,
1951,13657.0,13657.0,13659.800003051758,1,2.8000030517578125,2.8000030517578125,13685.0,False,1,0,False,fast,0,0,False,False,48,False,True,,,,,,,,,,,
1954,13678.0,13678.0,13680.800003051758,0,2.8000030517578125,2.8000030517578125,13706.0,False,1,0,False,fast,0,0,False,False,45,False,True,,,,,,,,,,,
1955,13685.0,13685.0,13687.70000076294,1,2.700000762939453,2.700000762939453,13713.0,False,1,0,False,fast,0,0,False,False,44,False,True,,,,,,,,,,,
1958,13706.0,13706.0,13724.100002288818,0,18.10000228881836,18.10000228881836,13734.0,False,1,0,False,accurate,1,1,False,False,41,False,True,,,,,,,,,,,
1960,13720.0,13720.0,13722.800003051758,1,2.8000030517578125,2.8000030517578125,13748.0,False,2,1,False,fast,0,0,False,False,39,False,True,,,,,,,,,,,
1963,13741.0,13741.0,13752.600002288818,1,11.60000228881836,11.60000228881836,13769.0,False,1,0,False,accurate,1,1,False,False,36,False,True,,,,,,,,,,,
1965,13755.0,13755.0,13768.100002288818,0,13.10000228881836,13.10000228881836,13783.0,False,1,0,False,accurate,1,1,False,False,34,False,True,,,,,,,,,,,
1966,13762.0,13762.0,13777.999996185303,1,15.999996185302734,15.999996185302734,13790.0,False,2,1,False,accurate,1,1,False,False,33,False,True,,,,,,,,,,,
1968,13776.0,13776.0,13778.800003051758,0,2.8000030517578125,2.8000030517578125,13804.0,False,2,1,False,fast,0,0,False,False,31,False,True,,,,,,,,,,,
1971,13797.0,13797.0,13799.70000076294,1,2.700000762939453,2.700000762939453,13825.0,False,1,0,False,fast,0,0,False,False,28,False,True,,,,,,,,,,,
1972,13804.0,13804.0,13806.79999923706,0,2.799999237060547,2.799999237060547,13832.0,False,1,0,False,fast,0,0,False,False,27,False,True,,,,,,,,,,,
1973,13811.0,13811.0,13813.79999923706,1,2.799999237060547,2.799999237060547,13839.0,False,1,0,False,fast,0,0,False,False,26,False,True,,,,,,,,,,,
1974,13818.0,13818.0,13821.400001525879,0,3.4000015258789062,3.4000015258789062,13846.0,False,1,0,False,fast,0,0,False,False,25,False,True,,,,,,,,,,,
1975,13825.0,13825.0,13827.800003051758,1,2.8000030517578125,2.8000030517578125,13853.0,False,1,0,False,fast,0,0,False,False,24,False,True,,,,,,,,,,,
1976,13832.0,13832.0,13834.700004577637,0,2.7000045776367188,2.7000045776367188,13860.0,False,1,0,False,fast,0,0,False,False,23,False,True,,,,,,,,,,,
1978,13846.0,13846.0,13848.79999923706,1,2.799999237060547,2.799999237060547,13874.0,False,1,0,False,fast,0,0,False,False,21,False,True,,,,,,,,,,,
1983,13881.0,13881.0,13883.70000076294,0,2.700000762939453,2.700000762939453,13909.0,False,1,0,False,fast,0,0,False,False,16,False,True,,,,,,,,,,,
1985,13895.0,13895.0,13897.699996948242,1,2.6999969482421875,2.6999969482421875,13923.0,False,1,0,False,fast,0,0,False,False,14,False,True,,,,,,,,,,,
1986,13902.0,13902.0,13904.79999923706,0,2.799999237060547,2.799999237060547,13930.0,False,1,0,False,fast,0,0,False,False,13,False,True,,,,,,,,,,,
1991,13937.0,13937.0,13939.70000076294,1,2.700000762939453,2.700000762939453,13965.0,False,1,0,False,fast,0,0,False,False,8,False,True,,,,,,,,,,,
1997,13979.0,13979.0,13981.70000076294,0,2.700000762939453,2.700000762939453,14007.0,False,1,0,False,fast,0,0,False,False,2,True,True,,,,,,,,,,,
1998,13986.0,13986.0,14000.29999923706,1,14.299999237060547,14.299999237060547,14014.0,False,1,0,False,accurate,1,1,False,False,1,True,True,,,,,,,,,,,
1999,13993.0,13993.0,13995.79999923706,0,2.799999237060547,2.799999237060547,14021.0,False,2,1,False,fast,0,0,False,True,0,True,True,,,,,,,,,,,
2004,14028.0,14028.0,14040.70000076294,0,12.700000762939453,12.700000762939453,14056.0,False,1,0,False,accurate,1,1,False,False,95,False,True,,,,,,,,,,,
2007,14049.0,14049.0,14051.70000076294,1,2.700000762939453,2.700000762939453,14077.0,False,1,0,False,fast,0,0,False,False,92,False,True,,,,,,,,,,,
2011,14077.0,14077.0,14079.900001525879,0,2.9000015258789062,2.9000015258789062,14105.0,False,1,0,False,fast,0,0,False,False,88,False,True,,,,,,,,,,,
2012,14084.0,14084.0,14086.79999923706,1,2.799999237060547,2.799999237060547,14112.0,False,1,0,False,fast,0,0,False,False,87,False,True,,,,,,,,,,,
2017,14119.0,14119.0,14122.099998474121,0,3.0999984741210938,3.0999984741210938,14147.0,False,1,0,False,fast,0,0,False,False,82,False,True,,,,,,,,,,,
2021,14147.0,14147.0,14149.899997711182,1,2.8999977111816406,2.8999977111816406,14175.0,False,1,0,False,fast,0,0,False,False,78,False,True,,,,,,,,,,,
2023,14161.0,14161.0,14163.899997711182,0,2.8999977111816406,2.8999977111816406,14189.0,False,1,0,False,fast,0,0,False,False,76,False,True,,,,,,,,,,,
2025,14175.0,14175.0,14188.5,1,13.5,13.5,14203.0,False,1,0,False,accurate,1,1,False,False,74,False,True,,,,,,,,,,,
2029,14203.0,14203.0,14205.699996948242,0,2.6999969482421875,2.6999969482421875,14231.0,False,1,0,False,fast,0,0,False,False,70,False,True,,,,,,,,,,,
2035,14245.0,14245.0,14257.800003051758,1,12.800003051757812,12.800003051757812,14273.0,False,1,0,False,accurate,1,1,False,False,64,False,True,,,,,,,,,,,
2036,14252.0,14252.0,14254.70000076294,0,2.700000762939453,2.700000762939453,14280.0,False,2,1,False,fast,0,0,False,False,63,False,True,,,,,,,,,,,
2038,14266.0,14266.0,14269.399997711182,0,3.3999977111816406,3.3999977111816406,14294.0,False,1,0,False,fast,0,0,False,False,61,False,True,,,,,,,,,,,
2040,14280.0,14280.0,14294.5,1,14.5,14.5,14308.0,False,1,0,False,accurate,1,1,False,False,59,False,True,,,,,,,,,,,
2044,14308.0,14308.0,14322.5,0,14.5,14.5,14336.0,False,1,0,False,accurate,1,1,False,False,55,False,True,,,,,,,,,,,
2045,14315.0,14315.0,14317.699996948242,1,2.6999969482421875,2.6999969482421875,14343.0,False,2,1,False,fast,0,0,False,False,54,False,True,,,,,,,,,,,
2046,14322.0,14322.0,14324.79999923706,1,2.799999237060547,2.799999237060547,14350.0,False,2,1,False,fast,0,0,False,False,53,False,True,,,,,,,,,,,
2048,14336.0,14336.0,14371.5,0,35.5,35.5,14364.0,True,1,0,False,accurate,1,1,False,False,51,False,False,,,,,,,,,,,
2049,14343.0,14343.0,14345.699996948242,1,2.6999969482421875,2.6999969482421875,14371.0,False,2,1,False,fast,0,0,False,False,50,False,True,,,,,,,,,,,
2050,14350.0,14350.0,14374.0,1,24.0,24.0,14378.0,False,2,1,False,accurate,0,0,False,False,49,False,True,,,,,,,,,,,
2054,14378.0,14378.0,14380.800003051758,0,2.8000030517578125,2.8000030517578125,14406.0,False,1,0,False,fast,0,0,False,False,45,False,True,,,,,,,,,,,
2055,14385.0,14385.0,14407.400001525879,1,22.400001525878906,22.400001525878906,14413.0,False,1,0,False,accurate,1,1,False,False,44,False,True,,,,,,,,,,,
2060,14420.0,14420.0,14422.70000076294,0,2.700000762939453,2.700000762939453,14448.0,False,1,0,False,fast,0,0,False,False,39,False,True,,,,,,,,,,,
2061,14427.0,14427.0,14443.199996948242,1,16.199996948242188,16.199996948242188,14455.0,False,1,0,False,accurate,1,1,False,False,38,False,True,,,,,,,,,,,
2062,14434.0,14434.0,14436.79999923706,0,2.799999237060547,2.799999237060547,14462.0,False,2,1,False,fast,0,0,False,False,37,False,True,,,,,,,,,,,
2063,14441.0,14441.0,14443.70000076294,0,2.700000762939453,2.700000762939453,14469.0,False,2,1,False,fast,0,0,False,False,36,False,True,,,,,,,,,,,
2064,14448.0,14448.0,14451.0,1,3.0,3.0,14476.0,False,1,0,False,fast,0,0,False,False,35,False,True,,,,,,,,,,,
2066,14462.0,14462.0,14464.79999923706,0,2.799999237060547,2.799999237060547,14490.0,False,1,0,False,fast,0,0,False,False,33,False,True,,,,,,,,,,,
2067,14469.0,14469.0,14471.79999923706,1,2.799999237060547,2.799999237060547,14497.0,False,1,0,False,fast,0,0,False,False,32,False,True,,,,,,,,,,,
2068,14476.0,14476.0,14478.699996948242,0,2.6999969482421875,2.6999969482421875,14504.0,False,1,0,False,fast,0,0,False,False,31,False,True,,,,,,,,,,,
2070,14490.0,14490.0,14492.699996948242,1,2.6999969482421875,2.6999969482421875,14518.0,False,1,0,False,fast,0,0,False,False,29,False,True,,,,,,,,,,,
2072,14504.0,14504.0,14506.79999923706,0,2.799999237060547,2.799999237060547,14532.0,False,1,0,False,fast,0,0,False,False,27,False,True,,,,,,,,,,,
2074,14518.0,14518.0,14520.79999923706,1,2.799999237060547,2.799999237060547,14546.0,False,1,0,False,fast,0,0,False,False,25,False,True,,,,,,,,,,,
2075,14525.0,14525.0,14538.5,0,13.5,13.5,14553.0,False,1,0,False,accurate,1,1,False,False,24,False,True,,,,,,,,,,,
2078,14546.0,14546.0,14548.79999923706,1,2.799999237060547,2.799999237060547,14574.0,False,1,0,False,fast,0,0,False,False,21,False,True,,,,,,,,,,,
2080,14560.0,14560.0,14587.369997406005,0,27.369997406005858,27.369997406005496,14588.0,False,1,0,False,accurate,1,1,False,False,19,False,True,,,,,,,,,,,
2083,14581.0,14581.0,14584.172500896453,1,3.1725008964538577,3.17250089645313,14609.0,False,2,1,False,fast,0,0,False,False,16,False,True,,,,,,,,,,,
2084,14588.0,14588.0,14607.31666770498,1,19.31666770497957,19.31666770497941,14616.0,False,1,0,False,accurate,0,0,False,False,15,False,True,,,,,,,,,,,
2086,14602.0,14602.0,14605.10500087738,0,3.105000877380371,3.1050008773800073,14630.0,False,2,1,False,fast,0,0,False,False,13,False,True,,,,,,,,,,,
2091,14637.0,14637.0,14660.583748133382,0,23.58374813338119,23.58374813338196,14665.0,False,1,0,False,accurate,0,0,False,False,8,False,True,,,,,,,,,,,
2096,14672.0,14672.0,14674.986669927439,1,2.9866699274381063,2.986669927438925,14700.0,False,1,0,False,fast,0,0,False,False,3,False,True,,,,,,,,,,,
2097,14679.0,14679.0,14693.329580494463,0,14.329580494463459,14.329580494462789,14707.0,False,1,0,False,accurate,1,1,False,False,2,True,True,,,,,,,,,,,
2102,14714.0,14714.0,14729.451669114382,1,15.451669114381078,15.45166911438173,14742.0,False,1,0,False,accurate,1,1,False,False,97,False,True,,,,,,,,,,,
2107,14749.0,14749.0,14751.70000076294,0,2.700000762939453,2.700000762939453,14777.0,False,1,0,False,fast,0,0,False,False,92,False,True,,,,,,,,,,,
2110,14770.0,14770.0,14772.800003051758,1,2.8000030517578125,2.8000030517578125,14798.0,False,1,0,False,fast,0,0,False,False,89,False,True,,,,,,,,,,,
2111,14777.0,14777.0,14779.699996948242,0,2.6999969482421875,2.6999969482421875,14805.0,False,1,0,False,fast,0,0,False,False,88,False,True,,,,,,,,,,,
2112,14784.0,14784.0,14786.70000076294,1,2.700000762939453,2.700000762939453,14812.0,False,1,0,False,fast,0,0,False,False,87,False,True,,,,,,,,,,,
2115,14805.0,14805.0,14807.70000076294,0,2.700000762939453,2.700000762939453,14833.0,False,1,0,False,fast,0,0,False,False,84,False,True,,,,,,,,,,,
2117,14819.0,14819.0,14821.79999923706,1,2.799999237060547,2.799999237060547,14847.0,False,1,0,False,fast,0,0,False,False,82,False,True,,,,,,,,,,,
2120,14840.0,14840.0,14842.699996948242,0,2.6999969482421875,2.6999969482421875,14868.0,False,1,0,False,fast,0,0,False,False,79,False,True,,,,,,,,,,,
2124,14868.0,14868.0,14870.700004577637,1,2.7000045776367188,2.7000045776367188,14896.0,False,1,0,False,fast,0,0,False,False,75,False,True,,,,,,,,,,,
2126,14882.0,14882.0,14884.70000076294,0,2.700000762939453,2.700000762939453,14910.0,False,1,0,False,fast,0,0,False,False,73,False,True,,,,,,,,,,,
2127,14889.0,14889.0,14891.70000076294,1,2.700000762939453,2.700000762939453,14917.0,False,1,0,False,fast,0,0,False,False,72,False,True,,,,,,,,,,,
2128,14896.0,14896.0,14898.599998474121,0,2.5999984741210938,2.5999984741210938,14924.0,False,1,0,False,fast,0,0,False,False,71,False,True,,,,,,,,,,,
2132,14924.0,14924.0,14935.199996948242,1,11.199996948242188,11.199996948242188,14952.0,False,1,0,False,accurate,1,1,False,False,67,False,True,,,,,,,,,,,
2137,14959.0,14959.0,14961.699996948242,0,2.6999969482421875,2.6999969482421875,14987.0,False,1,0,False,fast,0,0,False,False,62,False,True,,,,,,,,,,,
2139,14973.0,14973.0,14975.79999923706,1,2.799999237060547,2.799999237060547,15001.0,False,1,0,False,fast,0,0,False,False,60,False,True,,,,,,,,,,,
2142,14994.0,14994.0,15009.099998474121,0,15.099998474121094,15.099998474121094,15022.0,False,1,0,False,accurate,1,1,False,False,57,False,True,,,,,,,,,,,
2145,15015.0,15015.0,15032.099998474121,1,17.099998474121094,17.099998474121094,15043.0,False,1,0,False,accurate,1,1,False,False,54,False,True,,,,,,,,,,,
2146,15022.0,15022.0,15024.79999923706,0,2.799999237060547,2.799999237060547,15050.0,False,2,1,False,fast,0,0,False,False,53,False,True,,,,,,,,,,,
2147,15029.0,15029.0,15031.699996948242,0,2.6999969482421875,2.6999969482421875,15057.0,False,2,1,False,fast,0,0,False,False,52,False,True,,,,,,,,,,,
2154,15078.0,15078.0,15094.899997711182,0,16.89999771118164,16.89999771118164,15106.0,False,1,0,False,accurate,1,1,False,False,45,False,True,,,,,,,,,,,
2155,15085.0,15085.0,15087.70000076294,1,2.700000762939453,2.700000762939453,15113.0,False,2,1,False,fast,0,0,False,False,44,False,True,,,,,,,,,,,
2156,15092.0,15092.0,15094.70000076294,1,2.700000762939453,2.700000762939453,15120.0,False,2,1,False,fast,0,0,False,False,43,False,True,,,,,,,,,,,
2159,15113.0,15113.0,15115.699996948242,1,2.6999969482421875,2.6999969482421875,15141.0,False,1,0,False,fast,0,0,False,False,40,False,True,,,,,,,,,,,
2163,15141.0,15141.0,15143.699996948242,0,2.6999969482421875,2.6999969482421875,15169.0,False,1,0,False,fast,0,0,False,False,36,False,True,,,,,,,,,,,
2166,15162.0,15162.0,15175.0,1,13.0,13.0,15190.0,False,1,0,False,accurate,1,1,False,False,33,False,True,,,,,,,,,,,
2168,15176.0,15176.0,15191.899997711182,0,15.89999771118164,15.89999771118164,15204.0,False,1,0,False,accurate,1,1,False,False,31,False,True,,,,,,,,,,,
2172,15204.0,15204.0,15206.79999923706,1,2.799999237060547,2.799999237060547,15232.0,False,1,0,False,fast,0,0,False,False,27,False,True,,,,,,,,,,,
2173,15211.0,15211.0,15213.699996948242,0,2.6999969482421875,2.6999969482421875,15239.0,False,1,0,False,fast,0,0,False,False,26,False,True,,,,,,,,,,,
2175,15225.0,15225.0,15227.900001525879,1,2.9000015258789062,2.9000015258789062,15253.0,False,1,0,False,fast,0,0,False,False,24,False,True,,,,,,,,,,,
2176,15232.0,15232.0,15234.79999923706,0,2.799999237060547,2.799999237060547,15260.0,False,1,0,False,fast,0,0,False,False,23,False,True,,,,,,,,,,,
2178,15246.0,15246.0,15261.999996185303,1,15.999996185302734,15.999996185302734,15274.0,False,1,0,False,accurate,1,1,False,False,21,False,True,,,,,,,,,,,
2179,15253.0,15253.0,15267.400001525879,0,14.400001525878906,14.400001525878906,15281.0,False,2,1,False,accurate,1,1,False,False,20,False,True,,,,,,,,,,,
2183,15281.0,15281.0,15293.399997711182,1,12.39999771118164,12.39999771118164,15309.0,False,1,0,False,accurate,1,1,False,False,16,False,True,,,,,,,,,,,
2185,15295.0,15295.0,15297.79999923706,0,2.799999237060547,2.799999237060547,15323.0,False,1,0,False,fast,0,0,False,False,14,False,True,,,,,,,,,,,
2186,15302.0,15302.0,15304.79999923706,1,2.799999237060547,2.799999237060547,15330.0,False,1,0,False,fast,0,0,False,False,13,False,True,,,,,,,,,,,
2187,15309.0,15309.0,15311.70000076294,0,2.700000762939453,2.700000762939453,15337.0,False,1,0,False,fast,0,0,False,False,12,False,True,,,,,,,,,,,
2192,15344.0,15344.0,15346.70000076294,1,2.700000762939453,2.700000762939453,15372.0,False,1,0,False,fast,0,0,False,False,7,False,True,,,,,,,,,,,
2193,15351.0,15351.0,15353.79999923706,0,2.799999237060547,2.799999237060547,15379.0,False,1,0,False,fast,0,0,False,False,6,False,True,,,,,,,,,,,
2197,15379.0,15379.0,15381.70000076294,1,2.700000762939453,2.700000762939453,15407.0,False,1,0,False,fast,0,0,False,False,2,True,True,,,,,,,,,,,
2198,15386.0,15386.0,15388.599998474121,0,2.5999984741210938,2.5999984741210938,15414.0,False,1,0,False,fast,0,0,False,False,1,True,True,,,,,,,,,,,
2202,15414.0,15414.0,15426.0,1,12.0,12.0,15442.0,False,1,0,False,accurate,1,1,False,False,97,False,True,,,,,,,,,,,
2203,15421.0,15421.0,15435.200004577637,0,14.200004577636719,14.200004577636719,15449.0,False,2,1,False,accurate,1,1,False,False,96,False,True,,,,,,,,,,,
2205,15435.0,15435.0,15437.79999923706,1,2.799999237060547,2.799999237060547,15463.0,False,2,1,False,fast,0,0,False,False,94,False,True,,,,,,,,,,,
2207,15449.0,15449.0,15451.70000076294,0,2.700000762939453,2.700000762939453,15477.0,False,1,0,False,fast,0,0,False,False,92,False,True,,,,,,,,,,,
2210,15470.0,15470.0,15472.699996948242,1,2.6999969482421875,2.6999969482421875,15498.0,False,1,0,False,fast,0,0,False,False,89,False,True,,,,,,,,,,,
2211,15477.0,15477.0,15479.79999923706,0,2.799999237060547,2.799999237060547,15505.0,False,1,0,False,fast,0,0,False,False,88,False,True,,,,,,,,,,,
2212,15484.0,15484.0,15497.100002288818,1,13.10000228881836,13.10000228881836,15512.0,False,1,0,False,accurate,1,1,False,False,87,False,True,,,,,,,,,,,
2214,15498.0,15498.0,15500.79999923706,0,2.799999237060547,2.799999237060547,15526.0,False,1,0,False,fast,0,0,False,False,85,False,True,,,,,,,,,,,
2215,15505.0,15505.0,15507.79999923706,1,2.799999237060547,2.799999237060547,15533.0,False,1,0,False,fast,0,0,False,False,84,False,True,,,,,,,,,,,
2219,15533.0,15533.0,15535.600002288818,0,2.6000022888183594,2.6000022888183594,15561.0,False,1,0,False,fast,0,0,False,False,80,False,True,,,,,,,,,,,
2224,15568.0,15568.0,15570.70000076294,1,2.700000762939453,2.700000762939453,15596.0,False,1,0,False,fast,0,0,False,False,75,False,True,,,,,,,,,,,
2225,15575.0,15575.0,15577.70000076294,0,2.700000762939453,2.700000762939453,15603.0,False,1,0,False,fast,0,0,False,False,74,False,True,,,,,,,,,,,
2227,15589.0,15589.0,15591.599994659424,1,2.599994659423828,2.599994659423828,15617.0,False,1,0,False,fast,0,0,False,False,72,False,True,,,,,,,,,,,
2230,15610.0,15610.0,15613.29999923706,0,3.299999237060547,3.299999237060547,15638.0,False,1,0,False,fast,0,0,False,False,69,False,True,,,,,,,,,,,
2232,15624.0,15624.0,15636.599998474121,1,12.599998474121094,12.599998474121094,15652.0,False,1,0,False,accurate,1,1,False,False,67,False,True,,,,,,,,,,,
2233,15631.0,15631.0,15659.299995422363,0,28.29999542236328,28.29999542236328,15659.0,True,2,1,False,accurate,1,1,False,False,66,False,False,,,,,,,,,,,
2235,15645.0,15645.0,15647.699996948242,1,2.6999969482421875,2.6999969482421875,15673.0,False,2,1,False,fast,0,0,False,False,64,False,True,,,,,,,,,,,
2238,15666.0,15666.0,15668.600002288818,1,2.6000022888183594,2.6000022888183594,15694.0,False,1,0,False,fast,0,0,False,False,61,False,True,,,,,,,,,,,
2241,15687.0,15687.0,15720.416666388512,0,33.41666638851166,33.41666638851166,15715.0,True,1,0,False,accurate,0,0,False,False,58,False,False,,,,,,,,,,,
2245,15715.0,15715.0,15747.948328885237,1,32.94832888523734,32.94832888523706,15743.0,True,2,1,False,accurate,1,1,False,False,54,False,False,,,,,,,,,,,
2247,15729.0,15729.0,15731.96833593607,0,2.9683359360694794,2.968335936069707,15757.0,False,2,1,False,fast,0,0,False,False,52,False,True,,,,,,,,,,,
2249,15743.0,15743.0,15759.100006580353,0,16.100006580352783,16.100006580352783,15771.0,False,2,1,False,accurate,1,1,False,False,50,False,True,,,,,,,,,,,
2250,15750.0,15750.0,15753.126665803591,1,3.1266658035914134,3.126665803591095,15778.0,False,2,1,False,fast,0,0,False,False,49,False,True,,,,,,,,,,,
2252,15764.0,15764.0,15766.970000839234,1,2.9700008392333985,2.9700008392337622,15792.0,False,1,0,False,fast,0,0,False,False,47,False,True,,,,,,,,,,,
2254,15778.0,15778.0,15780.924996688565,0,2.9249966885646246,2.924996688565443,15806.0,False,1,0,False,fast,0,0,False,False,45,False,True,,,,,,,,,,,
2257,15799.0,15799.0,15818.868749885261,1,19.868749885261057,19.868749885261423,15827.0,False,1,0,False,accurate,0,0,False,False,42,False,True,,,,,,,,,,,
2260,15820.0,15820.0,15833.17667011549,0,13.176670115490765,13.176670115490197,15848.0,False,1,0,False,accurate,1,1,False,False,39,False,True,,,,,,,,,,,
2261,15827.0,15827.0,15829.972501564025,1,2.9725015640258787,2.9725015640251513,15855.0,False,2,1,False,fast,0,0,False,False,38,False,True,,,,,,,,,,,
2265,15855.0,15855.0,15857.699996948242,1,2.6999969482421875,2.6999969482421875,15883.0,False,1,0,False,fast,0,0,False,False,34,False,True,,,,,,,,,,,
2268,15876.0,15876.0,15878.70000076294,0,2.700000762939453,2.700000762939453,15904.0,False,1,0,False,fast,0,0,False,False,31,False,True,,,,,,,,,,,
2269,15883.0,15883.0,15896.900001525879,1,13.900001525878906,13.900001525878906,15911.0,False,1,0,False,accurate,1,1,False,False,30,False,True,,,,,,,,,,,
2272,15904.0,15904.0,15931.899997711182,0,27.89999771118164,27.89999771118164,15932.0,False,1,0,False,accurate,1,1,False,False,27,False,True,,,,,,,,,,,
2274,15918.0,15918.0,15950.199996948242,1,32.19999694824219,32.19999694824219,15946.0,True,2,1,False,accurate,0,0,False,False,25,False,False,,,,,,,,,,,
2283,15981.0,15981.0,15983.699996948242,0,2.6999969482421875,2.6999969482421875,16009.0,False,1,0,False,fast,0,0,False,False,16,False,True,,,,,,,,,,,
2285,15995.0,15995.0,16010.999996185303,1,15.999996185302734,15.999996185302734,16023.0,False,1,0,False,accurate,1,1,False,False,14,False,True,,,,,,,,,,,
2287,16009.0,16009.0,16011.699996948242,0,2.6999969482421875,2.6999969482421875,16037.0,False,2,1,False,fast,0,0,False,False,12,False,True,,,,,,,,,,,
2291,16037.0,16037.0,16052.899997711182,1,15.89999771118164,15.89999771118164,16065.0,False,1,0,False,accurate,1,1,False,False,8,False,True,,,,,,,,,,,
2292,16044.0,16044.0,16046.70000076294,0,2.700000762939453,2.700000762939453,16072.0,False,2,1,False,fast,0,0,False,False,7,False,True,,,,,,,,,,,
2296,16072.0,16072.0,16074.800003051758,0,2.8000030517578125,2.8000030517578125,16100.0,False,1,0,False,fast,0,0,False,False,3,False,True,,,,,,,,,,,
2297,16079.0,16079.0,16081.70000076294,1,2.700000762939453,2.700000762939453,16107.0,False,1,0,False,fast,0,0,False,False,2,True,True,,,,,,,,,,,
2299,16093.0,16093.0,16095.70000076294,0,2.700000762939453,2.700000762939453,16121.0,False,1,0,False,fast,0,0,False,True,0,True,True,,,,,,,,,,,
2300,16100.0,16100.0,16113.800003051758,1,13.800003051757812,13.800003051757812,16128.0,False,1,0,False,accurate,1,1,False,False,99,False,True,,,,,,,,,,,
2304,16128.0,16128.0,16141.20000076294,0,13.200000762939453,13.200000762939453,16156.0,False,1,0,False,accurate,1,1,False,False,95,False,True,,,,,,,,,,,
2308,16156.0,16156.0,16158.699996948242,1,2.6999969482421875,2.6999969482421875,16184.0,False,1,0,False,fast,0,0,False,False,91,False,True,,,,,,,,,,,
2309,16163.0,16163.0,16165.699996948242,0,2.6999969482421875,2.6999969482421875,16191.0,False,1,0,False,fast,0,0,False,False,90,False,True,,,,,,,,,,,
2315,16205.0,16205.0,16207.800003051758,1,2.8000030517578125,2.8000030517578125,16233.0,False,1,0,False,fast,0,0,False,False,84,False,True,,,,,,,,,,,
2317,16219.0,16219.0,16231.999996185303,0,12.999996185302734,12.999996185302734,16247.0,False,1,0,False,accurate,1,1,False,False,82,False,True,,,,,,,,,,,
2319,16233.0,16233.0,16235.70000076294,1,2.700000762939453,2.700000762939453,16261.0,False,1,0,False,fast,0,0,False,False,80,False,True,,,,,,,,,,,
2323,16261.0,16261.0,16283.400001525879,0,22.400001525878906,22.400001525878906,16289.0,False,1,0,False,accurate,1,1,False,False,76,False,True,,,,,,,,,,,
2328,16296.0,16296.0,16302.29999923706,1,6.299999237060547,6.299999237060547,16324.0,False,1,0,False,fast,0,0,False,False,71,False,True,,,,,,,,,,,
2330,16310.0,16310.0,16312.79999923706,0,2.799999237060547,2.799999237060547,16338.0,False,1,0,False,fast,0,0,False,False,69,False,True,,,,,,,,,,,
2331,16317.0,16317.0,16319.70000076294,1,2.700000762939453,2.700000762939453,16345.0,False,1,0,False,fast,0,0,False,False,68,False,True,,,,,,,,,,,
2333,16331.0,16331.0,16333.79999923706,0,2.799999237060547,2.799999237060547,16359.0,False,1,0,False,fast,0,0,False,False,66,False,True,,,,,,,,,,,
2337,16359.0,16359.0,16374.100002288818,1,15.10000228881836,15.10000228881836,16387.0,False,1,0,False,accurate,1,1,False,False,62,False,True,,,,,,,,,,,
2339,16373.0,16373.0,16375.70000076294,0,2.700000762939453,2.700000762939453,16401.0,False,2,1,False,fast,0,0,False,False,60,False,True,,,,,,,,,,,
2341,16387.0,16387.0,16401.60000228882,1,14.60000228881836,14.60000228881836,16415.0,False,1,0,False,accurate,1,1,False,False,58,False,True,,,,,,,,,,,
2343,16401.0,16401.0,16403.70000076294,0,2.700000762939453,2.700000762939453,16429.0,False,2,1,False,fast,0,0,False,False,56,False,True,,,,,,,,,,,
2344,16408.0,16408.0,16410.699996948242,1,2.6999969482421875,2.6999969482421875,16436.0,False,1,0,False,fast,0,0,False,False,55,False,True,,,,,,,,,,,
2349,16443.0,16443.0,16445.700004577637,0,2.7000045776367188,2.7000045776367188,16471.0,False,1,0,False,fast,0,0,False,False,50,False,True,,,,,,,,,,,
2351,16457.0,16457.0,16470.79999923706,1,13.799999237060547,13.799999237060547,16485.0,False,1,0,False,accurate,1,1,False,False,48,False,True,,,,,,,,,,,
2352,16464.0,16464.0,16466.79999923706,0,2.799999237060547,2.799999237060547,16492.0,False,2,1,False,fast,0,0,False,False,47,False,True,,,,,,,,,,,
2354,16478.0,16478.0,16480.700004577637,0,2.7000045776367188,2.7000045776367188,16506.0,False,1,0,False,fast,0,0,False,False,45,False,True,,,,,,,,,,,
2355,16485.0,16485.0,16504.70000076294,1,19.700000762939453,19.700000762939453,16513.0,False,1,0,False,accurate,0,0,False,False,44,False,True,,,,,,,,,,,
2356,16492.0,16492.0,16494.70000076294,0,2.700000762939453,2.700000762939453,16520.0,False,2,1,False,fast,0,0,False,False,43,False,True,,,,,,,,,,,
2357,16499.0,16499.0,16510.40000152588,0,11.400001525878906,11.400001525878906,16527.0,False,2,1,False,accurate,1,1,False,False,42,False,True,,,,,,,,,,,
2362,16534.0,16534.0,16536.59999847412,1,2.5999984741210938,2.5999984741210938,16562.0,False,1,0,False,fast,0,0,False,False,37,False,True,,,,,,,,,,,
2363,16541.0,16541.0,16553.20000076294,0,12.200000762939453,12.200000762939453,16569.0,False,1,0,False,accurate,1,1,False,False,36,False,True,,,,,,,,,,,
2365,16555.0,16555.0,16557.60000228882,1,2.6000022888183594,2.6000022888183594,16583.0,False,1,0,False,fast,0,0,False,False,34,False,True,,,,,,,,,,,
2367,16569.0,16569.0,16571.70000076294,0,2.700000762939453,2.700000762939453,16597.0,False,1,0,False,fast,0,0,False,False,32,False,True,,,,,,,,,,,
2369,16583.0,16583.0,16585.79999923706,1,2.799999237060547,2.799999237060547,16611.0,False,1,0,False,fast,0,0,False,False,30,False,True,,,,,,,,,,,
2370,16590.0,16590.0,16592.60000228882,0,2.6000022888183594,2.6000022888183594,16618.0,False,1,0,False,fast,0,0,False,False,29,False,True,,,,,,,,,,,
2374,16618.0,16618.0,16620.59999847412,1,2.5999984741210938,2.5999984741210938,16646.0,False,1,0,False,fast,0,0,False,False,25,False,True,,,,,,,,,,,
2386,16702.0,16702.0,16704.90000152588,0,2.9000015258789062,2.9000015258789062,16730.0,False,1,0,False,fast,0,0,False,False,13,False,True,,,,,,,,,,,
2387,16709.0,16709.0,16711.59999847412,1,2.5999984741210938,2.5999984741210938,16737.0,False,1,0,False,fast,0,0,False,False,12,False,True,,,,,,,,,,,
2388,16716.0,16716.0,16718.70000076294,0,2.700000762939453,2.700000762939453,16744.0,False,1,0,False,fast,0,0,False,False,11,False,True,,,,,,,,,,,
2390,16730.0,16730.0,16732.70000076294,1,2.700000762939453,2.700000762939453,16758.0,False,1,0,False,fast,0,0,False,False,9,False,True,,,,,,,,,,,
2391,16737.0,16737.0,16739.70000076294,0,2.700000762939453,2.700000762939453,16765.0,False,1,0,False,fast,0,0,False,False,8,False,True,,,,,,,,,,,
2394,16758.0,16758.0,16783.89999771118,1,25.89999771118164,25.89999771118164,16786.0,False,1,0,False,accurate,0,0,False,False,5,False,True,,,,,,,,,,,
2397,16779.0,16779.0,16799.800003051758,0,20.800003051757812,20.800003051757812,16807.0,False,2,1,False,accurate,1,1,False,False,2,True,True,,,,,,,,,,,
2399,16793.0,16793.0,16795.59999847412,1,2.5999984741210938,2.5999984741210938,16821.0,False,2,1,False,fast,0,0,False,True,0,True,True,,,,,,,,,,,
2405,16835.0,16835.0,16838.12750089447,1,3.127500894467039,3.1275008944685396,16863.0,False,1,0,False,fast,0,0,False,False,94,False,True,,,,,,,,,,,
2406,16842.0,16842.0,16864.569998836516,0,22.569998836517332,22.56999883651588,16870.0,False,1,0,False,accurate,1,1,False,False,93,False,True,,,,,,,,,,,
2415,16905.0,16905.0,16908.00999917984,1,3.009999179840088,3.009999179841543,16933.0,False,1,0,False,fast,0,0,False,False,84,False,True,,,,,,,,,,,
2419,16933.0,16933.0,16935.916669842798,0,2.9166698427995015,2.916669842798001,16961.0,False,1,0,False,fast,0,0,False,False,80,False,True,,,,,,,,,,,
2420,16940.0,16940.0,16942.790000791054,1,2.7900007910529783,2.790000791053899,16968.0,False,1,0,False,fast,0,0,False,False,79,False,True,,,,,,,,,,,
2425,16975.0,16975.0,16977.79999923706,0,2.799999237060547,2.799999237060547,17003.0,False,1,0,False,fast,0,0,False,False,74,False,True,,,,,,,,,,,
2426,16982.0,16982.0,16984.699996948242,1,2.6999969482421875,2.6999969482421875,17010.0,False,1,0,False,fast,0,0,False,False,73,False,True,,,,,,,,,,,
2427,16989.0,16989.0,17002.0,0,13.0,13.0,17017.0,False,1,0,False,accurate,1,1,False,False,72,False,True,,,,,,,,,,,
2429,17003.0,17003.0,17005.800003051758,1,2.8000030517578125,2.8000030517578125,17031.0,False,1,0,False,fast,0,0,False,False,70,False,True,,,,,,,,,,,
2435,17045.0,17045.0,17047.699996948242,0,2.6999969482421875,2.6999969482421875,17073.0,False,1,0,False,fast,0,0,False,False,64,False,True,,,,,,,,,,,
2436,17052.0,17052.0,17073.89999771118,1,21.89999771118164,21.89999771118164,17080.0,False,1,0,False,accurate,1,1,False,False,63,False,True,,,,,,,,,,,
2441,17087.0,17087.0,17089.79999923706,0,2.799999237060547,2.799999237060547,17115.0,False,1,0,False,fast,0,0,False,False,58,False,True,,,,,,,,,,,
2443,17101.0,17101.0,17121.79999923706,1,20.799999237060547,20.799999237060547,17129.0,False,1,0,False,accurate,0,0,False,False,56,False,True,,,,,,,,,,,
2444,17108.0,17108.0,17127.79999923706,0,19.799999237060547,19.799999237060547,17136.0,False,2,1,False,accurate,0,0,False,False,55,False,True,,,,,,,,,,,
2445,17115.0,17121.79999923706,17124.5,1,2.700000762939453,9.5,17143.0,False,3,2,False,fast,0,0,False,False,54,False,True,,,,,,,,,,,
2451,17157.0,17157.0,17173.40000152588,1,16.400001525878906,16.400001525878906,17185.0,False,1,0,False,accurate,1,1,False,False,48,False,True,,,,,,,,,,,
2452,17164.0,17164.0,17166.79999923706,0,2.799999237060547,2.799999237060547,17192.0,False,2,1,False,fast,0,0,False,False,47,False,True,,,,,,,,,,,
2454,17178.0,17178.0,17180.70000076294,0,2.700000762939453,2.700000762939453,17206.0,False,1,0,False,fast,0,0,False,False,45,False,True,,,,,,,,,,,
2455,17185.0,17185.0,17187.79999923706,1,2.799999237060547,2.799999237060547,17213.0,False,1,0,False,fast,0,0,False,False,44,False,True,,,,,,,,,,,
2459,17213.0,17213.0,17215.70000076294,0,2.700000762939453,2.700000762939453,17241.0,False,1,0,False,fast,0,0,False,False,40,False,True,,,,,,,,,,,
2462,17234.0,17234.0,17236.79999923706,1,2.799999237060547,2.799999237060547,17262.0,False,1,0,False,fast,0,0,False,False,37,False,True,,,,,,,,,,,
2466,17262.0,17262.0,17281.70000076294,0,19.700000762939453,19.700000762939453,17290.0,False,1,0,False,accurate,0,0,False,False,33,False,True,,,,,,,,,,,
2467,17269.0,17269.0,17292.20000076294,1,23.200000762939453,23.200000762939453,17297.0,False,2,1,False,accurate,0,0,False,False,32,False,True,,,,,,,,,,,
2471,17297.0,17297.0,17322.399993896484,0,25.399993896484375,25.399993896484375,17325.0,False,1,0,False,accurate,0,0,False,False,28,False,True,,,,,,,,,,,
2473,17311.0,17311.0,17326.90000152588,1,15.900001525878906,15.900001525878906,17339.0,False,2,1,False,accurate,1,1,False,False,26,False,True,,,,,,,,,,,
2474,17318.0,17322.399993896484,17325.099990844727,0,2.6999969482421875,7.0999908447265625,17346.0,False,3,2,False,fast,0,0,False,False,25,False,True,,,,,,,,,,,
2480,17360.0,17360.0,17362.700004577637,0,2.7000045776367188,2.7000045776367188,17388.0,False,1,0,False,fast,0,0,False,False,19,False,True,,,,,,,,,,,
2486,17402.0,17402.0,17413.800003051758,1,11.800003051757812,11.800003051757812,17430.0,False,1,0,False,accurate,1,1,False,False,13,False,True,,,,,,,,,,,
2488,17416.0,17416.0,17418.79999923706,0,2.799999237060547,2.799999237060547,17444.0,False,1,0,False,fast,0,0,False,False,11,False,True,,,,,,,,,,,
2489,17423.0,17423.0,17456.29999923706,1,33.29999923706055,33.29999923706055,17451.0,True,1,0,False,accurate,1,1,False,False,10,False,False,,,,,,,,,,,
2490,17430.0,17430.0,17455.60000228882,0,25.60000228881836,25.60000228881836,17458.0,False,2,1,False,accurate,1,1,False,False,9,False,True,,,,,,,,,,,
2493,17451.0,17455.60000228882,17458.40000152588,0,2.799999237060547,7.400001525878906,17479.0,False,3,2,False,fast,0,0,False,False,6,False,True,,,,,,,,,,,
2495,17465.0,17465.0,17479.59999847412,1,14.599998474121094,14.599998474121094,17493.0,False,1,0,False,accurate,1,1,False,False,4,False,True,,,,,,,,,,,
2497,17479.0,17479.0,17501.699996948242,0,22.699996948242188,22.699996948242188,17507.0,False,2,1,False,accurate,0,0,False,False,2,True,True,,,,,,,,,,,
2502,17514.0,17514.0,17516.79999923706,1,2.799999237060547,2.799999237060547,17542.0,False,1,0,False,fast,0,0,False,False,97,False,True,,,,,,,,,,,
2503,17521.0,17521.0,17543.09999847412,0,22.099998474121094,22.099998474121094,17549.0,False,1,0,False,accurate,1,1,False,False,96,False,True,,,,,,,,,,,
2506,17542.0,17542.0,17562.40000152588,1,20.400001525878906,20.400001525878906,17570.0,False,2,1,False,accurate,0,0,False,False,93,False,True,,,,,,,,,,,
2508,17556.0,17556.0,17558.79999923706,0,2.799999237060547,2.799999237060547,17584.0,False,2,1,False,fast,0,0,False,False,91,False,True,,,,,,,,,,,
2510,17570.0,17570.0,17572.70000076294,0,2.700000762939453,2.700000762939453,17598.0,False,1,0,False,fast,0,0,False,False,89,False,True,,,,,,,,,,,
2514,17598.0,17598.0,17600.70000076294,1,2.700000762939453,2.700000762939453,17626.0,False,1,0,False,fast,0,0,False,False,85,False,True,,,,,,,,,,,
2515,17605.0,17605.0,17607.70000076294,0,2.700000762939453,2.700000762939453,17633.0,False,1,0,False,fast,0,0,False,False,84,False,True,,,,,,,,,,,
2516,17612.0,17612.0,17614.70000076294,1,2.700000762939453,2.700000762939453,17640.0,False,1,0,False,fast,0,0,False,False,83,False,True,,,,,,,,,,,
2517,17619.0,17619.0,17621.70000076294,0,2.700000762939453,2.700000762939453,17647.0,False,1,0,False,fast,0,0,False,False,82,False,True,,,,,,,,,,,
2519,17633.0,17633.0,17635.60000228882,1,2.6000022888183594,2.6000022888183594,17661.0,False,1,0,False,fast,0,0,False,False,80,False,True,,,,,,,,,,,
2521,17647.0,17647.0,17649.700004577637,0,2.7000045776367188,2.7000045776367188,17675.0,False,1,0,False,fast,0,0,False,False,78,False,True,,,,,,,,,,,
2522,17654.0,17654.0,17656.800003051758,1,2.8000030517578125,2.8000030517578125,17682.0,False,1,0,False,fast,0,0,False,False,77,False,True,,,,,,,,,,,
2525,17675.0,17675.0,17695.89999771118,0,20.89999771118164,20.89999771118164,17703.0,False,1,0,False,accurate,0,0,False,False,74,False,True,,,,,,,,,,,
2527,17689.0,17689.0,17691.70000076294,1,2.700000762939453,2.700000762939453,17717.0,False,2,1,False,fast,0,0,False,False,72,False,True,,,,,,,,,,,
2529,17703.0,17703.0,17705.79999923706,1,2.799999237060547,2.799999237060547,17731.0,False,1,0,False,fast,0,0,False,False,70,False,True,,,,,,,,,,,
2531,17717.0,17717.0,17719.700004577637,0,2.7000045776367188,2.7000045776367188,17745.0,False,1,0,False,fast,0,0,False,False,68,False,True,,,,,,,,,,,
2532,17724.0,17724.0,17744.20000076294,1,20.200000762939453,20.200000762939453,17752.0,False,1,0,False,accurate,0,0,False,False,67,False,True,,,,,,,,,,,
2533,17731.0,17731.0,17744.000003814697,0,13.000003814697266,13.000003814697266,17759.0,False,2,1,False,accurate,1,1,False,False,66,False,True,,,,,,,,,,,
2534,17738.0,17744.000003814697,17746.700008392334,0,2.7000045776367188,8.700008392333984,17766.0,False,3,2,False,fast,0,0,False,False,65,False,True,,,,,,,,,,,
2535,17745.0,17745.0,17768.89999771118,1,23.89999771118164,23.89999771118164,17773.0,False,2,1,False,accurate,0,0,False,False,64,False,True,,,,,,,,,,,
2536,17752.0,17752.0,17772.799995422363,0,20.79999542236328,20.79999542236328,17780.0,False,2,1,False,accurate,0,0,False,False,63,False,True,,,,,,,,,,,
2538,17766.0,17768.89999771118,17771.59999847412,1,2.700000762939453,5.599998474121094,17794.0,False,3,2,False,fast,0,0,False,False,61,False,True,,,,,,,,,,,
2540,17780.0,17780.0,17782.70000076294,1,2.700000762939453,2.700000762939453,17808.0,False,1,0,False,fast,0,0,False,False,59,False,True,,,,,,,,,,,
2541,17787.0,17787.0,17789.70000076294,0,2.700000762939453,2.700000762939453,17815.0,False,1,0,False,fast,0,0,False,False,58,False,True,,,,,,,,,,,
2543,17801.0,17801.0,17803.700004577637,1,2.7000045776367188,2.7000045776367188,17829.0,False,1,0,False,fast,0,0,False,False,56,False,True,,,,,,,,,,,
2552,17864.0,17864.0,17866.59999847412,0,2.5999984741210938,2.5999984741210938,17892.0,False,1,0,False,fast,0,0,False,False,47,False,True,,,,,,,,,,,
2555,17885.0,17885.0,17905.300003051758,1,20.300003051757812,20.300003051757812,17913.0,False,1,0,False,accurate,1,1,False,False,44,False,True,,,,,,,,,,,
2557,17899.0,17899.0,17918.60000228882,0,19.60000228881836,19.60000228881836,17927.0,False,2,1,False,accurate,1,1,False,False,42,False,True,,,,,,,,,,,
2560,17920.0,17920.0,17943.629996109008,1,23.62999610900879,23.62999610900806,17948.0,False,1,0,False,accurate,0,0,False,False,39,False,True,,,,,,,,,,,
2566,17962.0,17962.0,17991.280001163483,0,29.280001163482666,29.280001163482666,17990.0,True,1,0,False,accurate,1,1,False,False,33,False,False,,,,,,,,,,,
2570,17990.0,17990.0,17993.014996581474,1,3.014996581474952,3.0149965814744064,18018.0,False,2,1,False,fast,0,0,False,False,29,False,True,,,,,,,,,,,
2571,17997.0,17997.0,17999.992496628365,0,2.992496628363915,2.9924966283651884,18025.0,False,1,0,False,fast,0,0,False,False,28,False,True,,,,,,,,,,,
2575,18025.0,18025.0,18027.90250082016,1,2.902500820159912,2.9025008201606397,18053.0,False,1,0,False,fast,0,0,False,False,24,False,True,,,,,,,,,,,
2577,18039.0,18039.0,18041.85750080208,0,2.857500802079835,2.8575008020816313,18067.0,False,1,0,False,fast,0,0,False,False,22,False,True,,,,,,,,,,,
2578,18046.0,18046.0,18048.835000801086,1,2.835000801086426,2.835000801085698,18074.0,False,1,0,False,fast,0,0,False,False,21,False,True,,,,,,,,,,,
2583,18081.0,18081.0,18094.893753937693,0,13.893753937693937,13.893753937692964,18109.0,False,1,0,False,accurate,1,1,False,False,16,False,True,,,,,,,,,,,
2584,18088.0,18088.0,18090.699996948242,1,2.6999969482421875,2.6999969482421875,18116.0,False,2,1,False,fast,0,0,False,False,15,False,True,,,,,,,,,,,
2588,18116.0,18116.0,18118.79999923706,1,2.799999237060547,2.799999237060547,18144.0,False,1,0,False,fast,0,0,False,False,11,False,True,,,,,,,,,,,
2591,18137.0,18137.0,18139.599994659424,0,2.599994659423828,2.599994659423828,18165.0,False,1,0,False,fast,0,0,False,False,8,False,True,,,,,,,,,,,
2599,18193.0,18193.0,18205.499996185303,1,12.499996185302734,12.499996185302734,18221.0,False,1,0,False,accurate,1,1,False,True,0,True,True,,,,,,,,,,,
2600,18200.0,18200.0,18211.79999923706,0,11.799999237060547,11.799999237060547,18228.0,False,2,1,False,accurate,1,1,False,False,99,False,True,,,,,,,,,,,
2601,18207.0,18207.0,18209.89999771118,1,2.8999977111816406,2.8999977111816406,18235.0,False,2,1,False,fast,0,0,False,False,98,False,True,,,,,,,,,,,
2603,18221.0,18221.0,18223.700004577637,1,2.7000045776367188,2.7000045776367188,18249.0,False,1,0,False,fast,0,0,False,False,96,False,True,,,,,,,,,,,
2604,18228.0,18228.0,18233.499996185303,0,5.499996185302734,5.499996185302734,18256.0,False,1,0,False,fast,0,0,False,False,95,False,True,,,,,,,,,,,
2605,18235.0,18235.0,18239.39999771118,1,4.399997711181641,4.399997711181641,18263.0,False,1,0,False,fast,0,0,False,False,94,False,True,,,,,,,,,,,
2606,18242.0,18242.0,18244.90000152588,0,2.9000015258789062,2.9000015258789062,18270.0,False,1,0,False,fast,0,0,False,False,93,False,True,,,,,,,,,,,
2608,18256.0,18256.0,18258.60000228882,1,2.6000022888183594,2.6000022888183594,18284.0,False,1,0,False,fast,0,0,False,False,91,False,True,,,,,,,,,,,
2610,18270.0,18270.0,18272.699996948242,0,2.6999969482421875,2.6999969482421875,18298.0,False,1,0,False,fast,0,0,False,False,89,False,True,,,,,,,,,,,
2614,18298.0,18298.0,18301.39999771118,1,3.3999977111816406,3.3999977111816406,18326.0,False,1,0,False,fast,0,0,False,False,85,False,True,,,,,,,,,,,
2616,18312.0,18312.0,18314.79999923706,0,2.799999237060547,2.799999237060547,18340.0,False,1,0,False,fast,0,0,False,False,83,False,True,,,,,,,,,,,
2619,18333.0,18333.0,18335.70000076294,1,2.700000762939453,2.700000762939453,18361.0,False,1,0,False,fast,0,0,False,False,80,False,True,,,,,,,,,,,
2622,18354.0,18354.0,18356.699996948242,0,2.6999969482421875,2.6999969482421875,18382.0,False,1,0,False,fast,0,0,False,False,77,False,True,,,,,,,,,,,
2623,18361.0,18361.0,18372.59999847412,1,11.599998474121094,11.599998474121094,18389.0,False,1,0,False,accurate,1,1,False,False,76,False,True,,,,,,,,,,,
2624,18368.0,18368.0,18370.700004577637,0,2.7000045776367188,2.7000045776367188,18396.0,False,2,1,False,fast,0,0,False,False,75,False,True,,,,,,,,,,,
2626,18382.0,18382.0,18384.70000076294,0,2.700000762939453,2.700000762939453,18410.0,False,1,0,False,fast,0,0,False,False,73,False,True,,,,,,,,,,,
2627,18389.0,18389.0,18391.70000076294,1,2.700000762939453,2.700000762939453,18417.0,False,1,0,False,fast,0,0,False,False,72,False,True,,,,,,,,,,,
2628,18396.0,18396.0,18398.79999923706,0,2.799999237060547,2.799999237060547,18424.0,False,1,0,False,fast,0,0,False,False,71,False,True,,,,,,,,,,,
2629,18403.0,18403.0,18425.40000152588,1,22.400001525878906,22.400001525878906,18431.0,False,1,0,False,accurate,1,1,False,False,70,False,True,,,,,,,,,,,
2635,18445.0,18445.0,18447.700004577637,0,2.7000045776367188,2.7000045776367188,18473.0,False,1,0,False,fast,0,0,False,False,64,False,True,,,,,,,,,,,
2636,18452.0,18452.0,18454.59999847412,1,2.5999984741210938,2.5999984741210938,18480.0,False,1,0,False,fast,0,0,False,False,63,False,True,,,,,,,,,,,
2638,18466.0,18466.0,18468.700004577637,0,2.7000045776367188,2.7000045776367188,18494.0,False,1,0,False,fast,0,0,False,False,61,False,True,,,,,,,,,,,
2639,18473.0,18473.0,18475.79999923706,1,2.799999237060547,2.799999237060547,18501.0,False,1,0,False,fast,0,0,False,False,60,False,True,,,,,,,,,,,
2644,18508.0,18508.0,18510.70000076294,0,2.700000762939453,2.700000762939453,18536.0,False,1,0,False,fast,0,0,False,False,55,False,True,,,,,,,,,,,
2646,18522.0,18522.0,18524.60000228882,1,2.6000022888183594,2.6000022888183594,18550.0,False,1,0,False,fast,0,0,False,False,53,False,True,,,,,,,,,,,
2648,18536.0,18536.0,18538.699996948242,0,2.6999969482421875,2.6999969482421875,18564.0,False,1,0,False,fast,0,0,False,False,51,False,True,,,,,,,,,,,
2651,18557.0,18557.0,18559.70000076294,1,2.700000762939453,2.700000762939453,18585.0,False,1,0,False,fast,0,0,False,False,48,False,True,,,,,,,,,,,
2658,18606.0,18606.0,18608.79999923706,0,2.799999237060547,2.799999237060547,18634.0,False,1,0,False,fast,0,0,False,False,41,False,True,,,,,,,,,,,
2661,18627.0,18627.0,18639.40000152588,1,12.400001525878906,12.400001525878906,18655.0,False,1,0,False,accurate,1,1,False,False,38,False,True,,,,,,,,,,,
2665,18655.0,18655.0,18675.699996948242,0,20.699996948242188,20.699996948242188,18683.0,False,1,0,False,accurate,1,1,False,False,34,False,True,,,,,,,,,,,
2667,18669.0,18669.0,18671.699996948242,1,2.6999969482421875,2.6999969482421875,18697.0,False,2,1,False,fast,0,0,False,False,32,False,True,,,,,,,,,,,
2668,18676.0,18676.0,18687.29999923706,1,11.299999237060547,11.299999237060547,18704.0,False,1,0,False,accurate,1,1,False,False,31,False,True,,,,,,,,,,,
2669,18683.0,18683.0,18685.79999923706,0,2.799999237060547,2.799999237060547,18711.0,False,2,1,False,fast,0,0,False,False,30,False,True,,,,,,,,,,,
2670,18690.0,18690.0,18704.500003814697,0,14.500003814697266,14.500003814697266,18718.0,False,1,0,False,accurate,1,1,False,False,29,False,True,,,,,,,,,,,
2671,18697.0,18697.0,18699.699996948242,1,2.6999969482421875,2.6999969482421875,18725.0,False,2,1,False,fast,0,0,False,False,28,False,True,,,,,,,,,,,
2675,18725.0,18725.0,18727.70000076294,1,2.700000762939453,2.700000762939453,18753.0,False,1,0,False,fast,0,0,False,False,24,False,True,,,,,,,,,,,
2676,18732.0,18732.0,18734.79999923706,0,2.799999237060547,2.799999237060547,18760.0,False,1,0,False,fast,0,0,False,False,23,False,True,,,,,,,,,,,
2678,18746.0,18746.0,18749.5,1,3.5,3.5,18774.0,False,1,0,False,fast,0,0,False,False,21,False,True,,,,,,,,,,,
2682,18774.0,18774.0,18776.800003051758,0,2.8000030517578125,2.8000030517578125,18802.0,False,1,0,False,fast,0,0,False,False,17,False,True,,,,,,,,,,,
2685,18795.0,18795.0,18812.0,1,17.0,17.0,18823.0,False,1,0,False,accurate,1,1,False,False,14,False,True,,,,,,,,,,,
2686,18802.0,18802.0,18804.79999923706,0,2.799999237060547,2.799999237060547,18830.0,False,2,1,False,fast,0,0,False,False,13,False,True,,,,,,,,,,,
2692,18844.0,18844.0,18846.79999923706,0,2.799999237060547,2.799999237060547,18872.0,False,1,0,False,fast,0,0,False,False,7,False,True,,,,,,,,,,,
2693,18851.0,18851.0,18853.70000076294,1,2.700000762939453,2.700000762939453,18879.0,False,1,0,False,fast,0,0,False,False,6,False,True,,,,,,,,,,,
2694,18858.0,18858.0,18860.79999923706,0,2.799999237060547,2.799999237060547,18886.0,False,1,0,False,fast,0,0,False,False,5,False,True,,,,,,,,,,,
2701,18907.0,18907.0,18909.699996948242,1,2.6999969482421875,2.6999969482421875,18935.0,False,1,0,False,fast,0,0,False,False,98,False,True,,,,,,,,,,,
2705,18935.0,18935.0,18937.59999847412,0,2.5999984741210938,2.5999984741210938,18963.0,False,1,0,False,fast,0,0,False,False,94,False,True,,,,,,,,,,,
2710,18970.0,18970.0,18984.699996948242,1,14.699996948242188,14.699996948242188,18998.0,False,1,0,False,accurate,1,1,False,False,89,False,True,,,,,,,,,,,
2711,18977.0,18977.0,18979.70000076294,0,2.700000762939453,2.700000762939453,19005.0,False,2,1,False,fast,0,0,False,False,88,False,True,,,,,,,,,,,
2715,19005.0,19005.0,19007.70000076294,0,2.700000762939453,2.700000762939453,19033.0,False,1,0,False,fast,0,0,False,False,84,False,True,,,,,,,,,,,
2717,19019.0,19019.0,19021.89999771118,1,2.8999977111816406,2.8999977111816406,19047.0,False,1,0,False,fast,0,0,False,False,82,False,True,,,,,,,,,,,
2720,19040.0,19040.0,19064.990007781984,0,24.99000778198242,24.990007781983877,19068.0,False,1,0,False,accurate,0,0,False,False,79,False,True,,,,,,,,,,,
2724,19068.0,19068.0,19106.63333540996,1,38.63333540995914,38.63333540995882,19096.0,True,1,0,False,accurate,1,1,False,False,75,False,False,,,,,,,,,,,
2729,19103.0,19103.0,19106.037500858307,0,3.0375008583068848,3.0375008583068848,19131.0,False,2,1,False,fast,0,0,False,False,70,False,True,,,,,,,,,,,
2732,19124.0,19124.0,19127.080003356932,0,3.080003356933594,3.0800033569321386,19152.0,False,1,0,False,fast,0,0,False,False,67,False,True,,,,,,,,,,,
2734,19138.0,19138.0,19140.925000821153,1,2.9250008211533216,2.925000821152935,19166.0,False,1,0,False,fast,0,0,False,False,65,False,True,,,,,,,,,,,
2735,19145.0,19145.0,19147.90250082016,0,2.902500820159912,2.9025008201606397,19173.0,False,1,0,False,fast,0,0,False,False,64,False,True,,,,,,,,,,,
2737,19159.0,19159.0,19201.988755263985,1,42.98875526398417,42.988755263984785,19187.0,True,1,0,False,accurate,0,0,False,False,62,False,False,,,,,,,,,,,
2742,19194.0,19194.0,19197.456668219667,0,3.4566682196656866,3.4566682196673355,19222.0,False,2,1,False,fast,0,0,False,False,57,False,True,,,,,,,,,,,
2745,19215.0,19215.0,19217.79999923706,0,2.799999237060547,2.799999237060547,19243.0,False,1,0,False,fast,0,0,False,False,54,False,True,,,,,,,,,,,
2750,19250.0,19250.0,19252.79999923706,1,2.799999237060547,2.799999237060547,19278.0,False,1,0,False,fast,0,0,False,False,49,False,True,,,,,,,,,,,
2751,19257.0,19257.0,19285.39999771118,0,28.39999771118164,28.39999771118164,19285.0,True,1,0,False,accurate,0,0,False,False,48,False,False,,,,,,,,,,,
2752,19264.0,19264.0,19266.70000076294,1,2.700000762939453,2.700000762939453,19292.0,False,2,1,False,fast,0,0,False,False,47,False,True,,,,,,,,,,,
2761,19327.0,19327.0,19329.800003051758,1,2.8000030517578125,2.8000030517578125,19355.0,False,1,0,False,fast,0,0,False,False,38,False,True,,,,,,,,,,,
2765,19355.0,19355.0,19357.699996948242,0,2.6999969482421875,2.6999969482421875,19383.0,False,1,0,False,fast,0,0,False,False,34,False,True,,,,,,,,,,,
2769,19383.0,19383.0,19385.699996948242,1,2.6999969482421875,2.6999969482421875,19411.0,False,1,0,False,fast,0,0,False,False,30,False,True,,,,,,,,,,,
2771,19397.0,19397.0,19411.40000152588,0,14.400001525878906,14.400001525878906,19425.0,False,1,0,False,accurate,1,1,False,False,28,False,True,,,,,,,,,,,
2772,19404.0,19404.0,19406.79999923706,1,2.799999237060547,2.799999237060547,19432.0,False,2,1,False,fast,0,0,False,False,27,False,True,,,,,,,,,,,
2778,19446.0,19446.0,19448.70000076294,1,2.700000762939453,2.700000762939453,19474.0,False,1,0,False,fast,0,0,False,False,21,False,True,,,,,,,,,,,
2781,19467.0,19467.0,19469.700004577637,0,2.7000045776367188,2.7000045776367188,19495.0,False,1,0,False,fast,0,0,False,False,18,False,True,,,,,,,,,,,
2782,19474.0,19474.0,19493.59999847412,1,19.599998474121094,19.599998474121094,19502.0,False,1,0,False,accurate,1,1,False,False,17,False,True,,,,,,,,,,,
2786,19502.0,19502.0,19504.79999923706,0,2.799999237060547,2.799999237060547,19530.0,False,1,0,False,fast,0,0,False,False,13,False,True,,,,,,,,,,,
2788,19516.0,19516.0,19518.699996948242,1,2.6999969482421875,2.6999969482421875,19544.0,False,1,0,False,fast,0,0,False,False,11,False,True,,,,,,,,,,,
2790,19530.0,19530.0,19532.79999923706,0,2.799999237060547,2.799999237060547,19558.0,False,1,0,False,fast,0,0,False,False,9,False,True,,,,,,,,,,,
2791,19537.0,19537.0,19539.699996948242,1,2.6999969482421875,2.6999969482421875,19565.0,False,1,0,False,fast,0,0,False,False,8,False,True,,,,,,,,,,,
2793,19551.0,19551.0,19553.70000076294,0,2.700000762939453,2.700000762939453,19579.0,False,1,0,False,fast,0,0,False,False,6,False,True,,,,,,,,,,,
2794,19558.0,19558.0,19560.699996948242,1,2.6999969482421875,2.6999969482421875,19586.0,False,1,0,False,fast,0,0,False,False,5,False,True,,,,,,,,,,,
2796,19572.0,19572.0,19574.79999923706,0,2.799999237060547,2.799999237060547,19600.0,False,1,0,False,fast,0,0,False,False,3,False,True,,,,,,,,,,,
2798,19586.0,19586.0,19588.70000076294,1,2.700000762939453,2.700000762939453,19614.0,False,1,0,False,fast,0,0,False,False,1,True,True,,,,,,,,,,,
2803,19621.0,19621.0,19623.699996948242,0,2.6999969482421875,2.6999969482421875,19649.0,False,1,0,False,fast,0,0,False,False,96,False,True,,,,,,,,,,,
2805,19635.0,19635.0,19650.39999771118,1,15.39999771118164,15.39999771118164,19663.0,False,1,0,False,accurate,1,1,False,False,94,False,True,,,,,,,,,,,
2806,19642.0,19642.0,19645.300003051758,0,3.3000030517578125,3.3000030517578125,19670.0,False,2,1,False,fast,0,0,False,False,93,False,True,,,,,,,,,,,
2810,19670.0,19670.0,19672.70000076294,0,2.700000762939453,2.700000762939453,19698.0,False,1,0,False,fast,0,0,False,False,89,False,True,,,,,,,,,,,
2814,19698.0,19698.0,19700.70000076294,1,2.700000762939453,2.700000762939453,19726.0,False,1,0,False,fast,0,0,False,False,85,False,True,,,,,,,,,,,
2819,19733.0,19733.0,19749.5,0,16.5,16.5,19761.0,False,1,0,False,accurate,1,1,False,False,80,False,True,,,,,,,,,,,
2820,19740.0,19740.0,19755.0,1,15.0,15.0,19768.0,False,2,1,False,accurate,1,1,False,False,79,False,True,,,,,,,,,,,
2822,19754.0,19754.0,19756.70000076294,0,2.700000762939453,2.700000762939453,19782.0,False,2,1,False,fast,0,0,False,False,77,False,True,,,,,,,,,,,
2827,19789.0,19789.0,19791.59999847412,1,2.5999984741210938,2.5999984741210938,19817.0,False,1,0,False,fast,0,0,False,False,72,False,True,,,,,,,,,,,
2833,19831.0,19831.0,19833.79999923706,0,2.799999237060547,2.799999237060547,19859.0,False,1,0,False,fast,0,0,False,False,66,False,True,,,,,,,,,,,
2838,19866.0,19866.0,19868.70000076294,1,2.700000762939453,2.700000762939453,19894.0,False,1,0,False,fast,0,0,False,False,61,False,True,,,,,,,,,,,
2844,19908.0,19908.0,19910.90000152588,0,2.9000015258789062,2.9000015258789062,19936.0,False,1,0,False,fast,0,0,False,False,55,False,True,,,,,,,,,,,
2852,19964.0,19964.0,19977.0,1,13.0,13.0,19992.0,False,1,0,False,accurate,1,1,False,False,47,False,True,,,,,,,,,,,
2857,19999.0,19999.0,20013.09999847412,0,14.099998474121094,14.099998474121094,20027.0,False,1,0,False,accurate,1,1,False,False,42,False,True,,,,,,,,,,,
2861,20027.0,20027.0,20029.79999923706,1,2.799999237060547,2.799999237060547,20055.0,False,1,0,False,fast,0,0,False,False,38,False,True,,,,,,,,,,,
2864,20048.0,20048.0,20050.79999923706,0,2.799999237060547,2.799999237060547,20076.0,False,1,0,False,fast,0,0,False,False,35,False,True,,,,,,,,,,,
2866,20062.0,20062.0,20078.79999923706,1,16.799999237060547,16.799999237060547,20090.0,False,1,0,False,accurate,1,1,False,False,33,False,True,,,,,,,,,,,
2867,20069.0,20069.0,20081.90000152588,0,12.900001525878906,12.900001525878906,20097.0,False,2,1,False,accurate,1,1,False,False,32,False,True,,,,,,,,,,,
2871,20097.0,20097.0,20099.60000228882,1,2.6000022888183594,2.6000022888183594,20125.0,False,1,0,False,fast,0,0,False,False,28,False,True,,,,,,,,,,,
2872,20104.0,20104.0,20106.79999923706,0,2.799999237060547,2.799999237060547,20132.0,False,1,0,False,fast,0,0,False,False,27,False,True,,,,,,,,,,,
2874,20118.0,20118.0,20134.000003814697,1,16.000003814697266,16.000003814697266,20146.0,False,1,0,False,accurate,1,1,False,False,25,False,True,,,,,,,,,,,
2881,20167.0,20167.0,20188.55375237008,0,21.553752370079337,21.553752370080474,20195.0,False,1,0,False,accurate,0,0,False,False,18,False,True,,,,,,,,,,,
2884,20188.0,20188.0,20205.57499742965,1,17.574997429649056,17.574997429648647,20216.0,False,2,1,False,accurate,1,1,False,False,15,False,True,,,,,,,,,,,
2885,20195.0,20195.0,20215.82582996249,0,20.82582996249196,20.82582996249039,20223.0,False,2,1,False,accurate,1,1,False,False,14,False,True,,,,,,,,,,,
2891,20237.0,20237.0,20240.103332498868,1,3.1033324988683035,3.1033324988675304,20265.0,False,1,0,False,fast,0,0,False,False,8,False,True,,,,,,,,,,,
2895,20265.0,20265.0,20284.19000096321,0,19.19000096321106,19.190000963211787,20293.0,False,1,0,False,accurate,1,1,False,False,4,False,True,,,,,,,,,,,
2900,20300.0,20300.0,20316.303335939945,1,16.3033359399438,16.3033359399451,20328.0,False,1,0,False,accurate,1,1,False,False,99,False,True,,,,,,,,,,,
2901,20307.0,20307.0,20309.767496871948,0,2.767496871948242,2.7674968719475146,20335.0,False,2,1,False,fast,0,0,False,False,98,False,True,,,,,,,,,,,
2905,20335.0,20335.0,20337.79999923706,0,2.799999237060547,2.799999237060547,20363.0,False,1,0,False,fast,0,0,False,False,94,False,True,,,,,,,,,,,
2906,20342.0,20342.0,20344.70000076294,1,2.700000762939453,2.700000762939453,20370.0,False,1,0,False,fast,0,0,False,False,93,False,True,,,,,,,,,,,
2908,20356.0,20356.0,20358.800003051758,0,2.8000030517578125,2.8000030517578125,20384.0,False,1,0,False,fast,0,0,False,False,91,False,True,,,,,,,,,,,
2909,20363.0,20363.0,20365.89999771118,1,2.8999977111816406,2.8999977111816406,20391.0,False,1,0,False,fast,0,0,False,False,90,False,True,,,,,,,,,,,
2911,20377.0,20377.0,20379.699996948242,0,2.6999969482421875,2.6999969482421875,20405.0,False,1,0,False,fast,0,0,False,False,88,False,True,,,,,,,,,,,
2913,20391.0,20391.0,20393.79999923706,1,2.799999237060547,2.799999237060547,20419.0,False,1,0,False,fast,0,0,False,False,86,False,True,,,,,,,,,,,
2915,20405.0,20405.0,20420.0,0,15.0,15.0,20433.0,False,1,0,False,accurate,1,1,False,False,84,False,True,,,,,,,,,,,
2916,20412.0,20412.0,20414.70000076294,1,2.700000762939453,2.700000762939453,20440.0,False,2,1,False,fast,0,0,False,False,83,False,True,,,,,,,,,,,
2919,20433.0,20433.0,20435.70000076294,1,2.700000762939453,2.700000762939453,20461.0,False,1,0,False,fast,0,0,False,False,80,False,True,,,,,,,,,,,
2920,20440.0,20440.0,20442.70000076294,0,2.700000762939453,2.700000762939453,20468.0,False,1,0,False,fast,0,0,False,False,79,False,True,,,,,,,,,,,
2921,20447.0,20447.0,20449.70000076294,1,2.700000762939453,2.700000762939453,20475.0,False,1,0,False,fast,0,0,False,False,78,False,True,,,,,,,,,,,
2922,20454.0,20454.0,20456.699996948242,0,2.6999969482421875,2.6999969482421875,20482.0,False,1,0,False,fast,0,0,False,False,77,False,True,,,,,,,,,,,
2927,20489.0,20489.0,20491.70000076294,1,2.700000762939453,2.700000762939453,20517.0,False,1,0,False,fast,0,0,False,False,72,False,True,,,,,,,,,,,
2929,20503.0,20503.0,20505.70000076294,0,2.700000762939453,2.700000762939453,20531.0,False,1,0,False,fast,0,0,False,False,70,False,True,,,,,,,,,,,
2930,20510.0,20510.0,20530.499996185303,1,20.499996185302734,20.499996185302734,20538.0,False,1,0,False,accurate,1,1,False,False,69,False,True,,,,,,,,,,,
2931,20517.0,20517.0,20519.70000076294,0,2.700000762939453,2.700000762939453,20545.0,False,2,1,False,fast,0,0,False,False,68,False,True,,,,,,,,,,,
2933,20531.0,20531.0,20533.70000076294,0,2.700000762939453,2.700000762939453,20559.0,False,1,0,False,fast,0,0,False,False,66,False,True,,,,,,,,,,,
2946,20622.0,20622.0,20637.10000228882,1,15.10000228881836,15.10000228881836,20650.0,False,1,0,False,accurate,1,1,False,False,53,False,True,,,,,,,,,,,
2947,20629.0,20629.0,20642.999996185303,0,13.999996185302734,13.999996185302734,20657.0,False,2,1,False,accurate,1,1,False,False,52,False,True,,,,,,,,,,,
2953,20671.0,20671.0,20673.699996948242,1,2.6999969482421875,2.6999969482421875,20699.0,False,1,0,False,fast,0,0,False,False,46,False,True,,,,,,,,,,,
2956,20692.0,20692.0,20694.59999847412,0,2.5999984741210938,2.5999984741210938,20720.0,False,1,0,False,fast,0,0,False,False,43,False,True,,,,,,,,,,,
2959,20713.0,20713.0,20715.70000076294,1,2.700000762939453,2.700000762939453,20741.0,False,1,0,False,fast,0,0,False,False,40,False,True,,,,,,,,,,,
2962,20734.0,20734.0,20736.700004577637,0,2.7000045776367188,2.7000045776367188,20762.0,False,1,0,False,fast,0,0,False,False,37,False,True,,,,,,,,,,,
2964,20748.0,20748.0,20759.79999923706,1,11.799999237060547,11.799999237060547,20776.0,False,1,0,False,accurate,1,1,False,False,35,False,True,,,,,,,,,,,
2965,20755.0,20755.0,20757.699996948242,0,2.6999969482421875,2.6999969482421875,20783.0,False,2,1,False,fast,0,0,False,False,34,False,True,,,,,,,,,,,
2966,20762.0,20762.0,20764.699996948242,0,2.6999969482421875,2.6999969482421875,20790.0,False,1,0,False,fast,0,0,False,False,33,False,True,,,,,,,,,,,
2969,20783.0,20783.0,20785.70000076294,1,2.700000762939453,2.700000762939453,20811.0,False,1,0,False,fast,0,0,False,False,30,False,True,,,,,,,,,,,
2976,20832.0,20832.0,20834.800003051758,0,2.8000030517578125,2.8000030517578125,20860.0,False,1,0,False,fast,0,0,False,False,23,False,True,,,,,,,,,,,
2977,20839.0,20839.0,20841.79999923706,1,2.799999237060547,2.799999237060547,20867.0,False,1,0,False,fast,0,0,False,False,22,False,True,,,,,,,,,,,
2978,20846.0,20846.0,20863.5,0,17.5,17.5,20874.0,False,1,0,False,accurate,1,1,False,False,21,False,True,,,,,,,,,,,
2979,20853.0,20853.0,20855.79999923706,1,2.799999237060547,2.799999237060547,20881.0,False,2,1,False,fast,0,0,False,False,20,False,True,,,,,,,,,,,
2984,20888.0,20888.0,20890.800003051758,1,2.8000030517578125,2.8000030517578125,20916.0,False,1,0,False,fast,0,0,False,False,15,False,True,,,,,,,,,,,
2985,20895.0,20895.0,20909.29999923706,0,14.299999237060547,14.299999237060547,20923.0,False,1,0,False,accurate,1,1,False,False,14,False,True,,,,,,,,,,,
2987,20909.0,20909.0,20911.70000076294,1,2.700000762939453,2.700000762939453,20937.0,False,2,1,False,fast,0,0,False,False,12,False,True,,,,,,,,,,,
2989,20923.0,20923.0,20925.699996948242,0,2.6999969482421875,2.6999969482421875,20951.0,False,1,0,False,fast,0,0,False,False,10,False,True,,,,,,,,,,,
2991,20937.0,20937.0,20949.300003051758,1,12.300003051757812,12.300003051757812,20965.0,False,1,0,False,accurate,1,1,False,False,8,False,True,,,,,,,,,,,
2992,20944.0,20944.0,20946.700004577637,0,2.7000045776367188,2.7000045776367188,20972.0,False,2,1,False,fast,0,0,False,False,7,False,True,,,,,,,,,,,
2993,20951.0,20951.0,20953.79999923706,0,2.799999237060547,2.799999237060547,20979.0,False,1,0,False,fast,0,0,False,False,6,False,True,,,,,,,,,,,
2994,20958.0,20958.0,20960.800003051758,1,2.8000030517578125,2.8000030517578125,20986.0,False,1,0,False,fast,0,0,False,False,5,False,True,,,,,,,,,,,
2995,20965.0,20965.0,20988.000003814697,0,23.000003814697266,23.000003814697266,20993.0,False,1,0,False,accurate,0,0,False,False,4,False,True,,,,,,,,,,,
2998,20986.0,20986.0,21001.59999847412,1,15.599998474121094,15.599998474121094,21014.0,False,2,1,False,accurate,1,1,False,False,1,True,True,,,,,,,,,,,
2999,20993.0,20993.0,21014.699996948242,0,21.699996948242188,21.699996948242188,21021.0,False,2,1,False,accurate,0,0,False,True,0,True,True,,,,,,,,,,,
3003,21021.0,21021.0,21023.79999923706,1,2.799999237060547,2.799999237060547,21049.0,False,1,0,False,fast,0,0,False,False,96,False,True,,,,,,,,,,,
3004,21028.0,21028.0,21030.79999923706,0,2.799999237060547,2.799999237060547,21056.0,False,1,0,False,fast,0,0,False,False,95,False,True,,,,,,,,,,,
3005,21035.0,21035.0,21053.800003051758,1,18.800003051757812,18.800003051757812,21063.0,False,1,0,False,accurate,1,1,False,False,94,False,True,,,,,,,,,,,
3009,21063.0,21063.0,21065.800003051758,0,2.8000030517578125,2.8000030517578125,21091.0,False,1,0,False,fast,0,0,False,False,90,False,True,,,,,,,,,,,
3012,21084.0,21084.0,21086.800003051758,1,2.8000030517578125,2.8000030517578125,21112.0,False,1,0,False,fast,0,0,False,False,87,False,True,,,,,,,,,,,
3019,21133.0,21133.0,21135.800003051758,0,2.8000030517578125,2.8000030517578125,21161.0,False,1,0,False,fast,0,0,False,False,80,False,True,,,,,,,,,,,
3023,21161.0,21161.0,21163.800003051758,1,2.8000030517578125,2.8000030517578125,21189.0,False,1,0,False,fast,0,0,False,False,76,False,True,,,,,,,,,,,
3024,21168.0,21168.0,21170.79999923706,0,2.799999237060547,2.799999237060547,21196.0,False,1,0,False,fast,0,0,False,False,75,False,True,,,,,,,,,,,
3025,21175.0,21175.0,21178.700004577637,1,3.7000045776367188,3.7000045776367188,21203.0,False,1,0,False,fast,0,0,False,False,74,False,True,,,,,,,,,,,
3026,21182.0,21182.0,21184.89999771118,0,2.8999977111816406,2.8999977111816406,21210.0,False,1,0,False,fast,0,0,False,False,73,False,True,,,,,,,,,,,
3029,21203.0,21203.0,21215.90000152588,1,12.900001525878906,12.900001525878906,21231.0,False,1,0,False,accurate,1,1,False,False,70,False,True,,,,,,,,,,,
3034,21238.0,21238.0,21240.70000076294,0,2.700000762939453,2.700000762939453,21266.0,False,1,0,False,fast,0,0,False,False,65,False,True,,,,,,,,,,,
3038,21266.0,21266.0,21268.79999923706,1,2.799999237060547,2.799999237060547,21294.0,False,1,0,False,fast,0,0,False,False,61,False,True,,,,,,,,,,,
3040,21280.0,21280.0,21300.570003890993,0,20.57000389099121,20.570003890992666,21308.0,False,1,0,False,accurate,0,0,False,False,59,False,True,,,,,,,,,,,
3045,21315.0,21315.0,21338.778749027053,1,23.778749027053507,23.77874902705298,21343.0,False,1,0,False,accurate,0,0,False,False,54,False,True,,,,,,,,,,,
3046,21322.0,21322.0,21341.672502326965,0,19.67250232696533,19.672502326964604,21350.0,False,2,1,False,accurate,1,1,False,False,53,False,True,,,,,,,,,,,
3049,21343.0,21343.0,21346.037500858307,1,3.0375008583068848,3.0375008583068848,21371.0,False,1,0,False,fast,0,0,False,False,50,False,True,,,,,,,,,,,
3051,21357.0,21357.0,21389.548331557115,0,32.5483315571149,32.54833155711458,21385.0,True,1,0,False,accurate,1,1,False,False,48,False,False,,,,,,,,,,,
3053,21371.0,21371.0,21373.94750083824,1,2.947500838239989,2.947500838239648,21399.0,False,2,1,False,fast,0,0,False,False,46,False,True,,,,,,,,,,,
3059,21413.0,21413.0,21415.916669842798,1,2.9166698427995015,2.916669842798001,21441.0,False,1,0,False,fast,0,0,False,False,40,False,True,,,,,,,,,,,
3064,21448.0,21448.0,21462.0,0,14.0,14.0,21476.0,False,1,0,False,accurate,1,1,False,False,35,False,True,,,,,,,,,,,
3070,21490.0,21490.0,21509.70000076294,1,19.700000762939453,19.700000762939453,21518.0,False,1,0,False,accurate,0,0,False,False,29,False,True,,,,,,,,,,,
3071,21497.0,21497.0,21499.90000152588,0,2.9000015258789062,2.9000015258789062,21525.0,False,2,1,False,fast,0,0,False,False,28,False,True,,,,,,,,,,,
3072,21504.0,21504.0,21517.20000076294,0,13.200000762939453,13.200000762939453,21532.0,False,2,1,False,accurate,1,1,False,False,27,False,True,,,,,,,,,,,
3073,21511.0,21511.0,21513.800003051758,1,2.8000030517578125,2.8000030517578125,21539.0,False,2,1,False,fast,0,0,False,False,26,False,True,,,,,,,,,,,
3074,21518.0,21518.0,21520.70000076294,1,2.700000762939453,2.700000762939453,21546.0,False,1,0,False,fast,0,0,False,False,25,False,True,,,,,,,,,,,
3076,21532.0,21532.0,21534.79999923706,0,2.799999237060547,2.799999237060547,21560.0,False,1,0,False,fast,0,0,False,False,23,False,True,,,,,,,,,,,
3078,21546.0,21546.0,21548.90000152588,1,2.9000015258789062,2.9000015258789062,21574.0,False,1,0,False,fast,0,0,False,False,21,False,True,,,,,,,,,,,
3084,21588.0,21588.0,21590.79999923706,0,2.799999237060547,2.799999237060547,21616.0,False,1,0,False,fast,0,0,False,False,15,False,True,,,,,,,,,,,
3086,21602.0,21602.0,21617.40000152588,1,15.400001525878906,15.400001525878906,21630.0,False,1,0,False,accurate,1,1,False,False,13,False,True,,,,,,,,,,,
3088,21616.0,21616.0,21618.79999923706,0,2.799999237060547,2.799999237060547,21644.0,False,2,1,False,fast,0,0,False,False,11,False,True,,,,,,,,,,,
3089,21623.0,21623.0,21625.89999771118,1,2.8999977111816406,2.8999977111816406,21651.0,False,1,0,False,fast,0,0,False,False,10,False,True,,,,,,,,,,,
3090,21630.0,21630.0,21632.79999923706,0,2.799999237060547,2.799999237060547,21658.0,False,1,0,False,fast,0,0,False,False,9,False,True,,,,,,,,,,,
3094,21658.0,21658.0,21670.79999923706,1,12.799999237060547,12.799999237060547,21686.0,False,1,0,False,accurate,1,1,False,False,5,False,True,,,,,,,,,,,
3098,21686.0,21686.0,21701.500003814697,0,15.500003814697266,15.500003814697266,21714.0,False,1,0,False,accurate,1,1,False,False,1,True,True,,,,,,,,,,,
3101,21707.0,21707.0,21709.79999923706,1,2.799999237060547,2.799999237060547,21735.0,False,1,0,False,fast,0,0,False,False,98,False,True,,,,,,,,,,,
3103,21721.0,21721.0,21733.39999771118,0,12.39999771118164,12.39999771118164,21749.0,False,1,0,False,accurate,1,1,False,False,96,False,True,,,,,,,,,,,
3104,21728.0,21728.0,21739.60000228882,1,11.60000228881836,11.60000228881836,21756.0,False,2,1,False,accurate,1,1,False,False,95,False,True,,,,,,,,,,,
3105,21735.0,21735.0,21737.79999923706,0,2.799999237060547,2.799999237060547,21763.0,False,2,1,False,fast,0,0,False,False,94,False,True,,,,,,,,,,,
3108,21756.0,21756.0,21758.800003051758,0,2.8000030517578125,2.8000030517578125,21784.0,False,1,0,False,fast,0,0,False,False,91,False,True,,,,,,,,,,,
3109,21763.0,21763.0,21765.79999923706,1,2.799999237060547,2.799999237060547,21791.0,False,1,0,False,fast,0,0,False,False,90,False,True,,,,,,,,,,,
3113,21791.0,21791.0,21795.300003051758,0,4.3000030517578125,4.3000030517578125,21819.0,False,1,0,False,fast,0,0,False,False,86,False,True,,,,,,,,,,,
3114,21798.0,21798.0,21809.700004577637,1,11.700004577636719,11.700004577636719,21826.0,False,1,0,False,accurate,1,1,False,False,85,False,True,,,,,,,,,,,
3116,21812.0,21812.0,21832.300003051758,0,20.300003051757812,20.300003051757812,21840.0,False,1,0,False,accurate,1,1,False,False,83,False,True,,,,,,,,,,,
3117,21819.0,21819.0,21822.0,1,3.0,3.0,21847.0,False,2,1,False,fast,0,0,False,False,82,False,True,,,,,,,,,,,
3121,21847.0,21847.0,21863.60000228882,1,16.60000228881836,16.60000228881836,21875.0,False,1,0,False,accurate,1,1,False,False,78,False,True,,,,,,,,,,,
3124,21868.0,21868.0,21872.800003051758,0,4.8000030517578125,4.8000030517578125,21896.0,False,1,0,False,fast,0,0,False,False,75,False,True,,,,,,,,,,,
3125,21875.0,21875.0,21879.39999771118,1,4.399997711181641,4.399997711181641,21903.0,False,1,0,False,fast,0,0,False,False,74,False,True,,,,,,,,,,,
3129,21903.0,21903.0,21907.499996185303,0,4.499996185302734,4.499996185302734,21931.0,False,1,0,False,fast,0,0,False,False,70,False,True,,,,,,,,,,,
3131,21917.0,21917.0,21921.59999847412,1,4.599998474121094,4.599998474121094,21945.0,False,1,0,False,fast,0,0,False,False,68,False,True,,,,,,,,,,,
3133,21931.0,21931.0,21935.20000076294,0,4.200000762939453,4.200000762939453,21959.0,False,1,0,False,fast,0,0,False,False,66,False,True,,,,,,,,,,,
3134,21938.0,21938.0,21943.79999923706,1,5.799999237060547,5.799999237060547,21966.0,False,1,0,False,fast,0,0,False,False,65,False,True,,,,,,,,,,,
3136,21952.0,21952.0,21956.499996185303,0,4.499996185302734,4.499996185302734,21980.0,False,1,0,False,fast,0,0,False,False,63,False,True,,,,,,,,,,,
3137,21959.0,21959.0,21963.5,1,4.5,4.5,21987.0,False,1,0,False,fast,0,0,False,False,62,False,True,,,,,,,,,,,
3141,21987.0,21987.0,21991.10000228882,0,4.100002288818359,4.100002288818359,22015.0,False,1,0,False,fast,0,0,False,False,58,False,True,,,,,,,,,,,
3145,22015.0,22015.0,22029.099994659424,1,14.099994659423828,14.099994659423828,22043.0,False,1,0,False,fast,0,0,False,False,54,False,True,,,,,,,,,,,
3146,22022.0,22022.0,22026.499996185303,0,4.499996185302734,4.499996185302734,22050.0,False,2,1,False,fast,0,0,False,False,53,False,True,,,,,,,,,,,
3152,22064.0,22064.0,22098.0,0,34.0,34.0,22092.0,True,1,0,False,accurate,0,0,False,False,47,False,False,,,,,,,,,,,
3154,22078.0,22078.0,22081.0,1,3.0,3.0,22106.0,False,2,1,False,fast,0,0,False,False,45,False,True,,,,,,,,,,,
3157,22099.0,22099.0,22129.09999847412,1,30.099998474121094,30.099998474121094,22127.0,True,1,0,False,accurate,0,0,False,False,42,False,False,,,,,,,,,,,
3160,22120.0,22120.0,22128.499996185303,0,8.499996185302734,8.499996185302734,22148.0,False,2,1,False,fast,0,0,False,False,39,False,True,,,,,,,,,,,
3165,22155.0,22155.0,22157.89999771118,0,2.8999977111816406,2.8999977111816406,22183.0,False,1,0,False,fast,0,0,False,False,34,False,True,,,,,,,,,,,
3166,22162.0,22162.0,22182.89999771118,1,20.89999771118164,20.89999771118164,22190.0,False,1,0,False,accurate,1,1,False,False,33,False,True,,,,,,,,,,,
3168,22176.0,22176.0,22178.79999923706,0,2.799999237060547,2.799999237060547,22204.0,False,2,1,False,fast,0,0,False,False,31,False,True,,,,,,,,,,,
3174,22218.0,22218.0,22233.10000228882,0,15.10000228881836,15.10000228881836,22246.0,False,1,0,False,accurate,1,1,False,False,25,False,True,,,,,,,,,,,
3175,22225.0,22225.0,22237.0,1,12.0,12.0,22253.0,False,2,1,False,accurate,1,1,False,False,24,False,True,,,,,,,,,,,
3179,22253.0,22253.0,22255.79999923706,0,2.799999237060547,2.799999237060547,22281.0,False,1,0,False,fast,0,0,False,False,20,False,True,,,,,,,,,,,
3197,22379.0,22379.0,22384.499996185303,1,5.499996185302734,5.499996185302734,22407.0,False,1,0,False,fast,0,0,False,False,2,True,True,,,,,,,,,,,
3199,22393.0,22393.0,22397.29999923706,0,4.299999237060547,4.299999237060547,22421.0,False,1,0,False,fast,0,0,False,True,0,True,True,,,,,,,,,,,
3205,22435.0,22435.0,22459.711252592602,1,24.711252592603387,24.71125259260225,22463.0,False,1,0,False,accurate,1,1,False,False,94,False,True,,,,,,,,,,,
3209,22463.0,22463.0,22486.718755483627,0,23.71875548362732,23.71875548362732,22491.0,False,1,0,False,accurate,0,0,False,False,90,False,True,,,,,,,,,,,
3215,22505.0,22505.0,22534.795002889634,1,29.795002889633178,29.795002889633906,22533.0,True,1,0,False,accurate,1,1,False,False,84,False,False,,,,,,,,,,,
3219,22533.0,22533.0,22546.86458154286,0,13.86458154285948,13.864581542860833,22561.0,False,2,1,False,accurate,1,1,False,False,80,False,True,,,,,,,,,,,
3221,22547.0,22547.0,22551.714998435975,1,4.71499843597412,4.714998435974849,22575.0,False,1,0,False,fast,0,0,False,False,78,False,True,,,,,,,,,,,
3228,22596.0,22596.0,22600.40000152588,0,4.400001525878906,4.400001525878906,22624.0,False,1,0,False,fast,0,0,False,False,71,False,True,,,,,,,,,,,
3229,22603.0,22603.0,22607.10000228882,1,4.100002288818359,4.100002288818359,22631.0,False,1,0,False,fast,0,0,False,False,70,False,True,,,,,,,,,,,
3230,22610.0,22610.0,22614.09999847412,0,4.099998474121094,4.099998474121094,22638.0,False,1,0,False,fast,0,0,False,False,69,False,True,,,,,,,,,,,
3232,22624.0,22624.0,22639.90000152588,1,15.900001525878906,15.900001525878906,22652.0,False,1,0,False,accurate,1,1,False,False,67,False,True,,,,,,,,,,,
3237,22659.0,22659.0,22663.89999771118,0,4.899997711181641,4.899997711181641,22687.0,False,1,0,False,fast,0,0,False,False,62,False,True,,,,,,,,,,,
3240,22680.0,22680.0,22687.29999923706,1,7.299999237060547,7.299999237060547,22708.0,False,1,0,False,fast,0,0,False,False,59,False,True,,,,,,,,,,,
3243,22701.0,22701.0,22719.000003814697,0,18.000003814697266,18.000003814697266,22729.0,False,1,0,False,accurate,1,1,False,False,56,False,True,,,,,,,,,,,
3244,22708.0,22708.0,22712.700004577637,1,4.700004577636719,4.700004577636719,22736.0,False,2,1,False,fast,0,0,False,False,55,False,True,,,,,,,,,,,
3246,22722.0,22722.0,22726.500003814697,1,4.500003814697266,4.500003814697266,22750.0,False,1,0,False,fast,0,0,False,False,53,False,True,,,,,,,,,,,
3247,22729.0,22729.0,22750.90000152588,0,21.900001525878906,21.900001525878906,22757.0,False,1,0,False,accurate,1,0,True,False,52,False,True,,,,,,,,,,,
3249,22743.0,22743.0,22755.89999771118,1,12.89999771118164,12.89999771118164,22771.0,False,2,1,False,accurate,1,1,False,False,50,False,True,,,,,,,,,,,
3250,22750.0,22750.90000152588,22763.0,0,12.099998474121094,13.0,22778.0,False,3,2,False,accurate,1,1,False,False,49,False,True,,,,,,,,,,,
3255,22785.0,22785.0,22789.90000152588,1,4.900001525878906,4.900001525878906,22813.0,False,1,0,False,fast,0,0,False,False,44,False,True,,,,,,,,,,,
3256,22792.0,22792.0,22796.199996948242,0,4.1999969482421875,4.1999969482421875,22820.0,False,1,0,False,fast,0,0,False,False,43,False,True,,,,,,,,,,,
3257,22799.0,22799.0,22822.40000152588,1,23.400001525878906,23.400001525878906,22827.0,False,1,0,False,fast,0,0,False,False,42,False,True,,,,,,,,,,,
3258,22806.0,22806.0,22811.40000152588,0,5.400001525878906,5.400001525878906,22834.0,False,2,1,False,fast,0,0,False,False,41,False,True,,,,,,,,,,,
3261,22827.0,22827.0,22832.09999847412,0,5.099998474121094,5.099998474121094,22855.0,False,1,0,False,fast,0,0,False,False,38,False,True,,,,,,,,,,,
3262,22834.0,22834.0,22838.39999771118,1,4.399997711181641,4.399997711181641,22862.0,False,1,0,False,fast,0,0,False,False,37,False,True,,,,,,,,,,,
3263,22841.0,22841.0,22845.59999847412,0,4.599998474121094,4.599998474121094,22869.0,False,1,0,False,fast,0,0,False,False,36,False,True,,,,,,,,,,,
3264,22848.0,22848.0,22852.59999847412,1,4.599998474121094,4.599998474121094,22876.0,False,1,0,False,fast,0,0,False,False,35,False,True,,,,,,,,,,,
3267,22869.0,22869.0,22873.29999923706,0,4.299999237060547,4.299999237060547,22897.0,False,1,0,False,fast,0,0,False,False,32,False,True,,,,,,,,,,,
3272,22904.0,22904.0,22908.70000076294,1,4.700000762939453,4.700000762939453,22932.0,False,1,0,False,fast,0,0,False,False,27,False,True,,,,,,,,,,,
3276,22932.0,22932.0,22937.09999847412,0,5.099998474121094,5.099998474121094,22960.0,False,1,0,False,fast,0,0,False,False,23,False,True,,,,,,,,,,,
3281,22967.0,22967.0,22970.999996185303,1,3.9999961853027344,3.9999961853027344,22995.0,False,1,0,False,fast,0,0,False,False,18,False,True,,,,,,,,,,,
3283,22981.0,22981.0,22983.699996948242,0,2.6999969482421875,2.6999969482421875,23009.0,False,1,0,False,fast,0,0,False,False,16,False,True,,,,,,,,,,,
3284,22988.0,22988.0,22990.699996948242,1,2.6999969482421875,2.6999969482421875,23016.0,False,1,0,False,fast,0,0,False,False,15,False,True,,,,,,,,,,,
3285,22995.0,22995.0,22997.59999847412,0,2.5999984741210938,2.5999984741210938,23023.0,False,1,0,False,fast,0,0,False,False,14,False,True,,,,,,,,,,,
3287,23009.0,23009.0,23022.20000076294,1,13.200000762939453,13.200000762939453,23037.0,False,1,0,False,accurate,1,1,False,False,12,False,True,,,,,,,,,,,
3292,23044.0,23044.0,23046.70000076294,0,2.700000762939453,2.700000762939453,23072.0,False,1,0,False,fast,0,0,False,False,7,False,True,,,,,,,,,,,
3294,23058.0,23058.0,23079.60000228882,1,21.60000228881836,21.60000228881836,23086.0,False,1,0,False,accurate,0,0,False,False,5,False,True,,,,,,,,,,,
3295,23065.0,23065.0,23067.70000076294,0,2.700000762939453,2.700000762939453,23093.0,False,2,1,False,fast,0,0,False,False,4,False,True,,,,,,,,,,,
3296,23072.0,23072.0,23084.59999847412,0,12.599998474121094,12.599998474121094,23100.0,False,2,1,False,accurate,1,1,False,False,3,False,True,,,,,,,,,,,
3298,23086.0,23086.0,23088.79999923706,1,2.799999237060547,2.799999237060547,23114.0,False,1,0,False,fast,0,0,False,False,1,True,True,,,,,,,,,,,
3299,23093.0,23093.0,23095.79999923706,0,2.799999237060547,2.799999237060547,23121.0,False,1,0,False,fast,0,0,False,True,0,True,True,,,,,,,,,,,
3303,23121.0,23121.0,23123.89999771118,1,2.8999977111816406,2.8999977111816406,23149.0,False,1,0,False,fast,0,0,False,False,96,False,True,,,,,,,,,,,
3308,23156.0,23156.0,23158.699996948242,0,2.6999969482421875,2.6999969482421875,23184.0,False,1,0,False,fast,0,0,False,False,91,False,True,,,,,,,,,,,
3316,23212.0,23212.0,23223.800003051758,1,11.800003051757812,11.800003051757812,23240.0,False,1,0,False,accurate,1,1,False,False,83,False,True,,,,,,,,,,,
3318,23226.0,23226.0,23247.59999847412,0,21.599998474121094,21.599998474121094,23254.0,False,1,0,False,accurate,0,0,False,False,81,False,True,,,,,,,,,,,
3319,23233.0,23233.0,23235.89999771118,1,2.8999977111816406,2.8999977111816406,23261.0,False,2,1,False,fast,0,0,False,False,80,False,True,,,,,,,,,,,
3320,23240.0,23240.0,23246.20000076294,1,6.200000762939453,6.200000762939453,23268.0,False,2,1,False,fast,0,0,False,False,79,False,True,,,,,,,,,,,
3323,23261.0,23261.0,23276.39999771118,1,15.39999771118164,15.39999771118164,23289.0,False,1,0,False,accurate,1,1,False,False,76,False,True,,,,,,,,,,,
3326,23282.0,23282.0,23284.79999923706,0,2.799999237060547,2.799999237060547,23310.0,False,1,0,False,fast,0,0,False,False,73,False,True,,,,,,,,,,,
3333,23331.0,23331.0,23333.699996948242,1,2.6999969482421875,2.6999969482421875,23359.0,False,1,0,False,fast,0,0,False,False,66,False,True,,,,,,,,,,,
3341,23387.0,23387.0,23389.59999847412,0,2.5999984741210938,2.5999984741210938,23415.0,False,1,0,False,fast,0,0,False,False,58,False,True,,,,,,,,,,,
3342,23394.0,23394.0,23396.700004577637,1,2.7000045776367188,2.7000045776367188,23422.0,False,1,0,False,fast,0,0,False,False,57,False,True,,,,,,,,,,,
3346,23422.0,23422.0,23441.800003051758,0,19.800003051757812,19.800003051757812,23450.0,False,1,0,False,accurate,0,0,False,False,53,False,True,,,,,,,,,,,
3347,23429.0,23429.0,23431.59999847412,1,2.5999984741210938,2.5999984741210938,23457.0,False,2,1,False,fast,0,0,False,False,52,False,True,,,,,,,,,,,
3349,23443.0,23443.0,23445.59999847412,1,2.5999984741210938,2.5999984741210938,23471.0,False,1,0,False,fast,0,0,False,False,50,False,True,,,,,,,,,,,
3350,23450.0,23450.0,23452.70000076294,0,2.700000762939453,2.700000762939453,23478.0,False,1,0,False,fast,0,0,False,False,49,False,True,,,,,,,,,,,
3355,23485.0,23485.0,23487.699996948242,1,2.6999969482421875,2.6999969482421875,23513.0,False,1,0,False,fast,0,0,False,False,44,False,True,,,,,,,,,,,
3356,23492.0,23492.0,23506.90000152588,0,14.900001525878906,14.900001525878906,23520.0,False,1,0,False,accurate,1,1,False,False,43,False,True,,,,,,,,,,,
3360,23520.0,23520.0,23523.119998168946,1,3.1199981689453122,3.11999816894604,23548.0,False,1,0,False,fast,0,0,False,False,39,False,True,,,,,,,,,,,
3364,23548.0,23548.0,23551.266665765444,0,3.2666657654444404,3.266665765444486,23576.0,False,1,0,False,fast,0,0,False,False,35,False,True,,,,,,,,,,,
3365,23555.0,23555.0,23575.204166847467,1,20.204166847467423,20.204166847466695,23583.0,False,1,0,False,accurate,1,1,False,False,34,False,True,,,,,,,,,,,
3368,23576.0,23576.0,23597.56000132342,0,21.560001323421805,21.560001323421602,23604.0,False,1,0,False,accurate,0,0,False,False,31,False,True,,,,,,,,,,,
3375,23625.0,23625.0,23644.694998073577,1,19.69499807357788,19.694998073577153,23653.0,False,1,0,False,accurate,1,1,False,False,24,False,True,,,,,,,,,,,
3377,23639.0,23639.0,23661.87916653454,0,22.879166534543035,22.879166534541582,23667.0,False,2,1,False,accurate,1,1,False,False,22,False,True,,,,,,,,,,,
3380,23660.0,23660.0,23662.7899968492,1,2.789996849199133,2.78999684919836,23688.0,False,2,1,False,fast,0,0,False,False,19,False,True,,,,,,,,,,,
3381,23667.0,23667.0,23669.869999217986,0,2.8699992179870604,2.869999217986333,23695.0,False,1,0,False,fast,0,0,False,False,18,False,True,,,,,,,,,,,
3383,23681.0,23681.0,23703.22999844839,1,22.229998448391754,22.22999844839069,23709.0,False,1,0,False,accurate,0,0,False,False,16,False,True,,,,,,,,,,,
3388,23716.0,23716.0,23719.0,0,3.0,3.0,23744.0,False,1,0,False,fast,0,0,False,False,11,False,True,,,,,,,,,,,
3390,23730.0,23730.0,23732.79999923706,1,2.799999237060547,2.799999237060547,23758.0,False,1,0,False,fast,0,0,False,False,9,False,True,,,,,,,,,,,
3392,23744.0,23744.0,23746.70000076294,0,2.700000762939453,2.700000762939453,23772.0,False,1,0,False,fast,0,0,False,False,7,False,True,,,,,,,,,,,
3393,23751.0,23751.0,23753.699996948242,1,2.6999969482421875,2.6999969482421875,23779.0,False,1,0,False,fast,0,0,False,False,6,False,True,,,,,,,,,,,
3394,23758.0,23758.0,23760.79999923706,0,2.799999237060547,2.799999237060547,23786.0,False,1,0,False,fast,0,0,False,False,5,False,True,,,,,,,,,,,
3395,23765.0,23765.0,23768.999996185303,1,3.9999961853027344,3.9999961853027344,23793.0,False,1,0,False,fast,0,0,False,False,4,False,True,,,,,,,,,,,
3397,23779.0,23779.0,23785.09999847412,0,6.099998474121094,6.099998474121094,23807.0,False,1,0,False,fast,0,0,False,False,2,True,True,,,,,,,,,,,
3398,23786.0,23786.0,23788.699996948242,1,2.6999969482421875,2.6999969482421875,23814.0,False,1,0,False,fast,0,0,False,False,1,True,True,,,,,,,,,,,
3399,23793.0,23793.0,23808.60000228882,0,15.60000228881836,15.60000228881836,23821.0,False,1,0,False,accurate,1,1,False,True,0,True,True,,,,,,,,,,,
3400,23800.0,23800.0,23814.5,1,14.5,14.5,23828.0,False,2,1,False,accurate,1,1,False,False,99,False,True,,,,,,,,,,,
3405,23835.0,23835.0,23837.70000076294,0,2.700000762939453,2.700000762939453,23863.0,False,1,0,False,fast,0,0,False,False,94,False,True,,,,,,,,,,,
3407,23849.0,23849.0,23862.29999923706,1,13.299999237060547,13.299999237060547,23877.0,False,1,0,False,accurate,1,1,False,False,92,False,True,,,,,,,,,,,
3409,23863.0,23863.0,23865.699996948242,0,2.6999969482421875,2.6999969482421875,23891.0,False,1,0,False,fast,0,0,False,False,90,False,True,,,,,,,,,,,
3410,23870.0,23870.0,23882.29999923706,1,12.299999237060547,12.299999237060547,23898.0,False,1,0,False,accurate,1,1,False,False,89,False,True,,,,,,,,,,,
3411,23877.0,23877.0,23879.599994659424,0,2.599994659423828,2.599994659423828,23905.0,False,2,1,False,fast,0,0,False,False,88,False,True,,,,,,,,,,,
3412,23884.0,23884.0,23886.699996948242,0,2.6999969482421875,2.6999969482421875,23912.0,False,1,0,False,fast,0,0,False,False,87,False,True,,,,,,,,,,,
3416,23912.0,23912.0,23914.79999923706,1,2.799999237060547,2.799999237060547,23940.0,False,1,0,False,fast,0,0,False,False,83,False,True,,,,,,,,,,,
3418,23926.0,23926.0,23945.20000076294,0,19.200000762939453,19.200000762939453,23954.0,False,1,0,False,accurate,1,0,True,False,81,False,True,,,,,,,,,,,
3420,23940.0,23940.0,23942.700004577637,1,2.7000045776367188,2.7000045776367188,23968.0,False,2,1,False,fast,0,0,False,False,79,False,True,,,,,,,,,,,
3421,23947.0,23947.0,23959.70000076294,1,12.700000762939453,12.700000762939453,23975.0,False,1,0,False,accurate,1,1,False,False,78,False,True,,,,,,,,,,,
3425,23975.0,23975.0,23977.700004577637,0,2.7000045776367188,2.7000045776367188,24003.0,False,1,0,False,fast,0,0,False,False,74,False,True,,,,,,,,,,,
3430,24010.0,24010.0,24012.700004577637,1,2.7000045776367188,2.7000045776367188,24038.0,False,1,0,False,fast,0,0,False,False,69,False,True,,,,,,,,,,,
3432,24024.0,24024.0,24049.5,0,25.5,25.5,24052.0,False,1,0,False,accurate,0,0,False,False,67,False,True,,,,,,,,,,,
3437,24059.0,24059.0,24061.59999847412,1,2.5999984741210938,2.5999984741210938,24087.0,False,1,0,False,fast,0,0,False,False,62,False,True,,,,,,,,,,,
3439,24073.0,24073.0,24075.70000076294,0,2.700000762939453,2.700000762939453,24101.0,False,1,0,False,fast,0,0,False,False,60,False,True,,,,,,,,,,,
3444,24108.0,24108.0,24110.70000076294,1,2.700000762939453,2.700000762939453,24136.0,False,1,0,False,fast,0,0,False,False,55,False,True,,,,,,,,,,,
3445,24115.0,24115.0,24117.59999847412,0,2.5999984741210938,2.5999984741210938,24143.0,False,1,0,False,fast,0,0,False,False,54,False,True,,,,,,,,,,,
3448,24136.0,24136.0,24138.70000076294,1,2.700000762939453,2.700000762939453,24164.0,False,1,0,False,fast,0,0,False,False,51,False,True,,,,,,,,,,,
3449,24143.0,24143.0,24145.70000076294,0,2.700000762939453,2.700000762939453,24171.0,False,1,0,False,fast,0,0,False,False,50,False,True,,,,,,,,,,,
3453,24171.0,24171.0,24173.70000076294,1,2.700000762939453,2.700000762939453,24199.0,False,1,0,False,fast,0,0,False,False,46,False,True,,,,,,,,,,,
3458,24206.0,24206.0,24208.59999847412,0,2.5999984741210938,2.5999984741210938,24234.0,False,1,0,False,fast,0,0,False,False,41,False,True,,,,,,,,,,,
3462,24234.0,24234.0,24246.59999847412,1,12.599998474121094,12.599998474121094,24262.0,False,1,0,False,accurate,1,1,False,False,37,False,True,,,,,,,,,,,
3463,24241.0,24241.0,24254.0,0,13.0,13.0,24269.0,False,2,1,False,accurate,1,1,False,False,36,False,True,,,,,,,,,,,
3465,24255.0,24255.0,24269.199996948242,1,14.199996948242188,14.199996948242188,24283.0,False,1,0,False,accurate,1,1,False,False,34,False,True,,,,,,,,,,,
3466,24262.0,24262.0,24279.799995422363,0,17.79999542236328,17.79999542236328,24290.0,False,2,1,False,accurate,1,1,False,False,33,False,True,,,,,,,,,,,
3467,24269.0,24269.199996948242,24271.799995422363,1,2.5999984741210938,2.7999954223632812,24297.0,False,3,2,False,fast,0,0,False,False,32,False,True,,,,,,,,,,,
3469,24283.0,24283.0,24297.09999847412,1,14.099998474121094,14.099998474121094,24311.0,False,1,0,False,accurate,1,1,False,False,30,False,True,,,,,,,,,,,
3471,24297.0,24297.0,24299.60000228882,0,2.6000022888183594,2.6000022888183594,24325.0,False,2,1,False,fast,0,0,False,False,28,False,True,,,,,,,,,,,
3477,24339.0,24339.0,24341.700004577637,1,2.7000045776367188,2.7000045776367188,24367.0,False,1,0,False,fast,0,0,False,False,22,False,True,,,,,,,,,,,
3480,24360.0,24360.0,24362.800003051758,0,2.8000030517578125,2.8000030517578125,24388.0,False,1,0,False,fast,0,0,False,False,19,False,True,,,,,,,,,,,
3482,24374.0,24374.0,24376.699996948242,1,2.6999969482421875,2.6999969482421875,24402.0,False,1,0,False,fast,0,0,False,False,17,False,True,,,,,,,,,,,
3484,24388.0,24388.0,24399.39999771118,0,11.39999771118164,11.39999771118164,24416.0,False,1,0,False,accurate,1,1,False,False,15,False,True,,,,,,,,,,,
3486,24402.0,24402.0,24414.79999923706,1,12.799999237060547,12.799999237060547,24430.0,False,1,0,False,accurate,1,1,False,False,13,False,True,,,,,,,,,,,
3488,24416.0,24416.0,24418.699996948242,0,2.6999969482421875,2.6999969482421875,24444.0,False,1,0,False,fast,0,0,False,False,11,False,True,,,,,,,,,,,
3491,24437.0,24437.0,24439.59999847412,1,2.5999984741210938,2.5999984741210938,24465.0,False,1,0,False,fast,0,0,False,False,8,False,True,,,,,,,,,,,
3492,24444.0,24444.0,24446.699996948242,0,2.6999969482421875,2.6999969482421875,24472.0,False,1,0,False,fast,0,0,False,False,7,False,True,,,,,,,,,,,
3493,24451.0,24451.0,24454.699996948242,1,3.6999969482421875,3.6999969482421875,24479.0,False,1,0,False,fast,0,0,False,False,6,False,True,,,,,,,,,,,
3494,24458.0,24458.0,24460.700004577637,0,2.7000045776367188,2.7000045776367188,24486.0,False,1,0,False,fast,0,0,False,False,5,False,True,,,,,,,,,,,
3495,24465.0,24465.0,24484.5,1,19.5,19.5,24493.0,False,1,0,False,accurate,0,0,False,False,4,False,True,,,,,,,,,,,
3498,24486.0,24486.0,24499.700004577637,0,13.700004577636719,13.700004577636719,24514.0,False,1,0,False,accurate,1,1,False,False,1,True,True,,,,,,,,,,,
3500,24500.0,24500.0,24513.29999923706,1,13.299999237060547,13.299999237060547,24528.0,False,1,0,False,accurate,1,1,False,False,99,False,True,,,,,,,,,,,
3501,24507.0,24507.0,24509.60000228882,0,2.6000022888183594,2.6000022888183594,24535.0,False,2,1,False,fast,0,0,False,False,98,False,True,,,,,,,,,,,
3502,24514.0,24514.0,24516.59999847412,0,2.5999984741210938,2.5999984741210938,24542.0,False,1,0,False,fast,0,0,False,False,97,False,True,,,,,,,,,,,
3503,24521.0,24521.0,24523.60000228882,1,2.6000022888183594,2.6000022888183594,24549.0,False,1,0,False,fast,0,0,False,False,96,False,True,,,,,,,,,,,
3506,24542.0,24542.0,24544.59999847412,0,2.5999984741210938,2.5999984741210938,24570.0,False,1,0,False,fast,0,0,False,False,93,False,True,,,,,,,,,,,
3509,24563.0,24563.0,24565.700004577637,1,2.7000045776367188,2.7000045776367188,24591.0,False,1,0,False,fast,0,0,False,False,90,False,True,,,,,,,,,,,
3510,24570.0,24570.0,24573.29999923706,0,3.299999237060547,3.299999237060547,24598.0,False,1,0,False,fast,0,0,False,False,89,False,True,,,,,,,,,,,
3513,24591.0,24591.0,24604.0,1,13.0,13.0,24619.0,False,1,0,False,accurate,1,1,False,False,86,False,True,,,,,,,,,,,
3515,24605.0,24605.0,24607.700004577637,0,2.7000045776367188,2.7000045776367188,24633.0,False,1,0,False,fast,0,0,False,False,84,False,True,,,,,,,,,,,
3517,24619.0,24619.0,24621.79999923706,1,2.799999237060547,2.799999237060547,24647.0,False,1,0,False,fast,0,0,False,False,82,False,True,,,,,,,,,,,
3519,24633.0,24633.0,24635.70000076294,0,2.700000762939453,2.700000762939453,24661.0,False,1,0,False,fast,0,0,False,False,80,False,True,,,,,,,,,,,
3522,24654.0,24654.0,24676.490834776363,1,22.490834776361794,22.490834776363045,24682.0,False,1,0,False,accurate,0,0,False,False,77,False,True,,,,,,,,,,,
3530,24710.0,24710.0,24713.126665803593,0,3.1266658035914134,3.126665803592914,24738.0,False,1,0,False,fast,0,0,False,False,69,False,True,,,,,,,,,,,
3534,24738.0,24738.0,24755.050000893672,1,17.0500008936723,17.050000893672404,24766.0,False,1,0,False,accurate,1,1,False,False,65,False,True,,,,,,,,,,,
3537,24759.0,24759.0,24761.751665046613,0,2.7516650466124246,2.7516650466131978,24787.0,False,1,0,False,fast,0,0,False,False,62,False,True,,,,,,,,,,,
3538,24766.0,24766.0,24769.15000400543,1,3.150004005432129,3.1500040054306737,24794.0,False,1,0,False,fast,0,0,False,False,61,False,True,,,,,,,,,,,
3542,24794.0,24794.0,24796.8466658924,0,2.8466658924023305,2.846665892400779,24822.0,False,1,0,False,fast,0,0,False,False,57,False,True,,,,,,,,,,,
3546,24822.0,24822.0,24834.299995422363,1,12.299995422363281,12.299995422363281,24850.0,False,1,0,False,accurate,1,1,False,False,53,False,True,,,,,,,,,,,
3550,24850.0,24850.0,24852.70000076294,0,2.700000762939453,2.700000762939453,24878.0,False,1,0,False,fast,0,0,False,False,49,False,True,,,,,,,,,,,
3552,24864.0,24864.0,24866.699996948242,1,2.6999969482421875,2.6999969482421875,24892.0,False,1,0,False,fast,0,0,False,False,47,False,True,,,,,,,,,,,
3553,24871.0,24871.0,24874.000003814697,0,3.0000038146972656,3.0000038146972656,24899.0,False,1,0,False,fast,0,0,False,False,46,False,True,,,,,,,,,,,
3556,24892.0,24892.0,24906.699996948242,1,14.699996948242188,14.699996948242188,24920.0,False,1,0,False,accurate,1,1,False,False,43,False,True,,,,,,,,,,,
3557,24899.0,24899.0,24901.70000076294,0,2.700000762939453,2.700000762939453,24927.0,False,2,1,False,fast,0,0,False,False,42,False,True,,,,,,,,,,,
3558,24906.0,24906.0,24908.700004577637,0,2.7000045776367188,2.7000045776367188,24934.0,False,2,1,False,fast,0,0,False,False,41,False,True,,,,,,,,,,,
3559,24913.0,24913.0,24929.000003814697,1,16.000003814697266,16.000003814697266,24941.0,False,1,0,False,accurate,1,0,True,False,40,False,True,,,,,,,,,,,
3563,24941.0,24941.0,24953.29999923706,0,12.299999237060547,12.299999237060547,24969.0,False,1,0,False,accurate,1,1,False,False,36,False,True,,,,,,,,,,,
3565,24955.0,24955.0,24971.5,1,16.5,16.5,24983.0,False,1,0,False,accurate,1,1,False,False,34,False,True,,,,,,,,,,,
3573,25011.0,25011.0,25023.300003051758,0,12.300003051757812,12.300003051757812,25039.0,False,1,0,False,accurate,1,1,False,False,26,False,True,,,,,,,,,,,
3574,25018.0,25018.0,25034.699996948242,1,16.699996948242188,16.699996948242188,25046.0,False,2,1,False,accurate,1,1,False,False,25,False,True,,,,,,,,,,,
3576,25032.0,25032.0,25044.5,0,12.5,12.5,25060.0,False,2,1,False,accurate,1,1,False,False,23,False,True,,,,,,,,,,,
3581,25067.0,25067.0,25069.699996948242,1,2.6999969482421875,2.6999969482421875,25095.0,False,1,0,False,fast,0,0,False,False,18,False,True,,,,,,,,,,,
3584,25088.0,25088.0,25090.70000076294,0,2.700000762939453,2.700000762939453,25116.0,False,1,0,False,fast,0,0,False,False,15,False,True,,,,,,,,,,,
3589,25123.0,25123.0,25125.70000076294,1,2.700000762939453,2.700000762939453,25151.0,False,1,0,False,fast,0,0,False,False,10,False,True,,,,,,,,,,,
3590,25130.0,25130.0,25132.60000228882,0,2.6000022888183594,2.6000022888183594,25158.0,False,1,0,False,fast,0,0,False,False,9,False,True,,,,,,,,,,,
3591,25137.0,25137.0,25139.70000076294,1,2.700000762939453,2.700000762939453,25165.0,False,1,0,False,fast,0,0,False,False,8,False,True,,,,,,,,,,,
3598,25186.0,25186.0,25188.800003051758,0,2.8000030517578125,2.8000030517578125,25214.0,False,1,0,False,fast,0,0,False,False,1,True,True,,,,,,,,,,,
3600,25200.0,25200.0,25202.70000076294,1,2.700000762939453,2.700000762939453,25228.0,False,1,0,False,fast,0,0,False,False,99,False,True,,,,,,,,,,,
3603,25221.0,25221.0,25232.90000152588,0,11.900001525878906,11.900001525878906,25249.0,False,1,0,False,accurate,1,1,False,False,96,False,True,,,,,,,,,,,
3607,25249.0,25249.0,25251.70000076294,1,2.700000762939453,2.700000762939453,25277.0,False,1,0,False,fast,0,0,False,False,92,False,True,,,,,,,,,,,
3612,25284.0,25284.0,25286.60000228882,0,2.6000022888183594,2.6000022888183594,25312.0,False,1,0,False,fast,0,0,False,False,87,False,True,,,,,,,,,,,
3614,25298.0,25298.0,25300.79999923706,1,2.799999237060547,2.799999237060547,25326.0,False,1,0,False,fast,0,0,False,False,85,False,True,,,,,,,,,,,
3615,25305.0,25305.0,25307.60000228882,0,2.6000022888183594,2.6000022888183594,25333.0,False,1,0,False,fast,0,0,False,False,84,False,True,,,,,,,,,,,
3619,25333.0,25333.0,25335.70000076294,1,2.700000762939453,2.700000762939453,25361.0,False,1,0,False,fast,0,0,False,False,80,False,True,,,,,,,,,,,
3621,25347.0,25347.0,25350.800003051758,0,3.8000030517578125,3.8000030517578125,25375.0,False,1,0,False,fast,0,0,False,False,78,False,True,,,,,,,,,,,
3622,25354.0,25354.0,25356.79999923706,1,2.799999237060547,2.799999237060547,25382.0,False,1,0,False,fast,0,0,False,False,77,False,True,,,,,,,,,,,
3624,25368.0,25368.0,25370.59999847412,0,2.5999984741210938,2.5999984741210938,25396.0,False,1,0,False,fast,0,0,False,False,75,False,True,,,,,,,,,,,
3625,25375.0,25375.0,25377.699996948242,1,2.6999969482421875,2.6999969482421875,25403.0,False,1,0,False,fast,0,0,False,False,74,False,True,,,,,,,,,,,
3627,25389.0,25389.0,25391.70000076294,0,2.700000762939453,2.700000762939453,25417.0,False,1,0,False,fast,0,0,False,False,72,False,True,,,,,,,,,,,
3628,25396.0,25396.0,25398.699996948242,1,2.6999969482421875,2.6999969482421875,25424.0,False,1,0,False,fast,0,0,False,False,71,False,True,,,,,,,,,,,
3630,25410.0,25410.0,25412.700004577637,0,2.7000045776367188,2.7000045776367188,25438.0,False,1,0,False,fast,0,0,False,False,69,False,True,,,,,,,,,,,
3635,25445.0,25445.0,25447.59999847412,1,2.5999984741210938,2.5999984741210938,25473.0,False,1,0,False,fast,0,0,False,False,64,False,True,,,,,,,,,,,
3636,25452.0,25452.0,25454.60000228882,0,2.6000022888183594,2.6000022888183594,25480.0,False,1,0,False,fast,0,0,False,False,63,False,True,,,,,,,,,,,
3637,25459.0,25459.0,25461.70000076294,1,2.700000762939453,2.700000762939453,25487.0,False,1,0,False,fast,0,0,False,False,62,False,True,,,,,,,,,,,
3638,25466.0,25466.0,25469.39999771118,0,3.3999977111816406,3.3999977111816406,25494.0,False,1,0,False,fast,0,0,False,False,61,False,True,,,,,,,,,,,
3639,25473.0,25473.0,25475.79999923706,1,2.799999237060547,2.799999237060547,25501.0,False,1,0,False,fast,0,0,False,False,60,False,True,,,,,,,,,,,
3641,25487.0,25487.0,25501.39999771118,0,14.39999771118164,14.39999771118164,25515.0,False,1,0,False,accurate,1,1,False,False,58,False,True,,,,,,,,,,,
3643,25501.0,25501.0,25503.59999847412,1,2.5999984741210938,2.5999984741210938,25529.0,False,2,1,False,fast,0,0,False,False,56,False,True,,,,,,,,,,,
3647,25529.0,25529.0,25531.60000228882,0,2.6000022888183594,2.6000022888183594,25557.0,False,1,0,False,fast,0,0,False,False,52,False,True,,,,,,,,,,,
3648,25536.0,25536.0,25538.60000228882,1,2.6000022888183594,2.6000022888183594,25564.0,False,1,0,False,fast,0,0,False,False,51,False,True,,,,,,,,,,,
3651,25557.0,25557.0,25559.59999847412,0,2.5999984741210938,2.5999984741210938,25585.0,False,1,0,False,fast,0,0,False,False,48,False,True,,,,,,,,,,,
3655,25585.0,25585.0,25587.70000076294,1,2.700000762939453,2.700000762939453,25613.0,False,1,0,False,fast,0,0,False,False,44,False,True,,,,,,,,,,,
3659,25613.0,25613.0,25615.79999923706,0,2.799999237060547,2.799999237060547,25641.0,False,1,0,False,fast,0,0,False,False,40,False,True,,,,,,,,,,,
3660,25620.0,25620.0,25622.70000076294,1,2.700000762939453,2.700000762939453,25648.0,False,1,0,False,fast,0,0,False,False,39,False,True,,,,,,,,,,,
3662,25634.0,25634.0,25662.20000076294,0,28.200000762939453,28.200000762939453,25662.0,True,1,0,False,accurate,0,0,False,False,37,False,False,,,,,,,,,,,
3663,25641.0,25641.0,25655.90000152588,1,14.900001525878906,14.900001525878906,25669.0,False,2,1,False,accurate,1,1,False,False,36,False,True,,,,,,,,,,,
3665,25655.0,25655.90000152588,25659.90000152588,1,4.0,4.900001525878906,25683.0,False,3,2,False,fast,0,0,False,False,34,False,True,,,,,,,,,,,
3666,25662.0,25662.0,25681.39999771118,1,19.39999771118164,19.39999771118164,25690.0,False,2,1,False,accurate,0,0,False,False,33,False,True,,,,,,,,,,,
3667,25669.0,25669.0,25671.89999771118,0,2.8999977111816406,2.8999977111816406,25697.0,False,2,1,False,fast,0,0,False,False,32,False,True,,,,,,,,,,,
3669,25683.0,25683.0,25685.70000076294,0,2.700000762939453,2.700000762939453,25711.0,False,1,0,False,fast,0,0,False,False,30,False,True,,,,,,,,,,,
3673,25711.0,25711.0,25713.79999923706,1,2.799999237060547,2.799999237060547,25739.0,False,1,0,False,fast,0,0,False,False,26,False,True,,,,,,,,,,,
3677,25739.0,25739.0,25760.09999847412,0,21.099998474121094,21.099998474121094,25767.0,False,1,0,False,accurate,0,0,False,False,22,False,True,,,,,,,,,,,
3680,25760.0,25760.0,25805.22000389099,1,45.22000389099121,45.22000389099048,25788.0,True,2,1,False,accurate,0,0,False,False,19,False,False,,,,,,,,,,,
3684,25788.0,25788.0,25804.624999853968,0,16.62499985396862,16.624999853967893,25816.0,False,2,1,False,accurate,1,1,False,False,15,False,True,,,,,,,,,,,
3685,25795.0,25804.624999853968,25825.14000715196,0,20.51500729799277,30.140007151960162,25823.0,True,3,2,False,accurate,0,0,False,False,14,False,False,,,,,,,,,,,
3691,25837.0,25837.0,25863.61792114397,1,26.617921143968942,26.617921143970307,25865.0,False,1,0,False,accurate,1,1,False,False,8,False,True,,,,,,,,,,,
3692,25844.0,25844.0,25847.079999160767,0,3.0799991607666017,3.079999160767329,25872.0,False,2,1,False,fast,0,0,False,False,7,False,True,,,,,,,,,,,
3697,25879.0,25879.0,25903.203748022814,0,24.2037480228146,24.20374802281367,25907.0,False,1,0,False,accurate,0,0,False,False,2,True,True,,,,,,,,,,,
3698,25886.0,25886.0,25888.834996795653,1,2.834996795654297,2.8349967956528417,25914.0,False,2,1,False,fast,0,0,False,False,1,True,True,,,,,,,,,,,
3700,25900.0,25900.0,25903.513334913452,1,3.513334913452468,3.513334913452127,25928.0,False,2,1,False,fast,0,0,False,False,99,False,True,,,,,,,,,,,
3701,25907.0,25907.0,25909.972497653962,0,2.9724976539611814,2.9724976539619092,25935.0,False,1,0,False,fast,0,0,False,False,98,False,True,,,,,,,,,,,
3707,25949.0,25949.0,25951.79999923706,1,2.799999237060547,2.799999237060547,25977.0,False,1,0,False,fast,0,0,False,False,92,False,True,,,,,,,,,,,
3708,25956.0,25956.0,25958.79999923706,0,2.799999237060547,2.799999237060547,25984.0,False,1,0,False,fast,0,0,False,False,91,False,True,,,,,,,,,,,
3710,25970.0,25970.0,25973.0,1,3.0,3.0,25998.0,False,1,0,False,fast,0,0,False,False,89,False,True,,,,,,,,,,,
3711,25977.0,25977.0,25979.699996948242,0,2.6999969482421875,2.6999969482421875,26005.0,False,1,0,False,fast,0,0,False,False,88,False,True,,,,,,,,,,,
3713,25991.0,25991.0,25993.699996948242,1,2.6999969482421875,2.6999969482421875,26019.0,False,1,0,False,fast,0,0,False,False,86,False,True,,,,,,,,,,,
3714,25998.0,25998.0,26017.90000152588,0,19.900001525878906,19.900001525878906,26026.0,False,1,0,False,accurate,0,0,False,False,85,False,True,,,,,,,,,,,
3715,26005.0,26005.0,26007.699996948242,1,2.6999969482421875,2.6999969482421875,26033.0,False,2,1,False,fast,0,0,False,False,84,False,True,,,,,,,,,,,
3717,26019.0,26019.0,26021.59999847412,1,2.5999984741210938,2.5999984741210938,26047.0,False,1,0,False,fast,0,0,False,False,82,False,True,,,,,,,,,,,
3718,26026.0,26026.0,26028.70000076294,0,2.700000762939453,2.700000762939453,26054.0,False,1,0,False,fast,0,0,False,False,81,False,True,,,,,,,,,,,
3722,26054.0,26054.0,26056.699996948242,1,2.6999969482421875,2.6999969482421875,26082.0,False,1,0,False,fast,0,0,False,False,77,False,True,,,,,,,,,,,
3723,26061.0,26061.0,26063.79999923706,0,2.799999237060547,2.799999237060547,26089.0,False,1,0,False,fast,0,0,False,False,76,False,True,,,,,,,,,,,
3724,26068.0,26068.0,26070.79999923706,1,2.799999237060547,2.799999237060547,26096.0,False,1,0,False,fast,0,0,False,False,75,False,True,,,,,,,,,,,
3727,26089.0,26089.0,26102.200004577637,0,13.200004577636719,13.200004577636719,26117.0,False,1,0,False,accurate,1,1,False,False,72,False,True,,,,,,,,,,,
3729,26103.0,26103.0,26105.70000076294,1,2.700000762939453,2.700000762939453,26131.0,False,1,0,False,fast,0,0,False,False,70,False,True,,,,,,,,,,,
3731,26117.0,26117.0,26119.70000076294,0,2.700000762939453,2.700000762939453,26145.0,False,1,0,False,fast,0,0,False,False,68,False,True,,,,,,,,,,,
3732,26124.0,26124.0,26126.699996948242,1,2.6999969482421875,2.6999969482421875,26152.0,False,1,0,False,fast,0,0,False,False,67,False,True,,,,,,,,,,,
3735,26145.0,26145.0,26147.699996948242,0,2.6999969482421875,2.6999969482421875,26173.0,False,1,0,False,fast,0,0,False,False,64,False,True,,,,,,,,,,,
3738,26166.0,26166.0,26168.60000228882,1,2.6000022888183594,2.6000022888183594,26194.0,False,1,0,False,fast,0,0,False,False,61,False,True,,,,,,,,,,,
3739,26173.0,26173.0,26175.59999847412,0,2.5999984741210938,2.5999984741210938,26201.0,False,1,0,False,fast,0,0,False,False,60,False,True,,,,,,,,,,,
3740,26180.0,26180.0,26193.10000228882,1,13.10000228881836,13.10000228881836,26208.0,False,1,0,False,accurate,1,1,False,False,59,False,True,,,,,,,,,,,
3742,26194.0,26194.0,26224.89999771118,0,30.89999771118164,30.89999771118164,26222.0,True,1,0,False,accurate,0,0,False,False,57,False,False,,,,,,,,,,,
3748,26236.0,26236.0,26239.70000076294,1,3.700000762939453,3.700000762939453,26264.0,False,1,0,False,fast,0,0,False,False,51,False,True,,,,,,,,,,,
3750,26250.0,26250.0,26263.89999771118,0,13.89999771118164,13.89999771118164,26278.0,False,1,0,False,accurate,1,1,False,False,49,False,True,,,,,,,,,,,
3751,26257.0,26257.0,26270.90000152588,1,13.900001525878906,13.900001525878906,26285.0,False,2,1,False,accurate,1,1,False,False,48,False,True,,,,,,,,,,,
3753,26271.0,26271.0,26273.70000076294,0,2.700000762939453,2.700000762939453,26299.0,False,1,0,False,fast,0,0,False,False,46,False,True,,,,,,,,,,,
3757,26299.0,26299.0,26301.60000228882,1,2.6000022888183594,2.6000022888183594,26327.0,False,1,0,False,fast,0,0,False,False,42,False,True,,,,,,,,,,,
3758,26306.0,26306.0,26308.79999923706,0,2.799999237060547,2.799999237060547,26334.0,False,1,0,False,fast,0,0,False,False,41,False,True,,,,,,,,,,,
3759,26313.0,26313.0,26315.70000076294,1,2.700000762939453,2.700000762939453,26341.0,False,1,0,False,fast,0,0,False,False,40,False,True,,,,,,,,,,,
3761,26327.0,26327.0,26329.60000228882,0,2.6000022888183594,2.6000022888183594,26355.0,False,1,0,False,fast,0,0,False,False,38,False,True,,,,,,,,,,,
3764,26348.0,26348.0,26350.699996948242,1,2.6999969482421875,2.6999969482421875,26376.0,False,1,0,False,fast,0,0,False,False,35,False,True,,,,,,,,,,,
3767,26369.0,26369.0,26371.70000076294,0,2.700000762939453,2.700000762939453,26397.0,False,1,0,False,fast,0,0,False,False,32,False,True,,,,,,,,,,,
3769,26383.0,26383.0,26385.699996948242,1,2.6999969482421875,2.6999969482421875,26411.0,False,1,0,False,fast,0,0,False,False,30,False,True,,,,,,,,,,,
3772,26404.0,26404.0,26406.700004577637,0,2.7000045776367188,2.7000045776367188,26432.0,False,1,0,False,fast,0,0,False,False,27,False,True,,,,,,,,,,,
3775,26425.0,26425.0,26448.89999771118,1,23.89999771118164,23.89999771118164,26453.0,False,1,0,False,accurate,1,1,False,False,24,False,True,,,,,,,,,,,
3776,26432.0,26432.0,26434.70000076294,0,2.700000762939453,2.700000762939453,26460.0,False,2,1,False,fast,0,0,False,False,23,False,True,,,,,,,,,,,
3779,26453.0,26453.0,26456.09999847412,0,3.0999984741210938,3.0999984741210938,26481.0,False,1,0,False,fast,0,0,False,False,20,False,True,,,,,,,,,,,
3780,26460.0,26460.0,26472.10000228882,1,12.10000228881836,12.10000228881836,26488.0,False,1,0,False,accurate,1,1,False,False,19,False,True,,,,,,,,,,,
3781,26467.0,26467.0,26482.000003814697,0,15.000003814697266,15.000003814697266,26495.0,False,2,1,False,accurate,1,1,False,False,18,False,True,,,,,,,,,,,
3782,26474.0,26474.0,26489.999996185303,1,15.999996185302734,15.999996185302734,26502.0,False,2,1,False,accurate,1,1,False,False,17,False,True,,,,,,,,,,,
3783,26481.0,26482.000003814697,26484.800003051758,0,2.799999237060547,3.8000030517578125,26509.0,False,3,2,False,fast,0,0,False,False,16,False,True,,,,,,,,,,,
3784,26488.0,26488.0,26514.699996948242,0,26.699996948242188,26.699996948242188,26516.0,False,2,1,False,accurate,0,0,False,False,15,False,True,,,,,,,,,,,
3789,26523.0,26523.0,26525.79999923706,1,2.799999237060547,2.799999237060547,26551.0,False,1,0,False,fast,0,0,False,False,10,False,True,,,,,,,,,,,
3793,26551.0,26551.0,26553.699996948242,0,2.6999969482421875,2.6999969482421875,26579.0,False,1,0,False,fast,0,0,False,False,6,False,True,,,,,,,,,,,
3794,26558.0,26558.0,26560.70000076294,1,2.700000762939453,2.700000762939453,26586.0,False,1,0,False,fast,0,0,False,False,5,False,True,,,,,,,,,,,
3795,26565.0,26565.0,26567.699996948242,0,2.6999969482421875,2.6999969482421875,26593.0,False,1,0,False,fast,0,0,False,False,4,False,True,,,,,,,,,,,
3799,26593.0,26593.0,26595.700004577637,1,2.7000045776367188,2.7000045776367188,26621.0,False,1,0,False,fast,0,0,False,True,0,True,True,,,,,,,,,,,
3801,26607.0,26607.0,26609.60000228882,0,2.6000022888183594,2.6000022888183594,26635.0,False,1,0,False,fast,0,0,False,False,98,False,True,,,,,,,,,,,
3803,26621.0,26621.0,26632.5,1,11.5,11.5,26649.0,False,1,0,False,accurate,1,1,False,False,96,False,True,,,,,,,,,,,
3804,26628.0,26628.0,26630.70000076294,0,2.700000762939453,2.700000762939453,26656.0,False,2,1,False,fast,0,0,False,False,95,False,True,,,,,,,,,,,
3811,26677.0,26677.0,26679.60000228882,0,2.6000022888183594,2.6000022888183594,26705.0,False,1,0,False,fast,0,0,False,False,88,False,True,,,,,,,,,,,
3812,26684.0,26684.0,26696.199996948242,1,12.199996948242188,12.199996948242188,26712.0,False,1,0,False,accurate,1,1,False,False,87,False,True,,,,,,,,,,,
3815,26705.0,26705.0,26720.60000228882,0,15.60000228881836,15.60000228881836,26733.0,False,1,0,False,accurate,1,1,False,False,84,False,True,,,,,,,,,,,
3817,26719.0,26719.0,26721.59999847412,1,2.5999984741210938,2.5999984741210938,26747.0,False,2,1,False,fast,0,0,False,False,82,False,True,,,,,,,,,,,
3820,26740.0,26740.0,26742.800003051758,0,2.8000030517578125,2.8000030517578125,26768.0,False,1,0,False,fast,0,0,False,False,79,False,True,,,,,,,,,,,
3825,26775.0,26775.0,26793.999996185303,1,18.999996185302734,18.999996185302734,26803.0,False,1,0,False,accurate,1,1,False,False,74,False,True,,,,,,,,,,,
3833,26831.0,26831.0,26834.699996948242,0,3.6999969482421875,3.6999969482421875,26859.0,False,1,0,False,fast,0,0,False,False,66,False,True,,,,,,,,,,,
3843,26901.0,26901.0,26904.760005378725,1,3.760005378723145,3.7600053787245997,26929.0,False,1,0,False,fast,0,0,False,False,56,False,True,,,,,,,,,,,
3848,26936.0,26936.0,26955.799994592864,0,19.799994592865254,19.799994592864095,26964.0,False,1,0,False,accurate,0,0,False,False,51,False,True,,,,,,,,,,,
3856,26992.0,26992.0,26994.773327641884,1,2.7733276418844754,2.7733276418839523,27020.0,False,1,0,False,fast,0,0,False,False,43,False,True,,,,,,,,,,,
3859,27013.0,27013.0,27015.812500792046,0,2.812500792046387,2.812500792046194,27041.0,False,1,0,False,fast,0,0,False,False,40,False,True,,,,,,,,,,,
3861,27027.0,27027.0,27029.869999217986,1,2.8699992179870604,2.869999217986333,27055.0,False,1,0,False,fast,0,0,False,False,38,False,True,,,,,,,,,,,
3862,27034.0,27034.0,27036.745004655273,0,2.7450046552717704,2.7450046552730782,27062.0,False,1,0,False,fast,0,0,False,False,37,False,True,,,,,,,,,,,
3863,27041.0,27041.0,27043.621665128718,1,2.621665128717819,2.621665128717723,27069.0,False,1,0,False,fast,0,0,False,False,36,False,True,,,,,,,,,,,
3864,27048.0,27048.0,27050.59999847412,0,2.5999984741210938,2.5999984741210938,27076.0,False,1,0,False,fast,0,0,False,False,35,False,True,,,,,,,,,,,
3870,27090.0,27090.0,27092.79999923706,1,2.799999237060547,2.799999237060547,27118.0,False,1,0,False,fast,0,0,False,False,29,False,True,,,,,,,,,,,
3871,27097.0,27097.0,27099.70000076294,0,2.700000762939453,2.700000762939453,27125.0,False,1,0,False,fast,0,0,False,False,28,False,True,,,,,,,,,,,
3876,27132.0,27132.0,27147.59999847412,1,15.599998474121094,15.599998474121094,27160.0,False,1,0,False,accurate,1,1,False,False,23,False,True,,,,,,,,,,,
3889,27223.0,27223.0,27225.70000076294,0,2.700000762939453,2.700000762939453,27251.0,False,1,0,False,fast,0,0,False,False,10,False,True,,,,,,,,,,,
3891,27237.0,27237.0,27253.29999923706,1,16.299999237060547,16.299999237060547,27265.0,False,1,0,False,accurate,1,1,False,False,8,False,True,,,,,,,,,,,
3901,27307.0,27307.0,27321.79999923706,0,14.799999237060547,14.799999237060547,27335.0,False,1,0,False,accurate,1,1,False,False,98,False,True,,,,,,,,,,,
3908,27356.0,27356.0,27358.59999847412,1,2.5999984741210938,2.5999984741210938,27384.0,False,1,0,False,fast,0,0,False,False,91,False,True,,,,,,,,,,,
3912,27384.0,27384.0,27386.699996948242,0,2.6999969482421875,2.6999969482421875,27412.0,False,1,0,False,fast,0,0,False,False,87,False,True,,,,,,,,,,,
3914,27398.0,27398.0,27400.59999847412,1,2.5999984741210938,2.5999984741210938,27426.0,False,1,0,False,fast,0,0,False,False,85,False,True,,,,,,,,,,,
3917,27419.0,27419.0,27431.79999923706,0,12.799999237060547,12.799999237060547,27447.0,False,1,0,False,accurate,1,1,False,False,82,False,True,,,,,,,,,,,
3919,27433.0,27433.0,27435.70000076294,1,2.700000762939453,2.700000762939453,27461.0,False,1,0,False,fast,0,0,False,False,80,False,True,,,,,,,,,,,
3920,27440.0,27440.0,27442.70000076294,0,2.700000762939453,2.700000762939453,27468.0,False,1,0,False,fast,0,0,False,False,79,False,True,,,,,,,,,,,
3922,27454.0,27454.0,27456.70000076294,1,2.700000762939453,2.700000762939453,27482.0,False,1,0,False,fast,0,0,False,False,77,False,True,,,,,,,,,,,
3924,27468.0,27468.0,27480.499996185303,0,12.499996185302734,12.499996185302734,27496.0,False,1,0,False,accurate,1,1,False,False,75,False,True,,,,,,,,,,,
3933,27531.0,27531.0,27533.79999923706,1,2.799999237060547,2.799999237060547,27559.0,False,1,0,False,fast,0,0,False,False,66,False,True,,,,,,,,,,,
3936,27552.0,27552.0,27568.89999771118,0,16.89999771118164,16.89999771118164,27580.0,False,1,0,False,accurate,1,1,False,False,63,False,True,,,,,,,,,,,
3939,27573.0,27573.0,27575.59999847412,1,2.5999984741210938,2.5999984741210938,27601.0,False,1,0,False,fast,0,0,False,False,60,False,True,,,,,,,,,,,
3941,27587.0,27587.0,27603.29999923706,0,16.299999237060547,16.299999237060547,27615.0,False,1,0,False,accurate,1,1,False,False,58,False,True,,,,,,,,,,,
3944,27608.0,27608.0,27620.10000228882,1,12.10000228881836,12.10000228881836,27636.0,False,1,0,False,accurate,1,1,False,False,55,False,True,,,,,,,,,,,
3945,27615.0,27615.0,27630.20000076294,0,15.200000762939453,15.200000762939453,27643.0,False,2,1,False,accurate,1,1,False,False,54,False,True,,,,,,,,,,,
3947,27629.0,27629.0,27631.70000076294,1,2.700000762939453,2.700000762939453,27657.0,False,2,1,False,fast,0,0,False,False,52,False,True,,,,,,,,,,,
3948,27636.0,27636.0,27638.60000228882,0,2.6000022888183594,2.6000022888183594,27664.0,False,1,0,False,fast,0,0,False,False,51,False,True,,,,,,,,,,,
3951,27657.0,27657.0,27659.60000228882,1,2.6000022888183594,2.6000022888183594,27685.0,False,1,0,False,fast,0,0,False,False,48,False,True,,,,,,,,,,,
3954,27678.0,27678.0,27680.79999923706,0,2.799999237060547,2.799999237060547,27706.0,False,1,0,False,fast,0,0,False,False,45,False,True,,,,,,,,,,,
3956,27692.0,27692.0,27694.79999923706,1,2.799999237060547,2.799999237060547,27720.0,False,1,0,False,fast,0,0,False,False,43,False,True,,,,,,,,,,,
3959,27713.0,27713.0,27727.200004577637,0,14.200004577636719,14.200004577636719,27741.0,False,1,0,False,accurate,1,1,False,False,40,False,True,,,,,,,,,,,
3960,27720.0,27720.0,27722.60000228882,1,2.6000022888183594,2.6000022888183594,27748.0,False,2,1,False,fast,0,0,False,False,39,False,True,,,,,,,,,,,
3962,27734.0,27734.0,27736.90000152588,1,2.9000015258789062,2.9000015258789062,27762.0,False,1,0,False,fast,0,0,False,False,37,False,True,,,,,,,,,,,
3964,27748.0,27748.0,27750.60000228882,0,2.6000022888183594,2.6000022888183594,27776.0,False,1,0,False,fast,0,0,False,False,35,False,True,,,,,,,,,,,
3965,27755.0,27755.0,27757.90000152588,1,2.9000015258789062,2.9000015258789062,27783.0,False,1,0,False,fast,0,0,False,False,34,False,True,,,,,,,,,,,
3966,27762.0,27762.0,27764.59999847412,0,2.5999984741210938,2.5999984741210938,27790.0,False,1,0,False,fast,0,0,False,False,33,False,True,,,,,,,,,,,
3969,27783.0,27783.0,27802.900005340576,1,19.900005340576172,19.900005340576172,27811.0,False,1,0,False,accurate,0,0,False,False,30,False,True,,,,,,,,,,,
3970,27790.0,27790.0,27792.699996948242,0,2.6999969482421875,2.6999969482421875,27818.0,False,2,1,False,fast,0,0,False,False,29,False,True,,,,,,,,,,,
3973,27811.0,27811.0,27813.70000076294,0,2.700000762939453,2.700000762939453,27839.0,False,1,0,False,fast,0,0,False,False,26,False,True,,,,,,,,,,,
3976,27832.0,27832.0,27855.09999847412,1,23.099998474121094,23.099998474121094,27860.0,False,1,0,False,accurate,1,1,False,False,23,False,True,,,,,,,,,,,
3978,27846.0,27846.0,27848.800003051758,0,2.8000030517578125,2.8000030517578125,27874.0,False,2,1,False,fast,0,0,False,False,21,False,True,,,,,,,,,,,
3981,27867.0,27867.0,27879.5,0,12.5,12.5,27895.0,False,1,0,False,accurate,1,1,False,False,18,False,True,,,,,,,,,,,
3983,27881.0,27881.0,27883.70000076294,1,2.700000762939453,2.700000762939453,27909.0,False,1,0,False,fast,0,0,False,False,16,False,True,,,,,,,,,,,
3985,27895.0,27895.0,27897.79999923706,0,2.799999237060547,2.799999237060547,27923.0,False,1,0,False,fast,0,0,False,False,14,False,True,,,,,,,,,,,
3987,27909.0,27909.0,27922.09999847412,1,13.099998474121094,13.099998474121094,27937.0,False,1,0,False,accurate,1,1,False,False,12,False,True,,,,,,,,,,,
3989,27923.0,27923.0,27926.099994659424,0,3.099994659423828,3.099994659423828,27951.0,False,1,0,False,fast,0,0,False,False,10,False,True,,,,,,,,,,,
3994,27958.0,27958.0,27960.60000228882,1,2.6000022888183594,2.6000022888183594,27986.0,False,1,0,False,fast,0,0,False,False,5,False,True,,,,,,,,,,,
3996,27972.0,27972.0,27974.70000076294,0,2.700000762939453,2.700000762939453,28000.0,False,1,0,False,fast,0,0,False,False,3,False,True,,,,,,,,,,,
3998,27986.0,27986.0,27988.79999923706,1,2.799999237060547,2.799999237060547,28014.0,False,1,0,False,fast,0,0,False,False,1,True,True,,,,,,,,,,,
4000,28000.0,28000.0,28038.42000389099,0,38.42000389099121,38.42000389099121,28028.0,True,1,0,False,accurate,0,0,False,False,99,False,False,,,,,,,,,,,
4002,28014.0,28014.0,28034.52083976964,1,20.52083976964161,20.520839769640588,28042.0,False,2,1,False,accurate,0,0,False,False,97,False,True,,,,,,,,,,,
4003,28021.0,28034.52083976964,28054.51584223012,1,19.995002460479736,33.51584223012105,28049.0,True,3,2,False,accurate,1,1,False,False,96,False,False,,,,,,,,,,,
4008,28056.0,28056.0,28085.186663586497,0,29.186663586497275,29.18666358649716,28084.0,True,1,0,False,accurate,0,0,False,False,91,False,False,,,,,,,,,,,
4010,28070.0,28070.0,28092.674164293807,1,22.67416429380578,22.674164293806825,28098.0,False,2,1,False,accurate,0,0,False,False,89,False,True,,,,,,,,,,,
4011,28077.0,28085.186663586497,28105.184585715928,0,19.997922129432414,28.184585715927824,28105.0,True,3,2,False,accurate,1,1,False,False,88,False,False,,,,,,,,,,,
4013,28091.0,28092.674164293807,28114.203746732772,1,21.529582438965633,23.203746732771833,28119.0,False,3,2,False,accurate,1,1,False,False,86,False,True,,,,,,,,,,,
4014,28098.0,28105.184585715928,28123.267918951908,0,18.08333323597908,25.26791895190763,28126.0,False,3,2,False,accurate,1,1,False,False,85,False,True,,,,,,,,,,,
4015,28105.0,28114.203746732772,28130.363750585617,1,16.160003852844238,25.3637505856168,28133.0,False,4,3,False,accurate,1,1,False,False,84,False,True,,,,,,,,,,,
4017,28119.0,28123.267918951908,28126.125415716768,0,2.8574967648585696,7.125415716767748,28147.0,False,3,2,False,fast,0,0,False,False,82,False,True,,,,,,,,,,,
4018,28126.0,28126.125415716768,28128.960416517853,0,2.835000801086426,2.960416517853446,28154.0,False,3,2,False,fast,0,0,False,False,81,False,True,,,,,,,,,,,
4022,28154.0,28154.0,28157.15166899517,0,3.1516689951717862,3.151668995171349,28182.0,False,1,0,False,fast,0,0,False,False,77,False,True,,,,,,,,,,,
4023,28161.0,28161.0,28163.621668975204,1,2.62166897520423,2.6216689752036473,28189.0,False,1,0,False,fast,0,0,False,False,76,False,True,,,,,,,,,,,
4025,28175.0,28175.0,28177.60000228882,0,2.6000022888183594,2.6000022888183594,28203.0,False,1,0,False,fast,0,0,False,False,74,False,True,,,,,,,,,,,
4026,28182.0,28182.0,28193.300003051758,1,11.300003051757812,11.300003051757812,28210.0,False,1,0,False,accurate,1,1,False,False,73,False,True,,,,,,,,,,,
4027,28189.0,28189.0,28191.60000228882,0,2.6000022888183594,2.6000022888183594,28217.0,False,2,1,False,fast,0,0,False,False,72,False,True,,,,,,,,,,,
4030,28210.0,28210.0,28225.199996948242,0,15.199996948242188,15.199996948242188,28238.0,False,1,0,False,accurate,1,1,False,False,69,False,True,,,,,,,,,,,
4032,28224.0,28224.0,28239.70000076294,1,15.700000762939453,15.700000762939453,28252.0,False,2,1,False,accurate,1,1,False,False,67,False,True,,,,,,,,,,,
4035,28245.0,28245.0,28247.59999847412,0,2.5999984741210938,2.5999984741210938,28273.0,False,1,0,False,fast,0,0,False,False,64,False,True,,,,,,,,,,,
4037,28259.0,28259.0,28261.59999847412,1,2.5999984741210938,2.5999984741210938,28287.0,False,1,0,False,fast,0,0,False,False,62,False,True,,,,,,,,,,,
4039,28273.0,28273.0,28285.89999771118,0,12.89999771118164,12.89999771118164,28301.0,False,1,0,False,accurate,1,1,False,False,60,False,True,,,,,,,,,,,
4044,28308.0,28308.0,28310.70000076294,1,2.700000762939453,2.700000762939453,28336.0,False,1,0,False,fast,0,0,False,False,55,False,True,,,,,,,,,,,
4046,28322.0,28322.0,28347.40000152588,0,25.400001525878906,25.400001525878906,28350.0,False,1,0,False,accurate,1,1,False,False,53,False,True,,,,,,,,,,,
4047,28329.0,28329.0,28331.60000228882,1,2.6000022888183594,2.6000022888183594,28357.0,False,2,1,False,fast,0,0,False,False,52,False,True,,,,,,,,,,,
4051,28357.0,28357.0,28359.59999847412,1,2.5999984741210938,2.5999984741210938,28385.0,False,1,0,False,fast,0,0,False,False,48,False,True,,,,,,,,,,,
4059,28413.0,28413.0,28424.799995422363,0,11.799995422363281,11.799995422363281,28441.0,False,1,0,False,accurate,1,1,False,False,40,False,True,,,,,,,,,,,
4064,28448.0,28448.0,28464.0,1,16.0,16.0,28476.0,False,1,0,False,accurate,1,1,False,False,35,False,True,,,,,,,,,,,
4065,28455.0,28455.0,28457.70000076294,0,2.700000762939453,2.700000762939453,28483.0,False,2,1,False,fast,0,0,False,False,34,False,True,,,,,,,,,,,
4067,28469.0,28469.0,28483.300003051758,0,14.300003051757812,14.300003051757812,28497.0,False,1,0,False,accurate,1,1,False,False,32,False,True,,,,,,,,,,,
4068,28476.0,28476.0,28487.29999923706,1,11.299999237060547,11.299999237060547,28504.0,False,2,1,False,accurate,1,1,False,False,31,False,True,,,,,,,,,,,
4072,28504.0,28504.0,28506.700004577637,0,2.7000045776367188,2.7000045776367188,28532.0,False,1,0,False,fast,0,0,False,False,27,False,True,,,,,,,,,,,
4075,28525.0,28525.0,28527.59999847412,1,2.5999984741210938,2.5999984741210938,28553.0,False,1,0,False,fast,0,0,False,False,24,False,True,,,,,,,,,,,
4077,28539.0,28539.0,28557.20000076294,0,18.200000762939453,18.200000762939453,28567.0,False,1,0,False,accurate,1,1,False,False,22,False,True,,,,,,,,,,,
4083,28581.0,28581.0,28597.500003814697,1,16.500003814697266,16.500003814697266,28609.0,False,1,0,False,accurate,1,1,False,False,16,False,True,,,,,,,,,,,
4084,28588.0,28588.0,28590.59999847412,0,2.5999984741210938,2.5999984741210938,28616.0,False,2,1,False,fast,0,0,False,False,15,False,True,,,,,,,,,,,
4087,28609.0,28609.0,28611.60000228882,0,2.6000022888183594,2.6000022888183594,28637.0,False,1,0,False,fast,0,0,False,False,12,False,True,,,,,,,,,,,
4091,28637.0,28637.0,28639.5,1,2.5,2.5,28665.0,False,1,0,False,fast,0,0,False,False,8,False,True,,,,,,,,,,,
4094,28658.0,28658.0,28660.59999847412,0,2.5999984741210938,2.5999984741210938,28686.0,False,1,0,False,fast,0,0,False,False,5,False,True,,,,,,,,,,,
4096,28672.0,28672.0,28674.59999847412,1,2.5999984741210938,2.5999984741210938,28700.0,False,1,0,False,fast,0,0,False,False,3,False,True,,,,,,,,,,,
4098,28686.0,28686.0,28688.599994659424,0,2.599994659423828,2.599994659423828,28714.0,False,1,0,False,fast,0,0,False,False,1,True,True,,,,,,,,,,,
4099,28693.0,28693.0,28695.59999847412,1,2.5999984741210938,2.5999984741210938,28721.0,False,1,0,False,fast,0,0,False,True,0,True,True,,,,,,,,,,,
4101,28707.0,28707.0,28709.59999847412,0,2.5999984741210938,2.5999984741210938,28735.0,False,1,0,False,fast,0,0,False,False,98,False,True,,,,,,,,,,,
4103,28721.0,28721.0,28738.09999847412,1,17.099998474121094,17.099998474121094,28749.0,False,1,0,False,accurate,1,0,True,False,96,False,True,,,,,,,,,,,
4106,28742.0,28742.0,28744.700004577637,0,2.7000045776367188,2.7000045776367188,28770.0,False,1,0,False,fast,0,0,False,False,93,False,True,,,,,,,,,,,
4114,28798.0,28798.0,28800.60000228882,1,2.6000022888183594,2.6000022888183594,28826.0,False,1,0,False,fast,0,0,False,False,85,False,True,,,,,,,,,,,
4115,28805.0,28805.0,28827.39999771118,0,22.39999771118164,22.39999771118164,28833.0,False,1,0,False,accurate,0,0,False,False,84,False,True,,,,,,,,,,,
4116,28812.0,28812.0,28826.70000076294,1,14.700000762939453,14.700000762939453,28840.0,False,2,1,False,accurate,1,1,False,False,83,False,True,,,,,,,,,,,
4118,28826.0,28826.70000076294,28829.299995422363,1,2.599994659423828,3.2999954223632812,28854.0,False,3,2,False,fast,0,0,False,False,81,False,True,,,,,,,,,,,
4121,28847.0,28847.0,28849.70000076294,0,2.700000762939453,2.700000762939453,28875.0,False,1,0,False,fast,0,0,False,False,78,False,True,,,,,,,,,,,
4122,28854.0,28854.0,28856.70000076294,1,2.700000762939453,2.700000762939453,28882.0,False,1,0,False,fast,0,0,False,False,77,False,True,,,,,,,,,,,
4123,28861.0,28861.0,28863.60000228882,0,2.6000022888183594,2.6000022888183594,28889.0,False,1,0,False,fast,0,0,False,False,76,False,True,,,,,,,,,,,
4124,28868.0,28868.0,28884.40000152588,1,16.400001525878906,16.400001525878906,28896.0,False,1,0,False,accurate,1,1,False,False,75,False,True,,,,,,,,,,,
4125,28875.0,28875.0,28877.800003051758,0,2.8000030517578125,2.8000030517578125,28903.0,False,2,1,False,fast,0,0,False,False,74,False,True,,,,,,,,,,,
4126,28882.0,28882.0,28884.60000228882,0,2.6000022888183594,2.6000022888183594,28910.0,False,2,1,False,fast,0,0,False,False,73,False,True,,,,,,,,,,,
4128,28896.0,28896.0,28907.70000076294,1,11.700000762939453,11.700000762939453,28924.0,False,1,0,False,accurate,1,1,False,False,71,False,True,,,,,,,,,,,
4129,28903.0,28903.0,28905.70000076294,0,2.700000762939453,2.700000762939453,28931.0,False,2,1,False,fast,0,0,False,False,70,False,True,,,,,,,,,,,
4130,28910.0,28910.0,28912.70000076294,0,2.700000762939453,2.700000762939453,28938.0,False,1,0,False,fast,0,0,False,False,69,False,True,,,,,,,,,,,
4133,28931.0,28931.0,28935.09999847412,1,4.099998474121094,4.099998474121094,28959.0,False,1,0,False,fast,0,0,False,False,66,False,True,,,,,,,,,,,
4134,28938.0,28938.0,28942.90000152588,0,4.900001525878906,4.900001525878906,28966.0,False,1,0,False,fast,0,0,False,False,65,False,True,,,,,,,,,,,
4136,28952.0,28952.0,28954.70000076294,1,2.700000762939453,2.700000762939453,28980.0,False,1,0,False,fast,0,0,False,False,63,False,True,,,,,,,,,,,
4138,28966.0,28966.0,28982.699996948242,0,16.699996948242188,16.699996948242188,28994.0,False,1,0,False,accurate,1,1,False,False,61,False,True,,,,,,,,,,,
4139,28973.0,28973.0,28975.70000076294,1,2.700000762939453,2.700000762939453,29001.0,False,2,1,False,fast,0,0,False,False,60,False,True,,,,,,,,,,,
4143,29001.0,29001.0,29003.70000076294,1,2.700000762939453,2.700000762939453,29029.0,False,1,0,False,fast,0,0,False,False,56,False,True,,,,,,,,,,,
4145,29015.0,29015.0,29017.59999847412,0,2.5999984741210938,2.5999984741210938,29043.0,False,1,0,False,fast,0,0,False,False,54,False,True,,,,,,,,,,,
4147,29029.0,29029.0,29031.79999923706,1,2.799999237060547,2.799999237060547,29057.0,False,1,0,False,fast,0,0,False,False,52,False,True,,,,,,,,,,,
4148,29036.0,29036.0,29053.39999771118,0,17.39999771118164,17.39999771118164,29064.0,False,1,0,False,accurate,1,1,False,False,51,False,True,,,,,,,,,,,
4152,29064.0,29064.0,29082.20000076294,1,18.200000762939453,18.200000762939453,29092.0,False,1,0,False,accurate,1,1,False,False,47,False,True,,,,,,,,,,,
4153,29071.0,29071.0,29073.60000228882,0,2.6000022888183594,2.6000022888183594,29099.0,False,2,1,False,fast,0,0,False,False,46,False,True,,,,,,,,,,,
4158,29106.0,29106.0,29108.70000076294,0,2.700000762939453,2.700000762939453,29134.0,False,1,0,False,fast,0,0,False,False,41,False,True,,,,,,,,,,,
4160,29120.0,29120.0,29142.100006484987,1,22.10000648498535,22.100006484986807,29148.0,False,1,0,False,accurate,0,0,False,False,39,False,True,,,,,,,,,,,
4162,29134.0,29134.0,29157.96832476894,0,23.968324768940533,23.968324768939056,29162.0,False,2,1,False,accurate,1,1,False,False,37,False,True,,,,,,,,,,,
4167,29169.0,29169.0,29171.968335936068,1,2.9683359360694794,2.968335936067888,29197.0,False,1,0,False,fast,0,0,False,False,32,False,True,,,,,,,,,,,
4168,29176.0,29176.0,29199.760006939174,0,23.760006939172808,23.760006939173763,29204.0,False,1,0,False,accurate,1,1,False,False,31,False,True,,,,,,,,,,,
4170,29190.0,29190.0,29192.903331619105,1,2.903331619103756,2.903331619105302,29218.0,False,2,1,False,fast,0,0,False,False,29,False,True,,,,,,,,,,,
4171,29197.0,29197.0,29216.44624809166,1,19.446248091657935,19.446248091659072,29225.0,False,2,1,False,accurate,0,0,False,False,28,False,True,,,,,,,,,,,
4172,29204.0,29204.0,29206.85999832153,0,2.859998321533203,2.859998321531748,29232.0,False,2,1,False,fast,0,0,False,False,27,False,True,,,,,,,,,,,
4173,29211.0,29211.0,29227.246249077816,0,16.2462490778168,16.246249077816174,29239.0,False,2,1,False,accurate,1,1,False,False,26,False,True,,,,,,,,,,,
4175,29225.0,29225.0,29227.90249671936,1,2.9024967193603515,2.9024967193618068,29253.0,False,2,1,False,fast,0,0,False,False,24,False,True,,,,,,,,,,,
4180,29260.0,29260.0,29262.686665092508,0,2.686665092507997,2.68666509250761,29288.0,False,1,0,False,fast,0,0,False,False,19,False,True,,,,,,,,,,,
4183,29281.0,29281.0,29283.621665128718,1,2.621665128717819,2.621665128717723,29309.0,False,1,0,False,fast,0,0,False,False,16,False,True,,,,,,,,,,,
4184,29288.0,29288.0,29300.5,0,12.5,12.5,29316.0,False,1,0,False,accurate,1,1,False,False,15,False,True,,,,,,,,,,,
4190,29330.0,29330.0,29341.5,1,11.5,11.5,29358.0,False,1,0,False,accurate,1,1,False,False,9,False,True,,,,,,,,,,,
4192,29344.0,29344.0,29355.0,0,11.0,11.0,29372.0,False,1,0,False,accurate,1,1,False,False,7,False,True,,,,,,,,,,,
4193,29351.0,29351.0,29364.699996948242,1,13.699996948242188,13.699996948242188,29379.0,False,2,1,False,accurate,1,1,False,False,6,False,True,,,,,,,,,,,
4196,29372.0,29372.0,29374.700004577637,0,2.7000045776367188,2.7000045776367188,29400.0,False,1,0,False,fast,0,0,False,False,3,False,True,,,,,,,,,,,
4199,29393.0,29393.0,29395.699996948242,1,2.6999969482421875,2.6999969482421875,29421.0,False,1,0,False,fast,0,0,False,True,0,True,True,,,,,,,,,,,
4203,29421.0,29421.0,29437.70000076294,0,16.700000762939453,16.700000762939453,29449.0,False,1,0,False,accurate,1,1,False,False,96,False,True,,,,,,,,,,,
4212,29484.0,29484.0,29496.79999923706,1,12.799999237060547,12.799999237060547,29512.0,False,1,0,False,accurate,1,1,False,False,87,False,True,,,,,,,,,,,
4214,29498.0,29498.0,29501.40000152588,0,3.4000015258789062,3.4000015258789062,29526.0,False,1,0,False,fast,0,0,False,False,85,False,True,,,,,,,,,,,
4215,29505.0,29505.0,29508.999996185303,1,3.9999961853027344,3.9999961853027344,29533.0,False,1,0,False,fast,0,0,False,False,84,False,True,,,,,,,,,,,
4217,29519.0,29519.0,29521.800003051758,0,2.8000030517578125,2.8000030517578125,29547.0,False,1,0,False,fast,0,0,False,False,82,False,True,,,,,,,,,,,
4223,29561.0,29561.0,29574.39999771118,1,13.39999771118164,13.39999771118164,29589.0,False,1,0,False,accurate,1,1,False,False,76,False,True,,,,,,,,,,,
4226,29582.0,29582.0,29584.89999771118,0,2.8999977111816406,2.8999977111816406,29610.0,False,1,0,False,fast,0,0,False,False,73,False,True,,,,,,,,,,,
4227,29589.0,29589.0,29591.70000076294,1,2.700000762939453,2.700000762939453,29617.0,False,1,0,False,fast,0,0,False,False,72,False,True,,,,,,,,,,,
4229,29603.0,29603.0,29605.59999847412,0,2.5999984741210938,2.5999984741210938,29631.0,False,1,0,False,fast,0,0,False,False,70,False,True,,,,,,,,,,,
4232,29624.0,29624.0,29626.699996948242,1,2.6999969482421875,2.6999969482421875,29652.0,False,1,0,False,fast,0,0,False,False,67,False,True,,,,,,,,,,,
4235,29645.0,29645.0,29647.60000228882,0,2.6000022888183594,2.6000022888183594,29673.0,False,1,0,False,fast,0,0,False,False,64,False,True,,,,,,,,,,,
4236,29652.0,29652.0,29654.699996948242,1,2.6999969482421875,2.6999969482421875,29680.0,False,1,0,False,fast,0,0,False,False,63,False,True,,,,,,,,,,,
4238,29666.0,29666.0,29668.59999847412,0,2.5999984741210938,2.5999984741210938,29694.0,False,1,0,False,fast,0,0,False,False,61,False,True,,,,,,,,,,,
4240,29680.0,29680.0,29694.40000152588,1,14.400001525878906,14.400001525878906,29708.0,False,1,0,False,accurate,1,1,False,False,59,False,True,,,,,,,,,,,
4244,29708.0,29708.0,29731.10000228882,0,23.10000228881836,23.10000228881836,29736.0,False,1,0,False,accurate,1,1,False,False,55,False,True,,,,,,,,,,,
4245,29715.0,29715.0,29728.90000152588,1,13.900001525878906,13.900001525878906,29743.0,False,2,1,False,accurate,1,1,False,False,54,False,True,,,,,,,,,,,
4246,29722.0,29728.90000152588,29731.70000076294,1,2.799999237060547,9.700000762939453,29750.0,False,3,2,False,fast,0,0,False,False,53,False,True,,,,,,,,,,,
4248,29736.0,29736.0,29748.10000228882,0,12.10000228881836,12.10000228881836,29764.0,False,1,0,False,accurate,1,1,False,False,51,False,True,,,,,,,,,,,
4249,29743.0,29743.0,29745.70000076294,1,2.700000762939453,2.700000762939453,29771.0,False,2,1,False,fast,0,0,False,False,50,False,True,,,,,,,,,,,
4252,29764.0,29764.0,29766.60000228882,1,2.6000022888183594,2.6000022888183594,29792.0,False,1,0,False,fast,0,0,False,False,47,False,True,,,,,,,,,,,
4254,29778.0,29778.0,29780.70000076294,0,2.700000762939453,2.700000762939453,29806.0,False,1,0,False,fast,0,0,False,False,45,False,True,,,,,,,,,,,
4255,29785.0,29785.0,29787.70000076294,1,2.700000762939453,2.700000762939453,29813.0,False,1,0,False,fast,0,0,False,False,44,False,True,,,,,,,,,,,
4257,29799.0,29799.0,29801.79999923706,0,2.799999237060547,2.799999237060547,29827.0,False,1,0,False,fast,0,0,False,False,42,False,True,,,,,,,,,,,
4260,29820.0,29820.0,29823.20000076294,1,3.200000762939453,3.200000762939453,29848.0,False,1,0,False,fast,0,0,False,False,39,False,True,,,,,,,,,,,
4263,29841.0,29841.0,29857.90000152588,0,16.900001525878906,16.900001525878906,29869.0,False,1,0,False,accurate,1,1,False,False,36,False,True,,,,,,,,,,,
4264,29848.0,29848.0,29860.79999923706,1,12.799999237060547,12.799999237060547,29876.0,False,2,1,False,accurate,1,1,False,False,35,False,True,,,,,,,,,,,
4266,29862.0,29862.0,29864.79999923706,0,2.799999237060547,2.799999237060547,29890.0,False,1,0,False,fast,0,0,False,False,33,False,True,,,,,,,,,,,
4267,29869.0,29869.0,29871.60000228882,1,2.6000022888183594,2.6000022888183594,29897.0,False,1,0,False,fast,0,0,False,False,32,False,True,,,,,,,,,,,
4268,29876.0,29876.0,29891.700004577637,0,15.700004577636719,15.700004577636719,29904.0,False,1,0,False,accurate,1,1,False,False,31,False,True,,,,,,,,,,,
4269,29883.0,29883.0,29897.39999771118,1,14.39999771118164,14.39999771118164,29911.0,False,2,1,False,accurate,1,1,False,False,30,False,True,,,,,,,,,,,
4277,29939.0,29939.0,29941.800003051758,0,2.8000030517578125,2.8000030517578125,29967.0,False,1,0,False,fast,0,0,False,False,22,False,True,,,,,,,,,,,
4279,29953.0,29953.0,29955.70000076294,1,2.700000762939453,2.700000762939453,29981.0,False,1,0,False,fast,0,0,False,False,20,False,True,,,,,,,,,,,
4280,29960.0,29960.0,29978.79999923706,0,18.799999237060547,18.799999237060547,29988.0,False,1,0,False,accurate,1,1,False,False,19,False,True,,,,,,,,,,,
4281,29967.0,29967.0,29969.59999847412,1,2.5999984741210938,2.5999984741210938,29995.0,False,2,1,False,fast,0,0,False,False,18,False,True,,,,,,,,,,,
4282,29974.0,29974.0,29976.70000076294,1,2.700000762939453,2.700000762939453,30002.0,False,2,1,False,fast,0,0,False,False,17,False,True,,,,,,,,,,,
4289,30023.0,30023.0,30025.70000076294,1,2.700000762939453,2.700000762939453,30051.0,False,1,0,False,fast,0,0,False,False,10,False,True,,,,,,,,,,,
4290,30030.0,30030.0,30032.70000076294,0,2.700000762939453,2.700000762939453,30058.0,False,1,0,False,fast,0,0,False,False,9,False,True,,,,,,,,,,,
4295,30065.0,30065.0,30067.79999923706,1,2.799999237060547,2.799999237060547,30093.0,False,1,0,False,fast,0,0,False,False,4,False,True,,,,,,,,,,,
4297,30079.0,30079.0,30081.70000076294,0,2.700000762939453,2.700000762939453,30107.0,False,1,0,False,fast,0,0,False,False,2,True,True,,,,,,,,,,,
4298,30086.0,30086.0,30101.70000076294,1,15.700000762939453,15.700000762939453,30114.0,False,1,0,False,accurate,1,1,False,False,1,True,True,,,,,,,,,,,
4300,30100.0,30100.0,30102.79999923706,0,2.799999237060547,2.799999237060547,30128.0,False,2,1,False,fast,0,0,False,False,99,False,True,,,,,,,,,,,
4306,30142.0,30142.0,30154.5,1,12.5,12.5,30170.0,False,1,0,False,accurate,1,1,False,False,93,False,True,,,,,,,,,,,
4308,30156.0,30156.0,30168.79999923706,0,12.799999237060547,12.799999237060547,30184.0,False,1,0,False,accurate,1,1,False,False,91,False,True,,,,,,,,,,,
4310,30170.0,30170.0,30172.59999847412,1,2.5999984741210938,2.5999984741210938,30198.0,False,1,0,False,fast,0,0,False,False,89,False,True,,,,,,,,,,,
4312,30184.0,30184.0,30186.70000076294,0,2.700000762939453,2.700000762939453,30212.0,False,1,0,False,fast,0,0,False,False,87,False,True,,,,,,,,,,,
4313,30191.0,30191.0,30193.79999923706,1,2.799999237060547,2.799999237060547,30219.0,False,1,0,False,fast,0,0,False,False,86,False,True,,,,,,,,,,,
4318,30226.0,30226.0,30228.79999923706,0,2.799999237060547,2.799999237060547,30254.0,False,1,0,False,fast,0,0,False,False,81,False,True,,,,,,,,,,,
4326,30282.0,30282.0,30301.825,1,19.825,19.825000000000728,30310.0,False,1,0,False,accurate,0,0,False,False,73,False,True,,,,,,,,,,,
4328,30296.0,30296.0,30299.060000875394,0,3.0600008753935524,3.060000875393598,30324.0,False,2,1,False,fast,0,0,False,False,71,False,True,,,,,,,,,,,
4330,30310.0,30310.0,30329.716661099592,0,19.716661099592898,19.716661099591875,30338.0,False,1,0,False,accurate,0,0,False,False,69,False,True,,,,,,,,,,,
4333,30331.0,30331.0,30333.94750083824,1,2.947500838239989,2.947500838239648,30359.0,False,1,0,False,fast,0,0,False,False,66,False,True,,,,,,,,,,,
4335,30345.0,30345.0,30348.00999917984,0,3.009999179840088,3.009999179841543,30373.0,False,1,0,False,fast,0,0,False,False,64,False,True,,,,,,,,,,,
4340,30380.0,30380.0,30382.893332547745,1,2.8933325477441145,2.8933325477446488,30408.0,False,1,0,False,fast,0,0,False,False,59,False,True,,,,,,,,,,,
4341,30387.0,30387.0,30403.74749751091,0,16.747497510910033,16.74749751091076,30415.0,False,1,0,False,accurate,1,1,False,False,58,False,True,,,,,,,,,,,
4345,30415.0,30415.0,30428.500003814697,1,13.500003814697266,13.500003814697266,30443.0,False,1,0,False,accurate,1,1,False,False,54,False,True,,,,,,,,,,,
4351,30457.0,30457.0,30479.5,0,22.5,22.5,30485.0,False,1,0,False,accurate,0,0,False,False,48,False,True,,,,,,,,,,,
4352,30464.0,30464.0,30466.59999847412,1,2.5999984741210938,2.5999984741210938,30492.0,False,2,1,False,fast,0,0,False,False,47,False,True,,,,,,,,,,,
4354,30478.0,30478.0,30480.70000076294,1,2.700000762939453,2.700000762939453,30506.0,False,2,1,False,fast,0,0,False,False,45,False,True,,,,,,,,,,,
4355,30485.0,30485.0,30503.800003051758,0,18.800003051757812,18.800003051757812,30513.0,False,1,0,False,accurate,1,1,False,False,44,False,True,,,,,,,,,,,
4360,30520.0,30520.0,30522.699996948242,1,2.6999969482421875,2.6999969482421875,30548.0,False,1,0,False,fast,0,0,False,False,39,False,True,,,,,,,,,,,
4362,30534.0,30534.0,30536.699996948242,0,2.6999969482421875,2.6999969482421875,30562.0,False,1,0,False,fast,0,0,False,False,37,False,True,,,,,,,,,,,
4363,30541.0,30541.0,30543.700004577637,1,2.7000045776367188,2.7000045776367188,30569.0,False,1,0,False,fast,0,0,False,False,36,False,True,,,,,,,,,,,
4364,30548.0,30548.0,30550.60000228882,0,2.6000022888183594,2.6000022888183594,30576.0,False,1,0,False,fast,0,0,False,False,35,False,True,,,,,,,,,,,
4365,30555.0,30555.0,30567.29999923706,1,12.299999237060547,12.299999237060547,30583.0,False,1,0,False,accurate,1,1,False,False,34,False,True,,,,,,,,,,,
4367,30569.0,30569.0,30571.700004577637,0,2.7000045776367188,2.7000045776367188,30597.0,False,1,0,False,fast,0,0,False,False,32,False,True,,,,,,,,,,,
4368,30576.0,30576.0,30588.09999847412,1,12.099998474121094,12.099998474121094,30604.0,False,1,0,False,accurate,1,1,False,False,31,False,True,,,,,,,,,,,
4370,30590.0,30590.0,30602.40000152588,0,12.400001525878906,12.400001525878906,30618.0,False,1,0,False,accurate,1,1,False,False,29,False,True,,,,,,,,,,,
4371,30597.0,30597.0,30611.89999771118,1,14.89999771118164,14.89999771118164,30625.0,False,2,1,False,accurate,1,1,False,False,28,False,True,,,,,,,,,,,
4374,30618.0,30618.0,30620.70000076294,0,2.700000762939453,2.700000762939453,30646.0,False,1,0,False,fast,0,0,False,False,25,False,True,,,,,,,,,,,
4377,30639.0,30639.0,30652.29999923706,1,13.299999237060547,13.299999237060547,30667.0,False,1,0,False,accurate,1,1,False,False,22,False,True,,,,,,,,,,,
4383,30681.0,30681.0,30693.5,0,12.5,12.5,30709.0,False,1,0,False,accurate,1,1,False,False,16,False,True,,,,,,,,,,,
4384,30688.0,30688.0,30690.800003051758,1,2.8000030517578125,2.8000030517578125,30716.0,False,2,1,False,fast,0,0,False,False,15,False,True,,,,,,,,,,,
4386,30702.0,30702.0,30704.59999847412,1,2.5999984741210938,2.5999984741210938,30730.0,False,1,0,False,fast,0,0,False,False,13,False,True,,,,,,,,,,,
4391,30737.0,30737.0,30739.599994659424,0,2.599994659423828,2.599994659423828,30765.0,False,1,0,False,fast,0,0,False,False,8,False,True,,,,,,,,,,,
4397,30779.0,30779.0,30781.70000076294,1,2.700000762939453,2.700000762939453,30807.0,False,1,0,False,fast,0,0,False,False,2,True,True,,,,,,,,,,,
4400,30800.0,30800.0,30802.699996948242,0,2.6999969482421875,2.6999969482421875,30828.0,False,1,0,False,fast,0,0,False,False,99,False,True,,,,,,,,,,,
4406,30842.0,30842.0,30845.29999923706,1,3.299999237060547,3.299999237060547,30870.0,False,1,0,False,fast,0,0,False,False,93,False,True,,,,,,,,,,,
4408,30856.0,30856.0,30871.299995422363,0,15.299995422363281,15.299995422363281,30884.0,False,1,0,False,accurate,1,1,False,False,91,False,True,,,,,,,,,,,
4410,30870.0,30870.0,30872.79999923706,1,2.799999237060547,2.799999237060547,30898.0,False,2,1,False,fast,0,0,False,False,89,False,True,,,,,,,,,,,
4411,30877.0,30877.0,30879.800003051758,0,2.8000030517578125,2.8000030517578125,30905.0,False,1,0,False,fast,0,0,False,False,88,False,True,,,,,,,,,,,
4413,30891.0,30891.0,30893.59999847412,1,2.5999984741210938,2.5999984741210938,30919.0,False,1,0,False,fast,0,0,False,False,86,False,True,,,,,,,,,,,
4416,30912.0,30912.0,30914.70000076294,0,2.700000762939453,2.700000762939453,30940.0,False,1,0,False,fast,0,0,False,False,83,False,True,,,,,,,,,,,
4417,30919.0,30919.0,30931.70000076294,1,12.700000762939453,12.700000762939453,30947.0,False,1,0,False,accurate,1,1,False,False,82,False,True,,,,,,,,,,,
4419,30933.0,30933.0,30935.70000076294,0,2.700000762939453,2.700000762939453,30961.0,False,1,0,False,fast,0,0,False,False,80,False,True,,,,,,,,,,,
4420,30940.0,30940.0,30942.699996948242,1,2.6999969482421875,2.6999969482421875,30968.0,False,1,0,False,fast,0,0,False,False,79,False,True,,,,,,,,,,,
4423,30961.0,30961.0,30963.699996948242,0,2.6999969482421875,2.6999969482421875,30989.0,False,1,0,False,fast,0,0,False,False,76,False,True,,,,,,,,,,,
4424,30968.0,30968.0,30970.79999923706,1,2.799999237060547,2.799999237060547,30996.0,False,1,0,False,fast,0,0,False,False,75,False,True,,,,,,,,,,,
4426,30982.0,30982.0,30984.60000228882,0,2.6000022888183594,2.6000022888183594,31010.0,False,1,0,False,fast,0,0,False,False,73,False,True,,,,,,,,,,,
4428,30996.0,30996.0,30999.70000076294,1,3.700000762939453,3.700000762939453,31024.0,False,1,0,False,fast,0,0,False,False,71,False,True,,,,,,,,,,,
4429,31003.0,31003.0,31005.70000076294,0,2.700000762939453,2.700000762939453,31031.0,False,1,0,False,fast,0,0,False,False,70,False,True,,,,,,,,,,,
4435,31045.0,31045.0,31047.79999923706,1,2.799999237060547,2.799999237060547,31073.0,False,1,0,False,fast,0,0,False,False,64,False,True,,,,,,,,,,,
4436,31052.0,31052.0,31054.79999923706,0,2.799999237060547,2.799999237060547,31080.0,False,1,0,False,fast,0,0,False,False,63,False,True,,,,,,,,,,,
4437,31059.0,31059.0,31061.70000076294,1,2.700000762939453,2.700000762939453,31087.0,False,1,0,False,fast,0,0,False,False,62,False,True,,,,,,,,,,,
4438,31066.0,31066.0,31068.70000076294,0,2.700000762939453,2.700000762939453,31094.0,False,1,0,False,fast,0,0,False,False,61,False,True,,,,,,,,,,,
4439,31073.0,31073.0,31075.700004577637,1,2.7000045776367188,2.7000045776367188,31101.0,False,1,0,False,fast,0,0,False,False,60,False,True,,,,,,,,,,,
4440,31080.0,31080.0,31082.79999923706,0,2.799999237060547,2.799999237060547,31108.0,False,1,0,False,fast,0,0,False,False,59,False,True,,,,,,,,,,,
4443,31101.0,31101.0,31103.79999923706,1,2.799999237060547,2.799999237060547,31129.0,False,1,0,False,fast,0,0,False,False,56,False,True,,,,,,,,,,,
4444,31108.0,31108.0,31110.79999923706,0,2.799999237060547,2.799999237060547,31136.0,False,1,0,False,fast,0,0,False,False,55,False,True,,,,,,,,,,,
4445,31115.0,31115.0,31117.800003051758,1,2.8000030517578125,2.8000030517578125,31143.0,False,1,0,False,fast,0,0,False,False,54,False,True,,,,,,,,,,,
4449,31143.0,31143.0,31145.70000076294,0,2.700000762939453,2.700000762939453,31171.0,False,1,0,False,fast,0,0,False,False,50,False,True,,,,,,,,,,,
4453,31171.0,31171.0,31185.0,1,14.0,14.0,31199.0,False,1,0,False,accurate,1,1,False,False,46,False,True,,,,,,,,,,,
4454,31178.0,31178.0,31189.5,0,11.5,11.5,31206.0,False,2,1,False,accurate,1,1,False,False,45,False,True,,,,,,,,,,,
4462,31234.0,31234.0,31236.699996948242,1,2.6999969482421875,2.6999969482421875,31262.0,False,1,0,False,fast,0,0,False,False,37,False,True,,,,,,,,,,,
4466,31262.0,31262.0,31264.90000152588,0,2.9000015258789062,2.9000015258789062,31290.0,False,1,0,False,fast,0,0,False,False,33,False,True,,,,,,,,,,,
4471,31297.0,31297.0,31300.79999923706,1,3.799999237060547,3.799999237060547,31325.0,False,1,0,False,fast,0,0,False,False,28,False,True,,,,,,,,,,,
4475,31325.0,31325.0,31327.89999771118,0,2.8999977111816406,2.8999977111816406,31353.0,False,1,0,False,fast,0,0,False,False,24,False,True,,,,,,,,,,,
4476,31332.0,31332.0,31334.79999923706,1,2.799999237060547,2.799999237060547,31360.0,False,1,0,False,fast,0,0,False,False,23,False,True,,,,,,,,,,,
4477,31339.0,31339.0,31341.79999923706,0,2.799999237060547,2.799999237060547,31367.0,False,1,0,False,fast,0,0,False,False,22,False,True,,,,,,,,,,,
4480,31360.0,31360.0,31384.309998703004,1,24.30999870300293,24.309998703003657,31388.0,False,1,0,False,accurate,0,0,False,False,19,False,True,,,,,,,,,,,
4481,31367.0,31367.0,31389.723330594697,0,22.72333059469861,22.723330594697472,31395.0,False,2,1,False,accurate,1,1,False,False,18,False,True,,,,,,,,,,,
4484,31388.0,31388.0,31412.066661623317,1,24.066661623319035,24.066661623317486,31416.0,False,2,1,False,accurate,0,0,False,False,15,False,True,,,,,,,,,,,
4486,31402.0,31402.0,31424.569998836516,0,22.569998836517332,22.56999883651588,31430.0,False,2,1,False,accurate,0,0,False,False,13,False,True,,,,,,,,,,,
4487,31409.0,31412.066661623317,31435.850413684646,1,23.783752061327277,26.8504136846459,31437.0,False,3,2,False,accurate,1,1,False,False,12,False,True,,,,,,,,,,,
4488,31416.0,31424.569998836516,31427.629995388586,0,3.0599965520699697,11.629995388586394,31444.0,False,3,2,False,fast,0,0,False,False,11,False,True,,,,,,,,,,,
4489,31423.0,31427.629995388586,31450.62998990496,0,22.99999451637268,27.629989904959075,31451.0,False,4,3,False,accurate,0,0,False,False,10,False,True,,,,,,,,,,,
4490,31430.0,31435.850413684646,31438.753749563493,1,2.9033358788490204,8.75374956349333,31458.0,False,3,2,False,fast,0,0,False,False,9,False,True,,,,,,,,,,,
4491,31437.0,31438.753749563493,31441.746250419812,1,2.9925008563200666,4.746250419811986,31465.0,False,3,2,False,fast,0,0,False,False,8,False,True,,,,,,,,,,,
4496,31472.0,31472.0,31474.880000819165,1,2.880000819166503,2.8800008191647066,31500.0,False,1,0,False,fast,0,0,False,False,3,False,True,,,,,,,,,,,
4497,31479.0,31479.0,31500.072916544974,0,21.07291654497385,21.07291654497385,31507.0,False,1,0,False,accurate,0,0,False,False,2,True,True,,,,,,,,,,,
4498,31486.0,31486.0,31488.939999198912,1,2.9399991989135743,2.939999198912119,31514.0,False,2,1,False,fast,0,0,False,False,1,True,True,,,,,,,,,,,
4500,31500.0,31500.0,31517.196664164363,1,17.196664164364332,17.19666416436303,31528.0,False,2,1,False,accurate,1,1,False,False,99,False,True,,,,,,,,,,,
4503,31521.0,31521.0,31523.621665128718,0,2.621665128717819,2.621665128717723,31549.0,False,1,0,False,fast,0,0,False,False,96,False,True,,,,,,,,,,,
4505,31535.0,31535.0,31537.59999847412,1,2.5999984741210938,2.5999984741210938,31563.0,False,1,0,False,fast,0,0,False,False,94,False,True,,,,,,,,,,,
4508,31556.0,31556.0,31558.699996948242,0,2.6999969482421875,2.6999969482421875,31584.0,False,1,0,False,fast,0,0,False,False,91,False,True,,,,,,,,,,,
4509,31563.0,31563.0,31565.70000076294,1,2.700000762939453,2.700000762939453,31591.0,False,1,0,False,fast,0,0,False,False,90,False,True,,,,,,,,,,,
4511,31577.0,31577.0,31596.40000152588,0,19.400001525878906,19.400001525878906,31605.0,False,1,0,False,accurate,1,1,False,False,88,False,True,,,,,,,,,,,
4512,31584.0,31584.0,31604.20000076294,1,20.200000762939453,20.200000762939453,31612.0,False,2,1,False,accurate,1,1,False,False,87,False,True,,,,,,,,,,,
4515,31605.0,31605.0,31616.70000076294,0,11.700000762939453,11.700000762939453,31633.0,False,1,0,False,accurate,1,1,False,False,84,False,True,,,,,,,,,,,
4516,31612.0,31612.0,31622.800003051758,1,10.800003051757812,10.800003051757812,31640.0,False,2,1,False,accurate,1,1,False,False,83,False,True,,,,,,,,,,,
4518,31626.0,31626.0,31628.499996185303,0,2.4999961853027344,2.4999961853027344,31654.0,False,1,0,False,fast,0,0,False,False,81,False,True,,,,,,,,,,,
4520,31640.0,31640.0,31667.5,1,27.5,27.5,31668.0,False,1,0,False,accurate,0,0,False,False,79,False,True,,,,,,,,,,,
4521,31647.0,31647.0,31685.10000228882,0,38.10000228881836,38.10000228881836,31675.0,True,2,1,False,accurate,1,1,False,False,78,False,False,,,,,,,,,,,
4524,31668.0,31668.0,31713.40000152588,1,45.400001525878906,45.400001525878906,31696.0,True,2,1,False,accurate,0,0,False,False,75,False,False,,,,,,,,,,,
4526,31682.0,31685.10000228882,31720.300003051758,0,35.20000076293945,38.30000305175781,31710.0,True,3,2,False,accurate,0,0,False,False,73,False,False,,,,,,,,,,,
4527,31689.0,31713.40000152588,31737.89999771118,1,24.499996185302734,48.89999771118164,31717.0,True,3,2,False,accurate,1,1,False,False,72,False,False,,,,,,,,,,,
4531,31717.0,31720.300003051758,31722.90000152588,0,2.5999984741210938,5.900001525878906,31745.0,False,3,2,False,fast,0,0,False,False,68,False,True,,,,,,,,,,,
4534,31738.0,31738.0,31741.10000228882,0,3.1000022888183594,3.1000022888183594,31766.0,False,1,0,False,fast,0,0,False,False,65,False,True,,,,,,,,,,,
4539,31773.0,31773.0,31788.000003814697,1,15.000003814697266,15.000003814697266,31801.0,False,1,0,False,accurate,1,1,False,False,60,False,True,,,,,,,,,,,
4540,31780.0,31780.0,31782.59999847412,0,2.5999984741210938,2.5999984741210938,31808.0,False,2,1,False,fast,0,0,False,False,59,False,True,,,,,,,,,,,
4543,31801.0,31801.0,31812.800003051758,0,11.800003051757812,11.800003051757812,31829.0,False,1,0,False,accurate,1,1,False,False,56,False,True,,,,,,,,,,,
4544,31808.0,31808.0,31810.599994659424,1,2.599994659423828,2.599994659423828,31836.0,False,2,1,False,fast,0,0,False,False,55,False,True,,,,,,,,,,,
4545,31815.0,31815.0,31817.59999847412,1,2.5999984741210938,2.5999984741210938,31843.0,False,1,0,False,fast,0,0,False,False,54,False,True,,,,,,,,,,,
4548,31836.0,31836.0,31852.79999923706,0,16.799999237060547,16.799999237060547,31864.0,False,1,0,False,accurate,1,1,False,False,51,False,True,,,,,,,,,,,
4554,31878.0,31878.0,31880.700004577637,1,2.7000045776367188,2.7000045776367188,31906.0,False,1,0,False,fast,0,0,False,False,45,False,True,,,,,,,,,,,
4555,31885.0,31885.0,31889.700004577637,0,4.700004577636719,4.700004577636719,31913.0,False,1,0,False,fast,0,0,False,False,44,False,True,,,,,,,,,,,
4560,31920.0,31920.0,31922.60000228882,1,2.6000022888183594,2.6000022888183594,31948.0,False,1,0,False,fast,0,0,False,False,39,False,True,,,,,,,,,,,
4564,31948.0,31948.0,31950.59999847412,0,2.5999984741210938,2.5999984741210938,31976.0,False,1,0,False,fast,0,0,False,False,35,False,True,,,,,,,,,,,
4567,31969.0,31969.0,31971.70000076294,1,2.700000762939453,2.700000762939453,31997.0,False,1,0,False,fast,0,0,False,False,32,False,True,,,,,,,,,,,
4570,31990.0,31990.0,32000.29999923706,0,10.299999237060547,10.299999237060547,32018.0,False,1,0,False,accurate,1,1,False,False,29,False,True,,,,,,,,,,,
4573,32011.0,32011.0,32013.70000076294,1,2.700000762939453,2.700000762939453,32039.0,False,1,0,False,fast,0,0,False,False,26,False,True,,,,,,,,,,,
4574,32018.0,32018.0,32020.70000076294,0,2.700000762939453,2.700000762939453,32046.0,False,1,0,False,fast,0,0,False,False,25,False,True,,,,,,,,,,,
4575,32025.0,32025.0,32027.70000076294,1,2.700000762939453,2.700000762939453,32053.0,False,1,0,False,fast,0,0,False,False,24,False,True,,,,,,,,,,,
4576,32032.0,32032.0,32034.59999847412,0,2.5999984741210938,2.5999984741210938,32060.0,False,1,0,False,fast,0,0,False,False,23,False,True,,,,,,,,,,,
4580,32060.0,32060.0,32062.60000228882,1,2.6000022888183594,2.6000022888183594,32088.0,False,1,0,False,fast,0,0,False,False,19,False,True,,,,,,,,,,,
4582,32074.0,32074.0,32076.60000228882,0,2.6000022888183594,2.6000022888183594,32102.0,False,1,0,False,fast,0,0,False,False,17,False,True,,,,,,,,,,,
4583,32081.0,32081.0,32083.60000228882,1,2.6000022888183594,2.6000022888183594,32109.0,False,1,0,False,fast,0,0,False,False,16,False,True,,,,,,,,,,,
4584,32088.0,32088.0,32090.699996948242,0,2.6999969482421875,2.6999969482421875,32116.0,False,1,0,False,fast,0,0,False,False,15,False,True,,,,,,,,,,,
4588,32116.0,32116.0,32118.699996948242,1,2.6999969482421875,2.6999969482421875,32144.0,False,1,0,False,fast,0,0,False,False,11,False,True,,,,,,,,,,,
4593,32151.0,32151.0,32153.699996948242,0,2.6999969482421875,2.6999969482421875,32179.0,False,1,0,False,fast,0,0,False,False,6,False,True,,,,,,,,,,,
4597,32179.0,32179.0,32181.5,1,2.5,2.5,32207.0,False,1,0,False,fast,0,0,False,False,2,True,True,,,,,,,,,,,
4602,32214.0,32214.0,32216.5,0,2.5,2.5,32242.0,False,1,0,False,fast,0,0,False,False,97,False,True,,,,,,,,,,,
4604,32228.0,32228.0,32239.89999771118,1,11.89999771118164,11.89999771118164,32256.0,False,1,0,False,accurate,1,1,False,False,95,False,True,,,,,,,,,,,
4605,32235.0,32235.0,32247.59999847412,0,12.599998474121094,12.599998474121094,32263.0,False,2,1,False,accurate,1,1,False,False,94,False,True,,,,,,,,,,,
4607,32249.0,32249.0,32251.59999847412,1,2.5999984741210938,2.5999984741210938,32277.0,False,1,0,False,fast,0,0,False,False,92,False,True,,,,,,,,,,,
4610,32270.0,32270.0,32272.5,0,2.5,2.5,32298.0,False,1,0,False,fast,0,0,False,False,89,False,True,,,,,,,,,,,
4614,32298.0,32298.0,32310.59999847412,1,12.599998474121094,12.599998474121094,32326.0,False,1,0,False,accurate,1,1,False,False,85,False,True,,,,,,,,,,,
4616,32312.0,32312.0,32314.699996948242,0,2.6999969482421875,2.6999969482421875,32340.0,False,1,0,False,fast,0,0,False,False,83,False,True,,,,,,,,,,,
4621,32347.0,32347.0,32349.5,1,2.5,2.5,32375.0,False,1,0,False,fast,0,0,False,False,78,False,True,,,,,,,,,,,
4624,32368.0,32368.0,32370.59999847412,0,2.5999984741210938,2.5999984741210938,32396.0,False,1,0,False,fast,0,0,False,False,75,False,True,,,,,,,,,,,
4627,32389.0,32389.0,32391.5,1,2.5,2.5,32417.0,False,1,0,False,fast,0,0,False,False,72,False,True,,,,,,,,,,,
4628,32396.0,32396.0,32411.999996185303,0,15.999996185302734,15.999996185302734,32424.0,False,1,0,False,accurate,1,1,False,False,71,False,True,,,,,,,,,,,
4629,32403.0,32403.0,32405.59999847412,1,2.5999984741210938,2.5999984741210938,32431.0,False,2,1,False,fast,0,0,False,False,70,False,True,,,,,,,,,,,
4630,32410.0,32410.0,32413.800003051758,1,3.8000030517578125,3.8000030517578125,32438.0,False,2,1,False,fast,0,0,False,False,69,False,True,,,,,,,,,,,
4631,32417.0,32417.0,32419.60000228882,0,2.6000022888183594,2.6000022888183594,32445.0,False,1,0,False,fast,0,0,False,False,68,False,True,,,,,,,,,,,
4633,32431.0,32431.0,32433.59999847412,1,2.5999984741210938,2.5999984741210938,32459.0,False,1,0,False,fast,0,0,False,False,66,False,True,,,,,,,,,,,
4634,32438.0,32438.0,32450.200004577637,0,12.200004577636719,12.200004577636719,32466.0,False,1,0,False,accurate,1,1,False,False,65,False,True,,,,,,,,,,,
4635,32445.0,32445.0,32447.70000076294,1,2.700000762939453,2.700000762939453,32473.0,False,2,1,False,fast,0,0,False,False,64,False,True,,,,,,,,,,,
4636,32452.0,32452.0,32454.699996948242,1,2.6999969482421875,2.6999969482421875,32480.0,False,1,0,False,fast,0,0,False,False,63,False,True,,,,,,,,,,,
4638,32466.0,32466.0,32468.70000076294,0,2.700000762939453,2.700000762939453,32494.0,False,1,0,False,fast,0,0,False,False,61,False,True,,,,,,,,,,,
4639,32473.0,32473.0,32475.59999847412,1,2.5999984741210938,2.5999984741210938,32501.0,False,1,0,False,fast,0,0,False,False,60,False,True,,,,,,,,,,,
4642,32494.0,32494.0,32521.908333569765,0,27.90833356976509,27.90833356976509,32522.0,False,1,0,False,accurate,1,1,False,False,57,False,True,,,,,,,,,,,
4648,32536.0,32536.0,32556.680003553032,1,20.680003553032908,20.680003553032293,32564.0,False,1,0,False,accurate,0,0,False,False,51,False,True,,,,,,,,,,,
4654,32578.0,32578.0,32580.925000821153,0,2.9250008211533216,2.925000821152935,32606.0,False,1,0,False,fast,0,0,False,False,45,False,True,,,,,,,,,,,
4657,32599.0,32599.0,32601.751665046613,1,2.7516650466124246,2.7516650466131978,32627.0,False,1,0,False,fast,0,0,False,False,42,False,True,,,,,,,,,,,
4661,32627.0,32627.0,32647.771248340607,0,20.77124834060669,20.77124834060669,32655.0,False,1,0,False,accurate,0,0,False,False,38,False,True,,,,,,,,,,,
4665,32655.0,32655.0,32657.70000076294,1,2.700000762939453,2.700000762939453,32683.0,False,1,0,False,fast,0,0,False,False,34,False,True,,,,,,,,,,,
4666,32662.0,32662.0,32664.60000228882,0,2.6000022888183594,2.6000022888183594,32690.0,False,1,0,False,fast,0,0,False,False,33,False,True,,,,,,,,,,,
4667,32669.0,32669.0,32671.59999847412,1,2.5999984741210938,2.5999984741210938,32697.0,False,1,0,False,fast,0,0,False,False,32,False,True,,,,,,,,,,,
4668,32676.0,32676.0,32678.499996185303,0,2.4999961853027344,2.4999961853027344,32704.0,False,1,0,False,fast,0,0,False,False,31,False,True,,,,,,,,,,,
4670,32690.0,32690.0,32692.60000228882,1,2.6000022888183594,2.6000022888183594,32718.0,False,1,0,False,fast,0,0,False,False,29,False,True,,,,,,,,,,,
4672,32704.0,32704.0,32706.79999923706,0,2.799999237060547,2.799999237060547,32732.0,False,1,0,False,fast,0,0,False,False,27,False,True,,,,,,,,,,,
4674,32718.0,32718.0,32720.60000228882,1,2.6000022888183594,2.6000022888183594,32746.0,False,1,0,False,fast,0,0,False,False,25,False,True,,,,,,,,,,,
4676,32732.0,32732.0,32748.10000228882,0,16.10000228881836,16.10000228881836,32760.0,False,1,0,False,accurate,1,1,False,False,23,False,True,,,,,,,,,,,
4678,32746.0,32746.0,32748.59999847412,1,2.5999984741210938,2.5999984741210938,32774.0,False,2,1,False,fast,0,0,False,False,21,False,True,,,,,,,,,,,
4683,32781.0,32781.0,32784.60000228882,0,3.6000022888183594,3.6000022888183594,32809.0,False,1,0,False,fast,0,0,False,False,16,False,True,,,,,,,,,,,
4684,32788.0,32788.0,32802.19999694824,1,14.199996948242188,14.199996948242188,32816.0,False,1,0,False,accurate,1,1,False,False,15,False,True,,,,,,,,,,,
4685,32795.0,32795.0,32797.69999694824,0,2.6999969482421875,2.6999969482421875,32823.0,False,2,1,False,fast,0,0,False,False,14,False,True,,,,,,,,,,,
4688,32816.0,32816.0,32818.5,0,2.5,2.5,32844.0,False,1,0,False,fast,0,0,False,False,11,False,True,,,,,,,,,,,
4689,32823.0,32823.0,32825.60000228882,1,2.6000022888183594,2.6000022888183594,32851.0,False,1,0,False,fast,0,0,False,False,10,False,True,,,,,,,,,,,
4690,32830.0,32830.0,32844.59999847412,0,14.599998474121094,14.599998474121094,32858.0,False,1,0,False,accurate,1,1,False,False,9,False,True,,,,,,,,,,,
4691,32837.0,32837.0,32839.59999847412,1,2.5999984741210938,2.5999984741210938,32865.0,False,2,1,False,fast,0,0,False,False,8,False,True,,,,,,,,,,,
4693,32851.0,32851.0,32853.59999847412,1,2.5999984741210938,2.5999984741210938,32879.0,False,1,0,False,fast,0,0,False,False,6,False,True,,,,,,,,,,,
4694,32858.0,32858.0,32869.80000305176,0,11.800003051757812,11.800003051757812,32886.0,False,1,0,False,accurate,1,1,False,False,5,False,True,,,,,,,,,,,
4700,32900.0,32900.0,32902.70000457764,1,2.7000045776367188,2.7000045776367188,32928.0,False,1,0,False,fast,0,0,False,False,99,False,True,,,,,,,,,,,
4702,32914.0,32914.0,32929.0,0,15.0,15.0,32942.0,False,1,0,False,accurate,1,1,False,False,97,False,True,,,,,,,,,,,
4704,32928.0,32928.0,32930.70000076294,1,2.700000762939453,2.700000762939453,32956.0,False,2,1,False,fast,0,0,False,False,95,False,True,,,,,,,,,,,
4706,32942.0,32942.0,32944.59999847412,0,2.5999984741210938,2.5999984741210938,32970.0,False,1,0,False,fast,0,0,False,False,93,False,True,,,,,,,,,,,
4707,32949.0,32949.0,32951.60000228882,1,2.6000022888183594,2.6000022888183594,32977.0,False,1,0,False,fast,0,0,False,False,92,False,True,,,,,,,,,,,
4710,32970.0,32970.0,32972.70000076294,0,2.700000762939453,2.700000762939453,32998.0,False,1,0,False,fast,0,0,False,False,89,False,True,,,,,,,,,,,
4711,32977.0,32977.0,32983.40000152588,1,6.400001525878906,6.400001525878906,33005.0,False,1,0,False,fast,0,0,False,False,88,False,True,,,,,,,,,,,
4712,32984.0,32984.0,32986.80000305176,0,2.8000030517578125,2.8000030517578125,33012.0,False,1,0,False,fast,0,0,False,False,87,False,True,,,,,,,,,,,
4717,33019.0,33019.0,33021.69999694824,1,2.6999969482421875,2.6999969482421875,33047.0,False,1,0,False,fast,0,0,False,False,82,False,True,,,,,,,,,,,
4718,33026.0,33026.0,33028.70000457764,0,2.7000045776367188,2.7000045776367188,33054.0,False,1,0,False,fast,0,0,False,False,81,False,True,,,,,,,,,,,
4721,33047.0,33047.0,33049.70000076294,1,2.700000762939453,2.700000762939453,33075.0,False,1,0,False,fast,0,0,False,False,78,False,True,,,,,,,,,,,
4722,33054.0,33054.0,33056.69999694824,0,2.6999969482421875,2.6999969482421875,33082.0,False,1,0,False,fast,0,0,False,False,77,False,True,,,,,,,,,,,
4730,33110.0,33110.0,33112.59999847412,1,2.5999984741210938,2.5999984741210938,33138.0,False,1,0,False,fast,0,0,False,False,69,False,True,,,,,,,,,,,
4732,33124.0,33124.0,33141.09999847412,0,17.099998474121094,17.099998474121094,33152.0,False,1,0,False,accurate,1,1,False,False,67,False,True,,,,,,,,,,,
4737,33159.0,33159.0,33161.80000305176,1,2.8000030517578125,2.8000030517578125,33187.0,False,1,0,False,fast,0,0,False,False,62,False,True,,,,,,,,,,,
4742,33194.0,33194.0,33196.60000228882,0,2.6000022888183594,2.6000022888183594,33222.0,False,1,0,False,fast,0,0,False,False,57,False,True,,,,,,,,,,,
4743,33201.0,33201.0,33223.90000152588,1,22.900001525878906,22.900001525878906,33229.0,False,1,0,False,accurate,0,0,False,False,56,False,True,,,,,,,,,,,
4745,33215.0,33215.0,33217.70000076294,0,2.700000762939453,2.700000762939453,33243.0,False,2,1,False,fast,0,0,False,False,54,False,True,,,,,,,,,,,
4749,33243.0,33243.0,33269.4999961853,0,26.499996185302734,26.499996185302734,33271.0,False,1,0,False,accurate,0,0,False,False,50,False,True,,,,,,,,,,,
4751,33257.0,33257.0,33259.5,1,2.5,2.5,33285.0,False,2,1,False,fast,0,0,False,False,48,False,True,,,,,,,,,,,
4752,33264.0,33264.0,33266.60000228882,1,2.6000022888183594,2.6000022888183594,33292.0,False,2,1,False,fast,0,0,False,False,47,False,True,,,,,,,,,,,
4755,33285.0,33285.0,33309.29999923706,1,24.299999237060547,24.299999237060547,33313.0,False,1,0,False,accurate,1,1,False,False,44,False,True,,,,,,,,,,,
4756,33292.0,33292.0,33318.29999923706,0,26.299999237060547,26.299999237060547,33320.0,False,2,1,False,accurate,1,1,False,False,43,False,True,,,,,,,,,,,
4762,33334.0,33334.0,33353.10000228882,1,19.10000228881836,19.10000228881836,33362.0,False,1,0,False,accurate,1,1,False,False,37,False,True,,,,,,,,,,,
4763,33341.0,33341.0,33355.79999923706,0,14.799999237060547,14.799999237060547,33369.0,False,2,1,False,accurate,1,1,False,False,36,False,True,,,,,,,,,,,
4765,33355.0,33355.0,33357.5,1,2.5,2.5,33383.0,False,2,1,False,fast,0,0,False,False,34,False,True,,,,,,,,,,,
4768,33376.0,33376.0,33413.89999771118,0,37.89999771118164,37.89999771118164,33404.0,True,1,0,False,accurate,0,0,False,False,31,False,False,,,,,,,,,,,
4771,33397.0,33397.0,33399.70000076294,1,2.700000762939453,2.700000762939453,33425.0,False,2,1,False,fast,0,0,False,False,28,False,True,,,,,,,,,,,
4772,33404.0,33404.0,33406.59999847412,1,2.5999984741210938,2.5999984741210938,33432.0,False,2,1,False,fast,0,0,False,False,27,False,True,,,,,,,,,,,
4774,33418.0,33418.0,33420.60000228882,1,2.6000022888183594,2.6000022888183594,33446.0,False,1,0,False,fast,0,0,False,False,25,False,True,,,,,,,,,,,
4775,33425.0,33425.0,33427.5,0,2.5,2.5,33453.0,False,1,0,False,fast,0,0,False,False,24,False,True,,,,,,,,,,,
4777,33439.0,33439.0,33441.59999847412,1,2.5999984741210938,2.5999984741210938,33467.0,False,1,0,False,fast,0,0,False,False,22,False,True,,,,,,,,,,,
4778,33446.0,33446.0,33462.90000152588,0,16.900001525878906,16.900001525878906,33474.0,False,1,0,False,accurate,1,1,False,False,21,False,True,,,,,,,,,,,
4779,33453.0,33453.0,33455.599994659424,1,2.599994659423828,2.599994659423828,33481.0,False,2,1,False,fast,0,0,False,False,20,False,True,,,,,,,,,,,
4781,33467.0,33467.0,33469.5000038147,1,2.5000038146972656,2.5000038146972656,33495.0,False,1,0,False,fast,0,0,False,False,18,False,True,,,,,,,,,,,
4782,33474.0,33474.0,33476.5,0,2.5,2.5,33502.0,False,1,0,False,fast,0,0,False,False,17,False,True,,,,,,,,,,,
4784,33488.0,33488.0,33500.70000457764,1,12.700004577636719,12.700004577636719,33516.0,False,1,0,False,accurate,1,1,False,False,15,False,True,,,,,,,,,,,
4786,33502.0,33502.0,33504.60000228882,0,2.6000022888183594,2.6000022888183594,33530.0,False,1,0,False,fast,0,0,False,False,13,False,True,,,,,,,,,,,
4787,33509.0,33509.0,33520.70000076294,1,11.700000762939453,11.700000762939453,33537.0,False,1,0,False,accurate,1,1,False,False,12,False,True,,,,,,,,,,,
4788,33516.0,33516.0,33518.70000076294,0,2.700000762939453,2.700000762939453,33544.0,False,2,1,False,fast,0,0,False,False,11,False,True,,,,,,,,,,,
4789,33523.0,33523.0,33525.59999847412,0,2.5999984741210938,2.5999984741210938,33551.0,False,1,0,False,fast,0,0,False,False,10,False,True,,,,,,,,,,,
4792,33544.0,33544.0,33559.40000152588,1,15.400001525878906,15.400001525878906,33572.0,False,1,0,False,accurate,1,1,False,False,7,False,True,,,,,,,,,,,
4795,33565.0,33565.0,33567.89999771118,0,2.8999977111816406,2.8999977111816406,33593.0,False,1,0,False,fast,0,0,False,False,4,False,True,,,,,,,,,,,
4796,33572.0,33572.0,33574.69999694824,1,2.6999969482421875,2.6999969482421875,33600.0,False,1,0,False,fast,0,0,False,False,3,False,True,,,,,,,,,,,
4799,33593.0,33593.0,33595.70000076294,0,2.700000762939453,2.700000762939453,33621.0,False,1,0,False,fast,0,0,False,True,0,True,True,,,,,,,,,,,
4801,33607.0,33607.0,33628.052497275276,1,21.052497275273026,21.052497275275527,33635.0,False,1,0,False,accurate,0,0,False,False,98,False,True,,,,,,,,,,,
4802,33614.0,33614.0,33633.70000016689,0,19.700000166893005,19.700000166893005,33642.0,False,2,1,False,accurate,1,1,False,False,97,False,True,,,,,,,,,,,
4803,33621.0,33628.052497275276,33650.46624358455,1,22.413746309280395,29.466243584553013,33649.0,True,3,2,False,accurate,0,0,False,False,96,False,False,,,,,,,,,,,
4805,33635.0,33635.0,33654.89333232562,0,19.893332325617465,19.893332325620577,33663.0,False,2,1,False,accurate,1,1,False,False,94,False,True,,,,,,,,,,,
4807,33649.0,33650.46624358455,33653.434579520625,1,2.9683359360694794,4.434579520624538,33677.0,False,3,2,False,fast,0,0,False,False,92,False,True,,,,,,,,,,,
4813,33691.0,33691.0,33693.83833167275,1,2.838331672747927,2.838331672748609,33719.0,False,1,0,False,fast,0,0,False,False,86,False,True,,,,,,,,,,,
4814,33698.0,33698.0,33719.57082927535,0,21.570829275349798,21.570829275347933,33726.0,False,1,0,False,accurate,0,0,False,False,85,False,True,,,,,,,,,,,
4818,33726.0,33726.0,33743.86000089646,1,17.860000896453858,17.860000896456768,33754.0,False,1,0,False,accurate,1,1,False,False,81,False,True,,,,,,,,,,,
4820,33740.0,33740.0,33742.79000079105,0,2.7900007910529783,2.790000791050261,33768.0,False,2,1,False,fast,0,0,False,False,79,False,True,,,,,,,,,,,
4821,33747.0,33747.0,33749.664998435976,0,2.664998435974121,2.6649984359755763,33775.0,False,1,0,False,fast,0,0,False,False,78,False,True,,,,,,,,,,,
4823,33761.0,33761.0,33763.621668975204,1,2.62166897520423,2.6216689752036473,33789.0,False,1,0,False,fast,0,0,False,False,76,False,True,,,,,,,,,,,
4825,33775.0,33775.0,33777.59999847412,0,2.5999984741210938,2.5999984741210938,33803.0,False,1,0,False,fast,0,0,False,False,74,False,True,,,,,,,,,,,
4827,33789.0,33789.0,33791.60000228882,1,2.6000022888183594,2.6000022888183594,33817.0,False,1,0,False,fast,0,0,False,False,72,False,True,,,,,,,,,,,
4828,33796.0,33796.0,33798.69999694824,0,2.6999969482421875,2.6999969482421875,33824.0,False,1,0,False,fast,0,0,False,False,71,False,True,,,,,,,,,,,
4834,33838.0,33838.0,33840.60000228882,1,2.6000022888183594,2.6000022888183594,33866.0,False,1,0,False,fast,0,0,False,False,65,False,True,,,,,,,,,,,
4835,33845.0,33845.0,33847.79999923706,0,2.799999237060547,2.799999237060547,33873.0,False,1,0,False,fast,0,0,False,False,64,False,True,,,,,,,,,,,
4836,33852.0,33852.0,33863.0,1,11.0,11.0,33880.0,False,1,0,False,accurate,1,1,False,False,63,False,True,,,,,,,,,,,
4837,33859.0,33859.0,33861.60000228882,0,2.6000022888183594,2.6000022888183594,33887.0,False,2,1,False,fast,0,0,False,False,62,False,True,,,,,,,,,,,
4838,33866.0,33866.0,33878.5,0,12.5,12.5,33894.0,False,1,0,False,accurate,1,1,False,False,61,False,True,,,,,,,,,,,
4844,33908.0,33908.0,33910.5000038147,1,2.5000038146972656,2.5000038146972656,33936.0,False,1,0,False,fast,0,0,False,False,55,False,True,,,,,,,,,,,
4845,33915.0,33915.0,33917.5000038147,0,2.5000038146972656,2.5000038146972656,33943.0,False,1,0,False,fast,0,0,False,False,54,False,True,,,,,,,,,,,
4846,33922.0,33922.0,33924.60000228882,1,2.6000022888183594,2.6000022888183594,33950.0,False,1,0,False,fast,0,0,False,False,53,False,True,,,,,,,,,,,
4848,33936.0,33936.0,33938.60000228882,0,2.6000022888183594,2.6000022888183594,33964.0,False,1,0,False,fast,0,0,False,False,51,False,True,,,,,,,,,,,
4849,33943.0,33943.0,33958.399993896484,1,15.399993896484375,15.399993896484375,33971.0,False,1,0,False,accurate,1,1,False,False,50,False,True,,,,,,,,,,,
4855,33985.0,33985.0,33987.5,0,2.5,2.5,34013.0,False,1,0,False,fast,0,0,False,False,44,False,True,,,,,,,,,,,
4856,33992.0,33992.0,33994.60000228882,1,2.6000022888183594,2.6000022888183594,34020.0,False,1,0,False,fast,0,0,False,False,43,False,True,,,,,,,,,,,
4857,33999.0,33999.0,34001.79999923706,0,2.799999237060547,2.799999237060547,34027.0,False,1,0,False,fast,0,0,False,False,42,False,True,,,,,,,,,,,
4860,34020.0,34020.0,34022.5000038147,1,2.5000038146972656,2.5000038146972656,34048.0,False,1,0,False,fast,0,0,False,False,39,False,True,,,,,,,,,,,
4862,34034.0,34034.0,34036.59999847412,0,2.5999984741210938,2.5999984741210938,34062.0,False,1,0,False,fast,0,0,False,False,37,False,True,,,,,,,,,,,
4864,34048.0,34048.0,34050.90000152588,1,2.9000015258789062,2.9000015258789062,34076.0,False,1,0,False,fast,0,0,False,False,35,False,True,,,,,,,,,,,
4866,34062.0,34062.0,34064.70000076294,0,2.700000762939453,2.700000762939453,34090.0,False,1,0,False,fast,0,0,False,False,33,False,True,,,,,,,,,,,
4867,34069.0,34069.0,34088.30000305176,1,19.300003051757812,19.300003051757812,34097.0,False,1,0,False,accurate,1,1,False,False,32,False,True,,,,,,,,,,,
4868,34076.0,34076.0,34087.59999847412,0,11.599998474121094,11.599998474121094,34104.0,False,2,1,False,accurate,1,1,False,False,31,False,True,,,,,,,,,,,
4870,34090.0,34090.0,34092.60000228882,0,2.6000022888183594,2.6000022888183594,34118.0,False,1,0,False,fast,0,0,False,False,29,False,True,,,,,,,,,,,
4874,34118.0,34118.0,34120.70000076294,1,2.700000762939453,2.700000762939453,34146.0,False,1,0,False,fast,0,0,False,False,25,False,True,,,,,,,,,,,
4879,34153.0,34153.0,34164.0,0,11.0,11.0,34181.0,False,1,0,False,accurate,1,1,False,False,20,False,True,,,,,,,,,,,
4882,34174.0,34174.0,34176.59999847412,1,2.5999984741210938,2.5999984741210938,34202.0,False,1,0,False,fast,0,0,False,False,17,False,True,,,,,,,,,,,
4884,34188.0,34188.0,34203.5000038147,0,15.500003814697266,15.500003814697266,34216.0,False,1,0,False,accurate,1,1,False,False,15,False,True,,,,,,,,,,,
4885,34195.0,34195.0,34210.80000305176,1,15.800003051757812,15.800003051757812,34223.0,False,2,1,False,accurate,1,1,False,False,14,False,True,,,,,,,,,,,
4898,34286.0,34286.0,34288.59999847412,0,2.5999984741210938,2.5999984741210938,34314.0,False,1,0,False,fast,0,0,False,False,1,True,True,,,,,,,,,,,
4899,34293.0,34293.0,34295.70000457764,1,2.7000045776367188,2.7000045776367188,34321.0,False,1,0,False,fast,0,0,False,True,0,True,True,,,,,,,,,,,
4903,34321.0,34321.0,34335.70000076294,0,14.700000762939453,14.700000762939453,34349.0,False,1,0,False,accurate,1,1,False,False,96,False,True,,,,,,,,,,,
4904,34328.0,34328.0,34330.5,1,2.5,2.5,34356.0,False,2,1,False,fast,0,0,False,False,95,False,True,,,,,,,,,,,
4907,34349.0,34349.0,34351.5,1,2.5,2.5,34377.0,False,1,0,False,fast,0,0,False,False,92,False,True,,,,,,,,,,,
4908,34356.0,34356.0,34358.4999961853,0,2.4999961853027344,2.4999961853027344,34384.0,False,1,0,False,fast,0,0,False,False,91,False,True,,,,,,,,,,,
4909,34363.0,34363.0,34387.89999771118,1,24.89999771118164,24.89999771118164,34391.0,False,1,0,False,accurate,1,1,False,False,90,False,True,,,,,,,,,,,
4912,34384.0,34384.0,34412.59999847412,0,28.599998474121094,28.599998474121094,34412.0,True,2,1,False,accurate,0,0,False,False,87,False,False,,,,,,,,,,,
4914,34398.0,34398.0,34400.59999847412,1,2.5999984741210938,2.5999984741210938,34426.0,False,2,1,False,fast,0,0,False,False,85,False,True,,,,,,,,,,,
4920,34440.0,34440.0,34442.70000076294,1,2.700000762939453,2.700000762939453,34468.0,False,1,0,False,fast,0,0,False,False,79,False,True,,,,,,,,,,,
4925,34475.0,34475.0,34486.40000152588,0,11.400001525878906,11.400001525878906,34503.0,False,1,0,False,accurate,1,1,False,False,74,False,True,,,,,,,,,,,
4927,34489.0,34489.0,34491.60000228882,1,2.6000022888183594,2.6000022888183594,34517.0,False,1,0,False,fast,0,0,False,False,72,False,True,,,,,,,,,,,
4931,34517.0,34517.0,34519.69999694824,0,2.6999969482421875,2.6999969482421875,34545.0,False,1,0,False,fast,0,0,False,False,68,False,True,,,,,,,,,,,
4932,34524.0,34524.0,34526.5,1,2.5,2.5,34552.0,False,1,0,False,fast,0,0,False,False,67,False,True,,,,,,,,,,,
4933,34531.0,34531.0,34533.60000228882,0,2.6000022888183594,2.6000022888183594,34559.0,False,1,0,False,fast,0,0,False,False,66,False,True,,,,,,,,,,,
4936,34552.0,34552.0,34554.4999961853,1,2.4999961853027344,2.4999961853027344,34580.0,False,1,0,False,fast,0,0,False,False,63,False,True,,,,,,,,,,,
4938,34566.0,34566.0,34580.79999923706,0,14.799999237060547,14.799999237060547,34594.0,False,1,0,False,accurate,1,1,False,False,61,False,True,,,,,,,,,,,
4939,34573.0,34573.0,34589.69999694824,1,16.699996948242188,16.699996948242188,34601.0,False,2,1,False,accurate,1,1,False,False,60,False,True,,,,,,,,,,,
4946,34622.0,34622.0,34635.5000038147,0,13.500003814697266,13.500003814697266,34650.0,False,1,0,False,accurate,1,1,False,False,53,False,True,,,,,,,,,,,
4947,34629.0,34629.0,34631.70000076294,1,2.700000762939453,2.700000762939453,34657.0,False,2,1,False,fast,0,0,False,False,52,False,True,,,,,,,,,,,
4949,34643.0,34643.0,34645.599994659424,1,2.599994659423828,2.599994659423828,34671.0,False,1,0,False,fast,0,0,False,False,50,False,True,,,,,,,,,,,
4952,34664.0,34664.0,34666.60000228882,0,2.6000022888183594,2.6000022888183594,34692.0,False,1,0,False,fast,0,0,False,False,47,False,True,,,,,,,,,,,
4960,34720.0,34720.0,34760.800006484984,1,40.80000648498535,40.800006484983896,34748.0,True,1,0,False,accurate,1,1,False,False,39,False,False,,,,,,,,,,,
4962,34734.0,34734.0,34737.19500091354,0,3.1950009135405253,3.195000913539843,34762.0,False,2,1,False,fast,0,0,False,False,37,False,True,,,,,,,,,,,
4963,34741.0,34741.0,34773.89500246048,0,32.89500246047973,32.89500246047828,34769.0,True,2,1,False,accurate,0,0,False,False,36,False,False,,,,,,,,,,,
4966,34762.0,34762.0,34799.819998836516,1,37.81999883651733,37.81999883651588,34790.0,True,2,1,False,accurate,0,0,False,False,33,False,False,,,,,,,,,,,
4967,34769.0,34773.89500246048,34794.98624998192,0,21.09124752144021,25.98624998192099,34797.0,False,3,2,False,accurate,0,0,False,False,32,False,True,,,,,,,,,,,
4968,34776.0,34794.98624998192,34817.71958353082,0,22.733333548903463,41.719583530823,34804.0,True,3,2,False,accurate,0,0,False,False,31,False,False,,,,,,,,,,,
4971,34797.0,34799.819998836516,34802.70166382233,1,2.881664985815678,5.701663822328555,34825.0,False,3,2,False,fast,0,0,False,False,28,False,True,,,,,,,,,,,
4977,34839.0,34839.0,34841.75166504661,1,2.7516650466124246,2.7516650466131978,34867.0,False,1,0,False,fast,0,0,False,False,22,False,True,,,,,,,,,,,
4980,34860.0,34860.0,34862.68666509251,0,2.686665092507997,2.68666509250761,34888.0,False,1,0,False,fast,0,0,False,False,19,False,True,,,,,,,,,,,
4982,34874.0,34874.0,34890.40416265639,1,16.40416265639165,16.404162656392145,34902.0,False,1,0,False,accurate,1,1,False,False,17,False,True,,,,,,,,,,,
4985,34895.0,34895.0,34897.59999847412,0,2.5999984741210938,2.5999984741210938,34923.0,False,1,0,False,fast,0,0,False,False,14,False,True,,,,,,,,,,,
4986,34902.0,34902.0,34904.70000457764,1,2.7000045776367188,2.7000045776367188,34930.0,False,1,0,False,fast,0,0,False,False,13,False,True,,,,,,,,,,,
4988,34916.0,34916.0,34918.60000228882,0,2.6000022888183594,2.6000022888183594,34944.0,False,1,0,False,fast,0,0,False,False,11,False,True,,,,,,,,,,,
4989,34923.0,34923.0,34925.69999694824,1,2.6999969482421875,2.6999969482421875,34951.0,False,1,0,False,fast,0,0,False,False,10,False,True,,,,,,,,,,,
4990,34930.0,34930.0,34947.29999923706,0,17.299999237060547,17.299999237060547,34958.0,False,1,0,False,accurate,1,1,False,False,9,False,True,,,,,,,,,,,
4994,34958.0,34958.0,34960.5000038147,1,2.5000038146972656,2.5000038146972656,34986.0,False,1,0,False,fast,0,0,False,False,5,False,True,,,,,,,,,,,
5000,35000.0,35000.0,35002.4999961853,0,2.4999961853027344,2.4999961853027344,35028.0,False,1,0,False,fast,0,0,False,False,99,False,True,,,,,,,,,,,
5001,35007.0,35007.0,35009.59999847412,1,2.5999984741210938,2.5999984741210938,35035.0,False,1,0,False,fast,0,0,False,False,98,False,True,,,,,,,,,,,
5003,35021.0,35021.0,35023.5,0,2.5,2.5,35049.0,False,1,0,False,fast,0,0,False,False,96,False,True,,,,,,,,,,,
5008,35056.0,35056.0,35069.09999847412,1,13.099998474121094,13.099998474121094,35084.0,False,1,0,False,accurate,1,1,False,False,91,False,True,,,,,,,,,,,
5014,35098.0,35098.0,35100.5,0,2.5,2.5,35126.0,False,1,0,False,fast,0,0,False,False,85,False,True,,,,,,,,,,,
5018,35126.0,35126.0,35128.5000038147,1,2.5000038146972656,2.5000038146972656,35154.0,False,1,0,False,fast,0,0,False,False,81,False,True,,,,,,,,,,,
5019,35133.0,35133.0,35135.70000076294,0,2.700000762939453,2.700000762939453,35161.0,False,1,0,False,fast,0,0,False,False,80,False,True,,,,,,,,,,,
5025,35175.0,35175.0,35177.60000228882,1,2.6000022888183594,2.6000022888183594,35203.0,False,1,0,False,fast,0,0,False,False,74,False,True,,,,,,,,,,,
5026,35182.0,35182.0,35184.70000457764,0,2.7000045776367188,2.7000045776367188,35210.0,False,1,0,False,fast,0,0,False,False,73,False,True,,,,,,,,,,,
5027,35189.0,35189.0,35191.70000457764,1,2.7000045776367188,2.7000045776367188,35217.0,False,1,0,False,fast,0,0,False,False,72,False,True,,,,,,,,,,,
5030,35210.0,35210.0,35212.60000228882,0,2.6000022888183594,2.6000022888183594,35238.0,False,1,0,False,fast,0,0,False,False,69,False,True,,,,,,,,,,,
5035,35245.0,35245.0,35247.70000076294,1,2.700000762939453,2.700000762939453,35273.0,False,1,0,False,fast,0,0,False,False,64,False,True,,,,,,,,,,,
5043,35301.0,35301.0,35303.69999694824,0,2.6999969482421875,2.6999969482421875,35329.0,False,1,0,False,fast,0,0,False,False,56,False,True,,,,,,,,,,,
5044,35308.0,35308.0,35310.70000457764,1,2.7000045776367188,2.7000045776367188,35336.0,False,1,0,False,fast,0,0,False,False,55,False,True,,,,,,,,,,,
5048,35336.0,35336.0,35352.29999923706,0,16.299999237060547,16.299999237060547,35364.0,False,1,0,False,accurate,1,1,False,False,51,False,True,,,,,,,,,,,
5052,35364.0,35364.0,35366.70000076294,1,2.700000762939453,2.700000762939453,35392.0,False,1,0,False,fast,0,0,False,False,47,False,True,,,,,,,,,,,
5055,35385.0,35385.0,35387.69999694824,0,2.6999969482421875,2.6999969482421875,35413.0,False,1,0,False,fast,0,0,False,False,44,False,True,,,,,,,,,,,
5056,35392.0,35392.0,35394.70000457764,1,2.7000045776367188,2.7000045776367188,35420.0,False,1,0,False,fast,0,0,False,False,43,False,True,,,,,,,,,,,
5059,35413.0,35413.0,35415.70000076294,0,2.700000762939453,2.700000762939453,35441.0,False,1,0,False,fast,0,0,False,False,40,False,True,,,,,,,,,,,
5063,35441.0,35441.0,35443.60000228882,1,2.6000022888183594,2.6000022888183594,35469.0,False,1,0,False,fast,0,0,False,False,36,False,True,,,,,,,,,,,
5068,35476.0,35476.0,35478.60000228882,0,2.6000022888183594,2.6000022888183594,35504.0,False,1,0,False,fast,0,0,False,False,31,False,True,,,,,,,,,,,
5070,35490.0,35490.0,35492.69999694824,1,2.6999969482421875,2.6999969482421875,35518.0,False,1,0,False,fast,0,0,False,False,29,False,True,,,,,,,,,,,
5071,35497.0,35497.0,35517.5000038147,0,20.500003814697266,20.500003814697266,35525.0,False,1,0,False,accurate,0,0,False,False,28,False,True,,,,,,,,,,,
5073,35511.0,35511.0,35523.20000076294,1,12.200000762939453,12.200000762939453,35539.0,False,2,1,False,accurate,1,1,False,False,26,False,True,,,,,,,,,,,
5077,35539.0,35539.0,35559.0,0,20.0,20.0,35567.0,False,1,0,False,accurate,0,0,False,False,22,False,True,,,,,,,,,,,
5079,35553.0,35553.0,35577.90000152588,1,24.900001525878906,24.900001525878906,35581.0,False,2,1,False,accurate,1,1,False,False,20,False,True,,,,,,,,,,,
5081,35567.0,35567.0,35569.70000076294,0,2.700000762939453,2.700000762939453,35595.0,False,2,1,False,fast,0,0,False,False,18,False,True,,,,,,,,,,,
5082,35574.0,35574.0,35587.29999923706,0,13.299999237060547,13.299999237060547,35602.0,False,2,1,False,accurate,1,1,False,False,17,False,True,,,,,,,,,,,
5086,35602.0,35602.0,35604.79999923706,1,2.799999237060547,2.799999237060547,35630.0,False,1,0,False,fast,0,0,False,False,13,False,True,,,,,,,,,,,
5088,35616.0,35616.0,35618.59999847412,0,2.5999984741210938,2.5999984741210938,35644.0,False,1,0,False,fast,0,0,False,False,11,False,True,,,,,,,,,,,
5092,35644.0,35644.0,35647.79999923706,1,3.799999237060547,3.799999237060547,35672.0,False,1,0,False,fast,0,0,False,False,7,False,True,,,,,,,,,,,
5095,35665.0,35665.0,35677.599994659424,0,12.599994659423828,12.599994659423828,35693.0,False,1,0,False,accurate,1,1,False,False,4,False,True,,,,,,,,,,,
5096,35672.0,35672.0,35690.40000152588,1,18.400001525878906,18.400001525878906,35700.0,False,2,1,False,accurate,1,1,False,False,3,False,True,,,,,,,,,,,
5097,35679.0,35679.0,35692.4999961853,0,13.499996185302734,13.499996185302734,35707.0,False,2,1,False,accurate,1,1,False,False,2,True,True,,,,,,,,,,,
5100,35700.0,35700.0,35713.79999923706,1,13.799999237060547,13.799999237060547,35728.0,False,1,0,False,accurate,1,1,False,False,99,False,True,,,,,,,,,,,
5102,35714.0,35714.0,35717.70000076294,0,3.700000762939453,3.700000762939453,35742.0,False,1,0,False,fast,0,0,False,False,97,False,True,,,,,,,,,,,
5103,35721.0,35721.0,35724.29999923706,1,3.299999237060547,3.299999237060547,35749.0,False,1,0,False,fast,0,0,False,False,96,False,True,,,,,,,,,,,
5104,35728.0,35728.0,35748.39999771118,0,20.39999771118164,20.39999771118164,35756.0,False,1,0,False,accurate,0,0,False,False,95,False,True,,,,,,,,,,,
5109,35763.0,35763.0,35776.40000152588,1,13.400001525878906,13.400001525878906,35791.0,False,1,0,False,accurate,1,1,False,False,90,False,True,,,,,,,,,,,
5114,35798.0,35798.0,35800.79999923706,0,2.799999237060547,2.799999237060547,35826.0,False,1,0,False,fast,0,0,False,False,85,False,True,,,,,,,,,,,
5116,35812.0,35812.0,35814.60000228882,1,2.6000022888183594,2.6000022888183594,35840.0,False,1,0,False,fast,0,0,False,False,83,False,True,,,,,,,,,,,
5123,35861.0,35861.0,35885.83250246048,0,24.832502460479734,24.83250246047828,35889.0,False,1,0,False,accurate,0,0,False,False,76,False,True,,,,,,,,,,,
5125,35875.0,35875.0,35878.127500894465,1,3.127500894467039,3.1275008944649016,35903.0,False,2,1,False,fast,0,0,False,False,74,False,True,,,,,,,,,,,
5127,35889.0,35889.0,35908.59541990817,1,19.595419908165898,19.59541990816797,35917.0,False,1,0,False,accurate,1,1,False,False,72,False,True,,,,,,,,,,,
5131,35917.0,35917.0,35919.992496628365,0,2.992496628363915,2.9924966283651884,35945.0,False,1,0,False,fast,0,0,False,False,68,False,True,,,,,,,,,,,
5136,35952.0,35952.0,35954.98666585843,1,2.986665858427682,2.9866658584287507,35980.0,False,1,0,False,fast,0,0,False,False,63,False,True,,,,,,,,,,,
5137,35959.0,35959.0,35961.96333655755,0,2.9633365575472452,2.9633365575500648,35987.0,False,1,0,False,fast,0,0,False,False,62,False,True,,,,,,,,,,,
5139,35973.0,35973.0,35975.812500792046,1,2.812500792046387,2.812500792046194,36001.0,False,1,0,False,fast,0,0,False,False,60,False,True,,,,,,,,,,,
5141,35987.0,35987.0,36004.29124751091,0,17.291247510910033,17.29124751091149,36015.0,False,1,0,False,accurate,1,1,False,False,58,False,True,,,,,,,,,,,
5142,35994.0,35994.0,35996.8466658924,1,2.8466658924023305,2.846665892400779,36022.0,False,2,1,False,fast,0,0,False,False,57,False,True,,,,,,,,,,,
5143,36001.0,36001.0,36023.74458178216,1,22.744581782159702,22.744581782157184,36029.0,False,2,1,False,accurate,0,0,False,False,56,False,True,,,,,,,,,,,
5148,36036.0,36036.0,36038.69999694824,0,2.6999969482421875,2.6999969482421875,36064.0,False,1,0,False,fast,0,0,False,False,51,False,True,,,,,,,,,,,
5151,36057.0,36057.0,36061.0,1,4.0,4.0,36085.0,False,1,0,False,fast,0,0,False,False,48,False,True,,,,,,,,,,,
5152,36064.0,36064.0,36066.79999923706,0,2.799999237060547,2.799999237060547,36092.0,False,1,0,False,fast,0,0,False,False,47,False,True,,,,,,,,,,,
5156,36092.0,36092.0,36107.30000305176,1,15.300003051757812,15.300003051757812,36120.0,False,1,0,False,accurate,1,1,False,False,43,False,True,,,,,,,,,,,
5158,36106.0,36106.0,36119.09999847412,0,13.099998474121094,13.099998474121094,36134.0,False,2,1,False,accurate,1,1,False,False,41,False,True,,,,,,,,,,,
5159,36113.0,36113.0,36115.69999694824,1,2.6999969482421875,2.6999969482421875,36141.0,False,2,1,False,fast,0,0,False,False,40,False,True,,,,,,,,,,,
5163,36141.0,36141.0,36143.79999923706,1,2.799999237060547,2.799999237060547,36169.0,False,1,0,False,fast,0,0,False,False,36,False,True,,,,,,,,,,,
5171,36197.0,36197.0,36210.19999694824,0,13.199996948242188,13.199996948242188,36225.0,False,1,0,False,accurate,1,1,False,False,28,False,True,,,,,,,,,,,
5173,36211.0,36211.0,36213.79999923706,1,2.799999237060547,2.799999237060547,36239.0,False,1,0,False,fast,0,0,False,False,26,False,True,,,,,,,,,,,
5184,36288.0,36288.0,36290.70000076294,0,2.700000762939453,2.700000762939453,36316.0,False,1,0,False,fast,0,0,False,False,15,False,True,,,,,,,,,,,
5186,36302.0,36302.0,36326.40000152588,1,24.400001525878906,24.400001525878906,36330.0,False,1,0,False,accurate,0,0,False,False,13,False,True,,,,,,,,,,,
5187,36309.0,36309.0,36311.69999694824,0,2.6999969482421875,2.6999969482421875,36337.0,False,2,1,False,fast,0,0,False,False,12,False,True,,,,,,,,,,,
5188,36316.0,36316.0,36318.70000076294,0,2.700000762939453,2.700000762939453,36344.0,False,2,1,False,fast,0,0,False,False,11,False,True,,,,,,,,,,,
5193,36351.0,36351.0,36373.39999771118,0,22.39999771118164,22.39999771118164,36379.0,False,1,0,False,accurate,0,0,False,False,6,False,True,,,,,,,,,,,
5194,36358.0,36358.0,36360.89999771118,1,2.8999977111816406,2.8999977111816406,36386.0,False,2,1,False,fast,0,0,False,False,5,False,True,,,,,,,,,,,
5196,36372.0,36372.0,36374.79999923706,1,2.799999237060547,2.799999237060547,36400.0,False,2,1,False,fast,0,0,False,False,3,False,True,,,,,,,,,,,
5197,36379.0,36379.0,36381.79999923706,0,2.799999237060547,2.799999237060547,36407.0,False,1,0,False,fast,0,0,False,False,2,True,True,,,,,,,,,,,
5205,36435.0,36435.0,36438.0,1,3.0,3.0,36463.0,False,1,0,False,fast,0,0,False,False,94,False,True,,,,,,,,,,,
5206,36442.0,36442.0,36472.0,0,30.0,30.0,36470.0,True,1,0,False,accurate,0,0,False,False,93,False,False,,,,,,,,,,,
5207,36449.0,36449.0,36451.80000305176,1,2.8000030517578125,2.8000030517578125,36477.0,False,2,1,False,fast,0,0,False,False,92,False,True,,,,,,,,,,,
5208,36456.0,36456.0,36458.70000076294,1,2.700000762939453,2.700000762939453,36484.0,False,2,1,False,fast,0,0,False,False,91,False,True,,,,,,,,,,,
5211,36477.0,36477.0,36479.89999771118,1,2.8999977111816406,2.8999977111816406,36505.0,False,1,0,False,fast,0,0,False,False,88,False,True,,,,,,,,,,,
5214,36498.0,36498.0,36500.79999923706,0,2.799999237060547,2.799999237060547,36526.0,False,1,0,False,fast,0,0,False,False,85,False,True,,,,,,,,,,,
5218,36526.0,36526.0,36541.0,1,15.0,15.0,36554.0,False,1,0,False,accurate,1,1,False,False,81,False,True,,,,,,,,,,,
5219,36533.0,36533.0,36535.79999923706,0,2.799999237060547,2.799999237060547,36561.0,False,2,1,False,fast,0,0,False,False,80,False,True,,,,,,,,,,,
5221,36547.0,36547.0,36558.10000228882,0,11.10000228881836,11.10000228881836,36575.0,False,1,0,False,accurate,1,1,False,False,78,False,True,,,,,,,,,,,
5223,36561.0,36561.0,36563.90000152588,1,2.9000015258789062,2.9000015258789062,36589.0,False,1,0,False,fast,0,0,False,False,76,False,True,,,,,,,,,,,
5224,36568.0,36568.0,36570.80000305176,0,2.8000030517578125,2.8000030517578125,36596.0,False,1,0,False,fast,0,0,False,False,75,False,True,,,,,,,,,,,
5225,36575.0,36575.0,36577.79999923706,1,2.799999237060547,2.799999237060547,36603.0,False,1,0,False,fast,0,0,False,False,74,False,True,,,,,,,,,,,
5226,36582.0,36582.0,36584.80000305176,0,2.8000030517578125,2.8000030517578125,36610.0,False,1,0,False,fast,0,0,False,False,73,False,True,,,,,,,,,,,
5228,36596.0,36596.0,36607.79999923706,1,11.799999237060547,11.799999237060547,36624.0,False,1,0,False,accurate,1,1,False,False,71,False,True,,,,,,,,,,,
5230,36610.0,36610.0,36612.80000305176,0,2.8000030517578125,2.8000030517578125,36638.0,False,1,0,False,fast,0,0,False,False,69,False,True,,,,,,,,,,,
5234,36638.0,36638.0,36640.70000076294,1,2.700000762939453,2.700000762939453,36666.0,False,1,0,False,fast,0,0,False,False,65,False,True,,,,,,,,,,,
5236,36652.0,36652.0,36672.60000228882,0,20.60000228881836,20.60000228881836,36680.0,False,1,0,False,accurate,0,0,False,False,63,False,True,,,,,,,,,,,
5237,36659.0,36659.0,36670.79999923706,1,11.799999237060547,11.799999237060547,36687.0,False,2,1,False,accurate,1,1,False,False,62,False,True,,,,,,,,,,,
5239,36673.0,36673.0,36675.70000076294,1,2.700000762939453,2.700000762939453,36701.0,False,1,0,False,fast,0,0,False,False,60,False,True,,,,,,,,,,,
5241,36687.0,36687.0,36689.79999923706,0,2.799999237060547,2.799999237060547,36715.0,False,1,0,False,fast,0,0,False,False,58,False,True,,,,,,,,,,,
5244,36708.0,36708.0,36722.399993896484,1,14.399993896484375,14.399993896484375,36736.0,False,1,0,False,accurate,1,1,False,False,55,False,True,,,,,,,,,,,
5245,36715.0,36715.0,36718.39999771118,0,3.3999977111816406,3.3999977111816406,36743.0,False,2,1,False,fast,0,0,False,False,54,False,True,,,,,,,,,,,
5250,36750.0,36750.0,36752.90000152588,0,2.9000015258789062,2.9000015258789062,36778.0,False,1,0,False,fast,0,0,False,False,49,False,True,,,,,,,,,,,
5257,36799.0,36799.0,36801.90000152588,1,2.9000015258789062,2.9000015258789062,36827.0,False,1,0,False,fast,0,0,False,False,42,False,True,,,,,,,,,,,
5263,36841.0,36841.0,36843.79999923706,0,2.799999237060547,2.799999237060547,36869.0,False,1,0,False,fast,0,0,False,False,36,False,True,,,,,,,,,,,
5266,36862.0,36862.0,36864.79999923706,1,2.799999237060547,2.799999237060547,36890.0,False,1,0,False,fast,0,0,False,False,33,False,True,,,,,,,,,,,
5268,36876.0,36876.0,36878.90000152588,0,2.9000015258789062,2.9000015258789062,36904.0,False,1,0,False,fast,0,0,False,False,31,False,True,,,,,,,,,,,
5269,36883.0,36883.0,36885.70000076294,1,2.700000762939453,2.700000762939453,36911.0,False,1,0,False,fast,0,0,False,False,30,False,True,,,,,,,,,,,
5270,36890.0,36890.0,36914.90000152588,0,24.900001525878906,24.900001525878906,36918.0,False,1,0,False,accurate,0,0,False,False,29,False,True,,,,,,,,,,,
5272,36904.0,36904.0,36906.89999771118,1,2.8999977111816406,2.8999977111816406,36932.0,False,2,1,False,fast,0,0,False,False,27,False,True,,,,,,,,,,,
5273,36911.0,36911.0,36913.79999923706,1,2.799999237060547,2.799999237060547,36939.0,False,2,1,False,fast,0,0,False,False,26,False,True,,,,,,,,,,,
5278,36946.0,36946.0,36949.79999923706,1,3.799999237060547,3.799999237060547,36974.0,False,1,0,False,fast,0,0,False,False,21,False,True,,,,,,,,,,,
5281,36967.0,36967.0,36993.232084389725,0,26.23208438972631,26.23208438972506,36995.0,False,1,0,False,accurate,0,0,False,False,18,False,True,,,,,,,,,,,
5284,36988.0,36988.0,37009.53332468827,1,21.53332468827573,21.53332468827284,37016.0,False,2,1,False,accurate,1,1,False,False,15,False,True,,,,,,,,,,,
5287,37009.0,37009.0,37033.83083082001,0,24.830830820004167,24.830830820006668,37037.0,False,2,1,False,accurate,0,0,False,False,12,False,True,,,,,,,,,,,
5289,37023.0,37023.0,37046.287501096725,1,23.287501096725464,23.287501096725464,37051.0,False,2,1,False,accurate,1,1,False,False,10,False,True,,,,,,,,,,,
5291,37037.0,37037.0,37040.10333249887,0,3.1033324988683035,3.1033324988675304,37065.0,False,2,1,False,fast,0,0,False,False,8,False,True,,,,,,,,,,,
5294,37058.0,37058.0,37061.033332501254,0,3.033332501252494,3.0333325012543355,37086.0,False,1,0,False,fast,0,0,False,False,5,False,True,,,,,,,,,,,
5295,37065.0,37065.0,37082.675004816054,1,17.675004816055296,17.675004816053843,37093.0,False,1,0,False,accurate,1,1,False,False,4,False,True,,,,,,,,,,,
5296,37072.0,37072.0,37075.09333089769,0,3.0933308976888614,3.0933308976891567,37100.0,False,2,1,False,fast,0,0,False,False,3,False,True,,,,,,,,,,,
5299,37093.0,37093.0,37095.916665869154,0,2.91666586915652,2.916665869153803,37121.0,False,1,0,False,fast,0,0,False,True,0,True,True,,,,,,,,,,,
5300,37100.0,37100.0,37121.32833169585,1,21.328331695844724,21.328331695847737,37128.0,False,1,0,False,accurate,1,1,False,False,99,False,True,,,,,,,,,,,
5301,37107.0,37107.0,37120.15875248909,0,13.158752489089965,13.158752489092876,37135.0,False,2,1,False,accurate,1,1,False,False,98,False,True,,,,,,,,,,,
5302,37114.0,37120.15875248909,37136.35125170825,0,16.192499219154314,22.351251708249038,37142.0,False,3,2,False,accurate,1,1,False,False,97,False,True,,,,,,,,,,,
5303,37121.0,37121.32833169585,37140.9854134754,1,19.657081779552,19.985413475398673,37149.0,False,3,2,False,accurate,0,0,False,False,96,False,True,,,,,,,,,,,
5305,37135.0,37136.35125170825,37147.35125170825,0,11.0,12.351251708249038,37163.0,False,3,2,False,accurate,1,1,False,False,94,False,True,,,,,,,,,,,
5306,37142.0,37142.0,37144.79999923706,1,2.799999237060547,2.799999237060547,37170.0,False,2,1,False,fast,0,0,False,False,93,False,True,,,,,,,,,,,
5307,37149.0,37149.0,37151.69999694824,1,2.6999969482421875,2.6999969482421875,37177.0,False,1,0,False,fast,0,0,False,False,92,False,True,,,,,,,,,,,
5312,37184.0,37184.0,37186.69999694824,0,2.6999969482421875,2.6999969482421875,37212.0,False,1,0,False,fast,0,0,False,False,87,False,True,,,,,,,,,,,
5313,37191.0,37191.0,37193.69999694824,1,2.6999969482421875,2.6999969482421875,37219.0,False,1,0,False,fast,0,0,False,False,86,False,True,,,,,,,,,,,
5318,37226.0,37226.0,37251.20000076294,0,25.200000762939453,25.200000762939453,37254.0,False,1,0,False,accurate,0,0,False,False,81,False,True,,,,,,,,,,,
5320,37240.0,37240.0,37242.79999923706,1,2.799999237060547,2.799999237060547,37268.0,False,2,1,False,fast,0,0,False,False,79,False,True,,,,,,,,,,,
5321,37247.0,37247.0,37250.90000152588,1,3.9000015258789062,3.9000015258789062,37275.0,False,2,1,False,fast,0,0,False,False,78,False,True,,,,,,,,,,,
5322,37254.0,37254.0,37268.59999847412,1,14.599998474121094,14.599998474121094,37282.0,False,1,0,False,accurate,1,1,False,False,77,False,True,,,,,,,,,,,
5327,37289.0,37289.0,37291.70000076294,0,2.700000762939453,2.700000762939453,37317.0,False,1,0,False,fast,0,0,False,False,72,False,True,,,,,,,,,,,
5328,37296.0,37296.0,37298.70000457764,1,2.7000045776367188,2.7000045776367188,37324.0,False,1,0,False,fast,0,0,False,False,71,False,True,,,,,,,,,,,
5333,37331.0,37331.0,37333.70000076294,0,2.700000762939453,2.700000762939453,37359.0,False,1,0,False,fast,0,0,False,False,66,False,True,,,,,,,,,,,
5334,37338.0,37338.0,37360.19999694824,1,22.199996948242188,22.199996948242188,37366.0,False,1,0,False,accurate,0,0,False,False,65,False,True,,,,,,,,,,,
5335,37345.0,37345.0,37347.70000076294,0,2.700000762939453,2.700000762939453,37373.0,False,2,1,False,fast,0,0,False,False,64,False,True,,,,,,,,,,,
5337,37359.0,37359.0,37361.70000076294,0,2.700000762939453,2.700000762939453,37387.0,False,2,1,False,fast,0,0,False,False,62,False,True,,,,,,,,,,,
5348,37436.0,37436.0,37438.79999923706,1,2.799999237060547,2.799999237060547,37464.0,False,1,0,False,fast,0,0,False,False,51,False,True,,,,,,,,,,,
5352,37464.0,37464.0,37466.80000305176,0,2.8000030517578125,2.8000030517578125,37492.0,False,1,0,False,fast,0,0,False,False,47,False,True,,,,,,,,,,,
5353,37471.0,37471.0,37473.79999923706,1,2.799999237060547,2.799999237060547,37499.0,False,1,0,False,fast,0,0,False,False,46,False,True,,,,,,,,,,,
5354,37478.0,37478.0,37501.10000228882,0,23.10000228881836,23.10000228881836,37506.0,False,1,0,False,accurate,0,0,False,False,45,False,True,,,,,,,,,,,
5355,37485.0,37485.0,37497.40000152588,1,12.400001525878906,12.400001525878906,37513.0,False,2,1,False,accurate,1,1,False,False,44,False,True,,,,,,,,,,,
5357,37499.0,37499.0,37501.79999923706,1,2.799999237060547,2.799999237060547,37527.0,False,2,1,False,fast,0,0,False,False,42,False,True,,,,,,,,,,,
5358,37506.0,37506.0,37508.69999694824,0,2.6999969482421875,2.6999969482421875,37534.0,False,1,0,False,fast,0,0,False,False,41,False,True,,,,,,,,,,,
5360,37520.0,37520.0,37522.60000228882,1,2.6000022888183594,2.6000022888183594,37548.0,False,1,0,False,fast,0,0,False,False,39,False,True,,,,,,,,,,,
5363,37541.0,37541.0,37555.70000076294,0,14.700000762939453,14.700000762939453,37569.0,False,1,0,False,accurate,1,1,False,False,36,False,True,,,,,,,,,,,
5364,37548.0,37548.0,37550.60000228882,1,2.6000022888183594,2.6000022888183594,37576.0,False,2,1,False,fast,0,0,False,False,35,False,True,,,,,,,,,,,
5367,37569.0,37569.0,37585.59999847412,1,16.599998474121094,16.599998474121094,37597.0,False,1,0,False,accurate,1,1,False,False,32,False,True,,,,,,,,,,,
5368,37576.0,37576.0,37578.70000457764,0,2.7000045776367188,2.7000045776367188,37604.0,False,2,1,False,fast,0,0,False,False,31,False,True,,,,,,,,,,,
5371,37597.0,37597.0,37601.19999694824,0,4.1999969482421875,4.1999969482421875,37625.0,False,1,0,False,fast,0,0,False,False,28,False,True,,,,,,,,,,,
5373,37611.0,37611.0,37613.70000076294,1,2.700000762939453,2.700000762939453,37639.0,False,1,0,False,fast,0,0,False,False,26,False,True,,,,,,,,,,,
5374,37618.0,37618.0,37629.89999771118,0,11.89999771118164,11.89999771118164,37646.0,False,1,0,False,accurate,1,1,False,False,25,False,True,,,,,,,,,,,
5375,37625.0,37625.0,37637.59999847412,1,12.599998474121094,12.599998474121094,37653.0,False,2,1,False,accurate,1,1,False,False,24,False,True,,,,,,,,,,,
5378,37646.0,37646.0,37648.599994659424,0,2.599994659423828,2.599994659423828,37674.0,False,1,0,False,fast,0,0,False,False,21,False,True,,,,,,,,,,,
5379,37653.0,37653.0,37655.70000076294,1,2.700000762939453,2.700000762939453,37681.0,False,1,0,False,fast,0,0,False,False,20,False,True,,,,,,,,,,,
5380,37660.0,37660.0,37684.0,0,24.0,24.0,37688.0,False,1,0,False,accurate,1,1,False,False,19,False,True,,,,,,,,,,,
5381,37667.0,37667.0,37680.60000228882,1,13.60000228881836,13.60000228881836,37695.0,False,2,1,False,accurate,1,1,False,False,18,False,True,,,,,,,,,,,
5383,37681.0,37681.0,37696.09999847412,1,15.099998474121094,15.099998474121094,37709.0,False,2,1,False,accurate,1,1,False,False,16,False,True,,,,,,,,,,,
5384,37688.0,37688.0,37700.70000076294,0,12.700000762939453,12.700000762939453,37716.0,False,2,1,False,accurate,1,1,False,False,15,False,True,,,,,,,,,,,
5387,37709.0,37709.0,37711.70000076294,1,2.700000762939453,2.700000762939453,37737.0,False,1,0,False,fast,0,0,False,False,12,False,True,,,,,,,,,,,
5388,37716.0,37716.0,37718.70000076294,0,2.700000762939453,2.700000762939453,37744.0,False,1,0,False,fast,0,0,False,False,11,False,True,,,,,,,,,,,
5390,37730.0,37730.0,37732.69999694824,1,2.6999969482421875,2.6999969482421875,37758.0,False,1,0,False,fast,0,0,False,False,9,False,True,,,,,,,,,,,
5391,37737.0,37737.0,37750.099994659424,0,13.099994659423828,13.099994659423828,37765.0,False,1,0,False,accurate,1,1,False,False,8,False,True,,,,,,,,,,,
5392,37744.0,37744.0,37746.70000457764,1,2.7000045776367188,2.7000045776367188,37772.0,False,2,1,False,fast,0,0,False,False,7,False,True,,,,,,,,,,,
5395,37765.0,37765.0,37767.89999771118,1,2.8999977111816406,2.8999977111816406,37793.0,False,1,0,False,fast,0,0,False,False,4,False,True,,,,,,,,,,,
5404,37828.0,37828.0,37830.90000152588,0,2.9000015258789062,2.9000015258789062,37856.0,False,1,0,False,fast,0,0,False,False,95,False,True,,,,,,,,,,,
5410,37870.0,37870.0,37872.9999961853,1,2.9999961853027344,2.9999961853027344,37898.0,False,1,0,False,fast,0,0,False,False,89,False,True,,,,,,,,,,,
5412,37884.0,37884.0,37886.90000152588,0,2.9000015258789062,2.9000015258789062,37912.0,False,1,0,False,fast,0,0,False,False,87,False,True,,,,,,,,,,,
5413,37891.0,37891.0,37893.79999923706,1,2.799999237060547,2.799999237060547,37919.0,False,1,0,False,fast,0,0,False,False,86,False,True,,,,,,,,,,,
5415,37905.0,37905.0,37907.69999694824,0,2.6999969482421875,2.6999969482421875,37933.0,False,1,0,False,fast,0,0,False,False,84,False,True,,,,,,,,,,,
5416,37912.0,37912.0,37914.69999694824,1,2.6999969482421875,2.6999969482421875,37940.0,False,1,0,False,fast,0,0,False,False,83,False,True,,,,,,,,,,,
5420,37940.0,37940.0,37942.80000305176,0,2.8000030517578125,2.8000030517578125,37968.0,False,1,0,False,fast,0,0,False,False,79,False,True,,,,,,,,,,,
5425,37975.0,37975.0,37989.59999847412,1,14.599998474121094,14.599998474121094,38003.0,False,1,0,False,accurate,1,1,False,False,74,False,True,,,,,,,,,,,
5430,38010.0,38010.0,38028.09999847412,0,18.099998474121094,18.099998474121094,38038.0,False,1,0,False,accurate,1,1,False,False,69,False,True,,,,,,,,,,,
5432,38024.0,38024.0,38043.70000076294,1,19.700000762939453,19.700000762939453,38052.0,False,2,1,False,accurate,1,1,False,False,67,False,True,,,,,,,,,,,
5438,38066.0,38066.0,38068.90000152588,0,2.9000015258789062,2.9000015258789062,38094.0,False,1,0,False,fast,0,0,False,False,61,False,True,,,,,,,,,,,
5439,38073.0,38073.0,38075.79999923706,1,2.799999237060547,2.799999237060547,38101.0,False,1,0,False,fast,0,0,False,False,60,False,True,,,,,,,,,,,
5440,38080.0,38080.0,38105.669997406,0,25.66999740600586,25.66999740600295,38108.0,False,1,0,False,accurate,0,0,False,False,59,False,True,,,,,,,,,,,
5442,38094.0,38094.0,38113.371665578285,1,19.371665578285842,19.371665578284592,38122.0,False,2,1,False,accurate,0,0,False,False,57,False,True,,,,,,,,,,,
5443,38101.0,38105.669997406,38124.213747406,0,18.54375,23.21374740600004,38129.0,False,3,2,False,accurate,1,1,False,False,56,False,True,,,,,,,,,,,
5445,38115.0,38115.0,38137.06916212122,1,22.069162121216415,22.069162121217232,38143.0,False,2,1,False,accurate,0,0,False,False,54,False,True,,,,,,,,,,,
5446,38122.0,38124.213747406,38127.548749160764,0,3.335001754760742,5.548749160763691,38150.0,False,3,2,False,fast,0,0,False,False,53,False,True,,,,,,,,,,,
5450,38150.0,38150.0,38153.126670063335,0,3.1266700633366784,3.126670063335041,38178.0,False,1,0,False,fast,0,0,False,False,49,False,True,,,,,,,,,,,
5451,38157.0,38157.0,38160.21416836937,1,3.214168369372692,3.2141683693698724,38185.0,False,1,0,False,fast,0,0,False,False,48,False,True,,,,,,,,,,,
5452,38164.0,38164.0,38166.85999832153,0,2.859998321533203,2.859998321531748,38192.0,False,1,0,False,fast,0,0,False,False,47,False,True,,,,,,,,,,,
5453,38171.0,38171.0,38192.13332840602,1,21.133328406016005,21.133328406016517,38199.0,False,1,0,False,accurate,0,0,False,False,46,False,True,,,,,,,,,,,
5457,38199.0,38199.0,38202.17499595682,0,3.17499595681827,3.174995956818748,38227.0,False,1,0,False,fast,0,0,False,False,42,False,True,,,,,,,,,,,
5459,38213.0,38213.0,38216.02083094627,1,3.020830946266653,3.0208309462686884,38241.0,False,1,0,False,fast,0,0,False,False,40,False,True,,,,,,,,,,,
5462,38234.0,38234.0,38237.15166511689,0,3.151665116896231,3.1516651168931276,38262.0,False,1,0,False,fast,0,0,False,False,37,False,True,,,,,,,,,,,
5463,38241.0,38241.0,38243.72250076997,1,2.722500769967834,2.722500769967155,38269.0,False,1,0,False,fast,0,0,False,False,36,False,True,,,,,,,,,,,
5464,38248.0,38248.0,38261.29999923706,0,13.299999237060547,13.299999237060547,38276.0,False,1,0,False,accurate,1,1,False,False,35,False,True,,,,,,,,,,,
5465,38255.0,38255.0,38257.79999923706,1,2.799999237060547,2.799999237060547,38283.0,False,2,1,False,fast,0,0,False,False,34,False,True,,,,,,,,,,,
5466,38262.0,38262.0,38264.69999694824,1,2.6999969482421875,2.6999969482421875,38290.0,False,1,0,False,fast,0,0,False,False,33,False,True,,,,,,,,,,,
5467,38269.0,38269.0,38272.20000076294,0,3.200000762939453,3.200000762939453,38297.0,False,1,0,False,fast,0,0,False,False,32,False,True,,,,,,,,,,,
5469,38283.0,38283.0,38285.70000076294,1,2.700000762939453,2.700000762939453,38311.0,False,1,0,False,fast,0,0,False,False,30,False,True,,,,,,,,,,,
5471,38297.0,38297.0,38310.70000076294,0,13.700000762939453,13.700000762939453,38325.0,False,1,0,False,accurate,1,1,False,False,28,False,True,,,,,,,,,,,
5476,38332.0,38332.0,38334.79999923706,1,2.799999237060547,2.799999237060547,38360.0,False,1,0,False,fast,0,0,False,False,23,False,True,,,,,,,,,,,
5477,38339.0,38339.0,38341.69999694824,0,2.6999969482421875,2.6999969482421875,38367.0,False,1,0,False,fast,0,0,False,False,22,False,True,,,,,,,,,,,
5479,38353.0,38353.0,38355.79999923706,1,2.799999237060547,2.799999237060547,38381.0,False,1,0,False,fast,0,0,False,False,20,False,True,,,,,,,,,,,
5485,38395.0,38395.0,38397.89999771118,0,2.8999977111816406,2.8999977111816406,38423.0,False,1,0,False,fast,0,0,False,False,14,False,True,,,,,,,,,,,
5487,38409.0,38409.0,38411.79999923706,1,2.799999237060547,2.799999237060547,38437.0,False,1,0,False,fast,0,0,False,False,12,False,True,,,,,,,,,,,
5491,38437.0,38437.0,38440.79999923706,0,3.799999237060547,3.799999237060547,38465.0,False,1,0,False,fast,0,0,False,False,8,False,True,,,,,,,,,,,
5492,38444.0,38444.0,38446.80000305176,1,2.8000030517578125,2.8000030517578125,38472.0,False,1,0,False,fast,0,0,False,False,7,False,True,,,,,,,,,,,
5501,38507.0,38507.0,38509.79999923706,0,2.799999237060547,2.799999237060547,38535.0,False,1,0,False,fast,0,0,False,False,98,False,True,,,,,,,,,,,
5503,38521.0,38521.0,38523.90000152588,1,2.9000015258789062,2.9000015258789062,38549.0,False,1,0,False,fast,0,0,False,False,96,False,True,,,,,,,,,,,
5512,38584.0,38584.0,38603.40000152588,0,19.400001525878906,19.400001525878906,38612.0,False,1,0,False,accurate,0,0,False,False,87,False,True,,,,,,,,,,,
5513,38591.0,38591.0,38593.79999923706,1,2.799999237060547,2.799999237060547,38619.0,False,2,1,False,fast,0,0,False,False,86,False,True,,,,,,,,,,,
5515,38605.0,38605.0,38607.70000076294,1,2.700000762939453,2.700000762939453,38633.0,False,1,0,False,fast,0,0,False,False,84,False,True,,,,,,,,,,,
5516,38612.0,38612.0,38614.89999771118,0,2.8999977111816406,2.8999977111816406,38640.0,False,1,0,False,fast,0,0,False,False,83,False,True,,,,,,,,,,,
5518,38626.0,38626.0,38628.80000305176,1,2.8000030517578125,2.8000030517578125,38654.0,False,1,0,False,fast,0,0,False,False,81,False,True,,,,,,,,,,,
5519,38633.0,38633.0,38635.69999694824,0,2.6999969482421875,2.6999969482421875,38661.0,False,1,0,False,fast,0,0,False,False,80,False,True,,,,,,,,,,,
5524,38668.0,38668.0,38670.79999923706,1,2.799999237060547,2.799999237060547,38696.0,False,1,0,False,fast,0,0,False,False,75,False,True,,,,,,,,,,,
5531,38717.0,38717.0,38719.70000457764,0,2.7000045776367188,2.7000045776367188,38745.0,False,1,0,False,fast,0,0,False,False,68,False,True,,,,,,,,,,,
5532,38724.0,38724.0,38726.70000076294,1,2.700000762939453,2.700000762939453,38752.0,False,1,0,False,fast,0,0,False,False,67,False,True,,,,,,,,,,,
5534,38738.0,38738.0,38740.79999923706,0,2.799999237060547,2.799999237060547,38766.0,False,1,0,False,fast,0,0,False,False,65,False,True,,,,,,,,,,,
5539,38773.0,38773.0,38775.70000076294,1,2.700000762939453,2.700000762939453,38801.0,False,1,0,False,fast,0,0,False,False,60,False,True,,,,,,,,,,,
5540,38780.0,38780.0,38782.60000228882,0,2.6000022888183594,2.6000022888183594,38808.0,False,1,0,False,fast,0,0,False,False,59,False,True,,,,,,,,,,,
5541,38787.0,38787.0,38789.70000076294,1,2.700000762939453,2.700000762939453,38815.0,False,1,0,False,fast,0,0,False,False,58,False,True,,,,,,,,,,,
5542,38794.0,38794.0,38796.70000076294,0,2.700000762939453,2.700000762939453,38822.0,False,1,0,False,fast,0,0,False,False,57,False,True,,,,,,,,,,,
5543,38801.0,38801.0,38803.79999923706,1,2.799999237060547,2.799999237060547,38829.0,False,1,0,False,fast,0,0,False,False,56,False,True,,,,,,,,,,,
5544,38808.0,38808.0,38810.69999694824,0,2.6999969482421875,2.6999969482421875,38836.0,False,1,0,False,fast,0,0,False,False,55,False,True,,,,,,,,,,,
5550,38850.0,38850.0,38852.69999694824,1,2.6999969482421875,2.6999969482421875,38878.0,False,1,0,False,fast,0,0,False,False,49,False,True,,,,,,,,,,,
5554,38878.0,38878.0,38880.70000076294,0,2.700000762939453,2.700000762939453,38906.0,False,1,0,False,fast,0,0,False,False,45,False,True,,,,,,,,,,,
5555,38885.0,38885.0,38905.69999694824,1,20.699996948242188,20.699996948242188,38913.0,False,1,0,False,accurate,0,0,False,False,44,False,True,,,,,,,,,,,
5556,38892.0,38892.0,38894.79999923706,0,2.799999237060547,2.799999237060547,38920.0,False,2,1,False,fast,0,0,False,False,43,False,True,,,,,,,,,,,
5558,38906.0,38906.0,38909.29999923706,0,3.299999237060547,3.299999237060547,38934.0,False,1,0,False,fast,0,0,False,False,41,False,True,,,,,,,,,,,
5563,38941.0,38941.0,38943.70000076294,1,2.700000762939453,2.700000762939453,38969.0,False,1,0,False,fast,0,0,False,False,36,False,True,,,,,,,,,,,
5564,38948.0,38948.0,38950.9999961853,0,2.9999961853027344,2.9999961853027344,38976.0,False,1,0,False,fast,0,0,False,False,35,False,True,,,,,,,,,,,
5565,38955.0,38955.0,38958.20000457764,1,3.2000045776367188,3.2000045776367188,38983.0,False,1,0,False,fast,0,0,False,False,34,False,True,,,,,,,,,,,
5566,38962.0,38962.0,38966.59999847412,0,4.599998474121094,4.599998474121094,38990.0,False,1,0,False,fast,0,0,False,False,33,False,True,,,,,,,,,,,
5568,38976.0,38976.0,38988.19999694824,1,12.199996948242188,12.199996948242188,39004.0,False,1,0,False,accurate,1,1,False,False,31,False,True,,,,,,,,,,,
5569,38983.0,38983.0,39025.10000228882,0,42.10000228881836,42.10000228881836,39011.0,True,2,1,False,fast,0,0,False,False,30,False,False,,,,,,,,,,,
5570,38990.0,38990.0,39024.09999847412,1,34.099998474121094,34.099998474121094,39018.0,True,2,1,False,accurate,1,1,False,False,29,False,False,,,,,,,,,,,
5572,39004.0,39024.09999847412,39032.19999694824,1,8.099998474121094,28.199996948242188,39032.0,True,3,2,False,fast,0,0,False,False,27,False,False,,,,,,,,,,,
5577,39039.0,39039.0,39043.4999961853,0,4.499996185302734,4.499996185302734,39067.0,False,1,0,False,fast,0,0,False,False,22,False,True,,,,,,,,,,,
5578,39046.0,39046.0,39050.5,1,4.5,4.5,39074.0,False,1,0,False,fast,0,0,False,False,21,False,True,,,,,,,,,,,
5579,39053.0,39053.0,39057.5,0,4.5,4.5,39081.0,False,1,0,False,fast,0,0,False,False,20,False,True,,,,,,,,,,,
5584,39088.0,39088.0,39092.39999771118,1,4.399997711181641,4.399997711181641,39116.0,False,1,0,False,fast,0,0,False,False,15,False,True,,,,,,,,,,,
5585,39095.0,39095.0,39099.59999847412,0,4.599998474121094,4.599998474121094,39123.0,False,1,0,False,fast,0,0,False,False,14,False,True,,,,,,,,,,,
5586,39102.0,39102.0,39104.90000152588,1,2.9000015258789062,2.9000015258789062,39130.0,False,1,0,False,fast,0,0,False,False,13,False,True,,,,,,,,,,,
5587,39109.0,39109.0,39111.70000076294,0,2.700000762939453,2.700000762939453,39137.0,False,1,0,False,fast,0,0,False,False,12,False,True,,,,,,,,,,,
5590,39130.0,39130.0,39132.90000152588,1,2.9000015258789062,2.9000015258789062,39158.0,False,1,0,False,fast,0,0,False,False,9,False,True,,,,,,,,,,,
5591,39137.0,39137.0,39141.90000152588,0,4.900001525878906,4.900001525878906,39165.0,False,1,0,False,fast,0,0,False,False,8,False,True,,,,,,,,,,,
5595,39165.0,39165.0,39177.69999694824,1,12.699996948242188,12.699996948242188,39193.0,False,1,0,False,accurate,1,1,False,False,4,False,True,,,,,,,,,,,
5597,39179.0,39179.0,39181.79999923706,0,2.799999237060547,2.799999237060547,39207.0,False,1,0,False,fast,0,0,False,False,2,True,True,,,,,,,,,,,
5603,39221.0,39221.0,39247.12250123024,1,26.122501230239866,26.122501230238413,39249.0,False,1,0,False,accurate,0,0,False,False,96,False,True,,,,,,,,,,,
5606,39242.0,39242.0,39258.165003490445,0,16.165003490447997,16.165003490445088,39270.0,False,2,1,False,accurate,1,1,False,False,93,False,True,,,,,,,,,,,
5607,39249.0,39249.0,39252.31083070874,1,3.310830708742151,3.3108307087386493,39277.0,False,2,1,False,fast,0,0,False,False,92,False,True,,,,,,,,,,,
5608,39256.0,39256.0,39276.826667983136,1,20.826667983134598,20.82666798313585,39284.0,False,2,1,False,accurate,1,1,False,False,91,False,True,,,,,,,,,,,
5611,39277.0,39277.0,39303.066252367295,0,26.06625236729783,26.06625236729451,39305.0,False,1,0,False,accurate,0,0,False,False,88,False,True,,,,,,,,,,,
5614,39298.0,39298.0,39321.89583320469,1,23.895833204686642,23.895833204689552,39326.0,False,2,1,False,accurate,0,0,False,False,85,False,True,,,,,,,,,,,
5616,39312.0,39312.0,39314.88000081917,0,2.880000819166503,2.8800008191683446,39340.0,False,2,1,False,fast,0,0,False,False,83,False,True,,,,,,,,,,,
5617,39319.0,39319.0,39341.15666837613,0,22.156668376127868,22.156668376126618,39347.0,False,2,1,False,accurate,1,1,False,False,82,False,True,,,,,,,,,,,
5618,39326.0,39326.0,39352.320001792905,1,26.320001792907714,26.320001792904804,39354.0,False,2,1,False,accurate,1,1,False,False,81,False,True,,,,,,,,,,,
5619,39333.0,39341.15666837613,39344.07333424528,0,2.91666586915652,11.07333424528042,39361.0,False,3,2,False,fast,0,0,False,False,80,False,True,,,,,,,,,,,
5620,39340.0,39344.07333424528,39346.96666679302,0,2.8933325477441145,6.966666793021432,39368.0,False,4,3,False,fast,0,0,False,False,79,False,True,,,,,,,,,,,
5625,39375.0,39375.0,39390.59999847412,0,15.599998474121094,15.599998474121094,39403.0,False,1,0,False,accurate,1,1,False,False,74,False,True,,,,,,,,,,,
5634,39438.0,39438.0,39441.0,1,3.0,3.0,39466.0,False,1,0,False,fast,0,0,False,False,65,False,True,,,,,,,,,,,
5635,39445.0,39445.0,39475.79999923706,0,30.799999237060547,30.799999237060547,39473.0,True,1,0,False,accurate,0,0,False,False,64,False,False,,,,,,,,,,,
5636,39452.0,39452.0,39486.30000305176,1,34.30000305175781,34.30000305175781,39480.0,True,2,1,False,accurate,0,0,False,False,63,False,False,,,,,,,,,,,
5638,39466.0,39475.79999923706,39504.09999847412,0,28.299999237060547,38.099998474121094,39494.0,True,3,2,False,accurate,0,0,False,False,61,False,False,,,,,,,,,,,
5639,39473.0,39486.30000305176,39512.79999923706,1,26.499996185302734,39.79999923706055,39501.0,True,4,3,False,accurate,0,0,False,False,60,False,False,,,,,,,,,,,
5642,39494.0,39504.09999847412,39508.5,0,4.400001525878906,14.5,39522.0,False,3,2,False,fast,0,0,False,False,57,False,True,,,,,,,,,,,
5643,39501.0,39508.5,39513.79999923706,0,5.299999237060547,12.799999237060547,39529.0,False,4,3,False,fast,0,0,False,False,56,False,True,,,,,,,,,,,
5644,39508.0,39512.79999923706,39517.09999847412,1,4.299999237060547,9.099998474121094,39536.0,False,4,3,False,fast,0,0,False,False,55,False,True,,,,,,,,,,,
5648,39536.0,39536.0,39542.39999771118,0,6.399997711181641,6.399997711181641,39564.0,False,1,0,False,fast,0,0,False,False,51,False,True,,,,,,,,,,,
5649,39543.0,39543.0,39549.09999847412,1,6.099998474121094,6.099998474121094,39571.0,False,1,0,False,fast,0,0,False,False,50,False,True,,,,,,,,,,,
5651,39557.0,39557.0,39560.70000076294,0,3.700000762939453,3.700000762939453,39585.0,False,1,0,False,fast,0,0,False,False,48,False,True,,,,,,,,,,,
5658,39606.0,39606.0,39608.89999771118,1,2.8999977111816406,2.8999977111816406,39634.0,False,1,0,False,fast,0,0,False,False,41,False,True,,,,,,,,,,,
5659,39613.0,39613.0,39630.70000076294,0,17.700000762939453,17.700000762939453,39641.0,False,1,0,False,accurate,1,1,False,False,40,False,True,,,,,,,,,,,
5660,39620.0,39620.0,39642.70000076294,1,22.700000762939453,22.700000762939453,39648.0,False,2,1,False,accurate,0,0,False,False,39,False,True,,,,,,,,,,,
5661,39627.0,39630.70000076294,39643.29999923706,0,12.599998474121094,16.299999237060547,39655.0,False,3,2,False,accurate,1,1,False,False,38,False,True,,,,,,,,,,,
5662,39634.0,39642.70000076294,39660.20000457764,1,17.500003814697266,26.20000457763672,39662.0,False,3,2,False,accurate,1,1,False,False,37,False,True,,,,,,,,,,,
5663,39641.0,39643.29999923706,39655.60000228882,0,12.300003051757812,14.60000228881836,39669.0,False,4,3,False,accurate,1,1,False,False,36,False,True,,,,,,,,,,,
5665,39655.0,39655.60000228882,39669.5000038147,0,13.900001525878906,14.500003814697266,39683.0,False,3,2,False,accurate,1,1,False,False,34,False,True,,,,,,,,,,,
5666,39662.0,39662.0,39665.0,1,3.0,3.0,39690.0,False,2,1,False,fast,0,0,False,False,33,False,True,,,,,,,,,,,
5667,39669.0,39669.0,39671.90000152588,1,2.9000015258789062,2.9000015258789062,39697.0,False,2,1,False,fast,0,0,False,False,32,False,True,,,,,,,,,,,
5668,39676.0,39676.0,39678.90000152588,0,2.9000015258789062,2.9000015258789062,39704.0,False,1,0,False,fast,0,0,False,False,31,False,True,,,,,,,,,,,
5672,39704.0,39704.0,39720.29999923706,1,16.299999237060547,16.299999237060547,39732.0,False,1,0,False,accurate,1,1,False,False,27,False,True,,,,,,,,,,,
5673,39711.0,39711.0,39715.19999694824,0,4.1999969482421875,4.1999969482421875,39739.0,False,2,1,False,fast,0,0,False,False,26,False,True,,,,,,,,,,,
5676,39732.0,39732.0,39750.10000228882,0,18.10000228881836,18.10000228881836,39760.0,False,1,0,False,accurate,1,1,False,False,23,False,True,,,,,,,,,,,
5677,39739.0,39739.0,39752.19999694824,1,13.199996948242188,13.199996948242188,39767.0,False,2,1,False,accurate,1,1,False,False,22,False,True,,,,,,,,,,,
5680,39760.0,39760.0,39762.79999923706,0,2.799999237060547,2.799999237060547,39788.0,False,1,0,False,fast,0,0,False,False,19,False,True,,,,,,,,,,,
5682,39774.0,39774.0,39776.79999923706,1,2.799999237060547,2.799999237060547,39802.0,False,1,0,False,fast,0,0,False,False,17,False,True,,,,,,,,,,,
5683,39781.0,39781.0,39783.79999923706,0,2.799999237060547,2.799999237060547,39809.0,False,1,0,False,fast,0,0,False,False,16,False,True,,,,,,,,,,,
5684,39788.0,39788.0,39790.90000152588,1,2.9000015258789062,2.9000015258789062,39816.0,False,1,0,False,fast,0,0,False,False,15,False,True,,,,,,,,,,,
5685,39795.0,39795.0,39797.90000152588,0,2.9000015258789062,2.9000015258789062,39823.0,False,1,0,False,fast,0,0,False,False,14,False,True,,,,,,,,,,,
5689,39823.0,39823.0,39836.20000076294,1,13.200000762939453,13.200000762939453,39851.0,False,1,0,False,accurate,1,1,False,False,10,False,True,,,,,,,,,,,
5697,39879.0,39879.0,39881.59999847412,0,2.5999984741210938,2.5999984741210938,39907.0,False,1,0,False,fast,0,0,False,False,2,True,True,,,,,,,,,,,
5699,39893.0,39893.0,39895.70000457764,1,2.7000045776367188,2.7000045776367188,39921.0,False,1,0,False,fast,0,0,False,True,0,True,True,,,,,,,,,,,
5700,39900.0,39900.0,39902.59999847412,0,2.5999984741210938,2.5999984741210938,39928.0,False,1,0,False,fast,0,0,False,False,99,False,True,,,,,,,,,,,
5702,39914.0,39914.0,39916.59999847412,1,2.5999984741210938,2.5999984741210938,39942.0,False,1,0,False,fast,0,0,False,False,97,False,True,,,,,,,,,,,
5703,39921.0,39921.0,39924.89999771118,0,3.8999977111816406,3.8999977111816406,39949.0,False,1,0,False,fast,0,0,False,False,96,False,True,,,,,,,,,,,
5704,39928.0,39928.0,39930.70000076294,1,2.700000762939453,2.700000762939453,39956.0,False,1,0,False,fast,0,0,False,False,95,False,True,,,,,,,,,,,
5708,39956.0,39956.0,39968.599994659424,0,12.599994659423828,12.599994659423828,39984.0,False,1,0,False,accurate,1,1,False,False,91,False,True,,,,,,,,,,,
5709,39963.0,39963.0,39965.59999847412,1,2.5999984741210938,2.5999984741210938,39991.0,False,2,1,False,fast,0,0,False,False,90,False,True,,,,,,,,,,,
5710,39970.0,39970.0,39972.70000457764,1,2.7000045776367188,2.7000045776367188,39998.0,False,1,0,False,fast,0,0,False,False,89,False,True,,,,,,,,,,,
5714,39998.0,39998.0,40000.79999923706,0,2.799999237060547,2.799999237060547,40026.0,False,1,0,False,fast,0,0,False,False,85,False,True,,,,,,,,,,,
5716,40012.0,40012.0,40027.5,1,15.5,15.5,40040.0,False,1,0,False,accurate,1,1,False,False,83,False,True,,,,,,,,,,,
5719,40033.0,40033.0,40035.69999694824,0,2.6999969482421875,2.6999969482421875,40061.0,False,1,0,False,fast,0,0,False,False,80,False,True,,,,,,,,,,,
5720,40040.0,40040.0,40042.79999923706,1,2.799999237060547,2.799999237060547,40068.0,False,1,0,False,fast,0,0,False,False,79,False,True,,,,,,,,,,,
5721,40047.0,40047.0,40049.89999771118,0,2.8999977111816406,2.8999977111816406,40075.0,False,1,0,False,fast,0,0,False,False,78,False,True,,,,,,,,,,,
5722,40054.0,40054.0,40056.79999923706,1,2.799999237060547,2.799999237060547,40082.0,False,1,0,False,fast,0,0,False,False,77,False,True,,,,,,,,,,,
5725,40075.0,40075.0,40078.09999847412,0,3.0999984741210938,3.0999984741210938,40103.0,False,1,0,False,fast,0,0,False,False,74,False,True,,,,,,,,,,,
5727,40089.0,40089.0,40101.79999923706,1,12.799999237060547,12.799999237060547,40117.0,False,1,0,False,accurate,1,1,False,False,72,False,True,,,,,,,,,,,
5728,40096.0,40096.0,40109.60000228882,0,13.60000228881836,13.60000228881836,40124.0,False,2,1,False,accurate,1,1,False,False,71,False,True,,,,,,,,,,,
5732,40124.0,40124.0,40129.5,1,5.5,5.5,40152.0,False,1,0,False,fast,0,0,False,False,67,False,True,,,,,,,,,,,
5733,40131.0,40131.0,40154.60000228882,0,23.60000228881836,23.60000228881836,40159.0,False,1,0,False,accurate,0,0,False,False,66,False,True,,,,,,,,,,,
5734,40138.0,40138.0,40140.79999923706,1,2.799999237060547,2.799999237060547,40166.0,False,2,1,False,fast,0,0,False,False,65,False,True,,,,,,,,,,,
5736,40152.0,40152.0,40165.69999694824,1,13.699996948242188,13.699996948242188,40180.0,False,2,1,False,accurate,1,1,False,False,63,False,True,,,,,,,,,,,
5737,40159.0,40159.0,40161.70000076294,0,2.700000762939453,2.700000762939453,40187.0,False,2,1,False,fast,0,0,False,False,62,False,True,,,,,,,,,,,
5738,40166.0,40166.0,40183.20000076294,0,17.200000762939453,17.200000762939453,40194.0,False,1,0,False,accurate,1,1,False,False,61,False,True,,,,,,,,,,,
5739,40173.0,40173.0,40186.0,1,13.0,13.0,40201.0,False,2,1,False,accurate,1,1,False,False,60,False,True,,,,,,,,,,,
5743,40201.0,40201.0,40203.70000457764,0,2.7000045776367188,2.7000045776367188,40229.0,False,1,0,False,fast,0,0,False,False,56,False,True,,,,,,,,,,,
5744,40208.0,40208.0,40210.59999847412,1,2.5999984741210938,2.5999984741210938,40236.0,False,1,0,False,fast,0,0,False,False,55,False,True,,,,,,,,,,,
5745,40215.0,40215.0,40218.70000076294,0,3.700000762939453,3.700000762939453,40243.0,False,1,0,False,fast,0,0,False,False,54,False,True,,,,,,,,,,,
5754,40278.0,40278.0,40280.59999847412,1,2.5999984741210938,2.5999984741210938,40306.0,False,1,0,False,fast,0,0,False,False,45,False,True,,,,,,,,,,,
5756,40292.0,40292.0,40294.69999694824,0,2.6999969482421875,2.6999969482421875,40320.0,False,1,0,False,fast,0,0,False,False,43,False,True,,,,,,,,,,,
5759,40313.0,40313.0,40315.69999694824,1,2.6999969482421875,2.6999969482421875,40341.0,False,1,0,False,fast,0,0,False,False,40,False,True,,,,,,,,,,,
5761,40327.0,40327.0,40347.04999983311,0,20.049999833106995,20.049999833106995,40355.0,False,1,0,False,accurate,0,0,False,False,38,False,True,,,,,,,,,,,
5773,40411.0,40411.0,40415.91250000894,1,4.912500008940697,4.912500008940697,40439.0,False,1,0,False,fast,0,0,False,False,26,False,True,,,,,,,,,,,
5776,40432.0,40432.0,40451.97999634882,0,19.979996348818123,19.97999634881853,40460.0,False,1,0,False,accurate,0,0,False,False,23,False,True,,,,,,,,,,,
5777,40439.0,40439.0,40469.70624982267,1,30.70624982267618,30.70624982267327,40467.0,True,2,1,False,accurate,1,1,False,False,22,False,False,,,,,,,,,,,
5780,40460.0,40460.0,40462.89333254774,0,2.8933325477441145,2.893332547741011,40488.0,False,2,1,False,fast,0,0,False,False,19,False,True,,,,,,,,,,,
5781,40467.0,40467.0,40469.97249765396,0,2.9724976539611814,2.9724976539582713,40495.0,False,2,1,False,fast,0,0,False,False,18,False,True,,,,,,,,,,,
5783,40481.0,40481.0,40484.02500000074,1,3.0250000007450577,3.025000000743603,40509.0,False,1,0,False,fast,0,0,False,False,16,False,True,,,,,,,,,,,
5784,40488.0,40488.0,40490.79999923706,0,2.799999237060547,2.799999237060547,40516.0,False,1,0,False,fast,0,0,False,False,15,False,True,,,,,,,,,,,
5787,40509.0,40509.0,40519.40000152588,1,10.400001525878906,10.400001525878906,40537.0,False,1,0,False,fast,0,0,False,False,12,False,True,,,,,,,,,,,
5788,40516.0,40516.0,40519.90000152588,0,3.9000015258789062,3.9000015258789062,40544.0,False,2,1,False,fast,0,0,False,False,11,False,True,,,,,,,,,,,
5795,40565.0,40565.0,40568.09999847412,1,3.0999984741210938,3.0999984741210938,40593.0,False,1,0,False,fast,0,0,False,False,4,False,True,,,,,,,,,,,
5803,40621.0,40621.0,40634.29999923706,0,13.299999237060547,13.299999237060547,40649.0,False,1,0,False,accurate,1,1,False,False,96,False,True,,,,,,,,,,,
5806,40642.0,40642.0,40644.90000152588,1,2.9000015258789062,2.9000015258789062,40670.0,False,1,0,False,fast,0,0,False,False,93,False,True,,,,,,,,,,,
5807,40649.0,40649.0,40651.60000228882,0,2.6000022888183594,2.6000022888183594,40677.0,False,1,0,False,fast,0,0,False,False,92,False,True,,,,,,,,,,,
5808,40656.0,40656.0,40658.70000457764,1,2.7000045776367188,2.7000045776367188,40684.0,False,1,0,False,fast,0,0,False,False,91,False,True,,,,,,,,,,,
5810,40670.0,40670.0,40684.09999847412,0,14.099998474121094,14.099998474121094,40698.0,False,1,0,False,accurate,1,1,False,False,89,False,True,,,,,,,,,,,
5812,40684.0,40684.0,40686.59999847412,1,2.5999984741210938,2.5999984741210938,40712.0,False,2,1,False,fast,0,0,False,False,87,False,True,,,,,,,,,,,
5813,40691.0,40691.0,40693.60000228882,0,2.6000022888183594,2.6000022888183594,40719.0,False,1,0,False,fast,0,0,False,False,86,False,True,,,,,,,,,,,
5814,40698.0,40698.0,40712.80000305176,1,14.800003051757812,14.800003051757812,40726.0,False,1,0,False,accurate,1,1,False,False,85,False,True,,,,,,,,,,,
5817,40719.0,40719.0,40730.0,0,11.0,11.0,40747.0,False,1,0,False,accurate,1,1,False,False,82,False,True,,,,,,,,,,,
5818,40726.0,40726.0,40728.70000076294,1,2.700000762939453,2.700000762939453,40754.0,False,2,1,False,fast,0,0,False,False,81,False,True,,,,,,,,,,,
5819,40733.0,40733.0,40735.70000457764,1,2.7000045776367188,2.7000045776367188,40761.0,False,1,0,False,fast,0,0,False,False,80,False,True,,,,,,,,,,,
5821,40747.0,40747.0,40749.70000076294,0,2.700000762939453,2.700000762939453,40775.0,False,1,0,False,fast,0,0,False,False,78,False,True,,,,,,,,,,,
5827,40789.0,40789.0,40802.20000076294,1,13.200000762939453,13.200000762939453,40817.0,False,1,0,False,accurate,1,1,False,False,72,False,True,,,,,,,,,,,
5828,40796.0,40796.0,40798.79999923706,0,2.799999237060547,2.799999237060547,40824.0,False,2,1,False,fast,0,0,False,False,71,False,True,,,,,,,,,,,
5829,40803.0,40803.0,40821.09999847412,0,18.099998474121094,18.099998474121094,40831.0,False,1,0,False,accurate,1,1,False,False,70,False,True,,,,,,,,,,,
5830,40810.0,40810.0,40812.90000152588,1,2.9000015258789062,2.9000015258789062,40838.0,False,2,1,False,fast,0,0,False,False,69,False,True,,,,,,,,,,,
5832,40824.0,40824.0,40826.9999961853,1,2.9999961853027344,2.9999961853027344,40852.0,False,1,0,False,fast,0,0,False,False,67,False,True,,,,,,,,,,,
5835,40845.0,40845.0,40853.29999542236,0,8.299995422363281,8.299995422363281,40873.0,False,1,0,False,fast,0,0,False,False,64,False,True,,,,,,,,,,,
5836,40852.0,40852.0,40865.10000228882,1,13.10000228881836,13.10000228881836,40880.0,False,2,1,False,accurate,1,1,False,False,63,False,True,,,,,,,,,,,
5837,40859.0,40859.0,40874.899993896484,0,15.899993896484375,15.899993896484375,40887.0,False,2,1,False,accurate,1,1,False,False,62,False,True,,,,,,,,,,,
5839,40873.0,40873.0,40875.79999923706,1,2.799999237060547,2.799999237060547,40901.0,False,2,1,False,fast,0,0,False,False,60,False,True,,,,,,,,,,,
5840,40880.0,40880.0,40883.10000228882,0,3.1000022888183594,3.1000022888183594,40908.0,False,1,0,False,fast,0,0,False,False,59,False,True,,,,,,,,,,,
5842,40894.0,40894.0,40896.70000457764,1,2.7000045776367188,2.7000045776367188,40922.0,False,1,0,False,fast,0,0,False,False,57,False,True,,,,,,,,,,,
5843,40901.0,40901.0,40903.69999694824,0,2.6999969482421875,2.6999969482421875,40929.0,False,1,0,False,fast,0,0,False,False,56,False,True,,,,,,,,,,,
5844,40908.0,40908.0,40910.599994659424,1,2.599994659423828,2.599994659423828,40936.0,False,1,0,False,fast,0,0,False,False,55,False,True,,,,,,,,,,,
5846,40922.0,40922.0,40936.5,0,14.5,14.5,40950.0,False,1,0,False,accurate,1,1,False,False,53,False,True,,,,,,,,,,,
5852,40964.0,40964.0,40978.70000076294,1,14.700000762939453,14.700000762939453,40992.0,False,1,0,False,accurate,1,1,False,False,47,False,True,,,,,,,,,,,
5855,40985.0,40985.0,40997.30000305176,0,12.300003051757812,12.300003051757812,41013.0,False,1,0,False,accurate,1,1,False,False,44,False,True,,,,,,,,,,,
5861,41027.0,41027.0,41029.90000152588,1,2.9000015258789062,2.9000015258789062,41055.0,False,1,0,False,fast,0,0,False,False,38,False,True,,,,,,,,,,,
5863,41041.0,41041.0,41044.9999961853,0,3.9999961853027344,3.9999961853027344,41069.0,False,1,0,False,fast,0,0,False,False,36,False,True,,,,,,,,,,,
5868,41076.0,41076.0,41078.59999847412,1,2.5999984741210938,2.5999984741210938,41104.0,False,1,0,False,fast,0,0,False,False,31,False,True,,,,,,,,,,,
5870,41090.0,41090.0,41092.59999847412,0,2.5999984741210938,2.5999984741210938,41118.0,False,1,0,False,fast,0,0,False,False,29,False,True,,,,,,,,,,,
5871,41097.0,41097.0,41099.59999847412,1,2.5999984741210938,2.5999984741210938,41125.0,False,1,0,False,fast,0,0,False,False,28,False,True,,,,,,,,,,,
5874,41118.0,41118.0,41131.39999771118,0,13.39999771118164,13.39999771118164,41146.0,False,1,0,False,accurate,1,1,False,False,25,False,True,,,,,,,,,,,
5877,41139.0,41139.0,41141.69999694824,1,2.6999969482421875,2.6999969482421875,41167.0,False,1,0,False,fast,0,0,False,False,22,False,True,,,,,,,,,,,
5880,41160.0,41160.0,41174.90000152588,0,14.900001525878906,14.900001525878906,41188.0,False,1,0,False,accurate,1,1,False,False,19,False,True,,,,,,,,,,,
5881,41167.0,41167.0,41180.60000228882,1,13.60000228881836,13.60000228881836,41195.0,False,2,1,False,accurate,1,1,False,False,18,False,True,,,,,,,,,,,
5884,41188.0,41188.0,41190.69999694824,0,2.6999969482421875,2.6999969482421875,41216.0,False,1,0,False,fast,0,0,False,False,15,False,True,,,,,,,,,,,
5887,41209.0,41209.0,41212.90000152588,1,3.9000015258789062,3.9000015258789062,41237.0,False,1,0,False,fast,0,0,False,False,12,False,True,,,,,,,,,,,
5888,41216.0,41216.0,41218.60000228882,0,2.6000022888183594,2.6000022888183594,41244.0,False,1,0,False,fast,0,0,False,False,11,False,True,,,,,,,,,,,
5892,41244.0,41244.0,41246.79999923706,1,2.799999237060547,2.799999237060547,41272.0,False,1,0,False,fast,0,0,False,False,7,False,True,,,,,,,,,,,
5895,41265.0,41265.0,41268.19999694824,0,3.1999969482421875,3.1999969482421875,41293.0,False,1,0,False,fast,0,0,False,False,4,False,True,,,,,,,,,,,
5897,41279.0,41279.0,41292.30000305176,1,13.300003051757812,13.300003051757812,41307.0,False,1,0,False,accurate,1,1,False,False,2,True,True,,,,,,,,,,,
5899,41293.0,41293.0,41306.69999694824,0,13.699996948242188,13.699996948242188,41321.0,False,1,0,False,accurate,1,1,False,True,0,True,True,,,,,,,,,,,
5900,41300.0,41300.0,41303.0000038147,1,3.0000038146972656,3.0000038146972656,41328.0,False,2,1,False,fast,0,0,False,False,99,False,True,,,,,,,,,,,
5902,41314.0,41314.0,41328.79999923706,1,14.799999237060547,14.799999237060547,41342.0,False,1,0,False,accurate,1,1,False,False,97,False,True,,,,,,,,,,,
5908,41356.0,41356.0,41358.5,0,2.5,2.5,41384.0,False,1,0,False,fast,0,0,False,False,91,False,True,,,,,,,,,,,
5909,41363.0,41363.0,41365.599994659424,1,2.599994659423828,2.599994659423828,41391.0,False,1,0,False,fast,0,0,False,False,90,False,True,,,,,,,,,,,
5910,41370.0,41370.0,41372.70000076294,0,2.700000762939453,2.700000762939453,41398.0,False,1,0,False,fast,0,0,False,False,89,False,True,,,,,,,,,,,
5914,41398.0,41398.0,41401.0,1,3.0,3.0,41426.0,False,1,0,False,fast,0,0,False,False,85,False,True,,,,,,,,,,,
5916,41412.0,41412.0,41414.79999923706,0,2.799999237060547,2.799999237060547,41440.0,False,1,0,False,fast,0,0,False,False,83,False,True,,,,,,,,,,,
5919,41433.0,41433.0,41449.39999771118,1,16.39999771118164,16.39999771118164,41461.0,False,1,0,False,accurate,1,1,False,False,80,False,True,,,,,,,,,,,
5920,41440.0,41440.0,41443.47999725342,0,3.479997253417969,3.4799972534165136,41468.0,False,2,1,False,fast,0,0,False,False,79,False,True,,,,,,,,,,,
5921,41447.0,41447.0,41470.55875362814,0,23.558753628134696,23.55875362813822,41475.0,False,2,1,False,accurate,0,0,False,False,78,False,True,,,,,,,,,,,
5924,41468.0,41468.0,41495.86666400592,1,27.866664005915347,27.86666400591639,41496.0,False,2,1,False,accurate,0,0,False,False,75,False,True,,,,,,,,,,,
5925,41475.0,41475.0,41494.737912100354,0,19.73791210035479,19.73791210035415,41503.0,False,2,1,False,accurate,0,0,False,False,74,False,True,,,,,,,,,,,
5927,41489.0,41494.737912100354,41514.482913058004,0,19.74500095764795,25.48291305800376,41517.0,False,3,2,False,accurate,0,0,False,False,72,False,True,,,,,,,,,,,
5931,41517.0,41517.0,41519.88166921377,1,2.881669213771829,2.881669213769783,41545.0,False,1,0,False,fast,0,0,False,False,68,False,True,,,,,,,,,,,
5934,41538.0,41538.0,41540.81666500847,0,2.8166650084654523,2.8166650084676803,41566.0,False,1,0,False,fast,0,0,False,False,65,False,True,,,,,,,,,,,
5937,41559.0,41559.0,41561.85749676486,1,2.8574967648585696,2.857496764860116,41587.0,False,1,0,False,fast,0,0,False,False,62,False,True,,,,,,,,,,,
5941,41587.0,41587.0,41589.76749687195,0,2.767496871948242,2.7674968719511526,41615.0,False,1,0,False,fast,0,0,False,False,58,False,True,,,,,,,,,,,
5953,41671.0,41671.0,41673.69999694824,1,2.6999969482421875,2.6999969482421875,41699.0,False,1,0,False,fast,0,0,False,False,46,False,True,,,,,,,,,,,
5955,41685.0,41685.0,41695.30000305176,0,10.300003051757812,10.300003051757812,41713.0,False,1,0,False,accurate,1,1,False,False,44,False,True,,,,,,,,,,,
5960,41720.0,41720.0,41722.59999847412,1,2.5999984741210938,2.5999984741210938,41748.0,False,1,0,False,fast,0,0,False,False,39,False,True,,,,,,,,,,,
5962,41734.0,41734.0,41744.0,0,10.0,10.0,41762.0,False,1,0,False,accurate,1,1,False,False,37,False,True,,,,,,,,,,,
5964,41748.0,41748.0,41769.20000076294,1,21.200000762939453,21.200000762939453,41776.0,False,1,0,False,accurate,1,1,False,False,35,False,True,,,,,,,,,,,
5967,41769.0,41769.0,41771.79999923706,0,2.799999237060547,2.799999237060547,41797.0,False,2,1,False,fast,0,0,False,False,32,False,True,,,,,,,,,,,
5970,41790.0,41790.0,41793.20000457764,1,3.2000045776367188,3.2000045776367188,41818.0,False,1,0,False,fast,0,0,False,False,29,False,True,,,,,,,,,,,
5971,41797.0,41797.0,41799.59999847412,0,2.5999984741210938,2.5999984741210938,41825.0,False,1,0,False,fast,0,0,False,False,28,False,True,,,,,,,,,,,
5972,41804.0,41804.0,41806.70000076294,1,2.700000762939453,2.700000762939453,41832.0,False,1,0,False,fast,0,0,False,False,27,False,True,,,,,,,,,,,
5975,41825.0,41825.0,41827.79999923706,0,2.799999237060547,2.799999237060547,41853.0,False,1,0,False,fast,0,0,False,False,24,False,True,,,,,,,,,,,
5976,41832.0,41832.0,41834.69999694824,1,2.6999969482421875,2.6999969482421875,41860.0,False,1,0,False,fast,0,0,False,False,23,False,True,,,,,,,,,,,
5978,41846.0,41846.0,41861.0000038147,0,15.000003814697266,15.000003814697266,41874.0,False,1,0,False,accurate,1,1,False,False,21,False,True,,,,,,,,,,,
5979,41853.0,41853.0,41855.70000076294,1,2.700000762939453,2.700000762939453,41881.0,False,2,1,False,fast,0,0,False,False,20,False,True,,,,,,,,,,,
5980,41860.0,41860.0,41873.79999923706,1,13.799999237060547,13.799999237060547,41888.0,False,2,1,False,accurate,1,1,False,False,19,False,True,,,,,,,,,,,
5981,41867.0,41867.0,41886.40000152588,0,19.400001525878906,19.400001525878906,41895.0,False,2,1,False,accurate,0,0,False,False,18,False,True,,,,,,,,,,,
5982,41874.0,41874.0,41878.0,1,4.0,4.0,41902.0,False,2,1,False,fast,0,0,False,False,17,False,True,,,,,,,,,,,
5983,41881.0,41881.0,41883.59999847412,1,2.5999984741210938,2.5999984741210938,41909.0,False,2,1,False,fast,0,0,False,False,16,False,True,,,,,,,,,,,
5984,41888.0,41888.0,41890.70000076294,1,2.700000762939453,2.700000762939453,41916.0,False,1,0,False,fast,0,0,False,False,15,False,True,,,,,,,,,,,
5986,41902.0,41902.0,41919.69999694824,0,17.699996948242188,17.699996948242188,41930.0,False,1,0,False,accurate,1,1,False,False,13,False,True,,,,,,,,,,,
5987,41909.0,41909.0,41911.4999961853,1,2.4999961853027344,2.4999961853027344,41937.0,False,2,1,False,fast,0,0,False,False,12,False,True,,,,,,,,,,,
5991,41937.0,41937.0,41956.39999771118,1,19.39999771118164,19.39999771118164,41965.0,False,1,0,False,accurate,0,0,False,False,8,False,True,,,,,,,,,,,
5992,41944.0,41944.0,41946.70000457764,0,2.7000045776367188,2.7000045776367188,41972.0,False,2,1,False,fast,0,0,False,False,7,False,True,,,,,,,,,,,
5993,41951.0,41951.0,41953.70000076294,0,2.700000762939453,2.700000762939453,41979.0,False,2,1,False,fast,0,0,False,False,6,False,True,,,,,,,,,,,
5998,41986.0,41986.0,41988.80000305176,0,2.8000030517578125,2.8000030517578125,42014.0,False,1,0,False,fast,0,0,False,False,1,True,True,,,,,,,,,,,
6002,42014.0,42014.0,42017.0,1,3.0,3.0,42042.0,False,1,0,False,fast,0,0,False,False,97,False,True,,,,,,,,,,,
6003,42021.0,42021.0,42034.70000076294,0,13.700000762939453,13.700000762939453,42049.0,False,1,0,False,accurate,1,1,False,False,96,False,True,,,,,,,,,,,
6005,42035.0,42035.0,42037.89999771118,1,2.8999977111816406,2.8999977111816406,42063.0,False,1,0,False,fast,0,0,False,False,94,False,True,,,,,,,,,,,
6006,42042.0,42042.0,42045.29999923706,0,3.299999237060547,3.299999237060547,42070.0,False,1,0,False,fast,0,0,False,False,93,False,True,,,,,,,,,,,
6011,42077.0,42077.0,42079.80000305176,1,2.8000030517578125,2.8000030517578125,42105.0,False,1,0,False,fast,0,0,False,False,88,False,True,,,,,,,,,,,
6013,42091.0,42091.0,42094.5000038147,0,3.5000038146972656,3.5000038146972656,42119.0,False,1,0,False,fast,0,0,False,False,86,False,True,,,,,,,,,,,
6015,42105.0,42105.0,42121.59999847412,1,16.599998474121094,16.599998474121094,42133.0,False,1,0,False,accurate,1,1,False,False,84,False,True,,,,,,,,,,,
6022,42154.0,42154.0,42168.09999847412,0,14.099998474121094,14.099998474121094,42182.0,False,1,0,False,accurate,1,1,False,False,77,False,True,,,,,,,,,,,
6023,42161.0,42161.0,42175.90000152588,1,14.900001525878906,14.900001525878906,42189.0,False,2,1,False,accurate,1,1,False,False,76,False,True,,,,,,,,,,,
6025,42175.0,42175.0,42177.69999694824,0,2.6999969482421875,2.6999969482421875,42203.0,False,2,1,False,fast,0,0,False,False,74,False,True,,,,,,,,,,,
6028,42196.0,42196.0,42223.09999847412,1,27.099998474121094,27.099998474121094,42224.0,False,1,0,False,accurate,0,0,False,False,71,False,True,,,,,,,,,,,
6030,42210.0,42210.0,42212.89999771118,0,2.8999977111816406,2.8999977111816406,42238.0,False,2,1,False,fast,0,0,False,False,69,False,True,,,,,,,,,,,
6033,42231.0,42231.0,42233.60000228882,0,2.6000022888183594,2.6000022888183594,42259.0,False,1,0,False,fast,0,0,False,False,66,False,True,,,,,,,,,,,
6034,42238.0,42238.0,42240.60000228882,1,2.6000022888183594,2.6000022888183594,42266.0,False,1,0,False,fast,0,0,False,False,65,False,True,,,,,,,,,,,
6035,42245.0,42245.0,42259.90000152588,0,14.900001525878906,14.900001525878906,42273.0,False,1,0,False,accurate,1,1,False,False,64,False,True,,,,,,,,,,,
6036,42252.0,42252.0,42254.70000076294,1,2.700000762939453,2.700000762939453,42280.0,False,2,1,False,fast,0,0,False,False,63,False,True,,,,,,,,,,,
6037,42259.0,42259.0,42261.79999923706,1,2.799999237060547,2.799999237060547,42287.0,False,2,1,False,fast,0,0,False,False,62,False,True,,,,,,,,,,,
6039,42273.0,42273.0,42276.5000038147,0,3.5000038146972656,3.5000038146972656,42301.0,False,1,0,False,fast,0,0,False,False,60,False,True,,,,,,,,,,,
6042,42294.0,42294.0,42304.89999771118,1,10.89999771118164,10.89999771118164,42322.0,False,1,0,False,accurate,1,1,False,False,57,False,True,,,,,,,,,,,
6047,42329.0,42329.0,42331.69999694824,0,2.6999969482421875,2.6999969482421875,42357.0,False,1,0,False,fast,0,0,False,False,52,False,True,,,,,,,,,,,
6048,42336.0,42336.0,42350.29999923706,1,14.299999237060547,14.299999237060547,42364.0,False,1,0,False,accurate,1,1,False,False,51,False,True,,,,,,,,,,,
6056,42392.0,42392.0,42394.79999923706,0,2.799999237060547,2.799999237060547,42420.0,False,1,0,False,fast,0,0,False,False,43,False,True,,,,,,,,,,,
6060,42420.0,42420.0,42422.69999694824,1,2.6999969482421875,2.6999969482421875,42448.0,False,1,0,False,fast,0,0,False,False,39,False,True,,,,,,,,,,,
6061,42427.0,42427.0,42430.0,0,3.0,3.0,42455.0,False,1,0,False,fast,0,0,False,False,38,False,True,,,,,,,,,,,
6063,42441.0,42441.0,42443.70000076294,1,2.700000762939453,2.700000762939453,42469.0,False,1,0,False,fast,0,0,False,False,36,False,True,,,,,,,,,,,
6069,42483.0,42483.0,42485.90000152588,0,2.9000015258789062,2.9000015258789062,42511.0,False,1,0,False,fast,0,0,False,False,30,False,True,,,,,,,,,,,
6070,42490.0,42490.0,42504.20000076294,1,14.200000762939453,14.200000762939453,42518.0,False,1,0,False,accurate,1,1,False,False,29,False,True,,,,,,,,,,,
6074,42518.0,42518.0,42529.70000076294,0,11.700000762939453,11.700000762939453,42546.0,False,1,0,False,accurate,1,1,False,False,25,False,True,,,,,,,,,,,
6083,42581.0,42581.0,42604.86500492096,1,23.86500492095947,23.865004920960928,42609.0,False,1,0,False,accurate,0,0,False,False,16,False,True,,,,,,,,,,,
6084,42588.0,42588.0,42608.900001024405,0,20.900001024405153,20.900001024405356,42616.0,False,2,1,False,accurate,0,0,False,False,15,False,True,,,,,,,,,,,
6085,42595.0,42604.86500492096,42624.913751543165,1,20.04874662220475,29.913751543164835,42623.0,True,3,2,False,accurate,0,0,False,False,14,False,False,,,,,,,,,,,
6087,42609.0,42609.0,42612.31083070874,0,3.310830708742151,3.3108307087386493,42637.0,False,2,1,False,fast,0,0,False,False,12,False,True,,,,,,,,,,,
6090,42630.0,42630.0,42653.800829874875,0,23.800829874873195,23.80082987487549,42658.0,False,1,0,False,accurate,0,0,False,False,9,False,True,,,,,,,,,,,
6091,42637.0,42637.0,42667.89333048821,1,30.893330488204924,30.89333048820845,42665.0,True,2,1,False,accurate,0,0,False,False,8,False,False,,,,,,,,,,,
6093,42651.0,42653.800829874875,42656.85749571423,0,3.0566658393541957,5.857495714226388,42679.0,False,3,2,False,fast,0,0,False,False,6,False,True,,,,,,,,,,,
6095,42665.0,42665.0,42688.229997110364,0,23.22999711036682,23.22999711036391,42693.0,False,2,1,False,accurate,0,0,False,False,4,False,True,,,,,,,,,,,
6097,42679.0,42679.0,42704.64874893318,1,25.648748933176204,25.648748933177558,42707.0,False,2,1,False,accurate,1,1,False,False,2,True,True,,,,,,,,,,,
6098,42686.0,42688.229997110364,42701.97749800682,0,13.747500896453857,15.977498006817768,42714.0,False,3,2,False,accurate,1,1,False,False,1,True,True,,,,,,,,,,,
6099,42693.0,42701.97749800682,42721.80041811014,0,19.82292010332146,28.800418110142346,42721.0,True,3,2,False,accurate,0,0,False,True,0,True,False,,,,,,,,,,,
6107,42749.0,42749.0,42771.29999923706,1,22.299999237060547,22.299999237060547,42777.0,False,1,0,False,accurate,1,1,False,False,92,False,True,,,,,,,,,,,
6108,42756.0,42756.0,42758.70000076294,0,2.700000762939453,2.700000762939453,42784.0,False,2,1,False,fast,0,0,False,False,91,False,True,,,,,,,,,,,
6111,42777.0,42777.0,42790.70000457764,0,13.700004577636719,13.700004577636719,42805.0,False,1,0,False,accurate,1,1,False,False,88,False,True,,,,,,,,,,,
6114,42798.0,42798.0,42801.79999923706,1,3.799999237060547,3.799999237060547,42826.0,False,1,0,False,fast,0,0,False,False,85,False,True,,,,,,,,,,,
6115,42805.0,42805.0,42808.60000228882,0,3.6000022888183594,3.6000022888183594,42833.0,False,1,0,False,fast,0,0,False,False,84,False,True,,,,,,,,,,,
6120,42840.0,42840.0,42842.79999923706,1,2.799999237060547,2.799999237060547,42868.0,False,1,0,False,fast,0,0,False,False,79,False,True,,,,,,,,,,,
6121,42847.0,42847.0,42849.90000152588,0,2.9000015258789062,2.9000015258789062,42875.0,False,1,0,False,fast,0,0,False,False,78,False,True,,,,,,,,,,,
6123,42861.0,42861.0,42863.70000076294,1,2.700000762939453,2.700000762939453,42889.0,False,1,0,False,fast,0,0,False,False,76,False,True,,,,,,,,,,,
6130,42910.0,42910.0,42912.79999923706,0,2.799999237060547,2.799999237060547,42938.0,False,1,0,False,fast,0,0,False,False,69,False,True,,,,,,,,,,,
6132,42924.0,42924.0,42928.0,1,4.0,4.0,42952.0,False,1,0,False,fast,0,0,False,False,67,False,True,,,,,,,,,,,
6134,42938.0,42938.0,42941.40000152588,0,3.4000015258789062,3.4000015258789062,42966.0,False,1,0,False,fast,0,0,False,False,65,False,True,,,,,,,,,,,
6141,42987.0,42987.0,42989.70000457764,1,2.7000045776367188,2.7000045776367188,43015.0,False,1,0,False,fast,0,0,False,False,58,False,True,,,,,,,,,,,
6142,42994.0,42994.0,42996.59999847412,0,2.5999984741210938,2.5999984741210938,43022.0,False,1,0,False,fast,0,0,False,False,57,False,True,,,,,,,,,,,
6143,43001.0,43001.0,43003.59999847412,1,2.5999984741210938,2.5999984741210938,43029.0,False,1,0,False,fast,0,0,False,False,56,False,True,,,,,,,,,,,
6144,43008.0,43008.0,43010.70000076294,0,2.700000762939453,2.700000762939453,43036.0,False,1,0,False,fast,0,0,False,False,55,False,True,,,,,,,,,,,
6149,43043.0,43043.0,43057.90000152588,1,14.900001525878906,14.900001525878906,43071.0,False,1,0,False,accurate,1,1,False,False,50,False,True,,,,,,,,,,,
6154,43078.0,43078.0,43080.60000228882,0,2.6000022888183594,2.6000022888183594,43106.0,False,1,0,False,fast,0,0,False,False,45,False,True,,,,,,,,,,,
6155,43085.0,43085.0,43087.69999694824,1,2.6999969482421875,2.6999969482421875,43113.0,False,1,0,False,fast,0,0,False,False,44,False,True,,,,,,,,,,,
6158,43106.0,43106.0,43119.90000152588,0,13.900001525878906,13.900001525878906,43134.0,False,1,0,False,accurate,1,1,False,False,41,False,True,,,,,,,,,,,
6159,43113.0,43113.0,43115.70000076294,1,2.700000762939453,2.700000762939453,43141.0,False,2,1,False,fast,0,0,False,False,40,False,True,,,,,,,,,,,
6162,43134.0,43134.0,43136.59999847412,1,2.5999984741210938,2.5999984741210938,43162.0,False,1,0,False,fast,0,0,False,False,37,False,True,,,,,,,,,,,
6163,43141.0,43141.0,43143.70000076294,0,2.700000762939453,2.700000762939453,43169.0,False,1,0,False,fast,0,0,False,False,36,False,True,,,,,,,,,,,
6164,43148.0,43148.0,43161.29999923706,1,13.299999237060547,13.299999237060547,43176.0,False,1,0,False,accurate,1,1,False,False,35,False,True,,,,,,,,,,,
6167,43169.0,43169.0,43171.79999923706,0,2.799999237060547,2.799999237060547,43197.0,False,1,0,False,fast,0,0,False,False,32,False,True,,,,,,,,,,,
6168,43176.0,43176.0,43178.60000228882,1,2.6000022888183594,2.6000022888183594,43204.0,False,1,0,False,fast,0,0,False,False,31,False,True,,,,,,,,,,,
6173,43211.0,43211.0,43213.5,0,2.5,2.5,43239.0,False,1,0,False,fast,0,0,False,False,26,False,True,,,,,,,,,,,
6175,43225.0,43225.0,43227.79999923706,1,2.799999237060547,2.799999237060547,43253.0,False,1,0,False,fast,0,0,False,False,24,False,True,,,,,,,,,,,
6178,43246.0,43246.0,43248.5,0,2.5,2.5,43274.0,False,1,0,False,fast,0,0,False,False,21,False,True,,,,,,,,,,,
6180,43260.0,43260.0,43262.70000076294,1,2.700000762939453,2.700000762939453,43288.0,False,1,0,False,fast,0,0,False,False,19,False,True,,,,,,,,,,,
6181,43267.0,43267.0,43269.70000076294,0,2.700000762939453,2.700000762939453,43295.0,False,1,0,False,fast,0,0,False,False,18,False,True,,,,,,,,,,,
6182,43274.0,43274.0,43278.89999771118,1,4.899997711181641,4.899997711181641,43302.0,False,1,0,False,fast,0,0,False,False,17,False,True,,,,,,,,,,,
6184,43288.0,43288.0,43290.70000076294,0,2.700000762939453,2.700000762939453,43316.0,False,1,0,False,fast,0,0,False,False,15,False,True,,,,,,,,,,,
6186,43302.0,43302.0,43304.60000228882,1,2.6000022888183594,2.6000022888183594,43330.0,False,1,0,False,fast,0,0,False,False,13,False,True,,,,,,,,,,,
6189,43323.0,43323.0,43334.79999923706,0,11.799999237060547,11.799999237060547,43351.0,False,1,0,False,accurate,1,1,False,False,10,False,True,,,,,,,,,,,
6201,43407.0,43407.0,43410.79999923706,1,3.799999237060547,3.799999237060547,43435.0,False,1,0,False,fast,0,0,False,False,98,False,True,,,,,,,,,,,
6203,43421.0,43421.0,43427.90000152588,0,6.900001525878906,6.900001525878906,43449.0,False,1,0,False,fast,0,0,False,False,96,False,True,,,,,,,,,,,
6208,43456.0,43456.0,43478.9999961853,1,22.999996185302734,22.999996185302734,43484.0,False,1,0,False,accurate,0,0,False,False,91,False,True,,,,,,,,,,,
6210,43470.0,43470.0,43472.60000228882,0,2.6000022888183594,2.6000022888183594,43498.0,False,2,1,False,fast,0,0,False,False,89,False,True,,,,,,,,,,,
6212,43484.0,43484.0,43496.89999771118,0,12.89999771118164,12.89999771118164,43512.0,False,1,0,False,accurate,1,1,False,False,87,False,True,,,,,,,,,,,
6213,43491.0,43491.0,43495.39999771118,1,4.399997711181641,4.399997711181641,43519.0,False,2,1,False,fast,0,0,False,False,86,False,True,,,,,,,,,,,
6214,43498.0,43498.0,43521.09999847412,1,23.099998474121094,23.099998474121094,43526.0,False,1,0,False,accurate,1,1,False,False,85,False,True,,,,,,,,,,,
6215,43505.0,43505.0,43507.80000305176,0,2.8000030517578125,2.8000030517578125,43533.0,False,2,1,False,fast,0,0,False,False,84,False,True,,,,,,,,,,,
6216,43512.0,43512.0,43533.40000152588,0,21.400001525878906,21.400001525878906,43540.0,False,2,1,False,accurate,1,1,False,False,83,False,True,,,,,,,,,,,
6217,43519.0,43521.09999847412,43534.69999694824,1,13.599998474121094,15.699996948242188,43547.0,False,3,2,False,accurate,1,1,False,False,82,False,True,,,,,,,,,,,
6218,43526.0,43533.40000152588,43536.09999847412,0,2.6999969482421875,10.099998474121094,43554.0,False,3,2,False,fast,0,0,False,False,81,False,True,,,,,,,,,,,
6219,43533.0,43534.69999694824,43537.399993896484,1,2.6999969482421875,4.399993896484375,43561.0,False,4,3,False,fast,0,0,False,False,80,False,True,,,,,,,,,,,
6221,43547.0,43547.0,43549.70000076294,0,2.700000762939453,2.700000762939453,43575.0,False,1,0,False,fast,0,0,False,False,78,False,True,,,,,,,,,,,
6222,43554.0,43554.0,43556.70000076294,1,2.700000762939453,2.700000762939453,43582.0,False,1,0,False,fast,0,0,False,False,77,False,True,,,,,,,,,,,
6228,43596.0,43596.0,43598.69999694824,0,2.6999969482421875,2.6999969482421875,43624.0,False,1,0,False,fast,0,0,False,False,71,False,True,,,,,,,,,,,
6233,43631.0,43631.0,43633.79999923706,1,2.799999237060547,2.799999237060547,43659.0,False,1,0,False,fast,0,0,False,False,66,False,True,,,,,,,,,,,
6238,43666.0,43666.0,43678.40000152588,0,12.400001525878906,12.400001525878906,43694.0,False,1,0,False,accurate,1,1,False,False,61,False,True,,,,,,,,,,,
6240,43680.0,43680.0,43704.140001297,1,24.14000129699707,24.14000129699707,43708.0,False,1,0,False,accurate,0,0,False,False,59,False,True,,,,,,,,,,,
6241,43687.0,43687.0,43707.04999983311,0,20.049999833106995,20.049999833106995,43715.0,False,2,1,False,accurate,0,0,False,False,58,False,True,,,,,,,,,,,
6242,43694.0,43704.140001297,43724.66083480418,1,20.520833507180214,30.660834804177284,43722.0,True,3,2,False,accurate,1,1,False,False,57,False,False,,,,,,,,,,,
6243,43701.0,43707.04999983311,43710.33999893665,0,3.2899991035461427,9.339998936651682,43729.0,False,4,3,False,fast,0,0,False,False,56,False,True,,,,,,,,,,,
6246,43722.0,43722.0,43743.19749650955,0,21.197496509552,21.197496509550547,43750.0,False,2,1,False,accurate,1,1,False,False,53,False,True,,,,,,,,,,,
6250,43750.0,43750.0,43770.561669687035,1,20.56166968703267,20.561669687034737,43778.0,False,1,0,False,accurate,1,1,False,False,49,False,True,,,,,,,,,,,
6251,43757.0,43757.0,43759.992496628365,0,2.992496628363915,2.9924966283651884,43785.0,False,2,1,False,fast,0,0,False,False,48,False,True,,,,,,,,,,,
6261,43827.0,43827.0,43842.33374834061,0,15.333748340606688,15.33374834060669,43855.0,False,1,0,False,accurate,1,1,False,False,38,False,True,,,,,,,,,,,
6265,43855.0,43855.0,43857.59999847412,1,2.5999984741210938,2.5999984741210938,43883.0,False,1,0,False,fast,0,0,False,False,34,False,True,,,,,,,,,,,
6266,43862.0,43862.0,43864.70000076294,0,2.700000762939453,2.700000762939453,43890.0,False,1,0,False,fast,0,0,False,False,33,False,True,,,,,,,,,,,
6271,43897.0,43897.0,43910.40000152588,1,13.400001525878906,13.400001525878906,43925.0,False,1,0,False,accurate,1,1,False,False,28,False,True,,,,,,,,,,,
6272,43904.0,43904.0,43927.89999771118,0,23.89999771118164,23.89999771118164,43932.0,False,2,1,False,accurate,0,0,False,False,27,False,True,,,,,,,,,,,
6273,43911.0,43911.0,43922.5,1,11.5,11.5,43939.0,False,2,1,False,accurate,1,1,False,False,26,False,True,,,,,,,,,,,
6274,43918.0,43922.5,43925.30000305176,1,2.8000030517578125,7.3000030517578125,43946.0,False,3,2,False,fast,0,0,False,False,25,False,True,,,,,,,,,,,
6276,43932.0,43932.0,43934.60000228882,1,2.6000022888183594,2.6000022888183594,43960.0,False,1,0,False,fast,0,0,False,False,23,False,True,,,,,,,,,,,
6278,43946.0,43946.0,43967.5,0,21.5,21.5,43974.0,False,1,0,False,accurate,1,1,False,False,21,False,True,,,,,,,,,,,
6280,43960.0,43960.0,43962.60000228882,1,2.6000022888183594,2.6000022888183594,43988.0,False,2,1,False,fast,0,0,False,False,19,False,True,,,,,,,,,,,
6281,43967.0,43967.0,43969.60000228882,1,2.6000022888183594,2.6000022888183594,43995.0,False,2,1,False,fast,0,0,False,False,18,False,True,,,,,,,,,,,
6282,43974.0,43974.0,43976.70000076294,0,2.700000762939453,2.700000762939453,44002.0,False,1,0,False,fast,0,0,False,False,17,False,True,,,,,,,,,,,
6285,43995.0,43995.0,44008.40000152588,1,13.400001525878906,13.400001525878906,44023.0,False,1,0,False,accurate,1,1,False,False,14,False,True,,,,,,,,,,,
6286,44002.0,44002.0,44004.59999847412,0,2.5999984741210938,2.5999984741210938,44030.0,False,2,1,False,fast,0,0,False,False,13,False,True,,,,,,,,,,,
6290,44030.0,44030.0,44032.70000457764,0,2.7000045776367188,2.7000045776367188,44058.0,False,1,0,False,fast,0,0,False,False,9,False,True,,,,,,,,,,,
6291,44037.0,44037.0,44039.70000457764,1,2.7000045776367188,2.7000045776367188,44065.0,False,1,0,False,fast,0,0,False,False,8,False,True,,,,,,,,,,,
6292,44044.0,44044.0,44046.5,0,2.5,2.5,44072.0,False,1,0,False,fast,0,0,False,False,7,False,True,,,,,,,,,,,
6293,44051.0,44051.0,44053.59999847412,1,2.5999984741210938,2.5999984741210938,44079.0,False,1,0,False,fast,0,0,False,False,6,False,True,,,,,,,,,,,
6294,44058.0,44058.0,44060.59999847412,0,2.5999984741210938,2.5999984741210938,44086.0,False,1,0,False,fast,0,0,False,False,5,False,True,,,,,,,,,,,
6295,44065.0,44065.0,44067.60000228882,1,2.6000022888183594,2.6000022888183594,44093.0,False,1,0,False,fast,0,0,False,False,4,False,True,,,,,,,,,,,
6297,44079.0,44079.0,44081.70000076294,0,2.700000762939453,2.700000762939453,44107.0,False,1,0,False,fast,0,0,False,False,2,True,True,,,,,,,,,,,
6298,44086.0,44086.0,44096.5,1,10.5,10.5,44114.0,False,1,0,False,accurate,1,1,False,False,1,True,True,,,,,,,,,,,
6302,44114.0,44114.0,44116.69999694824,0,2.6999969482421875,2.6999969482421875,44142.0,False,1,0,False,fast,0,0,False,False,97,False,True,,,,,,,,,,,
6303,44121.0,44121.0,44144.70000076294,1,23.700000762939453,23.700000762939453,44149.0,False,1,0,False,accurate,1,1,False,False,96,False,True,,,,,,,,,,,
6304,44128.0,44128.0,44130.60000228882,0,2.6000022888183594,2.6000022888183594,44156.0,False,2,1,False,fast,0,0,False,False,95,False,True,,,,,,,,,,,
6305,44135.0,44135.0,44137.60000228882,0,2.6000022888183594,2.6000022888183594,44163.0,False,2,1,False,fast,0,0,False,False,94,False,True,,,,,,,,,,,
6309,44163.0,44163.0,44165.60000228882,0,2.6000022888183594,2.6000022888183594,44191.0,False,1,0,False,fast,0,0,False,False,90,False,True,,,,,,,,,,,
6310,44170.0,44170.0,44172.5,1,2.5,2.5,44198.0,False,1,0,False,fast,0,0,False,False,89,False,True,,,,,,,,,,,
6311,44177.0,44177.0,44179.59999847412,0,2.5999984741210938,2.5999984741210938,44205.0,False,1,0,False,fast,0,0,False,False,88,False,True,,,,,,,,,,,
6314,44198.0,44198.0,44213.09999847412,1,15.099998474121094,15.099998474121094,44226.0,False,1,0,False,accurate,1,1,False,False,85,False,True,,,,,,,,,,,
6315,44205.0,44205.0,44207.60000228882,0,2.6000022888183594,2.6000022888183594,44233.0,False,2,1,False,fast,0,0,False,False,84,False,True,,,,,,,,,,,
6318,44226.0,44226.0,44228.79999923706,0,2.799999237060547,2.799999237060547,44254.0,False,1,0,False,fast,0,0,False,False,81,False,True,,,,,,,,,,,
6320,44240.0,44240.0,44255.80000305176,1,15.800003051757812,15.800003051757812,44268.0,False,1,0,False,accurate,1,1,False,False,79,False,True,,,,,,,,,,,
6321,44247.0,44247.0,44264.29999923706,0,17.299999237060547,17.299999237060547,44275.0,False,2,1,False,accurate,1,1,False,False,78,False,True,,,,,,,,,,,
6325,44275.0,44275.0,44281.40000152588,1,6.400001525878906,6.400001525878906,44303.0,False,1,0,False,fast,0,0,False,False,74,False,True,,,,,,,,,,,
6327,44289.0,44289.0,44303.29999923706,0,14.299999237060547,14.299999237060547,44317.0,False,1,0,False,accurate,1,1,False,False,72,False,True,,,,,,,,,,,
6328,44296.0,44296.0,44301.89999771118,1,5.899997711181641,5.899997711181641,44324.0,False,2,1,False,fast,0,0,False,False,71,False,True,,,,,,,,,,,
6329,44303.0,44303.0,44309.29999923706,1,6.299999237060547,6.299999237060547,44331.0,False,2,1,False,fast,0,0,False,False,70,False,True,,,,,,,,,,,
6331,44317.0,44317.0,44319.79999923706,0,2.799999237060547,2.799999237060547,44345.0,False,1,0,False,fast,0,0,False,False,68,False,True,,,,,,,,,,,
6332,44324.0,44324.0,44326.69999694824,1,2.6999969482421875,2.6999969482421875,44352.0,False,1,0,False,fast,0,0,False,False,67,False,True,,,,,,,,,,,
6333,44331.0,44331.0,44333.70000076294,0,2.700000762939453,2.700000762939453,44359.0,False,1,0,False,fast,0,0,False,False,66,False,True,,,,,,,,,,,
6336,44352.0,44352.0,44354.69999694824,1,2.6999969482421875,2.6999969482421875,44380.0,False,1,0,False,fast,0,0,False,False,63,False,True,,,,,,,,,,,
6338,44366.0,44366.0,44368.79999923706,0,2.799999237060547,2.799999237060547,44394.0,False,1,0,False,fast,0,0,False,False,61,False,True,,,,,,,,,,,
6341,44387.0,44387.0,44391.09999847412,1,4.099998474121094,4.099998474121094,44415.0,False,1,0,False,fast,0,0,False,False,58,False,True,,,,,,,,,,,
6344,44408.0,44408.0,44410.69999694824,0,2.6999969482421875,2.6999969482421875,44436.0,False,1,0,False,fast,0,0,False,False,55,False,True,,,,,,,,,,,
6351,44457.0,44457.0,44459.59999847412,1,2.5999984741210938,2.5999984741210938,44485.0,False,1,0,False,fast,0,0,False,False,48,False,True,,,,,,,,,,,
6353,44471.0,44471.0,44484.60000228882,0,13.60000228881836,13.60000228881836,44499.0,False,1,0,False,accurate,1,1,False,False,46,False,True,,,,,,,,,,,
6354,44478.0,44478.0,44480.59999847412,1,2.5999984741210938,2.5999984741210938,44506.0,False,2,1,False,fast,0,0,False,False,45,False,True,,,,,,,,,,,
6357,44499.0,44499.0,44501.60000228882,1,2.6000022888183594,2.6000022888183594,44527.0,False,1,0,False,fast,0,0,False,False,42,False,True,,,,,,,,,,,
6359,44513.0,44513.0,44515.69999694824,0,2.6999969482421875,2.6999969482421875,44541.0,False,1,0,False,fast,0,0,False,False,40,False,True,,,,,,,,,,,
6365,44555.0,44555.0,44569.9999961853,1,14.999996185302734,14.999996185302734,44583.0,False,1,0,False,accurate,1,1,False,False,34,False,True,,,,,,,,,,,
6369,44583.0,44583.0,44585.59999847412,0,2.5999984741210938,2.5999984741210938,44611.0,False,1,0,False,fast,0,0,False,False,30,False,True,,,,,,,,,,,
6370,44590.0,44590.0,44592.60000228882,1,2.6000022888183594,2.6000022888183594,44618.0,False,1,0,False,fast,0,0,False,False,29,False,True,,,,,,,,,,,
6372,44604.0,44604.0,44621.29999923706,0,17.299999237060547,17.299999237060547,44632.0,False,1,0,False,accurate,1,1,False,False,27,False,True,,,,,,,,,,,
6375,44625.0,44625.0,44627.70000076294,1,2.700000762939453,2.700000762939453,44653.0,False,1,0,False,fast,0,0,False,False,24,False,True,,,,,,,,,,,
6379,44653.0,44653.0,44669.29999923706,0,16.299999237060547,16.299999237060547,44681.0,False,1,0,False,accurate,1,1,False,False,20,False,True,,,,,,,,,,,
6381,44667.0,44667.0,44683.29999542236,1,16.29999542236328,16.29999542236328,44695.0,False,2,1,False,accurate,1,1,False,False,18,False,True,,,,,,,,,,,
6388,44716.0,44716.0,44718.70000076294,0,2.700000762939453,2.700000762939453,44744.0,False,1,0,False,fast,0,0,False,False,11,False,True,,,,,,,,,,,
6391,44737.0,44737.0,44739.69999694824,1,2.6999969482421875,2.6999969482421875,44765.0,False,1,0,False,fast,0,0,False,False,8,False,True,,,,,,,,,,,
6395,44765.0,44765.0,44778.10000228882,0,13.10000228881836,13.10000228881836,44793.0,False,1,0,False,accurate,1,1,False,False,4,False,True,,,,,,,,,,,
6396,44772.0,44772.0,44775.90000152588,1,3.9000015258789062,3.9000015258789062,44800.0,False,2,1,False,fast,0,0,False,False,3,False,True,,,,,,,,,,,
6397,44779.0,44779.0,44781.5,1,2.5,2.5,44807.0,False,1,0,False,fast,0,0,False,False,2,True,True,,,,,,,,,,,
6399,44793.0,44793.0,44806.10000228882,0,13.10000228881836,13.10000228881836,44821.0,False,1,0,False,accurate,1,1,False,True,0,True,True,,,,,,,,,,,
6410,44870.0,44870.0,44873.015000841224,1,3.015000841220217,3.0150008412238094,44898.0,False,1,0,False,fast,0,0,False,False,89,False,True,,,,,,,,,,,
6412,44884.0,44884.0,44886.8600025177,0,2.8600025177001958,2.8600025177001953,44912.0,False,1,0,False,fast,0,0,False,False,87,False,True,,,,,,,,,,,
6415,44905.0,44905.0,44933.65875096321,1,28.65875096321106,28.65875096320815,44933.0,True,1,0,False,accurate,0,0,False,False,84,False,False,,,,,,,,,,,
6419,44933.0,44933.0,44952.59374819214,0,19.593748192141458,19.59374819214281,44961.0,False,2,1,False,accurate,1,1,False,False,80,False,True,,,,,,,,,,,
6421,44947.0,44947.0,44949.87000312805,1,2.8700031280517577,2.870003128053213,44975.0,False,2,1,False,fast,0,0,False,False,78,False,True,,,,,,,,,,,
6422,44954.0,44954.0,44958.27000465602,1,4.2700046560168285,4.270004656020319,44982.0,False,1,0,False,fast,0,0,False,False,77,False,True,,,,,,,,,,,
6423,44961.0,44961.0,44963.82333256473,0,2.8233325647314387,2.823332564730663,44989.0,False,1,0,False,fast,0,0,False,False,76,False,True,,,,,,,,,,,
6426,44982.0,44982.0,44996.79999923706,1,14.799999237060547,14.799999237060547,45010.0,False,1,0,False,accurate,1,1,False,False,73,False,True,,,,,,,,,,,
6427,44989.0,44989.0,44991.80000305176,0,2.8000030517578125,2.8000030517578125,45017.0,False,2,1,False,fast,0,0,False,False,72,False,True,,,,,,,,,,,
6430,45010.0,45010.0,45012.69999694824,0,2.6999969482421875,2.6999969482421875,45038.0,False,1,0,False,fast,0,0,False,False,69,False,True,,,,,,,,,,,
6431,45017.0,45017.0,45037.70000076294,1,20.700000762939453,20.700000762939453,45045.0,False,1,0,False,accurate,0,0,False,False,68,False,True,,,,,,,,,,,
6432,45024.0,45024.0,45051.89999771118,0,27.89999771118164,27.89999771118164,45052.0,False,2,1,False,accurate,0,0,False,False,67,False,True,,,,,,,,,,,
6433,45031.0,45037.70000076294,45040.29999923706,1,2.5999984741210938,9.299999237060547,45059.0,False,3,2,False,fast,0,0,False,False,66,False,True,,,,,,,,,,,
6435,45045.0,45045.0,45047.5,1,2.5,2.5,45073.0,False,2,1,False,fast,0,0,False,False,64,False,True,,,,,,,,,,,
6438,45066.0,45066.0,45068.79999923706,1,2.799999237060547,2.799999237060547,45094.0,False,1,0,False,fast,0,0,False,False,61,False,True,,,,,,,,,,,
6441,45087.0,45087.0,45089.59999847412,0,2.5999984741210938,2.5999984741210938,45115.0,False,1,0,False,fast,0,0,False,False,58,False,True,,,,,,,,,,,
6443,45101.0,45101.0,45103.70000076294,1,2.700000762939453,2.700000762939453,45129.0,False,1,0,False,fast,0,0,False,False,56,False,True,,,,,,,,,,,
6444,45108.0,45108.0,45122.4999961853,0,14.499996185302734,14.499996185302734,45136.0,False,1,0,False,accurate,1,1,False,False,55,False,True,,,,,,,,,,,
6447,45129.0,45129.0,45144.69999694824,1,15.699996948242188,15.699996948242188,45157.0,False,1,0,False,accurate,1,1,False,False,52,False,True,,,,,,,,,,,
6448,45136.0,45136.0,45138.60000228882,0,2.6000022888183594,2.6000022888183594,45164.0,False,2,1,False,fast,0,0,False,False,51,False,True,,,,,,,,,,,
6451,45157.0,45157.0,45159.70000076294,0,2.700000762939453,2.700000762939453,45185.0,False,1,0,False,fast,0,0,False,False,48,False,True,,,,,,,,,,,
6452,45164.0,45164.0,45181.59999847412,1,17.599998474121094,17.599998474121094,45192.0,False,1,0,False,accurate,1,1,False,False,47,False,True,,,,,,,,,,,
6453,45171.0,45171.0,45173.70000076294,0,2.700000762939453,2.700000762939453,45199.0,False,2,1,False,fast,0,0,False,False,46,False,True,,,,,,,,,,,
6455,45185.0,45185.0,45187.60000228882,0,2.6000022888183594,2.6000022888183594,45213.0,False,1,0,False,fast,0,0,False,False,44,False,True,,,,,,,,,,,
6458,45206.0,45206.0,45208.5,1,2.5,2.5,45234.0,False,1,0,False,fast,0,0,False,False,41,False,True,,,,,,,,,,,
6459,45213.0,45213.0,45215.60000228882,0,2.6000022888183594,2.6000022888183594,45241.0,False,1,0,False,fast,0,0,False,False,40,False,True,,,,,,,,,,,
6461,45227.0,45227.0,45229.79999923706,1,2.799999237060547,2.799999237060547,45255.0,False,1,0,False,fast,0,0,False,False,38,False,True,,,,,,,,,,,
6462,45234.0,45234.0,45236.60000228882,0,2.6000022888183594,2.6000022888183594,45262.0,False,1,0,False,fast,0,0,False,False,37,False,True,,,,,,,,,,,
6468,45276.0,45276.0,45279.70000457764,1,3.7000045776367188,3.7000045776367188,45304.0,False,1,0,False,fast,0,0,False,False,31,False,True,,,,,,,,,,,
6469,45283.0,45283.0,45285.69999694824,0,2.6999969482421875,2.6999969482421875,45311.0,False,1,0,False,fast,0,0,False,False,30,False,True,,,,,,,,,,,
6470,45290.0,45290.0,45292.69999694824,1,2.6999969482421875,2.6999969482421875,45318.0,False,1,0,False,fast,0,0,False,False,29,False,True,,,,,,,,,,,
6471,45297.0,45297.0,45309.40000152588,0,12.400001525878906,12.400001525878906,45325.0,False,1,0,False,accurate,1,1,False,False,28,False,True,,,,,,,,,,,
6478,45346.0,45346.0,45348.60000228882,1,2.6000022888183594,2.6000022888183594,45374.0,False,1,0,False,fast,0,0,False,False,21,False,True,,,,,,,,,,,
6479,45353.0,45353.0,45367.69999694824,0,14.699996948242188,14.699996948242188,45381.0,False,1,0,False,accurate,1,1,False,False,20,False,True,,,,,,,,,,,
6481,45367.0,45367.0,45380.79999923706,1,13.799999237060547,13.799999237060547,45395.0,False,2,1,False,accurate,1,1,False,False,18,False,True,,,,,,,,,,,
6482,45374.0,45374.0,45376.60000228882,0,2.6000022888183594,2.6000022888183594,45402.0,False,2,1,False,fast,0,0,False,False,17,False,True,,,,,,,,,,,
6483,45381.0,45381.0,45393.19999694824,0,12.199996948242188,12.199996948242188,45409.0,False,1,0,False,accurate,1,1,False,False,16,False,True,,,,,,,,,,,
6484,45388.0,45388.0,45390.59999847412,1,2.5999984741210938,2.5999984741210938,45416.0,False,2,1,False,fast,0,0,False,False,15,False,True,,,,,,,,,,,
6488,45416.0,45416.0,45438.5,1,22.5,22.5,45444.0,False,1,0,False,accurate,0,0,False,False,11,False,True,,,,,,,,,,,
6492,45444.0,45444.0,45446.59999847412,0,2.5999984741210938,2.5999984741210938,45472.0,False,1,0,False,fast,0,0,False,False,7,False,True,,,,,,,,,,,
6494,45458.0,45458.0,45473.79999923706,1,15.799999237060547,15.799999237060547,45486.0,False,1,0,False,accurate,1,1,False,False,5,False,True,,,,,,,,,,,
6495,45465.0,45465.0,45479.80000305176,0,14.800003051757812,14.800003051757812,45493.0,False,2,1,False,accurate,1,1,False,False,4,False,True,,,,,,,,,,,
6497,45479.0,45479.0,45481.79999923706,1,2.799999237060547,2.799999237060547,45507.0,False,2,1,False,fast,0,0,False,False,2,True,True,,,,,,,,,,,
6498,45486.0,45486.0,45488.60000228882,0,2.6000022888183594,2.6000022888183594,45514.0,False,1,0,False,fast,0,0,False,False,1,True,True,,,,,,,,,,,
6499,45493.0,45493.0,45495.70000076294,1,2.700000762939453,2.700000762939453,45521.0,False,1,0,False,fast,0,0,False,True,0,True,True,,,,,,,,,,,
6501,45507.0,45507.0,45509.59999847412,0,2.5999984741210938,2.5999984741210938,45535.0,False,1,0,False,fast,0,0,False,False,98,False,True,,,,,,,,,,,
6505,45535.0,45535.0,45537.60000228882,1,2.6000022888183594,2.6000022888183594,45563.0,False,1,0,False,fast,0,0,False,False,94,False,True,,,,,,,,,,,
6506,45542.0,45542.0,45544.60000228882,0,2.6000022888183594,2.6000022888183594,45570.0,False,1,0,False,fast,0,0,False,False,93,False,True,,,,,,,,,,,
6512,45584.0,45584.0,45598.29999923706,1,14.299999237060547,14.299999237060547,45612.0,False,1,0,False,accurate,1,1,False,False,87,False,True,,,,,,,,,,,
6514,45598.0,45598.0,45600.69999694824,0,2.6999969482421875,2.6999969482421875,45626.0,False,2,1,False,fast,0,0,False,False,85,False,True,,,,,,,,,,,
6518,45626.0,45626.0,45629.29999923706,1,3.299999237060547,3.299999237060547,45654.0,False,1,0,False,fast,0,0,False,False,81,False,True,,,,,,,,,,,
6519,45633.0,45633.0,45635.70000076294,0,2.700000762939453,2.700000762939453,45661.0,False,1,0,False,fast,0,0,False,False,80,False,True,,,,,,,,,,,
6522,45654.0,45654.0,45668.10000228882,1,14.10000228881836,14.10000228881836,45682.0,False,1,0,False,accurate,1,1,False,False,77,False,True,,,,,,,,,,,
6523,45661.0,45661.0,45663.59999847412,0,2.5999984741210938,2.5999984741210938,45689.0,False,2,1,False,fast,0,0,False,False,76,False,True,,,,,,,,,,,
6531,45717.0,45717.0,45719.69999694824,0,2.6999969482421875,2.6999969482421875,45745.0,False,1,0,False,fast,0,0,False,False,68,False,True,,,,,,,,,,,
6533,45731.0,45731.0,45733.60000228882,1,2.6000022888183594,2.6000022888183594,45759.0,False,1,0,False,fast,0,0,False,False,66,False,True,,,,,,,,,,,
6542,45794.0,45794.0,45807.0,0,13.0,13.0,45822.0,False,1,0,False,accurate,1,1,False,False,57,False,True,,,,,,,,,,,
6543,45801.0,45801.0,45816.79999923706,1,15.799999237060547,15.799999237060547,45829.0,False,2,1,False,accurate,1,1,False,False,56,False,True,,,,,,,,,,,
6545,45815.0,45815.0,45817.60000228882,0,2.6000022888183594,2.6000022888183594,45843.0,False,2,1,False,fast,0,0,False,False,54,False,True,,,,,,,,,,,
6552,45864.0,45864.0,45866.70000076294,1,2.700000762939453,2.700000762939453,45892.0,False,1,0,False,fast,0,0,False,False,47,False,True,,,,,,,,,,,
6553,45871.0,45871.0,45884.39999771118,0,13.39999771118164,13.39999771118164,45899.0,False,1,0,False,accurate,1,1,False,False,46,False,True,,,,,,,,,,,
6554,45878.0,45878.0,45898.39999771118,1,20.39999771118164,20.39999771118164,45906.0,False,2,1,False,accurate,1,1,False,False,45,False,True,,,,,,,,,,,
6559,45913.0,45913.0,45915.79999923706,0,2.799999237060547,2.799999237060547,45941.0,False,1,0,False,fast,0,0,False,False,40,False,True,,,,,,,,,,,
6567,45969.0,45969.0,45989.49291191121,1,20.492911911209465,20.492911911213014,45997.0,False,1,0,False,accurate,0,0,False,False,32,False,True,,,,,,,,,,,
6568,45976.0,45976.0,45979.06000087539,0,3.0600008753935524,3.06000087538996,46004.0,False,2,1,False,fast,0,0,False,False,31,False,True,,,,,,,,,,,
6571,45997.0,45997.0,45999.88166498581,0,2.881664985815678,2.8816649858126766,46025.0,False,1,0,False,fast,0,0,False,False,28,False,True,,,,,,,,,,,
6572,46004.0,46004.0,46026.95,1,22.950000000000003,22.94999999999709,46032.0,False,1,0,False,accurate,1,1,False,False,27,False,True,,,,,,,,,,,
6573,46011.0,46011.0,46029.09541776965,0,18.095417769650624,18.09541776964761,46039.0,False,2,1,False,accurate,1,1,False,False,26,False,True,,,,,,,,,,,
6575,46025.0,46026.95,46045.00374903678,1,18.05374903678894,20.00374903678312,46053.0,False,3,2,False,accurate,1,1,False,False,24,False,True,,,,,,,,,,,
6576,46032.0,46032.0,46034.77333577991,0,2.773335779905324,2.7733357799079386,46060.0,False,2,1,False,fast,0,0,False,False,23,False,True,,,,,,,,,,,
6577,46039.0,46039.0,46060.91583412548,0,21.915834125479055,21.915834125480615,46067.0,False,2,1,False,accurate,0,0,False,False,22,False,True,,,,,,,,,,,
6583,46081.0,46081.0,46083.62166512872,1,2.621665128717819,2.621665128717723,46109.0,False,1,0,False,fast,0,0,False,False,16,False,True,,,,,,,,,,,
6584,46088.0,46088.0,46090.69999694824,0,2.6999969482421875,2.6999969482421875,46116.0,False,1,0,False,fast,0,0,False,False,15,False,True,,,,,,,,,,,
6587,46109.0,46109.0,46111.60000228882,1,2.6000022888183594,2.6000022888183594,46137.0,False,1,0,False,fast,0,0,False,False,12,False,True,,,,,,,,,,,
6589,46123.0,46123.0,46135.90000152588,0,12.900001525878906,12.900001525878906,46151.0,False,1,0,False,accurate,1,1,False,False,10,False,True,,,,,,,,,,,
6591,46137.0,46137.0,46152.4999961853,1,15.499996185302734,15.499996185302734,46165.0,False,1,0,False,accurate,1,1,False,False,8,False,True,,,,,,,,,,,
6592,46144.0,46144.0,46157.90000152588,0,13.900001525878906,13.900001525878906,46172.0,False,2,1,False,accurate,1,1,False,False,7,False,True,,,,,,,,,,,
6595,46165.0,46165.0,46168.69999694824,1,3.6999969482421875,3.6999969482421875,46193.0,False,1,0,False,fast,0,0,False,False,4,False,True,,,,,,,,,,,
6596,46172.0,46172.0,46189.60000228882,0,17.60000228881836,17.60000228881836,46200.0,False,1,0,False,accurate,1,1,False,False,3,False,True,,,,,,,,,,,
6597,46179.0,46179.0,46181.69999694824,1,2.6999969482421875,2.6999969482421875,46207.0,False,2,1,False,fast,0,0,False,False,2,True,True,,,,,,,,,,,
6599,46193.0,46193.0,46206.29999923706,1,13.299999237060547,13.299999237060547,46221.0,False,1,0,False,accurate,1,1,False,True,0,True,True,,,,,,,,,,,
6603,46221.0,46221.0,46223.79999923706,0,2.799999237060547,2.799999237060547,46249.0,False,1,0,False,fast,0,0,False,False,96,False,True,,,,,,,,,,,
6605,46235.0,46235.0,46237.59999847412,1,2.5999984741210938,2.5999984741210938,46263.0,False,1,0,False,fast,0,0,False,False,94,False,True,,,,,,,,,,,
6608,46256.0,46256.0,46258.599994659424,0,2.599994659423828,2.599994659423828,46284.0,False,1,0,False,fast,0,0,False,False,91,False,True,,,,,,,,,,,
6609,46263.0,46263.0,46265.70000076294,1,2.700000762939453,2.700000762939453,46291.0,False,1,0,False,fast,0,0,False,False,90,False,True,,,,,,,,,,,
6613,46291.0,46291.0,46293.69999694824,0,2.6999969482421875,2.6999969482421875,46319.0,False,1,0,False,fast,0,0,False,False,86,False,True,,,,,,,,,,,
6616,46312.0,46312.0,46324.79999923706,1,12.799999237060547,12.799999237060547,46340.0,False,1,0,False,accurate,1,1,False,False,83,False,True,,,,,,,,,,,
6620,46340.0,46340.0,46356.20000076294,0,16.200000762939453,16.200000762939453,46368.0,False,1,0,False,accurate,1,1,False,False,79,False,True,,,,,,,,,,,
6621,46347.0,46347.0,46349.59999847412,1,2.5999984741210938,2.5999984741210938,46375.0,False,2,1,False,fast,0,0,False,False,78,False,True,,,,,,,,,,,
6624,46368.0,46368.0,46383.29999923706,1,15.299999237060547,15.299999237060547,46396.0,False,1,0,False,accurate,1,1,False,False,75,False,True,,,,,,,,,,,
6628,46396.0,46396.0,46398.60000228882,0,2.6000022888183594,2.6000022888183594,46424.0,False,1,0,False,fast,0,0,False,False,71,False,True,,,,,,,,,,,
6630,46410.0,46410.0,46412.70000076294,1,2.700000762939453,2.700000762939453,46438.0,False,1,0,False,fast,0,0,False,False,69,False,True,,,,,,,,,,,
6631,46417.0,46417.0,46445.79999923706,0,28.799999237060547,28.799999237060547,46445.0,True,1,0,False,accurate,0,0,False,False,68,False,False,,,,,,,,,,,
6632,46424.0,46424.0,46443.79999923706,1,19.799999237060547,19.799999237060547,46452.0,False,2,1,False,accurate,0,0,False,False,67,False,True,,,,,,,,,,,
6633,46431.0,46443.79999923706,46446.5,1,2.700000762939453,15.5,46459.0,False,3,2,False,fast,0,0,False,False,66,False,True,,,,,,,,,,,
6635,46445.0,46445.79999923706,46448.5,0,2.700000762939453,3.5,46473.0,False,3,2,False,fast,0,0,False,False,64,False,True,,,,,,,,,,,
6636,46452.0,46452.0,46454.70000076294,1,2.700000762939453,2.700000762939453,46480.0,False,1,0,False,fast,0,0,False,False,63,False,True,,,,,,,,,,,
6645,46515.0,46515.0,46517.89999771118,0,2.8999977111816406,2.8999977111816406,46543.0,False,1,0,False,fast,0,0,False,False,54,False,True,,,,,,,,,,,
6646,46522.0,46522.0,46541.19999694824,1,19.199996948242188,19.199996948242188,46550.0,False,1,0,False,accurate,1,1,False,False,53,False,True,,,,,,,,,,,
6650,46550.0,46550.0,46552.59999847412,0,2.5999984741210938,2.5999984741210938,46578.0,False,1,0,False,fast,0,0,False,False,49,False,True,,,,,,,,,,,
6651,46557.0,46557.0,46559.70000076294,1,2.700000762939453,2.700000762939453,46585.0,False,1,0,False,fast,0,0,False,False,48,False,True,,,,,,,,,,,
6658,46606.0,46606.0,46625.20000076294,0,19.200000762939453,19.200000762939453,46634.0,False,1,0,False,accurate,1,1,False,False,41,False,True,,,,,,,,,,,
6659,46613.0,46613.0,46626.40000152588,1,13.400001525878906,13.400001525878906,46641.0,False,2,1,False,accurate,1,1,False,False,40,False,True,,,,,,,,,,,
6660,46620.0,46625.20000076294,46638.10000228882,0,12.900001525878906,18.10000228881836,46648.0,False,3,2,False,accurate,1,1,False,False,39,False,True,,,,,,,,,,,
6663,46641.0,46641.0,46643.79999923706,1,2.799999237060547,2.799999237060547,46669.0,False,1,0,False,fast,0,0,False,False,36,False,True,,,,,,,,,,,
6664,46648.0,46648.0,46650.80000305176,0,2.8000030517578125,2.8000030517578125,46676.0,False,1,0,False,fast,0,0,False,False,35,False,True,,,,,,,,,,,
6666,46662.0,46662.0,46664.90000152588,1,2.9000015258789062,2.9000015258789062,46690.0,False,1,0,False,fast,0,0,False,False,33,False,True,,,,,,,,,,,
6670,46690.0,46690.0,46708.29999542236,0,18.29999542236328,18.29999542236328,46718.0,False,1,0,False,accurate,1,1,False,False,29,False,True,,,,,,,,,,,
6673,46711.0,46711.0,46725.09999847412,1,14.099998474121094,14.099998474121094,46739.0,False,1,0,False,accurate,1,1,False,False,26,False,True,,,,,,,,,,,
6674,46718.0,46718.0,46731.40000152588,0,13.400001525878906,13.400001525878906,46746.0,False,2,1,False,accurate,1,1,False,False,25,False,True,,,,,,,,,,,
6678,46746.0,46746.0,46748.79999923706,1,2.799999237060547,2.799999237060547,46774.0,False,1,0,False,fast,0,0,False,False,21,False,True,,,,,,,,,,,
6679,46753.0,46753.0,46776.19999694824,0,23.199996948242188,23.199996948242188,46781.0,False,1,0,False,accurate,1,1,False,False,20,False,True,,,,,,,,,,,
6685,46795.0,46795.0,46808.09999847412,1,13.099998474121094,13.099998474121094,46823.0,False,1,0,False,accurate,1,1,False,False,14,False,True,,,,,,,,,,,
6687,46809.0,46809.0,46811.69999694824,0,2.6999969482421875,2.6999969482421875,46837.0,False,1,0,False,fast,0,0,False,False,12,False,True,,,,,,,,,,,
6691,46837.0,46837.0,46839.79999923706,1,2.799999237060547,2.799999237060547,46865.0,False,1,0,False,fast,0,0,False,False,8,False,True,,,,,,,,,,,
6692,46844.0,46844.0,46846.60000228882,0,2.6000022888183594,2.6000022888183594,46872.0,False,1,0,False,fast,0,0,False,False,7,False,True,,,,,,,,,,,
6694,46858.0,46858.0,46873.5,1,15.5,15.5,46886.0,False,1,0,False,accurate,1,1,False,False,5,False,True,,,,,,,,,,,
6701,46907.0,46907.0,46924.0,0,17.0,17.0,46935.0,False,1,0,False,accurate,1,1,False,False,98,False,True,,,,,,,,,,,
6707,46949.0,46949.0,46963.69999694824,1,14.699996948242188,14.699996948242188,46977.0,False,1,0,False,accurate,1,1,False,False,92,False,True,,,,,,,,,,,
6708,46956.0,46956.0,46958.60000228882,0,2.6000022888183594,2.6000022888183594,46984.0,False,2,1,False,fast,0,0,False,False,91,False,True,,,,,,,,,,,
6709,46963.0,46963.0,46965.59999847412,0,2.5999984741210938,2.5999984741210938,46991.0,False,2,1,False,fast,0,0,False,False,90,False,True,,,,,,,,,,,
6710,46970.0,46970.0,46973.20000076294,1,3.200000762939453,3.200000762939453,46998.0,False,1,0,False,fast,0,0,False,False,89,False,True,,,,,,,,,,,
6711,46977.0,46977.0,46979.69999694824,0,2.6999969482421875,2.6999969482421875,47005.0,False,1,0,False,fast,0,0,False,False,88,False,True,,,,,,,,,,,
6714,46998.0,46998.0,47008.60000228882,1,10.60000228881836,10.60000228881836,47026.0,False,1,0,False,accurate,1,1,False,False,85,False,True,,,,,,,,,,,
6715,47005.0,47005.0,47007.69999694824,0,2.6999969482421875,2.6999969482421875,47033.0,False,2,1,False,fast,0,0,False,False,84,False,True,,,,,,,,,,,
6716,47012.0,47012.0,47014.60000228882,0,2.6000022888183594,2.6000022888183594,47040.0,False,1,0,False,fast,0,0,False,False,83,False,True,,,,,,,,,,,
6719,47033.0,47033.0,47035.70000457764,1,2.7000045776367188,2.7000045776367188,47061.0,False,1,0,False,fast,0,0,False,False,80,False,True,,,,,,,,,,,
6720,47040.0,47040.0,47065.32999610901,0,25.32999610900879,25.32999610900879,47068.0,False,1,0,False,accurate,0,0,False,False,79,False,True,,,,,,,,,,,
6723,47061.0,47061.0,47084.05874876976,1,23.05874876976013,23.058748769763042,47089.0,False,2,1,False,accurate,0,0,False,False,76,False,True,,,,,,,,,,,
6724,47068.0,47068.0,47088.10832832476,0,20.108328324755078,20.108328324757167,47096.0,False,2,1,False,accurate,0,0,False,False,75,False,True,,,,,,,,,,,
6725,47075.0,47084.05874876976,47106.90499423126,1,22.846245461503624,31.904994231263117,47103.0,True,3,2,False,accurate,0,0,False,False,74,False,False,,,,,,,,,,,
6729,47103.0,47103.0,47122.54999780655,0,19.549997806549072,19.549997806549072,47131.0,False,2,1,False,accurate,0,0,False,False,70,False,True,,,,,,,,,,,
6731,47117.0,47117.0,47136.58416791638,1,19.584167916377396,19.584167916378647,47145.0,False,2,1,False,accurate,0,0,False,False,68,False,True,,,,,,,,,,,
6732,47124.0,47124.0,47126.97000083923,0,2.9700008392333985,2.9700008392319432,47152.0,False,2,1,False,fast,0,0,False,False,67,False,True,,,,,,,,,,,
6733,47131.0,47131.0,47157.416666805744,0,26.41666680574417,26.41666680574417,47159.0,False,2,1,False,accurate,0,0,False,False,66,False,True,,,,,,,,,,,
6734,47138.0,47138.0,47160.47500184993,1,22.47500184992948,22.475001849932596,47166.0,False,2,1,False,accurate,1,1,False,False,65,False,True,,,,,,,,,,,
6736,47152.0,47157.416666805744,47160.2966635559,0,2.879996750156079,8.296663555898704,47180.0,False,3,2,False,fast,0,0,False,False,63,False,True,,,,,,,,,,,
6737,47159.0,47160.2966635559,47181.008331021665,0,20.711667465766265,22.00833102166507,47187.0,False,3,2,False,accurate,0,0,False,False,62,False,True,,,,,,,,,,,
6739,47173.0,47173.0,47175.70833571494,1,2.7083357149362537,2.7083357149385847,47201.0,False,2,1,False,fast,0,0,False,False,60,False,True,,,,,,,,,,,
6741,47187.0,47187.0,47206.575004148486,1,19.575004148483274,19.575004148486187,47215.0,False,1,0,False,accurate,1,1,False,False,58,False,True,,,,,,,,,,,
6742,47194.0,47194.0,47215.166666701436,0,21.166666701436043,21.166666701436043,47222.0,False,2,1,False,accurate,1,1,False,False,57,False,True,,,,,,,,,,,
6743,47201.0,47206.575004148486,47221.29208670906,1,14.71708256057153,20.292086709057912,47229.0,False,3,2,False,accurate,1,1,False,False,56,False,True,,,,,,,,,,,
6745,47215.0,47215.166666701436,47217.9666659385,0,2.799999237060547,2.9666659384965897,47243.0,False,3,2,False,fast,0,0,False,False,54,False,True,,,,,,,,,,,
6746,47222.0,47222.0,47224.70000457764,0,2.7000045776367188,2.7000045776367188,47250.0,False,1,0,False,fast,0,0,False,False,53,False,True,,,,,,,,,,,
6747,47229.0,47229.0,47231.79999923706,1,2.799999237060547,2.799999237060547,47257.0,False,1,0,False,fast,0,0,False,False,52,False,True,,,,,,,,,,,
6749,47243.0,47243.0,47245.79999923706,0,2.799999237060547,2.799999237060547,47271.0,False,1,0,False,fast,0,0,False,False,50,False,True,,,,,,,,,,,
6750,47250.0,47250.0,47263.09999847412,1,13.099998474121094,13.099998474121094,47278.0,False,1,0,False,accurate,1,1,False,False,49,False,True,,,,,,,,,,,
6756,47292.0,47292.0,47294.70000076294,0,2.700000762939453,2.700000762939453,47320.0,False,1,0,False,fast,0,0,False,False,43,False,True,,,,,,,,,,,
6759,47313.0,47313.0,47315.79999923706,1,2.799999237060547,2.799999237060547,47341.0,False,1,0,False,fast,0,0,False,False,40,False,True,,,,,,,,,,,
6762,47334.0,47334.0,47348.5,0,14.5,14.5,47362.0,False,1,0,False,accurate,1,1,False,False,37,False,True,,,,,,,,,,,
6764,47348.0,47348.0,47365.0,1,17.0,17.0,47376.0,False,2,1,False,accurate,1,1,False,False,35,False,True,,,,,,,,,,,
6765,47355.0,47355.0,47358.79999923706,0,3.799999237060547,3.799999237060547,47383.0,False,2,1,False,fast,0,0,False,False,34,False,True,,,,,,,,,,,
6766,47362.0,47362.0,47364.80000305176,0,2.8000030517578125,2.8000030517578125,47390.0,False,2,1,False,fast,0,0,False,False,33,False,True,,,,,,,,,,,
6767,47369.0,47369.0,47387.90000152588,0,18.900001525878906,18.900001525878906,47397.0,False,1,0,False,accurate,1,1,False,False,32,False,True,,,,,,,,,,,
6771,47397.0,47397.0,47408.30000305176,1,11.300003051757812,11.300003051757812,47425.0,False,1,0,False,accurate,1,1,False,False,28,False,True,,,,,,,,,,,
6773,47411.0,47411.0,47413.79999923706,0,2.799999237060547,2.799999237060547,47439.0,False,1,0,False,fast,0,0,False,False,26,False,True,,,,,,,,,,,
6775,47425.0,47425.0,47450.80000305176,1,25.800003051757812,25.800003051757812,47453.0,False,1,0,False,accurate,1,0,True,False,24,False,True,,,,,,,,,,,
6776,47432.0,47432.0,47445.20000076294,0,13.200000762939453,13.200000762939453,47460.0,False,2,1,False,accurate,1,1,False,False,23,False,True,,,,,,,,,,,
6778,47446.0,47446.0,47448.79999923706,0,2.799999237060547,2.799999237060547,47474.0,False,2,1,False,fast,0,0,False,False,21,False,True,,,,,,,,,,,
6781,47467.0,47467.0,47489.59999847412,0,22.599998474121094,22.599998474121094,47495.0,False,1,0,False,accurate,1,1,False,False,18,False,True,,,,,,,,,,,
6782,47474.0,47474.0,47502.39999771118,1,28.39999771118164,28.39999771118164,47502.0,True,2,1,False,accurate,1,1,False,False,17,False,False,,,,,,,,,,,
6783,47481.0,47489.59999847412,47492.30000305176,0,2.7000045776367188,11.300003051757812,47509.0,False,3,2,False,fast,0,0,False,False,16,False,True,,,,,,,,,,,
6784,47488.0,47492.30000305176,47495.10000228882,0,2.799999237060547,7.100002288818359,47516.0,False,4,3,False,fast,0,0,False,False,15,False,True,,,,,,,,,,,
6785,47495.0,47495.10000228882,47506.90000152588,0,11.799999237060547,11.900001525878906,47523.0,False,3,2,False,accurate,1,1,False,False,14,False,True,,,,,,,,,,,
6786,47502.0,47502.39999771118,47516.90000152588,1,14.500003814697266,14.900001525878906,47530.0,False,3,2,False,accurate,1,1,False,False,13,False,True,,,,,,,,,,,
6788,47516.0,47516.0,47518.70000076294,0,2.700000762939453,2.700000762939453,47544.0,False,2,1,False,fast,0,0,False,False,11,False,True,,,,,,,,,,,
6789,47523.0,47523.0,47525.70000076294,1,2.700000762939453,2.700000762939453,47551.0,False,1,0,False,fast,0,0,False,False,10,False,True,,,,,,,,,,,
6790,47530.0,47530.0,47532.60000228882,0,2.6000022888183594,2.6000022888183594,47558.0,False,1,0,False,fast,0,0,False,False,9,False,True,,,,,,,,,,,
6795,47565.0,47565.0,47578.70000076294,1,13.700000762939453,13.700000762939453,47593.0,False,1,0,False,accurate,1,1,False,False,4,False,True,,,,,,,,,,,
6799,47593.0,47593.0,47606.899993896484,0,13.899993896484375,13.899993896484375,47621.0,False,1,0,False,accurate,1,1,False,True,0,True,True,,,,,,,,,,,
6801,47607.0,47607.0,47621.59999847412,1,14.599998474121094,14.599998474121094,47635.0,False,1,0,False,accurate,1,1,False,False,98,False,True,,,,,,,,,,,
6803,47621.0,47621.0,47638.19999694824,0,17.199996948242188,17.199996948242188,47649.0,False,2,1,False,accurate,1,1,False,False,96,False,True,,,,,,,,,,,
6805,47635.0,47635.0,47642.09999847412,1,7.099998474121094,7.099998474121094,47663.0,False,2,1,False,fast,0,0,False,False,94,False,True,,,,,,,,,,,
6806,47642.0,47642.0,47644.59999847412,0,2.5999984741210938,2.5999984741210938,47670.0,False,2,1,False,fast,0,0,False,False,93,False,True,,,,,,,,,,,
6809,47663.0,47663.0,47665.70000076294,1,2.700000762939453,2.700000762939453,47691.0,False,1,0,False,fast,0,0,False,False,90,False,True,,,,,,,,,,,
6811,47677.0,47677.0,47693.9999961853,0,16.999996185302734,16.999996185302734,47705.0,False,1,0,False,accurate,1,1,False,False,88,False,True,,,,,,,,,,,
6813,47691.0,47691.0,47693.70000076294,1,2.700000762939453,2.700000762939453,47719.0,False,2,1,False,fast,0,0,False,False,86,False,True,,,,,,,,,,,
6814,47698.0,47698.0,47717.70000076294,1,19.700000762939453,19.700000762939453,47726.0,False,1,0,False,accurate,1,1,False,False,85,False,True,,,,,,,,,,,
6815,47705.0,47705.0,47720.5,0,15.5,15.5,47733.0,False,2,1,False,accurate,1,1,False,False,84,False,True,,,,,,,,,,,
6817,47719.0,47719.0,47742.19999694824,1,23.199996948242188,23.199996948242188,47747.0,False,2,1,False,accurate,0,0,False,False,82,False,True,,,,,,,,,,,
6823,47761.0,47761.0,47783.79999923706,0,22.799999237060547,22.799999237060547,47789.0,False,1,0,False,accurate,0,0,False,False,76,False,True,,,,,,,,,,,
6828,47796.0,47796.0,47798.69999694824,1,2.6999969482421875,2.6999969482421875,47824.0,False,1,0,False,fast,0,0,False,False,71,False,True,,,,,,,,,,,
6832,47824.0,47824.0,47826.79999923706,0,2.799999237060547,2.799999237060547,47852.0,False,1,0,False,fast,0,0,False,False,67,False,True,,,,,,,,,,,
6834,47838.0,47838.0,47840.80000305176,1,2.8000030517578125,2.8000030517578125,47866.0,False,1,0,False,fast,0,0,False,False,65,False,True,,,,,,,,,,,
6836,47852.0,47852.0,47868.79999923706,0,16.799999237060547,16.799999237060547,47880.0,False,1,0,False,accurate,1,1,False,False,63,False,True,,,,,,,,,,,
6841,47887.0,47887.0,47889.80000305176,1,2.8000030517578125,2.8000030517578125,47915.0,False,1,0,False,fast,0,0,False,False,58,False,True,,,,,,,,,,,
6846,47922.0,47922.0,47924.79999923706,0,2.799999237060547,2.799999237060547,47950.0,False,1,0,False,fast,0,0,False,False,53,False,True,,,,,,,,,,,
6849,47943.0,47943.0,47945.69999694824,1,2.6999969482421875,2.6999969482421875,47971.0,False,1,0,False,fast,0,0,False,False,50,False,True,,,,,,,,,,,
6853,47971.0,47971.0,47992.09999847412,0,21.099998474121094,21.099998474121094,47999.0,False,1,0,False,accurate,1,1,False,False,46,False,True,,,,,,,,,,,
6854,47978.0,47978.0,47980.70000076294,1,2.700000762939453,2.700000762939453,48006.0,False,2,1,False,fast,0,0,False,False,45,False,True,,,,,,,,,,,
6864,48048.0,48048.0,48050.70000076294,1,2.700000762939453,2.700000762939453,48076.0,False,1,0,False,fast,0,0,False,False,35,False,True,,,,,,,,,,,
6865,48055.0,48055.0,48057.79999923706,0,2.799999237060547,2.799999237060547,48083.0,False,1,0,False,fast,0,0,False,False,34,False,True,,,,,,,,,,,
6866,48062.0,48062.0,48064.70000457764,1,2.7000045776367188,2.7000045776367188,48090.0,False,1,0,False,fast,0,0,False,False,33,False,True,,,,,,,,,,,
6869,48083.0,48083.0,48103.10000228882,0,20.10000228881836,20.10000228881836,48111.0,False,1,0,False,accurate,0,0,False,False,30,False,True,,,,,,,,,,,
6870,48090.0,48090.0,48092.70000076294,1,2.700000762939453,2.700000762939453,48118.0,False,2,1,False,fast,0,0,False,False,29,False,True,,,,,,,,,,,
6875,48125.0,48125.0,48137.29999923706,1,12.299999237060547,12.299999237060547,48153.0,False,1,0,False,accurate,1,1,False,False,24,False,True,,,,,,,,,,,
6877,48139.0,48139.0,48141.70000076294,0,2.700000762939453,2.700000762939453,48167.0,False,1,0,False,fast,0,0,False,False,22,False,True,,,,,,,,,,,
6878,48146.0,48146.0,48148.80000305176,1,2.8000030517578125,2.8000030517578125,48174.0,False,1,0,False,fast,0,0,False,False,21,False,True,,,,,,,,,,,
6879,48153.0,48153.0,48155.79999923706,0,2.799999237060547,2.799999237060547,48181.0,False,1,0,False,fast,0,0,False,False,20,False,True,,,,,,,,,,,
6880,48160.0,48160.0,48180.57000389099,1,20.57000389099121,20.570003890992666,48188.0,False,1,0,False,accurate,1,1,False,False,19,False,True,,,,,,,,,,,
6884,48188.0,48188.0,48207.79167253276,0,19.791672532757072,19.79167253275955,48216.0,False,1,0,False,accurate,0,0,False,False,15,False,True,,,,,,,,,,,
6889,48223.0,48223.0,48248.73125219345,1,25.731252193450928,25.731252193450928,48251.0,False,1,0,False,accurate,1,1,False,False,10,False,True,,,,,,,,,,,
6890,48230.0,48230.0,48250.70250087003,0,20.702500870029123,20.702500870029326,48258.0,False,2,1,False,accurate,1,1,False,False,9,False,True,,,,,,,,,,,
6893,48251.0,48251.0,48255.47583167573,1,4.475831675728159,4.475831675728841,48279.0,False,1,0,False,fast,0,0,False,False,6,False,True,,,,,,,,,,,
6896,48272.0,48272.0,48274.880004888175,0,2.8800048881769276,2.8800048881748808,48300.0,False,1,0,False,fast,0,0,False,False,3,False,True,,,,,,,,,,,
6897,48279.0,48279.0,48294.292912903526,1,15.292912903527439,15.292912903525576,48307.0,False,1,0,False,accurate,1,1,False,False,2,True,True,,,,,,,,,,,
6900,48300.0,48300.0,48302.99666824629,0,2.996668246289096,2.9966682462909375,48328.0,False,1,0,False,fast,0,0,False,False,99,False,True,,,,,,,,,,,
6908,48356.0,48356.0,48371.69999694824,1,15.699996948242188,15.699996948242188,48384.0,False,1,0,False,accurate,1,1,False,False,91,False,True,,,,,,,,,,,
6917,48419.0,48419.0,48421.60000228882,0,2.6000022888183594,2.6000022888183594,48447.0,False,1,0,False,fast,0,0,False,False,82,False,True,,,,,,,,,,,
6918,48426.0,48426.0,48438.5,1,12.5,12.5,48454.0,False,1,0,False,accurate,1,1,False,False,81,False,True,,,,,,,,,,,
6919,48433.0,48433.0,48435.59999847412,0,2.5999984741210938,2.5999984741210938,48461.0,False,2,1,False,fast,0,0,False,False,80,False,True,,,,,,,,,,,
6920,48440.0,48440.0,48442.60000228882,0,2.6000022888183594,2.6000022888183594,48468.0,False,1,0,False,fast,0,0,False,False,79,False,True,,,,,,,,,,,
6924,48468.0,48468.0,48470.79999923706,1,2.799999237060547,2.799999237060547,48496.0,False,1,0,False,fast,0,0,False,False,75,False,True,,,,,,,,,,,
6928,48496.0,48496.0,48498.69999694824,0,2.6999969482421875,2.6999969482421875,48524.0,False,1,0,False,fast,0,0,False,False,71,False,True,,,,,,,,,,,
6936,48552.0,48552.0,48564.90000152588,1,12.900001525878906,12.900001525878906,48580.0,False,1,0,False,accurate,1,1,False,False,63,False,True,,,,,,,,,,,
6938,48566.0,48566.0,48568.79999923706,0,2.799999237060547,2.799999237060547,48594.0,False,1,0,False,fast,0,0,False,False,61,False,True,,,,,,,,,,,
6940,48580.0,48580.0,48582.90000152588,1,2.9000015258789062,2.9000015258789062,48608.0,False,1,0,False,fast,0,0,False,False,59,False,True,,,,,,,,,,,
6941,48587.0,48587.0,48589.70000076294,0,2.700000762939453,2.700000762939453,48615.0,False,1,0,False,fast,0,0,False,False,58,False,True,,,,,,,,,,,
6942,48594.0,48594.0,48596.80000305176,1,2.8000030517578125,2.8000030517578125,48622.0,False,1,0,False,fast,0,0,False,False,57,False,True,,,,,,,,,,,
6946,48622.0,48622.0,48624.79999923706,0,2.799999237060547,2.799999237060547,48650.0,False,1,0,False,fast,0,0,False,False,53,False,True,,,,,,,,,,,
6947,48629.0,48629.0,48631.70000457764,1,2.7000045776367188,2.7000045776367188,48657.0,False,1,0,False,fast,0,0,False,False,52,False,True,,,,,,,,,,,
6948,48636.0,48636.0,48656.900005340576,0,20.900005340576172,20.900005340576172,48664.0,False,1,0,False,accurate,0,0,False,False,51,False,True,,,,,,,,,,,
6950,48650.0,48650.0,48652.69999694824,1,2.6999969482421875,2.6999969482421875,48678.0,False,2,1,False,fast,0,0,False,False,49,False,True,,,,,,,,,,,
6952,48664.0,48664.0,48680.20000076294,1,16.200000762939453,16.200000762939453,48692.0,False,1,0,False,accurate,1,1,False,False,47,False,True,,,,,,,,,,,
6954,48678.0,48678.0,48680.80000305176,0,2.8000030517578125,2.8000030517578125,48706.0,False,2,1,False,fast,0,0,False,False,45,False,True,,,,,,,,,,,
6955,48685.0,48685.0,48687.59999847412,1,2.5999984741210938,2.5999984741210938,48713.0,False,1,0,False,fast,0,0,False,False,44,False,True,,,,,,,,,,,
6956,48692.0,48692.0,48694.70000457764,0,2.7000045776367188,2.7000045776367188,48720.0,False,1,0,False,fast,0,0,False,False,43,False,True,,,,,,,,,,,
6959,48713.0,48713.0,48715.69999694824,1,2.6999969482421875,2.6999969482421875,48741.0,False,1,0,False,fast,0,0,False,False,40,False,True,,,,,,,,,,,
6961,48727.0,48727.0,48738.5,0,11.5,11.5,48755.0,False,1,0,False,accurate,1,1,False,False,38,False,True,,,,,,,,,,,
6965,48755.0,48755.0,48767.20000076294,1,12.200000762939453,12.200000762939453,48783.0,False,1,0,False,accurate,1,1,False,False,34,False,True,,,,,,,,,,,
6966,48762.0,48762.0,48764.70000076294,0,2.700000762939453,2.700000762939453,48790.0,False,2,1,False,fast,0,0,False,False,33,False,True,,,,,,,,,,,
6968,48776.0,48776.0,48778.79999923706,0,2.799999237060547,2.799999237060547,48804.0,False,1,0,False,fast,0,0,False,False,31,False,True,,,,,,,,,,,
6971,48797.0,48797.0,48799.79999923706,1,2.799999237060547,2.799999237060547,48825.0,False,1,0,False,fast,0,0,False,False,28,False,True,,,,,,,,,,,
6983,48881.0,48881.0,48883.69999694824,0,2.6999969482421875,2.6999969482421875,48909.0,False,1,0,False,fast,0,0,False,False,16,False,True,,,,,,,,,,,
6984,48888.0,48888.0,48905.39999771118,1,17.39999771118164,17.39999771118164,48916.0,False,1,0,False,accurate,1,1,False,False,15,False,True,,,,,,,,,,,
6986,48902.0,48902.0,48904.79999923706,0,2.799999237060547,2.799999237060547,48930.0,False,2,1,False,fast,0,0,False,False,13,False,True,,,,,,,,,,,
6989,48923.0,48923.0,48925.79999923706,0,2.799999237060547,2.799999237060547,48951.0,False,1,0,False,fast,0,0,False,False,10,False,True,,,,,,,,,,,
6993,48951.0,48951.0,48953.90000152588,1,2.9000015258789062,2.9000015258789062,48979.0,False,1,0,False,fast,0,0,False,False,6,False,True,,,,,,,,,,,
6994,48958.0,48958.0,48960.69999694824,0,2.6999969482421875,2.6999969482421875,48986.0,False,1,0,False,fast,0,0,False,False,5,False,True,,,,,,,,,,,
6998,48986.0,48986.0,48988.70000457764,1,2.7000045776367188,2.7000045776367188,49014.0,False,1,0,False,fast,0,0,False,False,1,True,True,,,,,,,,,,,
6999,48993.0,48993.0,49009.9999961853,0,16.999996185302734,16.999996185302734,49021.0,False,1,0,False,accurate,1,1,False,True,0,True,True,,,,,,,,,,,
7000,49000.0,49000.0,49013.79999923706,1,13.799999237060547,13.799999237060547,49028.0,False,2,1,False,accurate,1,1,False,False,99,False,True,,,,,,,,,,,
7002,49014.0,49014.0,49027.29999923706,0,13.299999237060547,13.299999237060547,49042.0,False,1,0,False,accurate,1,1,False,False,97,False,True,,,,,,,,,,,
7003,49021.0,49021.0,49023.79999923706,1,2.799999237060547,2.799999237060547,49049.0,False,2,1,False,fast,0,0,False,False,96,False,True,,,,,,,,,,,
7006,49042.0,49042.0,49053.5,1,11.5,11.5,49070.0,False,1,0,False,accurate,1,1,False,False,93,False,True,,,,,,,,,,,
7008,49056.0,49056.0,49070.59999847412,0,14.599998474121094,14.599998474121094,49084.0,False,1,0,False,accurate,1,1,False,False,91,False,True,,,,,,,,,,,
7012,49084.0,49084.0,49143.80000305176,1,59.80000305175781,59.80000305175781,49112.0,True,1,0,False,accurate,0,0,False,False,87,False,False,,,,,,,,,,,
7013,49091.0,49091.0,49114.0,0,23.0,23.0,49119.0,False,2,1,False,accurate,0,0,False,False,86,False,True,,,,,,,,,,,
7016,49112.0,49114.0,49116.69999694824,0,2.6999969482421875,4.6999969482421875,49140.0,False,3,2,False,fast,0,0,False,False,83,False,True,,,,,,,,,,,
7019,49133.0,49133.0,49135.79999923706,0,2.799999237060547,2.799999237060547,49161.0,False,2,1,False,fast,0,0,False,False,80,False,True,,,,,,,,,,,
7022,49154.0,49154.0,49156.69999694824,0,2.6999969482421875,2.6999969482421875,49182.0,False,1,0,False,fast,0,0,False,False,77,False,True,,,,,,,,,,,
7028,49196.0,49196.0,49198.599994659424,1,2.599994659423828,2.599994659423828,49224.0,False,1,0,False,fast,0,0,False,False,71,False,True,,,,,,,,,,,
7029,49203.0,49203.0,49205.70000076294,0,2.700000762939453,2.700000762939453,49231.0,False,1,0,False,fast,0,0,False,False,70,False,True,,,,,,,,,,,
7031,49217.0,49217.0,49219.79999923706,1,2.799999237060547,2.799999237060547,49245.0,False,1,0,False,fast,0,0,False,False,68,False,True,,,,,,,,,,,
7032,49224.0,49224.0,49226.79999923706,0,2.799999237060547,2.799999237060547,49252.0,False,1,0,False,fast,0,0,False,False,67,False,True,,,,,,,,,,,
7038,49266.0,49266.0,49268.79999923706,1,2.799999237060547,2.799999237060547,49294.0,False,1,0,False,fast,0,0,False,False,61,False,True,,,,,,,,,,,
7040,49280.0,49280.0,49300.23000259399,0,20.23000259399414,20.23000259399123,49308.0,False,1,0,False,accurate,0,0,False,False,59,False,True,,,,,,,,,,,
7041,49287.0,49287.0,49314.56875614425,1,27.568756144245413,27.568756144246436,49315.0,False,2,1,False,accurate,0,0,False,False,58,False,True,,,,,,,,,,,
7042,49294.0,49300.23000259399,49333.06333620548,0,32.83333361148834,39.06333620547957,49322.0,True,3,2,False,accurate,0,0,False,False,57,False,False,,,,,,,,,,,
7046,49322.0,49322.0,49344.41749534607,1,22.417495346069334,22.41749534606788,49350.0,False,2,1,False,accurate,1,1,False,False,53,False,True,,,,,,,,,,,
7047,49329.0,49333.06333620548,49336.14583271066,0,3.0824965051810067,7.145832710659306,49357.0,False,3,2,False,fast,0,0,False,False,52,False,True,,,,,,,,,,,
7050,49350.0,49350.0,49394.78499848326,0,44.78499848326049,44.78499848325737,49378.0,True,1,0,False,accurate,1,1,False,False,49,False,False,,,,,,,,,,,
7052,49364.0,49364.0,49383.84500102997,1,19.845001029968262,19.845001029971172,49392.0,False,2,1,False,accurate,0,0,False,False,47,False,True,,,,,,,,,,,
7054,49378.0,49383.84500102997,49386.878333531226,1,3.033332501252494,8.878333531225508,49406.0,False,3,2,False,fast,0,0,False,False,45,False,True,,,,,,,,,,,
7057,49399.0,49399.0,49402.91583817065,1,3.9158381706476115,3.9158381706511136,49427.0,False,1,0,False,fast,0,0,False,False,42,False,True,,,,,,,,,,,
7060,49420.0,49420.0,49424.443332549235,0,4.44333254923423,4.4433325492354925,49448.0,False,1,0,False,fast,0,0,False,False,39,False,True,,,,,,,,,,,
7062,49434.0,49434.0,49456.01333256205,1,22.013332562049225,22.013332562048163,49462.0,False,1,0,False,accurate,0,0,False,False,37,False,True,,,,,,,,,,,
7066,49462.0,49462.0,49464.89999771118,0,2.8999977111816406,2.8999977111816406,49490.0,False,1,0,False,fast,0,0,False,False,33,False,True,,,,,,,,,,,
7070,49490.0,49490.0,49503.10000228882,1,13.10000228881836,13.10000228881836,49518.0,False,1,0,False,accurate,1,1,False,False,29,False,True,,,,,,,,,,,
7071,49497.0,49497.0,49500.0,0,3.0,3.0,49525.0,False,2,1,False,fast,0,0,False,False,28,False,True,,,,,,,,,,,
7072,49504.0,49504.0,49517.19999694824,0,13.199996948242188,13.199996948242188,49532.0,False,1,0,False,fast,0,0,False,False,27,False,True,,,,,,,,,,,
7073,49511.0,49511.0,49513.70000076294,1,2.700000762939453,2.700000762939453,49539.0,False,2,1,False,fast,0,0,False,False,26,False,True,,,,,,,,,,,
7076,49532.0,49532.0,49534.70000076294,1,2.700000762939453,2.700000762939453,49560.0,False,1,0,False,fast,0,0,False,False,23,False,True,,,,,,,,,,,
7079,49553.0,49553.0,49557.09999847412,0,4.099998474121094,4.099998474121094,49581.0,False,1,0,False,fast,0,0,False,False,20,False,True,,,,,,,,,,,
7080,49560.0,49560.0,49582.29999923706,1,22.299999237060547,22.299999237060547,49588.0,False,1,0,False,accurate,0,0,False,False,19,False,True,,,,,,,,,,,
7082,49574.0,49574.0,49576.89999771118,0,2.8999977111816406,2.8999977111816406,49602.0,False,2,1,False,fast,0,0,False,False,17,False,True,,,,,,,,,,,
7083,49581.0,49581.0,49583.79999923706,0,2.799999237060547,2.799999237060547,49609.0,False,2,1,False,fast,0,0,False,False,16,False,True,,,,,,,,,,,
7084,49588.0,49588.0,49590.70000076294,1,2.700000762939453,2.700000762939453,49616.0,False,1,0,False,fast,0,0,False,False,15,False,True,,,,,,,,,,,
7085,49595.0,49595.0,49608.5000038147,0,13.500003814697266,13.500003814697266,49623.0,False,1,0,False,accurate,1,1,False,False,14,False,True,,,,,,,,,,,
7086,49602.0,49602.0,49621.80000305176,1,19.800003051757812,19.800003051757812,49630.0,False,2,1,False,accurate,1,1,False,False,13,False,True,,,,,,,,,,,
7089,49623.0,49623.0,49625.69999694824,0,2.6999969482421875,2.6999969482421875,49651.0,False,1,0,False,fast,0,0,False,False,10,False,True,,,,,,,,,,,
7090,49630.0,49630.0,49642.30000305176,1,12.300003051757812,12.300003051757812,49658.0,False,1,0,False,accurate,1,1,False,False,9,False,True,,,,,,,,,,,
7091,49637.0,49637.0,49650.69999694824,0,13.699996948242188,13.699996948242188,49665.0,False,2,1,False,accurate,1,1,False,False,8,False,True,,,,,,,,,,,
7094,49658.0,49658.0,49679.79999923706,1,21.799999237060547,21.799999237060547,49686.0,False,1,0,False,accurate,0,0,False,False,5,False,True,,,,,,,,,,,
7095,49665.0,49665.0,49680.19999694824,0,15.199996948242188,15.199996948242188,49693.0,False,2,1,False,accurate,1,1,False,False,4,False,True,,,,,,,,,,,
7096,49672.0,49679.79999923706,49682.9999961853,1,3.1999969482421875,10.999996185302734,49700.0,False,3,2,False,fast,0,0,False,False,3,False,True,,,,,,,,,,,
7097,49679.0,49680.19999694824,49682.9999961853,0,2.799999237060547,3.9999961853027344,49707.0,False,4,3,False,fast,0,0,False,False,2,True,True,,,,,,,,,,,
7098,49686.0,49686.0,49688.79999923706,0,2.799999237060547,2.799999237060547,49714.0,False,1,0,False,fast,0,0,False,False,1,True,True,,,,,,,,,,,
7100,49700.0,49700.0,49714.29999923706,1,14.299999237060547,14.299999237060547,49728.0,False,1,0,False,accurate,1,1,False,False,99,False,True,,,,,,,,,,,
7102,49714.0,49714.0,49716.79999923706,0,2.799999237060547,2.799999237060547,49742.0,False,2,1,False,fast,0,0,False,False,97,False,True,,,,,,,,,,,
7104,49728.0,49728.0,49730.70000457764,1,2.7000045776367188,2.7000045776367188,49756.0,False,1,0,False,fast,0,0,False,False,95,False,True,,,,,,,,,,,
7106,49742.0,49742.0,49744.90000152588,0,2.9000015258789062,2.9000015258789062,49770.0,False,1,0,False,fast,0,0,False,False,93,False,True,,,,,,,,,,,
7112,49784.0,49784.0,49786.79999923706,1,2.799999237060547,2.799999237060547,49812.0,False,1,0,False,fast,0,0,False,False,87,False,True,,,,,,,,,,,
7113,49791.0,49791.0,49793.69999694824,0,2.6999969482421875,2.6999969482421875,49819.0,False,1,0,False,fast,0,0,False,False,86,False,True,,,,,,,,,,,
7114,49798.0,49798.0,49812.59999847412,1,14.599998474121094,14.599998474121094,49826.0,False,1,0,False,accurate,1,1,False,False,85,False,True,,,,,,,,,,,
7117,49819.0,49819.0,49821.79999923706,0,2.799999237060547,2.799999237060547,49847.0,False,1,0,False,fast,0,0,False,False,82,False,True,,,,,,,,,,,
7119,49833.0,49833.0,49835.70000076294,1,2.700000762939453,2.700000762939453,49861.0,False,1,0,False,fast,0,0,False,False,80,False,True,,,,,,,,,,,
7122,49854.0,49854.0,49875.80000305176,0,21.800003051757812,21.800003051757812,49882.0,False,1,0,False,accurate,1,1,False,False,77,False,True,,,,,,,,,,,
7127,49889.0,49889.0,49904.79999923706,1,15.799999237060547,15.799999237060547,49917.0,False,1,0,False,accurate,1,1,False,False,72,False,True,,,,,,,,,,,
7130,49910.0,49910.0,49912.70000076294,0,2.700000762939453,2.700000762939453,49938.0,False,1,0,False,fast,0,0,False,False,69,False,True,,,,,,,,,,,
7132,49924.0,49924.0,49926.70000457764,1,2.7000045776367188,2.7000045776367188,49952.0,False,1,0,False,fast,0,0,False,False,67,False,True,,,,,,,,,,,
7133,49931.0,49931.0,49933.69999694824,0,2.6999969482421875,2.6999969482421875,49959.0,False,1,0,False,fast,0,0,False,False,66,False,True,,,,,,,,,,,
7135,49945.0,49945.0,49947.59999847412,1,2.5999984741210938,2.5999984741210938,49973.0,False,1,0,False,fast,0,0,False,False,64,False,True,,,,,,,,,,,
7139,49973.0,49973.0,49975.79999923706,0,2.799999237060547,2.799999237060547,50001.0,False,1,0,False,fast,0,0,False,False,60,False,True,,,,,,,,,,,
7140,49980.0,49980.0,49982.70000457764,1,2.7000045776367188,2.7000045776367188,50008.0,False,1,0,False,fast,0,0,False,False,59,False,True,,,,,,,,,,,
7141,49987.0,49987.0,49990.0,0,3.0,3.0,50015.0,False,1,0,False,fast,0,0,False,False,58,False,True,,,,,,,,,,,
7143,50001.0,50001.0,50020.69999694824,1,19.699996948242188,19.699996948242188,50029.0,False,1,0,False,accurate,0,0,False,False,56,False,True,,,,,,,,,,,
7144,50008.0,50008.0,50010.79999923706,0,2.799999237060547,2.799999237060547,50036.0,False,2,1,False,fast,0,0,False,False,55,False,True,,,,,,,,,,,
7145,50015.0,50015.0,50017.59999847412,0,2.5999984741210938,2.5999984741210938,50043.0,False,2,1,False,fast,0,0,False,False,54,False,True,,,,,,,,,,,
7149,50043.0,50043.0,50045.69999694824,0,2.6999969482421875,2.6999969482421875,50071.0,False,1,0,False,fast,0,0,False,False,50,False,True,,,,,,,,,,,
7153,50071.0,50071.0,50073.59999847412,1,2.5999984741210938,2.5999984741210938,50099.0,False,1,0,False,fast,0,0,False,False,46,False,True,,,,,,,,,,,
7155,50085.0,50085.0,50097.70000076294,0,12.700000762939453,12.700000762939453,50113.0,False,1,0,False,accurate,1,1,False,False,44,False,True,,,,,,,,,,,
7156,50092.0,50092.0,50107.70000076294,1,15.700000762939453,15.700000762939453,50120.0,False,2,1,False,accurate,1,1,False,False,43,False,True,,,,,,,,,,,
7157,50099.0,50099.0,50101.70000457764,0,2.7000045776367188,2.7000045776367188,50127.0,False,2,1,False,fast,0,0,False,False,42,False,True,,,,,,,,,,,
7158,50106.0,50106.0,50119.80000305176,0,13.800003051757812,13.800003051757812,50134.0,False,2,1,False,accurate,1,1,False,False,41,False,True,,,,,,,,,,,
7165,50155.0,50155.0,50168.40000152588,1,13.400001525878906,13.400001525878906,50183.0,False,1,0,False,accurate,1,1,False,False,34,False,True,,,,,,,,,,,
7166,50162.0,50162.0,50164.70000076294,0,2.700000762939453,2.700000762939453,50190.0,False,2,1,False,fast,0,0,False,False,33,False,True,,,,,,,,,,,
7167,50169.0,50169.0,50181.79999923706,0,12.799999237060547,12.799999237060547,50197.0,False,1,0,False,accurate,1,1,False,False,32,False,True,,,,,,,,,,,
7171,50197.0,50197.0,50199.59999847412,1,2.5999984741210938,2.5999984741210938,50225.0,False,1,0,False,fast,0,0,False,False,28,False,True,,,,,,,,,,,
7172,50204.0,50204.0,50217.0,0,13.0,13.0,50232.0,False,1,0,False,accurate,1,1,False,False,27,False,True,,,,,,,,,,,
7173,50211.0,50211.0,50213.79999923706,1,2.799999237060547,2.799999237060547,50239.0,False,2,1,False,fast,0,0,False,False,26,False,True,,,,,,,,,,,
7174,50218.0,50218.0,50228.89999771118,1,10.89999771118164,10.89999771118164,50246.0,False,1,0,False,accurate,1,1,False,False,25,False,True,,,,,,,,,,,
7175,50225.0,50225.0,50227.59999847412,0,2.5999984741210938,2.5999984741210938,50253.0,False,2,1,False,fast,0,0,False,False,24,False,True,,,,,,,,,,,
7177,50239.0,50239.0,50241.59999847412,0,2.5999984741210938,2.5999984741210938,50267.0,False,1,0,False,fast,0,0,False,False,22,False,True,,,,,,,,,,,
7178,50246.0,50246.0,50248.59999847412,1,2.5999984741210938,2.5999984741210938,50274.0,False,1,0,False,fast,0,0,False,False,21,False,True,,,,,,,,,,,
7179,50253.0,50253.0,50265.09999847412,0,12.099998474121094,12.099998474121094,50281.0,False,1,0,False,accurate,1,1,False,False,20,False,True,,,,,,,,,,,
7180,50260.0,50260.0,50262.70000076294,1,2.700000762939453,2.700000762939453,50288.0,False,2,1,False,fast,0,0,False,False,19,False,True,,,,,,,,,,,
7182,50274.0,50274.0,50276.89999771118,1,2.8999977111816406,2.8999977111816406,50302.0,False,1,0,False,fast,0,0,False,False,17,False,True,,,,,,,,,,,
7183,50281.0,50281.0,50283.70000076294,0,2.700000762939453,2.700000762939453,50309.0,False,1,0,False,fast,0,0,False,False,16,False,True,,,,,,,,,,,
7186,50302.0,50302.0,50304.59999847412,1,2.5999984741210938,2.5999984741210938,50330.0,False,1,0,False,fast,0,0,False,False,13,False,True,,,,,,,,,,,
7187,50309.0,50309.0,50312.0,0,3.0,3.0,50337.0,False,1,0,False,fast,0,0,False,False,12,False,True,,,,,,,,,,,
7189,50323.0,50323.0,50326.0000038147,1,3.0000038146972656,3.0000038146972656,50351.0,False,1,0,False,fast,0,0,False,False,10,False,True,,,,,,,,,,,
7193,50351.0,50351.0,50353.59999847412,0,2.5999984741210938,2.5999984741210938,50379.0,False,1,0,False,fast,0,0,False,False,6,False,True,,,,,,,,,,,
7194,50358.0,50358.0,50360.79999923706,1,2.799999237060547,2.799999237060547,50386.0,False,1,0,False,fast,0,0,False,False,5,False,True,,,,,,,,,,,
7195,50365.0,50365.0,50367.69999694824,0,2.6999969482421875,2.6999969482421875,50393.0,False,1,0,False,fast,0,0,False,False,4,False,True,,,,,,,,,,,
7197,50379.0,50379.0,50395.0,1,16.0,16.0,50407.0,False,1,0,False,accurate,1,1,False,False,2,True,True,,,,,,,,,,,
7200,50400.0,50400.0,50423.969997406006,0,23.96999740600586,23.96999740600586,50428.0,False,1,0,False,accurate,0,0,False,False,99,False,True,,,,,,,,,,,
7201,50407.0,50407.0,50410.217505444285,1,3.2175054442882356,3.2175054442850524,50435.0,False,2,1,False,fast,0,0,False,False,98,False,True,,,,,,,,,,,
7202,50414.0,50414.0,50437.6399964428,1,23.639996442794768,23.639996442798292,50442.0,False,2,1,False,accurate,1,1,False,False,97,False,True,,,,,,,,,,,
7204,50428.0,50428.0,50458.716662772895,0,30.71666277289394,30.71666277289478,50456.0,True,2,1,False,accurate,1,1,False,False,95,False,False,,,,,,,,,,,
7210,50470.0,50470.0,50492.53333311081,1,22.533333110809327,22.533333110812237,50498.0,False,1,0,False,accurate,0,0,False,False,89,False,True,,,,,,,,,,,
7211,50477.0,50477.0,50496.86000230471,0,19.860002304712953,19.860002304711088,50505.0,False,2,1,False,accurate,0,0,False,False,88,False,True,,,,,,,,,,,
7213,50491.0,50492.53333311081,50513.79875291258,1,21.265419801771657,22.79875291258213,50519.0,False,3,2,False,accurate,0,0,False,False,86,False,True,,,,,,,,,,,
7220,50540.0,50540.0,50564.008333408085,0,24.00833340808749,24.00833340808458,50568.0,False,1,0,False,accurate,1,1,False,False,79,False,True,,,,,,,,,,,
7222,50554.0,50554.0,50556.64332790504,1,2.6433279050389897,2.6433279050397687,50582.0,False,2,1,False,fast,0,0,False,False,77,False,True,,,,,,,,,,,
7233,50631.0,50631.0,50646.40000152588,1,15.400001525878906,15.400001525878906,50659.0,False,1,0,False,accurate,1,0,True,False,66,False,True,,,,,,,,,,,
7236,50652.0,50652.0,50692.0,0,40.0,40.0,50680.0,True,1,0,False,accurate,0,0,False,False,63,False,False,,,,,,,,,,,
7237,50659.0,50659.0,50699.30000305176,1,40.30000305175781,40.30000305175781,50687.0,True,2,1,False,accurate,0,0,False,False,62,False,False,,,,,,,,,,,
7238,50666.0,50692.0,50710.30000305176,0,18.300003051757812,44.30000305175781,50694.0,True,3,2,False,accurate,1,1,False,False,61,False,False,,,,,,,,,,,
7245,50715.0,50715.0,50728.90000152588,1,13.900001525878906,13.900001525878906,50743.0,False,1,0,False,accurate,1,1,False,False,54,False,True,,,,,,,,,,,
7247,50729.0,50729.0,50742.4999961853,0,13.499996185302734,13.499996185302734,50757.0,False,1,0,False,accurate,1,1,False,False,52,False,True,,,,,,,,,,,
7251,50757.0,50757.0,50759.59999847412,1,2.5999984741210938,2.5999984741210938,50785.0,False,1,0,False,fast,0,0,False,False,48,False,True,,,,,,,,,,,
7253,50771.0,50771.0,50773.70000076294,0,2.700000762939453,2.700000762939453,50799.0,False,1,0,False,fast,0,0,False,False,46,False,True,,,,,,,,,,,
7255,50785.0,50785.0,50787.79999923706,1,2.799999237060547,2.799999237060547,50813.0,False,1,0,False,fast,0,0,False,False,44,False,True,,,,,,,,,,,
7259,50813.0,50813.0,50815.59999847412,0,2.5999984741210938,2.5999984741210938,50841.0,False,1,0,False,fast,0,0,False,False,40,False,True,,,,,,,,,,,
7263,50841.0,50841.0,50843.79999923706,1,2.799999237060547,2.799999237060547,50869.0,False,1,0,False,fast,0,0,False,False,36,False,True,,,,,,,,,,,
7264,50848.0,50848.0,50872.10000228882,0,24.10000228881836,24.10000228881836,50876.0,False,1,0,False,accurate,0,0,False,False,35,False,True,,,,,,,,,,,
7265,50855.0,50855.0,50857.80000305176,1,2.8000030517578125,2.8000030517578125,50883.0,False,2,1,False,fast,0,0,False,False,34,False,True,,,,,,,,,,,
7269,50883.0,50883.0,50885.599994659424,1,2.599994659423828,2.599994659423828,50911.0,False,1,0,False,fast,0,0,False,False,30,False,True,,,,,,,,,,,
7270,50890.0,50890.0,50892.69999694824,0,2.6999969482421875,2.6999969482421875,50918.0,False,1,0,False,fast,0,0,False,False,29,False,True,,,,,,,,,,,
7271,50897.0,50897.0,50912.0,1,15.0,15.0,50925.0,False,1,0,False,accurate,1,1,False,False,28,False,True,,,,,,,,,,,
7272,50904.0,50904.0,50906.69999694824,0,2.6999969482421875,2.6999969482421875,50932.0,False,2,1,False,fast,0,0,False,False,27,False,True,,,,,,,,,,,
7274,50918.0,50918.0,50920.59999847412,0,2.5999984741210938,2.5999984741210938,50946.0,False,1,0,False,fast,0,0,False,False,25,False,True,,,,,,,,,,,
7276,50932.0,50932.0,50944.60000228882,1,12.60000228881836,12.60000228881836,50960.0,False,1,0,False,accurate,1,1,False,False,23,False,True,,,,,,,,,,,
7280,50960.0,50960.0,50962.69999694824,0,2.6999969482421875,2.6999969482421875,50988.0,False,1,0,False,fast,0,0,False,False,19,False,True,,,,,,,,,,,
7281,50967.0,50967.0,50984.4999961853,1,17.499996185302734,17.499996185302734,50995.0,False,1,0,False,accurate,1,1,False,False,18,False,True,,,,,,,,,,,
7282,50974.0,50974.0,50976.60000228882,0,2.6000022888183594,2.6000022888183594,51002.0,False,2,1,False,fast,0,0,False,False,17,False,True,,,,,,,,,,,
7283,50981.0,50981.0,50983.70000076294,0,2.700000762939453,2.700000762939453,51009.0,False,2,1,False,fast,0,0,False,False,16,False,True,,,,,,,,,,,
7286,51002.0,51002.0,51018.20000076294,0,16.200000762939453,16.200000762939453,51030.0,False,1,0,False,accurate,1,1,False,False,13,False,True,,,,,,,,,,,
7291,51037.0,51037.0,51039.70000076294,1,2.700000762939453,2.700000762939453,51065.0,False,1,0,False,fast,0,0,False,False,8,False,True,,,,,,,,,,,
7292,51044.0,51044.0,51065.20000076294,0,21.200000762939453,21.200000762939453,51072.0,False,1,0,False,accurate,0,0,False,False,7,False,True,,,,,,,,,,,
7293,51051.0,51051.0,51065.0,1,14.0,14.0,51079.0,False,2,1,False,accurate,1,1,False,False,6,False,True,,,,,,,,,,,
7298,51086.0,51086.0,51088.59999847412,1,2.5999984741210938,2.5999984741210938,51114.0,False,1,0,False,fast,0,0,False,False,1,True,True,,,,,,,,,,,
7301,51107.0,51107.0,51109.5,0,2.5,2.5,51135.0,False,1,0,False,fast,0,0,False,False,98,False,True,,,,,,,,,,,
7302,51114.0,51114.0,51116.70000076294,1,2.700000762939453,2.700000762939453,51142.0,False,1,0,False,fast,0,0,False,False,97,False,True,,,,,,,,,,,
7304,51128.0,51128.0,51130.59999847412,0,2.5999984741210938,2.5999984741210938,51156.0,False,1,0,False,fast,0,0,False,False,95,False,True,,,,,,,,,,,
7305,51135.0,51135.0,51137.69999694824,1,2.6999969482421875,2.6999969482421875,51163.0,False,1,0,False,fast,0,0,False,False,94,False,True,,,,,,,,,,,
7306,51142.0,51142.0,51144.69999694824,0,2.6999969482421875,2.6999969482421875,51170.0,False,1,0,False,fast,0,0,False,False,93,False,True,,,,,,,,,,,
7309,51163.0,51163.0,51165.70000457764,1,2.7000045776367188,2.7000045776367188,51191.0,False,1,0,False,fast,0,0,False,False,90,False,True,,,,,,,,,,,
7312,51184.0,51184.0,51196.10000228882,0,12.10000228881836,12.10000228881836,51212.0,False,1,0,False,accurate,1,1,False,False,87,False,True,,,,,,,,,,,
7314,51198.0,51198.0,51200.79999923706,1,2.799999237060547,2.799999237060547,51226.0,False,1,0,False,fast,0,0,False,False,85,False,True,,,,,,,,,,,
7316,51212.0,51212.0,51214.70000457764,0,2.7000045776367188,2.7000045776367188,51240.0,False,1,0,False,fast,0,0,False,False,83,False,True,,,,,,,,,,,
7323,51261.0,51261.0,51273.19999694824,1,12.199996948242188,12.199996948242188,51289.0,False,1,0,False,accurate,1,1,False,False,76,False,True,,,,,,,,,,,
7325,51275.0,51275.0,51277.69999694824,0,2.6999969482421875,2.6999969482421875,51303.0,False,1,0,False,fast,0,0,False,False,74,False,True,,,,,,,,,,,
7328,51296.0,51296.0,51308.40000152588,1,12.400001525878906,12.400001525878906,51324.0,False,1,0,False,accurate,1,1,False,False,71,False,True,,,,,,,,,,,
7329,51303.0,51303.0,51315.79999923706,0,12.799999237060547,12.799999237060547,51331.0,False,2,1,False,accurate,1,1,False,False,70,False,True,,,,,,,,,,,
7330,51310.0,51310.0,51314.10000228882,1,4.100002288818359,4.100002288818359,51338.0,False,2,1,False,fast,0,0,False,False,69,False,True,,,,,,,,,,,
7332,51324.0,51324.0,51347.79999923706,1,23.799999237060547,23.799999237060547,51352.0,False,1,0,False,accurate,0,0,False,False,67,False,True,,,,,,,,,,,
7339,51373.0,51373.0,51379.09999847412,0,6.099998474121094,6.099998474121094,51401.0,False,1,0,False,fast,0,0,False,False,60,False,True,,,,,,,,,,,
7340,51380.0,51380.0,51384.29999923706,1,4.299999237060547,4.299999237060547,51408.0,False,1,0,False,fast,0,0,False,False,59,False,True,,,,,,,,,,,
7344,51408.0,51408.0,51428.10000228882,0,20.10000228881836,20.10000228881836,51436.0,False,1,0,False,accurate,0,0,False,False,55,False,True,,,,,,,,,,,
7347,51429.0,51429.0,51433.80000305176,1,4.8000030517578125,4.8000030517578125,51457.0,False,1,0,False,fast,0,0,False,False,52,False,True,,,,,,,,,,,
7349,51443.0,51443.0,51445.79999923706,0,2.799999237060547,2.799999237060547,51471.0,False,1,0,False,fast,0,0,False,False,50,False,True,,,,,,,,,,,
7350,51450.0,51450.0,51463.599994659424,1,13.599994659423828,13.599994659423828,51478.0,False,1,0,False,accurate,1,1,False,False,49,False,True,,,,,,,,,,,
7352,51464.0,51464.0,51466.60000228882,0,2.6000022888183594,2.6000022888183594,51492.0,False,1,0,False,fast,0,0,False,False,47,False,True,,,,,,,,,,,
7354,51478.0,51478.0,51489.9999961853,1,11.999996185302734,11.999996185302734,51506.0,False,1,0,False,accurate,1,1,False,False,45,False,True,,,,,,,,,,,
7355,51485.0,51485.0,51487.70000076294,0,2.700000762939453,2.700000762939453,51513.0,False,2,1,False,fast,0,0,False,False,44,False,True,,,,,,,,,,,
7361,51527.0,51527.0,51547.21708698929,0,20.21708698928353,20.217086989287054,51555.0,False,1,0,False,accurate,0,0,False,False,38,False,True,,,,,,,,,,,
7362,51534.0,51534.0,51553.371665578285,1,19.371665578285842,19.371665578284592,51562.0,False,2,1,False,accurate,0,0,False,False,37,False,True,,,,,,,,,,,
7364,51548.0,51548.0,51585.05000209053,0,37.05000209053355,37.05000209053105,51576.0,True,2,1,False,accurate,0,0,False,False,35,False,False,,,,,,,,,,,
7367,51569.0,51569.0,51589.343330861724,1,20.343330861727416,20.343330861724098,51597.0,False,2,1,False,accurate,0,0,False,False,32,False,True,,,,,,,,,,,
7369,51583.0,51585.05000209053,51605.17500757416,0,20.12500548362732,22.17500757415837,51611.0,False,3,2,False,accurate,0,0,False,False,30,False,True,,,,,,,,,,,
7371,51597.0,51597.0,51616.30833352804,1,19.30833352804184,19.30833352803893,51625.0,False,2,1,False,accurate,0,0,False,False,28,False,True,,,,,,,,,,,
7374,51618.0,51618.0,51623.199999163946,0,5.199999163945518,5.199999163945904,51646.0,False,1,0,False,fast,0,0,False,False,25,False,True,,,,,,,,,,,
7382,51674.0,51674.0,51676.846669770675,1,2.846669770677886,2.846669770675362,51702.0,False,1,0,False,fast,0,0,False,False,17,False,True,,,,,,,,,,,
7383,51681.0,51681.0,51692.423748439265,0,11.423748439264793,11.423748439265182,51709.0,False,1,0,False,accurate,1,1,False,False,16,False,True,,,,,,,,,,,
7384,51688.0,51688.0,51690.69999694824,1,2.6999969482421875,2.6999969482421875,51716.0,False,2,1,False,fast,0,0,False,False,15,False,True,,,,,,,,,,,
7385,51695.0,51695.0,51697.70000076294,1,2.700000762939453,2.700000762939453,51723.0,False,1,0,False,fast,0,0,False,False,14,False,True,,,,,,,,,,,
7390,51730.0,51730.0,51732.69999694824,0,2.6999969482421875,2.6999969482421875,51758.0,False,1,0,False,fast,0,0,False,False,9,False,True,,,,,,,,,,,
7395,51765.0,51765.0,51781.79999542236,1,16.79999542236328,16.79999542236328,51793.0,False,1,0,False,accurate,1,1,False,False,4,False,True,,,,,,,,,,,
7398,51786.0,51786.0,51803.09999847412,0,17.099998474121094,17.099998474121094,51814.0,False,1,0,False,accurate,1,1,False,False,1,True,True,,,,,,,,,,,
7399,51793.0,51793.0,51795.70000076294,1,2.700000762939453,2.700000762939453,51821.0,False,2,1,False,fast,0,0,False,True,0,True,True,,,,,,,,,,,
7405,51835.0,51835.0,51837.70000076294,1,2.700000762939453,2.700000762939453,51863.0,False,1,0,False,fast,0,0,False,False,94,False,True,,,,,,,,,,,
7407,51849.0,51849.0,51851.70000076294,0,2.700000762939453,2.700000762939453,51877.0,False,1,0,False,fast,0,0,False,False,92,False,True,,,,,,,,,,,
7410,51870.0,51870.0,51872.70000076294,1,2.700000762939453,2.700000762939453,51898.0,False,1,0,False,fast,0,0,False,False,89,False,True,,,,,,,,,,,
7416,51912.0,51912.0,51914.70000076294,0,2.700000762939453,2.700000762939453,51940.0,False,1,0,False,fast,0,0,False,False,83,False,True,,,,,,,,,,,
7418,51926.0,51926.0,51937.59999847412,1,11.599998474121094,11.599998474121094,51954.0,False,1,0,False,accurate,1,1,False,False,81,False,True,,,,,,,,,,,
7419,51933.0,51933.0,51935.70000076294,0,2.700000762939453,2.700000762939453,51961.0,False,2,1,False,fast,0,0,False,False,80,False,True,,,,,,,,,,,
7420,51940.0,51940.0,51942.70000076294,0,2.700000762939453,2.700000762939453,51968.0,False,1,0,False,fast,0,0,False,False,79,False,True,,,,,,,,,,,
7422,51954.0,51954.0,51956.79999923706,1,2.799999237060547,2.799999237060547,51982.0,False,1,0,False,fast,0,0,False,False,77,False,True,,,,,,,,,,,
7426,51982.0,51982.0,51984.70000076294,0,2.700000762939453,2.700000762939453,52010.0,False,1,0,False,fast,0,0,False,False,73,False,True,,,,,,,,,,,
7428,51996.0,51996.0,52014.80000305176,1,18.800003051757812,18.800003051757812,52024.0,False,1,0,False,accurate,1,1,False,False,71,False,True,,,,,,,,,,,
7433,52031.0,52031.0,52033.79999923706,0,2.799999237060547,2.799999237060547,52059.0,False,1,0,False,fast,0,0,False,False,66,False,True,,,,,,,,,,,
7436,52052.0,52052.0,52063.40000152588,1,11.400001525878906,11.400001525878906,52080.0,False,1,0,False,accurate,1,1,False,False,63,False,True,,,,,,,,,,,
7442,52094.0,52094.0,52097.9999961853,0,3.9999961853027344,3.9999961853027344,52122.0,False,1,0,False,fast,0,0,False,False,57,False,True,,,,,,,,,,,
7443,52101.0,52101.0,52103.9999961853,1,2.9999961853027344,2.9999961853027344,52129.0,False,1,0,False,fast,0,0,False,False,56,False,True,,,,,,,,,,,
7444,52108.0,52108.0,52110.69999694824,0,2.6999969482421875,2.6999969482421875,52136.0,False,1,0,False,fast,0,0,False,False,55,False,True,,,,,,,,,,,
7445,52115.0,52115.0,52119.19999694824,1,4.1999969482421875,4.1999969482421875,52143.0,False,1,0,False,fast,0,0,False,False,54,False,True,,,,,,,,,,,
7446,52122.0,52122.0,52135.70000076294,0,13.700000762939453,13.700000762939453,52150.0,False,1,0,False,accurate,1,1,False,False,53,False,True,,,,,,,,,,,
7447,52129.0,52129.0,52131.79999923706,1,2.799999237060547,2.799999237060547,52157.0,False,2,1,False,fast,0,0,False,False,52,False,True,,,,,,,,,,,
7448,52136.0,52136.0,52153.20000076294,1,17.200000762939453,17.200000762939453,52164.0,False,1,0,False,accurate,1,1,False,False,51,False,True,,,,,,,,,,,
7450,52150.0,52150.0,52153.10000228882,0,3.1000022888183594,3.1000022888183594,52178.0,False,2,1,False,fast,0,0,False,False,49,False,True,,,,,,,,,,,
7451,52157.0,52157.0,52162.30000305176,0,5.3000030517578125,5.3000030517578125,52185.0,False,1,0,False,fast,0,0,False,False,48,False,True,,,,,,,,,,,
7453,52171.0,52171.0,52182.89999771118,1,11.89999771118164,11.89999771118164,52199.0,False,1,0,False,accurate,1,1,False,False,46,False,True,,,,,,,,,,,
7456,52192.0,52192.0,52210.70000076294,0,18.700000762939453,18.700000762939453,52220.0,False,1,0,False,accurate,1,1,False,False,43,False,True,,,,,,,,,,,
7460,52220.0,52220.0,52222.70000076294,1,2.700000762939453,2.700000762939453,52248.0,False,1,0,False,fast,0,0,False,False,39,False,True,,,,,,,,,,,
7461,52227.0,52227.0,52229.79999923706,0,2.799999237060547,2.799999237060547,52255.0,False,1,0,False,fast,0,0,False,False,38,False,True,,,,,,,,,,,
7462,52234.0,52234.0,52256.29999923706,1,22.299999237060547,22.299999237060547,52262.0,False,1,0,False,accurate,0,0,False,False,37,False,True,,,,,,,,,,,
7463,52241.0,52241.0,52243.60000228882,0,2.6000022888183594,2.6000022888183594,52269.0,False,2,1,False,fast,0,0,False,False,36,False,True,,,,,,,,,,,
7464,52248.0,52248.0,52277.29999923706,0,29.299999237060547,29.299999237060547,52276.0,True,2,1,False,accurate,1,0,True,False,35,False,False,,,,,,,,,,,
7468,52276.0,52276.0,52278.70000076294,1,2.700000762939453,2.700000762939453,52304.0,False,2,1,False,fast,0,0,False,False,31,False,True,,,,,,,,,,,
7470,52290.0,52290.0,52303.0,0,13.0,13.0,52318.0,False,1,0,False,accurate,1,1,False,False,29,False,True,,,,,,,,,,,
7474,52318.0,52318.0,52322.29999923706,1,4.299999237060547,4.299999237060547,52346.0,False,1,0,False,fast,0,0,False,False,25,False,True,,,,,,,,,,,
7478,52346.0,52346.0,52350.70000076294,0,4.700000762939453,4.700000762939453,52374.0,False,1,0,False,fast,0,0,False,False,21,False,True,,,,,,,,,,,
7480,52360.0,52360.0,52373.69999694824,1,13.699996948242188,13.699996948242188,52388.0,False,1,0,False,accurate,1,1,False,False,19,False,True,,,,,,,,,,,
7482,52374.0,52374.0,52376.70000076294,0,2.700000762939453,2.700000762939453,52402.0,False,1,0,False,fast,0,0,False,False,17,False,True,,,,,,,,,,,
7484,52388.0,52388.0,52390.70000457764,1,2.7000045776367188,2.7000045776367188,52416.0,False,1,0,False,fast,0,0,False,False,15,False,True,,,,,,,,,,,
7489,52423.0,52423.0,52442.39999771118,0,19.39999771118164,19.39999771118164,52451.0,False,1,0,False,accurate,0,0,False,False,10,False,True,,,,,,,,,,,
7495,52465.0,52465.0,52467.60000228882,1,2.6000022888183594,2.6000022888183594,52493.0,False,1,0,False,fast,0,0,False,False,4,False,True,,,,,,,,,,,
7496,52472.0,52472.0,52474.70000457764,0,2.7000045776367188,2.7000045776367188,52500.0,False,1,0,False,fast,0,0,False,False,3,False,True,,,,,,,,,,,
7497,52479.0,52479.0,52500.30000305176,1,21.300003051757812,21.300003051757812,52507.0,False,1,0,False,accurate,0,0,False,False,2,True,True,,,,,,,,,,,
7498,52486.0,52486.0,52488.70000076294,0,2.700000762939453,2.700000762939453,52514.0,False,2,1,False,fast,0,0,False,False,1,True,True,,,,,,,,,,,
7499,52493.0,52493.0,52495.70000076294,0,2.700000762939453,2.700000762939453,52521.0,False,2,1,False,fast,0,0,False,True,0,True,True,,,,,,,,,,,
7500,52500.0,52500.0,52508.80000305176,0,8.800003051757812,8.800003051757812,52528.0,False,2,1,False,fast,0,0,False,False,99,False,True,,,,,,,,,,,
7506,52542.0,52542.0,52556.59999847412,1,14.599998474121094,14.599998474121094,52570.0,False,1,0,False,accurate,1,1,False,False,93,False,True,,,,,,,,,,,
7508,52556.0,52556.0,52569.20000457764,0,13.200004577636719,13.200004577636719,52584.0,False,2,1,False,accurate,1,1,False,False,91,False,True,,,,,,,,,,,
7509,52563.0,52563.0,52565.79999923706,1,2.799999237060547,2.799999237060547,52591.0,False,2,1,False,fast,0,0,False,False,90,False,True,,,,,,,,,,,
7511,52577.0,52577.0,52579.59999847412,1,2.5999984741210938,2.5999984741210938,52605.0,False,1,0,False,fast,0,0,False,False,88,False,True,,,,,,,,,,,
7512,52584.0,52584.0,52586.69999694824,0,2.6999969482421875,2.6999969482421875,52612.0,False,1,0,False,fast,0,0,False,False,87,False,True,,,,,,,,,,,
7513,52591.0,52591.0,52593.69999694824,1,2.6999969482421875,2.6999969482421875,52619.0,False,1,0,False,fast,0,0,False,False,86,False,True,,,,,,,,,,,
7518,52626.0,52626.0,52639.20000076294,0,13.200000762939453,13.200000762939453,52654.0,False,1,0,False,accurate,1,1,False,False,81,False,True,,,,,,,,,,,
7520,52640.0,52640.0,52660.23000259399,1,20.23000259399414,20.23000259399123,52668.0,False,1,0,False,accurate,0,0,False,False,79,False,True,,,,,,,,,,,
7521,52647.0,52647.0,52684.09250096599,0,37.0925009659926,37.09250096599135,52675.0,True,2,1,False,accurate,1,1,False,False,78,False,False,,,,,,,,,,,
7527,52689.0,52689.0,52691.85416665673,1,2.854166656732559,2.854166656732559,52717.0,False,1,0,False,fast,0,0,False,False,72,False,True,,,,,,,,,,,
7530,52710.0,52710.0,52734.08249761323,0,24.082497613231364,24.082497613228043,52738.0,False,1,0,False,accurate,0,0,False,False,69,False,True,,,,,,,,,,,
7532,52724.0,52724.0,52745.464996910094,1,21.464996910095216,21.46499691009376,52752.0,False,2,1,False,accurate,0,0,False,False,67,False,True,,,,,,,,,,,
7534,52738.0,52738.0,52743.63333414952,0,5.633334149519601,5.633334149519214,52766.0,False,2,1,False,fast,0,0,False,False,65,False,True,,,,,,,,,,,
7535,52745.0,52745.0,52764.31624903679,0,19.31624903678894,19.316249036790396,52773.0,False,2,1,False,accurate,0,0,False,False,64,False,True,,,,,,,,,,,
7537,52759.0,52759.0,52761.645833328366,1,2.6458333283662796,2.6458333283662796,52787.0,False,2,1,False,fast,0,0,False,False,62,False,True,,,,,,,,,,,
7539,52773.0,52773.0,52775.70833571494,1,2.7083357149362537,2.7083357149385847,52801.0,False,1,0,False,fast,0,0,False,False,60,False,True,,,,,,,,,,,
7542,52794.0,52794.0,52796.64333566159,0,2.6433356615901,2.643335661588935,52822.0,False,1,0,False,fast,0,0,False,False,57,False,True,,,,,,,,,,,
7544,52808.0,52808.0,52810.60000228882,1,2.6000022888183594,2.6000022888183594,52836.0,False,1,0,False,fast,0,0,False,False,55,False,True,,,,,,,,,,,
7546,52822.0,52822.0,52824.60000228882,0,2.6000022888183594,2.6000022888183594,52850.0,False,1,0,False,fast,0,0,False,False,53,False,True,,,,,,,,,,,
7547,52829.0,52829.0,52831.60000228882,1,2.6000022888183594,2.6000022888183594,52857.0,False,1,0,False,fast,0,0,False,False,52,False,True,,,,,,,,,,,
7553,52871.0,52871.0,52873.60000228882,0,2.6000022888183594,2.6000022888183594,52899.0,False,1,0,False,fast,0,0,False,False,46,False,True,,,,,,,,,,,
7558,52906.0,52906.0,52908.59999847412,1,2.5999984741210938,2.5999984741210938,52934.0,False,1,0,False,fast,0,0,False,False,41,False,True,,,,,,,,,,,
7560,52920.0,52920.0,52932.30000305176,0,12.300003051757812,12.300003051757812,52948.0,False,1,0,False,accurate,1,1,False,False,39,False,True,,,,,,,,,,,
7568,52976.0,52976.0,52978.59999847412,1,2.5999984741210938,2.5999984741210938,53004.0,False,1,0,False,fast,0,0,False,False,31,False,True,,,,,,,,,,,
7572,53004.0,53004.0,53019.79999923706,0,15.799999237060547,15.799999237060547,53032.0,False,1,0,False,accurate,1,1,False,False,27,False,True,,,,,,,,,,,
7574,53018.0,53018.0,53020.59999847412,1,2.5999984741210938,2.5999984741210938,53046.0,False,2,1,False,fast,0,0,False,False,25,False,True,,,,,,,,,,,
7575,53025.0,53025.0,53027.5,0,2.5,2.5,53053.0,False,1,0,False,fast,0,0,False,False,24,False,True,,,,,,,,,,,
7578,53046.0,53046.0,53048.69999694824,1,2.6999969482421875,2.6999969482421875,53074.0,False,1,0,False,fast,0,0,False,False,21,False,True,,,,,,,,,,,
7580,53060.0,53060.0,53075.70000076294,0,15.700000762939453,15.700000762939453,53088.0,False,1,0,False,accurate,1,1,False,False,19,False,True,,,,,,,,,,,
7581,53067.0,53067.0,53069.60000228882,1,2.6000022888183594,2.6000022888183594,53095.0,False,2,1,False,fast,0,0,False,False,18,False,True,,,,,,,,,,,
7584,53088.0,53088.0,53090.5000038147,1,2.5000038146972656,2.5000038146972656,53116.0,False,1,0,False,fast,0,0,False,False,15,False,True,,,,,,,,,,,
7585,53095.0,53095.0,53097.70000076294,0,2.700000762939453,2.700000762939453,53123.0,False,1,0,False,fast,0,0,False,False,14,False,True,,,,,,,,,,,
7590,53130.0,53130.0,53144.0000038147,1,14.000003814697266,14.000003814697266,53158.0,False,1,0,False,accurate,1,1,False,False,9,False,True,,,,,,,,,,,
7592,53144.0,53144.0,53146.5000038147,0,2.5000038146972656,2.5000038146972656,53172.0,False,2,1,False,fast,0,0,False,False,7,False,True,,,,,,,,,,,
7594,53158.0,53158.0,53160.59999847412,1,2.5999984741210938,2.5999984741210938,53186.0,False,1,0,False,fast,0,0,False,False,5,False,True,,,,,,,,,,,
7601,53207.0,53207.0,53209.59999847412,0,2.5999984741210938,2.5999984741210938,53235.0,False,1,0,False,fast,0,0,False,False,98,False,True,,,,,,,,,,,
7602,53214.0,53214.0,53229.79999923706,1,15.799999237060547,15.799999237060547,53242.0,False,1,0,False,accurate,1,1,False,False,97,False,True,,,,,,,,,,,
7603,53221.0,53221.0,53223.5,0,2.5,2.5,53249.0,False,2,1,False,fast,0,0,False,False,96,False,True,,,,,,,,,,,
7604,53228.0,53228.0,53230.59999847412,0,2.5999984741210938,2.5999984741210938,53256.0,False,2,1,False,fast,0,0,False,False,95,False,True,,,,,,,,,,,
7607,53249.0,53249.0,53261.19999694824,1,12.199996948242188,12.199996948242188,53277.0,False,1,0,False,accurate,1,1,False,False,92,False,True,,,,,,,,,,,
7610,53270.0,53270.0,53272.59999847412,0,2.5999984741210938,2.5999984741210938,53298.0,False,1,0,False,fast,0,0,False,False,89,False,True,,,,,,,,,,,
7612,53284.0,53284.0,53286.5,1,2.5,2.5,53312.0,False,1,0,False,fast,0,0,False,False,87,False,True,,,,,,,,,,,
7613,53291.0,53291.0,53308.0,0,17.0,17.0,53319.0,False,1,0,False,accurate,1,1,False,False,86,False,True,,,,,,,,,,,
7617,53319.0,53319.0,53324.70000076294,1,5.700000762939453,5.700000762939453,53347.0,False,1,0,False,fast,0,0,False,False,82,False,True,,,,,,,,,,,
7618,53326.0,53326.0,53332.4999961853,0,6.499996185302734,6.499996185302734,53354.0,False,1,0,False,fast,0,0,False,False,81,False,True,,,,,,,,,,,
7619,53333.0,53333.0,53348.70000076294,1,15.700000762939453,15.700000762939453,53361.0,False,1,0,False,accurate,1,1,False,False,80,False,True,,,,,,,,,,,
7620,53340.0,53340.0,53352.29999923706,0,12.299999237060547,12.299999237060547,53368.0,False,2,1,False,accurate,1,1,False,False,79,False,True,,,,,,,,,,,
7623,53361.0,53361.0,53374.70000076294,1,13.700000762939453,13.700000762939453,53389.0,False,1,0,False,accurate,1,1,False,False,76,False,True,,,,,,,,,,,
7624,53368.0,53368.0,53380.19999694824,0,12.199996948242188,12.199996948242188,53396.0,False,2,1,False,accurate,1,1,False,False,75,False,True,,,,,,,,,,,
7625,53375.0,53375.0,53377.60000228882,1,2.6000022888183594,2.6000022888183594,53403.0,False,2,1,False,fast,0,0,False,False,74,False,True,,,,,,,,,,,
7632,53424.0,53424.0,53426.59999847412,1,2.5999984741210938,2.5999984741210938,53452.0,False,1,0,False,fast,0,0,False,False,67,False,True,,,,,,,,,,,
7633,53431.0,53431.0,53446.0000038147,0,15.000003814697266,15.000003814697266,53459.0,False,1,0,False,accurate,1,1,False,False,66,False,True,,,,,,,,,,,
7634,53438.0,53438.0,53440.60000228882,1,2.6000022888183594,2.6000022888183594,53466.0,False,2,1,False,fast,0,0,False,False,65,False,True,,,,,,,,,,,
7636,53452.0,53452.0,53467.5,1,15.5,15.5,53480.0,False,1,0,False,accurate,1,1,False,False,63,False,True,,,,,,,,,,,
7638,53466.0,53466.0,53468.59999847412,0,2.5999984741210938,2.5999984741210938,53494.0,False,2,1,False,fast,0,0,False,False,61,False,True,,,,,,,,,,,
7639,53473.0,53473.0,53486.80000305176,1,13.800003051757812,13.800003051757812,53501.0,False,1,0,False,accurate,1,1,False,False,60,False,True,,,,,,,,,,,
7640,53480.0,53480.0,53482.5,0,2.5,2.5,53508.0,False,2,1,False,fast,0,0,False,False,59,False,True,,,,,,,,,,,
7647,53529.0,53529.0,53548.70000076294,0,19.700000762939453,19.700000762939453,53557.0,False,1,0,False,accurate,1,1,False,False,52,False,True,,,,,,,,,,,
7649,53543.0,53543.0,53545.70000076294,1,2.700000762939453,2.700000762939453,53571.0,False,2,1,False,fast,0,0,False,False,50,False,True,,,,,,,,,,,
7655,53585.0,53585.0,53599.60000228882,1,14.60000228881836,14.60000228881836,53613.0,False,1,0,False,accurate,1,1,False,False,44,False,True,,,,,,,,,,,
7658,53606.0,53606.0,53623.09999847412,0,17.099998474121094,17.099998474121094,53634.0,False,1,0,False,fast,0,0,False,False,41,False,True,,,,,,,,,,,
7659,53613.0,53613.0,53615.60000228882,1,2.6000022888183594,2.6000022888183594,53641.0,False,2,1,False,fast,0,0,False,False,40,False,True,,,,,,,,,,,
7660,53620.0,53620.0,53622.70000076294,1,2.700000762939453,2.700000762939453,53648.0,False,2,1,False,fast,0,0,False,False,39,False,True,,,,,,,,,,,
7664,53648.0,53648.0,53650.70000076294,1,2.700000762939453,2.700000762939453,53676.0,False,1,0,False,fast,0,0,False,False,35,False,True,,,,,,,,,,,
7665,53655.0,53655.0,53658.9999961853,0,3.9999961853027344,3.9999961853027344,53683.0,False,1,0,False,fast,0,0,False,False,34,False,True,,,,,,,,,,,
7667,53669.0,53669.0,53671.60000228882,1,2.6000022888183594,2.6000022888183594,53697.0,False,1,0,False,fast,0,0,False,False,32,False,True,,,,,,,,,,,
7670,53690.0,53690.0,53692.79999923706,0,2.799999237060547,2.799999237060547,53718.0,False,1,0,False,fast,0,0,False,False,29,False,True,,,,,,,,,,,
7674,53718.0,53718.0,53720.70000076294,1,2.700000762939453,2.700000762939453,53746.0,False,1,0,False,fast,0,0,False,False,25,False,True,,,,,,,,,,,
7676,53732.0,53732.0,53738.40000152588,0,6.400001525878906,6.400001525878906,53760.0,False,1,0,False,fast,0,0,False,False,23,False,True,,,,,,,,,,,
7678,53746.0,53746.0,53748.79999923706,1,2.799999237060547,2.799999237060547,53774.0,False,1,0,False,fast,0,0,False,False,21,False,True,,,,,,,,,,,
7679,53753.0,53753.0,53767.40000152588,0,14.400001525878906,14.400001525878906,53781.0,False,1,0,False,accurate,1,1,False,False,20,False,True,,,,,,,,,,,
7680,53760.0,53760.0,53793.659998703006,1,33.65999870300293,33.65999870300584,53788.0,True,2,1,False,accurate,0,0,False,False,19,False,False,,,,,,,,,,,
7682,53774.0,53774.0,53815.53416576604,0,41.53416576604047,41.53416576603922,53802.0,True,2,1,False,accurate,0,0,False,False,17,False,False,,,,,,,,,,,
7684,53788.0,53793.659998703006,53812.97666640799,1,19.31666770497957,24.976666407987068,53816.0,False,3,2,False,accurate,1,1,False,False,15,False,True,,,,,,,,,,,
7689,53823.0,53823.0,53842.98124670982,1,19.98124670982361,19.98124670982361,53851.0,False,1,0,False,accurate,0,0,False,False,10,False,True,,,,,,,,,,,
7692,53844.0,53844.0,53847.079999160764,0,3.0799991607666017,3.079999160763691,53872.0,False,1,0,False,fast,0,0,False,False,7,False,True,,,,,,,,,,,
7694,53858.0,53858.0,53880.34583222757,1,22.345832227567836,22.34583222756919,53886.0,False,1,0,False,accurate,0,0,False,False,5,False,True,,,,,,,,,,,
7701,53907.0,53907.0,53924.4,0,17.4,17.400000000001455,53935.0,False,1,0,False,accurate,1,1,False,False,98,False,True,,,,,,,,,,,
7703,53921.0,53921.0,53947.96416747463,1,26.96416747463246,26.964167474630813,53949.0,False,2,1,False,accurate,0,0,False,False,96,False,True,,,,,,,,,,,
7704,53928.0,53928.0,53941.5,0,13.5,13.5,53956.0,False,2,1,False,accurate,1,1,False,False,95,False,True,,,,,,,,,,,
7705,53935.0,53941.5,53944.10000228882,0,2.6000022888183594,9.10000228881836,53963.0,False,3,2,False,fast,0,0,False,False,94,False,True,,,,,,,,,,,
7707,53949.0,53949.0,53951.79999923706,0,2.799999237060547,2.799999237060547,53977.0,False,1,0,False,fast,0,0,False,False,92,False,True,,,,,,,,,,,
7710,53970.0,53970.0,53989.60000228882,1,19.60000228881836,19.60000228881836,53998.0,False,1,0,False,accurate,1,1,False,False,89,False,True,,,,,,,,,,,
7711,53977.0,53977.0,54002.0,0,25.0,25.0,54005.0,False,2,1,False,accurate,0,0,False,False,88,False,True,,,,,,,,,,,
7712,53984.0,53989.60000228882,54016.10000228882,1,26.5,32.10000228881836,54012.0,True,3,2,False,accurate,0,0,False,False,87,False,False,,,,,,,,,,,
7713,53991.0,54002.0,54025.60000228882,0,23.60000228881836,34.60000228881836,54019.0,True,3,2,False,accurate,0,0,False,False,86,False,False,,,,,,,,,,,
7715,54005.0,54016.10000228882,54037.0,1,20.89999771118164,32.0,54033.0,True,3,2,False,accurate,1,1,False,False,84,False,False,,,,,,,,,,,
7716,54012.0,54025.60000228882,54046.10000228882,0,20.5,34.10000228881836,54040.0,True,4,3,False,accurate,0,0,False,False,83,False,False,,,,,,,,,,,
7722,54054.0,54054.0,54056.60000228882,1,2.6000022888183594,2.6000022888183594,54082.0,False,1,0,False,fast,0,0,False,False,77,False,True,,,,,,,,,,,
7725,54075.0,54075.0,54080.59999847412,0,5.599998474121094,5.599998474121094,54103.0,False,1,0,False,fast,0,0,False,False,74,False,True,,,,,,,,,,,
7727,54089.0,54089.0,54107.29999923706,1,18.299999237060547,18.299999237060547,54117.0,False,1,0,False,accurate,1,1,False,False,72,False,True,,,,,,,,,,,
7728,54096.0,54096.0,54115.4999961853,0,19.499996185302734,19.499996185302734,54124.0,False,2,1,False,accurate,0,0,False,False,71,False,True,,,,,,,,,,,
7730,54110.0,54110.0,54114.30000305176,1,4.3000030517578125,4.3000030517578125,54138.0,False,2,1,False,fast,0,0,False,False,69,False,True,,,,,,,,,,,
7734,54138.0,54138.0,54158.40000152588,1,20.400001525878906,20.400001525878906,54166.0,False,1,0,False,accurate,0,0,False,False,65,False,True,,,,,,,,,,,
7735,54145.0,54145.0,54147.70000076294,0,2.700000762939453,2.700000762939453,54173.0,False,2,1,False,fast,0,0,False,False,64,False,True,,,,,,,,,,,
7737,54159.0,54159.0,54161.60000228882,0,2.6000022888183594,2.6000022888183594,54187.0,False,1,0,False,fast,0,0,False,False,62,False,True,,,,,,,,,,,
7739,54173.0,54173.0,54201.40000152588,1,28.400001525878906,28.400001525878906,54201.0,True,1,0,False,accurate,0,0,False,False,60,False,False,,,,,,,,,,,
7742,54194.0,54194.0,54196.70000076294,0,2.700000762939453,2.700000762939453,54222.0,False,2,1,False,fast,0,0,False,False,57,False,True,,,,,,,,,,,
7743,54201.0,54201.0,54227.40000152588,0,26.400001525878906,26.400001525878906,54229.0,False,2,1,False,accurate,0,1,True,False,56,False,True,,,,,,,,,,,
7744,54208.0,54208.0,54210.69999694824,1,2.6999969482421875,2.6999969482421875,54236.0,False,2,1,False,fast,0,0,False,False,55,False,True,,,,,,,,,,,
7745,54215.0,54215.0,54217.60000228882,1,2.6000022888183594,2.6000022888183594,54243.0,False,2,1,False,fast,0,0,False,False,54,False,True,,,,,,,,,,,
7747,54229.0,54229.0,54231.60000228882,1,2.6000022888183594,2.6000022888183594,54257.0,False,1,0,False,fast,0,0,False,False,52,False,True,,,,,,,,,,,
7749,54243.0,54243.0,54245.69999694824,0,2.6999969482421875,2.6999969482421875,54271.0,False,1,0,False,fast,0,0,False,False,50,False,True,,,,,,,,,,,
7753,54271.0,54271.0,54273.69999694824,1,2.6999969482421875,2.6999969482421875,54299.0,False,1,0,False,fast,0,0,False,False,46,False,True,,,,,,,,,,,
7755,54285.0,54285.0,54300.4999961853,0,15.499996185302734,15.499996185302734,54313.0,False,1,0,False,accurate,1,1,False,False,44,False,True,,,,,,,,,,,
7756,54292.0,54292.0,54303.90000152588,1,11.900001525878906,11.900001525878906,54320.0,False,2,1,False,accurate,1,1,False,False,43,False,True,,,,,,,,,,,
7757,54299.0,54300.4999961853,54313.39999771118,0,12.900001525878906,14.39999771118164,54327.0,False,3,2,False,accurate,1,1,False,False,42,False,True,,,,,,,,,,,
7758,54306.0,54306.0,54308.79999923706,1,2.799999237060547,2.799999237060547,54334.0,False,2,1,False,fast,0,0,False,False,41,False,True,,,,,,,,,,,
7759,54313.0,54313.0,54317.0,1,4.0,4.0,54341.0,False,2,1,False,fast,0,0,False,False,40,False,True,,,,,,,,,,,
7760,54320.0,54320.0,54334.70000457764,0,14.700004577636719,14.700004577636719,54348.0,False,1,0,False,accurate,1,1,False,False,39,False,True,,,,,,,,,,,
7764,54348.0,54348.0,54350.70000076294,1,2.700000762939453,2.700000762939453,54376.0,False,1,0,False,fast,0,0,False,False,35,False,True,,,,,,,,,,,
7766,54362.0,54362.0,54364.69999694824,0,2.6999969482421875,2.6999969482421875,54390.0,False,1,0,False,fast,0,0,False,False,33,False,True,,,,,,,,,,,
7767,54369.0,54369.0,54373.29999923706,1,4.299999237060547,4.299999237060547,54397.0,False,1,0,False,fast,0,0,False,False,32,False,True,,,,,,,,,,,
7777,54439.0,54439.0,54450.30000305176,0,11.300003051757812,11.300003051757812,54467.0,False,1,0,False,accurate,1,1,False,False,22,False,True,,,,,,,,,,,
7780,54460.0,54460.0,54462.59999847412,1,2.5999984741210938,2.5999984741210938,54488.0,False,1,0,False,fast,0,0,False,False,19,False,True,,,,,,,,,,,
7783,54481.0,54481.0,54498.80000305176,0,17.800003051757812,17.800003051757812,54509.0,False,1,0,False,accurate,1,1,False,False,16,False,True,,,,,,,,,,,
7784,54488.0,54488.0,54495.9999961853,1,7.999996185302734,7.999996185302734,54516.0,False,2,1,False,fast,0,0,False,False,15,False,True,,,,,,,,,,,
7786,54502.0,54502.0,54504.60000228882,1,2.6000022888183594,2.6000022888183594,54530.0,False,1,0,False,fast,0,0,False,False,13,False,True,,,,,,,,,,,
7792,54544.0,54544.0,54546.60000228882,0,2.6000022888183594,2.6000022888183594,54572.0,False,1,0,False,fast,0,0,False,False,7,False,True,,,,,,,,,,,
7795,54565.0,54565.0,54567.60000228882,1,2.6000022888183594,2.6000022888183594,54593.0,False,1,0,False,fast,0,0,False,False,4,False,True,,,,,,,,,,,
7797,54579.0,54579.0,54581.69999694824,0,2.6999969482421875,2.6999969482421875,54607.0,False,1,0,False,fast,0,0,False,False,2,True,True,,,,,,,,,,,
7800,54600.0,54600.0,54602.69999694824,1,2.6999969482421875,2.6999969482421875,54628.0,False,1,0,False,fast,0,0,False,False,99,False,True,,,,,,,,,,,
7801,54607.0,54607.0,54609.70000076294,0,2.700000762939453,2.700000762939453,54635.0,False,1,0,False,fast,0,0,False,False,98,False,True,,,,,,,,,,,
7802,54614.0,54614.0,54616.59999847412,1,2.5999984741210938,2.5999984741210938,54642.0,False,1,0,False,fast,0,0,False,False,97,False,True,,,,,,,,,,,
7804,54628.0,54628.0,54630.60000228882,0,2.6000022888183594,2.6000022888183594,54656.0,False,1,0,False,fast,0,0,False,False,95,False,True,,,,,,,,,,,
7805,54635.0,54635.0,54637.5,1,2.5,2.5,54663.0,False,1,0,False,fast,0,0,False,False,94,False,True,,,,,,,,,,,
7806,54642.0,54642.0,54645.20000076294,0,3.200000762939453,3.200000762939453,54670.0,False,1,0,False,fast,0,0,False,False,93,False,True,,,,,,,,,,,
7812,54684.0,54684.0,54686.59999847412,1,2.5999984741210938,2.5999984741210938,54712.0,False,1,0,False,fast,0,0,False,False,87,False,True,,,,,,,,,,,
7816,54712.0,54712.0,54714.599994659424,0,2.599994659423828,2.599994659423828,54740.0,False,1,0,False,fast,0,0,False,False,83,False,True,,,,,,,,,,,
7818,54726.0,54726.0,54728.70000076294,1,2.700000762939453,2.700000762939453,54754.0,False,1,0,False,fast,0,0,False,False,81,False,True,,,,,,,,,,,
7820,54740.0,54740.0,54742.60000228882,0,2.6000022888183594,2.6000022888183594,54768.0,False,1,0,False,fast,0,0,False,False,79,False,True,,,,,,,,,,,
7824,54768.0,54768.0,54770.70000457764,1,2.7000045776367188,2.7000045776367188,54796.0,False,1,0,False,fast,0,0,False,False,75,False,True,,,,,,,,,,,
7827,54789.0,54789.0,54791.5,0,2.5,2.5,54817.0,False,1,0,False,fast,0,0,False,False,72,False,True,,,,,,,,,,,
7830,54810.0,54810.0,54812.70000076294,1,2.700000762939453,2.700000762939453,54838.0,False,1,0,False,fast,0,0,False,False,69,False,True,,,,,,,,,,,
7834,54838.0,54838.0,54852.30000305176,0,14.300003051757812,14.300003051757812,54866.0,False,1,0,False,accurate,1,1,False,False,65,False,True,,,,,,,,,,,
7835,54845.0,54845.0,54874.70000076294,1,29.700000762939453,29.700000762939453,54873.0,True,2,1,False,accurate,1,1,False,False,64,False,False,,,,,,,,,,,
7842,54894.0,54894.0,54919.117498960295,0,25.117498960296302,25.117498960295052,54922.0,False,1,0,False,accurate,0,0,False,False,57,False,True,,,,,,,,,,,
7847,54929.0,54929.0,54949.94166647196,1,20.94166647195816,20.94166647196107,54957.0,False,1,0,False,accurate,0,0,False,False,52,False,True,,,,,,,,,,,
7850,54950.0,54950.0,54952.903331619105,0,2.903331619103756,2.903331619105302,54978.0,False,1,0,False,fast,0,0,False,False,49,False,True,,,,,,,,,,,
7856,54992.0,54992.0,55006.676668631335,1,14.676668631335112,14.676668631334906,55020.0,False,1,0,False,accurate,1,1,False,False,43,False,True,,,,,,,,,,,
7861,55027.0,55027.0,55029.664998435976,0,2.664998435974121,2.6649984359755763,55055.0,False,1,0,False,fast,0,0,False,False,38,False,True,,,,,,,,,,,
7862,55034.0,55034.0,55038.16833566233,1,4.168335662335158,4.168335662332538,55062.0,False,1,0,False,fast,0,0,False,False,37,False,True,,,,,,,,,,,
7864,55048.0,55048.0,55050.79999923706,0,2.799999237060547,2.799999237060547,55076.0,False,1,0,False,fast,0,0,False,False,35,False,True,,,,,,,,,,,
7865,55055.0,55055.0,55066.40000152588,1,11.400001525878906,11.400001525878906,55083.0,False,1,0,False,accurate,1,1,False,False,34,False,True,,,,,,,,,,,
7868,55076.0,55076.0,55078.59999847412,0,2.5999984741210938,2.5999984741210938,55104.0,False,1,0,False,fast,0,0,False,False,31,False,True,,,,,,,,,,,
7869,55083.0,55083.0,55085.70000076294,1,2.700000762939453,2.700000762939453,55111.0,False,1,0,False,fast,0,0,False,False,30,False,True,,,,,,,,,,,
7872,55104.0,55104.0,55117.4999961853,0,13.499996185302734,13.499996185302734,55132.0,False,1,0,False,accurate,1,1,False,False,27,False,True,,,,,,,,,,,
7873,55111.0,55111.0,55113.80000305176,1,2.8000030517578125,2.8000030517578125,55139.0,False,2,1,False,fast,0,0,False,False,26,False,True,,,,,,,,,,,
7874,55118.0,55118.0,55120.79999923706,1,2.799999237060547,2.799999237060547,55146.0,False,1,0,False,fast,0,0,False,False,25,False,True,,,,,,,,,,,
7875,55125.0,55125.0,55127.60000228882,0,2.6000022888183594,2.6000022888183594,55153.0,False,1,0,False,fast,0,0,False,False,24,False,True,,,,,,,,,,,
7876,55132.0,55132.0,55146.79999923706,1,14.799999237060547,14.799999237060547,55160.0,False,1,0,False,accurate,1,1,False,False,23,False,True,,,,,,,,,,,
7880,55160.0,55160.0,55162.59999847412,0,2.5999984741210938,2.5999984741210938,55188.0,False,1,0,False,fast,0,0,False,False,19,False,True,,,,,,,,,,,
7881,55167.0,55167.0,55169.69999694824,1,2.6999969482421875,2.6999969482421875,55195.0,False,1,0,False,fast,0,0,False,False,18,False,True,,,,,,,,,,,
7886,55202.0,55202.0,55219.39999771118,0,17.39999771118164,17.39999771118164,55230.0,False,1,0,False,accurate,1,1,False,False,13,False,True,,,,,,,,,,,
7888,55216.0,55216.0,55218.80000305176,1,2.8000030517578125,2.8000030517578125,55244.0,False,2,1,False,fast,0,0,False,False,11,False,True,,,,,,,,,,,
7891,55237.0,55237.0,55239.70000076294,1,2.700000762939453,2.700000762939453,55265.0,False,1,0,False,fast,0,0,False,False,8,False,True,,,,,,,,,,,
7893,55251.0,55251.0,55302.30000305176,0,51.30000305175781,51.30000305175781,55279.0,True,1,0,False,accurate,0,0,False,False,6,False,False,,,,,,,,,,,
7902,55314.0,55314.0,55346.79999542236,1,32.79999542236328,32.79999542236328,55342.0,True,1,0,False,accurate,0,0,False,False,97,False,False,,,,,,,,,,,
7905,55335.0,55335.0,55364.5,0,29.5,29.5,55363.0,True,2,1,False,accurate,0,0,False,False,94,False,False,,,,,,,,,,,
7906,55342.0,55346.79999542236,55370.4999961853,1,23.700000762939453,28.499996185302734,55370.0,True,3,2,False,accurate,0,0,False,False,93,False,False,,,,,,,,,,,
7907,55349.0,55364.5,55388.39999771118,0,23.89999771118164,39.39999771118164,55377.0,True,3,2,False,accurate,0,0,False,False,92,False,False,,,,,,,,,,,
7911,55377.0,55377.0,55413.69999694824,1,36.69999694824219,36.69999694824219,55405.0,True,2,1,False,accurate,0,0,False,False,88,False,False,,,,,,,,,,,
7912,55384.0,55388.39999771118,55424.0,0,35.60000228881836,40.0,55412.0,True,3,2,False,accurate,0,0,False,False,87,False,False,,,,,,,,,,,
7913,55391.0,55413.69999694824,55445.79999923706,1,32.10000228881836,54.79999923706055,55419.0,True,3,2,False,accurate,1,1,False,False,86,False,False,,,,,,,,,,,
7914,55398.0,55424.0,55451.0,0,27.0,53.0,55426.0,True,4,3,False,accurate,0,0,False,False,85,False,False,,,,,,,,,,,
7917,55419.0,55445.79999923706,55462.5,1,16.700000762939453,43.5,55447.0,True,4,3,False,accurate,1,1,False,False,82,False,False,,,,,,,,,,,
7925,55475.0,55475.0,55477.60000228882,0,2.6000022888183594,2.6000022888183594,55503.0,False,1,0,False,fast,0,0,False,False,74,False,True,,,,,,,,,,,
7929,55503.0,55503.0,55505.59999847412,1,2.5999984741210938,2.5999984741210938,55531.0,False,1,0,False,fast,0,0,False,False,70,False,True,,,,,,,,,,,
7931,55517.0,55517.0,55519.79999923706,0,2.799999237060547,2.799999237060547,55545.0,False,1,0,False,fast,0,0,False,False,68,False,True,,,,,,,,,,,
7935,55545.0,55545.0,55547.70000076294,1,2.700000762939453,2.700000762939453,55573.0,False,1,0,False,fast,0,0,False,False,64,False,True,,,,,,,,,,,
7939,55573.0,55573.0,55575.70000076294,0,2.700000762939453,2.700000762939453,55601.0,False,1,0,False,fast,0,0,False,False,60,False,True,,,,,,,,,,,
7940,55580.0,55580.0,55582.79999923706,1,2.799999237060547,2.799999237060547,55608.0,False,1,0,False,fast,0,0,False,False,59,False,True,,,,,,,,,,,
7943,55601.0,55601.0,55603.69999694824,0,2.6999969482421875,2.6999969482421875,55629.0,False,1,0,False,fast,0,0,False,False,56,False,True,,,,,,,,,,,
7944,55608.0,55608.0,55610.79999923706,1,2.799999237060547,2.799999237060547,55636.0,False,1,0,False,fast,0,0,False,False,55,False,True,,,,,,,,,,,
7945,55615.0,55615.0,55633.40000152588,0,18.400001525878906,18.400001525878906,55643.0,False,1,0,False,accurate,1,1,False,False,54,False,True,,,,,,,,,,,
7947,55629.0,55629.0,55631.90000152588,1,2.9000015258789062,2.9000015258789062,55657.0,False,2,1,False,fast,0,0,False,False,52,False,True,,,,,,,,,,,
7948,55636.0,55636.0,55638.70000076294,1,2.700000762939453,2.700000762939453,55664.0,False,1,0,False,fast,0,0,False,False,51,False,True,,,,,,,,,,,
7950,55650.0,55650.0,55652.89999771118,0,2.8999977111816406,2.8999977111816406,55678.0,False,1,0,False,fast,0,0,False,False,49,False,True,,,,,,,,,,,
7953,55671.0,55671.0,55673.70000457764,1,2.7000045776367188,2.7000045776367188,55699.0,False,1,0,False,fast,0,0,False,False,46,False,True,,,,,,,,,,,
7957,55699.0,55699.0,55701.70000457764,0,2.7000045776367188,2.7000045776367188,55727.0,False,1,0,False,fast,0,0,False,False,42,False,True,,,,,,,,,,,
7959,55713.0,55713.0,55716.20000076294,1,3.200000762939453,3.200000762939453,55741.0,False,1,0,False,fast,0,0,False,False,40,False,True,,,,,,,,,,,
7964,55748.0,55748.0,55760.70000076294,0,12.700000762939453,12.700000762939453,55776.0,False,1,0,False,accurate,1,1,False,False,35,False,True,,,,,,,,,,,
7967,55769.0,55769.0,55784.0,1,15.0,15.0,55797.0,False,1,0,False,accurate,1,1,False,False,32,False,True,,,,,,,,,,,
7969,55783.0,55783.0,55785.79999923706,0,2.799999237060547,2.799999237060547,55811.0,False,2,1,False,fast,0,0,False,False,30,False,True,,,,,,,,,,,
7970,55790.0,55790.0,55804.79999923706,1,14.799999237060547,14.799999237060547,55818.0,False,1,0,False,accurate,1,1,False,False,29,False,True,,,,,,,,,,,
7971,55797.0,55797.0,55799.70000076294,0,2.700000762939453,2.700000762939453,55825.0,False,2,1,False,fast,0,0,False,False,28,False,True,,,,,,,,,,,
7973,55811.0,55811.0,55813.59999847412,0,2.5999984741210938,2.5999984741210938,55839.0,False,1,0,False,fast,0,0,False,False,26,False,True,,,,,,,,,,,
7975,55825.0,55825.0,55827.79999923706,1,2.799999237060547,2.799999237060547,55853.0,False,1,0,False,fast,0,0,False,False,24,False,True,,,,,,,,,,,
7978,55846.0,55846.0,55848.70000076294,0,2.700000762939453,2.700000762939453,55874.0,False,1,0,False,fast,0,0,False,False,21,False,True,,,,,,,,,,,
7981,55867.0,55867.0,55892.0,1,25.0,25.0,55895.0,False,1,0,False,accurate,1,1,False,False,18,False,True,,,,,,,,,,,
7982,55874.0,55874.0,55876.90000152588,0,2.9000015258789062,2.9000015258789062,55902.0,False,2,1,False,fast,0,0,False,False,17,False,True,,,,,,,,,,,
7984,55888.0,55888.0,55890.70000076294,0,2.700000762939453,2.700000762939453,55916.0,False,2,1,False,fast,0,0,False,False,15,False,True,,,,,,,,,,,
7986,55902.0,55902.0,55904.79999923706,0,2.799999237060547,2.799999237060547,55930.0,False,1,0,False,fast,0,0,False,False,13,False,True,,,,,,,,,,,
7988,55916.0,55916.0,55918.70000457764,1,2.7000045776367188,2.7000045776367188,55944.0,False,1,0,False,fast,0,0,False,False,11,False,True,,,,,,,,,,,
7989,55923.0,55923.0,55925.70000076294,0,2.700000762939453,2.700000762939453,55951.0,False,1,0,False,fast,0,0,False,False,10,False,True,,,,,,,,,,,
7991,55937.0,55937.0,55939.79999923706,1,2.799999237060547,2.799999237060547,55965.0,False,1,0,False,fast,0,0,False,False,8,False,True,,,,,,,,,,,
7992,55944.0,55944.0,55946.79999923706,0,2.799999237060547,2.799999237060547,55972.0,False,1,0,False,fast,0,0,False,False,7,False,True,,,,,,,,,,,
7994,55958.0,55958.0,55969.69999694824,1,11.699996948242188,11.699996948242188,55986.0,False,1,0,False,accurate,1,1,False,False,5,False,True,,,,,,,,,,,
7997,55979.0,55979.0,55993.39999771118,0,14.39999771118164,14.39999771118164,56007.0,False,1,0,False,accurate,1,1,False,False,2,True,True,,,,,,,,,,,
8000,56000.0,56000.0,56022.10000648499,1,22.10000648498535,22.100006484986807,56028.0,False,1,0,False,accurate,0,0,False,False,99,False,True,,,,,,,,,,,
8003,56021.0,56021.0,56041.31750369072,0,20.3175036907196,20.317503690719604,56049.0,False,2,1,False,accurate,0,0,False,False,96,False,True,,,,,,,,,,,
8004,56028.0,56028.0,56053.49166402678,1,25.491664026776974,25.49166402677656,56056.0,False,2,1,False,accurate,0,0,False,False,95,False,True,,,,,,,,,,,
8007,56049.0,56049.0,56071.88625435213,0,22.886254352132436,22.8862543521318,56077.0,False,2,1,False,accurate,0,0,False,False,92,False,True,,,,,,,,,,,
8008,56056.0,56056.0,56076.38666909794,1,20.386669097940146,20.386669097941194,56084.0,False,2,1,False,accurate,1,1,False,False,91,False,True,,,,,,,,,,,
8011,56077.0,56077.0,56096.99791160723,0,19.997911607225685,19.99791160722816,56105.0,False,1,0,False,accurate,0,0,False,False,88,False,True,,,,,,,,,,,
8013,56091.0,56091.0,56094.05666583935,1,3.0566658393541957,3.0566658393508988,56119.0,False,2,1,False,fast,0,0,False,False,86,False,True,,,,,,,,,,,
8014,56098.0,56098.0,56101.03333663384,1,3.033336633841191,3.0333366338381893,56126.0,False,1,0,False,fast,0,0,False,False,85,False,True,,,,,,,,,,,
8019,56133.0,56133.0,56135.916665869154,0,2.91666586915652,2.916665869153803,56161.0,False,1,0,False,fast,0,0,False,False,80,False,True,,,,,,,,,,,
8023,56161.0,56161.0,56185.9058302136,1,24.905830213601387,24.905830213603622,56189.0,False,1,0,False,accurate,0,0,False,False,76,False,True,,,,,,,,,,,
8027,56189.0,56189.0,56191.70000076294,0,2.700000762939453,2.700000762939453,56217.0,False,1,0,False,fast,0,0,False,False,72,False,True,,,,,,,,,,,
8029,56203.0,56203.0,56216.70000076294,1,13.700000762939453,13.700000762939453,56231.0,False,1,0,False,accurate,1,1,False,False,70,False,True,,,,,,,,,,,
8031,56217.0,56217.0,56219.70000076294,0,2.700000762939453,2.700000762939453,56245.0,False,1,0,False,fast,0,0,False,False,68,False,True,,,,,,,,,,,
8032,56224.0,56224.0,56226.79999923706,1,2.799999237060547,2.799999237060547,56252.0,False,1,0,False,fast,0,0,False,False,67,False,True,,,,,,,,,,,
8034,56238.0,56238.0,56240.79999923706,0,2.799999237060547,2.799999237060547,56266.0,False,1,0,False,fast,0,0,False,False,65,False,True,,,,,,,,,,,
8038,56266.0,56266.0,56268.80000305176,1,2.8000030517578125,2.8000030517578125,56294.0,False,1,0,False,fast,0,0,False,False,61,False,True,,,,,,,,,,,
8039,56273.0,56273.0,56275.79999923706,0,2.799999237060547,2.799999237060547,56301.0,False,1,0,False,fast,0,0,False,False,60,False,True,,,,,,,,,,,
8040,56280.0,56280.0,56282.79999923706,1,2.799999237060547,2.799999237060547,56308.0,False,1,0,False,fast,0,0,False,False,59,False,True,,,,,,,,,,,
8042,56294.0,56294.0,56296.70000457764,0,2.7000045776367188,2.7000045776367188,56322.0,False,1,0,False,fast,0,0,False,False,57,False,True,,,,,,,,,,,
8045,56315.0,56315.0,56317.70000457764,1,2.7000045776367188,2.7000045776367188,56343.0,False,1,0,False,fast,0,0,False,False,54,False,True,,,,,,,,,,,
8046,56322.0,56322.0,56324.70000076294,0,2.700000762939453,2.700000762939453,56350.0,False,1,0,False,fast,0,0,False,False,53,False,True,,,,,,,,,,,
8048,56336.0,56336.0,56338.79999923706,1,2.799999237060547,2.799999237060547,56364.0,False,1,0,False,fast,0,0,False,False,51,False,True,,,,,,,,,,,
8050,56350.0,56350.0,56352.70000076294,0,2.700000762939453,2.700000762939453,56378.0,False,1,0,False,fast,0,0,False,False,49,False,True,,,,,,,,,,,
8051,56357.0,56357.0,56359.69999694824,1,2.6999969482421875,2.6999969482421875,56385.0,False,1,0,False,fast,0,0,False,False,48,False,True,,,,,,,,,,,
8053,56371.0,56371.0,56373.70000076294,0,2.700000762939453,2.700000762939453,56399.0,False,1,0,False,fast,0,0,False,False,46,False,True,,,,,,,,,,,
8055,56385.0,56385.0,56408.0,1,23.0,23.0,56413.0,False,1,0,False,accurate,0,0,False,False,44,False,True,,,,,,,,,,,
8058,56406.0,56406.0,56408.69999694824,0,2.6999969482421875,2.6999969482421875,56434.0,False,2,1,False,fast,0,0,False,False,41,False,True,,,,,,,,,,,
8059,56413.0,56413.0,56426.69999694824,1,13.699996948242188,13.699996948242188,56441.0,False,1,0,False,accurate,1,1,False,False,40,False,True,,,,,,,,,,,
8060,56420.0,56420.0,56422.70000076294,0,2.700000762939453,2.700000762939453,56448.0,False,2,1,False,fast,0,0,False,False,39,False,True,,,,,,,,,,,
8061,56427.0,56427.0,56429.79999923706,0,2.799999237060547,2.799999237060547,56455.0,False,1,0,False,fast,0,0,False,False,38,False,True,,,,,,,,,,,
8063,56441.0,56441.0,56458.5,1,17.5,17.5,56469.0,False,1,0,False,accurate,1,1,False,False,36,False,True,,,,,,,,,,,
8065,56455.0,56455.0,56457.79999923706,0,2.799999237060547,2.799999237060547,56483.0,False,2,1,False,fast,0,0,False,False,34,False,True,,,,,,,,,,,
8067,56469.0,56469.0,56471.70000076294,0,2.700000762939453,2.700000762939453,56497.0,False,1,0,False,fast,0,0,False,False,32,False,True,,,,,,,,,,,
8069,56483.0,56483.0,56485.70000076294,1,2.700000762939453,2.700000762939453,56511.0,False,1,0,False,fast,0,0,False,False,30,False,True,,,,,,,,,,,
8071,56497.0,56497.0,56499.79999923706,0,2.799999237060547,2.799999237060547,56525.0,False,1,0,False,fast,0,0,False,False,28,False,True,,,,,,,,,,,
8075,56525.0,56525.0,56545.70000076294,1,20.700000762939453,20.700000762939453,56553.0,False,1,0,False,accurate,0,0,False,False,24,False,True,,,,,,,,,,,
8083,56581.0,56581.0,56594.60000228882,0,13.60000228881836,13.60000228881836,56609.0,False,1,0,False,accurate,1,1,False,False,16,False,True,,,,,,,,,,,
8089,56623.0,56623.0,56639.90000152588,1,16.900001525878906,16.900001525878906,56651.0,False,1,0,False,accurate,1,1,False,False,10,False,True,,,,,,,,,,,
8090,56630.0,56630.0,56632.70000076294,0,2.700000762939453,2.700000762939453,56658.0,False,2,1,False,fast,0,0,False,False,9,False,True,,,,,,,,,,,
8091,56637.0,56637.0,56639.69999694824,0,2.6999969482421875,2.6999969482421875,56665.0,False,2,1,False,fast,0,0,False,False,8,False,True,,,,,,,,,,,
8093,56651.0,56651.0,56653.69999694824,0,2.6999969482421875,2.6999969482421875,56679.0,False,1,0,False,fast,0,0,False,False,6,False,True,,,,,,,,,,,
8094,56658.0,56658.0,56661.19999694824,1,3.1999969482421875,3.1999969482421875,56686.0,False,1,0,False,fast,0,0,False,False,5,False,True,,,,,,,,,,,
8099,56693.0,56693.0,56695.79999923706,0,2.799999237060547,2.799999237060547,56721.0,False,1,0,False,fast,0,0,False,True,0,True,True,,,,,,,,,,,
8100,56700.0,56700.0,56702.69999694824,1,2.6999969482421875,2.6999969482421875,56728.0,False,1,0,False,fast,0,0,False,False,99,False,True,,,,,,,,,,,
8102,56714.0,56714.0,56725.099994659424,0,11.099994659423828,11.099994659423828,56742.0,False,1,0,False,accurate,1,1,False,False,97,False,True,,,,,,,,,,,
8104,56728.0,56728.0,56730.79999923706,1,2.799999237060547,2.799999237060547,56756.0,False,1,0,False,fast,0,0,False,False,95,False,True,,,,,,,,,,,
8105,56735.0,56735.0,56737.70000076294,0,2.700000762939453,2.700000762939453,56763.0,False,1,0,False,fast,0,0,False,False,94,False,True,,,,,,,,,,,
8112,56784.0,56784.0,56786.79999923706,1,2.799999237060547,2.799999237060547,56812.0,False,1,0,False,fast,0,0,False,False,87,False,True,,,,,,,,,,,
8118,56826.0,56826.0,56838.70000076294,0,12.700000762939453,12.700000762939453,56854.0,False,1,0,False,accurate,1,1,False,False,81,False,True,,,,,,,,,,,
8120,56840.0,56840.0,56842.79999923706,1,2.799999237060547,2.799999237060547,56868.0,False,1,0,False,fast,0,0,False,False,79,False,True,,,,,,,,,,,
8121,56847.0,56847.0,56849.69999694824,0,2.6999969482421875,2.6999969482421875,56875.0,False,1,0,False,fast,0,0,False,False,78,False,True,,,,,,,,,,,
8122,56854.0,56854.0,56856.70000076294,1,2.700000762939453,2.700000762939453,56882.0,False,1,0,False,fast,0,0,False,False,77,False,True,,,,,,,,,,,
8123,56861.0,56861.0,56863.70000076294,0,2.700000762939453,2.700000762939453,56889.0,False,1,0,False,fast,0,0,False,False,76,False,True,,,,,,,,,,,
8124,56868.0,56868.0,56870.79999923706,1,2.799999237060547,2.799999237060547,56896.0,False,1,0,False,fast,0,0,False,False,75,False,True,,,,,,,,,,,
8126,56882.0,56882.0,56895.40000152588,0,13.400001525878906,13.400001525878906,56910.0,False,1,0,False,accurate,1,1,False,False,73,False,True,,,,,,,,,,,
8129,56903.0,56903.0,56916.69999694824,1,13.699996948242188,13.699996948242188,56931.0,False,1,0,False,accurate,1,1,False,False,70,False,True,,,,,,,,,,,
8131,56917.0,56917.0,56931.59999847412,0,14.599998474121094,14.599998474121094,56945.0,False,1,0,False,accurate,1,1,False,False,68,False,True,,,,,,,,,,,
8134,56938.0,56938.0,56940.69999694824,1,2.6999969482421875,2.6999969482421875,56966.0,False,1,0,False,fast,0,0,False,False,65,False,True,,,,,,,,,,,
8136,56952.0,56952.0,56954.79999923706,0,2.799999237060547,2.799999237060547,56980.0,False,1,0,False,fast,0,0,False,False,63,False,True,,,,,,,,,,,
8137,56959.0,56959.0,56961.59999847412,1,2.5999984741210938,2.5999984741210938,56987.0,False,1,0,False,fast,0,0,False,False,62,False,True,,,,,,,,,,,
8142,56994.0,56994.0,57005.90000152588,0,11.900001525878906,11.900001525878906,57022.0,False,1,0,False,accurate,1,1,False,False,57,False,True,,,,,,,,,,,
8145,57015.0,57015.0,57017.69999694824,1,2.6999969482421875,2.6999969482421875,57043.0,False,1,0,False,fast,0,0,False,False,54,False,True,,,,,,,,,,,
8146,57022.0,57022.0,57024.79999923706,0,2.799999237060547,2.799999237060547,57050.0,False,1,0,False,fast,0,0,False,False,53,False,True,,,,,,,,,,,
8148,57036.0,57036.0,57038.79999923706,1,2.799999237060547,2.799999237060547,57064.0,False,1,0,False,fast,0,0,False,False,51,False,True,,,,,,,,,,,
8152,57064.0,57064.0,57079.79999923706,0,15.799999237060547,15.799999237060547,57092.0,False,1,0,False,accurate,1,1,False,False,47,False,True,,,,,,,,,,,
8158,57106.0,57106.0,57108.70000076294,1,2.700000762939453,2.700000762939453,57134.0,False,1,0,False,fast,0,0,False,False,41,False,True,,,,,,,,,,,
8159,57113.0,57113.0,57115.70000076294,0,2.700000762939453,2.700000762939453,57141.0,False,1,0,False,fast,0,0,False,False,40,False,True,,,,,,,,,,,
8160,57120.0,57120.0,57163.35,1,43.35,43.349999999998545,57148.0,True,1,0,False,accurate,0,0,False,False,39,False,False,,,,,,,,,,,
8161,57127.0,57127.0,57146.71583189448,0,19.71583189447722,19.71583189447847,57155.0,False,2,1,False,accurate,0,0,False,False,38,False,True,,,,,,,,,,,
8166,57162.0,57162.0,57165.10500526428,0,3.105005264282226,3.1050052642822266,57190.0,False,2,1,False,fast,0,0,False,False,33,False,True,,,,,,,,,,,
8167,57169.0,57169.0,57188.59541990817,1,19.595419908165898,19.59541990816797,57197.0,False,1,0,False,accurate,0,0,False,False,32,False,True,,,,,,,,,,,
8170,57190.0,57190.0,57211.54749871274,0,21.547498712738367,21.54749871273816,57218.0,False,1,0,False,accurate,0,0,False,False,29,False,True,,,,,,,,,,,
8173,57211.0,57211.0,57237.54875316292,1,26.54875316292049,26.54875316291873,57239.0,False,2,1,False,accurate,1,1,False,False,26,False,True,,,,,,,,,,,
8174,57218.0,57218.0,57220.81666914105,0,2.816669141054149,2.816669141051534,57246.0,False,2,1,False,fast,0,0,False,False,25,False,True,,,,,,,,,,,
8177,57239.0,57239.0,57241.85750080208,0,2.857500802079835,2.8575008020779933,57267.0,False,1,0,False,fast,0,0,False,False,22,False,True,,,,,,,,,,,
8181,57267.0,57267.0,57281.4637491703,1,14.463749170303343,14.463749170303345,57295.0,False,1,0,False,accurate,1,1,False,False,18,False,True,,,,,,,,,,,
8183,57281.0,57281.0,57283.82333256473,0,2.8233325647314387,2.823332564730663,57309.0,False,2,1,False,fast,0,0,False,False,16,False,True,,,,,,,,,,,
8184,57288.0,57288.0,57290.70000076294,1,2.700000762939453,2.700000762939453,57316.0,False,1,0,False,fast,0,0,False,False,15,False,True,,,,,,,,,,,
8185,57295.0,57295.0,57297.60000228882,0,2.6000022888183594,2.6000022888183594,57323.0,False,1,0,False,fast,0,0,False,False,14,False,True,,,,,,,,,,,
8190,57330.0,57330.0,57332.79999923706,1,2.799999237060547,2.799999237060547,57358.0,False,1,0,False,fast,0,0,False,False,9,False,True,,,,,,,,,,,
8193,57351.0,57351.0,57370.5,0,19.5,19.5,57379.0,False,1,0,False,accurate,1,1,False,False,6,False,True,,,,,,,,,,,
8195,57365.0,57365.0,57367.70000076294,1,2.700000762939453,2.700000762939453,57393.0,False,2,1,False,fast,0,0,False,False,4,False,True,,,,,,,,,,,
8196,57372.0,57372.0,57374.69999694824,1,2.6999969482421875,2.6999969482421875,57400.0,False,1,0,False,fast,0,0,False,False,3,False,True,,,,,,,,,,,
8199,57393.0,57393.0,57409.5,0,16.5,16.5,57421.0,False,1,0,False,accurate,1,1,False,True,0,True,True,,,,,,,,,,,
8200,57400.0,57400.0,57415.09999847412,1,15.099998474121094,15.099998474121094,57428.0,False,2,1,False,accurate,1,1,False,False,99,False,True,,,,,,,,,,,
8201,57407.0,57409.5,57412.20000457764,0,2.7000045776367188,5.200004577636719,57435.0,False,3,2,False,fast,0,0,False,False,98,False,True,,,,,,,,,,,
8203,57421.0,57421.0,57423.79999923706,0,2.799999237060547,2.799999237060547,57449.0,False,1,0,False,fast,0,0,False,False,96,False,True,,,,,,,,,,,
8205,57435.0,57435.0,57437.79999923706,1,2.799999237060547,2.799999237060547,57463.0,False,1,0,False,fast,0,0,False,False,94,False,True,,,,,,,,,,,
8207,57449.0,57449.0,57451.90000152588,0,2.9000015258789062,2.9000015258789062,57477.0,False,1,0,False,fast,0,0,False,False,92,False,True,,,,,,,,,,,
8208,57456.0,57456.0,57458.79999923706,1,2.799999237060547,2.799999237060547,57484.0,False,1,0,False,fast,0,0,False,False,91,False,True,,,,,,,,,,,
8211,57477.0,57477.0,57488.80000305176,0,11.800003051757812,11.800003051757812,57505.0,False,1,0,False,accurate,1,1,False,False,88,False,True,,,,,,,,,,,
8218,57526.0,57526.0,57528.70000076294,1,2.700000762939453,2.700000762939453,57554.0,False,1,0,False,fast,0,0,False,False,81,False,True,,,,,,,,,,,
8220,57540.0,57540.0,57542.70000076294,0,2.700000762939453,2.700000762939453,57568.0,False,1,0,False,fast,0,0,False,False,79,False,True,,,,,,,,,,,
8223,57561.0,57561.0,57563.70000076294,1,2.700000762939453,2.700000762939453,57589.0,False,1,0,False,fast,0,0,False,False,76,False,True,,,,,,,,,,,
8224,57568.0,57568.0,57570.70000076294,0,2.700000762939453,2.700000762939453,57596.0,False,1,0,False,fast,0,0,False,False,75,False,True,,,,,,,,,,,
8225,57575.0,57575.0,57587.5,1,12.5,12.5,57603.0,False,1,0,False,accurate,1,1,False,False,74,False,True,,,,,,,,,,,
8228,57596.0,57596.0,57598.79999923706,0,2.799999237060547,2.799999237060547,57624.0,False,1,0,False,fast,0,0,False,False,71,False,True,,,,,,,,,,,
8233,57631.0,57631.0,57633.70000076294,1,2.700000762939453,2.700000762939453,57659.0,False,1,0,False,fast,0,0,False,False,66,False,True,,,,,,,,,,,
8235,57645.0,57645.0,57647.70000076294,0,2.700000762939453,2.700000762939453,57673.0,False,1,0,False,fast,0,0,False,False,64,False,True,,,,,,,,,,,
8236,57652.0,57652.0,57665.40000152588,1,13.400001525878906,13.400001525878906,57680.0,False,1,0,False,accurate,1,1,False,False,63,False,True,,,,,,,,,,,
8241,57687.0,57687.0,57689.59999847412,0,2.5999984741210938,2.5999984741210938,57715.0,False,1,0,False,fast,0,0,False,False,58,False,True,,,,,,,,,,,
8244,57708.0,57708.0,57710.79999923706,1,2.799999237060547,2.799999237060547,57736.0,False,1,0,False,fast,0,0,False,False,55,False,True,,,,,,,,,,,
8247,57729.0,57729.0,57731.70000076294,0,2.700000762939453,2.700000762939453,57757.0,False,1,0,False,fast,0,0,False,False,52,False,True,,,,,,,,,,,
8248,57736.0,57736.0,57738.70000076294,1,2.700000762939453,2.700000762939453,57764.0,False,1,0,False,fast,0,0,False,False,51,False,True,,,,,,,,,,,
8249,57743.0,57743.0,57755.5,0,12.5,12.5,57771.0,False,1,0,False,accurate,1,1,False,False,50,False,True,,,,,,,,,,,
8251,57757.0,57757.0,57772.20000076294,1,15.200000762939453,15.200000762939453,57785.0,False,1,0,False,accurate,1,1,False,False,48,False,True,,,,,,,,,,,
8253,57771.0,57771.0,57775.09999847412,0,4.099998474121094,4.099998474121094,57799.0,False,2,1,False,fast,0,0,False,False,46,False,True,,,,,,,,,,,
8254,57778.0,57778.0,57780.69999694824,1,2.6999969482421875,2.6999969482421875,57806.0,False,1,0,False,fast,0,0,False,False,45,False,True,,,,,,,,,,,
8256,57792.0,57792.0,57803.09999847412,0,11.099998474121094,11.099998474121094,57820.0,False,1,0,False,accurate,1,1,False,False,43,False,True,,,,,,,,,,,
8259,57813.0,57813.0,57815.60000228882,1,2.6000022888183594,2.6000022888183594,57841.0,False,1,0,False,fast,0,0,False,False,40,False,True,,,,,,,,,,,
8260,57820.0,57820.0,57833.20000076294,0,13.200000762939453,13.200000762939453,57848.0,False,1,0,False,accurate,1,1,False,False,39,False,True,,,,,,,,,,,
8262,57834.0,57834.0,57848.60000228882,1,14.60000228881836,14.60000228881836,57862.0,False,1,0,False,accurate,1,1,False,False,37,False,True,,,,,,,,,,,
8263,57841.0,57841.0,57860.29999923706,0,19.299999237060547,19.299999237060547,57869.0,False,2,1,False,accurate,1,1,False,False,36,False,True,,,,,,,,,,,
8264,57848.0,57848.60000228882,57851.30000305176,1,2.700000762939453,3.3000030517578125,57876.0,False,3,2,False,fast,0,0,False,False,35,False,True,,,,,,,,,,,
8267,57869.0,57869.0,57886.20000076294,1,17.200000762939453,17.200000762939453,57897.0,False,1,0,False,accurate,1,1,False,False,32,False,True,,,,,,,,,,,
8269,57883.0,57883.0,57885.70000076294,0,2.700000762939453,2.700000762939453,57911.0,False,2,1,False,fast,0,0,False,False,30,False,True,,,,,,,,,,,
8270,57890.0,57890.0,57903.40000152588,0,13.400001525878906,13.400001525878906,57918.0,False,1,0,False,accurate,1,1,False,False,29,False,True,,,,,,,,,,,
8272,57904.0,57904.0,57906.70000076294,1,2.700000762939453,2.700000762939453,57932.0,False,1,0,False,fast,0,0,False,False,27,False,True,,,,,,,,,,,
8274,57918.0,57918.0,57920.79999923706,0,2.799999237060547,2.799999237060547,57946.0,False,1,0,False,fast,0,0,False,False,25,False,True,,,,,,,,,,,
8276,57932.0,57932.0,57934.70000076294,1,2.700000762939453,2.700000762939453,57960.0,False,1,0,False,fast,0,0,False,False,23,False,True,,,,,,,,,,,
8279,57953.0,57953.0,57974.0,0,21.0,21.0,57981.0,False,1,0,False,accurate,1,1,False,False,20,False,True,,,,,,,,,,,
8282,57974.0,57974.0,57976.90000152588,1,2.9000015258789062,2.9000015258789062,58002.0,False,1,0,False,fast,0,0,False,False,17,False,True,,,,,,,,,,,
8286,58002.0,58002.0,58004.79999923706,0,2.799999237060547,2.799999237060547,58030.0,False,1,0,False,fast,0,0,False,False,13,False,True,,,,,,,,,,,
8287,58009.0,58009.0,58012.5,1,3.5,3.5,58037.0,False,1,0,False,fast,0,0,False,False,12,False,True,,,,,,,,,,,
8291,58037.0,58037.0,58040.09999847412,0,3.0999984741210938,3.0999984741210938,58065.0,False,1,0,False,fast,0,0,False,False,8,False,True,,,,,,,,,,,
8294,58058.0,58058.0,58060.89999771118,1,2.8999977111816406,2.8999977111816406,58086.0,False,1,0,False,fast,0,0,False,False,5,False,True,,,,,,,,,,,
8299,58093.0,58093.0,58095.70000076294,0,2.700000762939453,2.700000762939453,58121.0,False,1,0,False,fast,0,0,False,True,0,True,True,,,,,,,,,,,
8300,58100.0,58100.0,58102.79999923706,1,2.799999237060547,2.799999237060547,58128.0,False,1,0,False,fast,0,0,False,False,99,False,True,,,,,,,,,,,
8304,58128.0,58128.0,58142.90000152588,0,14.900001525878906,14.900001525878906,58156.0,False,1,0,False,accurate,1,1,False,False,95,False,True,,,,,,,,,,,
8305,58135.0,58135.0,58137.60000228882,1,2.6000022888183594,2.6000022888183594,58163.0,False,2,1,False,fast,0,0,False,False,94,False,True,,,,,,,,,,,
8306,58142.0,58142.0,58144.79999923706,1,2.799999237060547,2.799999237060547,58170.0,False,2,1,False,fast,0,0,False,False,93,False,True,,,,,,,,,,,
8309,58163.0,58163.0,58165.69999694824,0,2.6999969482421875,2.6999969482421875,58191.0,False,1,0,False,fast,0,0,False,False,90,False,True,,,,,,,,,,,
8311,58177.0,58177.0,58179.60000228882,1,2.6000022888183594,2.6000022888183594,58205.0,False,1,0,False,fast,0,0,False,False,88,False,True,,,,,,,,,,,
8315,58205.0,58205.0,58207.70000457764,0,2.7000045776367188,2.7000045776367188,58233.0,False,1,0,False,fast,0,0,False,False,84,False,True,,,,,,,,,,,
8316,58212.0,58212.0,58233.400005340576,1,21.400005340576172,21.400005340576172,58240.0,False,1,0,False,accurate,1,1,False,False,83,False,True,,,,,,,,,,,
8320,58240.0,58240.0,58264.31000518799,0,24.31000518798828,24.31000518798828,58268.0,False,1,0,False,accurate,0,0,False,False,79,False,True,,,,,,,,,,,
8321,58247.0,58247.0,58267.21708698929,1,20.21708698928353,20.217086989287054,58275.0,False,2,1,False,accurate,1,1,False,False,78,False,True,,,,,,,,,,,
8323,58261.0,58264.31000518799,58291.56125764847,0,27.251252460479733,30.561257648470928,58289.0,True,3,2,False,accurate,0,0,False,False,76,False,False,,,,,,,,,,,
8325,58275.0,58275.0,58301.731662162936,1,26.731662162939667,26.731662162936118,58303.0,False,2,1,False,accurate,0,0,False,False,74,False,True,,,,,,,,,,,
8326,58282.0,58291.56125764847,58319.77375764847,0,28.2125,37.77375764847238,58310.0,True,3,2,False,accurate,0,0,False,False,73,False,False,,,,,,,,,,,
8330,58310.0,58310.0,58326.618332094746,1,16.618332094748826,16.61833209474571,58338.0,False,2,1,False,accurate,1,1,False,False,69,False,True,,,,,,,,,,,
8333,58331.0,58331.0,58363.62458451281,0,32.62458451280992,32.624584512806905,58359.0,True,1,0,False,accurate,0,0,False,False,66,False,False,,,,,,,,,,,
8337,58359.0,58359.0,58361.963332520325,1,2.96333252032598,2.9633325203249115,58387.0,False,2,1,False,fast,0,0,False,False,62,False,True,,,,,,,,,,,
8338,58366.0,58366.0,58388.560000896454,1,22.560000896453857,22.560000896453857,58394.0,False,1,0,False,accurate,0,0,False,False,61,False,True,,,,,,,,,,,
8339,58373.0,58373.0,58375.70833571494,0,2.7083357149362537,2.7083357149385847,58401.0,False,2,1,False,fast,0,0,False,False,60,False,True,,,,,,,,,,,
8341,58387.0,58387.0,58404.182503318785,0,17.18250331878662,17.182503318785166,58415.0,False,2,1,False,accurate,1,1,False,False,58,False,True,,,,,,,,,,,
8342,58394.0,58394.0,58397.15166511689,1,3.151665116896231,3.1516651168931276,58422.0,False,2,1,False,fast,0,0,False,False,57,False,True,,,,,,,,,,,
8343,58401.0,58401.0,58403.72250461645,1,2.722504616454245,2.7225046164530795,58429.0,False,2,1,False,fast,0,0,False,False,56,False,True,,,,,,,,,,,
8351,58457.0,58457.0,58469.79999923706,1,12.799999237060547,12.799999237060547,58485.0,False,1,0,False,accurate,1,1,False,False,48,False,True,,,,,,,,,,,
8353,58471.0,58471.0,58473.70000076294,0,2.700000762939453,2.700000762939453,58499.0,False,1,0,False,fast,0,0,False,False,46,False,True,,,,,,,,,,,
8354,58478.0,58478.0,58480.70000457764,1,2.7000045776367188,2.7000045776367188,58506.0,False,1,0,False,fast,0,0,False,False,45,False,True,,,,,,,,,,,
8356,58492.0,58492.0,58504.79999923706,0,12.799999237060547,12.799999237060547,58520.0,False,1,0,False,accurate,1,1,False,False,43,False,True,,,,,,,,,,,
8357,58499.0,58499.0,58501.70000076294,1,2.700000762939453,2.700000762939453,58527.0,False,2,1,False,fast,0,0,False,False,42,False,True,,,,,,,,,,,
8362,58534.0,58534.0,58536.70000076294,1,2.700000762939453,2.700000762939453,58562.0,False,1,0,False,fast,0,0,False,False,37,False,True,,,,,,,,,,,
8364,58548.0,58548.0,58550.70000076294,0,2.700000762939453,2.700000762939453,58576.0,False,1,0,False,fast,0,0,False,False,35,False,True,,,,,,,,,,,
8370,58590.0,58590.0,58605.70000076294,1,15.700000762939453,15.700000762939453,58618.0,False,1,0,False,accurate,1,1,False,False,29,False,True,,,,,,,,,,,
8373,58611.0,58611.0,58613.60000228882,0,2.6000022888183594,2.6000022888183594,58639.0,False,1,0,False,fast,0,0,False,False,26,False,True,,,,,,,,,,,
8374,58618.0,58618.0,58639.39999771118,1,21.39999771118164,21.39999771118164,58646.0,False,1,0,False,accurate,0,0,False,False,25,False,True,,,,,,,,,,,
8375,58625.0,58625.0,58627.79999923706,0,2.799999237060547,2.799999237060547,58653.0,False,2,1,False,fast,0,0,False,False,24,False,True,,,,,,,,,,,
8379,58653.0,58653.0,58655.60000228882,0,2.6000022888183594,2.6000022888183594,58681.0,False,1,0,False,fast,0,0,False,False,20,False,True,,,,,,,,,,,
8381,58667.0,58667.0,58670.79999923706,1,3.799999237060547,3.799999237060547,58695.0,False,1,0,False,fast,0,0,False,False,18,False,True,,,,,,,,,,,
8383,58681.0,58681.0,58694.29999923706,0,13.299999237060547,13.299999237060547,58709.0,False,1,0,False,accurate,1,1,False,False,16,False,True,,,,,,,,,,,
8385,58695.0,58695.0,58697.60000228882,1,2.6000022888183594,2.6000022888183594,58723.0,False,1,0,False,fast,0,0,False,False,14,False,True,,,,,,,,,,,
8386,58702.0,58702.0,58704.60000228882,0,2.6000022888183594,2.6000022888183594,58730.0,False,1,0,False,fast,0,0,False,False,13,False,True,,,,,,,,,,,
8387,58709.0,58709.0,58711.70000076294,1,2.700000762939453,2.700000762939453,58737.0,False,1,0,False,fast,0,0,False,False,12,False,True,,,,,,,,,,,
8388,58716.0,58716.0,58718.60000228882,0,2.6000022888183594,2.6000022888183594,58744.0,False,1,0,False,fast,0,0,False,False,11,False,True,,,,,,,,,,,
8389,58723.0,58723.0,58736.80000305176,1,13.800003051757812,13.800003051757812,58751.0,False,1,0,False,accurate,1,1,False,False,10,False,True,,,,,,,,,,,
8392,58744.0,58744.0,58758.29999923706,0,14.299999237060547,14.299999237060547,58772.0,False,1,0,False,accurate,1,1,False,False,7,False,True,,,,,,,,,,,
8395,58765.0,58765.0,58767.70000076294,1,2.700000762939453,2.700000762939453,58793.0,False,1,0,False,fast,0,0,False,False,4,False,True,,,,,,,,,,,
8399,58793.0,58793.0,58814.5,0,21.5,21.5,58821.0,False,1,0,False,accurate,1,1,False,True,0,True,True,,,,,,,,,,,
8400,58800.0,58800.0,58802.80000305176,1,2.8000030517578125,2.8000030517578125,58828.0,False,2,1,False,fast,0,0,False,False,99,False,True,,,,,,,,,,,
8402,58814.0,58814.0,58816.60000228882,1,2.6000022888183594,2.6000022888183594,58842.0,False,2,1,False,fast,0,0,False,False,97,False,True,,,,,,,,,,,
8404,58828.0,58828.0,58855.59999847412,0,27.599998474121094,27.599998474121094,58856.0,False,1,0,False,accurate,1,1,False,False,95,False,True,,,,,,,,,,,
8406,58842.0,58842.0,58854.79999923706,1,12.799999237060547,12.799999237060547,58870.0,False,2,1,False,accurate,1,1,False,False,93,False,True,,,,,,,,,,,
8408,58856.0,58856.0,58877.29999542236,1,21.29999542236328,21.29999542236328,58884.0,False,1,0,False,accurate,1,1,False,False,91,False,True,,,,,,,,,,,
8410,58870.0,58870.0,58872.60000228882,0,2.6000022888183594,2.6000022888183594,58898.0,False,2,1,False,fast,0,0,False,False,89,False,True,,,,,,,,,,,
8414,58898.0,58898.0,58900.59999847412,0,2.5999984741210938,2.5999984741210938,58926.0,False,1,0,False,fast,0,0,False,False,85,False,True,,,,,,,,,,,
8415,58905.0,58905.0,58921.70000076294,1,16.700000762939453,16.700000762939453,58933.0,False,1,0,False,accurate,1,1,False,False,84,False,True,,,,,,,,,,,
8416,58912.0,58912.0,58914.69999694824,0,2.6999969482421875,2.6999969482421875,58940.0,False,2,1,False,fast,0,0,False,False,83,False,True,,,,,,,,,,,
8420,58940.0,58940.0,58942.69999694824,0,2.6999969482421875,2.6999969482421875,58968.0,False,1,0,False,fast,0,0,False,False,79,False,True,,,,,,,,,,,
8421,58947.0,58947.0,58949.79999923706,1,2.799999237060547,2.799999237060547,58975.0,False,1,0,False,fast,0,0,False,False,78,False,True,,,,,,,,,,,
8426,58982.0,58982.0,58984.69999694824,0,2.6999969482421875,2.6999969482421875,59010.0,False,1,0,False,fast,0,0,False,False,73,False,True,,,,,,,,,,,
8434,59038.0,59038.0,59040.70000457764,1,2.7000045776367188,2.7000045776367188,59066.0,False,1,0,False,fast,0,0,False,False,65,False,True,,,,,,,,,,,
8436,59052.0,59052.0,59054.69999694824,0,2.6999969482421875,2.6999969482421875,59080.0,False,1,0,False,fast,0,0,False,False,63,False,True,,,,,,,,,,,
8438,59066.0,59066.0,59068.60000228882,1,2.6000022888183594,2.6000022888183594,59094.0,False,1,0,False,fast,0,0,False,False,61,False,True,,,,,,,,,,,
8440,59080.0,59080.0,59082.70000076294,0,2.700000762939453,2.700000762939453,59108.0,False,1,0,False,fast,0,0,False,False,59,False,True,,,,,,,,,,,
8441,59087.0,59087.0,59089.70000076294,1,2.700000762939453,2.700000762939453,59115.0,False,1,0,False,fast,0,0,False,False,58,False,True,,,,,,,,,,,
8447,59129.0,59129.0,59142.90000152588,0,13.900001525878906,13.900001525878906,59157.0,False,1,0,False,accurate,1,1,False,False,52,False,True,,,,,,,,,,,
8452,59164.0,59164.0,59166.69999694824,1,2.6999969482421875,2.6999969482421875,59192.0,False,1,0,False,fast,0,0,False,False,47,False,True,,,,,,,,,,,
8454,59178.0,59178.0,59180.70000457764,0,2.7000045776367188,2.7000045776367188,59206.0,False,1,0,False,fast,0,0,False,False,45,False,True,,,,,,,,,,,
8457,59199.0,59199.0,59214.40000152588,1,15.400001525878906,15.400001525878906,59227.0,False,1,0,False,accurate,1,1,False,False,42,False,True,,,,,,,,,,,
8459,59213.0,59213.0,59215.70000457764,0,2.7000045776367188,2.7000045776367188,59241.0,False,2,1,False,fast,0,0,False,False,40,False,True,,,,,,,,,,,
8464,59248.0,59248.0,59262.39999771118,1,14.39999771118164,14.39999771118164,59276.0,False,1,0,False,accurate,1,1,False,False,35,False,True,,,,,,,,,,,
8467,59269.0,59269.0,59271.79999923706,0,2.799999237060547,2.799999237060547,59297.0,False,1,0,False,fast,0,0,False,False,32,False,True,,,,,,,,,,,
8468,59276.0,59276.0,59278.69999694824,1,2.6999969482421875,2.6999969482421875,59304.0,False,1,0,False,fast,0,0,False,False,31,False,True,,,,,,,,,,,
8469,59283.0,59283.0,59297.29999923706,0,14.299999237060547,14.299999237060547,59311.0,False,1,0,False,accurate,1,1,False,False,30,False,True,,,,,,,,,,,
8470,59290.0,59290.0,59292.79999923706,1,2.799999237060547,2.799999237060547,59318.0,False,2,1,False,fast,0,0,False,False,29,False,True,,,,,,,,,,,
8471,59297.0,59297.0,59310.39999771118,1,13.39999771118164,13.39999771118164,59325.0,False,2,1,False,accurate,1,1,False,False,28,False,True,,,,,,,,,,,
8475,59325.0,59325.0,59328.29999923706,0,3.299999237060547,3.299999237060547,59353.0,False,1,0,False,fast,0,0,False,False,24,False,True,,,,,,,,,,,
8476,59332.0,59332.0,59334.70000076294,1,2.700000762939453,2.700000762939453,59360.0,False,1,0,False,fast,0,0,False,False,23,False,True,,,,,,,,,,,
8478,59346.0,59346.0,59348.60000228882,0,2.6000022888183594,2.6000022888183594,59374.0,False,1,0,False,fast,0,0,False,False,21,False,True,,,,,,,,,,,
8481,59367.0,59367.0,59396.57374465485,1,29.57374465485418,29.573744654851907,59395.0,True,1,0,False,accurate,1,1,False,False,18,False,False,,,,,,,,,,,
8482,59374.0,59374.0,59410.11666697264,0,36.11666697263718,36.11666697263718,59402.0,True,2,1,False,accurate,0,0,False,False,17,False,False,,,,,,,,,,,
8493,59451.0,59451.0,59475.56750315249,1,24.567503152489678,24.567503152487916,59479.0,False,1,0,False,accurate,0,0,False,False,6,False,True,,,,,,,,,,,
8494,59458.0,59458.0,59461.033332501254,0,3.033332501252494,3.0333325012543355,59486.0,False,2,1,False,fast,0,0,False,False,5,False,True,,,,,,,,,,,
8495,59465.0,59465.0,59485.32624807358,0,20.32624807357788,20.326248073579336,59493.0,False,2,1,False,accurate,0,0,False,False,4,False,True,,,,,,,,,,,
8502,59514.0,59514.0,59516.745000776995,1,2.7450007769962155,2.745000776994857,59542.0,False,1,0,False,fast,0,0,False,False,97,False,True,,,,,,,,,,,
8504,59528.0,59528.0,59530.70000076294,0,2.700000762939453,2.700000762939453,59556.0,False,1,0,False,fast,0,0,False,False,95,False,True,,,,,,,,,,,
8506,59542.0,59542.0,59544.70000457764,1,2.7000045776367188,2.7000045776367188,59570.0,False,1,0,False,fast,0,0,False,False,93,False,True,,,,,,,,,,,
8507,59549.0,59549.0,59551.70000076294,0,2.700000762939453,2.700000762939453,59577.0,False,1,0,False,fast,0,0,False,False,92,False,True,,,,,,,,,,,
8511,59577.0,59577.0,59579.70000076294,1,2.700000762939453,2.700000762939453,59605.0,False,1,0,False,fast,0,0,False,False,88,False,True,,,,,,,,,,,
8512,59584.0,59584.0,59596.30000305176,0,12.300003051757812,12.300003051757812,59612.0,False,1,0,False,accurate,1,1,False,False,87,False,True,,,,,,,,,,,
8514,59598.0,59598.0,59614.09999847412,1,16.099998474121094,16.099998474121094,59626.0,False,1,0,False,accurate,1,1,False,False,85,False,True,,,,,,,,,,,
8516,59612.0,59612.0,59614.90000152588,0,2.9000015258789062,2.9000015258789062,59640.0,False,2,1,False,fast,0,0,False,False,83,False,True,,,,,,,,,,,
8522,59654.0,59654.0,59656.79999923706,1,2.799999237060547,2.799999237060547,59682.0,False,1,0,False,fast,0,0,False,False,77,False,True,,,,,,,,,,,
8524,59668.0,59668.0,59670.60000228882,0,2.6000022888183594,2.6000022888183594,59696.0,False,1,0,False,fast,0,0,False,False,75,False,True,,,,,,,,,,,
8526,59682.0,59682.0,59684.79999923706,1,2.799999237060547,2.799999237060547,59710.0,False,1,0,False,fast,0,0,False,False,73,False,True,,,,,,,,,,,
8528,59696.0,59696.0,59698.70000076294,0,2.700000762939453,2.700000762939453,59724.0,False,1,0,False,fast,0,0,False,False,71,False,True,,,,,,,,,,,
8529,59703.0,59703.0,59705.70000076294,1,2.700000762939453,2.700000762939453,59731.0,False,1,0,False,fast,0,0,False,False,70,False,True,,,,,,,,,,,
8532,59724.0,59724.0,59735.29999923706,0,11.299999237060547,11.299999237060547,59752.0,False,1,0,False,accurate,1,1,False,False,67,False,True,,,,,,,,,,,
8534,59738.0,59738.0,59740.70000076294,1,2.700000762939453,2.700000762939453,59766.0,False,1,0,False,fast,0,0,False,False,65,False,True,,,,,,,,,,,
8535,59745.0,59745.0,59759.19999694824,0,14.199996948242188,14.199996948242188,59773.0,False,1,0,False,accurate,1,1,False,False,64,False,True,,,,,,,,,,,
8538,59766.0,59766.0,59768.79999923706,1,2.799999237060547,2.799999237060547,59794.0,False,1,0,False,fast,0,0,False,False,61,False,True,,,,,,,,,,,
8547,59829.0,59829.0,59831.70000457764,0,2.7000045776367188,2.7000045776367188,59857.0,False,1,0,False,fast,0,0,False,False,52,False,True,,,,,,,,,,,
8549,59843.0,59843.0,59870.20000076294,1,27.200000762939453,27.200000762939453,59871.0,False,1,0,False,accurate,0,0,False,False,50,False,True,,,,,,,,,,,
8552,59864.0,59864.0,59866.79999923706,0,2.799999237060547,2.799999237060547,59892.0,False,2,1,False,fast,0,0,False,False,47,False,True,,,,,,,,,,,
8555,59885.0,59885.0,59904.4999961853,0,19.499996185302734,19.499996185302734,59913.0,False,1,0,False,accurate,0,0,False,False,44,False,True,,,,,,,,,,,
8556,59892.0,59892.0,59894.80000305176,1,2.8000030517578125,2.8000030517578125,59920.0,False,2,1,False,fast,0,0,False,False,43,False,True,,,,,,,,,,,
8558,59906.0,59906.0,59908.79999923706,1,2.799999237060547,2.799999237060547,59934.0,False,1,0,False,fast,0,0,False,False,41,False,True,,,,,,,,,,,
8566,59962.0,59962.0,59983.39999771118,0,21.39999771118164,21.39999771118164,59990.0,False,1,0,False,accurate,0,0,False,False,33,False,True,,,,,,,,,,,
8569,59983.0,59983.0,59985.70000076294,1,2.700000762939453,2.700000762939453,60011.0,False,2,1,False,fast,0,0,False,False,30,False,True,,,,,,,,,,,
8571,59997.0,59997.0,59999.79999923706,0,2.799999237060547,2.799999237060547,60025.0,False,1,0,False,fast,0,0,False,False,28,False,True,,,,,,,,,,,
8575,60025.0,60025.0,60029.0,1,4.0,4.0,60053.0,False,1,0,False,fast,0,0,False,False,24,False,True,,,,,,,,,,,
8577,60039.0,60039.0,60043.40000152588,0,4.400001525878906,4.400001525878906,60067.0,False,1,0,False,fast,0,0,False,False,22,False,True,,,,,,,,,,,
8579,60053.0,60053.0,60057.09999847412,1,4.099998474121094,4.099998474121094,60081.0,False,1,0,False,fast,0,0,False,False,20,False,True,,,,,,,,,,,
8582,60074.0,60074.0,60098.099994659424,0,24.099994659423828,24.099994659423828,60102.0,False,1,0,False,accurate,1,1,False,False,17,False,True,,,,,,,,,,,
8588,60116.0,60116.0,60128.70000457764,1,12.700004577636719,12.700004577636719,60144.0,False,1,0,False,accurate,1,1,False,False,11,False,True,,,,,,,,,,,
8592,60144.0,60144.0,60146.69999694824,0,2.6999969482421875,2.6999969482421875,60172.0,False,1,0,False,fast,0,0,False,False,7,False,True,,,,,,,,,,,
8594,60158.0,60158.0,60160.69999694824,1,2.6999969482421875,2.6999969482421875,60186.0,False,1,0,False,fast,0,0,False,False,5,False,True,,,,,,,,,,,
8595,60165.0,60165.0,60167.79999923706,0,2.799999237060547,2.799999237060547,60193.0,False,1,0,False,fast,0,0,False,False,4,False,True,,,,,,,,,,,
8596,60172.0,60172.0,60174.69999694824,1,2.6999969482421875,2.6999969482421875,60200.0,False,1,0,False,fast,0,0,False,False,3,False,True,,,,,,,,,,,
8599,60193.0,60193.0,60206.09999847412,0,13.099998474121094,13.099998474121094,60221.0,False,1,0,False,accurate,1,1,False,True,0,True,True,,,,,,,,,,,
8603,60221.0,60221.0,60237.0,1,16.0,16.0,60249.0,False,1,0,False,accurate,1,1,False,False,96,False,True,,,,,,,,,,,
8606,60242.0,60242.0,60244.69999694824,0,2.6999969482421875,2.6999969482421875,60270.0,False,1,0,False,fast,0,0,False,False,93,False,True,,,,,,,,,,,
8607,60249.0,60249.0,60251.69999694824,1,2.6999969482421875,2.6999969482421875,60277.0,False,1,0,False,fast,0,0,False,False,92,False,True,,,,,,,,,,,
8608,60256.0,60256.0,60258.80000305176,0,2.8000030517578125,2.8000030517578125,60284.0,False,1,0,False,fast,0,0,False,False,91,False,True,,,,,,,,,,,
8609,60263.0,60263.0,60274.39999771118,1,11.39999771118164,11.39999771118164,60291.0,False,1,0,False,accurate,1,1,False,False,90,False,True,,,,,,,,,,,
8611,60277.0,60277.0,60289.90000152588,0,12.900001525878906,12.900001525878906,60305.0,False,1,0,False,accurate,1,1,False,False,88,False,True,,,,,,,,,,,
8612,60284.0,60284.0,60286.69999694824,1,2.6999969482421875,2.6999969482421875,60312.0,False,2,1,False,fast,0,0,False,False,87,False,True,,,,,,,,,,,
8614,60298.0,60298.0,60314.09999847412,1,16.099998474121094,16.099998474121094,60326.0,False,1,0,False,accurate,1,1,False,False,85,False,True,,,,,,,,,,,
8617,60319.0,60319.0,60321.70000076294,0,2.700000762939453,2.700000762939453,60347.0,False,1,0,False,fast,0,0,False,False,82,False,True,,,,,,,,,,,
8619,60333.0,60333.0,60335.70000076294,1,2.700000762939453,2.700000762939453,60361.0,False,1,0,False,fast,0,0,False,False,80,False,True,,,,,,,,,,,
8621,60347.0,60347.0,60349.70000076294,0,2.700000762939453,2.700000762939453,60375.0,False,1,0,False,fast,0,0,False,False,78,False,True,,,,,,,,,,,
8623,60361.0,60361.0,60380.5,1,19.5,19.5,60389.0,False,1,0,False,accurate,0,0,False,False,76,False,True,,,,,,,,,,,
8624,60368.0,60368.0,60383.80000305176,0,15.800003051757812,15.800003051757812,60396.0,False,2,1,False,accurate,1,1,False,False,75,False,True,,,,,,,,,,,
8629,60403.0,60403.0,60415.59999847412,1,12.599998474121094,12.599998474121094,60431.0,False,1,0,False,accurate,1,1,False,False,70,False,True,,,,,,,,,,,
8631,60417.0,60417.0,60419.79999923706,0,2.799999237060547,2.799999237060547,60445.0,False,1,0,False,fast,0,0,False,False,68,False,True,,,,,,,,,,,
8632,60424.0,60424.0,60426.60000228882,1,2.6000022888183594,2.6000022888183594,60452.0,False,1,0,False,fast,0,0,False,False,67,False,True,,,,,,,,,,,
8634,60438.0,60438.0,60440.70000076294,0,2.700000762939453,2.700000762939453,60466.0,False,1,0,False,fast,0,0,False,False,65,False,True,,,,,,,,,,,
8640,60480.0,60480.0,60504.819997406004,1,24.819997406005857,24.819997406004404,60508.0,False,1,0,False,accurate,0,0,False,False,59,False,True,,,,,,,,,,,
8643,60501.0,60501.0,60521.15625,0,20.156249999999996,20.15625,60529.0,False,2,1,False,accurate,0,0,False,False,56,False,True,,,,,,,,,,,
8644,60508.0,60508.0,60530.80000221571,1,22.80000221570331,22.800002215706627,60536.0,False,2,1,False,accurate,1,1,False,False,55,False,True,,,,,,,,,,,
8645,60515.0,60521.15625,60544.313335912026,0,23.157085912028972,29.31333591202565,60543.0,True,3,2,False,accurate,0,0,False,False,54,False,False,,,,,,,,,,,
8646,60522.0,60530.80000221571,60550.93000337919,1,20.130001163482664,28.930003379187838,60550.0,True,3,2,False,accurate,1,1,False,False,53,False,False,,,,,,,,,,,
8647,60529.0,60544.313335912026,60568.69542358358,0,24.38208767155802,39.69542358358012,60557.0,True,4,3,False,accurate,0,0,False,False,52,False,False,,,,,,,,,,,
8649,60543.0,60550.93000337919,60573.49875447591,1,22.568751096725464,30.4987544759133,60571.0,True,4,3,False,accurate,0,0,False,False,50,False,False,,,,,,,,,,,
8650,60550.0,60568.69542358358,60597.988760925524,0,29.293337341944333,47.98876092552382,60578.0,True,4,3,False,accurate,0,0,False,False,49,False,False,,,,,,,,,,,
8651,60557.0,60573.49875447591,60590.18666920642,1,16.687914730509103,33.18666920642136,60585.0,True,4,3,False,accurate,1,1,False,False,48,False,False,,,,,,,,,,,
8653,60571.0,60590.18666920642,60593.35250004689,1,3.165830840468402,22.352500046887144,60599.0,False,4,3,False,fast,0,0,False,False,46,False,True,,,,,,,,,,,
8655,60585.0,60593.35250004689,60612.79500197331,1,19.442501926422118,27.79500197331072,60613.0,False,4,3,False,accurate,0,0,False,False,44,False,True,,,,,,,,,,,
8658,60606.0,60606.0,60630.91000089645,0,24.91000089645386,24.910000896452402,60634.0,False,2,1,False,accurate,0,0,False,False,41,False,True,,,,,,,,,,,
8662,60634.0,60634.0,60636.8466658924,1,2.8466658924023305,2.846665892400779,60662.0,False,1,0,False,fast,0,0,False,False,37,False,True,,,,,,,,,,,
8663,60641.0,60641.0,60643.72250076997,0,2.722500769967834,2.722500769967155,60669.0,False,1,0,False,fast,0,0,False,False,36,False,True,,,,,,,,,,,
8672,60704.0,60704.0,60706.70000076294,1,2.700000762939453,2.700000762939453,60732.0,False,1,0,False,fast,0,0,False,False,27,False,True,,,,,,,,,,,
8677,60739.0,60739.0,60741.79999923706,0,2.799999237060547,2.799999237060547,60767.0,False,1,0,False,fast,0,0,False,False,22,False,True,,,,,,,,,,,
8678,60746.0,60746.0,60749.79999923706,1,3.799999237060547,3.799999237060547,60774.0,False,1,0,False,fast,0,0,False,False,21,False,True,,,,,,,,,,,
8679,60753.0,60753.0,60755.90000152588,0,2.9000015258789062,2.9000015258789062,60781.0,False,1,0,False,fast,0,0,False,False,20,False,True,,,,,,,,,,,
8684,60788.0,60788.0,60790.70000076294,1,2.700000762939453,2.700000762939453,60816.0,False,1,0,False,fast,0,0,False,False,15,False,True,,,,,,,,,,,
8686,60802.0,60802.0,60821.40000152588,0,19.400001525878906,19.400001525878906,60830.0,False,1,0,False,accurate,0,0,False,False,13,False,True,,,,,,,,,,,
8687,60809.0,60809.0,60811.79999923706,1,2.799999237060547,2.799999237060547,60837.0,False,2,1,False,fast,0,0,False,False,12,False,True,,,,,,,,,,,
8689,60823.0,60823.0,60825.79999923706,1,2.799999237060547,2.799999237060547,60851.0,False,1,0,False,fast,0,0,False,False,10,False,True,,,,,,,,,,,
8692,60844.0,60844.0,60855.79999923706,0,11.799999237060547,11.799999237060547,60872.0,False,1,0,False,accurate,1,1,False,False,7,False,True,,,,,,,,,,,
8694,60858.0,60858.0,60860.90000152588,1,2.9000015258789062,2.9000015258789062,60886.0,False,1,0,False,fast,0,0,False,False,5,False,True,,,,,,,,,,,
8695,60865.0,60865.0,60867.79999923706,0,2.799999237060547,2.799999237060547,60893.0,False,1,0,False,fast,0,0,False,False,4,False,True,,,,,,,,,,,
8697,60879.0,60879.0,60881.70000076294,1,2.700000762939453,2.700000762939453,60907.0,False,1,0,False,fast,0,0,False,False,2,True,True,,,,,,,,,,,
8698,60886.0,60886.0,60888.79999923706,0,2.799999237060547,2.799999237060547,60914.0,False,1,0,False,fast,0,0,False,False,1,True,True,,,,,,,,,,,
8699,60893.0,60893.0,60907.20000076294,1,14.200000762939453,14.200000762939453,60921.0,False,1,0,False,accurate,1,1,False,True,0,True,True,,,,,,,,,,,
8700,60900.0,60900.0,60902.70000076294,0,2.700000762939453,2.700000762939453,60928.0,False,2,1,False,fast,0,0,False,False,99,False,True,,,,,,,,,,,
8702,60914.0,60914.0,60916.90000152588,0,2.9000015258789062,2.9000015258789062,60942.0,False,1,0,False,fast,0,0,False,False,97,False,True,,,,,,,,,,,
8703,60921.0,60921.0,60953.19999694824,1,32.19999694824219,32.19999694824219,60949.0,True,1,0,False,accurate,1,1,False,False,96,False,False,,,,,,,,,,,
8706,60942.0,60942.0,60955.89999771118,0,13.89999771118164,13.89999771118164,60970.0,False,2,1,False,accurate,1,1,False,False,93,False,True,,,,,,,,,,,
8707,60949.0,60953.19999694824,60956.0,1,2.8000030517578125,7.0,60977.0,False,3,2,False,fast,0,0,False,False,92,False,True,,,,,,,,,,,
8712,60984.0,60984.0,60988.80000305176,0,4.8000030517578125,4.8000030517578125,61012.0,False,1,0,False,fast,0,0,False,False,87,False,True,,,,,,,,,,,
8717,61019.0,61019.0,61032.30000305176,1,13.300003051757812,13.300003051757812,61047.0,False,1,0,False,accurate,1,1,False,False,82,False,True,,,,,,,,,,,
8718,61026.0,61026.0,61030.5,0,4.5,4.5,61054.0,False,2,1,False,fast,0,0,False,False,81,False,True,,,,,,,,,,,
8722,61054.0,61054.0,61072.90000152588,0,18.900001525878906,18.900001525878906,61082.0,False,1,0,False,accurate,1,1,False,False,77,False,True,,,,,,,,,,,
8726,61082.0,61082.0,61103.69999694824,1,21.699996948242188,21.699996948242188,61110.0,False,1,0,False,accurate,1,1,False,False,73,False,True,,,,,,,,,,,
8728,61096.0,61096.0,61114.70000076294,0,18.700000762939453,18.700000762939453,61124.0,False,2,1,False,accurate,1,1,False,False,71,False,True,,,,,,,,,,,
8731,61117.0,61117.0,61119.70000076294,1,2.700000762939453,2.700000762939453,61145.0,False,1,0,False,fast,0,0,False,False,68,False,True,,,,,,,,,,,
8732,61124.0,61124.0,61138.0,0,14.0,14.0,61152.0,False,1,0,False,accurate,1,1,False,False,67,False,True,,,,,,,,,,,
8733,61131.0,61131.0,61133.69999694824,1,2.6999969482421875,2.6999969482421875,61159.0,False,2,1,False,fast,0,0,False,False,66,False,True,,,,,,,,,,,
8736,61152.0,61152.0,61154.80000305176,1,2.8000030517578125,2.8000030517578125,61180.0,False,1,0,False,fast,0,0,False,False,63,False,True,,,,,,,,,,,
8737,61159.0,61159.0,61161.79999923706,0,2.799999237060547,2.799999237060547,61187.0,False,1,0,False,fast,0,0,False,False,62,False,True,,,,,,,,,,,
8738,61166.0,61166.0,61186.20000076294,1,20.200000762939453,20.200000762939453,61194.0,False,1,0,False,accurate,1,1,False,False,61,False,True,,,,,,,,,,,
8742,61194.0,61194.0,61196.90000152588,0,2.9000015258789062,2.9000015258789062,61222.0,False,1,0,False,fast,0,0,False,False,57,False,True,,,,,,,,,,,
8744,61208.0,61208.0,61221.90000152588,1,13.900001525878906,13.900001525878906,61236.0,False,1,0,False,accurate,1,1,False,False,55,False,True,,,,,,,,,,,
8747,61229.0,61229.0,61242.5,0,13.5,13.5,61257.0,False,1,0,False,accurate,1,1,False,False,52,False,True,,,,,,,,,,,
8748,61236.0,61236.0,61238.69999694824,1,2.6999969482421875,2.6999969482421875,61264.0,False,2,1,False,fast,0,0,False,False,51,False,True,,,,,,,,,,,
8750,61250.0,61250.0,61252.79999923706,1,2.799999237060547,2.799999237060547,61278.0,False,1,0,False,fast,0,0,False,False,49,False,True,,,,,,,,,,,
8751,61257.0,61257.0,61259.70000076294,0,2.700000762939453,2.700000762939453,61285.0,False,1,0,False,fast,0,0,False,False,48,False,True,,,,,,,,,,,
8752,61264.0,61264.0,61276.5,1,12.5,12.5,61292.0,False,1,0,False,accurate,1,1,False,False,47,False,True,,,,,,,,,,,
8754,61278.0,61278.0,61280.79999923706,0,2.799999237060547,2.799999237060547,61306.0,False,1,0,False,fast,0,0,False,False,45,False,True,,,,,,,,,,,
8755,61285.0,61285.0,61308.20000076294,1,23.200000762939453,23.200000762939453,61313.0,False,1,0,False,accurate,0,0,False,False,44,False,True,,,,,,,,,,,
8757,61299.0,61299.0,61312.20000457764,0,13.200004577636719,13.200004577636719,61327.0,False,2,1,False,accurate,1,1,False,False,42,False,True,,,,,,,,,,,
8758,61306.0,61308.20000076294,61311.10000228882,1,2.9000015258789062,5.100002288818359,61334.0,False,3,2,False,fast,0,0,False,False,41,False,True,,,,,,,,,,,
8760,61320.0,61320.0,61322.599994659424,1,2.599994659423828,2.599994659423828,61348.0,False,1,0,False,fast,0,0,False,False,39,False,True,,,,,,,,,,,
8762,61334.0,61334.0,61336.69999694824,0,2.6999969482421875,2.6999969482421875,61362.0,False,1,0,False,fast,0,0,False,False,37,False,True,,,,,,,,,,,
8764,61348.0,61348.0,61350.79999923706,1,2.799999237060547,2.799999237060547,61376.0,False,1,0,False,fast,0,0,False,False,35,False,True,,,,,,,,,,,
8768,61376.0,61376.0,61378.70000076294,0,2.700000762939453,2.700000762939453,61404.0,False,1,0,False,fast,0,0,False,False,31,False,True,,,,,,,,,,,
8777,61439.0,61439.0,61489.19999694824,1,50.19999694824219,50.19999694824219,61467.0,True,1,0,False,accurate,0,0,False,False,22,False,False,,,,,,,,,,,
8779,61453.0,61453.0,61466.60000228882,0,13.60000228881836,13.60000228881836,61481.0,False,2,1,False,accurate,1,1,False,False,20,False,True,,,,,,,,,,,
8780,61460.0,61466.60000228882,61470.5000038147,0,3.9000015258789062,10.500003814697266,61488.0,False,3,2,False,fast,0,0,False,False,19,False,True,,,,,,,,,,,
8783,61481.0,61481.0,61483.69999694824,0,2.6999969482421875,2.6999969482421875,61509.0,False,2,1,False,fast,0,0,False,False,16,False,True,,,,,,,,,,,
8784,61488.0,61488.0,61490.70000457764,0,2.7000045776367188,2.7000045776367188,61516.0,False,2,1,False,fast,0,0,False,False,15,False,True,,,,,,,,,,,
8786,61502.0,61502.0,61504.70000457764,1,2.7000045776367188,2.7000045776367188,61530.0,False,1,0,False,fast,0,0,False,False,13,False,True,,,,,,,,,,,
8787,61509.0,61509.0,61522.69999694824,0,13.699996948242188,13.699996948242188,61537.0,False,1,0,False,accurate,1,1,False,False,12,False,True,,,,,,,,,,,
8791,61537.0,61537.0,61539.70000457764,1,2.7000045776367188,2.7000045776367188,61565.0,False,1,0,False,fast,0,0,False,False,8,False,True,,,,,,,,,,,
8793,61551.0,61551.0,61553.89999771118,0,2.8999977111816406,2.8999977111816406,61579.0,False,1,0,False,fast,0,0,False,False,6,False,True,,,,,,,,,,,
8794,61558.0,61558.0,61562.30000305176,1,4.3000030517578125,4.3000030517578125,61586.0,False,1,0,False,fast,0,0,False,False,5,False,True,,,,,,,,,,,
8797,61579.0,61579.0,61581.79999923706,0,2.799999237060547,2.799999237060547,61607.0,False,1,0,False,fast,0,0,False,False,2,True,True,,,,,,,,,,,
8801,61607.0,61607.0,61628.052503649,1,21.05250364899632,21.052503648999846,61635.0,False,1,0,False,accurate,0,0,False,False,98,False,True,,,,,,,,,,,
8803,61621.0,61621.0,61642.60749630928,0,21.607496309280393,21.607496309283306,61649.0,False,2,1,False,accurate,0,0,False,False,96,False,True,,,,,,,,,,,
8806,61642.0,61642.0,61645.10500087738,1,3.105000877380371,3.1050008773818263,61670.0,False,2,1,False,fast,0,0,False,False,93,False,True,,,,,,,,,,,
8807,61649.0,61649.0,61671.437499791384,0,22.437499791383743,22.437499791383743,61677.0,False,1,0,False,accurate,0,0,False,False,92,False,True,,,,,,,,,,,
8809,61663.0,61663.0,61684.70624780655,1,21.706247806549072,21.706247806549072,61691.0,False,2,1,False,accurate,0,0,False,False,90,False,True,,,,,,,,,,,
8811,61677.0,61677.0,61699.20458145281,0,22.20458145280677,22.20458145281009,61705.0,False,2,1,False,accurate,0,0,False,False,88,False,True,,,,,,,,,,,
8814,61698.0,61698.0,61700.81666087588,1,2.8166608758767553,2.8166608758765506,61726.0,False,2,1,False,fast,0,0,False,False,85,False,True,,,,,,,,,,,
8815,61705.0,61705.0,61707.90250492096,0,2.9025049209594727,2.9025049209594727,61733.0,False,1,0,False,fast,0,0,False,False,84,False,True,,,,,,,,,,,
8820,61740.0,61740.0,61742.89333254774,1,2.8933325477441145,2.893332547741011,61768.0,False,1,0,False,fast,0,0,False,False,79,False,True,,,,,,,,,,,
8821,61747.0,61747.0,61749.86999921799,0,2.8699992179870604,2.869999217989971,61775.0,False,1,0,False,fast,0,0,False,False,78,False,True,,,,,,,,,,,
8822,61754.0,61754.0,61769.34583739576,1,15.345837395762409,15.345837395761919,61782.0,False,1,0,False,accurate,1,1,False,False,77,False,True,,,,,,,,,,,
8823,61761.0,61761.0,61763.72250076997,0,2.722500769967834,2.722500769967155,61789.0,False,2,1,False,fast,0,0,False,False,76,False,True,,,,,,,,,,,
8829,61803.0,61803.0,61805.70000457764,0,2.7000045776367188,2.7000045776367188,61831.0,False,1,0,False,fast,0,0,False,False,70,False,True,,,,,,,,,,,
8830,61810.0,61810.0,61831.60000228882,1,21.60000228881836,21.60000228881836,61838.0,False,1,0,False,accurate,0,0,False,False,69,False,True,,,,,,,,,,,
8831,61817.0,61817.0,61838.89999771118,0,21.89999771118164,21.89999771118164,61845.0,False,2,1,False,accurate,1,1,False,False,68,False,True,,,,,,,,,,,
8833,61831.0,61831.60000228882,61834.30000305176,1,2.700000762939453,3.3000030517578125,61859.0,False,3,2,False,fast,0,0,False,False,66,False,True,,,,,,,,,,,
8835,61845.0,61845.0,61847.79999923706,1,2.799999237060547,2.799999237060547,61873.0,False,1,0,False,fast,0,0,False,False,64,False,True,,,,,,,,,,,
8837,61859.0,61859.0,61874.30000305176,0,15.300003051757812,15.300003051757812,61887.0,False,1,0,False,accurate,1,1,False,False,62,False,True,,,,,,,,,,,
8840,61880.0,61880.0,61882.70000076294,1,2.700000762939453,2.700000762939453,61908.0,False,1,0,False,fast,0,0,False,False,59,False,True,,,,,,,,,,,
8842,61894.0,61894.0,61896.70000076294,0,2.700000762939453,2.700000762939453,61922.0,False,1,0,False,fast,0,0,False,False,57,False,True,,,,,,,,,,,
8843,61901.0,61901.0,61903.79999923706,1,2.799999237060547,2.799999237060547,61929.0,False,1,0,False,fast,0,0,False,False,56,False,True,,,,,,,,,,,
8845,61915.0,61915.0,61917.70000076294,0,2.700000762939453,2.700000762939453,61943.0,False,1,0,False,fast,0,0,False,False,54,False,True,,,,,,,,,,,
8846,61922.0,61922.0,61937.09999847412,1,15.099998474121094,15.099998474121094,61950.0,False,1,0,False,accurate,1,1,False,False,53,False,True,,,,,,,,,,,
8847,61929.0,61929.0,61931.69999694824,0,2.6999969482421875,2.6999969482421875,61957.0,False,2,1,False,fast,0,0,False,False,52,False,True,,,,,,,,,,,
8848,61936.0,61936.0,61939.79999923706,0,3.799999237060547,3.799999237060547,61964.0,False,2,1,False,fast,0,0,False,False,51,False,True,,,,,,,,,,,
8849,61943.0,61943.0,61957.5,1,14.5,14.5,61971.0,False,1,0,False,accurate,1,1,False,False,50,False,True,,,,,,,,,,,
8852,61964.0,61964.0,61967.10000228882,0,3.1000022888183594,3.1000022888183594,61992.0,False,1,0,False,fast,0,0,False,False,47,False,True,,,,,,,,,,,
8855,61985.0,61985.0,61992.79999923706,1,7.799999237060547,7.799999237060547,62013.0,False,1,0,False,fast,0,0,False,False,44,False,True,,,,,,,,,,,
8856,61992.0,61992.0,61994.80000305176,0,2.8000030517578125,2.8000030517578125,62020.0,False,2,1,False,fast,0,0,False,False,43,False,True,,,,,,,,,,,
8857,61999.0,61999.0,62001.79999923706,1,2.799999237060547,2.799999237060547,62027.0,False,1,0,False,fast,0,0,False,False,42,False,True,,,,,,,,,,,
8860,62020.0,62020.0,62038.5000038147,0,18.500003814697266,18.500003814697266,62048.0,False,1,0,False,accurate,1,1,False,False,39,False,True,,,,,,,,,,,
8861,62027.0,62027.0,62029.70000076294,1,2.700000762939453,2.700000762939453,62055.0,False,2,1,False,fast,0,0,False,False,38,False,True,,,,,,,,,,,
8863,62041.0,62041.0,62043.599994659424,1,2.599994659423828,2.599994659423828,62069.0,False,1,0,False,fast,0,0,False,False,36,False,True,,,,,,,,,,,
8864,62048.0,62048.0,62050.70000076294,0,2.700000762939453,2.700000762939453,62076.0,False,1,0,False,fast,0,0,False,False,35,False,True,,,,,,,,,,,
8865,62055.0,62055.0,62057.79999923706,1,2.799999237060547,2.799999237060547,62083.0,False,1,0,False,fast,0,0,False,False,34,False,True,,,,,,,,,,,
8869,62083.0,62083.0,62085.70000457764,0,2.7000045776367188,2.7000045776367188,62111.0,False,1,0,False,fast,0,0,False,False,30,False,True,,,,,,,,,,,
8876,62132.0,62132.0,62134.69999694824,1,2.6999969482421875,2.6999969482421875,62160.0,False,1,0,False,fast,0,0,False,False,23,False,True,,,,,,,,,,,
8880,62160.0,62160.0,62162.70000076294,0,2.700000762939453,2.700000762939453,62188.0,False,1,0,False,fast,0,0,False,False,19,False,True,,,,,,,,,,,
8883,62181.0,62181.0,62183.90000152588,1,2.9000015258789062,2.9000015258789062,62209.0,False,1,0,False,fast,0,0,False,False,16,False,True,,,,,,,,,,,
8884,62188.0,62188.0,62190.69999694824,0,2.6999969482421875,2.6999969482421875,62216.0,False,1,0,False,fast,0,0,False,False,15,False,True,,,,,,,,,,,
8886,62202.0,62202.0,62215.19999694824,1,13.199996948242188,13.199996948242188,62230.0,False,1,0,False,accurate,1,1,False,False,13,False,True,,,,,,,,,,,
8887,62209.0,62209.0,62211.79999923706,0,2.799999237060547,2.799999237060547,62237.0,False,2,1,False,fast,0,0,False,False,12,False,True,,,,,,,,,,,
8889,62223.0,62223.0,62247.19999694824,0,24.199996948242188,24.199996948242188,62251.0,False,1,0,False,accurate,0,0,False,False,10,False,True,,,,,,,,,,,
8890,62230.0,62230.0,62232.69999694824,1,2.6999969482421875,2.6999969482421875,62258.0,False,2,1,False,fast,0,0,False,False,9,False,True,,,,,,,,,,,
8891,62237.0,62237.0,62240.90000152588,1,3.9000015258789062,3.9000015258789062,62265.0,False,2,1,False,fast,0,0,False,False,8,False,True,,,,,,,,,,,
8893,62251.0,62251.0,62253.70000076294,1,2.700000762939453,2.700000762939453,62279.0,False,1,0,False,fast,0,0,False,False,6,False,True,,,,,,,,,,,
8894,62258.0,62258.0,62260.69999694824,0,2.6999969482421875,2.6999969482421875,62286.0,False,1,0,False,fast,0,0,False,False,5,False,True,,,,,,,,,,,
8896,62272.0,62272.0,62285.29999923706,1,13.299999237060547,13.299999237060547,62300.0,False,1,0,False,accurate,1,1,False,False,3,False,True,,,,,,,,,,,
8898,62286.0,62286.0,62288.59999847412,0,2.5999984741210938,2.5999984741210938,62314.0,False,1,0,False,fast,0,0,False,False,1,True,True,,,,,,,,,,,
8901,62307.0,62307.0,62309.79999923706,1,2.799999237060547,2.799999237060547,62335.0,False,1,0,False,fast,0,0,False,False,98,False,True,,,,,,,,,,,
8902,62314.0,62314.0,62316.69999694824,0,2.6999969482421875,2.6999969482421875,62342.0,False,1,0,False,fast,0,0,False,False,97,False,True,,,,,,,,,,,
8903,62321.0,62321.0,62323.69999694824,1,2.6999969482421875,2.6999969482421875,62349.0,False,1,0,False,fast,0,0,False,False,96,False,True,,,,,,,,,,,
8904,62328.0,62328.0,62343.70000076294,0,15.700000762939453,15.700000762939453,62356.0,False,1,0,False,accurate,1,1,False,False,95,False,True,,,,,,,,,,,
8905,62335.0,62335.0,62337.70000457764,1,2.7000045776367188,2.7000045776367188,62363.0,False,2,1,False,fast,0,0,False,False,94,False,True,,,,,,,,,,,
8906,62342.0,62342.0,62357.90000152588,1,15.900001525878906,15.900001525878906,62370.0,False,2,1,False,accurate,1,1,False,False,93,False,True,,,,,,,,,,,
8908,62356.0,62356.0,62358.70000076294,0,2.700000762939453,2.700000762939453,62384.0,False,2,1,False,fast,0,0,False,False,91,False,True,,,,,,,,,,,
8912,62384.0,62384.0,62386.59999847412,1,2.5999984741210938,2.5999984741210938,62412.0,False,1,0,False,fast,0,0,False,False,87,False,True,,,,,,,,,,,
8915,62405.0,62405.0,62407.70000076294,0,2.700000762939453,2.700000762939453,62433.0,False,1,0,False,fast,0,0,False,False,84,False,True,,,,,,,,,,,
8916,62412.0,62412.0,62414.89999771118,1,2.8999977111816406,2.8999977111816406,62440.0,False,1,0,False,fast,0,0,False,False,83,False,True,,,,,,,,,,,
8917,62419.0,62419.0,62422.89999771118,0,3.8999977111816406,3.8999977111816406,62447.0,False,1,0,False,fast,0,0,False,False,82,False,True,,,,,,,,,,,
8920,62440.0,62440.0,62444.79999923706,1,4.799999237060547,4.799999237060547,62468.0,False,1,0,False,fast,0,0,False,False,79,False,True,,,,,,,,,,,
8923,62461.0,62461.0,62465.40000152588,0,4.400001525878906,4.400001525878906,62489.0,False,1,0,False,fast,0,0,False,False,76,False,True,,,,,,,,,,,
8925,62475.0,62475.0,62479.79999923706,1,4.799999237060547,4.799999237060547,62503.0,False,1,0,False,fast,0,0,False,False,74,False,True,,,,,,,,,,,
8926,62482.0,62482.0,62486.30000305176,0,4.3000030517578125,4.3000030517578125,62510.0,False,1,0,False,fast,0,0,False,False,73,False,True,,,,,,,,,,,
8931,62517.0,62517.0,62521.20000076294,1,4.200000762939453,4.200000762939453,62545.0,False,1,0,False,fast,0,0,False,False,68,False,True,,,,,,,,,,,
8937,62559.0,62559.0,62561.79999923706,0,2.799999237060547,2.799999237060547,62587.0,False,1,0,False,fast,0,0,False,False,62,False,True,,,,,,,,,,,
8938,62566.0,62566.0,62579.09999847412,1,13.099998474121094,13.099998474121094,62594.0,False,1,0,False,accurate,1,1,False,False,61,False,True,,,,,,,,,,,
8942,62594.0,62594.0,62608.40000152588,0,14.400001525878906,14.400001525878906,62622.0,False,1,0,False,accurate,1,1,False,False,57,False,True,,,,,,,,,,,
8944,62608.0,62608.0,62610.80000305176,1,2.8000030517578125,2.8000030517578125,62636.0,False,2,1,False,fast,0,0,False,False,55,False,True,,,,,,,,,,,
8945,62615.0,62615.0,62617.79999923706,0,2.799999237060547,2.799999237060547,62643.0,False,1,0,False,fast,0,0,False,False,54,False,True,,,,,,,,,,,
8946,62622.0,62622.0,62624.79999923706,1,2.799999237060547,2.799999237060547,62650.0,False,1,0,False,fast,0,0,False,False,53,False,True,,,,,,,,,,,
8948,62636.0,62636.0,62638.69999694824,0,2.6999969482421875,2.6999969482421875,62664.0,False,1,0,False,fast,0,0,False,False,51,False,True,,,,,,,,,,,
8949,62643.0,62643.0,62646.40000152588,1,3.4000015258789062,3.4000015258789062,62671.0,False,1,0,False,fast,0,0,False,False,50,False,True,,,,,,,,,,,
8951,62657.0,62657.0,62670.5,0,13.5,13.5,62685.0,False,1,0,False,accurate,1,1,False,False,48,False,True,,,,,,,,,,,
8952,62664.0,62664.0,62666.79999923706,1,2.799999237060547,2.799999237060547,62692.0,False,2,1,False,fast,0,0,False,False,47,False,True,,,,,,,,,,,
8953,62671.0,62671.0,62673.79999923706,1,2.799999237060547,2.799999237060547,62699.0,False,1,0,False,fast,0,0,False,False,46,False,True,,,,,,,,,,,
8954,62678.0,62678.0,62680.69999694824,0,2.6999969482421875,2.6999969482421875,62706.0,False,1,0,False,fast,0,0,False,False,45,False,True,,,,,,,,,,,
8955,62685.0,62685.0,62687.79999923706,1,2.799999237060547,2.799999237060547,62713.0,False,1,0,False,fast,0,0,False,False,44,False,True,,,,,,,,,,,
8959,62713.0,62713.0,62715.70000076294,0,2.700000762939453,2.700000762939453,62741.0,False,1,0,False,fast,0,0,False,False,40,False,True,,,,,,,,,,,
8962,62734.0,62734.0,62764.53500401616,1,30.535004016160997,30.535004016157473,62762.0,True,1,0,False,accurate,1,1,False,False,37,False,False,,,,,,,,,,,
8967,62769.0,62769.0,62794.72833423535,0,25.728334235350278,25.728334235347575,62797.0,False,1,0,False,accurate,0,0,False,False,32,False,True,,,,,,,,,,,
8970,62790.0,62790.0,62809.5758299166,1,19.575829916596444,19.575829916597286,62818.0,False,2,1,False,accurate,1,1,False,False,29,False,True,,,,,,,,,,,
8971,62797.0,62797.0,62816.446248091655,0,19.446248091657935,19.446248091655434,62825.0,False,2,1,False,accurate,0,0,False,False,28,False,True,,,,,,,,,,,
8972,62804.0,62809.5758299166,62827.53082888663,1,17.95499897003174,23.530828886629024,62832.0,False,3,2,False,accurate,1,1,False,False,27,False,True,,,,,,,,,,,
8973,62811.0,62816.446248091655,62819.3937489299,0,2.947500838239989,8.39374892989872,62839.0,False,3,2,False,fast,0,0,False,False,26,False,True,,,,,,,,,,,
8976,62832.0,62832.0,62853.45999729812,0,21.459997298121436,21.4599972981232,62860.0,False,1,0,False,accurate,0,0,False,False,23,False,True,,,,,,,,,,,
8981,62867.0,62867.0,62869.86999921799,1,2.8699992179870604,2.869999217989971,62895.0,False,1,0,False,fast,0,0,False,False,18,False,True,,,,,,,,,,,
8986,62902.0,62902.0,62904.69999694824,0,2.6999969482421875,2.6999969482421875,62930.0,False,1,0,False,fast,0,0,False,False,13,False,True,,,,,,,,,,,
8988,62916.0,62916.0,62918.79999923706,1,2.799999237060547,2.799999237060547,62944.0,False,1,0,False,fast,0,0,False,False,11,False,True,,,,,,,,,,,
8990,62930.0,62930.0,62948.89999771118,0,18.89999771118164,18.89999771118164,62958.0,False,1,0,False,accurate,1,1,False,False,9,False,True,,,,,,,,,,,
8998,62986.0,62986.0,62988.70000457764,1,2.7000045776367188,2.7000045776367188,63014.0,False,1,0,False,fast,0,0,False,False,1,True,True,,,,,,,,,,,
9001,63007.0,63007.0,63009.79999923706,0,2.799999237060547,2.799999237060547,63035.0,False,1,0,False,fast,0,0,False,False,98,False,True,,,,,,,,,,,
9002,63014.0,63014.0,63030.79999923706,1,16.799999237060547,16.799999237060547,63042.0,False,1,0,False,accurate,1,1,False,False,97,False,True,,,,,,,,,,,
9003,63021.0,63021.0,63034.40000152588,0,13.400001525878906,13.400001525878906,63049.0,False,2,1,False,accurate,1,1,False,False,96,False,True,,,,,,,,,,,
9005,63035.0,63035.0,63037.69999694824,1,2.6999969482421875,2.6999969482421875,63063.0,False,1,0,False,fast,0,0,False,False,94,False,True,,,,,,,,,,,
9013,63091.0,63091.0,63094.30000305176,0,3.3000030517578125,3.3000030517578125,63119.0,False,1,0,False,fast,0,0,False,False,86,False,True,,,,,,,,,,,
9018,63126.0,63126.0,63129.90000152588,1,3.9000015258789062,3.9000015258789062,63154.0,False,1,0,False,fast,0,0,False,False,81,False,True,,,,,,,,,,,
9019,63133.0,63133.0,63135.70000076294,0,2.700000762939453,2.700000762939453,63161.0,False,1,0,False,fast,0,0,False,False,80,False,True,,,,,,,,,,,
9021,63147.0,63147.0,63149.80000305176,1,2.8000030517578125,2.8000030517578125,63175.0,False,1,0,False,fast,0,0,False,False,78,False,True,,,,,,,,,,,
9023,63161.0,63161.0,63163.80000305176,0,2.8000030517578125,2.8000030517578125,63189.0,False,1,0,False,fast,0,0,False,False,76,False,True,,,,,,,,,,,
9024,63168.0,63168.0,63180.70000076294,1,12.700000762939453,12.700000762939453,63196.0,False,1,0,False,accurate,1,1,False,False,75,False,True,,,,,,,,,,,
9026,63182.0,63182.0,63184.89999771118,0,2.8999977111816406,2.8999977111816406,63210.0,False,1,0,False,fast,0,0,False,False,73,False,True,,,,,,,,,,,
9027,63189.0,63189.0,63191.80000305176,1,2.8000030517578125,2.8000030517578125,63217.0,False,1,0,False,fast,0,0,False,False,72,False,True,,,,,,,,,,,
9028,63196.0,63196.0,63198.90000152588,0,2.9000015258789062,2.9000015258789062,63224.0,False,1,0,False,fast,0,0,False,False,71,False,True,,,,,,,,,,,
9030,63210.0,63210.0,63212.79999923706,1,2.799999237060547,2.799999237060547,63238.0,False,1,0,False,fast,0,0,False,False,69,False,True,,,,,,,,,,,
9033,63231.0,63231.0,63233.79999923706,0,2.799999237060547,2.799999237060547,63259.0,False,1,0,False,fast,0,0,False,False,66,False,True,,,,,,,,,,,
9034,63238.0,63238.0,63240.79999923706,1,2.799999237060547,2.799999237060547,63266.0,False,1,0,False,fast,0,0,False,False,65,False,True,,,,,,,,,,,
9039,63273.0,63273.0,63275.90000152588,0,2.9000015258789062,2.9000015258789062,63301.0,False,1,0,False,fast,0,0,False,False,60,False,True,,,,,,,,,,,
9040,63280.0,63280.0,63282.79999923706,1,2.799999237060547,2.799999237060547,63308.0,False,1,0,False,fast,0,0,False,False,59,False,True,,,,,,,,,,,
9041,63287.0,63287.0,63289.79999923706,0,2.799999237060547,2.799999237060547,63315.0,False,1,0,False,fast,0,0,False,False,58,False,True,,,,,,,,,,,
9048,63336.0,63336.0,63338.80000305176,1,2.8000030517578125,2.8000030517578125,63364.0,False,1,0,False,fast,0,0,False,False,51,False,True,,,,,,,,,,,
9050,63350.0,63350.0,63352.79999923706,0,2.799999237060547,2.799999237060547,63378.0,False,1,0,False,fast,0,0,False,False,49,False,True,,,,,,,,,,,
9057,63399.0,63399.0,63401.70000076294,1,2.700000762939453,2.700000762939453,63427.0,False,1,0,False,fast,0,0,False,False,42,False,True,,,,,,,,,,,
9059,63413.0,63413.0,63426.09999847412,0,13.099998474121094,13.099998474121094,63441.0,False,1,0,False,accurate,1,1,False,False,40,False,True,,,,,,,,,,,
9063,63441.0,63441.0,63443.70000457764,1,2.7000045776367188,2.7000045776367188,63469.0,False,1,0,False,fast,0,0,False,False,36,False,True,,,,,,,,,,,
9067,63469.0,63469.0,63493.5,0,24.5,24.5,63497.0,False,1,0,False,accurate,1,1,False,False,32,False,True,,,,,,,,,,,
9069,63483.0,63483.0,63508.5,1,25.5,25.5,63511.0,False,2,1,False,accurate,0,0,False,False,30,False,True,,,,,,,,,,,
9073,63511.0,63511.0,63513.79999923706,0,2.799999237060547,2.799999237060547,63539.0,False,1,0,False,fast,0,0,False,False,26,False,True,,,,,,,,,,,
9074,63518.0,63518.0,63520.70000076294,1,2.700000762939453,2.700000762939453,63546.0,False,1,0,False,fast,0,0,False,False,25,False,True,,,,,,,,,,,
9077,63539.0,63539.0,63556.70000076294,0,17.700000762939453,17.700000762939453,63567.0,False,1,0,False,accurate,1,1,False,False,22,False,True,,,,,,,,,,,
9078,63546.0,63546.0,63548.70000457764,1,2.7000045776367188,2.7000045776367188,63574.0,False,2,1,False,fast,0,0,False,False,21,False,True,,,,,,,,,,,
9087,63609.0,63609.0,63611.79999923706,1,2.799999237060547,2.799999237060547,63637.0,False,1,0,False,fast,0,0,False,False,12,False,True,,,,,,,,,,,
9088,63616.0,63616.0,63630.0000038147,0,14.000003814697266,14.000003814697266,63644.0,False,1,0,False,accurate,1,1,False,False,11,False,True,,,,,,,,,,,
9092,63644.0,63644.0,63646.69999694824,1,2.6999969482421875,2.6999969482421875,63672.0,False,1,0,False,fast,0,0,False,False,7,False,True,,,,,,,,,,,
9093,63651.0,63651.0,63670.89999771118,0,19.89999771118164,19.89999771118164,63679.0,False,1,0,False,accurate,0,0,False,False,6,False,True,,,,,,,,,,,
9094,63658.0,63658.0,63670.80000305176,1,12.800003051757812,12.800003051757812,63686.0,False,2,1,False,accurate,1,1,False,False,5,False,True,,,,,,,,,,,
9095,63665.0,63670.80000305176,63689.400005340576,1,18.60000228881836,24.400005340576172,63693.0,False,3,2,False,accurate,1,1,False,False,4,False,True,,,,,,,,,,,
9096,63672.0,63672.0,63674.79999923706,0,2.799999237060547,2.799999237060547,63700.0,False,2,1,False,fast,0,0,False,False,3,False,True,,,,,,,,,,,
9098,63686.0,63686.0,63709.5,0,23.5,23.5,63714.0,False,2,1,False,accurate,0,0,False,False,1,True,True,,,,,,,,,,,
9099,63693.0,63693.0,63722.9999961853,1,29.999996185302734,29.999996185302734,63721.0,True,2,1,False,accurate,1,1,False,True,0,True,False,,,,,,,,,,,
9103,63721.0,63721.0,63742.20000457764,0,21.20000457763672,21.20000457763672,63749.0,False,2,1,False,accurate,0,0,False,False,96,False,True,,,,,,,,,,,
9104,63728.0,63728.0,63750.20000076294,1,22.200000762939453,22.200000762939453,63756.0,False,2,1,False,accurate,0,0,False,False,95,False,True,,,,,,,,,,,
9106,63742.0,63742.20000457764,63767.70000076294,0,25.499996185302734,25.700000762939453,63770.0,False,3,2,False,accurate,1,1,False,False,93,False,True,,,,,,,,,,,
9108,63756.0,63756.0,63782.59999847412,1,26.599998474121094,26.599998474121094,63784.0,False,2,1,False,accurate,0,0,False,False,91,False,True,,,,,,,,,,,
9111,63777.0,63777.0,63779.70000457764,0,2.7000045776367188,2.7000045776367188,63805.0,False,2,1,False,fast,0,0,False,False,88,False,True,,,,,,,,,,,
9112,63784.0,63784.0,63822.90000152588,0,38.900001525878906,38.900001525878906,63812.0,True,1,0,False,accurate,0,0,False,False,87,False,False,,,,,,,,,,,
9113,63791.0,63791.0,63812.70000076294,1,21.700000762939453,21.700000762939453,63819.0,False,2,1,False,accurate,0,0,False,False,86,False,True,,,,,,,,,,,
9114,63798.0,63812.70000076294,63830.70000076294,1,18.0,32.70000076293945,63826.0,True,3,2,False,accurate,1,1,False,False,85,False,False,,,,,,,,,,,
9116,63812.0,63822.90000152588,63825.70000457764,0,2.8000030517578125,13.700004577636719,63840.0,False,4,3,False,fast,0,0,False,False,83,False,True,,,,,,,,,,,
9121,63847.0,63847.0,63910.15749182582,0,63.15749182581908,63.15749182581931,63875.0,True,1,0,False,accurate,0,0,False,False,78,False,False,,,,,,,,,,,
9123,63861.0,63861.0,63891.15374507904,1,30.153745079040522,30.153745079041983,63889.0,True,2,1,False,accurate,1,1,False,False,76,False,False,,,,,,,,,,,
9126,63882.0,63891.15374507904,63919.67124624253,1,28.517501163482663,37.67124624252756,63910.0,True,3,2,False,accurate,0,0,False,False,73,False,False,,,,,,,,,,,
9131,63917.0,63917.0,63949.96208577017,0,32.962085770169914,32.962085770166595,63945.0,True,2,1,False,accurate,1,1,False,False,68,False,False,,,,,,,,,,,
9134,63938.0,63938.0,63964.608331219155,1,26.608331219156593,26.608331219154934,63966.0,False,2,1,False,accurate,0,0,False,False,65,False,True,,,,,,,,,,,
9142,63994.0,63994.0,64018.44749438805,0,24.447494388048835,24.447494388048653,64022.0,False,1,0,False,accurate,0,0,False,False,57,False,True,,,,,,,,,,,
9145,64015.0,64015.0,64018.90000152588,1,3.9000015258789062,3.9000015258789062,64043.0,False,2,1,False,fast,0,0,False,False,54,False,True,,,,,,,,,,,
9146,64022.0,64022.0,64041.70000076294,0,19.700000762939453,19.700000762939453,64050.0,False,1,0,False,accurate,0,0,False,False,53,False,True,,,,,,,,,,,
9147,64029.0,64029.0,64052.69999694824,1,23.699996948242188,23.699996948242188,64057.0,False,2,1,False,accurate,1,1,False,False,52,False,True,,,,,,,,,,,
9148,64036.0,64041.70000076294,64062.80000305176,0,21.10000228881836,26.800003051757812,64064.0,False,3,2,False,accurate,0,0,False,False,51,False,True,,,,,,,,,,,
9150,64050.0,64052.69999694824,64077.599994659424,1,24.89999771118164,27.599994659423828,64078.0,False,3,2,False,accurate,0,0,False,False,49,False,True,,,,,,,,,,,
9152,64064.0,64064.0,64085.79999923706,0,21.799999237060547,21.799999237060547,64092.0,False,2,1,False,accurate,1,1,False,False,47,False,True,,,,,,,,,,,
9154,64078.0,64078.0,64103.19999694824,1,25.199996948242188,25.199996948242188,64106.0,False,2,1,False,accurate,1,1,False,False,45,False,True,,,,,,,,,,,
9155,64085.0,64085.79999923706,64107.70000076294,0,21.900001525878906,22.700000762939453,64113.0,False,3,2,False,accurate,0,0,False,False,44,False,True,,,,,,,,,,,
9156,64092.0,64103.19999694824,64105.89999771118,1,2.700000762939453,13.89999771118164,64120.0,False,3,2,False,fast,0,0,False,False,43,False,True,,,,,,,,,,,
9164,64148.0,64148.0,64174.09999847412,1,26.099998474121094,26.099998474121094,64176.0,False,1,0,False,accurate,0,0,False,False,35,False,True,,,,,,,,,,,
9166,64162.0,64162.0,64186.10000228882,0,24.10000228881836,24.10000228881836,64190.0,False,2,1,False,accurate,0,0,False,False,33,False,True,,,,,,,,,,,
9173,64211.0,64211.0,64223.90000152588,1,12.900001525878906,12.900001525878906,64239.0,False,1,0,False,accurate,1,1,False,False,26,False,True,,,,,,,,,,,
9177,64239.0,64239.0,64264.4999961853,0,25.499996185302734,25.499996185302734,64267.0,False,1,0,False,accurate,1,1,False,False,22,False,True,,,,,,,,,,,
9180,64260.0,64260.0,64287.30000305176,1,27.300003051757812,27.300003051757812,64288.0,False,2,1,False,accurate,0,0,False,False,19,False,True,,,,,,,,,,,
9181,64267.0,64267.0,64293.29999923706,0,26.299999237060547,26.299999237060547,64295.0,False,2,1,False,accurate,0,0,False,False,18,False,True,,,,,,,,,,,
9182,64274.0,64287.30000305176,64307.5000038147,1,20.200000762939453,33.500003814697266,64302.0,True,3,2,False,accurate,0,0,False,False,17,False,False,,,,,,,,,,,
9185,64295.0,64295.0,64314.80000305176,0,19.800003051757812,19.800003051757812,64323.0,False,2,1,False,accurate,1,1,False,False,14,False,True,,,,,,,,,,,
9187,64309.0,64309.0,64332.59999847412,1,23.599998474121094,23.599998474121094,64337.0,False,2,1,False,accurate,0,0,False,False,12,False,True,,,,,,,,,,,
9189,64323.0,64323.0,64346.29999923706,0,23.299999237060547,23.299999237060547,64351.0,False,2,1,False,accurate,1,1,False,False,10,False,True,,,,,,,,,,,
9192,64344.0,64344.0,64379.89999771118,1,35.89999771118164,35.89999771118164,64372.0,True,2,1,False,accurate,0,0,False,False,7,False,False,,,,,,,,,,,
9199,64393.0,64393.0,64414.0,0,21.0,21.0,64421.0,False,1,0,False,accurate,0,0,False,True,0,True,True,,,,,,,,,,,
9205,64435.0,64435.0,64456.90000152588,1,21.900001525878906,21.900001525878906,64463.0,False,1,0,False,accurate,1,1,False,False,94,False,True,,,,,,,,,,,
9206,64442.0,64442.0,64463.59999847412,0,21.599998474121094,21.599998474121094,64470.0,False,2,1,False,accurate,0,0,False,False,93,False,True,,,,,,,,,,,
9208,64456.0,64456.90000152588,64478.80000305176,1,21.900001525878906,22.800003051757812,64484.0,False,3,2,False,accurate,0,0,False,False,91,False,True,,,,,,,,,,,
9212,64484.0,64484.0,64512.0000038147,0,28.000003814697266,28.000003814697266,64512.0,True,1,0,False,accurate,1,1,False,False,87,False,False,,,,,,,,,,,
9214,64498.0,64498.0,64517.80000305176,1,19.800003051757812,19.800003051757812,64526.0,False,2,1,False,accurate,0,0,False,False,85,False,True,,,,,,,,,,,
9218,64526.0,64526.0,64554.80000305176,0,28.800003051757812,28.800003051757812,64554.0,True,1,0,False,accurate,0,0,False,False,81,False,False,,,,,,,,,,,
9220,64540.0,64540.0,64542.79999923706,1,2.799999237060547,2.799999237060547,64568.0,False,2,1,False,fast,0,0,False,False,79,False,True,,,,,,,,,,,
9221,64547.0,64547.0,64549.79999923706,1,2.799999237060547,2.799999237060547,64575.0,False,2,1,False,fast,0,0,False,False,78,False,True,,,,,,,,,,,
9223,64561.0,64561.0,64588.59999847412,1,27.599998474121094,27.599998474121094,64589.0,False,1,0,False,accurate,1,1,False,False,76,False,True,,,,,,,,,,,
9227,64589.0,64589.0,64612.79999923706,0,23.799999237060547,23.799999237060547,64617.0,False,1,0,False,accurate,1,1,False,False,72,False,True,,,,,,,,,,,
9228,64596.0,64596.0,64598.70000457764,1,2.7000045776367188,2.7000045776367188,64624.0,False,2,1,False,fast,0,0,False,False,71,False,True,,,,,,,,,,,
9229,64603.0,64603.0,64622.5,1,19.5,19.5,64631.0,False,2,1,False,accurate,0,0,False,False,70,False,True,,,,,,,,,,,
9230,64610.0,64612.79999923706,64615.70000076294,0,2.9000015258789062,5.700000762939453,64638.0,False,3,2,False,fast,0,0,False,False,69,False,True,,,,,,,,,,,
9231,64617.0,64617.0,64620.80000305176,0,3.8000030517578125,3.8000030517578125,64645.0,False,2,1,False,fast,0,0,False,False,68,False,True,,,,,,,,,,,
9232,64624.0,64624.0,64648.90000152588,0,24.900001525878906,24.900001525878906,64652.0,False,1,0,False,accurate,0,0,False,False,67,False,True,,,,,,,,,,,
9236,64652.0,64652.0,64674.20000076294,1,22.200000762939453,22.200000762939453,64680.0,False,1,0,False,accurate,0,0,False,False,63,False,True,,,,,,,,,,,
9241,64687.0,64687.0,64689.70000076294,0,2.700000762939453,2.700000762939453,64715.0,False,1,0,False,fast,0,0,False,False,58,False,True,,,,,,,,,,,
9242,64694.0,64694.0,64762.80000305176,1,68.80000305175781,68.80000305175781,64722.0,True,1,0,False,accurate,0,0,False,False,57,False,False,,,,,,,,,,,
9243,64701.0,64701.0,64724.10000228882,0,23.10000228881836,23.10000228881836,64729.0,False,2,1,False,accurate,0,0,False,False,56,False,True,,,,,,,,,,,
9244,64708.0,64724.10000228882,64747.5000038147,0,23.400001525878906,39.500003814697266,64736.0,True,3,2,False,accurate,1,1,False,False,55,False,False,,,,,,,,,,,
9249,64743.0,64747.5000038147,64769.30000305176,0,21.799999237060547,26.300003051757812,64771.0,False,3,2,False,accurate,1,1,False,False,50,False,True,,,,,,,,,,,
9250,64750.0,64762.80000305176,64765.60000228882,1,2.799999237060547,15.60000228881836,64778.0,False,3,2,False,fast,0,0,False,False,49,False,True,,,,,,,,,,,
9252,64764.0,64765.60000228882,64785.900005340576,1,20.300003051757812,21.900005340576172,64792.0,False,3,2,False,accurate,0,0,False,False,47,False,True,,,,,,,,,,,
9253,64771.0,64771.0,64797.79999923706,0,26.799999237060547,26.799999237060547,64799.0,False,2,1,False,accurate,1,1,False,False,46,False,True,,,,,,,,,,,
9255,64785.0,64785.900005340576,64799.000007629395,1,13.10000228881836,14.000007629394531,64813.0,False,3,2,False,accurate,1,1,False,False,44,False,True,,,,,,,,,,,
9256,64792.0,64797.79999923706,64800.59999847412,0,2.799999237060547,8.599998474121094,64820.0,False,3,2,False,fast,0,0,False,False,43,False,True,,,,,,,,,,,
9262,64834.0,64834.0,64862.0,1,28.0,28.0,64862.0,False,1,0,False,accurate,1,1,False,False,37,False,True,,,,,,,,,,,
9263,64841.0,64841.0,64843.79999923706,0,2.799999237060547,2.799999237060547,64869.0,False,2,1,False,fast,0,0,False,False,36,False,True,,,,,,,,,,,
9266,64862.0,64862.0,64864.69999694824,0,2.6999969482421875,2.6999969482421875,64890.0,False,1,0,False,fast,0,0,False,False,33,False,True,,,,,,,,,,,
9267,64869.0,64869.0,64871.70000076294,1,2.700000762939453,2.700000762939453,64897.0,False,1,0,False,fast,0,0,False,False,32,False,True,,,,,,,,,,,
9268,64876.0,64876.0,64878.70000076294,0,2.700000762939453,2.700000762939453,64904.0,False,1,0,False,fast,0,0,False,False,31,False,True,,,,,,,,,,,
9269,64883.0,64883.0,64900.40000152588,1,17.400001525878906,17.400001525878906,64911.0,False,1,0,False,accurate,1,1,False,False,30,False,True,,,,,,,,,,,
9275,64925.0,64925.0,64927.70000076294,0,2.700000762939453,2.700000762939453,64953.0,False,1,0,False,fast,0,0,False,False,24,False,True,,,,,,,,,,,
9276,64932.0,64932.0,64934.90000152588,1,2.9000015258789062,2.9000015258789062,64960.0,False,1,0,False,fast,0,0,False,False,23,False,True,,,,,,,,,,,
9278,64946.0,64946.0,64948.80000305176,0,2.8000030517578125,2.8000030517578125,64974.0,False,1,0,False,fast,0,0,False,False,21,False,True,,,,,,,,,,,
9281,64967.0,64967.0,64970.21750089844,1,3.217500898440676,3.217500898441358,64995.0,False,1,0,False,fast,0,0,False,False,18,False,True,,,,,,,,,,,
9282,64974.0,64974.0,64994.68499767025,0,20.684997670253097,20.684997670250596,65002.0,False,1,0,False,accurate,1,1,False,False,17,False,True,,,,,,,,,,,
9285,64995.0,64995.0,65016.60291923145,1,21.602919231454553,21.602919231452688,65023.0,False,1,0,False,accurate,0,0,False,False,14,False,True,,,,,,,,,,,
9287,65009.0,65009.0,65028.89458200713,0,19.894582007129998,19.89458200713125,65037.0,False,2,1,False,accurate,1,1,False,False,12,False,True,,,,,,,,,,,
9290,65030.0,65030.0,65033.12666580359,1,3.1266658035914134,3.126665803589276,65058.0,False,1,0,False,fast,0,0,False,False,9,False,True,,,,,,,,,,,
9292,65044.0,65044.0,65047.079999160764,0,3.0799991607666017,3.079999160763691,65072.0,False,1,0,False,fast,0,0,False,False,7,False,True,,,,,,,,,,,
9293,65051.0,65051.0,65053.94749667386,1,2.9474966738621333,2.9474966738634976,65079.0,False,1,0,False,fast,0,0,False,False,6,False,True,,,,,,,,,,,
9296,65072.0,65072.0,65074.986669927435,0,2.9866699274381063,2.986669927435287,65100.0,False,1,0,False,fast,0,0,False,False,3,False,True,,,,,,,,,,,
9302,65114.0,65114.0,65116.745000776995,1,2.7450007769962155,2.745000776994857,65142.0,False,1,0,False,fast,0,0,False,False,97,False,True,,,,,,,,,,,
9305,65135.0,65135.0,65137.70000076294,0,2.700000762939453,2.700000762939453,65163.0,False,1,0,False,fast,0,0,False,False,94,False,True,,,,,,,,,,,
9309,65163.0,65163.0,65165.70000076294,1,2.700000762939453,2.700000762939453,65191.0,False,1,0,False,fast,0,0,False,False,90,False,True,,,,,,,,,,,
9313,65191.0,65191.0,65193.70000076294,0,2.700000762939453,2.700000762939453,65219.0,False,1,0,False,fast,0,0,False,False,86,False,True,,,,,,,,,,,
9319,65233.0,65233.0,65244.59999847412,1,11.599998474121094,11.599998474121094,65261.0,False,1,0,False,accurate,1,1,False,False,80,False,True,,,,,,,,,,,
9320,65240.0,65240.0,65242.79999923706,0,2.799999237060547,2.799999237060547,65268.0,False,2,1,False,fast,0,0,False,False,79,False,True,,,,,,,,,,,
9322,65254.0,65254.0,65256.70000076294,0,2.700000762939453,2.700000762939453,65282.0,False,1,0,False,fast,0,0,False,False,77,False,True,,,,,,,,,,,
9323,65261.0,65261.0,65263.79999923706,1,2.799999237060547,2.799999237060547,65289.0,False,1,0,False,fast,0,0,False,False,76,False,True,,,,,,,,,,,
9329,65303.0,65303.0,65305.80000305176,0,2.8000030517578125,2.8000030517578125,65331.0,False,1,0,False,fast,0,0,False,False,70,False,True,,,,,,,,,,,
9338,65366.0,65366.0,65368.79999923706,1,2.799999237060547,2.799999237060547,65394.0,False,1,0,False,fast,0,0,False,False,61,False,True,,,,,,,,,,,
9341,65387.0,65387.0,65389.70000457764,0,2.7000045776367188,2.7000045776367188,65415.0,False,1,0,False,fast,0,0,False,False,58,False,True,,,,,,,,,,,
9345,65415.0,65415.0,65417.79999923706,1,2.799999237060547,2.799999237060547,65443.0,False,1,0,False,fast,0,0,False,False,54,False,True,,,,,,,,,,,
9347,65429.0,65429.0,65431.79999923706,0,2.799999237060547,2.799999237060547,65457.0,False,1,0,False,fast,0,0,False,False,52,False,True,,,,,,,,,,,
9348,65436.0,65436.0,65449.19999694824,1,13.199996948242188,13.199996948242188,65464.0,False,1,0,False,accurate,1,1,False,False,51,False,True,,,,,,,,,,,
9350,65450.0,65450.0,65452.79999923706,0,2.799999237060547,2.799999237060547,65478.0,False,1,0,False,fast,0,0,False,False,49,False,True,,,,,,,,,,,
9351,65457.0,65457.0,65578.69999694824,1,121.69999694824219,121.69999694824219,65485.0,True,1,0,False,accurate,0,0,False,False,48,False,False,,,,,,,,,,,
9352,65464.0,65464.0,65494.5,0,30.5,30.5,65492.0,True,2,1,False,accurate,0,0,False,False,47,False,False,,,,,,,,,,,
9355,65485.0,65494.5,65497.20000457764,0,2.7000045776367188,12.200004577636719,65513.0,False,3,2,False,fast,0,0,False,False,44,False,True,,,,,,,,,,,
9357,65499.0,65499.0,65529.90000152588,0,30.900001525878906,30.900001525878906,65527.0,True,2,1,False,accurate,1,1,False,False,42,False,False,,,,,,,,,,,
9360,65520.0,65529.90000152588,65554.60000228882,0,24.700000762939453,34.60000228881836,65548.0,True,3,2,False,accurate,0,0,False,False,39,False,False,,,,,,,,,,,
9365,65555.0,65555.0,65576.90000152588,0,21.900001525878906,21.900001525878906,65583.0,False,2,1,False,accurate,0,0,False,False,34,False,True,,,,,,,,,,,
9366,65562.0,65576.90000152588,65596.5000038147,0,19.60000228881836,34.500003814697266,65590.0,True,3,2,False,accurate,0,0,False,False,33,False,False,,,,,,,,,,,
9367,65569.0,65578.69999694824,65601.0,1,22.300003051757812,32.0,65597.0,True,4,3,False,accurate,1,1,False,False,32,False,False,,,,,,,,,,,
9376,65632.0,65632.0,65666.89999771118,0,34.89999771118164,34.89999771118164,65660.0,True,1,0,False,accurate,0,0,False,False,23,False,False,,,,,,,,,,,
9378,65646.0,65646.0,65661.40000152588,1,15.400001525878906,15.400001525878906,65674.0,False,2,1,False,accurate,1,1,False,False,21,False,True,,,,,,,,,,,
9380,65660.0,65661.40000152588,65664.20000076294,1,2.799999237060547,4.200000762939453,65688.0,False,3,2,False,fast,0,0,False,False,19,False,True,,,,,,,,,,,
9383,65681.0,65681.0,65683.79999923706,1,2.799999237060547,2.799999237060547,65709.0,False,1,0,False,fast,0,0,False,False,16,False,True,,,,,,,,,,,
9385,65695.0,65695.0,65719.09999465942,0,24.099994659423828,24.099994659423828,65723.0,False,1,0,False,accurate,1,1,False,False,14,False,True,,,,,,,,,,,
9387,65709.0,65709.0,65730.20000076294,1,21.200000762939453,21.200000762939453,65737.0,False,2,1,False,accurate,0,0,False,False,12,False,True,,,,,,,,,,,
9390,65730.0,65730.0,65732.70000076294,0,2.700000762939453,2.700000762939453,65758.0,False,2,1,False,fast,0,0,False,False,9,False,True,,,,,,,,,,,
9391,65737.0,65737.0,65758.20000457764,1,21.20000457763672,21.20000457763672,65765.0,False,1,0,False,accurate,1,1,False,False,8,False,True,,,,,,,,,,,
9394,65758.0,65758.0,65760.70000076294,0,2.700000762939453,2.700000762939453,65786.0,False,2,1,False,fast,0,0,False,False,5,False,True,,,,,,,,,,,
9398,65786.0,65786.0,65916.29999923706,1,130.29999923706055,130.29999923706055,65814.0,True,1,0,False,fast,0,0,False,False,1,True,False,,,,,,,,,,,
9400,65800.0,65800.0,65806.10000228882,0,6.100002288818359,6.100002288818359,65828.0,False,2,1,False,fast,0,0,False,False,99,False,True,,,,,,,,,,,
9401,65807.0,65807.0,65820.40000152588,0,13.400001525878906,13.400001525878906,65835.0,False,2,1,False,accurate,1,1,False,False,98,False,True,,,,,,,,,,,
9402,65814.0,65820.40000152588,65823.30000305176,0,2.9000015258789062,9.300003051757812,65842.0,False,3,2,False,fast,0,0,False,False,97,False,True,,,,,,,,,,,
9403,65821.0,65823.30000305176,65826.0000038147,0,2.700000762939453,5.000003814697266,65849.0,False,3,2,False,fast,0,0,False,False,96,False,True,,,,,,,,,,,
9404,65828.0,65828.0,65830.60000228882,0,2.6000022888183594,2.6000022888183594,65856.0,False,2,1,False,fast,0,0,False,False,95,False,True,,,,,,,,,,,
9407,65849.0,65849.0,65851.70000076294,0,2.700000762939453,2.700000762939453,65877.0,False,2,1,False,fast,0,0,False,False,92,False,True,,,,,,,,,,,
9408,65856.0,65856.0,65858.79999923706,0,2.799999237060547,2.799999237060547,65884.0,False,2,1,False,fast,0,0,False,False,91,False,True,,,,,,,,,,,
9409,65863.0,65863.0,65877.79999923706,0,14.799999237060547,14.799999237060547,65891.0,False,2,1,False,accurate,1,1,False,False,90,False,True,,,,,,,,,,,
9410,65870.0,65877.79999923706,65880.5,0,2.700000762939453,10.5,65898.0,False,3,2,False,fast,0,0,False,False,89,False,True,,,,,,,,,,,
9418,65926.0,65926.0,65928.79999923706,0,2.799999237060547,2.799999237060547,65954.0,False,1,0,False,fast,0,0,False,False,81,False,True,,,,,,,,,,,
9420,65940.0,65940.0,65958.60000228882,1,18.60000228881836,18.60000228881836,65968.0,False,1,0,False,accurate,1,1,False,False,79,False,True,,,,,,,,,,,
9422,65954.0,65954.0,65956.70000457764,0,2.7000045776367188,2.7000045776367188,65982.0,False,2,1,False,fast,0,0,False,False,77,False,True,,,,,,,,,,,
9423,65961.0,65961.0,65977.0,0,16.0,16.0,65989.0,False,1,0,False,accurate,1,1,False,False,76,False,True,,,,,,,,,,,
9424,65968.0,65968.0,65970.70000457764,1,2.7000045776367188,2.7000045776367188,65996.0,False,2,1,False,fast,0,0,False,False,75,False,True,,,,,,,,,,,
9427,65989.0,65989.0,65991.69999694824,1,2.6999969482421875,2.6999969482421875,66017.0,False,1,0,False,fast,0,0,False,False,72,False,True,,,,,,,,,,,
9429,66003.0,66003.0,66005.69999694824,0,2.6999969482421875,2.6999969482421875,66031.0,False,1,0,False,fast,0,0,False,False,70,False,True,,,,,,,,,,,
9432,66024.0,66024.0,66026.90000152588,1,2.9000015258789062,2.9000015258789062,66052.0,False,1,0,False,fast,0,0,False,False,67,False,True,,,,,,,,,,,
9433,66031.0,66031.0,66033.79999923706,0,2.799999237060547,2.799999237060547,66059.0,False,1,0,False,fast,0,0,False,False,66,False,True,,,,,,,,,,,
9437,66059.0,66059.0,66061.70000076294,1,2.700000762939453,2.700000762939453,66087.0,False,1,0,False,fast,0,0,False,False,62,False,True,,,,,,,,,,,
9439,66073.0,66073.0,66089.09999847412,0,16.099998474121094,16.099998474121094,66101.0,False,1,0,False,accurate,1,1,False,False,60,False,True,,,,,,,,,,,
9440,66080.0,66080.0,66112.12999610901,1,32.129996109008786,32.1299961090117,66108.0,True,2,1,False,accurate,0,0,False,False,59,False,False,,,,,,,,,,,
9441,66087.0,66089.09999847412,66126.86083531738,0,37.76083684325215,39.86083531737677,66115.0,True,3,2,False,accurate,1,1,False,False,58,False,False,,,,,,,,,,,
9442,66094.0,66112.12999610901,66132.48666545312,1,20.35666934410733,38.48666545312153,66122.0,True,3,2,False,accurate,0,0,False,False,57,False,False,,,,,,,,,,,
9445,66115.0,66126.86083531738,66149.08541766385,0,22.22458234647909,34.08541766385315,66143.0,True,3,2,False,accurate,0,0,False,False,54,False,False,,,,,,,,,,,
9446,66122.0,66132.48666545312,66151.8541666166,1,19.367501163482665,29.854166616598377,66150.0,True,4,3,False,accurate,0,0,False,False,53,False,False,,,,,,,,,,,
9452,66164.0,66164.0,66190.59500102997,0,26.595001029968262,26.595001029971172,66192.0,False,1,0,False,accurate,0,0,False,False,47,False,True,,,,,,,,,,,
9454,66178.0,66178.0,66192.98333620906,1,14.983336209058747,14.983336209057597,66206.0,False,2,1,False,accurate,1,1,False,False,45,False,True,,,,,,,,,,,
9458,66206.0,66206.0,66208.93999919892,0,2.9399991989135743,2.939999198919395,66234.0,False,1,0,False,fast,0,0,False,False,41,False,True,,,,,,,,,,,
9459,66213.0,66213.0,66215.91666586915,1,2.91666586915652,2.916665869153803,66241.0,False,1,0,False,fast,0,0,False,False,40,False,True,,,,,,,,,,,
9460,66220.0,66220.0,66222.79000079105,0,2.7900007910529783,2.790000791050261,66248.0,False,1,0,False,fast,0,0,False,False,39,False,True,,,,,,,,,,,
9461,66227.0,66227.0,66241.68125414848,1,14.681254148483275,14.681254148483276,66255.0,False,1,0,False,accurate,1,1,False,False,38,False,True,,,,,,,,,,,
9464,66248.0,66248.0,66261.09999847412,0,13.099998474121094,13.099998474121094,66276.0,False,1,0,False,accurate,1,1,False,False,35,False,True,,,,,,,,,,,
9465,66255.0,66255.0,66275.09999847412,1,20.099998474121094,20.099998474121094,66283.0,False,2,1,False,accurate,1,1,False,False,34,False,True,,,,,,,,,,,
9466,66262.0,66262.0,66264.70000076294,0,2.700000762939453,2.700000762939453,66290.0,False,2,1,False,fast,0,0,False,False,33,False,True,,,,,,,,,,,
9468,66276.0,66276.0,66278.69999694824,0,2.6999969482421875,2.6999969482421875,66304.0,False,1,0,False,fast,0,0,False,False,31,False,True,,,,,,,,,,,
9476,66332.0,66332.0,66334.69999694824,1,2.6999969482421875,2.6999969482421875,66360.0,False,1,0,False,fast,0,0,False,False,23,False,True,,,,,,,,,,,
9478,66346.0,66346.0,66348.69999694824,0,2.6999969482421875,2.6999969482421875,66374.0,False,1,0,False,fast,0,0,False,False,21,False,True,,,,,,,,,,,
9479,66353.0,66353.0,66355.70000457764,1,2.7000045776367188,2.7000045776367188,66381.0,False,1,0,False,fast,0,0,False,False,20,False,True,,,,,,,,,,,
9480,66360.0,66360.0,66372.5,0,12.5,12.5,66388.0,False,1,0,False,accurate,1,1,False,False,19,False,True,,,,,,,,,,,
9482,66374.0,66374.0,66377.09999847412,1,3.0999984741210938,3.0999984741210938,66402.0,False,1,0,False,fast,0,0,False,False,17,False,True,,,,,,,,,,,
9483,66381.0,66381.0,66384.0,0,3.0,3.0,66409.0,False,1,0,False,fast,0,0,False,False,16,False,True,,,,,,,,,,,
9484,66388.0,66388.0,66390.89999771118,1,2.8999977111816406,2.8999977111816406,66416.0,False,1,0,False,fast,0,0,False,False,15,False,True,,,,,,,,,,,
9485,66395.0,66395.0,66399.0,0,4.0,4.0,66423.0,False,1,0,False,fast,0,0,False,False,14,False,True,,,,,,,,,,,
9486,66402.0,66402.0,66404.79999923706,1,2.799999237060547,2.799999237060547,66430.0,False,1,0,False,fast,0,0,False,False,13,False,True,,,,,,,,,,,
9487,66409.0,66409.0,66411.89999771118,0,2.8999977111816406,2.8999977111816406,66437.0,False,1,0,False,fast,0,0,False,False,12,False,True,,,,,,,,,,,
9488,66416.0,66416.0,66418.80000305176,1,2.8000030517578125,2.8000030517578125,66444.0,False,1,0,False,fast,0,0,False,False,11,False,True,,,,,,,,,,,
9490,66430.0,66430.0,66432.69999694824,0,2.6999969482421875,2.6999969482421875,66458.0,False,1,0,False,fast,0,0,False,False,9,False,True,,,,,,,,,,,
9492,66444.0,66444.0,66467.0,1,23.0,23.0,66472.0,False,1,0,False,accurate,0,0,False,False,7,False,True,,,,,,,,,,,
9494,66458.0,66458.0,66482.80000305176,0,24.800003051757812,24.800003051757812,66486.0,False,2,1,False,accurate,1,0,True,False,5,False,True,,,,,,,,,,,
9495,66465.0,66467.0,66494.39999771118,1,27.39999771118164,29.39999771118164,66493.0,True,3,2,False,accurate,0,0,False,False,4,False,False,,,,,,,,,,,
9496,66472.0,66482.80000305176,66502.90000534058,0,20.10000228881836,30.900005340576172,66500.0,True,3,2,False,accurate,0,0,False,False,3,False,False,,,,,,,,,,,
9498,66486.0,66494.39999771118,66497.09999465942,1,2.6999969482421875,11.099994659423828,66514.0,False,3,2,False,fast,0,0,False,False,1,True,True,,,,,,,,,,,
9501,66507.0,66507.0,66509.70000076294,1,2.700000762939453,2.700000762939453,66535.0,False,1,0,False,fast,0,0,False,False,98,False,True,,,,,,,,,,,
9507,66549.0,66549.0,66551.79999923706,0,2.799999237060547,2.799999237060547,66577.0,False,1,0,False,fast,0,0,False,False,92,False,True,,,,,,,,,,,
9512,66584.0,66584.0,66586.69999694824,1,2.6999969482421875,2.6999969482421875,66612.0,False,1,0,False,fast,0,0,False,False,87,False,True,,,,,,,,,,,
9524,66668.0,66668.0,66670.90000152588,0,2.9000015258789062,2.9000015258789062,66696.0,False,1,0,False,fast,0,0,False,False,75,False,True,,,,,,,,,,,
9525,66675.0,66675.0,66678.39999771118,1,3.3999977111816406,3.3999977111816406,66703.0,False,1,0,False,fast,0,0,False,False,74,False,True,,,,,,,,,,,
9527,66689.0,66689.0,66691.90000152588,0,2.9000015258789062,2.9000015258789062,66717.0,False,1,0,False,fast,0,0,False,False,72,False,True,,,,,,,,,,,
9530,66710.0,66710.0,66712.69999694824,1,2.6999969482421875,2.6999969482421875,66738.0,False,1,0,False,fast,0,0,False,False,69,False,True,,,,,,,,,,,
9531,66717.0,66717.0,66733.30000305176,0,16.300003051757812,16.300003051757812,66745.0,False,1,0,False,accurate,1,1,False,False,68,False,True,,,,,,,,,,,
9534,66738.0,66738.0,66759.40000152588,1,21.400001525878906,21.400001525878906,66766.0,False,1,0,False,accurate,0,0,False,False,65,False,True,,,,,,,,,,,
9536,66752.0,66752.0,66781.70000076294,0,29.700000762939453,29.700000762939453,66780.0,True,2,1,False,accurate,0,0,False,False,63,False,False,,,,,,,,,,,
9537,66759.0,66759.40000152588,66790.10000228882,1,30.700000762939453,31.10000228881836,66787.0,True,3,2,False,accurate,1,1,False,False,62,False,False,,,,,,,,,,,
9539,66773.0,66781.70000076294,66808.10000228882,0,26.400001525878906,35.10000228881836,66801.0,True,3,2,False,accurate,1,1,False,False,60,False,False,,,,,,,,,,,
9541,66787.0,66790.10000228882,66792.80000305176,1,2.700000762939453,5.8000030517578125,66815.0,False,3,2,False,fast,0,0,False,False,58,False,True,,,,,,,,,,,
9544,66808.0,66808.0,66810.79999923706,1,2.799999237060547,2.799999237060547,66836.0,False,2,1,False,fast,0,0,False,False,55,False,True,,,,,,,,,,,
9546,66822.0,66822.0,66824.79999923706,0,2.799999237060547,2.799999237060547,66850.0,False,1,0,False,fast,0,0,False,False,53,False,True,,,,,,,,,,,
9547,66829.0,66829.0,66831.79999923706,1,2.799999237060547,2.799999237060547,66857.0,False,1,0,False,fast,0,0,False,False,52,False,True,,,,,,,,,,,
9557,66899.0,66899.0,66901.79999923706,0,2.799999237060547,2.799999237060547,66927.0,False,1,0,False,fast,0,0,False,False,42,False,True,,,,,,,,,,,
9559,66913.0,66913.0,66915.79999923706,1,2.799999237060547,2.799999237060547,66941.0,False,1,0,False,fast,0,0,False,False,40,False,True,,,,,,,,,,,
9563,66941.0,66941.0,66943.79999923706,0,2.799999237060547,2.799999237060547,66969.0,False,1,0,False,fast,0,0,False,False,36,False,True,,,,,,,,,,,
9564,66948.0,66948.0,66951.40000152588,1,3.4000015258789062,3.4000015258789062,66976.0,False,1,0,False,fast,0,0,False,False,35,False,True,,,,,,,,,,,
9566,66962.0,66962.0,66974.0,0,12.0,12.0,66990.0,False,1,0,False,accurate,1,1,False,False,33,False,True,,,,,,,,,,,
9567,66969.0,66969.0,66971.90000152588,1,2.9000015258789062,2.9000015258789062,66997.0,False,2,1,False,fast,0,0,False,False,32,False,True,,,,,,,,,,,
9569,66983.0,66983.0,66999.19999694824,1,16.199996948242188,16.199996948242188,67011.0,False,1,0,False,accurate,1,1,False,False,30,False,True,,,,,,,,,,,
9572,67004.0,67004.0,67006.79999923706,0,2.799999237060547,2.799999237060547,67032.0,False,1,0,False,fast,0,0,False,False,27,False,True,,,,,,,,,,,
9573,67011.0,67011.0,67031.09999847412,1,20.099998474121094,20.099998474121094,67039.0,False,1,0,False,accurate,0,0,False,False,26,False,True,,,,,,,,,,,
9574,67018.0,67018.0,67039.29999923706,0,21.299999237060547,21.299999237060547,67046.0,False,2,1,False,accurate,0,0,False,False,25,False,True,,,,,,,,,,,
9578,67046.0,67046.0,67048.79999923706,1,2.799999237060547,2.799999237060547,67074.0,False,1,0,False,fast,0,0,False,False,21,False,True,,,,,,,,,,,
9579,67053.0,67053.0,67066.59999847412,0,13.599998474121094,13.599998474121094,67081.0,False,1,0,False,accurate,1,1,False,False,20,False,True,,,,,,,,,,,
9581,67067.0,67067.0,67084.60000228882,1,17.60000228881836,17.60000228881836,67095.0,False,1,0,False,accurate,1,1,False,False,18,False,True,,,,,,,,,,,
9582,67074.0,67074.0,67076.79999923706,0,2.799999237060547,2.799999237060547,67102.0,False,2,1,False,fast,0,0,False,False,17,False,True,,,,,,,,,,,
9583,67081.0,67081.0,67083.79999923706,0,2.799999237060547,2.799999237060547,67109.0,False,2,1,False,fast,0,0,False,False,16,False,True,,,,,,,,,,,
9591,67137.0,67137.0,67157.29999923706,0,20.299999237060547,20.299999237060547,67165.0,False,1,0,False,accurate,0,0,False,False,8,False,True,,,,,,,,,,,
9592,67144.0,67144.0,67146.79999923706,1,2.799999237060547,2.799999237060547,67172.0,False,2,1,False,fast,0,0,False,False,7,False,True,,,,,,,,,,,
9594,67158.0,67158.0,67160.79999923706,1,2.799999237060547,2.799999237060547,67186.0,False,1,0,False,fast,0,0,False,False,5,False,True,,,,,,,,,,,
9598,67186.0,67186.0,67207.39999771118,0,21.39999771118164,21.39999771118164,67214.0,False,1,0,False,accurate,1,1,False,False,1,True,True,,,,,,,,,,,
9600,67200.0,67200.0,67222.440001297,1,22.44000129699707,22.44000129699998,67228.0,False,2,1,False,accurate,1,1,False,False,99,False,True,,,,,,,,,,,
9601,67207.0,67207.39999771118,67240.48249616106,0,33.08249844988188,33.4824961610575,67235.0,True,3,2,False,accurate,0,0,False,False,98,False,False,,,,,,,,,,,
9606,67242.0,67242.0,67261.06250581742,1,19.062505817413328,19.06250581741915,67270.0,False,1,0,False,accurate,1,1,False,False,93,False,True,,,,,,,,,,,
9608,67256.0,67256.0,67282.98666356564,0,26.98666356563565,26.986663565636263,67284.0,False,2,1,False,accurate,1,1,False,False,91,False,True,,,,,,,,,,,
9609,67263.0,67263.0,67266.60000514984,1,3.6000051498413086,3.6000051498413086,67291.0,False,2,1,False,fast,0,0,False,False,90,False,True,,,,,,,,,,,
9611,67277.0,67277.0,67299.75625022947,1,22.75625022947788,22.756250229474972,67305.0,False,2,1,False,accurate,0,0,False,False,88,False,True,,,,,,,,,,,
9612,67284.0,67284.0,67305.60000514984,0,21.60000514984131,21.60000514984131,67312.0,False,2,1,False,accurate,0,0,False,False,87,False,True,,,,,,,,,,,
9613,67291.0,67299.75625022947,67304.01375190298,1,4.257501673499746,13.013751902981312,67319.0,False,3,2,False,fast,0,0,False,False,86,False,True,,,,,,,,,,,
9622,67354.0,67354.0,67372.73249680099,1,18.73249680099387,18.73249680099252,67382.0,False,1,0,False,accurate,1,1,False,False,77,False,True,,,,,,,,,,,
9626,67382.0,67382.0,67384.69999694824,0,2.6999969482421875,2.6999969482421875,67410.0,False,1,0,False,fast,0,0,False,False,73,False,True,,,,,,,,,,,
9629,67403.0,67403.0,67405.79999923706,1,2.799999237060547,2.799999237060547,67431.0,False,1,0,False,fast,0,0,False,False,70,False,True,,,,,,,,,,,
9631,67417.0,67417.0,67419.69999694824,0,2.6999969482421875,2.6999969482421875,67445.0,False,1,0,False,fast,0,0,False,False,68,False,True,,,,,,,,,,,
9632,67424.0,67424.0,67445.90000152588,1,21.900001525878906,21.900001525878906,67452.0,False,1,0,False,accurate,0,0,False,False,67,False,True,,,,,,,,,,,
9635,67445.0,67445.0,67447.70000076294,0,2.700000762939453,2.700000762939453,67473.0,False,2,1,False,fast,0,0,False,False,64,False,True,,,,,,,,,,,
9636,67452.0,67452.0,67454.79999923706,1,2.799999237060547,2.799999237060547,67480.0,False,1,0,False,fast,0,0,False,False,63,False,True,,,,,,,,,,,
9638,67466.0,67466.0,67480.70000076294,0,14.700000762939453,14.700000762939453,67494.0,False,1,0,False,accurate,1,1,False,False,61,False,True,,,,,,,,,,,
9640,67480.0,67480.0,67482.79999923706,1,2.799999237060547,2.799999237060547,67508.0,False,2,1,False,fast,0,0,False,False,59,False,True,,,,,,,,,,,
9646,67522.0,67522.0,67537.5000038147,0,15.500003814697266,15.500003814697266,67550.0,False,1,0,False,accurate,1,1,False,False,53,False,True,,,,,,,,,,,
9647,67529.0,67529.0,67540.60000228882,1,11.60000228881836,11.60000228881836,67557.0,False,2,1,False,accurate,1,1,False,False,52,False,True,,,,,,,,,,,
9648,67536.0,67537.5000038147,67540.30000686646,0,2.8000030517578125,4.300006866455078,67564.0,False,3,2,False,fast,0,0,False,False,51,False,True,,,,,,,,,,,
9649,67543.0,67543.0,67562.89999771118,0,19.89999771118164,19.89999771118164,67571.0,False,1,0,False,accurate,0,0,False,False,50,False,True,,,,,,,,,,,
9652,67564.0,67564.0,67588.70000076294,1,24.700000762939453,24.700000762939453,67592.0,False,1,0,False,accurate,0,0,False,False,47,False,True,,,,,,,,,,,
9654,67578.0,67578.0,67597.4999961853,0,19.499996185302734,19.499996185302734,67606.0,False,2,1,False,accurate,0,0,False,False,45,False,True,,,,,,,,,,,
9655,67585.0,67588.70000076294,67592.5,1,3.799999237060547,7.5,67613.0,False,3,2,False,fast,0,0,False,False,44,False,True,,,,,,,,,,,
9657,67599.0,67599.0,67621.40000152588,1,22.400001525878906,22.400001525878906,67627.0,False,1,0,False,accurate,0,0,False,False,42,False,True,,,,,,,,,,,
9658,67606.0,67606.0,67628.70000076294,0,22.700000762939453,22.700000762939453,67634.0,False,2,1,False,accurate,0,0,False,False,41,False,True,,,,,,,,,,,
9659,67613.0,67621.40000152588,67650.5000038147,1,29.10000228881836,37.500003814697266,67641.0,True,3,2,False,accurate,1,1,False,False,40,False,False,,,,,,,,,,,
9666,67662.0,67662.0,67664.79999923706,0,2.799999237060547,2.799999237060547,67690.0,False,1,0,False,fast,0,0,False,False,33,False,True,,,,,,,,,,,
9669,67683.0,67683.0,67685.70000076294,1,2.700000762939453,2.700000762939453,67711.0,False,1,0,False,fast,0,0,False,False,30,False,True,,,,,,,,,,,
9672,67704.0,67704.0,67706.9999961853,0,2.9999961853027344,2.9999961853027344,67732.0,False,1,0,False,fast,0,0,False,False,27,False,True,,,,,,,,,,,
9676,67732.0,67732.0,67735.90000152588,1,3.9000015258789062,3.9000015258789062,67760.0,False,1,0,False,fast,0,0,False,False,23,False,True,,,,,,,,,,,
9677,67739.0,67739.0,67753.59999847412,0,14.599998474121094,14.599998474121094,67767.0,False,1,0,False,accurate,1,1,False,False,22,False,True,,,,,,,,,,,
9679,67753.0,67753.0,67755.79999923706,1,2.799999237060547,2.799999237060547,67781.0,False,2,1,False,fast,0,0,False,False,20,False,True,,,,,,,,,,,
9680,67760.0,67760.0,67762.59999465942,0,2.599994659423828,2.599994659423828,67788.0,False,1,0,False,fast,0,0,False,False,19,False,True,,,,,,,,,,,
9681,67767.0,67767.0,67769.69999694824,1,2.6999969482421875,2.6999969482421875,67795.0,False,1,0,False,fast,0,0,False,False,18,False,True,,,,,,,,,,,
9686,67802.0,67802.0,67804.89999771118,0,2.8999977111816406,2.8999977111816406,67830.0,False,1,0,False,fast,0,0,False,False,13,False,True,,,,,,,,,,,
9688,67816.0,67816.0,67830.79999923706,1,14.799999237060547,14.799999237060547,67844.0,False,1,0,False,accurate,1,1,False,False,11,False,True,,,,,,,,,,,
9693,67851.0,67851.0,67853.70000457764,0,2.7000045776367188,2.7000045776367188,67879.0,False,1,0,False,fast,0,0,False,False,6,False,True,,,,,,,,,,,
9698,67886.0,67886.0,67906.90000152588,1,20.900001525878906,20.900001525878906,67914.0,False,1,0,False,accurate,0,0,False,False,1,True,True,,,,,,,,,,,
9700,67900.0,67900.0,67902.70000076294,0,2.700000762939453,2.700000762939453,67928.0,False,2,1,False,fast,0,0,False,False,99,False,True,,,,,,,,,,,
9702,67914.0,67914.0,67927.59999847412,0,13.599998474121094,13.599998474121094,67942.0,False,1,0,False,accurate,1,1,False,False,97,False,True,,,,,,,,,,,
9704,67928.0,67928.0,67930.79999923706,1,2.799999237060547,2.799999237060547,67956.0,False,1,0,False,fast,0,0,False,False,95,False,True,,,,,,,,,,,
9705,67935.0,67935.0,67958.69999694824,0,23.699996948242188,23.699996948242188,67963.0,False,1,0,False,accurate,1,1,False,False,94,False,True,,,,,,,,,,,
9708,67956.0,67956.0,67994.0,1,38.0,38.0,67984.0,True,2,1,False,accurate,0,0,False,False,91,False,False,,,,,,,,,,,
9709,67963.0,67963.0,67965.70000076294,0,2.700000762939453,2.700000762939453,67991.0,False,2,1,False,fast,0,0,False,False,90,False,True,,,,,,,,,,,
9710,67970.0,67970.0,67989.30000305176,0,19.300003051757812,19.300003051757812,67998.0,False,2,1,False,accurate,1,1,False,False,89,False,True,,,,,,,,,,,
9711,67977.0,67989.30000305176,67992.90000152588,0,3.5999984741210938,15.900001525878906,68005.0,False,3,2,False,fast,0,0,False,False,88,False,True,,,,,,,,,,,
9712,67984.0,67992.90000152588,67995.80000305176,0,2.9000015258789062,11.800003051757812,68012.0,False,4,3,False,fast,0,0,False,False,87,False,True,,,,,,,,,,,
9714,67998.0,67998.0,68000.69999694824,1,2.6999969482421875,2.6999969482421875,68026.0,False,1,0,False,fast,0,0,False,False,85,False,True,,,,,,,,,,,
9715,68005.0,68005.0,68019.9999961853,0,14.999996185302734,14.999996185302734,68033.0,False,1,0,False,accurate,1,1,False,False,84,False,True,,,,,,,,,,,
9716,68012.0,68012.0,68026.29999923706,1,14.299999237060547,14.299999237060547,68040.0,False,2,1,False,accurate,1,1,False,False,83,False,True,,,,,,,,,,,
9719,68033.0,68033.0,68035.70000076294,0,2.700000762939453,2.700000762939453,68061.0,False,1,0,False,fast,0,0,False,False,80,False,True,,,,,,,,,,,
9723,68061.0,68061.0,68063.89999771118,1,2.8999977111816406,2.8999977111816406,68089.0,False,1,0,False,fast,0,0,False,False,76,False,True,,,,,,,,,,,
9724,68068.0,68068.0,68070.89999771118,0,2.8999977111816406,2.8999977111816406,68096.0,False,1,0,False,fast,0,0,False,False,75,False,True,,,,,,,,,,,
9727,68089.0,68089.0,68091.70000076294,1,2.700000762939453,2.700000762939453,68117.0,False,1,0,False,fast,0,0,False,False,72,False,True,,,,,,,,,,,
9732,68124.0,68124.0,68126.69999694824,0,2.6999969482421875,2.6999969482421875,68152.0,False,1,0,False,fast,0,0,False,False,67,False,True,,,,,,,,,,,
9736,68152.0,68152.0,68164.9999961853,1,12.999996185302734,12.999996185302734,68180.0,False,1,0,False,accurate,1,1,False,False,63,False,True,,,,,,,,,,,
9740,68180.0,68180.0,68202.10000228882,0,22.10000228881836,22.10000228881836,68208.0,False,1,0,False,accurate,1,1,False,False,59,False,True,,,,,,,,,,,
9745,68215.0,68215.0,68217.79999923706,1,2.799999237060547,2.799999237060547,68243.0,False,1,0,False,fast,0,0,False,False,54,False,True,,,,,,,,,,,
9746,68222.0,68222.0,68224.79999923706,0,2.799999237060547,2.799999237060547,68250.0,False,1,0,False,fast,0,0,False,False,53,False,True,,,,,,,,,,,
9747,68229.0,68229.0,68231.70000076294,1,2.700000762939453,2.700000762939453,68257.0,False,1,0,False,fast,0,0,False,False,52,False,True,,,,,,,,,,,
9748,68236.0,68236.0,68255.59999847412,0,19.599998474121094,19.599998474121094,68264.0,False,1,0,False,accurate,0,0,False,False,51,False,True,,,,,,,,,,,
9751,68257.0,68257.0,68279.5,1,22.5,22.5,68285.0,False,1,0,False,accurate,0,0,False,False,48,False,True,,,,,,,,,,,
9752,68264.0,68264.0,68283.5,0,19.5,19.5,68292.0,False,2,1,False,accurate,1,1,False,False,47,False,True,,,,,,,,,,,
9754,68278.0,68279.5,68282.20000076294,1,2.700000762939453,4.200000762939453,68306.0,False,3,2,False,fast,0,0,False,False,45,False,True,,,,,,,,,,,
9756,68292.0,68292.0,68294.89999771118,1,2.8999977111816406,2.8999977111816406,68320.0,False,1,0,False,fast,0,0,False,False,43,False,True,,,,,,,,,,,
9758,68306.0,68306.0,68325.89999771118,0,19.89999771118164,19.89999771118164,68334.0,False,1,0,False,accurate,1,1,False,False,41,False,True,,,,,,,,,,,
9763,68341.0,68341.0,68344.28999910355,1,3.2899991035461427,3.2899991035519633,68369.0,False,1,0,False,fast,0,0,False,False,36,False,True,,,,,,,,,,,
9766,68362.0,68362.0,68382.89250116349,0,20.892501163482663,20.892501163485576,68390.0,False,1,0,False,accurate,1,1,False,False,33,False,True,,,,,,,,,,,
9768,68376.0,68376.0,68403.86666693092,1,27.866666930913926,27.866666930916836,68404.0,False,2,1,False,accurate,0,0,False,False,31,False,True,,,,,,,,,,,
9770,68390.0,68390.0,68411.26583097439,0,21.265830974380197,21.265830974385608,68418.0,False,2,1,False,accurate,0,0,False,False,29,False,True,,,,,,,,,,,
9772,68404.0,68404.0,68406.96999664306,1,2.9699966430664064,2.969996643063496,68432.0,False,2,1,False,fast,0,0,False,False,27,False,True,,,,,,,,,,,
9773,68411.0,68411.0,68413.94749667386,1,2.9474966738621333,2.9474966738634976,68439.0,False,2,1,False,fast,0,0,False,False,26,False,True,,,,,,,,,,,
9774,68418.0,68418.0,68420.92500082115,0,2.9250008211533216,2.925000821152935,68446.0,False,1,0,False,fast,0,0,False,False,25,False,True,,,,,,,,,,,
9775,68425.0,68425.0,68428.00999917983,1,3.009999179840088,3.009999179834267,68453.0,False,1,0,False,fast,0,0,False,False,24,False,True,,,,,,,,,,,
9777,68439.0,68439.0,68468.62250258506,0,29.622502585053425,29.6225025850581,68467.0,True,1,0,False,accurate,1,1,False,False,22,False,False,,,,,,,,,,,
9780,68460.0,68460.0,68462.79000079105,1,2.7900007910529783,2.790000791050261,68488.0,False,2,1,False,fast,0,0,False,False,19,False,True,,,,,,,,,,,
9786,68502.0,68502.0,68504.79999923706,1,2.799999237060547,2.799999237060547,68530.0,False,1,0,False,fast,0,0,False,False,13,False,True,,,,,,,,,,,
9789,68523.0,68523.0,68525.70000076294,0,2.700000762939453,2.700000762939453,68551.0,False,1,0,False,fast,0,0,False,False,10,False,True,,,,,,,,,,,
9798,68586.0,68586.0,68588.79999923706,1,2.799999237060547,2.799999237060547,68614.0,False,1,0,False,fast,0,0,False,False,1,True,True,,,,,,,,,,,
9800,68600.0,68600.0,68602.80000305176,0,2.8000030517578125,2.8000030517578125,68628.0,False,1,0,False,fast,0,0,False,False,99,False,True,,,,,,,,,,,
9803,68621.0,68621.0,68623.80000305176,1,2.8000030517578125,2.8000030517578125,68649.0,False,1,0,False,fast,0,0,False,False,96,False,True,,,,,,,,,,,
9805,68635.0,68635.0,68637.70000457764,0,2.7000045776367188,2.7000045776367188,68663.0,False,1,0,False,fast,0,0,False,False,94,False,True,,,,,,,,,,,
9806,68642.0,68642.0,68657.29999923706,1,15.299999237060547,15.299999237060547,68670.0,False,1,0,False,accurate,1,1,False,False,93,False,True,,,,,,,,,,,
9813,68691.0,68691.0,68693.79999923706,0,2.799999237060547,2.799999237060547,68719.0,False,1,0,False,fast,0,0,False,False,86,False,True,,,,,,,,,,,
9817,68719.0,68719.0,68722.29999923706,1,3.299999237060547,3.299999237060547,68747.0,False,1,0,False,fast,0,0,False,False,82,False,True,,,,,,,,,,,
9818,68726.0,68726.0,68752.5,0,26.5,26.5,68754.0,False,1,0,False,accurate,1,1,False,False,81,False,True,,,,,,,,,,,
9821,68747.0,68747.0,68761.09999847412,1,14.099998474121094,14.099998474121094,68775.0,False,2,1,False,accurate,1,1,False,False,78,False,True,,,,,,,,,,,
9822,68754.0,68754.0,68756.69999694824,0,2.6999969482421875,2.6999969482421875,68782.0,False,2,1,False,fast,0,0,False,False,77,False,True,,,,,,,,,,,
9823,68761.0,68761.0,68775.90000152588,0,14.900001525878906,14.900001525878906,68789.0,False,2,1,False,accurate,1,1,False,False,76,False,True,,,,,,,,,,,
9825,68775.0,68775.0,68779.29999923706,1,4.299999237060547,4.299999237060547,68803.0,False,2,1,False,fast,0,0,False,False,74,False,True,,,,,,,,,,,
9828,68796.0,68796.0,68798.79999923706,0,2.799999237060547,2.799999237060547,68824.0,False,1,0,False,fast,0,0,False,False,71,False,True,,,,,,,,,,,
9831,68817.0,68817.0,68829.90000152588,1,12.900001525878906,12.900001525878906,68845.0,False,1,0,False,accurate,1,1,False,False,68,False,True,,,,,,,,,,,
9832,68824.0,68824.0,68826.80000305176,0,2.8000030517578125,2.8000030517578125,68852.0,False,2,1,False,fast,0,0,False,False,67,False,True,,,,,,,,,,,
9835,68845.0,68845.0,68857.60000228882,0,12.60000228881836,12.60000228881836,68873.0,False,1,0,False,accurate,1,1,False,False,64,False,True,,,,,,,,,,,
9836,68852.0,68852.0,68854.80000305176,1,2.8000030517578125,2.8000030517578125,68880.0,False,2,1,False,fast,0,0,False,False,63,False,True,,,,,,,,,,,
9837,68859.0,68859.0,68861.70000076294,1,2.700000762939453,2.700000762939453,68887.0,False,1,0,False,fast,0,0,False,False,62,False,True,,,,,,,,,,,
9838,68866.0,68866.0,68868.79999923706,0,2.799999237060547,2.799999237060547,68894.0,False,1,0,False,fast,0,0,False,False,61,False,True,,,,,,,,,,,
9841,68887.0,68887.0,68900.5,1,13.5,13.5,68915.0,False,1,0,False,accurate,1,1,False,False,58,False,True,,,,,,,,,,,
9843,68901.0,68901.0,68903.69999694824,0,2.6999969482421875,2.6999969482421875,68929.0,False,1,0,False,fast,0,0,False,False,56,False,True,,,,,,,,,,,
9849,68943.0,68943.0,68945.69999694824,1,2.6999969482421875,2.6999969482421875,68971.0,False,1,0,False,fast,0,0,False,False,50,False,True,,,,,,,,,,,
9850,68950.0,68950.0,68962.5000038147,0,12.500003814697266,12.500003814697266,68978.0,False,1,0,False,accurate,1,1,False,False,49,False,True,,,,,,,,,,,
9853,68971.0,68971.0,68973.79999923706,1,2.799999237060547,2.799999237060547,68999.0,False,1,0,False,fast,0,0,False,False,46,False,True,,,,,,,,,,,
9855,68985.0,68985.0,69000.20000076294,0,15.200000762939453,15.200000762939453,69013.0,False,1,0,False,accurate,1,1,False,False,44,False,True,,,,,,,,,,,
9856,68992.0,68992.0,69004.5,1,12.5,12.5,69020.0,False,2,1,False,accurate,1,1,False,False,43,False,True,,,,,,,,,,,
9857,68999.0,69000.20000076294,69002.79999923706,0,2.5999984741210938,3.799999237060547,69027.0,False,3,2,False,fast,0,0,False,False,42,False,True,,,,,,,,,,,
9861,69027.0,69027.0,69029.69999694824,0,2.6999969482421875,2.6999969482421875,69055.0,False,1,0,False,fast,0,0,False,False,38,False,True,,,,,,,,,,,
9865,69055.0,69055.0,69057.90000152588,1,2.9000015258789062,2.9000015258789062,69083.0,False,1,0,False,fast,0,0,False,False,34,False,True,,,,,,,,,,,
9868,69076.0,69076.0,69079.90000152588,0,3.9000015258789062,3.9000015258789062,69104.0,False,1,0,False,fast,0,0,False,False,31,False,True,,,,,,,,,,,
9870,69090.0,69090.0,69113.20000076294,1,23.200000762939453,23.200000762939453,69118.0,False,1,0,False,accurate,0,0,False,False,29,False,True,,,,,,,,,,,
9871,69097.0,69097.0,69099.70000457764,0,2.7000045776367188,2.7000045776367188,69125.0,False,2,1,False,fast,0,0,False,False,28,False,True,,,,,,,,,,,
9874,69118.0,69118.0,69120.69999694824,0,2.6999969482421875,2.6999969482421875,69146.0,False,1,0,False,fast,0,0,False,False,25,False,True,,,,,,,,,,,
9875,69125.0,69125.0,69127.70000076294,1,2.700000762939453,2.700000762939453,69153.0,False,1,0,False,fast,0,0,False,False,24,False,True,,,,,,,,,,,
9877,69139.0,69139.0,69141.79999923706,0,2.799999237060547,2.799999237060547,69167.0,False,1,0,False,fast,0,0,False,False,22,False,True,,,,,,,,,,,
9887,69209.0,69209.0,69211.69999694824,1,2.6999969482421875,2.6999969482421875,69237.0,False,1,0,False,fast,0,0,False,False,12,False,True,,,,,,,,,,,
9889,69223.0,69223.0,69225.79999923706,0,2.799999237060547,2.799999237060547,69251.0,False,1,0,False,fast,0,0,False,False,10,False,True,,,,,,,,,,,
9890,69230.0,69230.0,69232.60000228882,1,2.6000022888183594,2.6000022888183594,69258.0,False,1,0,False,fast,0,0,False,False,9,False,True,,,,,,,,,,,
9892,69244.0,69244.0,69246.80000305176,0,2.8000030517578125,2.8000030517578125,69272.0,False,1,0,False,fast,0,0,False,False,7,False,True,,,,,,,,,,,
9897,69279.0,69279.0,69281.70000076294,1,2.700000762939453,2.700000762939453,69307.0,False,1,0,False,fast,0,0,False,False,2,True,True,,,,,,,,,,,
9898,69286.0,69286.0,69288.70000076294,0,2.700000762939453,2.700000762939453,69314.0,False,1,0,False,fast,0,0,False,False,1,True,True,,,,,,,,,,,
9899,69293.0,69293.0,69295.80000305176,1,2.8000030517578125,2.8000030517578125,69321.0,False,1,0,False,fast,0,0,False,True,0,True,True,,,,,,,,,,,
9900,69300.0,69300.0,69302.79999923706,0,2.799999237060547,2.799999237060547,69328.0,False,1,0,False,fast,0,0,False,False,99,False,True,,,,,,,,,,,
9901,69307.0,69307.0,69309.90000152588,1,2.9000015258789062,2.9000015258789062,69335.0,False,1,0,False,fast,0,0,False,False,98,False,True,,,,,,,,,,,
9902,69314.0,69314.0,69316.79999923706,0,2.799999237060547,2.799999237060547,69342.0,False,1,0,False,fast,0,0,False,False,97,False,True,,,,,,,,,,,
9903,69321.0,69321.0,69323.79999923706,1,2.799999237060547,2.799999237060547,69349.0,False,1,0,False,fast,0,0,False,False,96,False,True,,,,,,,,,,,
9905,69335.0,69335.0,69337.70000076294,0,2.700000762939453,2.700000762939453,69363.0,False,1,0,False,fast,0,0,False,False,94,False,True,,,,,,,,,,,
9906,69342.0,69342.0,69344.79999923706,1,2.799999237060547,2.799999237060547,69370.0,False,1,0,False,fast,0,0,False,False,93,False,True,,,,,,,,,,,
9913,69391.0,69391.0,69393.70000076294,0,2.700000762939453,2.700000762939453,69419.0,False,1,0,False,fast,0,0,False,False,86,False,True,,,,,,,,,,,
9915,69405.0,69405.0,69407.79999923706,1,2.799999237060547,2.799999237060547,69433.0,False,1,0,False,fast,0,0,False,False,84,False,True,,,,,,,,,,,
9922,69454.0,69454.0,69474.0283347555,0,20.02833475550017,20.028334755494143,69482.0,False,1,0,False,accurate,0,0,False,False,77,False,True,,,,,,,,,,,
9923,69461.0,69461.0,69464.17250089646,1,3.1725008964538577,3.172500896456768,69489.0,False,2,1,False,fast,0,0,False,False,76,False,True,,,,,,,,,,,
9926,69482.0,69482.0,69504.56999883652,1,22.569998836517332,22.569998836523155,69510.0,False,1,0,False,accurate,1,1,False,False,73,False,True,,,,,,,,,,,
9929,69503.0,69503.0,69524.5625,0,21.5625,21.5625,69531.0,False,2,1,False,accurate,0,0,False,False,70,False,True,,,,,,,,,,,
9932,69524.0,69524.0,69550.4600030899,1,26.460003089904788,26.460003089901875,69552.0,False,2,1,False,accurate,0,0,False,False,67,False,True,,,,,,,,,,,
9936,69552.0,69552.0,69554.88000081916,0,2.880000819166503,2.8800008191610686,69580.0,False,1,0,False,fast,0,0,False,False,63,False,True,,,,,,,,,,,
9940,69580.0,69580.0,69582.89333254774,1,2.8933325477441145,2.893332547741011,69608.0,False,1,0,False,fast,0,0,False,False,59,False,True,,,,,,,,,,,
9941,69587.0,69587.0,69610.05500497817,0,23.05500497817993,23.05500497817411,69615.0,False,1,0,False,accurate,0,0,False,False,58,False,True,,,,,,,,,,,
9942,69594.0,69594.0,69596.74499689872,1,2.74499689872066,2.7449968987202737,69622.0,False,2,1,False,fast,0,0,False,False,57,False,True,,,,,,,,,,,
9943,69601.0,69601.0,69616.7462492281,1,15.74624922810743,15.746249228104716,69629.0,False,2,1,False,accurate,1,1,False,False,56,False,True,,,,,,,,,,,
9944,69608.0,69610.05500497817,69612.85500802993,0,2.8000030517578125,4.855008029931923,69636.0,False,3,2,False,fast,0,0,False,False,55,False,True,,,,,,,,,,,
9945,69615.0,69615.0,69632.0,0,17.0,17.0,69643.0,False,2,1,False,accurate,1,1,False,False,54,False,True,,,,,,,,,,,
9947,69629.0,69629.0,69642.0,1,13.0,13.0,69657.0,False,2,1,False,accurate,1,1,False,False,52,False,True,,,,,,,,,,,
9950,69650.0,69650.0,69652.79999923706,0,2.799999237060547,2.799999237060547,69678.0,False,1,0,False,fast,0,0,False,False,49,False,True,,,,,,,,,,,
9951,69657.0,69657.0,69659.79999923706,1,2.799999237060547,2.799999237060547,69685.0,False,1,0,False,fast,0,0,False,False,48,False,True,,,,,,,,,,,
9954,69678.0,69678.0,69701.40000152588,0,23.400001525878906,23.400001525878906,69706.0,False,1,0,False,accurate,0,0,False,False,45,False,True,,,,,,,,,,,
9955,69685.0,69685.0,69709.90000152588,1,24.900001525878906,24.900001525878906,69713.0,False,2,1,False,accurate,0,0,False,False,44,False,True,,,,,,,,,,,
9957,69699.0,69701.40000152588,69704.09999847412,0,2.6999969482421875,5.099998474121094,69727.0,False,3,2,False,fast,0,0,False,False,42,False,True,,,,,,,,,,,
9958,69706.0,69706.0,69708.79999923706,0,2.799999237060547,2.799999237060547,69734.0,False,2,1,False,fast,0,0,False,False,41,False,True,,,,,,,,,,,
9960,69720.0,69720.0,69722.90000152588,0,2.9000015258789062,2.9000015258789062,69748.0,False,1,0,False,fast,0,0,False,False,39,False,True,,,,,,,,,,,
9962,69734.0,69734.0,69736.69999694824,1,2.6999969482421875,2.6999969482421875,69762.0,False,1,0,False,fast,0,0,False,False,37,False,True,,,,,,,,,,,
9969,69783.0,69783.0,69785.79999923706,0,2.799999237060547,2.799999237060547,69811.0,False,1,0,False,fast,0,0,False,False,30,False,True,,,,,,,,,,,
9972,69804.0,69804.0,69806.60000228882,1,2.6000022888183594,2.6000022888183594,69832.0,False,1,0,False,fast,0,0,False,False,27,False,True,,,,,,,,,,,
9974,69818.0,69818.0,69833.80000305176,0,15.800003051757812,15.800003051757812,69846.0,False,1,0,False,accurate,1,1,False,False,25,False,True,,,,,,,,,,,
9975,69825.0,69825.0,69840.20000457764,1,15.200004577636719,15.200004577636719,69853.0,False,2,1,False,accurate,1,1,False,False,24,False,True,,,,,,,,,,,
9977,69839.0,69839.0,69851.5,0,12.5,12.5,69867.0,False,2,1,False,accurate,1,1,False,False,22,False,True,,,,,,,,,,,
9979,69853.0,69853.0,69873.0,1,20.0,20.0,69881.0,False,1,0,False,accurate,0,0,False,False,20,False,True,,,,,,,,,,,
9982,69874.0,69874.0,69876.80000305176,0,2.8000030517578125,2.8000030517578125,69902.0,False,1,0,False,fast,0,0,False,False,17,False,True,,,,,,,,,,,
9985,69895.0,69895.0,69897.79999923706,1,2.799999237060547,2.799999237060547,69923.0,False,1,0,False,fast,0,0,False,False,14,False,True,,,,,,,,,,,
9986,69902.0,69902.0,69904.79999923706,0,2.799999237060547,2.799999237060547,69930.0,False,1,0,False,fast,0,0,False,False,13,False,True,,,,,,,,,,,
9988,69916.0,69916.0,69919.20000076294,1,3.200000762939453,3.200000762939453,69944.0,False,1,0,False,fast,0,0,False,False,11,False,True,,,,,,,,,,,
9990,69930.0,69930.0,69932.80000305176,0,2.8000030517578125,2.8000030517578125,69958.0,False,1,0,False,fast,0,0,False,False,9,False,True,,,,,,,,,,,
9991,69937.0,69937.0,69949.79999923706,1,12.799999237060547,12.799999237060547,69965.0,False,1,0,False,accurate,1,1,False,False,8,False,True,,,,,,,,,,,
9992,69944.0,69944.0,69946.90000152588,0,2.9000015258789062,2.9000015258789062,69972.0,False,2,1,False,fast,0,0,False,False,7,False,True,,,,,,,,,,,
9997,69979.0,69979.0,69981.79999923706,0,2.799999237060547,2.799999237060547,70007.0,False,1,0,False,fast,0,0,False,False,2,True,True,,,,,,,,,,,
